ISO-10303-21;
HEADER;
FILE_DESCRIPTION (( 'STEP AP203' ),
    '1' );
FILE_NAME ('part_waike_5.STEP',
    '2026-06-30T15:10:50',
    ( '' ),
    ( '' ),
    'SwSTEP 2.0',
    'SolidWorks 2025',
    '' );
FILE_SCHEMA (( 'CONFIG_CONTROL_DESIGN' ));
ENDSEC;

DATA;
#1 = DIRECTION ( 'NONE',  ( 0.000000000000000000, 0.7071067811865437980, 0.7071067811865513475 ) ) ;
#2 = LINE ( 'NONE', #1574, #3174 ) ;
#3 = EDGE_CURVE ( 'NONE', #2623, #2966, #1067, .T. ) ;
#4 = CARTESIAN_POINT ( 'NONE',  ( 113.0000000000000568, 189.0735931288074596, -70.00000000000079581 ) ) ;
#5 = COORDINATED_UNIVERSAL_TIME_OFFSET ( 8, 0, .AHEAD. ) ;
#6 = LINE ( 'NONE', #2797, #277 ) ;
#7 = CARTESIAN_POINT ( 'NONE',  ( 116.0000000000000426, -164.5000000000000284, -4.000000000000034639 ) ) ;
#8 = FACE_OUTER_BOUND ( 'NONE', #730, .T. ) ;
#9 = DIRECTION ( 'NONE',  ( -0.000000000000000000, -0.000000000000000000, 1.000000000000000000 ) ) ;
#10 = DIRECTION ( 'NONE',  ( 1.000000000000000000, 0.000000000000000000, 0.000000000000000000 ) ) ;
#11 = DIRECTION ( 'NONE',  ( -1.000000000000000000, -0.000000000000000000, 3.469446951953614189E-15 ) ) ;
#12 = VECTOR ( 'NONE', #3130, 1000.000000000000000 ) ;
#13 = ORIENTED_EDGE ( 'NONE', *, *, #47, .F. ) ;
#14 = VERTEX_POINT ( 'NONE', #1168 ) ;
#15 = VERTEX_POINT ( 'NONE', #1429 ) ;
#16 = ORIENTED_EDGE ( 'NONE', *, *, #114, .F. ) ;
#17 = CIRCLE ( 'NONE', #3766, 1.249999999999987121 ) ;
#18 = FACE_BOUND ( 'NONE', #3191, .T. ) ;
#19 = ADVANCED_BREP_SHAPE_REPRESENTATION ( 'part_waike_5', ( #3598, #2476 ), #3725 ) ;
#20 = CIRCLE ( 'NONE', #2395, 1.250000000000005329 ) ;
#21 = CIRCLE ( 'NONE', #2067, 1.249999999999987121 ) ;
#22 = VERTEX_POINT ( 'NONE', #501 ) ;
#23 = EDGE_CURVE ( 'NONE', #269, #3051, #1758, .T. ) ;
#24 = CARTESIAN_POINT ( 'NONE',  ( -112.5235987755983587, 164.0406867626147402, -2.723719145190927855E-14 ) ) ;
#25 = CIRCLE ( 'NONE', #2005, 1.599999999999997424 ) ;
#26 = CIRCLE ( 'NONE', #957, 1.249999999999862332 ) ;
#27 = CARTESIAN_POINT ( 'NONE',  ( 115.9999999999999716, 164.4684698699920204, -4.382683432365135801 ) ) ;
#28 = AXIS2_PLACEMENT_3D ( 'NONE', #1563, #9, #3164 ) ;
#29 = EDGE_CURVE ( 'NONE', #1463, #4041, #3627, .T. ) ;
#30 = CARTESIAN_POINT ( 'NONE',  ( 34.50000000000000000, 225.3111831820434645, -63.81118318204284634 ) ) ;
#31 = VECTOR ( 'NONE', #2717, 1000.000000000000000 ) ;
#32 = EDGE_CURVE ( 'NONE', #1464, #3973, #1533, .T. ) ;
#33 = CARTESIAN_POINT ( 'NONE',  ( -68.50000000000000000, 222.1292026667040034, -56.38656197958409422 ) ) ;
#34 = CYLINDRICAL_SURFACE ( 'NONE', #2587, 1.250000000000005329 ) ;
#35 = DIRECTION ( 'NONE',  ( -1.000000000000000000, -0.000000000000000000, 3.469446951953614189E-15 ) ) ;
#36 = ADVANCED_FACE ( 'NONE', ( #520, #1825, #2727, #1512 ), #540, .T. ) ;
#37 = LINE ( 'NONE', #1307, #1600 ) ;
#38 = LOCAL_TIME ( 23, 10, 50.00000000000000000, #1924 ) ;
#39 = ORIENTED_EDGE ( 'NONE', *, *, #1881, .T. ) ;
#40 = VERTEX_POINT ( 'NONE', #2371 ) ;
#41 = CARTESIAN_POINT ( 'NONE',  ( 5.500000000000000000, 224.1798123321449907, -62.67981233214437964 ) ) ;
#42 = EDGE_CURVE ( 'NONE', #1401, #3829, #3939, .T. ) ;
#43 = CARTESIAN_POINT ( 'NONE',  ( 112.9999999999999716, 252.8883476483188986, -92.80256121069110975 ) ) ;
#44 = EDGE_LOOP ( 'NONE', ( #325, #218, #694, #2109 ) ) ;
#45 = CARTESIAN_POINT ( 'NONE',  ( 112.9999999999999716, 164.4684698699919920, -4.382683432365150900 ) ) ;
#46 = ADVANCED_FACE ( 'NONE', ( #3077 ), #1491, .F. ) ;
#47 = EDGE_CURVE ( 'NONE', #160, #511, #1141, .T. ) ;
#48 = CARTESIAN_POINT ( 'NONE',  ( -113.0000000000000711, -114.5000000000000284, -34.24999999999994316 ) ) ;
#49 = DIRECTION ( 'NONE',  ( 1.000000000000000000, 6.938893903907319097E-15, 0.000000000000000000 ) ) ;
#50 = ORIENTED_EDGE ( 'NONE', *, *, #2354, .T. ) ;
#51 = CARTESIAN_POINT ( 'NONE',  ( 78.75000000000002842, -120.0000000000000000, 1.402220585023716934E-15 ) ) ;
#52 = FACE_OUTER_BOUND ( 'NONE', #3462, .T. ) ;
#53 = CARTESIAN_POINT ( 'NONE',  ( 78.75000000000002842, 1.530808498934184422E-16, 1.402220585023716934E-15 ) ) ;
#54 = CARTESIAN_POINT ( 'NONE',  ( -116.0000000000000568, -134.5000000000000284, -34.24999999999994316 ) ) ;
#55 = ORIENTED_EDGE ( 'NONE', *, *, #689, .F. ) ;
#56 = ORIENTED_EDGE ( 'NONE', *, *, #3910, .F. ) ;
#57 = EDGE_CURVE ( 'NONE', #3405, #3670, #3015, .T. ) ;
#58 = ORIENTED_EDGE ( 'NONE', *, *, #1520, .T. ) ;
#59 = LINE ( 'NONE', #1293, #3506 ) ;
#60 = DIRECTION ( 'NONE',  ( -1.000000000000000000, 0.000000000000000000, 3.469446951953611033E-15 ) ) ;
#61 = CARTESIAN_POINT ( 'NONE',  ( -116.0000000000002274, 189.0735931288074596, -70.00000000000000000 ) ) ;
#62 = ORIENTED_EDGE ( 'NONE', *, *, #2540, .T. ) ;
#63 = ORIENTED_EDGE ( 'NONE', *, *, #3689, .F. ) ;
#64 = EDGE_LOOP ( 'NONE', ( #1193, #2779 ) ) ;
#65 = CARTESIAN_POINT ( 'NONE',  ( -115.1986673695927408, 163.7700887125416784, -1.541813120100399725 ) ) ;
#66 = DIRECTION ( 'NONE',  ( -0.000000000000000000, -0.000000000000000000, 1.000000000000000000 ) ) ;
#67 = DIRECTION ( 'NONE',  ( 0.000000000000000000, -0.7071067811865436870, -0.7071067811865513475 ) ) ;
#68 = VERTEX_POINT ( 'NONE', #2438 ) ;
#69 = DIRECTION ( 'NONE',  ( 1.141032264783439253E-15, 0.9238795325112864054, -0.3826834323650907810 ) ) ;
#70 = CARTESIAN_POINT ( 'NONE',  ( -115.2226573748646814, 163.7700887125416500, -1.523376718501155525 ) ) ;
#71 = CYLINDRICAL_SURFACE ( 'NONE', #1683, 4.000000000000003553 ) ;
#72 = CARTESIAN_POINT ( 'NONE',  ( -116.0000000000001137, -164.5000000000000284, -42.99999999999999289 ) ) ;
#73 = ORIENTED_EDGE ( 'NONE', *, *, #3910, .T. ) ;
#74 = ORIENTED_EDGE ( 'NONE', *, *, #591, .T. ) ;
#75 = PLANE ( 'NONE',  #3123 ) ;
#76 = VECTOR ( 'NONE', #2738, 1000.000000000000000 ) ;
#77 = DIRECTION ( 'NONE',  ( 0.000000000000000000, -0.7071067811865512365, 0.7071067811865439090 ) ) ;
#78 = EDGE_CURVE ( 'NONE', #1666, #1361, #4022, .T. ) ;
#79 = CARTESIAN_POINT ( 'NONE',  ( -116.0000000000000711, -114.5000000000000284, -33.00000000000000711 ) ) ;
#80 = ORIENTED_EDGE ( 'NONE', *, *, #114, .T. ) ;
#81 = CIRCLE ( 'NONE', #4032, 11.50000000000000355 ) ;
#82 = ORIENTED_EDGE ( 'NONE', *, *, #1029, .T. ) ;
#83 = VERTEX_POINT ( 'NONE', #3692 ) ;
#84 = PLANE ( 'NONE',  #2913 ) ;
#85 = AXIS2_PLACEMENT_3D ( 'NONE', #4021, #3716, #4042 ) ;
#86 = VECTOR ( 'NONE', #1838, 1000.000000000000000 ) ;
#87 = EDGE_LOOP ( 'NONE', ( #3156, #3013, #1236, #1756 ) ) ;
#88 = CARTESIAN_POINT ( 'NONE',  ( 78.75000000000002842, 120.0000000000000000, 1.402220585023716934E-15 ) ) ;
#89 = VECTOR ( 'NONE', #1194, 1000.000000000000000 ) ;
#90 = AXIS2_PLACEMENT_3D ( 'NONE', #3330, #489, #3369 ) ;
#91 = CARTESIAN_POINT ( 'NONE',  ( -12.00000000000000000, 225.3111831820434645, -63.81118318204284634 ) ) ;
#92 = EDGE_CURVE ( 'NONE', #1856, #949, #1202, .T. ) ;
#93 = CIRCLE ( 'NONE', #3125, 1.249999999999987121 ) ;
#94 = VERTEX_POINT ( 'NONE', #3056 ) ;
#95 = CIRCLE ( 'NONE', #1481, 1.249999999999978906 ) ;
#96 = LINE ( 'NONE', #523, #2129 ) ;
#97 = DIRECTION ( 'NONE',  ( 0.000000000000000000, 0.7071067811865437980, 0.7071067811865513475 ) ) ;
#98 = FACE_OUTER_BOUND ( 'NONE', #780, .T. ) ;
#99 = DIRECTION ( 'NONE',  ( -1.000000000000000000, -0.000000000000000000, 3.469446951953614189E-15 ) ) ;
#100 = EDGE_CURVE ( 'NONE', #2528, #727, #2458, .T. ) ;
#101 = EDGE_LOOP ( 'NONE', ( #1004, #3500, #2744, #1382 ) ) ;
#102 = VECTOR ( 'NONE', #2943, 1000.000000000000000 ) ;
#103 = ORIENTED_EDGE ( 'NONE', *, *, #1505, .F. ) ;
#104 = CYLINDRICAL_SURFACE ( 'NONE', #880, 3.199999999999994849 ) ;
#105 = SECURITY_CLASSIFICATION ( '', '', #2796 ) ;
#106 = LINE ( 'NONE', #2987, #430 ) ;
#107 = FACE_BOUND ( 'NONE', #2185, .T. ) ;
#108 = ORIENTED_EDGE ( 'NONE', *, *, #1448, .T. ) ;
#109 = ORIENTED_EDGE ( 'NONE', *, *, #2792, .F. ) ;
#110 = DIRECTION ( 'NONE',  ( 0.000000000000000000, 0.7071067811865474617, -0.7071067811865474617 ) ) ;
#111 = ORIENTED_EDGE ( 'NONE', *, *, #1445, .T. ) ;
#112 = EDGE_LOOP ( 'NONE', ( #2498, #3437 ) ) ;
#113 = LINE ( 'NONE', #2640, #2785 ) ;
#114 = EDGE_CURVE ( 'NONE', #2578, #1135, #3501, .T. ) ;
#115 = LINE ( 'NONE', #772, #688 ) ;
#116 = VERTEX_POINT ( 'NONE', #586 ) ;
#117 = LINE ( 'NONE', #1373, #2791 ) ;
#118 = CARTESIAN_POINT ( 'NONE',  ( -115.9999999999999858, 164.4684698699917931, -4.382683432365324983 ) ) ;
#119 = PLANE ( 'NONE',  #2071 ) ;
#120 = VERTEX_POINT ( 'NONE', #3101 ) ;
#121 = DIRECTION ( 'NONE',  ( -3.469446951953614978E-15, -0.7071067811865436870, -0.7071067811865513475 ) ) ;
#122 = DIRECTION ( 'NONE',  ( -2.960422955890225935E-15, -0.3826834323650835090, -0.9238795325112892920 ) ) ;
#123 = DIRECTION ( 'NONE',  ( -1.000000000000000000, -0.000000000000000000, 3.469446951953614189E-15 ) ) ;
#124 = EDGE_CURVE ( 'NONE', #2734, #290, #2643, .T. ) ;
#125 = VERTEX_POINT ( 'NONE', #3791 ) ;
#126 = ORIENTED_EDGE ( 'NONE', *, *, #827, .T. ) ;
#127 = FACE_OUTER_BOUND ( 'NONE', #2043, .T. ) ;
#128 = EDGE_LOOP ( 'NONE', ( #3669, #1792, #1488, #3810 ) ) ;
#129 = DIRECTION ( 'NONE',  ( -1.000000000000000000, 0.000000000000000000, 0.000000000000000000 ) ) ;
#130 = CARTESIAN_POINT ( 'NONE',  ( 112.0000000000000711, -164.5000000000000284, -8.239936510889833698E-14 ) ) ;
#131 = ORIENTED_EDGE ( 'NONE', *, *, #2808, .T. ) ;
#132 = CARTESIAN_POINT ( 'NONE',  ( -115.4951455534170321, 163.7249890375294683, -1.985524078516458291 ) ) ;
#133 = CARTESIAN_POINT ( 'NONE',  ( -111.9999999999999858, 166.9354267658087281, -1.150359671818216967 ) ) ;
#134 = CARTESIAN_POINT ( 'NONE',  ( -28.00000000000000000, 219.4775522372544856, -67.87704717386550612 ) ) ;
#135 = ORIENTED_EDGE ( 'NONE', *, *, #3875, .T. ) ;
#136 = CARTESIAN_POINT ( 'NONE',  ( 34.50000000000000000, 224.1798123321449907, -62.67981233214437964 ) ) ;
#137 = CARTESIAN_POINT ( 'NONE',  ( 0.000000000000000000, 228.8467170879762023, -67.34671708797556278 ) ) ;
#138 = ORIENTED_EDGE ( 'NONE', *, *, #1573, .T. ) ;
#139 = ORIENTED_EDGE ( 'NONE', *, *, #1619, .F. ) ;
#140 = CYLINDRICAL_SURFACE ( 'NONE', #2513, 1.249999999999973355 ) ;
#141 = EDGE_CURVE ( 'NONE', #774, #1336, #743, .T. ) ;
#142 = VECTOR ( 'NONE', #502, 1000.000000000000000 ) ;
#143 = ORIENTED_EDGE ( 'NONE', *, *, #1772, .F. ) ;
#144 = VECTOR ( 'NONE', #1019, 1000.000000000000000 ) ;
#145 = DIRECTION ( 'NONE',  ( -1.000000000000000000, -2.111744996378410988E-16, -3.469446951953614189E-15 ) ) ;
#146 = AXIS2_PLACEMENT_3D ( 'NONE', #768, #1757, #1385 ) ;
#147 = AXIS2_PLACEMENT_3D ( 'NONE', #2475, #2088, #268 ) ;
#148 = DIRECTION ( 'NONE',  ( -4.625929269271482956E-16, 0.7071067811865503483, -0.7071067811865446862 ) ) ;
#149 = VECTOR ( 'NONE', #3009, 1000.000000000000000 ) ;
#150 = VECTOR ( 'NONE', #2739, 1000.000000000000000 ) ;
#151 = ORIENTED_EDGE ( 'NONE', *, *, #3399, .T. ) ;
#152 = CC_DESIGN_PERSON_AND_ORGANIZATION_ASSIGNMENT ( #609, #3202, ( #2011 ) ) ;
#153 = CARTESIAN_POINT ( 'NONE',  ( 1.530052174732959625E-14, 181.8241161390705543, -20.32411613907039083 ) ) ;
#154 = AXIS2_PLACEMENT_3D ( 'NONE', #304, #1562, #2815 ) ;
#155 = CARTESIAN_POINT ( 'NONE',  ( -115.4951455534171316, 165.7653583104882955, -2.830672703625438658 ) ) ;
#156 = CARTESIAN_POINT ( 'NONE',  ( 1.530052174732959625E-14, 185.0060966544101007, -33.40559159102151199 ) ) ;
#157 = ADVANCED_FACE ( 'NONE', ( #352 ), #3444, .F. ) ;
#158 = DIRECTION ( 'NONE',  ( 1.000000000000000000, 0.000000000000000000, 0.000000000000000000 ) ) ;
#159 = VECTOR ( 'NONE', #77, 999.9999999999998863 ) ;
#160 = VERTEX_POINT ( 'NONE', #3140 ) ;
#161 = EDGE_CURVE ( 'NONE', #2578, #418, #313, .T. ) ;
#162 = EDGE_CURVE ( 'NONE', #2804, #2446, #1073, .T. ) ;
#163 = CARTESIAN_POINT ( 'NONE',  ( 80.00000000000001421, 0.000000000000000000, -3.000000000000000000 ) ) ;
#164 = CARTESIAN_POINT ( 'NONE',  ( -115.9999999999999716, 164.0857864376269220, -3.000000000000026201 ) ) ;
#165 = CARTESIAN_POINT ( 'NONE',  ( 112.0000000000000142, -164.5000000000000284, -4.000000000000041744 ) ) ;
#166 = AXIS2_PLACEMENT_3D ( 'NONE', #1624, #2874, #1876 ) ;
#167 = ORIENTED_EDGE ( 'NONE', *, *, #773, .T. ) ;
#168 = ORIENTED_EDGE ( 'NONE', *, *, #177, .F. ) ;
#169 = EDGE_LOOP ( 'NONE', ( #1526, #1583 ) ) ;
#170 = AXIS2_PLACEMENT_3D ( 'NONE', #3128, #937, #3453 ) ;
#171 = EDGE_CURVE ( 'NONE', #2154, #2662, #414, .T. ) ;
#172 = DIRECTION ( 'NONE',  ( 3.491481338843133355E-15, 8.446979985513632612E-17, 1.000000000000000000 ) ) ;
#173 = ORIENTED_EDGE ( 'NONE', *, *, #336, .T. ) ;
#174 = DIRECTION ( 'NONE',  ( 0.000000000000000000, 0.000000000000000000, 1.000000000000000000 ) ) ;
#175 = EDGE_CURVE ( 'NONE', #3538, #1413, #3928, .T. ) ;
#176 = FACE_BOUND ( 'NONE', #2507, .T. ) ;
#177 = EDGE_CURVE ( 'NONE', #15, #3296, #820, .T. ) ;
#178 = DIRECTION ( 'NONE',  ( 1.000000000000000000, 0.000000000000000000, 3.491481338843133355E-15 ) ) ;
#179 = ORIENTED_EDGE ( 'NONE', *, *, #2687, .F. ) ;
#180 = CARTESIAN_POINT ( 'NONE',  ( 112.5235987755982734, 166.9461038484035669, -1.203463161284246130 ) ) ;
#181 = CARTESIAN_POINT ( 'NONE',  ( -115.8958907066733133, 165.1450241138977901, -3.578568044337684384 ) ) ;
#182 = DIRECTION ( 'NONE',  ( 1.000000000000000000, 0.000000000000000000, 0.000000000000000000 ) ) ;
#183 = LINE ( 'NONE', #1437, #4040 ) ;
#184 = DIRECTION ( 'NONE',  ( 0.000000000000000000, 0.000000000000000000, 1.000000000000000000 ) ) ;
#185 = ORIENTED_EDGE ( 'NONE', *, *, #3087, .F. ) ;
#186 = LINE ( 'NONE', #2675, #3379 ) ;
#187 = CARTESIAN_POINT ( 'NONE',  ( -79.99999999999998579, 120.0000000000000000, -3.000000000000000000 ) ) ;
#188 = CARTESIAN_POINT ( 'NONE',  ( 45.50000000000000000, 220.3614357137376771, -68.76093065034868346 ) ) ;
#189 = ADVANCED_FACE ( 'NONE', ( #3616 ), #1633, .F. ) ;
#190 = ORIENTED_EDGE ( 'NONE', *, *, #3219, .F. ) ;
#191 = ORIENTED_EDGE ( 'NONE', *, *, #219, .T. ) ;
#192 = EDGE_LOOP ( 'NONE', ( #3565, #3008, #3896, #3711 ) ) ;
#193 = CARTESIAN_POINT ( 'NONE',  ( 116.0299999999999869, 163.5896980919879979, -3.472379799262923061 ) ) ;
#194 = DIRECTION ( 'NONE',  ( -0.000000000000000000, -0.000000000000000000, 1.000000000000000000 ) ) ;
#195 = DIRECTION ( 'NONE',  ( -0.000000000000000000, -0.000000000000000000, 1.000000000000000000 ) ) ;
#196 = CARTESIAN_POINT ( 'NONE',  ( 1.670886556634905676E-14, 193.1378246380554344, -41.53731957466677471 ) ) ;
#197 = VERTEX_POINT ( 'NONE', #1719 ) ;
#198 = DIRECTION ( 'NONE',  ( -0.000000000000000000, -0.000000000000000000, 1.000000000000000000 ) ) ;
#199 = DIRECTION ( 'NONE',  ( -0.000000000000000000, 0.7071067811865437980, 0.7071067811865513475 ) ) ;
#200 = CARTESIAN_POINT ( 'NONE',  ( 81.25000000000000000, 120.0000000000000000, 1.402220585023716934E-15 ) ) ;
#201 = CARTESIAN_POINT ( 'NONE',  ( 116.0000000000004690, -114.5000000000000284, -34.25000000000067502 ) ) ;
#202 = EDGE_LOOP ( 'NONE', ( #1272, #3468, #2292, #577 ) ) ;
#203 = DIRECTION ( 'NONE',  ( 1.000000000000000000, 0.000000000000000000, 0.000000000000000000 ) ) ;
#204 = PLANE ( 'NONE',  #4048 ) ;
#205 = DIRECTION ( 'NONE',  ( -1.000000000000000000, 6.938893903907198401E-15, 1.084202172485499701E-15 ) ) ;
#206 = VERTEX_POINT ( 'NONE', #2673 ) ;
#207 = ORIENTED_EDGE ( 'NONE', *, *, #2080, .F. ) ;
#208 = VERTEX_POINT ( 'NONE', #2882 ) ;
#209 = DIRECTION ( 'NONE',  ( -1.000000000000000000, -0.000000000000000000, 3.469446951953614189E-15 ) ) ;
#210 = ADVANCED_FACE ( 'NONE', ( #1034 ), #2408, .F. ) ;
#211 = CARTESIAN_POINT ( 'NONE',  ( -113.0000000000000711, -134.5000000000000284, -33.00000000000001421 ) ) ;
#212 = ORIENTED_EDGE ( 'NONE', *, *, #1309, .F. ) ;
#213 = CARTESIAN_POINT ( 'NONE',  ( 115.1986673695926839, 163.7700887125416216, -1.541813120100369083 ) ) ;
#214 = CARTESIAN_POINT ( 'NONE',  ( 116.0000000000001137, 164.0857864376268935, -43.00000000000001421 ) ) ;
#215 = AXIS2_PLACEMENT_3D ( 'NONE', #1099, #2968, #1428 ) ;
#216 = AXIS2_PLACEMENT_3D ( 'NONE', #1241, #259, #2788 ) ;
#217 = AXIS2_PLACEMENT_3D ( 'NONE', #3034, #3984, #2072 ) ;
#218 = ORIENTED_EDGE ( 'NONE', *, *, #425, .F. ) ;
#219 = EDGE_CURVE ( 'NONE', #657, #1778, #3332, .T. ) ;
#220 = CARTESIAN_POINT ( 'NONE',  ( -112.9696999999999747, 163.5445903374807415, -4.000000000000031086 ) ) ;
#221 = CYLINDRICAL_SURFACE ( 'NONE', #1749, 1.599999999999992317 ) ;
#222 = CARTESIAN_POINT ( 'NONE',  ( 116.0000000000004690, -114.5000000000000284, -31.75000000000095213 ) ) ;
#223 = AXIS2_PLACEMENT_3D ( 'NONE', #3684, #3069, #2565 ) ;
#224 = VECTOR ( 'NONE', #1877, 1000.000000000000000 ) ;
#225 = VERTEX_POINT ( 'NONE', #3287 ) ;
#226 = LINE ( 'NONE', #512, #746 ) ;
#227 = EDGE_CURVE ( 'NONE', #1786, #1554, #1438, .T. ) ;
#228 = CARTESIAN_POINT ( 'NONE',  ( 1.249999999999992895, 120.0000000000000000, 0.000000000000000000 ) ) ;
#229 = CARTESIAN_POINT ( 'NONE',  ( 113.0548439739678770, 166.9250388276689421, -1.288308754079674046 ) ) ;
#230 = CIRCLE ( 'NONE', #1347, 1.249999999999931610 ) ;
#231 = ORIENTED_EDGE ( 'NONE', *, *, #3158, .T. ) ;
#232 = VERTEX_POINT ( 'NONE', #201 ) ;
#233 = VERTEX_POINT ( 'NONE', #2599 ) ;
#234 = LINE ( 'NONE', #327, #2844 ) ;
#235 = AXIS2_PLACEMENT_3D ( 'NONE', #481, #1804, #524 ) ;
#236 = ORIENTED_EDGE ( 'NONE', *, *, #773, .F. ) ;
#237 = EDGE_LOOP ( 'NONE', ( #531, #839 ) ) ;
#238 = CIRCLE ( 'NONE', #826, 5.750000000000008882 ) ;
#239 = CARTESIAN_POINT ( 'NONE',  ( 115.9999999999999716, 163.5445903374807131, -4.000000000000027534 ) ) ;
#240 = PLANE ( 'NONE',  #492 ) ;
#241 = CIRCLE ( 'NONE', #831, 1.249999999999973355 ) ;
#242 = EDGE_CURVE ( 'NONE', #951, #2190, #3116, .T. ) ;
#243 = VERTEX_POINT ( 'NONE', #2982 ) ;
#244 = CYLINDRICAL_SURFACE ( 'NONE', #4043, 1.249999999999924727 ) ;
#245 = DIRECTION ( 'NONE',  ( 0.000000000000000000, 0.7071067811865474617, -0.7071067811865474617 ) ) ;
#246 = CARTESIAN_POINT ( 'NONE',  ( 116.0000000000004832, -134.5000000000000284, -31.75000000000095213 ) ) ;
#247 = DIRECTION ( 'NONE',  ( 0.000000000000000000, -0.7071067811865441310, -0.7071067811865507924 ) ) ;
#248 = ORIENTED_EDGE ( 'NONE', *, *, #2175, .T. ) ;
#249 = CARTESIAN_POINT ( 'NONE',  ( 115.9999999999999716, 164.0857864376269220, -3.000000000000026645 ) ) ;
#250 = LINE ( 'NONE', #887, #3129 ) ;
#251 = CARTESIAN_POINT ( 'NONE',  ( 112.8737863883542332, 164.6970211220248643, -3.899009892088916462 ) ) ;
#252 = VERTEX_POINT ( 'NONE', #2710 ) ;
#253 = ORIENTED_EDGE ( 'NONE', *, *, #3472, .T. ) ;
#254 = ORIENTED_EDGE ( 'NONE', *, *, #374, .F. ) ;
#255 = EDGE_CURVE ( 'NONE', #1961, #83, #3704, .T. ) ;
#256 = DIRECTION ( 'NONE',  ( 4.599880250050110088E-15, 0.7071067811865513475, -0.7071067811865437980 ) ) ;
#257 = DIRECTION ( 'NONE',  ( 0.000000000000000000, 0.000000000000000000, 1.000000000000000000 ) ) ;
#258 = ORIENTED_EDGE ( 'NONE', *, *, #3442, .T. ) ;
#259 = DIRECTION ( 'NONE',  ( 0.000000000000000000, 0.7071067811865437980, 0.7071067811865513475 ) ) ;
#260 = DIRECTION ( 'NONE',  ( -0.000000000000000000, 0.7071067811865437980, 0.7071067811865513475 ) ) ;
#261 = FACE_OUTER_BOUND ( 'NONE', #1407, .T. ) ;
#262 = CARTESIAN_POINT ( 'NONE',  ( -111.9999999999999858, 164.0857864376268935, -3.000000000000019984 ) ) ;
#263 = CARTESIAN_POINT ( 'NONE',  ( -81.24999999999997158, 1.530808498934184422E-16, 1.402220585023716934E-15 ) ) ;
#264 = PRODUCT_RELATED_PRODUCT_CATEGORY ( 'detail', '', ( #2650 ) ) ;
#265 = CARTESIAN_POINT ( 'NONE',  ( -116.0000000000000711, -114.5000000000000284, -33.00000000000000711 ) ) ;
#266 = DIRECTION ( 'NONE',  ( 0.000000000000000000, 0.7071067811865475727, -0.7071067811865475727 ) ) ;
#267 = CARTESIAN_POINT ( 'NONE',  ( 115.9999999999999716, 253.5954544295054802, -92.09545442950455651 ) ) ;
#268 = DIRECTION ( 'NONE',  ( 0.000000000000000000, -6.938893903907220489E-16, 1.000000000000000000 ) ) ;
#269 = VERTEX_POINT ( 'NONE', #1011 ) ;
#270 = EDGE_LOOP ( 'NONE', ( #1292, #1673, #916, #135 ) ) ;
#271 = ORIENTED_EDGE ( 'NONE', *, *, #3449, .F. ) ;
#272 = CARTESIAN_POINT ( 'NONE',  ( -116.0000000000000853, 135.4999999999999432, -33.00000000000000711 ) ) ;
#273 = EDGE_LOOP ( 'NONE', ( #1567, #2410, #3204, #1604 ) ) ;
#274 = DIRECTION ( 'NONE',  ( -0.000000000000000000, 0.7071067811865437980, 0.7071067811865513475 ) ) ;
#275 = CARTESIAN_POINT ( 'NONE',  ( -1.249999999999965139, -120.0000000000000000, -3.000000000000000000 ) ) ;
#276 = EDGE_CURVE ( 'NONE', #116, #3734, #1767, .T. ) ;
#277 = VECTOR ( 'NONE', #2488, 1000.000000000000000 ) ;
#278 = DIRECTION ( 'NONE',  ( -2.453269466693411637E-15, 0.000000000000000000, -1.000000000000000000 ) ) ;
#279 = FACE_OUTER_BOUND ( 'NONE', #1270, .T. ) ;
#280 = VECTOR ( 'NONE', #478, 1000.000000000000000 ) ;
#281 = AXIS2_PLACEMENT_3D ( 'NONE', #3119, #1978, #3023 ) ;
#282 = ORIENTED_EDGE ( 'NONE', *, *, #2958, .F. ) ;
#283 = DIRECTION ( 'NONE',  ( 0.000000000000000000, -0.7071067811865496822, 0.7071067811865453523 ) ) ;
#284 = CARTESIAN_POINT ( 'NONE',  ( 1.387778780781445676E-14, 120.0000000000000000, 0.000000000000000000 ) ) ;
#285 = CIRCLE ( 'NONE', #741, 1.600000000000002309 ) ;
#286 = AXIS2_PLACEMENT_3D ( 'NONE', #165, #3581, #1423 ) ;
#287 = LINE ( 'NONE', #1545, #3656 ) ;
#288 = DIRECTION ( 'NONE',  ( 0.000000000000000000, 0.000000000000000000, -1.000000000000000000 ) ) ;
#289 = CIRCLE ( 'NONE', #950, 3.199999999999994849 ) ;
#290 = VERTEX_POINT ( 'NONE', #3972 ) ;
#291 = VECTOR ( 'NONE', #1089, 1000.000000000000000 ) ;
#292 = EDGE_CURVE ( 'NONE', #3438, #949, #1155, .T. ) ;
#293 = ORIENTED_EDGE ( 'NONE', *, *, #3676, .F. ) ;
#294 = CARTESIAN_POINT ( 'NONE',  ( 0.000000000000000000, 0.000000000000000000, -3.000000000000000000 ) ) ;
#295 = VECTOR ( 'NONE', #1889, 1000.000000000000000 ) ;
#296 = ORIENTED_EDGE ( 'NONE', *, *, #4027, .F. ) ;
#297 = AXIS2_PLACEMENT_3D ( 'NONE', #920, #1651, #987 ) ;
#298 = DIRECTION ( 'NONE',  ( 1.000000000000000000, 0.000000000000000000, 0.000000000000000000 ) ) ;
#299 = AXIS2_PLACEMENT_3D ( 'NONE', #3685, #3402, #2125 ) ;
#300 = EDGE_CURVE ( 'NONE', #2686, #1413, #2573, .T. ) ;
#301 = CIRCLE ( 'NONE', #3588, 1.600000000000002309 ) ;
#302 = LINE ( 'NONE', #1591, #2851 ) ;
#303 = DIRECTION ( 'NONE',  ( 0.000000000000000000, 0.7071067811865437980, 0.7071067811865513475 ) ) ;
#304 = CARTESIAN_POINT ( 'NONE',  ( 80.00000000000001421, -120.0000000000000000, -3.000000000000000000 ) ) ;
#305 = CARTESIAN_POINT ( 'NONE',  ( 78.75000000000004263, -120.0000000000000000, 0.000000000000000000 ) ) ;
#306 = CARTESIAN_POINT ( 'NONE',  ( 115.9999999999999716, 164.7928932188134752, -3.292893218813486289 ) ) ;
#307 = ORIENTED_EDGE ( 'NONE', *, *, #1631, .F. ) ;
#308 = ORIENTED_EDGE ( 'NONE', *, *, #3099, .F. ) ;
#309 = ORIENTED_EDGE ( 'NONE', *, *, #3572, .F. ) ;
#310 = VERTEX_POINT ( 'NONE', #3006 ) ;
#311 = DIRECTION ( 'NONE',  ( 0.000000000000000000, 0.7071067811865513475, -0.7071067811865437980 ) ) ;
#312 = EDGE_CURVE ( 'NONE', #385, #1054, #546, .T. ) ;
#313 = LINE ( 'NONE', #2556, #1469 ) ;
#314 = VERTEX_POINT ( 'NONE', #3828 ) ;
#315 = DIRECTION ( 'NONE',  ( 1.000000000000000000, -2.793261385626813401E-31, -3.469446951953613794E-15 ) ) ;
#316 = DIRECTION ( 'NONE',  ( -0.000000000000000000, 0.7071067811865437980, 0.7071067811865513475 ) ) ;
#317 = DIRECTION ( 'NONE',  ( -0.000000000000000000, 0.7071067811865437980, 0.7071067811865513475 ) ) ;
#318 = DIRECTION ( 'NONE',  ( -1.000000000000000000, -0.000000000000000000, 3.469446951953614189E-15 ) ) ;
#319 = DIRECTION ( 'NONE',  ( -0.000000000000000000, -0.7071067811865437980, -0.7071067811865512365 ) ) ;
#320 = CARTESIAN_POINT ( 'NONE',  ( 27.99999999999997868, 223.8969696196704149, -72.29646455628142121 ) ) ;
#321 = CARTESIAN_POINT ( 'NONE',  ( -113.0000000000000853, 189.0735931288074596, -68.75000000000009948 ) ) ;
#322 = EDGE_CURVE ( 'NONE', #3340, #1235, #3375, .T. ) ;
#323 = VERTEX_POINT ( 'NONE', #3196 ) ;
#324 = ORIENTED_EDGE ( 'NONE', *, *, #276, .T. ) ;
#325 = ORIENTED_EDGE ( 'NONE', *, *, #470, .F. ) ;
#326 = VERTEX_POINT ( 'NONE', #372 ) ;
#327 = CARTESIAN_POINT ( 'NONE',  ( 5.500000000000000000, 221.4928065636361509, -69.89230150024715726 ) ) ;
#328 = ORIENTED_EDGE ( 'NONE', *, *, #3079, .F. ) ;
#329 = EDGE_CURVE ( 'NONE', #1157, #1677, #703, .T. ) ;
#330 = CARTESIAN_POINT ( 'NONE',  ( -115.9999999999999716, 164.7928932188134752, -3.292893218813472522 ) ) ;
#331 = EDGE_CURVE ( 'NONE', #1276, #3842, #2798, .T. ) ;
#332 = EDGE_CURVE ( 'NONE', #3168, #3734, #1865, .T. ) ;
#333 = CARTESIAN_POINT ( 'NONE',  ( -113.0000000000001137, 148.3141409374415502, -43.38268343236525482 ) ) ;
#334 = PERSON_AND_ORGANIZATION ( #1244, #1354 ) ;
#335 = CARTESIAN_POINT ( 'NONE',  ( 34.50000000000000000, 221.4928065636361509, -69.89230150024715726 ) ) ;
#336 = EDGE_CURVE ( 'NONE', #323, #3438, #3067, .T. ) ;
#337 = DIRECTION ( 'NONE',  ( -1.355257342980078010E-15, -0.9238795325112894030, 0.3826834323650835645 ) ) ;
#338 = CARTESIAN_POINT ( 'NONE',  ( -79.99999999999998579, 0.000000000000000000, 1.402220585023716934E-15 ) ) ;
#339 = LINE ( 'NONE', #305, #2338 ) ;
#340 = CARTESIAN_POINT ( 'NONE',  ( -116.0000000000000568, 164.8068198288079600, -3.980552901488352724 ) ) ;
#341 = CIRCLE ( 'NONE', #1466, 1.599999999999992317 ) ;
#342 = ORIENTED_EDGE ( 'NONE', *, *, #2705, .T. ) ;
#343 = AXIS2_PLACEMENT_3D ( 'NONE', #2156, #3654, #3408 ) ;
#344 = ORIENTED_EDGE ( 'NONE', *, *, #2539, .F. ) ;
#345 = EDGE_CURVE ( 'NONE', #3856, #1273, #2122, .T. ) ;
#346 = EDGE_LOOP ( 'NONE', ( #621, #1100 ) ) ;
#347 = EDGE_CURVE ( 'NONE', #15, #2686, #1919, .T. ) ;
#348 = CIRCLE ( 'NONE', #3176, 1.599999999999992317 ) ;
#349 = AXIS2_PLACEMENT_3D ( 'NONE', #1033, #2311, #2619 ) ;
#350 = DIRECTION ( 'NONE',  ( 1.000000000000000000, 0.000000000000000000, 0.000000000000000000 ) ) ;
#351 = DIRECTION ( 'NONE',  ( 0.000000000000000000, 0.000000000000000000, 1.000000000000000000 ) ) ;
#352 = FACE_OUTER_BOUND ( 'NONE', #2213, .T. ) ;
#353 = AXIS2_PLACEMENT_3D ( 'NONE', #2223, #3111, #288 ) ;
#354 = ORIENTED_EDGE ( 'NONE', *, *, #3492, .F. ) ;
#355 = FACE_BOUND ( 'NONE', #1988, .T. ) ;
#356 = CIRCLE ( 'NONE', #2399, 1.599999999999992317 ) ;
#357 = FACE_OUTER_BOUND ( 'NONE', #967, .T. ) ;
#358 = AXIS2_PLACEMENT_3D ( 'NONE', #1698, #2318, #421 ) ;
#359 = CARTESIAN_POINT ( 'NONE',  ( 78.75000000000004263, 120.0000000000000000, 0.000000000000000000 ) ) ;
#360 = AXIS2_PLACEMENT_3D ( 'NONE', #513, #1195, #598 ) ;
#361 =( NAMED_UNIT ( * ) PLANE_ANGLE_UNIT ( ) SI_UNIT ( $, .RADIAN. ) );
#362 = EDGE_CURVE ( 'NONE', #252, #3874, #2277, .T. ) ;
#363 = AXIS2_PLACEMENT_3D ( 'NONE', #3946, #2144, #245 ) ;
#364 = CARTESIAN_POINT ( 'NONE',  ( -20.00000000000000000, 224.4272997055603582, -72.82679464217132193 ) ) ;
#365 = CARTESIAN_POINT ( 'NONE',  ( 81.24999999999998579, 0.000000000000000000, -3.000000000000000000 ) ) ;
#366 = LINE ( 'NONE', #3208, #1353 ) ;
#367 = CARTESIAN_POINT ( 'NONE',  ( -115.9999999999999716, 164.0857864376269220, -4.000000000000023981 ) ) ;
#368 = ORIENTED_EDGE ( 'NONE', *, *, #1240, .T. ) ;
#369 = EDGE_LOOP ( 'NONE', ( #1115, #2903, #2989, #151 ) ) ;
#370 = CARTESIAN_POINT ( 'NONE',  ( 68.00000000000002842, 228.8467170879762023, -67.34671708797557699 ) ) ;
#371 = FACE_OUTER_BOUND ( 'NONE', #884, .T. ) ;
#372 = CARTESIAN_POINT ( 'NONE',  ( 11.99999999999997868, 221.7756492761106983, -60.27564927611015122 ) ) ;
#373 = ORIENTED_EDGE ( 'NONE', *, *, #976, .T. ) ;
#374 = EDGE_CURVE ( 'NONE', #3754, #3352, #2130, .T. ) ;
#375 = FACE_BOUND ( 'NONE', #1129, .T. ) ;
#376 = CARTESIAN_POINT ( 'NONE',  ( -79.99999999999998579, -120.0000000000000000, 0.000000000000000000 ) ) ;
#377 = DIRECTION ( 'NONE',  ( 0.000000000000000000, -0.7071067811865517916, 0.7071067811865433539 ) ) ;
#378 = PERSON_AND_ORGANIZATION_ROLE ( 'design_supplier' ) ;
#379 = ORIENTED_EDGE ( 'NONE', *, *, #1199, .F. ) ;
#380 = PLANE ( 'NONE',  #940 ) ;
#381 = EDGE_CURVE ( 'NONE', #3789, #3294, #2, .T. ) ;
#382 = CYLINDRICAL_SURFACE ( 'NONE', #1805, 1.249999999999931610 ) ;
#383 = LINE ( 'NONE', #2505, #2664 ) ;
#384 = CARTESIAN_POINT ( 'NONE',  ( -116.0000000000001137, -164.5000000000000284, -42.99999999999999289 ) ) ;
#385 = VERTEX_POINT ( 'NONE', #709 ) ;
#386 = EDGE_LOOP ( 'NONE', ( #2460, #792 ) ) ;
#387 = DIRECTION ( 'NONE',  ( -0.000000000000000000, 0.7071067811865437980, 0.7071067811865513475 ) ) ;
#388 = CARTESIAN_POINT ( 'NONE',  ( 115.9999999999999716, 252.8883476483188986, -92.80256121069109554 ) ) ;
#389 = CARTESIAN_POINT ( 'NONE',  ( -115.9999999999999716, 164.7928932188134752, -3.292893218813474743 ) ) ;
#390 = DIRECTION ( 'NONE',  ( -0.000000000000000000, 0.7071067811865437980, 0.7071067811865513475 ) ) ;
#391 = VERTEX_POINT ( 'NONE', #1256 ) ;
#392 = EDGE_LOOP ( 'NONE', ( #2936, #2439, #3787, #1482 ) ) ;
#393 = DIRECTION ( 'NONE',  ( 0.000000000000000000, 0.7071067811865439090, 0.7071067811865512365 ) ) ;
#394 = VERTEX_POINT ( 'NONE', #1902 ) ;
#395 = DIRECTION ( 'NONE',  ( 0.000000000000000000, 0.7071067811865439090, 0.7071067811865512365 ) ) ;
#396 = EDGE_CURVE ( 'NONE', #3197, #1334, #2515, .T. ) ;
#397 = FACE_OUTER_BOUND ( 'NONE', #2094, .T. ) ;
#398 = VERTEX_POINT ( 'NONE', #2253 ) ;
#399 = EDGE_CURVE ( 'NONE', #1786, #2841, #2455, .T. ) ;
#400 = DIRECTION ( 'NONE',  ( 0.000000000000000000, 0.7071067811865437980, 0.7071067811865513475 ) ) ;
#401 = LINE ( 'NONE', #713, #1410 ) ;
#402 = CARTESIAN_POINT ( 'NONE',  ( -112.5959259543596858, 164.7935545843662908, -3.611134713564937204 ) ) ;
#403 = FACE_OUTER_BOUND ( 'NONE', #2307, .T. ) ;
#404 = ORIENTED_EDGE ( 'NONE', *, *, #458, .T. ) ;
#405 = EDGE_LOOP ( 'NONE', ( #2316, #1349 ) ) ;
#406 = DIRECTION ( 'NONE',  ( -0.000000000000000000, 0.7071067811865437980, 0.7071067811865513475 ) ) ;
#407 = CIRCLE ( 'NONE', #2905, 1.599999999999992317 ) ;
#408 = DIRECTION ( 'NONE',  ( -0.000000000000000000, 0.7071067811865512365, -0.7071067811865439090 ) ) ;
#409 = CYLINDRICAL_SURFACE ( 'NONE', #2860, 5.750000000000008882 ) ;
#410 = EDGE_CURVE ( 'NONE', #326, #225, #1588, .T. ) ;
#411 = ORIENTED_EDGE ( 'NONE', *, *, #1138, .F. ) ;
#412 = CIRCLE ( 'NONE', #3372, 1.599999999999997424 ) ;
#413 = ORIENTED_EDGE ( 'NONE', *, *, #1707, .F. ) ;
#414 = CIRCLE ( 'NONE', #281, 1.250000000000000444 ) ;
#415 = FACE_OUTER_BOUND ( 'NONE', #3529, .T. ) ;
#416 = CIRCLE ( 'NONE', #3046, 1.249999999999924727 ) ;
#417 = VECTOR ( 'NONE', #205, 1000.000000000000000 ) ;
#418 = VERTEX_POINT ( 'NONE', #2541 ) ;
#419 = VERTEX_POINT ( 'NONE', #3179 ) ;
#420 = DIRECTION ( 'NONE',  ( 0.000000000000000000, 0.000000000000000000, 1.000000000000000000 ) ) ;
#421 = DIRECTION ( 'NONE',  ( 0.000000000000000000, 0.7071067811865336949, 0.7071067811865614505 ) ) ;
#422 = AXIS2_PLACEMENT_3D ( 'NONE', #2811, #1616, #922 ) ;
#423 = ADVANCED_FACE ( 'NONE', ( #357 ), #1321, .F. ) ;
#424 = ORIENTED_EDGE ( 'NONE', *, *, #3625, .F. ) ;
#425 = EDGE_CURVE ( 'NONE', #2819, #3152, #3838, .T. ) ;
#426 = AXIS2_PLACEMENT_3D ( 'NONE', #3827, #1632, #2177 ) ;
#427 = CARTESIAN_POINT ( 'NONE',  ( -28.00000000000000000, 224.4272997055602730, -62.92729970555966190 ) ) ;
#428 = DIRECTION ( 'NONE',  ( -0.000000000000000000, 0.000000000000000000, 1.000000000000000000 ) ) ;
#429 = CARTESIAN_POINT ( 'NONE',  ( 5.500000000000000000, 220.3614357137376771, -68.76093065034868346 ) ) ;
#430 = VECTOR ( 'NONE', #122, 1000.000000000000227 ) ;
#431 = ORIENTED_EDGE ( 'NONE', *, *, #124, .T. ) ;
#432 = CARTESIAN_POINT ( 'NONE',  ( -90.00000000000000000, 218.0986940139406727, -66.49818895055172163 ) ) ;
#433 = VECTOR ( 'NONE', #1152, 1000.000000000000114 ) ;
#434 = CARTESIAN_POINT ( 'NONE',  ( 112.8922269036097958, 164.7100090319707704, -3.886021982143008202 ) ) ;
#435 = FACE_BOUND ( 'NONE', #405, .T. ) ;
#436 = ORIENTED_EDGE ( 'NONE', *, *, #515, .T. ) ;
#437 = LINE ( 'NONE', #2069, #2195 ) ;
#438 = EDGE_LOOP ( 'NONE', ( #354, #1647, #3677, #3276 ) ) ;
#439 = DIRECTION ( 'NONE',  ( 2.811001331764280642E-31, 1.000000000000000000, -9.752620002427133873E-46 ) ) ;
#440 = DIRECTION ( 'NONE',  ( 0.000000000000000000, 0.000000000000000000, 1.000000000000000000 ) ) ;
#441 = COORDINATED_UNIVERSAL_TIME_OFFSET ( 8, 0, .AHEAD. ) ;
#442 = EDGE_LOOP ( 'NONE', ( #1030, #2128 ) ) ;
#443 = DIRECTION ( 'NONE',  ( -0.000000000000000000, -0.000000000000000000, 1.000000000000000000 ) ) ;
#444 = PLANE ( 'NONE',  #2084 ) ;
#445 = DIRECTION ( 'NONE',  ( -0.000000000000000000, 0.7071067811865437980, 0.7071067811865513475 ) ) ;
#446 = B_SPLINE_SURFACE_WITH_KNOTS ( 'NONE', 1, 3, ( 
 ( #133, #1717, #3002, #2612, #2938, #2362, #3305, #1990, #1358, #1686 ),
 ( #1744, #3867, #3613, #2031, #1971, #2919, #155, #181, #1046, #118 ),
 ( #3227, #1374, #2629, #2670, #3554, #794, #2322, #2051, #1436, #2689 ),
 ( #1026, #3536, #758, #2284, #402, #1702, #1662, #2015, #1392, #2647 ) ),
 .UNSPECIFIED., .F., .F., .F.,
 ( 2, 1, 1, 2 ),
 ( 4, 2, 2, 2, 4 ),
 ( -0.01000000000000000021, 0.000000000000000000, 1.000000000000000000, 1.010099999999999998 ),
 ( 0.000000000000000000, 0.2500000000000000000, 0.5000000000000000000, 0.7500000000000000000, 1.000000000000000000 ),
 .UNSPECIFIED. ) ;
#447 = ORIENTED_EDGE ( 'NONE', *, *, #1553, .T. ) ;
#448 = ORIENTED_EDGE ( 'NONE', *, *, #3935, .T. ) ;
#449 = DIRECTION ( 'NONE',  ( -3.944304526105059903E-31, 0.7071067811865513475, -0.7071067811865437980 ) ) ;
#450 = CARTESIAN_POINT ( 'NONE',  ( 112.9999999999999574, 164.4684698699920489, -4.382683432365133136 ) ) ;
#451 = DIRECTION ( 'NONE',  ( -0.000000000000000000, 0.000000000000000000, 1.000000000000000000 ) ) ;
#452 = VERTEX_POINT ( 'NONE', #2995 ) ;
#453 = CARTESIAN_POINT ( 'NONE',  ( 113.0548439739678628, 163.9955870876025017, -0.07489011302676090720 ) ) ;
#454 = ORIENTED_EDGE ( 'NONE', *, *, #1738, .F. ) ;
#455 = DIRECTION ( 'NONE',  ( -0.000000000000000000, 0.000000000000000000, 1.000000000000000000 ) ) ;
#456 = EDGE_CURVE ( 'NONE', #2320, #2948, #2517, .T. ) ;
#457 = DIRECTION ( 'NONE',  ( -5.135813185032629525E-31, -0.7071067811865513475, 0.7071067811865436870 ) ) ;
#458 = EDGE_CURVE ( 'NONE', #2376, #206, #1984, .T. ) ;
#459 = ORIENTED_EDGE ( 'NONE', *, *, #2792, .T. ) ;
#460 = FACE_OUTER_BOUND ( 'NONE', #3792, .T. ) ;
#461 = DIRECTION ( 'NONE',  ( -1.000000000000000000, -2.111744996378410988E-16, -3.469446951953614189E-15 ) ) ;
#462 = FACE_OUTER_BOUND ( 'NONE', #2268, .T. ) ;
#463 = DIRECTION ( 'NONE',  ( -1.000000000000000000, -0.000000000000000000, 3.469446951953614189E-15 ) ) ;
#464 = ADVANCED_FACE ( 'NONE', ( #2044 ), #1369, .F. ) ;
#465 = ORIENTED_EDGE ( 'NONE', *, *, #2678, .T. ) ;
#466 = FACE_OUTER_BOUND ( 'NONE', #2040, .T. ) ;
#467 = CARTESIAN_POINT ( 'NONE',  ( 112.9999999999999716, 164.0857864376268935, -4.000000000000031086 ) ) ;
#468 = ADVANCED_FACE ( 'NONE', ( #1101 ), #1387, .T. ) ;
#469 = ORIENTED_EDGE ( 'NONE', *, *, #3007, .T. ) ;
#470 = EDGE_CURVE ( 'NONE', #3152, #2885, #113, .T. ) ;
#471 = ORIENTED_EDGE ( 'NONE', *, *, #3266, .F. ) ;
#472 = EDGE_LOOP ( 'NONE', ( #3240, #2584 ) ) ;
#473 = AXIS2_PLACEMENT_3D ( 'NONE', #2211, #1785, #247 ) ;
#474 = DIRECTION ( 'NONE',  ( 0.000000000000000000, -0.7071067811865513475, 0.7071067811865437980 ) ) ;
#475 = AXIS2_PLACEMENT_3D ( 'NONE', #1874, #2545, #3759 ) ;
#476 = ORIENTED_EDGE ( 'NONE', *, *, #1565, .F. ) ;
#477 = VECTOR ( 'NONE', #3949, 1000.000000000000000 ) ;
#478 = DIRECTION ( 'NONE',  ( 1.000000000000000000, 0.000000000000000000, 0.000000000000000000 ) ) ;
#479 = AXIS2_PLACEMENT_3D ( 'NONE', #2269, #2554, #350 ) ;
#480 = CIRCLE ( 'NONE', #3836, 3.199999999999994849 ) ;
#481 = CARTESIAN_POINT ( 'NONE',  ( -111.9999999999999716, 164.0857864376268935, -4.000000000000021316 ) ) ;
#482 = AXIS2_PLACEMENT_3D ( 'NONE', #2149, #1158, #2774 ) ;
#483 = AXIS2_PLACEMENT_3D ( 'NONE', #3639, #2709, #1766 ) ;
#484 = EDGE_LOOP ( 'NONE', ( #1163, #1389 ) ) ;
#485 = DIRECTION ( 'NONE',  ( -1.000000000000000000, -2.111744996378410988E-16, -3.469446951953614189E-15 ) ) ;
#486 = VECTOR ( 'NONE', #1496, 1000.000000000000000 ) ;
#487 = EDGE_CURVE ( 'NONE', #290, #2734, #3052, .T. ) ;
#488 = DIRECTION ( 'NONE',  ( 4.906538933386830769E-16, -1.000000000000000000, 0.000000000000000000 ) ) ;
#489 = DIRECTION ( 'NONE',  ( -1.000000000000000000, -2.111744996378410988E-16, -3.469446951953614189E-15 ) ) ;
#490 = CARTESIAN_POINT ( 'NONE',  ( 80.00000000000001421, 120.0000000000000000, 1.402220585023716934E-15 ) ) ;
#491 = CARTESIAN_POINT ( 'NONE',  ( -81.24999999999995737, 120.0000000000000000, 0.000000000000000000 ) ) ;
#492 = AXIS2_PLACEMENT_3D ( 'NONE', #3962, #3081, #2441 ) ;
#493 = ORIENTED_EDGE ( 'NONE', *, *, #2963, .F. ) ;
#494 = DIRECTION ( 'NONE',  ( 1.000000000000000000, 0.000000000000000000, 0.000000000000000000 ) ) ;
#495 = CARTESIAN_POINT ( 'NONE',  ( 34.50000000000000000, 219.2300648638392033, -67.62955980045022386 ) ) ;
#496 = VECTOR ( 'NONE', #2656, 1000.000000000000000 ) ;
#497 = EDGE_LOOP ( 'NONE', ( #3765, #1345 ) ) ;
#498 = ORIENTED_EDGE ( 'NONE', *, *, #3082, .T. ) ;
#499 = AXIS2_PLACEMENT_3D ( 'NONE', #2707, #3727, #2378 ) ;
#500 = CARTESIAN_POINT ( 'NONE',  ( 115.9251098869732886, 163.6347896875050765, -2.945156026032111019 ) ) ;
#501 = CARTESIAN_POINT ( 'NONE',  ( 1.249999999999992895, 120.0000000000000000, -3.000000000000000000 ) ) ;
#502 = DIRECTION ( 'NONE',  ( -1.000000000000000000, 4.106794490369581624E-31, 3.491481338843133355E-15 ) ) ;
#503 = DIRECTION ( 'NONE',  ( 0.000000000000000000, 0.7071067811865519026, -0.7071067811865431318 ) ) ;
#504 = EDGE_LOOP ( 'NONE', ( #2090, #3480, #3479, #2822 ) ) ;
#505 = DIRECTION ( 'NONE',  ( -0.000000000000000000, -0.000000000000000000, 1.000000000000000000 ) ) ;
#506 = LINE ( 'NONE', #1764, #1280 ) ;
#507 = FACE_OUTER_BOUND ( 'NONE', #547, .T. ) ;
#508 = DIRECTION ( 'NONE',  ( -0.000000000000000000, -0.7071067811865437980, -0.7071067811865512365 ) ) ;
#509 = CARTESIAN_POINT ( 'NONE',  ( -46.50000000000000000, 225.3111831820434645, -63.81118318204284634 ) ) ;
#510 = EDGE_CURVE ( 'NONE', #2347, #385, #1121, .T. ) ;
#511 = VERTEX_POINT ( 'NONE', #2317 ) ;
#512 = CARTESIAN_POINT ( 'NONE',  ( 0.000000000000000000, 166.9142135623730780, -1.171572875253809709 ) ) ;
#513 = CARTESIAN_POINT ( 'NONE',  ( -79.99999999999998579, 0.000000000000000000, 0.000000000000000000 ) ) ;
#514 = CARTESIAN_POINT ( 'NONE',  ( 112.9444613045652233, 164.5841649656919117, -4.139427192543557510 ) ) ;
#515 = EDGE_CURVE ( 'NONE', #3788, #1463, #2372, .T. ) ;
#516 = ORIENTED_EDGE ( 'NONE', *, *, #954, .F. ) ;
#517 = ORIENTED_EDGE ( 'NONE', *, *, #3945, .T. ) ;
#518 = VERTEX_POINT ( 'NONE', #88 ) ;
#519 = DIRECTION ( 'NONE',  ( 0.000000000000000000, 0.000000000000000000, 1.000000000000000000 ) ) ;
#520 = FACE_BOUND ( 'NONE', #1164, .T. ) ;
#521 = ORIENTED_EDGE ( 'NONE', *, *, #2266, .T. ) ;
#522 = EDGE_CURVE ( 'NONE', #1856, #1446, #3264, .T. ) ;
#523 = CARTESIAN_POINT ( 'NONE',  ( -116.0000000000001137, -3.632201393770863872E-15, -43.00000000000000000 ) ) ;
#524 = DIRECTION ( 'NONE',  ( -1.000000000000000000, 0.000000000000000000, 3.469446951953611033E-15 ) ) ;
#525 = EDGE_CURVE ( 'NONE', #1235, #3340, #3308, .T. ) ;
#526 = ORIENTED_EDGE ( 'NONE', *, *, #584, .T. ) ;
#527 = LINE ( 'NONE', #859, #486 ) ;
#528 = DIRECTION ( 'NONE',  ( -0.000000000000000000, -0.000000000000000000, 1.000000000000000000 ) ) ;
#529 = DIRECTION ( 'NONE',  ( -1.000000000000000000, 0.000000000000000000, -0.000000000000000000 ) ) ;
#530 = DIRECTION ( 'NONE',  ( 6.938893903907240211E-16, -0.7071067811865516806, 0.7071067811865434649 ) ) ;
#531 = ORIENTED_EDGE ( 'NONE', *, *, #3625, .T. ) ;
#532 = DIRECTION ( 'NONE',  ( -1.000000000000000000, -0.000000000000000000, 3.469446951953614189E-15 ) ) ;
#533 = DIRECTION ( 'NONE',  ( 0.000000000000000000, -0.7071067811865436870, -0.7071067811865513475 ) ) ;
#534 = LINE ( 'NONE', #1443, #616 ) ;
#535 = ORIENTED_EDGE ( 'NONE', *, *, #2607, .F. ) ;
#536 = ORIENTED_EDGE ( 'NONE', *, *, #1707, .T. ) ;
#537 = ORIENTED_EDGE ( 'NONE', *, *, #889, .T. ) ;
#538 = CARTESIAN_POINT ( 'NONE',  ( 112.6145467199748964, 163.8602880625659566, -3.200333157601886303 ) ) ;
#539 = ADVANCED_FACE ( 'NONE', ( #2298 ), #1079, .F. ) ;
#540 = PLANE ( 'NONE',  #217 ) ;
#541 = ORIENTED_EDGE ( 'NONE', *, *, #47, .T. ) ;
#542 = DIRECTION ( 'NONE',  ( -1.000000000000000000, -0.000000000000000000, 3.469446951953614189E-15 ) ) ;
#543 = CARTESIAN_POINT ( 'NONE',  ( -20.00000000000000000, 223.3666395337804431, -57.62399884666053396 ) ) ;
#544 = CLOSED_SHELL ( 'NONE', ( #2490, #838, #1500, #595, #2389, #2596, #2350, #3990, #2747, #1381, #845, #3220, #464, #1795, #896, #736, #3552, #604, #3886, #3817, #189, #3938, #921, #2769, #1433, #2414, #2700, #1863, #1245, #645, #1623, #1209, #2116, #1807, #2280, #800, #1008, #1082, #2063, #1996, #3412, #833, #4071, #3879, #1118, #3389, #2132, #3269, #2867, #1149, #2977, #1471, #883, #2714, #3813, #3135, #3124, #36, #1910, #539, #1489, #468, #705, #2225, #2591, #2179, #3933, #2431, #3632, #3401, #1985, #1095, #2403, #3326, #3583, #2189, #3230, #651, #1534, #157, #46, #1638, #3698, #3100, #1315, #2645, #2358, #3999, #1937, #2660, #4004, #2890, #1842, #3752, #2654, #1104, #2520, #817, #1225, #3207, #2158, #3661, #2830, #3742, #1962, #3870, #902, #649, #3769, #3147, #2234, #4063, #3648, #2278, #210, #3272, #1890, #423, #1742, #2724 ) ) ;
#545 = VECTOR ( 'NONE', #3054, 1000.000000000000000 ) ;
#546 = CIRCLE ( 'NONE', #3634, 1.249999999999987121 ) ;
#547 = EDGE_LOOP ( 'NONE', ( #1840, #1465, #2721, #2605, #344, #3339, #2757, #3547 ) ) ;
#548 = CARTESIAN_POINT ( 'NONE',  ( 115.9999999999999574, 164.8068198288081589, -3.980552901488229711 ) ) ;
#549 = DIRECTION ( 'NONE',  ( -1.000000000000000000, -0.000000000000000000, 3.469446951953614189E-15 ) ) ;
#550 = CARTESIAN_POINT ( 'NONE',  ( 52.00000000000003553, 216.8259018078049110, -65.22539674441598834 ) ) ;
#551 = AXIS2_PLACEMENT_3D ( 'NONE', #3514, #964, #1929 ) ;
#552 = LINE ( 'NONE', #3005, #3299 ) ;
#553 = AXIS2_PLACEMENT_3D ( 'NONE', #2510, #1692, #3256 ) ;
#554 = EDGE_CURVE ( 'NONE', #3851, #2453, #1803, .T. ) ;
#555 = ORIENTED_EDGE ( 'NONE', *, *, #3291, .F. ) ;
#556 = VECTOR ( 'NONE', #3678, 1000.000000000000000 ) ;
#557 = DIRECTION ( 'NONE',  ( -1.000000000000000000, -0.000000000000000000, 3.469446951953614189E-15 ) ) ;
#558 = CARTESIAN_POINT ( 'NONE',  ( 113.0000000000000568, 189.0735931288074596, -71.25000000000071054 ) ) ;
#559 = CARTESIAN_POINT ( 'NONE',  ( 112.7996668423981532, 164.7435685928901421, -3.788681849162792936 ) ) ;
#560 = AXIS2_PLACEMENT_3D ( 'NONE', #214, #2998, #178 ) ;
#561 = EDGE_LOOP ( 'NONE', ( #139, #1226 ) ) ;
#562 = ORIENTED_EDGE ( 'NONE', *, *, #1015, .F. ) ;
#563 = EDGE_LOOP ( 'NONE', ( #2260, #1150, #3751, #13 ) ) ;
#564 = FACE_OUTER_BOUND ( 'NONE', #1790, .T. ) ;
#565 = VECTOR ( 'NONE', #35, 1000.000000000000000 ) ;
#566 = DIRECTION ( 'NONE',  ( 1.000000000000000000, -2.793261385626813401E-31, -3.469446951953613794E-15 ) ) ;
#567 = ORIENTED_EDGE ( 'NONE', *, *, #2500, .T. ) ;
#568 = AXIS2_PLACEMENT_3D ( 'NONE', #1267, #428, #732 ) ;
#569 = CC_DESIGN_PERSON_AND_ORGANIZATION_ASSIGNMENT ( #4051, #729, ( #105 ) ) ;
#570 = CARTESIAN_POINT ( 'NONE',  ( 114.0144759214835517, 163.9053877375781383, -0.5048544465830199224 ) ) ;
#571 = LINE ( 'NONE', #3324, #1679 ) ;
#572 = CC_DESIGN_APPROVAL ( #3803, ( #2011 ) ) ;
#573 = CARTESIAN_POINT ( 'NONE',  ( 113.0000000000000853, 135.4999999999999432, -33.00000000000081002 ) ) ;
#574 = DIRECTION ( 'NONE',  ( -1.000000000000000000, -2.453269466693385605E-15, -2.453269466693411243E-15 ) ) ;
#575 = FACE_OUTER_BOUND ( 'NONE', #3235, .T. ) ;
#576 = PLANE ( 'NONE',  #682 ) ;
#577 = ORIENTED_EDGE ( 'NONE', *, *, #522, .F. ) ;
#578 = FACE_OUTER_BOUND ( 'NONE', #273, .T. ) ;
#579 = DIRECTION ( 'NONE',  ( -0.000000000000000000, -0.7071067811865437980, -0.7071067811865512365 ) ) ;
#580 = DIRECTION ( 'NONE',  ( -0.000000000000000000, 0.7071067811865437980, 0.7071067811865513475 ) ) ;
#581 = ORIENTED_EDGE ( 'NONE', *, *, #1850, .F. ) ;
#582 = ORIENTED_EDGE ( 'NONE', *, *, #1162, .F. ) ;
#583 = ORIENTED_EDGE ( 'NONE', *, *, #3464, .T. ) ;
#584 = EDGE_CURVE ( 'NONE', #391, #2835, #1409, .T. ) ;
#585 = CARTESIAN_POINT ( 'NONE',  ( 112.0000000000000000, 164.0857864376268935, -3.000000000000082601 ) ) ;
#586 = CARTESIAN_POINT ( 'NONE',  ( 78.75000000000004263, 1.530808498934175793E-16, -3.000000000000000000 ) ) ;
#587 = VERTEX_POINT ( 'NONE', #2026 ) ;
#588 = EDGE_CURVE ( 'NONE', #1096, #1554, #21, .T. ) ;
#589 = CARTESIAN_POINT ( 'NONE',  ( 74.50000000000001421, 226.3011326757046504, -60.55849198858469151 ) ) ;
#590 = FACE_BOUND ( 'NONE', #2750, .T. ) ;
#591 = EDGE_CURVE ( 'NONE', #2157, #233, #480, .T. ) ;
#592 = CARTESIAN_POINT ( 'NONE',  ( -116.0000000000001137, 225.3111831820437487, -120.3797256769665864 ) ) ;
#593 = CARTESIAN_POINT ( 'NONE',  ( -116.0000000000000568, -134.5000000000000284, -33.00000000000000711 ) ) ;
#594 = DIRECTION ( 'NONE',  ( 1.000000000000000000, 0.000000000000000000, 0.000000000000000000 ) ) ;
#595 = ADVANCED_FACE ( 'NONE', ( #2497 ), #1570, .F. ) ;
#596 = DIRECTION ( 'NONE',  ( 0.000000000000000000, 0.3826834323650908920, 0.9238795325112862944 ) ) ;
#597 = DIRECTION ( 'NONE',  ( -0.000000000000000000, -1.000000000000000000, -0.000000000000000000 ) ) ;
#598 = DIRECTION ( 'NONE',  ( 1.000000000000000000, 0.000000000000000000, 0.000000000000000000 ) ) ;
#599 = CARTESIAN_POINT ( 'NONE',  ( -115.9999999999999716, 163.5445903374807415, -4.000000000000021316 ) ) ;
#600 = ORIENTED_EDGE ( 'NONE', *, *, #2615, .F. ) ;
#601 = ORIENTED_EDGE ( 'NONE', *, *, #959, .F. ) ;
#602 = CARTESIAN_POINT ( 'NONE',  ( 115.9999999999999716, 164.0857864376269220, -2.602085213965210642E-14 ) ) ;
#603 = EDGE_CURVE ( 'NONE', #3788, #3294, #1536, .T. ) ;
#604 = ADVANCED_FACE ( 'NONE', ( #3234 ), #3621, .F. ) ;
#605 = ORIENTED_EDGE ( 'NONE', *, *, #2994, .T. ) ;
#606 = DIRECTION ( 'NONE',  ( -0.000000000000000000, -0.000000000000000000, 1.000000000000000000 ) ) ;
#607 = AXIS2_PLACEMENT_3D ( 'NONE', #1107, #759, #1359 ) ;
#608 = LINE ( 'NONE', #2501, #955 ) ;
#609 = PERSON_AND_ORGANIZATION ( #1244, #1354 ) ;
#610 = CIRCLE ( 'NONE', #3703, 1.250000000000000444 ) ;
#611 = VECTOR ( 'NONE', #2291, 1000.000000000000000 ) ;
#612 = CARTESIAN_POINT ( 'NONE',  ( 115.9999999999999716, 164.0857864376269220, -2.602085213965210642E-14 ) ) ;
#613 = EDGE_CURVE ( 'NONE', #3624, #40, #1867, .T. ) ;
#614 = CARTESIAN_POINT ( 'NONE',  ( -112.9999999999999858, 164.4684698699920204, -4.382683432365096721 ) ) ;
#615 = CIRCLE ( 'NONE', #3900, 1.249999999999862332 ) ;
#616 = VECTOR ( 'NONE', #2743, 1000.000000000000000 ) ;
#617 = DIRECTION ( 'NONE',  ( -1.000000000000000000, -0.000000000000000000, 3.469446951953614189E-15 ) ) ;
#618 = PLANE ( 'NONE',  #3245 ) ;
#619 = ORIENTED_EDGE ( 'NONE', *, *, #1454, .F. ) ;
#620 = AXIS2_PLACEMENT_3D ( 'NONE', #2873, #3163, #3782 ) ;
#621 = ORIENTED_EDGE ( 'NONE', *, *, #456, .F. ) ;
#622 = AXIS2_PLACEMENT_3D ( 'NONE', #2672, #3307, #3948 ) ;
#623 = EDGE_LOOP ( 'NONE', ( #2946, #2356 ) ) ;
#624 = CARTESIAN_POINT ( 'NONE',  ( -116.0000000000000568, -134.5000000000000284, -31.75000000000000711 ) ) ;
#625 = VECTOR ( 'NONE', #2955, 1000.000000000000114 ) ;
#626 = ORIENTED_EDGE ( 'NONE', *, *, #381, .F. ) ;
#627 = CIRCLE ( 'NONE', #1739, 5.750000000000014211 ) ;
#628 = CYLINDRICAL_SURFACE ( 'NONE', #2457, 1.249999999999973355 ) ;
#629 = VECTOR ( 'NONE', #1706, 1000.000000000000114 ) ;
#630 = LINE ( 'NONE', #2178, #818 ) ;
#631 = APPLICATION_PROTOCOL_DEFINITION ( 'international standard', 'config_control_design', 1994, #1128 ) ;
#632 = DIRECTION ( 'NONE',  ( -0.000000000000000000, -0.000000000000000000, 1.000000000000000000 ) ) ;
#633 = CARTESIAN_POINT ( 'NONE',  ( -12.00000000000000000, 226.1950666585266561, -64.69506665852603078 ) ) ;
#634 = CARTESIAN_POINT ( 'NONE',  ( -12.00000000000000000, 220.3614357137376771, -68.76093065034868346 ) ) ;
#635 = CARTESIAN_POINT ( 'NONE',  ( -12.00000000000000000, 228.3163870020863158, -62.57374631496634265 ) ) ;
#636 = DIRECTION ( 'NONE',  ( 0.000000000000000000, -0.7071067811865475727, 0.7071067811865475727 ) ) ;
#637 = EDGE_CURVE ( 'NONE', #1085, #3851, #2677, .T. ) ;
#638 = ORIENTED_EDGE ( 'NONE', *, *, #3203, .F. ) ;
#639 = ORIENTED_EDGE ( 'NONE', *, *, #1920, .F. ) ;
#640 = ORIENTED_EDGE ( 'NONE', *, *, #2942, .F. ) ;
#641 = FACE_BOUND ( 'NONE', #1941, .T. ) ;
#642 = EDGE_CURVE ( 'NONE', #1967, #1835, #3932, .T. ) ;
#643 = ORIENTED_EDGE ( 'NONE', *, *, #2354, .F. ) ;
#644 = CARTESIAN_POINT ( 'NONE',  ( 68.00000000000002842, 221.7756492761107268, -60.27564927611012990 ) ) ;
#645 = ADVANCED_FACE ( 'NONE', ( #2037, #1114, #435, #2062, #3542, #2944, #1977, #107, #2020, #1364 ), #1380, .F. ) ;
#646 = DIRECTION ( 'NONE',  ( 0.000000000000000000, 0.000000000000000000, -1.000000000000000000 ) ) ;
#647 = CARTESIAN_POINT ( 'NONE',  ( 1.530052174732959625E-14, 189.9558441227159165, -28.45584412271565000 ) ) ;
#648 = CARTESIAN_POINT ( 'NONE',  ( 1.387778780781445676E-14, -120.0000000000000000, 0.000000000000000000 ) ) ;
#649 = ADVANCED_FACE ( 'NONE', ( #2760 ), #1523, .F. ) ;
#650 = CARTESIAN_POINT ( 'NONE',  ( -116.0000000000002274, 189.0735931288074596, -70.00000000000000000 ) ) ;
#651 = ADVANCED_FACE ( 'NONE', ( #848 ), #2413, .F. ) ;
#652 = LINE ( 'NONE', #612, #3439 ) ;
#653 = CARTESIAN_POINT ( 'NONE',  ( -112.2617993877991580, 164.8566737908743391, -3.356673790874313390 ) ) ;
#654 = FACE_OUTER_BOUND ( 'NONE', #1091, .T. ) ;
#655 = CARTESIAN_POINT ( 'NONE',  ( 1.387778780781445676E-14, 120.0000000000000000, 1.402220585023716934E-15 ) ) ;
#656 = ORIENTED_EDGE ( 'NONE', *, *, #2056, .T. ) ;
#657 = VERTEX_POINT ( 'NONE', #2695 ) ;
#658 = EDGE_LOOP ( 'NONE', ( #3764, #1426, #2954, #1169 ) ) ;
#659 = CARTESIAN_POINT ( 'NONE',  ( 11.99999999999997868, 223.8969696196704149, -72.29646455628142121 ) ) ;
#660 = FACE_OUTER_BOUND ( 'NONE', #2761, .T. ) ;
#661 = CARTESIAN_POINT ( 'NONE',  ( 0.000000000000000000, 166.9142135623730780, -1.171572875253809709 ) ) ;
#662 = ORIENTED_EDGE ( 'NONE', *, *, #1391, .T. ) ;
#663 = DIRECTION ( 'NONE',  ( 0.000000000000000000, -0.7071067811865474617, 0.7071067811865474617 ) ) ;
#664 = EDGE_CURVE ( 'NONE', #2376, #1276, #1462, .T. ) ;
#665 = CARTESIAN_POINT ( 'NONE',  ( -111.9999999999999716, -164.5000000000000284, -4.000000000000021316 ) ) ;
#666 = PERSON_AND_ORGANIZATION ( #1244, #1354 ) ;
#667 = DIRECTION ( 'NONE',  ( 1.000000000000000000, -2.793261385626813401E-31, -3.469446951953613794E-15 ) ) ;
#668 = DIRECTION ( 'NONE',  ( 0.000000000000000000, 0.000000000000000000, -1.000000000000000000 ) ) ;
#669 = DIRECTION ( 'NONE',  ( 0.000000000000000000, -0.7071067811865519026, 0.7071067811865431318 ) ) ;
#670 = CARTESIAN_POINT ( 'NONE',  ( 112.9999999999999716, 163.5445903374807131, -4.000000000000031086 ) ) ;
#671 = AXIS2_PLACEMENT_3D ( 'NONE', #1185, #542, #2440 ) ;
#672 = ORIENTED_EDGE ( 'NONE', *, *, #2001, .T. ) ;
#673 = B_SPLINE_SURFACE_WITH_KNOTS ( 'NONE', 1, 3, ( 
 ( #2360, #2303, #3612, #793, #70, #1329, #2586, #1025, #2321, #2283 ),
 ( #3553, #1970, #3226, #132, #731, #3573, #757, #2014, #1213, #3699 ),
 ( #3039, #4009, #877, #3304, #2736, #2142, #2050, #3328, #3726, #1151 ),
 ( #220, #3367, #2442, #2377, #2426, #1435, #2098, #2405, #2770, #1782 ) ),
 .UNSPECIFIED., .F., .F., .F.,
 ( 2, 1, 1, 2 ),
 ( 4, 2, 2, 2, 4 ),
 ( -0.01000000000000000021, 0.000000000000000000, 1.000000000000000000, 1.010099999999999998 ),
 ( 0.000000000000000000, 0.2500000000000000000, 0.5000000000000000000, 0.7500000000000000000, 1.000000000000000000 ),
 .UNSPECIFIED. ) ;
#674 = AXIS2_PLACEMENT_3D ( 'NONE', #687, #3159, #1946 ) ;
#675 = EDGE_CURVE ( 'NONE', #1440, #2686, #534, .T. ) ;
#676 = VERTEX_POINT ( 'NONE', #1789 ) ;
#677 = EDGE_LOOP ( 'NONE', ( #1879, #3880, #863, #3605 ) ) ;
#678 = CIRCLE ( 'NONE', #1146, 3.999999999999998224 ) ;
#679 = FACE_OUTER_BOUND ( 'NONE', #192, .T. ) ;
#680 = DIRECTION ( 'NONE',  ( -1.000000000000000000, -0.000000000000000000, 3.469446951953614189E-15 ) ) ;
#681 = VECTOR ( 'NONE', #1312, 1000.000000000000000 ) ;
#682 = AXIS2_PLACEMENT_3D ( 'NONE', #3615, #2053, #3681 ) ;
#683 = EDGE_LOOP ( 'NONE', ( #770, #3338, #968, #2740 ) ) ;
#684 = ORIENTED_EDGE ( 'NONE', *, *, #776, .T. ) ;
#685 = CARTESIAN_POINT ( 'NONE',  ( -115.8958907066732422, 163.6347896875051049, -2.953008462562943137 ) ) ;
#686 = AXIS2_PLACEMENT_3D ( 'NONE', #2753, #505, #3394 ) ;
#687 = CARTESIAN_POINT ( 'NONE',  ( -79.99999999999998579, 120.0000000000000000, -3.000000000000000000 ) ) ;
#688 = VECTOR ( 'NONE', #148, 1000.000000000000114 ) ;
#689 = EDGE_CURVE ( 'NONE', #830, #951, #866, .T. ) ;
#690 = FACE_OUTER_BOUND ( 'NONE', #1513, .T. ) ;
#691 = CIRCLE ( 'NONE', #960, 3.199999999999994849 ) ;
#692 = PERSON_AND_ORGANIZATION_ROLE ( 'design_owner' ) ;
#693 = CIRCLE ( 'NONE', #170, 1.600000000000002309 ) ;
#694 = ORIENTED_EDGE ( 'NONE', *, *, #2363, .T. ) ;
#695 = CARTESIAN_POINT ( 'NONE',  ( 11.99999999999997868, 223.8969696196703580, -58.15432893255047020 ) ) ;
#696 = CARTESIAN_POINT ( 'NONE',  ( -113.0000000000001137, 147.3902614049299871, -43.00000000000002842 ) ) ;
#697 = CARTESIAN_POINT ( 'NONE',  ( 34.50000000000000000, 220.3614357137376771, -68.76093065034868346 ) ) ;
#698 = LINE ( 'NONE', #3969, #2985 ) ;
#699 = ORIENTED_EDGE ( 'NONE', *, *, #3861, .F. ) ;
#700 = ORIENTED_EDGE ( 'NONE', *, *, #3921, .T. ) ;
#701 = DIRECTION ( 'NONE',  ( 0.000000000000000000, 0.7071067811865512365, -0.7071067811865439090 ) ) ;
#702 = DIRECTION ( 'NONE',  ( -0.000000000000000000, -1.000000000000000000, -0.000000000000000000 ) ) ;
#703 = LINE ( 'NONE', #1959, #1142 ) ;
#704 = ORIENTED_EDGE ( 'NONE', *, *, #911, .T. ) ;
#705 = ADVANCED_FACE ( 'NONE', ( #2168 ), #2325, .F. ) ;
#706 = ORIENTED_EDGE ( 'NONE', *, *, #1868, .F. ) ;
#707 = DIRECTION ( 'NONE',  ( -1.000000000000000000, -0.000000000000000000, 3.469446951953614189E-15 ) ) ;
#708 = ORIENTED_EDGE ( 'NONE', *, *, #901, .T. ) ;
#709 = CARTESIAN_POINT ( 'NONE',  ( -116.0000000000000711, -114.5000000000000284, -31.75000000000002132 ) ) ;
#710 = CARTESIAN_POINT ( 'NONE',  ( 27.99999999999997868, 80.74999999999913314, 80.74999999999997158 ) ) ;
#711 = ORIENTED_EDGE ( 'NONE', *, *, #2540, .F. ) ;
#712 = CARTESIAN_POINT ( 'NONE',  ( -81.24999999999997158, 120.0000000000000000, 1.402220585023716934E-15 ) ) ;
#713 = CARTESIAN_POINT ( 'NONE',  ( -78.75000000000001421, 120.0000000000000000, 0.000000000000000000 ) ) ;
#714 = EDGE_CURVE ( 'NONE', #1880, #2453, #3028, .T. ) ;
#715 = CARTESIAN_POINT ( 'NONE',  ( 111.9999999999999574, 253.5954544295054802, -92.09545442950462757 ) ) ;
#716 = CARTESIAN_POINT ( 'NONE',  ( 111.9999999999999574, 166.9142135623731349, -1.171572875253831914 ) ) ;
#717 = ORIENTED_EDGE ( 'NONE', *, *, #3281, .T. ) ;
#718 = VERTEX_POINT ( 'NONE', #599 ) ;
#719 = CARTESIAN_POINT ( 'NONE',  ( -116.0000000000002274, 189.0735931288074596, -71.24999999999998579 ) ) ;
#720 = DIRECTION ( 'NONE',  ( -0.000000000000000000, -0.7071067811865437980, -0.7071067811865512365 ) ) ;
#721 = DIRECTION ( 'NONE',  ( -0.000000000000000000, 0.7071067811865437980, 0.7071067811865513475 ) ) ;
#722 = ORIENTED_EDGE ( 'NONE', *, *, #642, .F. ) ;
#723 = ORIENTED_EDGE ( 'NONE', *, *, #2106, .F. ) ;
#724 = CARTESIAN_POINT ( 'NONE',  ( 116.0000000000004832, -134.5000000000000284, -34.25000000000067502 ) ) ;
#725 = EDGE_CURVE ( 'NONE', #1424, #1689, #1997, .T. ) ;
#726 = ORIENTED_EDGE ( 'NONE', *, *, #1261, .F. ) ;
#727 = VERTEX_POINT ( 'NONE', #2548 ) ;
#728 = DIRECTION ( 'NONE',  ( 3.469446951953613794E-15, 1.555753819465285427E-61, 1.000000000000000000 ) ) ;
#729 = PERSON_AND_ORGANIZATION_ROLE ( 'classification_officer' ) ;
#730 = EDGE_LOOP ( 'NONE', ( #2006, #62, #2435, #1750 ) ) ;
#731 = CARTESIAN_POINT ( 'NONE',  ( -115.1986673695927408, 163.7700887125416500, -1.541813120100402612 ) ) ;
#732 = DIRECTION ( 'NONE',  ( 1.000000000000000000, 0.000000000000000000, 0.000000000000000000 ) ) ;
#733 = DIRECTION ( 'NONE',  ( 0.000000000000000000, -0.7071067811865509034, 0.7071067811865442421 ) ) ;
#734 = VERTEX_POINT ( 'NONE', #2493 ) ;
#735 = DIRECTION ( 'NONE',  ( 1.000000000000000000, 0.000000000000000000, 0.000000000000000000 ) ) ;
#736 = ADVANCED_FACE ( 'NONE', ( #1234 ), #928, .F. ) ;
#737 = ORIENTED_EDGE ( 'NONE', *, *, #425, .T. ) ;
#738 = CARTESIAN_POINT ( 'NONE',  ( -46.50000000000000000, 221.4928065636361509, -69.89230150024715726 ) ) ;
#739 = DIRECTION ( 'NONE',  ( 0.000000000000000000, -0.7071067811865524577, 0.7071067811865426878 ) ) ;
#740 = ORIENTED_EDGE ( 'NONE', *, *, #1309, .T. ) ;
#741 = AXIS2_PLACEMENT_3D ( 'NONE', #3877, #2622, #110 ) ;
#742 = ORIENTED_EDGE ( 'NONE', *, *, #1372, .T. ) ;
#743 = CIRCLE ( 'NONE', #3242, 1.249999999999987121 ) ;
#744 = CARTESIAN_POINT ( 'NONE',  ( -116.0000000000001137, -164.5000000000000284, -42.99999999999999289 ) ) ;
#745 = CARTESIAN_POINT ( 'NONE',  ( -1.249999999999973355, -120.0000000000000000, 1.402220585023716934E-15 ) ) ;
#746 = VECTOR ( 'NONE', #3026, 1000.000000000000000 ) ;
#747 = VECTOR ( 'NONE', #2606, 1000.000000000000000 ) ;
#748 = ORIENTED_EDGE ( 'NONE', *, *, #3758, .F. ) ;
#749 = ORIENTED_EDGE ( 'NONE', *, *, #725, .F. ) ;
#750 = AXIS2_PLACEMENT_3D ( 'NONE', #665, #1923, #3778 ) ;
#751 = CARTESIAN_POINT ( 'NONE',  ( -116.0000000000001137, 225.3111831820437487, -120.3797256769666006 ) ) ;
#752 = LINE ( 'NONE', #661, #805 ) ;
#753 = VECTOR ( 'NONE', #1661, 1000.000000000000000 ) ;
#754 = EDGE_CURVE ( 'NONE', #3073, #2313, #1077, .T. ) ;
#755 = ORIENTED_EDGE ( 'NONE', *, *, #219, .F. ) ;
#756 = AXIS2_PLACEMENT_3D ( 'NONE', #3920, #2401, #3610 ) ;
#757 = CARTESIAN_POINT ( 'NONE',  ( -114.0144759214836085, 163.9053877375781667, -0.5048544465830072658 ) ) ;
#758 = CARTESIAN_POINT ( 'NONE',  ( -112.2538169234632051, 164.8174020027142319, -3.395945579034485018 ) ) ;
#759 = DIRECTION ( 'NONE',  ( -0.000000000000000000, -0.7071067811865437980, -0.7071067811865512365 ) ) ;
#760 = VECTOR ( 'NONE', #1461, 1000.000000000000000 ) ;
#761 = ORIENTED_EDGE ( 'NONE', *, *, #554, .T. ) ;
#762 = DIRECTION ( 'NONE',  ( -1.000000000000000000, -2.111744996378410988E-16, -3.469446951953614189E-15 ) ) ;
#763 = CC_DESIGN_APPROVAL ( #988, ( #105 ) ) ;
#764 = LINE ( 'NONE', #2349, #1741 ) ;
#765 = CC_DESIGN_PERSON_AND_ORGANIZATION_ASSIGNMENT ( #666, #1904, ( #3739 ) ) ;
#766 = ORIENTED_EDGE ( 'NONE', *, *, #300, .F. ) ;
#767 = EDGE_LOOP ( 'NONE', ( #740, #1704, #2404, #2227 ) ) ;
#768 = CARTESIAN_POINT ( 'NONE',  ( 45.50000000000000000, 227.4325035256031242, -61.68986283848317242 ) ) ;
#769 = EDGE_CURVE ( 'NONE', #1464, #1566, #37, .T. ) ;
#770 = ORIENTED_EDGE ( 'NONE', *, *, #2638, .F. ) ;
#771 = DIRECTION ( 'NONE',  ( 1.387778780781502158E-14, -0.000000000000000000, 1.000000000000000000 ) ) ;
#772 = CARTESIAN_POINT ( 'NONE',  ( -51.50000000000000000, 232.7358043845022451, -66.99316369738227195 ) ) ;
#773 = EDGE_CURVE ( 'NONE', #2327, #418, #3721, .T. ) ;
#774 = VERTEX_POINT ( 'NONE', #3151 ) ;
#775 = DIRECTION ( 'NONE',  ( -1.000000000000000000, -0.000000000000000000, 3.469446951953614189E-15 ) ) ;
#776 = EDGE_CURVE ( 'NONE', #4041, #1967, #1909, .T. ) ;
#777 = DIRECTION ( 'NONE',  ( -5.916456789157590292E-31, -0.7071067811865513475, 0.7071067811865436870 ) ) ;
#778 = LINE ( 'NONE', #3537, #291 ) ;
#779 = EDGE_CURVE ( 'NONE', #830, #419, #2914, .T. ) ;
#780 = EDGE_LOOP ( 'NONE', ( #3551, #82, #74, #930 ) ) ;
#781 = FACE_OUTER_BOUND ( 'NONE', #2077, .T. ) ;
#782 = DIRECTION ( 'NONE',  ( -0.000000000000000000, 0.7071067811865437980, 0.7071067811865513475 ) ) ;
#783 = ORIENTED_EDGE ( 'NONE', *, *, #2666, .T. ) ;
#784 = ORIENTED_EDGE ( 'NONE', *, *, #2953, .F. ) ;
#785 = ORIENTED_EDGE ( 'NONE', *, *, #2450, .F. ) ;
#786 = CARTESIAN_POINT ( 'NONE',  ( -68.50000000000000000, 80.74999999999913314, 80.74999999999997158 ) ) ;
#787 = ORIENTED_EDGE ( 'NONE', *, *, #1454, .T. ) ;
#788 = DIRECTION ( 'NONE',  ( 1.000000000000000000, -2.451788122981419615E-15, -2.377682034138010941E-15 ) ) ;
#789 = EDGE_CURVE ( 'NONE', #1425, #734, #1212, .T. ) ;
#790 = LINE ( 'NONE', #695, #280 ) ;
#791 = DIRECTION ( 'NONE',  ( -0.000000000000000000, 0.7071067811865437980, 0.7071067811865513475 ) ) ;
#792 = ORIENTED_EDGE ( 'NONE', *, *, #3393, .F. ) ;
#793 = CARTESIAN_POINT ( 'NONE',  ( -115.5213591450676631, 163.7249890375294683, -1.970415509105331697 ) ) ;
#794 = CARTESIAN_POINT ( 'NONE',  ( -112.7996668423981959, 164.7435685928901137, -3.788681849162793380 ) ) ;
#795 = LINE ( 'NONE', #3397, #150 ) ;
#796 = CARTESIAN_POINT ( 'NONE',  ( 68.00000000000002842, 223.8969696196703580, -58.15432893255047020 ) ) ;
#797 = EDGE_LOOP ( 'NONE', ( #2698, #1603, #1269, #2273 ) ) ;
#798 = DIRECTION ( 'NONE',  ( 0.000000000000000000, -0.7071067811865496822, 0.7071067811865453523 ) ) ;
#799 = LINE ( 'NONE', #467, #1224 ) ;
#800 = ADVANCED_FACE ( 'NONE', ( #948 ), #3189, .T. ) ;
#801 = ORIENTED_EDGE ( 'NONE', *, *, #3344, .F. ) ;
#802 = EDGE_LOOP ( 'NONE', ( #1900, #2639, #2679, #2007 ) ) ;
#803 = AXIS2_PLACEMENT_3D ( 'NONE', #4069, #632, #1891 ) ;
#804 = DIRECTION ( 'NONE',  ( 0.000000000000000000, -0.7071067811865437980, -0.7071067811865513475 ) ) ;
#805 = VECTOR ( 'NONE', #4023, 1000.000000000000000 ) ;
#806 = ORIENTED_EDGE ( 'NONE', *, *, #1299, .T. ) ;
#807 = AXIS2_PLACEMENT_3D ( 'NONE', #509, #2364, #1748 ) ;
#808 = FACE_BOUND ( 'NONE', #929, .T. ) ;
#809 = VECTOR ( 'NONE', #3059, 1000.000000000000000 ) ;
#810 = AXIS2_PLACEMENT_3D ( 'NONE', #2949, #2907, #3940 ) ;
#811 = CARTESIAN_POINT ( 'NONE',  ( 113.0000000000000853, 135.4999999999999432, -31.75000000000088818 ) ) ;
#812 = EDGE_CURVE ( 'NONE', #206, #398, #678, .T. ) ;
#813 = CIRCLE ( 'NONE', #1341, 1.249999999999917843 ) ;
#814 = VECTOR ( 'NONE', #2852, 1000.000000000000000 ) ;
#815 = ORIENTED_EDGE ( 'NONE', *, *, #2373, .F. ) ;
#816 = CARTESIAN_POINT ( 'NONE',  ( -116.0000000000000711, -114.5000000000000284, -31.75000000000008527 ) ) ;
#817 = ADVANCED_FACE ( 'NONE', ( #2875 ), #1546, .F. ) ;
#818 = VECTOR ( 'NONE', #317, 1000.000000000000000 ) ;
#819 = CARTESIAN_POINT ( 'NONE',  ( -79.99999999999998579, 0.000000000000000000, 0.000000000000000000 ) ) ;
#820 = LINE ( 'NONE', #1417, #1005 ) ;
#821 = CIRCLE ( 'NONE', #2854, 1.249999999999973355 ) ;
#822 = ORIENTED_EDGE ( 'NONE', *, *, #3143, .T. ) ;
#823 = CARTESIAN_POINT ( 'NONE',  ( -78.75000000000001421, -120.0000000000000000, -3.000000000000000000 ) ) ;
#824 = CARTESIAN_POINT ( 'NONE',  ( 74.50000000000001421, 221.4928065636361509, -69.89230150024717148 ) ) ;
#825 = CARTESIAN_POINT ( 'NONE',  ( 112.8473106607871017, 164.6862309164213798, -3.909800097692398335 ) ) ;
#826 = AXIS2_PLACEMENT_3D ( 'NONE', #2448, #579, #3110 ) ;
#827 = EDGE_CURVE ( 'NONE', #2425, #3545, #2265, .T. ) ;
#828 = ORIENTED_EDGE ( 'NONE', *, *, #3697, .T. ) ;
#829 = EDGE_LOOP ( 'NONE', ( #471, #404, #1711, #3607 ) ) ;
#830 = VERTEX_POINT ( 'NONE', #321 ) ;
#831 = AXIS2_PLACEMENT_3D ( 'NONE', #4010, #549, #2443 ) ;
#832 = DIRECTION ( 'NONE',  ( 1.000000000000000000, 0.000000000000000000, 0.000000000000000000 ) ) ;
#833 = ADVANCED_FACE ( 'NONE', ( #2803 ), #618, .T. ) ;
#834 = CARTESIAN_POINT ( 'NONE',  ( -113.0000000000001137, 225.3111831820437487, -120.3797256769666149 ) ) ;
#835 = ORIENTED_EDGE ( 'NONE', *, *, #2994, .F. ) ;
#836 = CARTESIAN_POINT ( 'NONE',  ( 112.9999999999999716, 163.5445903374807131, -4.000000000000038192 ) ) ;
#837 = CARTESIAN_POINT ( 'NONE',  ( -116.0000000000001137, 148.3141409374415502, -43.38268343236524771 ) ) ;
#838 = ADVANCED_FACE ( 'NONE', ( #4074 ), #1268, .F. ) ;
#839 = ORIENTED_EDGE ( 'NONE', *, *, #3383, .T. ) ;
#840 = DIRECTION ( 'NONE',  ( 0.000000000000000000, -1.000000000000000000, 0.000000000000000000 ) ) ;
#841 = FACE_OUTER_BOUND ( 'NONE', #898, .T. ) ;
#842 = DIRECTION ( 'NONE',  ( -0.000000000000000000, -0.000000000000000000, 1.000000000000000000 ) ) ;
#843 = DIRECTION ( 'NONE',  ( 1.000000000000000000, 0.000000000000000000, 0.000000000000000000 ) ) ;
#844 = ORIENTED_EDGE ( 'NONE', *, *, #2013, .F. ) ;
#845 = ADVANCED_FACE ( 'NONE', ( #2590 ), #1718, .F. ) ;
#846 = FACE_OUTER_BOUND ( 'NONE', #3693, .T. ) ;
#847 = DIRECTION ( 'NONE',  ( 3.276546970796260930E-15, -0.3826834323650907255, -0.9238795325112864054 ) ) ;
#848 = FACE_OUTER_BOUND ( 'NONE', #3805, .T. ) ;
#849 = ORIENTED_EDGE ( 'NONE', *, *, #3007, .F. ) ;
#850 = ORIENTED_EDGE ( 'NONE', *, *, #336, .F. ) ;
#851 = ORIENTED_EDGE ( 'NONE', *, *, #3960, .T. ) ;
#852 = LINE ( 'NONE', #1794, #545 ) ;
#853 = CARTESIAN_POINT ( 'NONE',  ( -116.0000000000002274, 189.0735931288074596, -70.00000000000000000 ) ) ;
#854 = VERTEX_POINT ( 'NONE', #384 ) ;
#855 = DIRECTION ( 'NONE',  ( 0.000000000000000000, 1.000000000000000000, 0.000000000000000000 ) ) ;
#856 = CYLINDRICAL_SURFACE ( 'NONE', #235, 1.000000000000000888 ) ;
#857 = EDGE_CURVE ( 'NONE', #718, #3357, #1646, .T. ) ;
#858 = ORIENTED_EDGE ( 'NONE', *, *, #2481, .T. ) ;
#859 = CARTESIAN_POINT ( 'NONE',  ( -78.75000000000001421, 0.000000000000000000, 0.000000000000000000 ) ) ;
#860 = CARTESIAN_POINT ( 'NONE',  ( 116.0000000000003126, 189.0735931288074596, -70.00000000000081002 ) ) ;
#861 = CARTESIAN_POINT ( 'NONE',  ( -90.00000000000000000, 222.6241774135345679, -71.02367235014560265 ) ) ;
#862 = CARTESIAN_POINT ( 'NONE',  ( 27.99999999999997868, 223.8969696196703580, -58.15432893255047020 ) ) ;
#863 = ORIENTED_EDGE ( 'NONE', *, *, #1560, .T. ) ;
#864 = DIRECTION ( 'NONE',  ( 0.000000000000000000, 0.000000000000000000, -1.000000000000000000 ) ) ;
#865 = CARTESIAN_POINT ( 'NONE',  ( 116.0000000000001137, 147.3902614049299586, -43.00000000000001421 ) ) ;
#866 = LINE ( 'NONE', #913, #86 ) ;
#867 = ORIENTED_EDGE ( 'NONE', *, *, #347, .F. ) ;
#868 = EDGE_LOOP ( 'NONE', ( #1220, #3192 ) ) ;
#869 = CARTESIAN_POINT ( 'NONE',  ( 112.2617478843592806, 163.9955870876025017, -3.026027323331762275 ) ) ;
#870 = CARTESIAN_POINT ( 'NONE',  ( 68.00000000000002842, 216.8259018078049110, -65.22539674441598834 ) ) ;
#871 = ORIENTED_EDGE ( 'NONE', *, *, #515, .F. ) ;
#872 = DIRECTION ( 'NONE',  ( 0.000000000000000000, 0.000000000000000000, 1.000000000000000000 ) ) ;
#873 = CARTESIAN_POINT ( 'NONE',  ( 112.9999999999999574, 253.5954544295054802, -92.09545442950457073 ) ) ;
#874 = CIRCLE ( 'NONE', #1532, 1.249999999999987121 ) ;
#875 = AXIS2_PLACEMENT_3D ( 'NONE', #2825, #3222, #646 ) ;
#876 = VECTOR ( 'NONE', #4061, 1000.000000000000000 ) ;
#877 = CARTESIAN_POINT ( 'NONE',  ( -112.9739726766682821, 163.6347896875051049, -3.738252115640751327 ) ) ;
#878 = CARTESIAN_POINT ( 'NONE',  ( -113.0000000000000711, -134.5000000000000284, -31.75000000000008527 ) ) ;
#879 = DIRECTION ( 'NONE',  ( 0.000000000000000000, -0.000000000000000000, 1.000000000000000000 ) ) ;
#880 = AXIS2_PLACEMENT_3D ( 'NONE', #1690, #1421, #798 ) ;
#881 = CARTESIAN_POINT ( 'NONE',  ( -115.9999999999999716, -164.5000000000000284, -3.000000000000000000 ) ) ;
#882 = CIRCLE ( 'NONE', #622, 1.249999999999924727 ) ;
#883 = ADVANCED_FACE ( 'NONE', ( #403 ), #2613, .T. ) ;
#884 = EDGE_LOOP ( 'NONE', ( #723, #16, #3750, #236 ) ) ;
#885 = CIRCLE ( 'NONE', #3384, 11.50000000000000355 ) ;
#886 = FACE_OUTER_BOUND ( 'NONE', #1725, .T. ) ;
#887 = CARTESIAN_POINT ( 'NONE',  ( -1.249999999999978906, 1.530808498934165686E-16, 0.000000000000000000 ) ) ;
#888 = CARTESIAN_POINT ( 'NONE',  ( 112.2538169234631624, 164.8174020027141751, -3.395945579034479245 ) ) ;
#889 = EDGE_CURVE ( 'NONE', #854, #1470, #3868, .T. ) ;
#890 = VECTOR ( 'NONE', #1322, 1000.000000000000000 ) ;
#891 = ORIENTED_EDGE ( 'NONE', *, *, #3320, .F. ) ;
#892 = ORIENTED_EDGE ( 'NONE', *, *, #2373, .T. ) ;
#893 = ORIENTED_EDGE ( 'NONE', *, *, #3794, .F. ) ;
#894 = CARTESIAN_POINT ( 'NONE',  ( 112.7754369370734793, 163.7700887125415932, -3.404074045640383073 ) ) ;
#895 = AXIS2_PLACEMENT_3D ( 'NONE', #164, #2676, #3010 ) ;
#896 = ADVANCED_FACE ( 'NONE', ( #462 ), #3555, .F. ) ;
#897 = DIRECTION ( 'NONE',  ( -0.000000000000000000, 0.7071067811865437980, 0.7071067811865513475 ) ) ;
#898 = EDGE_LOOP ( 'NONE', ( #643, #469, #2085, #971 ) ) ;
#899 = CIRCLE ( 'NONE', #2863, 5.750000000000014211 ) ;
#900 = CARTESIAN_POINT ( 'NONE',  ( 80.00000000000001421, 120.0000000000000000, 0.000000000000000000 ) ) ;
#901 = EDGE_CURVE ( 'NONE', #116, #2574, #1529, .T. ) ;
#902 = ADVANCED_FACE ( 'NONE', ( #2979 ), #119, .F. ) ;
#903 = DIRECTION ( 'NONE',  ( 0.000000000000000000, 0.7071067811865507924, -0.7071067811865441310 ) ) ;
#904 = EDGE_CURVE ( 'NONE', #2425, #2528, #4028, .T. ) ;
#905 = LINE ( 'NONE', #2849, #295 ) ;
#906 = FACE_OUTER_BOUND ( 'NONE', #3096, .T. ) ;
#907 = LINE ( 'NONE', #1559, #2789 ) ;
#908 = CYLINDRICAL_SURFACE ( 'NONE', #1664, 1.249999999999924727 ) ;
#909 = EDGE_CURVE ( 'NONE', #233, #2157, #2777, .T. ) ;
#910 = LINE ( 'NONE', #249, #3903 ) ;
#911 = EDGE_CURVE ( 'NONE', #208, #997, #778, .T. ) ;
#912 = FACE_OUTER_BOUND ( 'NONE', #3871, .T. ) ;
#913 = CARTESIAN_POINT ( 'NONE',  ( -116.0000000000002274, 189.0735931288074596, -68.75000000000008527 ) ) ;
#914 = VERTEX_POINT ( 'NONE', #716 ) ;
#915 = EDGE_LOOP ( 'NONE', ( #706, #254, #3068, #742 ) ) ;
#916 = ORIENTED_EDGE ( 'NONE', *, *, #1980, .T. ) ;
#917 = CARTESIAN_POINT ( 'NONE',  ( 112.8737863883542332, 163.7249890375294399, -3.496381019629152487 ) ) ;
#918 = ORIENTED_EDGE ( 'NONE', *, *, #1042, .F. ) ;
#919 = LINE ( 'NONE', #3447, #809 ) ;
#920 = CARTESIAN_POINT ( 'NONE',  ( 80.00000000000001421, -120.0000000000000000, 0.000000000000000000 ) ) ;
#921 = ADVANCED_FACE ( 'NONE', ( #2920 ), #2957, .F. ) ;
#922 = DIRECTION ( 'NONE',  ( 0.000000000000000000, 0.000000000000000000, 1.000000000000000000 ) ) ;
#923 = COORDINATED_UNIVERSAL_TIME_OFFSET ( 8, 0, .AHEAD. ) ;
#924 = ORIENTED_EDGE ( 'NONE', *, *, #4014, .T. ) ;
#925 = DIRECTION ( 'NONE',  ( -1.000000000000000000, 0.000000000000000000, 0.000000000000000000 ) ) ;
#926 = CARTESIAN_POINT ( 'NONE',  ( -112.8922269036097816, 164.7100090319707135, -3.886021982143010423 ) ) ;
#927 = CARTESIAN_POINT ( 'NONE',  ( 1.387778780781445676E-14, 120.0000000000000000, -3.000000000000000000 ) ) ;
#928 = CYLINDRICAL_SURFACE ( 'NONE', #3177, 1.250000000000005329 ) ;
#929 = EDGE_LOOP ( 'NONE', ( #749, #2430 ) ) ;
#930 = ORIENTED_EDGE ( 'NONE', *, *, #2230, .F. ) ;
#931 = ORIENTED_EDGE ( 'NONE', *, *, #2230, .T. ) ;
#932 = FACE_BOUND ( 'NONE', #3869, .T. ) ;
#933 = VERTEX_POINT ( 'NONE', #3925 ) ;
#934 = LINE ( 'NONE', #4046, #3499 ) ;
#935 = VECTOR ( 'NONE', #3847, 1000.000000000000000 ) ;
#936 = LINE ( 'NONE', #1848, #2200 ) ;
#937 = DIRECTION ( 'NONE',  ( -0.000000000000000000, -0.7071067811865437980, -0.7071067811865512365 ) ) ;
#938 = EDGE_CURVE ( 'NONE', #2662, #2154, #3631, .T. ) ;
#939 = DIRECTION ( 'NONE',  ( 1.000000000000000000, 0.000000000000000000, 0.000000000000000000 ) ) ;
#940 = AXIS2_PLACEMENT_3D ( 'NONE', #1643, #1328, #3036 ) ;
#941 = AXIS2_PLACEMENT_3D ( 'NONE', #211, #566, #2420 ) ;
#942 = EDGE_LOOP ( 'NONE', ( #785, #3029, #2025, #3347 ) ) ;
#943 = CARTESIAN_POINT ( 'NONE',  ( -112.0000000000000284, 164.0857864376268935, -1.994931997373328159E-14 ) ) ;
#944 = DIRECTION ( 'NONE',  ( -0.000000000000000000, -0.000000000000000000, 1.000000000000000000 ) ) ;
#945 = AXIS2_PLACEMENT_3D ( 'NONE', #3484, #707, #3157 ) ;
#946 = VECTOR ( 'NONE', #123, 1000.000000000000000 ) ;
#947 = CYLINDRICAL_SURFACE ( 'NONE', #1161, 1.249999999999917843 ) ;
#948 = FACE_OUTER_BOUND ( 'NONE', #915, .T. ) ;
#949 = VERTEX_POINT ( 'NONE', #1954 ) ;
#950 = AXIS2_PLACEMENT_3D ( 'NONE', #2262, #319, #2203 ) ;
#951 = VERTEX_POINT ( 'NONE', #2323 ) ;
#952 = ORIENTED_EDGE ( 'NONE', *, *, #2361, .T. ) ;
#953 = FACE_OUTER_BOUND ( 'NONE', #87, .T. ) ;
#954 = EDGE_CURVE ( 'NONE', #2631, #3979, #3182, .T. ) ;
#955 = VECTOR ( 'NONE', #3427, 1000.000000000000000 ) ;
#956 = VERTEX_POINT ( 'NONE', #3516 ) ;
#957 = AXIS2_PLACEMENT_3D ( 'NONE', #3265, #1058, #440 ) ;
#958 = CARTESIAN_POINT ( 'NONE',  ( 52.00000000000002842, 223.8969696196704149, -72.29646455628142121 ) ) ;
#959 = EDGE_CURVE ( 'NONE', #2631, #2154, #2648, .T. ) ;
#960 = AXIS2_PLACEMENT_3D ( 'NONE', #1313, #720, #1976 ) ;
#961 = AXIS2_PLACEMENT_3D ( 'NONE', #593, #1831, #3084 ) ;
#962 = CARTESIAN_POINT ( 'NONE',  ( 74.50000000000001421, 220.3614357137376771, -68.76093065034868346 ) ) ;
#963 = PLANE ( 'NONE',  #3633 ) ;
#964 = DIRECTION ( 'NONE',  ( -0.000000000000000000, -0.000000000000000000, 1.000000000000000000 ) ) ;
#965 = FACE_OUTER_BOUND ( 'NONE', #3463, .T. ) ;
#966 = CARTESIAN_POINT ( 'NONE',  ( -12.00000000000000000, 220.3614357137376771, -68.76093065034868346 ) ) ;
#967 = EDGE_LOOP ( 'NONE', ( #3477, #3000, #126, #3398 ) ) ;
#968 = ORIENTED_EDGE ( 'NONE', *, *, #1560, .F. ) ;
#969 = ORIENTED_EDGE ( 'NONE', *, *, #1060, .F. ) ;
#970 = EDGE_CURVE ( 'NONE', #1056, #956, #3271, .T. ) ;
#971 = ORIENTED_EDGE ( 'NONE', *, *, #2793, .F. ) ;
#972 = DIRECTION ( 'NONE',  ( -0.000000000000000000, 0.7071067811865507924, -0.7071067811865442421 ) ) ;
#973 = ORIENTED_EDGE ( 'NONE', *, *, #1408, .T. ) ;
#974 = FACE_BOUND ( 'NONE', #2024, .T. ) ;
#975 = PLANE ( 'NONE',  #2073 ) ;
#976 = EDGE_CURVE ( 'NONE', #1463, #3405, #698, .T. ) ;
#977 = PERSON_AND_ORGANIZATION ( #1244, #1354 ) ;
#978 = DIRECTION ( 'NONE',  ( 0.000000000000000000, 0.7071067811865519026, -0.7071067811865431318 ) ) ;
#979 = CARTESIAN_POINT ( 'NONE',  ( -116.0000000000000711, -114.5000000000000284, -33.00000000000000711 ) ) ;
#980 = CARTESIAN_POINT ( 'NONE',  ( -115.9999999999999858, 252.8883476483188986, -92.80256121069112396 ) ) ;
#981 = DIRECTION ( 'NONE',  ( -0.000000000000000000, 1.000000000000000000, -0.000000000000000000 ) ) ;
#982 = DIRECTION ( 'NONE',  ( 1.000000000000000000, 0.000000000000000000, 0.000000000000000000 ) ) ;
#983 = ORIENTED_EDGE ( 'NONE', *, *, #1210, .T. ) ;
#984 = ORIENTED_EDGE ( 'NONE', *, *, #162, .T. ) ;
#985 = ORIENTED_EDGE ( 'NONE', *, *, #2965, .F. ) ;
#986 = FACE_BOUND ( 'NONE', #3424, .T. ) ;
#987 = DIRECTION ( 'NONE',  ( 1.000000000000000000, 0.000000000000000000, 0.000000000000000000 ) ) ;
#988 = APPROVAL ( #1699, '未' ) ;
#989 = CARTESIAN_POINT ( 'NONE',  ( 1.387778780781445676E-14, -120.0000000000000000, 1.402220585023716934E-15 ) ) ;
#990 = ORIENTED_EDGE ( 'NONE', *, *, #2931, .F. ) ;
#991 = DIRECTION ( 'NONE',  ( 0.000000000000000000, 0.7071067811865513475, -0.7071067811865437980 ) ) ;
#992 = APPLICATION_CONTEXT ( 'configuration controlled 3d designs of mechanical parts and assemblies' ) ;
#993 = DIRECTION ( 'NONE',  ( 1.000000000000000000, 0.000000000000000000, 0.000000000000000000 ) ) ;
#994 = CARTESIAN_POINT ( 'NONE',  ( -112.9999999999999716, 164.4684698699919920, -4.382683432365130471 ) ) ;
#995 = APPLICATION_PROTOCOL_DEFINITION ( 'international standard', 'config_control_design', 1994, #992 ) ;
#996 = VECTOR ( 'NONE', #3370, 1000.000000000000114 ) ;
#997 = VERTEX_POINT ( 'NONE', #200 ) ;
#998 = PLANE ( 'NONE',  #2715 ) ;
#999 = DIRECTION ( 'NONE',  ( 1.000000000000000000, 0.000000000000000000, 0.000000000000000000 ) ) ;
#1000 = DIRECTION ( 'NONE',  ( 0.000000000000000000, 0.000000000000000000, 1.000000000000000000 ) ) ;
#1001 = DIRECTION ( 'NONE',  ( 0.000000000000000000, 0.000000000000000000, -1.000000000000000000 ) ) ;
#1002 = EDGE_CURVE ( 'NONE', #125, #1394, #2428, .T. ) ;
#1003 = VECTOR ( 'NONE', #925, 1000.000000000000000 ) ;
#1004 = ORIENTED_EDGE ( 'NONE', *, *, #2901, .F. ) ;
#1005 = VECTOR ( 'NONE', #3641, 1000.000000000000000 ) ;
#1006 = ORIENTED_EDGE ( 'NONE', *, *, #603, .T. ) ;
#1007 = FACE_BOUND ( 'NONE', #3153, .T. ) ;
#1008 = ADVANCED_FACE ( 'NONE', ( #2120 ), #3003, .F. ) ;
#1009 = DIRECTION ( 'NONE',  ( 1.000000000000000000, 0.000000000000000000, 3.469446951953755395E-15 ) ) ;
#1010 = AXIS2_PLACEMENT_3D ( 'NONE', #4015, #532, #2741 ) ;
#1011 = CARTESIAN_POINT ( 'NONE',  ( -111.9999999999999858, -164.5000000000000284, -1.734723475976807094E-15 ) ) ;
#1012 = AXIS2_PLACEMENT_3D ( 'NONE', #1027, #2939, #1375 ) ;
#1013 = VERTEX_POINT ( 'NONE', #2100 ) ;
#1014 = ORIENTED_EDGE ( 'NONE', *, *, #345, .T. ) ;
#1015 = EDGE_CURVE ( 'NONE', #1487, #1197, #407, .T. ) ;
#1016 = DIRECTION ( 'NONE',  ( -1.000000000000000000, -3.562698402898563276E-15, -1.394294057927544744E-15 ) ) ;
#1017 = CIRCLE ( 'NONE', #3906, 11.50000000000000355 ) ;
#1018 = ORIENTED_EDGE ( 'NONE', *, *, #177, .T. ) ;
#1019 = DIRECTION ( 'NONE',  ( -1.000000000000000000, 2.811001331764280642E-31, 3.391901413832836801E-15 ) ) ;
#1020 = VECTOR ( 'NONE', #2790, 1000.000000000000000 ) ;
#1021 = EDGE_CURVE ( 'NONE', #2948, #2320, #3435, .T. ) ;
#1022 = DIRECTION ( 'NONE',  ( -1.000000000000000000, -0.000000000000000000, 3.469446951953614189E-15 ) ) ;
#1023 = ORIENTED_EDGE ( 'NONE', *, *, #2687, .T. ) ;
#1024 = DIRECTION ( 'NONE',  ( -0.000000000000000000, -0.000000000000000000, 1.000000000000000000 ) ) ;
#1025 = CARTESIAN_POINT ( 'NONE',  ( -113.0548439739678912, 163.9955870876025301, -0.07489011302671792769 ) ) ;
#1026 = CARTESIAN_POINT ( 'NONE',  ( -111.9999999999999858, 164.7714678833435471, -3.314318554283418372 ) ) ;
#1027 = CARTESIAN_POINT ( 'NONE',  ( -79.99999999999998579, -120.0000000000000000, -3.000000000000000000 ) ) ;
#1028 = ORIENTED_EDGE ( 'NONE', *, *, #57, .F. ) ;
#1029 = EDGE_CURVE ( 'NONE', #1897, #2157, #2444, .T. ) ;
#1030 = ORIENTED_EDGE ( 'NONE', *, *, #1166, .F. ) ;
#1031 = CARTESIAN_POINT ( 'NONE',  ( 1.670886556634905676E-14, 200.2088924499208815, -34.46625176280124947 ) ) ;
#1032 = CARTESIAN_POINT ( 'NONE',  ( 112.0000000000000142, -164.5000000000000284, -4.000000000000041744 ) ) ;
#1033 = CARTESIAN_POINT ( 'NONE',  ( 45.50000000000000000, 225.3111831820434645, -63.81118318204284634 ) ) ;
#1034 = FACE_OUTER_BOUND ( 'NONE', #1885, .T. ) ;
#1035 = ORIENTED_EDGE ( 'NONE', *, *, #3809, .F. ) ;
#1036 = VERTEX_POINT ( 'NONE', #222 ) ;
#1037 = FACE_BOUND ( 'NONE', #2029, .T. ) ;
#1038 = ORIENTED_EDGE ( 'NONE', *, *, #1829, .T. ) ;
#1039 = CARTESIAN_POINT ( 'NONE',  ( -116.0000000000000711, -114.5000000000000284, -31.75000000000008527 ) ) ;
#1040 = DIRECTION ( 'NONE',  ( 0.000000000000000000, 0.7071067811865475727, -0.7071067811865475727 ) ) ;
#1041 = PERSON_AND_ORGANIZATION ( #1244, #1354 ) ;
#1042 = EDGE_CURVE ( 'NONE', #1425, #2804, #1127, .T. ) ;
#1043 = ORIENTED_EDGE ( 'NONE', *, *, #3043, .F. ) ;
#1044 = CARTESIAN_POINT ( 'NONE',  ( -79.99999999999998579, 0.000000000000000000, 1.402220585023716934E-15 ) ) ;
#1045 = CARTESIAN_POINT ( 'NONE',  ( 116.0000000000001421, 2.086404056421869915E-14, -43.00000000000000000 ) ) ;
#1046 = CARTESIAN_POINT ( 'NONE',  ( -116.0000000000000284, 164.8068803831273215, -3.980480932392547633 ) ) ;
#1047 = CARTESIAN_POINT ( 'NONE',  ( -112.9999999999999716, 163.5445903374807415, -4.000000000000031086 ) ) ;
#1048 = ORIENTED_EDGE ( 'NONE', *, *, #2780, .F. ) ;
#1049 = ORIENTED_EDGE ( 'NONE', *, *, #1370, .F. ) ;
#1050 = CARTESIAN_POINT ( 'NONE',  ( -113.0000000000000711, -114.5000000000000284, -31.75000000000009237 ) ) ;
#1051 = CARTESIAN_POINT ( 'NONE',  ( -112.9999999999999858, 164.0857864376269220, -4.000000000000051514 ) ) ;
#1052 = DIRECTION ( 'NONE',  ( -0.000000000000000000, 0.7071067811865437980, 0.7071067811865513475 ) ) ;
#1053 = ORIENTED_EDGE ( 'NONE', *, *, #3442, .F. ) ;
#1054 = VERTEX_POINT ( 'NONE', #3041 ) ;
#1055 = PLANE ( 'NONE',  #3443 ) ;
#1056 = VERTEX_POINT ( 'NONE', #1518 ) ;
#1057 = CARTESIAN_POINT ( 'NONE',  ( 113.0000000000000426, -164.5000000000000284, -4.000000000000045297 ) ) ;
#1058 = DIRECTION ( 'NONE',  ( -1.000000000000000000, -0.000000000000000000, 3.469446951953614189E-15 ) ) ;
#1059 = ORIENTED_EDGE ( 'NONE', *, *, #2363, .F. ) ;
#1060 = EDGE_CURVE ( 'NONE', #3829, #310, #2382, .T. ) ;
#1061 = FACE_OUTER_BOUND ( 'NONE', #1777, .T. ) ;
#1062 = FACE_OUTER_BOUND ( 'NONE', #3090, .T. ) ;
#1063 = DIRECTION ( 'NONE',  ( 0.000000000000000000, -0.7071067811865503483, 0.7071067811865447972 ) ) ;
#1064 = ORIENTED_EDGE ( 'NONE', *, *, #292, .F. ) ;
#1065 = FACE_OUTER_BOUND ( 'NONE', #3246, .T. ) ;
#1066 = CIRCLE ( 'NONE', #1589, 1.249999999999931610 ) ;
#1067 = CIRCLE ( 'NONE', #2255, 1.599999999999992317 ) ;
#1068 = LINE ( 'NONE', #824, #1486 ) ;
#1069 = CARTESIAN_POINT ( 'NONE',  ( -28.00000000000000000, 220.3614357137376771, -68.76093065034868346 ) ) ;
#1070 = EDGE_LOOP ( 'NONE', ( #3239, #2368, #2390, #1049 ) ) ;
#1071 = VECTOR ( 'NONE', #3441, 1000.000000000000114 ) ;
#1072 = VERTEX_POINT ( 'NONE', #2052 ) ;
#1073 = CIRCLE ( 'NONE', #1799, 3.199999999999994849 ) ;
#1074 = EDGE_CURVE ( 'NONE', #1446, #3438, #3680, .T. ) ;
#1075 = CARTESIAN_POINT ( 'NONE',  ( -112.8922269036098101, 163.7249890375294967, -3.478013341236749323 ) ) ;
#1076 = AXIS2_PLACEMENT_3D ( 'NONE', #3951, #557, #1853 ) ;
#1077 = CIRCLE ( 'NONE', #3380, 1.599999999999992317 ) ;
#1078 = ORIENTED_EDGE ( 'NONE', *, *, #857, .F. ) ;
#1079 = PLANE ( 'NONE',  #1266 ) ;
#1080 = AXIS2_PLACEMENT_3D ( 'NONE', #3451, #3105, #2235 ) ;
#1081 = EDGE_CURVE ( 'NONE', #1361, #2038, #1810, .T. ) ;
#1082 = ADVANCED_FACE ( 'NONE', ( #507 ), #2379, .T. ) ;
#1083 = CARTESIAN_POINT ( 'NONE',  ( -116.0000000000002274, 189.0735931288074596, -71.24999999999992895 ) ) ;
#1084 = APPROVAL_ROLE ( '' ) ;
#1085 = VERTEX_POINT ( 'NONE', #246 ) ;
#1086 = CIRCLE ( 'NONE', #3586, 1.599999999999992317 ) ;
#1087 = LINE ( 'NONE', #2628, #2593 ) ;
#1088 = CARTESIAN_POINT ( 'NONE',  ( 113.0000000000000853, 135.4999999999999432, -33.00000000000081002 ) ) ;
#1089 = DIRECTION ( 'NONE',  ( -0.000000000000000000, -0.000000000000000000, 1.000000000000000000 ) ) ;
#1090 = VECTOR ( 'NONE', #2589, 1000.000000000000000 ) ;
#1091 = EDGE_LOOP ( 'NONE', ( #2970, #3859, #3584, #296 ) ) ;
#1092 = LINE ( 'NONE', #1362, #1476 ) ;
#1093 = DIRECTION ( 'NONE',  ( 4.625929269271482956E-16, -0.7071067811865512365, 0.7071067811865439090 ) ) ;
#1094 = DIRECTION ( 'NONE',  ( 3.286164010393002026E-15, -0.3826834323650907810, -0.9238795325112864054 ) ) ;
#1095 = ADVANCED_FACE ( 'NONE', ( #1498 ), #3614, .F. ) ;
#1096 = VERTEX_POINT ( 'NONE', #1765 ) ;
#1097 = ORIENTED_EDGE ( 'NONE', *, *, #374, .T. ) ;
#1098 = PLANE ( 'NONE',  #1211 ) ;
#1099 = CARTESIAN_POINT ( 'NONE',  ( 5.500000000000000000, 225.3111831820434645, -63.81118318204284634 ) ) ;
#1100 = ORIENTED_EDGE ( 'NONE', *, *, #1021, .F. ) ;
#1101 = FACE_OUTER_BOUND ( 'NONE', #1955, .T. ) ;
#1102 = LINE ( 'NONE', #1186, #2795 ) ;
#1103 = VERTEX_POINT ( 'NONE', #263 ) ;
#1104 = ADVANCED_FACE ( 'NONE', ( #575 ), #1832, .F. ) ;
#1105 = DIRECTION ( 'NONE',  ( -3.271025955591214432E-16, 1.000000000000000000, 0.000000000000000000 ) ) ;
#1106 = CARTESIAN_POINT ( 'NONE',  ( -113.0000000000001137, 136.5086219713516869, -31.57716446627552287 ) ) ;
#1107 = CARTESIAN_POINT ( 'NONE',  ( -28.00000000000000000, 225.3111831820434645, -63.81118318204284634 ) ) ;
#1108 = DIRECTION ( 'NONE',  ( 0.000000000000000000, 0.7071067811865437980, 0.7071067811865513475 ) ) ;
#1109 = DIRECTION ( 'NONE',  ( 0.000000000000000000, -0.7071067811865519026, 0.7071067811865431318 ) ) ;
#1110 = ORIENTED_EDGE ( 'NONE', *, *, #1816, .T. ) ;
#1111 = DIRECTION ( 'NONE',  ( 0.000000000000000000, 0.7071067811865441310, 0.7071067811865507924 ) ) ;
#1112 = DIRECTION ( 'NONE',  ( -0.000000000000000000, -0.000000000000000000, 1.000000000000000000 ) ) ;
#1113 = DIRECTION ( 'NONE',  ( -0.000000000000000000, 0.7071067811865437980, 0.7071067811865513475 ) ) ;
#1114 = FACE_BOUND ( 'NONE', #4018, .T. ) ;
#1115 = ORIENTED_EDGE ( 'NONE', *, *, #3594, .F. ) ;
#1116 = ORIENTED_EDGE ( 'NONE', *, *, #522, .T. ) ;
#1117 = CARTESIAN_POINT ( 'NONE',  ( 68.00000000000002842, 216.8259018078049110, -65.22539674441598834 ) ) ;
#1118 = ADVANCED_FACE ( 'NONE', ( #1320 ), #2881, .F. ) ;
#1119 = VERTEX_POINT ( 'NONE', #1154 ) ;
#1120 = DIRECTION ( 'NONE',  ( 1.000000000000000000, 0.000000000000000000, 0.000000000000000000 ) ) ;
#1121 = LINE ( 'NONE', #1039, #747 ) ;
#1122 = FACE_BOUND ( 'NONE', #64, .T. ) ;
#1123 = CARTESIAN_POINT ( 'NONE',  ( 111.9999999999999574, 166.9142135623731349, -1.171572875253827917 ) ) ;
#1124 = ORIENTED_EDGE ( 'NONE', *, *, #3875, .F. ) ;
#1125 = CARTESIAN_POINT ( 'NONE',  ( 115.4951455534170179, 165.7653583104883523, -2.830672703625386255 ) ) ;
#1126 = DIRECTION ( 'NONE',  ( 0.000000000000000000, -0.7071067811865437980, -0.7071067811865513475 ) ) ;
#1127 = LINE ( 'NONE', #2708, #3714 ) ;
#1128 = APPLICATION_CONTEXT ( 'configuration controlled 3d designs of mechanical parts and assemblies' ) ;
#1129 = EDGE_LOOP ( 'NONE', ( #3560, #293 ) ) ;
#1130 = CARTESIAN_POINT ( 'NONE',  ( 80.00000000000001421, -120.0000000000000000, 0.000000000000000000 ) ) ;
#1131 = EDGE_CURVE ( 'NONE', #1290, #1666, #795, .T. ) ;
#1132 = CARTESIAN_POINT ( 'NONE',  ( -68.50000000000000000, 220.0078823231443437, -58.50788232314378945 ) ) ;
#1133 = CARTESIAN_POINT ( 'NONE',  ( 111.9999999999999574, 166.9142135623731349, -1.171572875253820811 ) ) ;
#1134 = ORIENTED_EDGE ( 'NONE', *, *, #3697, .F. ) ;
#1135 = VERTEX_POINT ( 'NONE', #3927 ) ;
#1136 = ORIENTED_EDGE ( 'NONE', *, *, #141, .F. ) ;
#1137 = AXIS2_PLACEMENT_3D ( 'NONE', #2630, #1663, #1063 ) ;
#1138 = EDGE_CURVE ( 'NONE', #2347, #2818, #882, .T. ) ;
#1139 = FACE_OUTER_BOUND ( 'NONE', #2551, .T. ) ;
#1140 = AXIS2_PLACEMENT_3D ( 'NONE', #1931, #1330, #1622 ) ;
#1141 = LINE ( 'NONE', #834, #3302 ) ;
#1142 = VECTOR ( 'NONE', #3215, 999.9999999999998863 ) ;
#1143 = ORIENTED_EDGE ( 'NONE', *, *, #2239, .T. ) ;
#1144 = DIRECTION ( 'NONE',  ( 0.000000000000000000, 0.3826834323650907810, 0.9238795325112864054 ) ) ;
#1145 = AXIS2_PLACEMENT_3D ( 'NONE', #3937, #3587, #1427 ) ;
#1146 = AXIS2_PLACEMENT_3D ( 'NONE', #3476, #10, #1626 ) ;
#1147 = CARTESIAN_POINT ( 'NONE',  ( 5.500000000000000000, 225.3111831820434645, -63.81118318204284634 ) ) ;
#1148 = CIRCLE ( 'NONE', #3507, 5.750000000000008882 ) ;
#1149 = ADVANCED_FACE ( 'NONE', ( #2429 ), #576, .F. ) ;
#1150 = ORIENTED_EDGE ( 'NONE', *, *, #3291, .T. ) ;
#1151 = CARTESIAN_POINT ( 'NONE',  ( -111.9999999999999858, 164.0857864376268935, -3.000000000000019984 ) ) ;
#1152 = DIRECTION ( 'NONE',  ( -2.960422955890225935E-15, 0.3826834323650840641, 0.9238795325112890700 ) ) ;
#1153 = DIRECTION ( 'NONE',  ( 0.000000000000000000, -0.7071067811865519026, 0.7071067811865431318 ) ) ;
#1154 = CARTESIAN_POINT ( 'NONE',  ( 78.75000000000004263, 120.0000000000000000, -3.000000000000000000 ) ) ;
#1155 = LINE ( 'NONE', #796, #1335 ) ;
#1156 = AXIS2_PLACEMENT_3D ( 'NONE', #1411, #1371, #3814 ) ;
#1157 = VERTEX_POINT ( 'NONE', #862 ) ;
#1158 = DIRECTION ( 'NONE',  ( -0.000000000000000000, 0.000000000000000000, 1.000000000000000000 ) ) ;
#1159 = CARTESIAN_POINT ( 'NONE',  ( 115.9999999999999574, 163.5445903374807131, -4.000000000000021316 ) ) ;
#1160 = CARTESIAN_POINT ( 'NONE',  ( 112.1309207904845522, 164.8247886444749497, -3.324788644474940824 ) ) ;
#1161 = AXIS2_PLACEMENT_3D ( 'NONE', #1953, #617, #1000 ) ;
#1162 = EDGE_CURVE ( 'NONE', #3973, #2107, #1499, .T. ) ;
#1163 = ORIENTED_EDGE ( 'NONE', *, *, #1814, .F. ) ;
#1164 = EDGE_LOOP ( 'NONE', ( #1684, #1773 ) ) ;
#1165 = APPROVAL_PERSON_ORGANIZATION ( #4068, #1495, #2828 ) ;
#1166 = EDGE_CURVE ( 'NONE', #997, #518, #2055, .T. ) ;
#1167 = DIRECTION ( 'NONE',  ( 1.000000000000000000, 0.000000000000000000, 0.000000000000000000 ) ) ;
#1168 = CARTESIAN_POINT ( 'NONE',  ( 81.24999999999998579, -120.0000000000000000, -3.000000000000000000 ) ) ;
#1169 = ORIENTED_EDGE ( 'NONE', *, *, #1732, .F. ) ;
#1170 = CARTESIAN_POINT ( 'NONE',  ( -115.9999999999999716, -164.5000000000000284, -3.999999999999993339 ) ) ;
#1171 = CARTESIAN_POINT ( 'NONE',  ( 81.25000000000000000, 0.000000000000000000, 1.402220585023716934E-15 ) ) ;
#1172 = ORIENTED_EDGE ( 'NONE', *, *, #3371, .F. ) ;
#1173 = CARTESIAN_POINT ( 'NONE',  ( 114.4581868798996567, 166.5070372555781546, -1.897652042353006108 ) ) ;
#1174 = DIRECTION ( 'NONE',  ( 0.000000000000000000, -0.7071067811865519026, 0.7071067811865431318 ) ) ;
#1175 = CARTESIAN_POINT ( 'NONE',  ( -111.9999999999999858, 164.0857864376268935, -3.000000000000019984 ) ) ;
#1176 = EDGE_LOOP ( 'NONE', ( #190, #131, #2530, #58 ) ) ;
#1177 = DIRECTION ( 'NONE',  ( -1.000000000000000000, -0.000000000000000000, 3.469446951953614189E-15 ) ) ;
#1178 = DIRECTION ( 'NONE',  ( 5.135813185032629525E-31, -0.7071067811865513475, 0.7071067811865436870 ) ) ;
#1179 = CARTESIAN_POINT ( 'NONE',  ( 112.9999999999999574, 164.4684698699920204, -4.382683432365142906 ) ) ;
#1180 = ORIENTED_EDGE ( 'NONE', *, *, #1348, .F. ) ;
#1181 = ORIENTED_EDGE ( 'NONE', *, *, #2293, .F. ) ;
#1182 = CARTESIAN_POINT ( 'NONE',  ( 112.2538169234631908, 163.9955870876025017, -3.055538695434812269 ) ) ;
#1183 = CARTESIAN_POINT ( 'NONE',  ( 116.0000000000001847, -164.5000000000000284, -42.99999999999999289 ) ) ;
#1184 = ORIENTED_EDGE ( 'NONE', *, *, #470, .T. ) ;
#1185 = CARTESIAN_POINT ( 'NONE',  ( -116.0000000000000853, 135.4999999999999432, -33.00000000000000711 ) ) ;
#1186 = CARTESIAN_POINT ( 'NONE',  ( -12.00000000000000000, 219.4775522372544856, -67.87704717386550612 ) ) ;
#1187 = EDGE_CURVE ( 'NONE', #1549, #3102, #1747, .T. ) ;
#1188 = CARTESIAN_POINT ( 'NONE',  ( 90.00000000000000000, 229.6952452254000150, -63.95260453828007030 ) ) ;
#1189 = DIRECTION ( 'NONE',  ( 0.000000000000000000, 0.000000000000000000, 1.000000000000000000 ) ) ;
#1190 = DIRECTION ( 'NONE',  ( 0.000000000000000000, 0.7071067811865445751, 0.7071067811865505703 ) ) ;
#1191 = CARTESIAN_POINT ( 'NONE',  ( -20.00000000000000000, 225.3111831820434645, -63.81118318204284634 ) ) ;
#1192 = CC_DESIGN_DATE_AND_TIME_ASSIGNMENT ( #3796, #3161, ( #3739 ) ) ;
#1193 = ORIENTED_EDGE ( 'NONE', *, *, #588, .F. ) ;
#1194 = DIRECTION ( 'NONE',  ( 1.000000000000000000, -2.414735078559702459E-15, -2.414735078559727703E-15 ) ) ;
#1195 = DIRECTION ( 'NONE',  ( -0.000000000000000000, -0.000000000000000000, 1.000000000000000000 ) ) ;
#1196 = CARTESIAN_POINT ( 'NONE',  ( 112.5959259543596431, 164.7935545843662624, -3.611134713564942533 ) ) ;
#1197 = VERTEX_POINT ( 'NONE', #4012 ) ;
#1198 = ORIENTED_EDGE ( 'NONE', *, *, #1738, .T. ) ;
#1199 = EDGE_CURVE ( 'NONE', #3057, #326, #552, .T. ) ;
#1200 = ORIENTED_EDGE ( 'NONE', *, *, #2056, .F. ) ;
#1201 = CARTESIAN_POINT ( 'NONE',  ( 112.9444613045652375, 163.6347896875050765, -3.746183076536847789 ) ) ;
#1202 = LINE ( 'NONE', #870, #3047 ) ;
#1203 = EDGE_LOOP ( 'NONE', ( #2616, #3981 ) ) ;
#1204 = EDGE_CURVE ( 'NONE', #933, #2945, #1148, .T. ) ;
#1205 = DIRECTION ( 'NONE',  ( 0.000000000000000000, 0.7071067811865437980, 0.7071067811865513475 ) ) ;
#1206 = DIRECTION ( 'NONE',  ( -3.205351028043612059E-15, -0.3826834323650835090, -0.9238795325112892920 ) ) ;
#1207 = AXIS2_PLACEMENT_3D ( 'NONE', #1285, #667, #3431 ) ;
#1208 = VECTOR ( 'NONE', #1965, 1000.000000000000000 ) ;
#1209 = ADVANCED_FACE ( 'NONE', ( #2445 ), #3702, .T. ) ;
#1210 = EDGE_CURVE ( 'NONE', #3664, #225, #183, .T. ) ;
#1211 = AXIS2_PLACEMENT_3D ( 'NONE', #744, #172, #2042 ) ;
#1212 = CIRCLE ( 'NONE', #2135, 3.199999999999994849 ) ;
#1213 = CARTESIAN_POINT ( 'NONE',  ( -112.5236924838038988, 164.0406786911489121, -2.722139602297765416E-14 ) ) ;
#1214 = DIRECTION ( 'NONE',  ( 1.000000000000000000, -2.793261385626813401E-31, -3.469446951953613794E-15 ) ) ;
#1215 = VECTOR ( 'NONE', #2595, 999.9999999999998863 ) ;
#1216 = AXIS2_PLACEMENT_3D ( 'NONE', #573, #485, #3020 ) ;
#1217 = FACE_OUTER_BOUND ( 'NONE', #2224, .T. ) ;
#1218 = DIRECTION ( 'NONE',  ( -1.000000000000000000, -0.000000000000000000, 3.469446951953614189E-15 ) ) ;
#1219 = CARTESIAN_POINT ( 'NONE',  ( 113.0469915374371084, 166.9043777471380565, -1.308969834610551608 ) ) ;
#1220 = ORIENTED_EDGE ( 'NONE', *, *, #1520, .F. ) ;
#1221 = ORIENTED_EDGE ( 'NONE', *, *, #591, .F. ) ;
#1222 = ORIENTED_EDGE ( 'NONE', *, *, #3158, .F. ) ;
#1223 = CARTESIAN_POINT ( 'NONE',  ( 112.5959259543596573, 163.8602880625659566, -3.224563062926551815 ) ) ;
#1224 = VECTOR ( 'NONE', #2061, 1000.000000000000000 ) ;
#1225 = ADVANCED_FACE ( 'NONE', ( #2082 ), #2380, .F. ) ;
#1226 = ORIENTED_EDGE ( 'NONE', *, *, #3300, .F. ) ;
#1227 = CARTESIAN_POINT ( 'NONE',  ( 116.0000000000003695, 172.8454544295067308, -172.8454544295042297 ) ) ;
#1228 = DIRECTION ( 'NONE',  ( -2.453269466693411637E-15, 0.000000000000000000, -1.000000000000000000 ) ) ;
#1229 = FACE_BOUND ( 'NONE', #497, .T. ) ;
#1230 = DIRECTION ( 'NONE',  ( 0.000000000000000000, 0.7071067811865507924, -0.7071067811865441310 ) ) ;
#1231 = DIRECTION ( 'NONE',  ( 1.000000000000000000, 0.000000000000000000, 0.000000000000000000 ) ) ;
#1232 = DIRECTION ( 'NONE',  ( 0.000000000000000000, -0.7071067811865475727, 0.7071067811865475727 ) ) ;
#1233 = DIRECTION ( 'NONE',  ( -1.373735107685226249E-32, 1.000000000000000000, -8.446979985513605495E-17 ) ) ;
#1234 = FACE_OUTER_BOUND ( 'NONE', #3211, .T. ) ;
#1235 = VERTEX_POINT ( 'NONE', #1851 ) ;
#1236 = ORIENTED_EDGE ( 'NONE', *, *, #3399, .F. ) ;
#1237 = ORIENTED_EDGE ( 'NONE', *, *, #2953, .T. ) ;
#1238 = DIRECTION ( 'NONE',  ( 1.000000000000000000, 0.000000000000000000, 0.000000000000000000 ) ) ;
#1239 = ORIENTED_EDGE ( 'NONE', *, *, #1927, .F. ) ;
#1240 = EDGE_CURVE ( 'NONE', #1413, #3874, #907, .T. ) ;
#1241 = CARTESIAN_POINT ( 'NONE',  ( 34.50000000000000000, 227.4325035256031242, -61.68986283848317242 ) ) ;
#1242 = CARTESIAN_POINT ( 'NONE',  ( -78.75000000000001421, 120.0000000000000000, -3.000000000000000000 ) ) ;
#1243 = DIRECTION ( 'NONE',  ( 6.938893903907319097E-15, -1.000000000000000000, 0.000000000000000000 ) ) ;
#1244 = PERSON ( '未', '未', '未', ('未'), ('未'), ('未') ) ;
#1245 = ADVANCED_FACE ( 'NONE', ( #1593 ), #3744, .F. ) ;
#1246 = DIRECTION ( 'NONE',  ( -1.000000000000000000, -0.000000000000000000, 3.469446951953614189E-15 ) ) ;
#1247 = CARTESIAN_POINT ( 'NONE',  ( 34.50000000000000000, 226.3011326757046504, -60.55849198858470572 ) ) ;
#1248 = CARTESIAN_POINT ( 'NONE',  ( 45.50000000000000000, 225.3111831820434645, -63.81118318204284634 ) ) ;
#1249 = DIRECTION ( 'NONE',  ( -0.000000000000000000, -0.000000000000000000, 1.000000000000000000 ) ) ;
#1250 = ORIENTED_EDGE ( 'NONE', *, *, #510, .T. ) ;
#1251 = ORIENTED_EDGE ( 'NONE', *, *, #3334, .F. ) ;
#1252 = EDGE_CURVE ( 'NONE', #3073, #2966, #2544, .T. ) ;
#1253 = FACE_BOUND ( 'NONE', #1642, .T. ) ;
#1254 = ORIENTED_EDGE ( 'NONE', *, *, #331, .F. ) ;
#1255 = DIRECTION ( 'NONE',  ( -0.000000000000000000, 0.7071067811865437980, 0.7071067811865513475 ) ) ;
#1256 = CARTESIAN_POINT ( 'NONE',  ( 112.0000000000000284, 164.0857864376268935, -3.000000000000082601 ) ) ;
#1257 = VECTOR ( 'NONE', #3186, 1000.000000000000000 ) ;
#1258 = DIRECTION ( 'NONE',  ( 1.000000000000000000, -2.453269466693385999E-15, -2.453269466693411637E-15 ) ) ;
#1259 = DATE_AND_TIME ( #1948, #2275 ) ;
#1260 = CARTESIAN_POINT ( 'NONE',  ( 0.000000000000000000, 228.8467170879762023, -67.34671708797556278 ) ) ;
#1261 = EDGE_CURVE ( 'NONE', #949, #452, #2164, .T. ) ;
#1262 = VECTOR ( 'NONE', #3626, 1000.000000000000000 ) ;
#1263 = CARTESIAN_POINT ( 'NONE',  ( -115.9999999999999574, -164.5000000000000284, 4.129302904431485071E-13 ) ) ;
#1264 = CARTESIAN_POINT ( 'NONE',  ( 111.9999999999999574, 164.0857864376269504, -4.000000000000031086 ) ) ;
#1265 = VECTOR ( 'NONE', #2432, 1000.000000000000000 ) ;
#1266 = AXIS2_PLACEMENT_3D ( 'NONE', #3549, #439, #2663 ) ;
#1267 = CARTESIAN_POINT ( 'NONE',  ( 80.00000000000001421, 120.0000000000000000, -3.000000000000000000 ) ) ;
#1268 = CYLINDRICAL_SURFACE ( 'NONE', #3505, 1.249999999999973355 ) ;
#1269 = ORIENTED_EDGE ( 'NONE', *, *, #1303, .T. ) ;
#1270 = EDGE_LOOP ( 'NONE', ( #1693, #2301, #952, #2915 ) ) ;
#1271 = AXIS2_PLACEMENT_3D ( 'NONE', #1516, #198, #3636 ) ;
#1272 = ORIENTED_EDGE ( 'NONE', *, *, #2853, .F. ) ;
#1273 = VERTEX_POINT ( 'NONE', #2829 ) ;
#1274 = FACE_BOUND ( 'NONE', #1203, .T. ) ;
#1275 = AXIS2_PLACEMENT_3D ( 'NONE', #3390, #4008, #3675 ) ;
#1276 = VERTEX_POINT ( 'NONE', #4052 ) ;
#1277 = EDGE_CURVE ( 'NONE', #1013, #2174, #3429, .T. ) ;
#1278 = FACE_BOUND ( 'NONE', #386, .T. ) ;
#1279 = VECTOR ( 'NONE', #2694, 1000.000000000000000 ) ;
#1280 = VECTOR ( 'NONE', #199, 1000.000000000000000 ) ;
#1281 = FACE_OUTER_BOUND ( 'NONE', #2627, .T. ) ;
#1282 = DIRECTION ( 'NONE',  ( 1.000000000000000000, 0.000000000000000000, 0.000000000000000000 ) ) ;
#1283 = DIRECTION ( 'NONE',  ( -0.000000000000000000, -0.7071067811865437980, -0.7071067811865512365 ) ) ;
#1284 = ORIENTED_EDGE ( 'NONE', *, *, #78, .F. ) ;
#1285 = CARTESIAN_POINT ( 'NONE',  ( -113.0000000000000711, 135.4999999999999432, -33.00000000000002132 ) ) ;
#1286 = EDGE_CURVE ( 'NONE', #3352, #3102, #2813, .T. ) ;
#1287 = CARTESIAN_POINT ( 'NONE',  ( 5.467169244588278470E-13, 166.9142135623727370, -1.171572875253448665 ) ) ;
#1288 = DIRECTION ( 'NONE',  ( -0.000000000000000000, 0.7071067811865437980, 0.7071067811865513475 ) ) ;
#1289 = CARTESIAN_POINT ( 'NONE',  ( -114.0144759214836512, 166.6847887038038039, -1.656120022066556396 ) ) ;
#1290 = VERTEX_POINT ( 'NONE', #1540 ) ;
#1291 = ORIENTED_EDGE ( 'NONE', *, *, #776, .F. ) ;
#1292 = ORIENTED_EDGE ( 'NONE', *, *, #2678, .F. ) ;
#1293 = CARTESIAN_POINT ( 'NONE',  ( 11.99999999999997868, 223.8969696196704149, -72.29646455628142121 ) ) ;
#1294 = CARTESIAN_POINT ( 'NONE',  ( 116.0000000000004690, -114.5000000000000284, -33.00000000000081002 ) ) ;
#1295 = ORIENTED_EDGE ( 'NONE', *, *, #2562, .F. ) ;
#1296 = EDGE_LOOP ( 'NONE', ( #2696, #1143, #2837, #2600 ) ) ;
#1297 = FACE_BOUND ( 'NONE', #169, .T. ) ;
#1298 = CARTESIAN_POINT ( 'NONE',  ( -51.49999999999999289, 215.0581348548385563, -63.45762979144961236 ) ) ;
#1299 = EDGE_CURVE ( 'NONE', #3754, #125, #6, .T. ) ;
#1300 = DIRECTION ( 'NONE',  ( -0.000000000000000000, -0.7071067811865437980, -0.7071067811865512365 ) ) ;
#1301 = APPROVAL_ROLE ( '' ) ;
#1302 = ORIENTED_EDGE ( 'NONE', *, *, #1323, .T. ) ;
#1303 = EDGE_CURVE ( 'NONE', #1554, #1096, #2577, .T. ) ;
#1304 = DIRECTION ( 'NONE',  ( -0.000000000000000000, -0.000000000000000000, 1.000000000000000000 ) ) ;
#1305 = DIRECTION ( 'NONE',  ( -0.000000000000000000, -0.000000000000000000, 1.000000000000000000 ) ) ;
#1306 = DIRECTION ( 'NONE',  ( 1.000000000000000000, 0.000000000000000000, 0.000000000000000000 ) ) ;
#1307 = CARTESIAN_POINT ( 'NONE',  ( -116.0000000000000568, -134.5000000000000284, -34.24999999999994316 ) ) ;
#1308 = VERTEX_POINT ( 'NONE', #2238 ) ;
#1309 = EDGE_CURVE ( 'NONE', #2313, #3073, #3112, .T. ) ;
#1310 = ORIENTED_EDGE ( 'NONE', *, *, #3508, .T. ) ;
#1311 = ORIENTED_EDGE ( 'NONE', *, *, #2266, .F. ) ;
#1312 = DIRECTION ( 'NONE',  ( 0.000000000000000000, 0.000000000000000000, 1.000000000000000000 ) ) ;
#1313 = CARTESIAN_POINT ( 'NONE',  ( -90.00000000000000000, 225.3111831820434361, -63.81118318204278950 ) ) ;
#1314 = DIRECTION ( 'NONE',  ( 1.000000000000000000, -0.000000000000000000, -0.000000000000000000 ) ) ;
#1315 = ADVANCED_FACE ( 'NONE', ( #3487 ), #3086, .F. ) ;
#1316 = ORIENTED_EDGE ( 'NONE', *, *, #3075, .F. ) ;
#1317 = EDGE_LOOP ( 'NONE', ( #308, #3585, #656, #2308 ) ) ;
#1318 = ORIENTED_EDGE ( 'NONE', *, *, #1510, .T. ) ;
#1319 = FACE_BOUND ( 'NONE', #2651, .T. ) ;
#1320 = FACE_OUTER_BOUND ( 'NONE', #2883, .T. ) ;
#1321 = CYLINDRICAL_SURFACE ( 'NONE', #3640, 1.249999999999973355 ) ;
#1322 = DIRECTION ( 'NONE',  ( -0.000000000000000000, -0.000000000000000000, 1.000000000000000000 ) ) ;
#1323 = EDGE_CURVE ( 'NONE', #3102, #2327, #3733, .T. ) ;
#1324 = EDGE_CURVE ( 'NONE', #3494, #2169, #2193, .T. ) ;
#1325 = AXIS2_PLACEMENT_3D ( 'NONE', #2285, #3888, #1416 ) ;
#1326 = EDGE_LOOP ( 'NONE', ( #3292, #1740 ) ) ;
#1327 = B_SPLINE_CURVE_WITH_KNOTS ( 'NONE', 3,
 ( #1862, #1556, #1887, #570, #2767, #213, #3674, #2114, #2159, #239 ),
 .UNSPECIFIED., .F., .F.,
 ( 4, 2, 2, 2, 4 ),
 ( 0.000000000000000000, 0.2500000000000000000, 0.5000000000000000000, 0.7500000000000000000, 1.000000000000000000 ),
 .UNSPECIFIED. ) ;
#1328 = DIRECTION ( 'NONE',  ( -0.000000000000000000, 0.000000000000000000, 1.000000000000000000 ) ) ;
#1329 = CARTESIAN_POINT ( 'NONE',  ( -114.4766232814989309, 163.8602880625660134, -0.7773426251353884320 ) ) ;
#1330 = DIRECTION ( 'NONE',  ( -0.000000000000000000, 0.000000000000000000, 1.000000000000000000 ) ) ;
#1331 = LINE ( 'NONE', #3188, #1090 ) ;
#1332 = DIRECTION ( 'NONE',  ( 0.000000000000000000, -0.000000000000000000, -1.000000000000000000 ) ) ;
#1333 = AXIS2_PLACEMENT_3D ( 'NONE', #30, #1283, #978 ) ;
#1334 = VERTEX_POINT ( 'NONE', #2315 ) ;
#1335 = VECTOR ( 'NONE', #1314, 1000.000000000000000 ) ;
#1336 = VERTEX_POINT ( 'NONE', #745 ) ;
#1337 = AXIS2_PLACEMENT_3D ( 'NONE', #2192, #2483, #3740 ) ;
#1338 = VECTOR ( 'NONE', #771, 1000.000000000000000 ) ;
#1339 = DIRECTION ( 'NONE',  ( -1.000000000000000000, -2.453269466693385605E-15, -2.453269466693411243E-15 ) ) ;
#1340 = CYLINDRICAL_SURFACE ( 'NONE', #297, 1.249999999999973355 ) ;
#1341 = AXIS2_PLACEMENT_3D ( 'NONE', #2525, #2856, #668 ) ;
#1342 = CARTESIAN_POINT ( 'NONE',  ( -46.50000000000000000, 220.3614357137376771, -68.76093065034868346 ) ) ;
#1343 = AXIS2_PLACEMENT_3D ( 'NONE', #3994, #2772, #2145 ) ;
#1344 = ORIENTED_EDGE ( 'NONE', *, *, #2202, .T. ) ;
#1345 = ORIENTED_EDGE ( 'NONE', *, *, #2535, .F. ) ;
#1346 = FACE_BOUND ( 'NONE', #2990, .T. ) ;
#1347 = AXIS2_PLACEMENT_3D ( 'NONE', #1907, #1875, #3131 ) ;
#1348 = EDGE_CURVE ( 'NONE', #2933, #1273, #3213, .T. ) ;
#1349 = ORIENTED_EDGE ( 'NONE', *, *, #3099, .T. ) ;
#1350 = CARTESIAN_POINT ( 'NONE',  ( 0.000000000000000000, 221.7756492761107268, -60.27564927611013701 ) ) ;
#1351 = VECTOR ( 'NONE', #1352, 1000.000000000000000 ) ;
#1352 = DIRECTION ( 'NONE',  ( -1.000000000000000000, -0.000000000000000000, 3.469446951953614189E-15 ) ) ;
#1353 = VECTOR ( 'NONE', #1306, 1000.000000000000000 ) ;
#1354 = ORGANIZATION ( '未', '未', '' ) ;
#1355 = EDGE_LOOP ( 'NONE', ( #1116, #2762, #2809, #2928 ) ) ;
#1356 = DIRECTION ( 'NONE',  ( 1.000000000000000000, -2.793261385626813401E-31, -3.469446951953613794E-15 ) ) ;
#1357 = DIRECTION ( 'NONE',  ( -1.000000000000000000, -0.000000000000000000, -0.000000000000000000 ) ) ;
#1358 = CARTESIAN_POINT ( 'NONE',  ( -116.0300000000000296, 164.8096576927277965, -3.977703611436935738 ) ) ;
#1359 = DIRECTION ( 'NONE',  ( 0.000000000000000000, 0.7071067811865475727, -0.7071067811865475727 ) ) ;
#1360 = VERTEX_POINT ( 'NONE', #3254 ) ;
#1361 = VERTEX_POINT ( 'NONE', #2960 ) ;
#1362 = CARTESIAN_POINT ( 'NONE',  ( 52.00000000000017053, 80.74999999999916156, 80.74999999999994316 ) ) ;
#1363 = FACE_OUTER_BOUND ( 'NONE', #1715, .T. ) ;
#1364 = FACE_OUTER_BOUND ( 'NONE', #2536, .T. ) ;
#1365 = EDGE_LOOP ( 'NONE', ( #3892, #3095, #1695, #737 ) ) ;
#1366 = EDGE_LOOP ( 'NONE', ( #3283, #4077 ) ) ;
#1367 = CARTESIAN_POINT ( 'NONE',  ( -112.5219866587632680, 163.9053877375781951, -3.107773096390214373 ) ) ;
#1368 = ORIENTED_EDGE ( 'NONE', *, *, #3834, .F. ) ;
#1369 = CYLINDRICAL_SURFACE ( 'NONE', #3708, 1.599999999999992317 ) ;
#1370 = EDGE_CURVE ( 'NONE', #914, #2327, #752, .T. ) ;
#1371 = DIRECTION ( 'NONE',  ( 0.000000000000000000, 0.7071067811865437980, 0.7071067811865513475 ) ) ;
#1372 = EDGE_CURVE ( 'NONE', #1072, #2884, #1921, .T. ) ;
#1373 = CARTESIAN_POINT ( 'NONE',  ( -116.0000000000000853, 135.4999999999999432, -34.24999999999992895 ) ) ;
#1374 = CARTESIAN_POINT ( 'NONE',  ( -112.1309207904845806, 164.8247886444749497, -3.324788644474931498 ) ) ;
#1375 = DIRECTION ( 'NONE',  ( 1.000000000000000000, 0.000000000000000000, 0.000000000000000000 ) ) ;
#1376 = EDGE_CURVE ( 'NONE', #1119, #208, #3763, .T. ) ;
#1377 = ORIENTED_EDGE ( 'NONE', *, *, #2470, .F. ) ;
#1378 = LINE ( 'NONE', #432, #149 ) ;
#1379 = CARTESIAN_POINT ( 'NONE',  ( 78.75000000000004263, -120.0000000000000000, -3.000000000000000000 ) ) ;
#1380 = PLANE ( 'NONE',  #2848 ) ;
#1381 = ADVANCED_FACE ( 'NONE', ( #2503 ), #1561, .F. ) ;
#1382 = ORIENTED_EDGE ( 'NONE', *, *, #242, .T. ) ;
#1383 = EDGE_CURVE ( 'NONE', #1566, #2107, #1397, .T. ) ;
#1384 = ORIENTED_EDGE ( 'NONE', *, *, #1166, .T. ) ;
#1385 = DIRECTION ( 'NONE',  ( 0.000000000000000000, 0.7071067811865519026, -0.7071067811865431318 ) ) ;
#1386 = ORIENTED_EDGE ( 'NONE', *, *, #675, .F. ) ;
#1387 = PLANE ( 'NONE',  #3971 ) ;
#1388 = CARTESIAN_POINT ( 'NONE',  ( 27.99999999999997868, 221.7756492761107268, -60.27564927611012990 ) ) ;
#1389 = ORIENTED_EDGE ( 'NONE', *, *, #3094, .F. ) ;
#1390 = LINE ( 'NONE', #2976, #625 ) ;
#1391 = EDGE_CURVE ( 'NONE', #2704, #1056, #2642, .T. ) ;
#1392 = CARTESIAN_POINT ( 'NONE',  ( -112.9697000000000031, 164.5263443403839858, -4.261018122118875873 ) ) ;
#1393 = DIRECTION ( 'NONE',  ( -0.000000000000000000, 0.7071067811865437980, 0.7071067811865513475 ) ) ;
#1394 = VERTEX_POINT ( 'NONE', #943 ) ;
#1395 = CARTESIAN_POINT ( 'NONE',  ( -111.9999999999999858, 164.7928932188134752, -3.292893218813472522 ) ) ;
#1396 = CARTESIAN_POINT ( 'NONE',  ( -111.9999999999999858, 166.9142135623730780, -1.171572875253809709 ) ) ;
#1397 = CIRCLE ( 'NONE', #2059, 1.250000000000001110 ) ;
#1398 = VECTOR ( 'NONE', #897, 1000.000000000000000 ) ;
#1399 = LINE ( 'NONE', #3601, #2534 ) ;
#1400 = DIRECTION ( 'NONE',  ( 0.000000000000000000, -0.7071067811865475727, 0.7071067811865475727 ) ) ;
#1401 = VERTEX_POINT ( 'NONE', #633 ) ;
#1402 = VERTEX_POINT ( 'NONE', #51 ) ;
#1403 = AXIS2_PLACEMENT_3D ( 'NONE', #2337, #2971, #174 ) ;
#1404 = CARTESIAN_POINT ( 'NONE',  ( 115.5213591450676205, 163.7249890375294399, -1.970415509105297946 ) ) ;
#1405 = VECTOR ( 'NONE', #406, 1000.000000000000000 ) ;
#1406 = AXIS2_PLACEMENT_3D ( 'NONE', #4031, #3004, #2233 ) ;
#1407 = EDGE_LOOP ( 'NONE', ( #1134, #3668, #2479, #431 ) ) ;
#1408 = EDGE_CURVE ( 'NONE', #2835, #1394, #652, .T. ) ;
#1409 = LINE ( 'NONE', #3899, #1338 ) ;
#1410 = VECTOR ( 'NONE', #443, 1000.000000000000000 ) ;
#1411 = CARTESIAN_POINT ( 'NONE',  ( 5.500000000000000000, 227.4325035256031242, -61.68986283848317242 ) ) ;
#1412 = CIRCLE ( 'NONE', #1275, 3.199999999999994849 ) ;
#1413 = VERTEX_POINT ( 'NONE', #33 ) ;
#1414 = CARTESIAN_POINT ( 'NONE',  ( -113.0000000000000711, 135.4999999999999432, -31.75000000000010303 ) ) ;
#1415 = CARTESIAN_POINT ( 'NONE',  ( -1.249999999999965139, -120.0000000000000000, 0.000000000000000000 ) ) ;
#1416 = DIRECTION ( 'NONE',  ( 0.000000000000000000, -0.7071067811865496822, 0.7071067811865453523 ) ) ;
#1417 = CARTESIAN_POINT ( 'NONE',  ( 0.000000000000000000, 230.6144840409426138, -69.11448404094193165 ) ) ;
#1418 = CIRCLE ( 'NONE', #363, 1.600000000000002309 ) ;
#1419 = EDGE_CURVE ( 'NONE', #1336, #774, #1987, .T. ) ;
#1420 = ORIENTED_EDGE ( 'NONE', *, *, #1639, .T. ) ;
#1421 = DIRECTION ( 'NONE',  ( -0.000000000000000000, 0.7071067811865437980, 0.7071067811865513475 ) ) ;
#1422 = CARTESIAN_POINT ( 'NONE',  ( 116.0000000000004690, 101.6808262504636389, -155.9654642080817553 ) ) ;
#1423 = DIRECTION ( 'NONE',  ( 0.000000000000000000, 0.000000000000000000, -1.000000000000000000 ) ) ;
#1424 = VERTEX_POINT ( 'NONE', #3798 ) ;
#1425 = VERTEX_POINT ( 'NONE', #2181 ) ;
#1426 = ORIENTED_EDGE ( 'NONE', *, *, #2101, .T. ) ;
#1427 = DIRECTION ( 'NONE',  ( 0.000000000000000000, -0.7071067811865474617, 0.7071067811865474617 ) ) ;
#1428 = DIRECTION ( 'NONE',  ( 0.000000000000000000, 0.7071067811865519026, -0.7071067811865431318 ) ) ;
#1429 = CARTESIAN_POINT ( 'NONE',  ( -68.50000000000000000, 230.6144840409426138, -69.11448404094193165 ) ) ;
#1430 = CARTESIAN_POINT ( 'NONE',  ( 45.50000000000000000, 220.3614357137376771, -68.76093065034868346 ) ) ;
#1431 = CARTESIAN_POINT ( 'NONE',  ( 112.5219866587632538, 163.9053877375781951, -3.107773096390258338 ) ) ;
#1432 = CARTESIAN_POINT ( 'NONE',  ( 80.00000000000001421, -120.0000000000000000, -3.000000000000000000 ) ) ;
#1433 = ADVANCED_FACE ( 'NONE', ( #2201 ), #908, .F. ) ;
#1434 = ORIENTED_EDGE ( 'NONE', *, *, #2522, .F. ) ;
#1435 = CARTESIAN_POINT ( 'NONE',  ( -112.5959259543596716, 163.8602880625660134, -3.224563062926512735 ) ) ;
#1436 = CARTESIAN_POINT ( 'NONE',  ( -113.0000000000000000, 164.5291494230804688, -4.258213027953708263 ) ) ;
#1437 = CARTESIAN_POINT ( 'NONE',  ( 11.99999999999997868, 223.8969696196703580, -58.15432893255047020 ) ) ;
#1438 = LINE ( 'NONE', #491, #611 ) ;
#1439 = EDGE_CURVE ( 'NONE', #2945, #68, #3457, .T. ) ;
#1440 = VERTEX_POINT ( 'NONE', #3162 ) ;
#1441 = PLANE ( 'NONE',  #2070 ) ;
#1442 = LINE ( 'NONE', #3913, #3986 ) ;
#1443 = CARTESIAN_POINT ( 'NONE',  ( -68.50000000000000000, 232.7358043845022451, -66.99316369738227195 ) ) ;
#1444 = ORIENTED_EDGE ( 'NONE', *, *, #2424, .T. ) ;
#1445 = EDGE_CURVE ( 'NONE', #2102, #94, #412, .T. ) ;
#1446 = VERTEX_POINT ( 'NONE', #2524 ) ;
#1447 = CARTESIAN_POINT ( 'NONE',  ( 116.0299999999999869, 163.5445903374807131, -4.000000000000000000 ) ) ;
#1448 = EDGE_CURVE ( 'NONE', #854, #1334, #2800, .T. ) ;
#1449 = DIRECTION ( 'NONE',  ( 1.000000000000000000, 0.000000000000000000, 0.000000000000000000 ) ) ;
#1450 = FACE_OUTER_BOUND ( 'NONE', #3385, .T. ) ;
#1451 = FACE_OUTER_BOUND ( 'NONE', #1911, .T. ) ;
#1452 = ORIENTED_EDGE ( 'NONE', *, *, #3809, .T. ) ;
#1453 = CARTESIAN_POINT ( 'NONE',  ( 115.9999999999999716, 164.4684698699920204, -4.382683432365135801 ) ) ;
#1454 = EDGE_CURVE ( 'NONE', #2169, #3044, #2240, .T. ) ;
#1455 = CARTESIAN_POINT ( 'NONE',  ( -73.50000000000000000, 224.1798123321449907, -62.67981233214436543 ) ) ;
#1456 = DIRECTION ( 'NONE',  ( -0.000000000000000000, 0.000000000000000000, 1.000000000000000000 ) ) ;
#1457 = CARTESIAN_POINT ( 'NONE',  ( -116.0000000000000568, -134.5000000000000284, -31.75000000000007816 ) ) ;
#1458 = DIRECTION ( 'NONE',  ( -0.000000000000000000, -0.000000000000000000, 1.000000000000000000 ) ) ;
#1459 = ORIENTED_EDGE ( 'NONE', *, *, #2013, .T. ) ;
#1460 = CARTESIAN_POINT ( 'NONE',  ( 113.0000000000001137, -134.5000000000000284, -34.25000000000073896 ) ) ;
#1461 = DIRECTION ( 'NONE',  ( -1.000000000000000000, -2.111744996378413700E-16, -3.491481338843133750E-15 ) ) ;
#1462 = LINE ( 'NONE', #3977, #417 ) ;
#1463 = VERTEX_POINT ( 'NONE', #7 ) ;
#1464 = VERTEX_POINT ( 'NONE', #2814 ) ;
#1465 = ORIENTED_EDGE ( 'NONE', *, *, #812, .F. ) ;
#1466 = AXIS2_PLACEMENT_3D ( 'NONE', #1472, #3722, #3425 ) ;
#1467 = FACE_OUTER_BOUND ( 'NONE', #3622, .T. ) ;
#1468 = ORIENTED_EDGE ( 'NONE', *, *, #3492, .T. ) ;
#1469 = VECTOR ( 'NONE', #2249, 1000.000000000000000 ) ;
#1470 = VERTEX_POINT ( 'NONE', #2220 ) ;
#1471 = ADVANCED_FACE ( 'NONE', ( #3488 ), #963, .T. ) ;
#1472 = CARTESIAN_POINT ( 'NONE',  ( -46.50000000000000000, 225.3111831820434645, -63.81118318204284634 ) ) ;
#1473 = VECTOR ( 'NONE', #274, 1000.000000000000000 ) ;
#1474 = AXIS2_PLACEMENT_3D ( 'NONE', #188, #580, #3686 ) ;
#1475 = CARTESIAN_POINT ( 'NONE',  ( 11.99999999999997868, 216.8259018078049110, -65.22539674441598834 ) ) ;
#1476 = VECTOR ( 'NONE', #2617, 999.9999999999998863 ) ;
#1477 = ORIENTED_EDGE ( 'NONE', *, *, #970, .F. ) ;
#1478 = FACE_OUTER_BOUND ( 'NONE', #1709, .T. ) ;
#1479 = FACE_BOUND ( 'NONE', #623, .T. ) ;
#1480 = DIRECTION ( 'NONE',  ( -1.387778780781444413E-14, 0.000000000000000000, 1.000000000000000000 ) ) ;
#1481 = AXIS2_PLACEMENT_3D ( 'NONE', #3569, #2339, #2608 ) ;
#1482 = ORIENTED_EDGE ( 'NONE', *, *, #3024, .T. ) ;
#1483 = DIRECTION ( 'NONE',  ( -0.000000000000000000, 0.7071067811865437980, 0.7071067811865513475 ) ) ;
#1484 = CARTESIAN_POINT ( 'NONE',  ( 113.0000000000001563, 141.9321326906298850, -58.79021429699519530 ) ) ;
#1485 = CARTESIAN_POINT ( 'NONE',  ( 111.9999999999999574, 166.9354267658087281, -1.150359671818224516 ) ) ;
#1486 = VECTOR ( 'NONE', #3275, 1000.000000000000000 ) ;
#1487 = VERTEX_POINT ( 'NONE', #1597 ) ;
#1488 = ORIENTED_EDGE ( 'NONE', *, *, #3371, .T. ) ;
#1489 = ADVANCED_FACE ( 'NONE', ( #2855 ), #1928, .T. ) ;
#1490 = CARTESIAN_POINT ( 'NONE',  ( 112.4883593252656624, 163.9053877375781383, -3.152689339212947139 ) ) ;
#1491 = CYLINDRICAL_SURFACE ( 'NONE', #1993, 1.249999999999917843 ) ;
#1492 = ORIENTED_EDGE ( 'NONE', *, *, #3728, .F. ) ;
#1493 = LINE ( 'NONE', #2751, #1925 ) ;
#1494 = CYLINDRICAL_SURFACE ( 'NONE', #1547, 1.599999999999992317 ) ;
#1495 = APPROVAL ( #2812, '未' ) ;
#1496 = DIRECTION ( 'NONE',  ( -0.000000000000000000, -0.000000000000000000, 1.000000000000000000 ) ) ;
#1497 = CARTESIAN_POINT ( 'NONE',  ( -68.50000000000000000, 215.0581348548385563, -63.45762979144961236 ) ) ;
#1498 = FACE_OUTER_BOUND ( 'NONE', #4059, .T. ) ;
#1499 = LINE ( 'NONE', #1457, #3311 ) ;
#1500 = ADVANCED_FACE ( 'NONE', ( #3729 ), #1852, .F. ) ;
#1501 = ORIENTED_EDGE ( 'NONE', *, *, #2787, .T. ) ;
#1502 = CYLINDRICAL_SURFACE ( 'NONE', #3839, 1.249999999999973355 ) ;
#1503 = LINE ( 'NONE', #1770, #2147 ) ;
#1504 = CARTESIAN_POINT ( 'NONE',  ( 112.6145467199748822, 164.8106877147288287, -3.594001583202363737 ) ) ;
#1505 = EDGE_CURVE ( 'NONE', #252, #3538, #2489, .T. ) ;
#1506 = VERTEX_POINT ( 'NONE', #3534 ) ;
#1507 = ORIENTED_EDGE ( 'NONE', *, *, #1888, .F. ) ;
#1508 = ORIENTED_EDGE ( 'NONE', *, *, #3758, .T. ) ;
#1509 = CARTESIAN_POINT ( 'NONE',  ( 114.4581868798995856, 163.8602880625659566, -0.8013326304073130624 ) ) ;
#1510 = EDGE_CURVE ( 'NONE', #3973, #1464, #1066, .T. ) ;
#1511 = EDGE_CURVE ( 'NONE', #310, #3829, #610, .T. ) ;
#1512 = FACE_OUTER_BOUND ( 'NONE', #802, .T. ) ;
#1513 = EDGE_LOOP ( 'NONE', ( #2246, #424, #3386, #2511 ) ) ;
#1514 = CARTESIAN_POINT ( 'NONE',  ( 45.50000000000000000, 219.2300648638392033, -67.62955980045022386 ) ) ;
#1515 = CARTESIAN_POINT ( 'NONE',  ( 113.0000000000000995, 164.0857864376268935, -43.00000000000002842 ) ) ;
#1516 = CARTESIAN_POINT ( 'NONE',  ( 1.387778780781445676E-14, -120.0000000000000000, 0.000000000000000000 ) ) ;
#1517 = FACE_OUTER_BOUND ( 'NONE', #3267, .T. ) ;
#1518 = CARTESIAN_POINT ( 'NONE',  ( -113.0000000000000711, 135.4999999999999432, -34.24999999999994316 ) ) ;
#1519 = DIRECTION ( 'NONE',  ( 1.000000000000000000, 2.478496230413035176E-15, 2.478496230413061208E-15 ) ) ;
#1520 = EDGE_CURVE ( 'NONE', #2296, #2244, #1864, .T. ) ;
#1521 = CYLINDRICAL_SURFACE ( 'NONE', #1010, 1.249999999999931610 ) ;
#1522 = FACE_OUTER_BOUND ( 'NONE', #2763, .T. ) ;
#1523 = CYLINDRICAL_SURFACE ( 'NONE', #1474, 1.599999999999992317 ) ;
#1524 = ORIENTED_EDGE ( 'NONE', *, *, #3682, .T. ) ;
#1525 = ORIENTED_EDGE ( 'NONE', *, *, #362, .F. ) ;
#1526 = ORIENTED_EDGE ( 'NONE', *, *, #1688, .F. ) ;
#1527 = CARTESIAN_POINT ( 'NONE',  ( 115.1986673695926697, 163.7700887125415932, -1.541813120100359091 ) ) ;
#1528 = EDGE_LOOP ( 'NONE', ( #3493, #1221 ) ) ;
#1529 = CIRCLE ( 'NONE', #3644, 1.249999999999973355 ) ;
#1530 = LINE ( 'NONE', #1170, #3895 ) ;
#1531 = DIRECTION ( 'NONE',  ( 1.387778780781477861E-14, -0.7071067811865336949, -0.7071067811865614505 ) ) ;
#1532 = AXIS2_PLACEMENT_3D ( 'NONE', #3205, #1024, #2282 ) ;
#1533 = CIRCLE ( 'NONE', #941, 1.249999999999931610 ) ;
#1534 = ADVANCED_FACE ( 'NONE', ( #2302 ), #998, .T. ) ;
#1535 = VECTOR ( 'NONE', #1729, 999.9999999999998863 ) ;
#1536 = CIRCLE ( 'NONE', #286, 0.9999999999999592548 ) ;
#1537 = LINE ( 'NONE', #359, #1676 ) ;
#1538 = DIRECTION ( 'NONE',  ( -0.000000000000000000, 0.7071067811865437980, 0.7071067811865513475 ) ) ;
#1539 = CIRCLE ( 'NONE', #1076, 1.249999999999987121 ) ;
#1540 = CARTESIAN_POINT ( 'NONE',  ( 113.0000000000000995, 148.3141409374415502, -43.38268343236524771 ) ) ;
#1541 = VECTOR ( 'NONE', #2219, 1000.000000000000000 ) ;
#1542 = CIRCLE ( 'NONE', #1216, 1.249999999999917843 ) ;
#1543 = CARTESIAN_POINT ( 'NONE',  ( -116.0000000000000568, -134.5000000000000284, -33.00000000000000711 ) ) ;
#1544 = CARTESIAN_POINT ( 'NONE',  ( -111.9999999999999858, 164.7928932188134752, -3.292893218813472522 ) ) ;
#1545 = CARTESIAN_POINT ( 'NONE',  ( -112.9999999999999716, -164.5000000000000284, -4.000000000000003553 ) ) ;
#1546 = PLANE ( 'NONE',  #3445 ) ;
#1547 = AXIS2_PLACEMENT_3D ( 'NONE', #3988, #791, #3037 ) ;
#1548 = EDGE_CURVE ( 'NONE', #2495, #3136, #3629, .T. ) ;
#1549 = VERTEX_POINT ( 'NONE', #3323 ) ;
#1550 = EDGE_LOOP ( 'NONE', ( #2532, #969 ) ) ;
#1551 = DIRECTION ( 'NONE',  ( -0.000000000000000000, 0.000000000000000000, 1.000000000000000000 ) ) ;
#1552 = CIRCLE ( 'NONE', #3850, 1.249999999999862332 ) ;
#1553 = EDGE_CURVE ( 'NONE', #232, #2948, #2261, .T. ) ;
#1554 = VERTEX_POINT ( 'NONE', #712 ) ;
#1555 = CC_DESIGN_APPROVAL ( #1495, ( #3739 ) ) ;
#1556 = CARTESIAN_POINT ( 'NONE',  ( 112.5235987755982734, 164.0406867626147118, -7.517332703587187555E-14 ) ) ;
#1557 = DIRECTION ( 'NONE',  ( -0.000000000000000000, 0.7071067811865437980, 0.7071067811865513475 ) ) ;
#1558 = DIRECTION ( 'NONE',  ( 0.000000000000000000, 0.000000000000000000, 1.000000000000000000 ) ) ;
#1559 = CARTESIAN_POINT ( 'NONE',  ( -68.50000000000000000, 222.1292026667040034, -56.38656197958409422 ) ) ;
#1560 = EDGE_CURVE ( 'NONE', #225, #1157, #790, .T. ) ;
#1561 = CYLINDRICAL_SURFACE ( 'NONE', #3042, 3.199999999999994849 ) ;
#1562 = DIRECTION ( 'NONE',  ( -0.000000000000000000, 0.000000000000000000, 1.000000000000000000 ) ) ;
#1563 = CARTESIAN_POINT ( 'NONE',  ( 80.00000000000001421, 120.0000000000000000, 1.402220585023716934E-15 ) ) ;
#1564 = DIRECTION ( 'NONE',  ( 0.000000000000000000, 0.7071067811865437980, 0.7071067811865513475 ) ) ;
#1565 = EDGE_CURVE ( 'NONE', #391, #1967, #2559, .T. ) ;
#1566 = VERTEX_POINT ( 'NONE', #3961 ) ;
#1567 = ORIENTED_EDGE ( 'NONE', *, *, #1639, .F. ) ;
#1568 = ORIENTED_EDGE ( 'NONE', *, *, #613, .F. ) ;
#1569 = CARTESIAN_POINT ( 'NONE',  ( 116.0000000000003695, 2.918234633721127585E-13, 2.918234633721157878E-13 ) ) ;
#1570 = CYLINDRICAL_SURFACE ( 'NONE', #553, 1.249999999999973355 ) ;
#1571 = ORIENTED_EDGE ( 'NONE', *, *, #3024, .F. ) ;
#1572 = FACE_OUTER_BOUND ( 'NONE', #3985, .T. ) ;
#1573 = EDGE_CURVE ( 'NONE', #1689, #1424, #874, .T. ) ;
#1574 = CARTESIAN_POINT ( 'NONE',  ( -115.9999999999999716, -164.5000000000000284, -3.000000000000000000 ) ) ;
#1575 = CARTESIAN_POINT ( 'NONE',  ( 1.530052174732959625E-14, 189.9558441227159165, -28.45584412271565000 ) ) ;
#1576 = PERSON_AND_ORGANIZATION ( #1244, #1354 ) ;
#1577 = CARTESIAN_POINT ( 'NONE',  ( 5.500000000000000000, 219.2300648638392033, -67.62955980045022386 ) ) ;
#1578 = FACE_OUTER_BOUND ( 'NONE', #2359, .T. ) ;
#1579 = CARTESIAN_POINT ( 'NONE',  ( 112.9999999999999716, -164.5000000000000284, -4.000000000000038192 ) ) ;
#1580 = CARTESIAN_POINT ( 'NONE',  ( -112.5235987755983018, 166.9461038484035384, -1.203463161284237470 ) ) ;
#1581 = EDGE_LOOP ( 'NONE', ( #3053, #3114, #1942, #2068 ) ) ;
#1582 = ORIENTED_EDGE ( 'NONE', *, *, #1935, .F. ) ;
#1583 = ORIENTED_EDGE ( 'NONE', *, *, #255, .F. ) ;
#1584 = LINE ( 'NONE', #4078, #2649 ) ;
#1585 = DIRECTION ( 'NONE',  ( 0.000000000000000000, -0.7071067811865496822, 0.7071067811865453523 ) ) ;
#1586 = ORIENTED_EDGE ( 'NONE', *, *, #1888, .T. ) ;
#1587 = DIRECTION ( 'NONE',  ( 0.000000000000000000, 0.000000000000000000, -1.000000000000000000 ) ) ;
#1588 = LINE ( 'NONE', #3470, #2974 ) ;
#1589 = AXIS2_PLACEMENT_3D ( 'NONE', #3225, #1356, #2095 ) ;
#1590 = VECTOR ( 'NONE', #316, 1000.000000000000000 ) ;
#1591 = CARTESIAN_POINT ( 'NONE',  ( 113.0000000000001705, -164.5000000000000000, -43.00000000000000000 ) ) ;
#1592 = APPROVAL_STATUS ( 'not_yet_approved' ) ;
#1593 = FACE_OUTER_BOUND ( 'NONE', #3465, .T. ) ;
#1594 = AXIS2_PLACEMENT_3D ( 'NONE', #1843, #209, #3098 ) ;
#1595 = AXIS2_PLACEMENT_3D ( 'NONE', #1834, #3745, #1873 ) ;
#1596 = ORIENTED_EDGE ( 'NONE', *, *, #3689, .T. ) ;
#1597 = CARTESIAN_POINT ( 'NONE',  ( -46.50000000000000000, 228.5638743755015980, -62.82123368838163202 ) ) ;
#1598 = DIRECTION ( 'NONE',  ( -1.000000000000000000, -0.000000000000000000, 3.469446951953614189E-15 ) ) ;
#1599 = VECTOR ( 'NONE', #3820, 1000.000000000000000 ) ;
#1600 = VECTOR ( 'NONE', #3133, 1000.000000000000000 ) ;
#1601 = DIRECTION ( 'NONE',  ( -0.000000000000000000, -0.7071067811865437980, -0.7071067811865512365 ) ) ;
#1602 = DIRECTION ( 'NONE',  ( -0.000000000000000000, 0.000000000000000000, 1.000000000000000000 ) ) ;
#1603 = ORIENTED_EDGE ( 'NONE', *, *, #227, .T. ) ;
#1604 = ORIENTED_EDGE ( 'NONE', *, *, #1751, .F. ) ;
#1605 = CIRCLE ( 'NONE', #3055, 1.600000000000002309 ) ;
#1606 = VERTEX_POINT ( 'NONE', #3345 ) ;
#1607 = FACE_BOUND ( 'NONE', #1983, .T. ) ;
#1608 = CARTESIAN_POINT ( 'NONE',  ( -73.50000000000000000, 221.4928065636361509, -69.89230150024717148 ) ) ;
#1609 = AXIS2_PLACEMENT_3D ( 'NONE', #1032, #702, #1009 ) ;
#1610 = CARTESIAN_POINT ( 'NONE',  ( -116.0000000000002274, 189.0735931288074596, -70.00000000000000000 ) ) ;
#1611 = ORIENTED_EDGE ( 'NONE', *, *, #2045, .T. ) ;
#1612 = EDGE_CURVE ( 'NONE', #3136, #854, #96, .T. ) ;
#1613 = CIRCLE ( 'NONE', #3915, 1.599999999999992317 ) ;
#1614 = CARTESIAN_POINT ( 'NONE',  ( 0.000000000000000000, 80.74999999999913314, 80.74999999999997158 ) ) ;
#1615 = VECTOR ( 'NONE', #3662, 1000.000000000000000 ) ;
#1616 = DIRECTION ( 'NONE',  ( -1.000000000000000000, -0.000000000000000000, 0.000000000000000000 ) ) ;
#1617 = CYLINDRICAL_SURFACE ( 'NONE', #3325, 1.249999999999978906 ) ;
#1618 = EDGE_CURVE ( 'NONE', #3864, #1103, #3830, .T. ) ;
#1619 = EDGE_CURVE ( 'NONE', #2482, #1402, #2254, .T. ) ;
#1620 = CARTESIAN_POINT ( 'NONE',  ( 90.00000000000000000, 220.3614357137376203, -68.76093065034865504 ) ) ;
#1621 = FACE_OUTER_BOUND ( 'NONE', #128, .T. ) ;
#1622 = DIRECTION ( 'NONE',  ( 1.000000000000000000, 0.000000000000000000, 0.000000000000000000 ) ) ;
#1623 = ADVANCED_FACE ( 'NONE', ( #176, #3844, #2684, #1122, #2374, #808, #2074, #2564, #1779, #1450 ), #380, .T. ) ;
#1624 = CARTESIAN_POINT ( 'NONE',  ( 68.00000000000002842, 216.8259018078049110, -65.22539674441598834 ) ) ;
#1625 = EDGE_CURVE ( 'NONE', #3545, #727, #3173, .T. ) ;
#1626 = DIRECTION ( 'NONE',  ( 0.000000000000000000, 0.000000000000000000, -1.000000000000000000 ) ) ;
#1627 = ORIENTED_EDGE ( 'NONE', *, *, #3619, .F. ) ;
#1628 = ORIENTED_EDGE ( 'NONE', *, *, #1648, .T. ) ;
#1629 = VERTEX_POINT ( 'NONE', #2891 ) ;
#1630 = LINE ( 'NONE', #2879, #681 ) ;
#1631 = EDGE_CURVE ( 'NONE', #718, #1334, #1530, .T. ) ;
#1632 = DIRECTION ( 'NONE',  ( 1.000000000000000000, 0.000000000000000000, 0.000000000000000000 ) ) ;
#1633 = CYLINDRICAL_SURFACE ( 'NONE', #2326, 1.599999999999992317 ) ;
#1634 = ORIENTED_EDGE ( 'NONE', *, *, #1612, .T. ) ;
#1635 = ORIENTED_EDGE ( 'NONE', *, *, #2252, .F. ) ;
#1636 = VERTEX_POINT ( 'NONE', #2810 ) ;
#1637 = DIRECTION ( 'NONE',  ( 0.000000000000000000, -0.7071067811865439090, -0.7071067811865512365 ) ) ;
#1638 = ADVANCED_FACE ( 'NONE', ( #3080 ), #2499, .F. ) ;
#1639 = EDGE_CURVE ( 'NONE', #3051, #2835, #934, .T. ) ;
#1640 = CARTESIAN_POINT ( 'NONE',  ( -68.50000000000000000, 225.6647365726367980, -74.06423150924779009 ) ) ;
#1641 = PLANE ( 'NONE',  #3127 ) ;
#1642 = EDGE_LOOP ( 'NONE', ( #1898, #562 ) ) ;
#1643 = CARTESIAN_POINT ( 'NONE',  ( 0.000000000000000000, 0.000000000000000000, 0.000000000000000000 ) ) ;
#1644 = DIRECTION ( 'NONE',  ( -1.000000000000000000, -0.000000000000000000, 3.469446951953614189E-15 ) ) ;
#1645 = FACE_OUTER_BOUND ( 'NONE', #1964, .T. ) ;
#1646 = LINE ( 'NONE', #1047, #1727 ) ;
#1647 = ORIENTED_EDGE ( 'NONE', *, *, #2419, .T. ) ;
#1648 = EDGE_CURVE ( 'NONE', #2244, #2296, #81, .T. ) ;
#1649 = ORIENTED_EDGE ( 'NONE', *, *, #3960, .F. ) ;
#1650 = FACE_BOUND ( 'NONE', #3823, .T. ) ;
#1651 = DIRECTION ( 'NONE',  ( -0.000000000000000000, -0.000000000000000000, 1.000000000000000000 ) ) ;
#1652 = CARTESIAN_POINT ( 'NONE',  ( 78.75000000000004263, 1.530808498934167412E-16, 0.000000000000000000 ) ) ;
#1653 = ORIENTED_EDGE ( 'NONE', *, *, #3472, .F. ) ;
#1654 = FACE_BOUND ( 'NONE', #3421, .T. ) ;
#1655 = ORIENTED_EDGE ( 'NONE', *, *, #970, .T. ) ;
#1656 = DIRECTION ( 'NONE',  ( 0.000000000000000000, -0.7071067811865519026, 0.7071067811865431318 ) ) ;
#1657 = CARTESIAN_POINT ( 'NONE',  ( -112.9999999999999716, -164.5000000000000284, -2.999999999999999556 ) ) ;
#1658 = AXIS2_PLACEMENT_3D ( 'NONE', #3597, #1972, #1703 ) ;
#1659 = EDGE_LOOP ( 'NONE', ( #2421, #3811, #3072, #761 ) ) ;
#1660 = CARTESIAN_POINT ( 'NONE',  ( -116.0000000000000711, -114.5000000000000284, -34.24999999999993605 ) ) ;
#1661 = DIRECTION ( 'NONE',  ( -2.111744996378408030E-16, 1.000000000000000000, -8.446979985513632612E-17 ) ) ;
#1662 = CARTESIAN_POINT ( 'NONE',  ( -112.8473106607871586, 164.6862309164213514, -3.909800097692401444 ) ) ;
#1663 = DIRECTION ( 'NONE',  ( 0.000000000000000000, 0.7071067811865437980, 0.7071067811865513475 ) ) ;
#1664 = AXIS2_PLACEMENT_3D ( 'NONE', #979, #318, #2165 ) ;
#1665 = ORIENTED_EDGE ( 'NONE', *, *, #78, .T. ) ;
#1666 = VERTEX_POINT ( 'NONE', #3987 ) ;
#1667 = AXIS2_PLACEMENT_3D ( 'NONE', #2295, #991, #2232 ) ;
#1668 = DIRECTION ( 'NONE',  ( -0.000000000000000000, -0.000000000000000000, 1.000000000000000000 ) ) ;
#1669 = CARTESIAN_POINT ( 'NONE',  ( -20.00000000000000000, 220.3614357137376771, -68.76093065034868346 ) ) ;
#1670 = EDGE_CURVE ( 'NONE', #3673, #2351, #2580, .T. ) ;
#1671 = VECTOR ( 'NONE', #3890, 1000.000000000000000 ) ;
#1672 = VECTOR ( 'NONE', #594, 1000.000000000000000 ) ;
#1673 = ORIENTED_EDGE ( 'NONE', *, *, #3018, .F. ) ;
#1674 = ORIENTED_EDGE ( 'NONE', *, *, #2481, .F. ) ;
#1675 = LINE ( 'NONE', #2353, #1262 ) ;
#1676 = VECTOR ( 'NONE', #3144, 1000.000000000000000 ) ;
#1677 = VERTEX_POINT ( 'NONE', #1801 ) ;
#1678 = EDGE_LOOP ( 'NONE', ( #2859, #1295 ) ) ;
#1679 = VECTOR ( 'NONE', #3630, 1000.000000000000000 ) ;
#1680 = LINE ( 'NONE', #1657, #3779 ) ;
#1681 = AXIS2_PLACEMENT_3D ( 'NONE', #2802, #1218, #4035 ) ;
#1682 = EDGE_CURVE ( 'NONE', #1361, #1273, #4065, .T. ) ;
#1683 = AXIS2_PLACEMENT_3D ( 'NONE', #1932, #981, #2242 ) ;
#1684 = ORIENTED_EDGE ( 'NONE', *, *, #1510, .F. ) ;
#1685 = DIRECTION ( 'NONE',  ( 0.000000000000000000, -0.7071067811865475727, 0.7071067811865475727 ) ) ;
#1686 = CARTESIAN_POINT ( 'NONE',  ( -116.0300000000000011, 164.4684698699917931, -4.382683432365326759 ) ) ;
#1687 = DIRECTION ( 'NONE',  ( 0.000000000000000000, 0.7071067811865513475, -0.7071067811865437980 ) ) ;
#1688 = EDGE_CURVE ( 'NONE', #83, #1961, #341, .T. ) ;
#1689 = VERTEX_POINT ( 'NONE', #2729 ) ;
#1690 = CARTESIAN_POINT ( 'NONE',  ( 90.00000000000000000, 220.3614357137376203, -68.76093065034865504 ) ) ;
#1691 = DIRECTION ( 'NONE',  ( -0.000000000000000000, 0.7071067811865437980, 0.7071067811865513475 ) ) ;
#1692 = DIRECTION ( 'NONE',  ( -0.000000000000000000, -0.000000000000000000, 1.000000000000000000 ) ) ;
#1693 = ORIENTED_EDGE ( 'NONE', *, *, #2202, .F. ) ;
#1694 = CARTESIAN_POINT ( 'NONE',  ( -112.2617993877991438, 163.9955870876025301, -3.000000000000023537 ) ) ;
#1695 = ORIENTED_EDGE ( 'NONE', *, *, #2252, .T. ) ;
#1696 = DIRECTION ( 'NONE',  ( -0.000000000000000000, 0.7071067811865437980, 0.7071067811865513475 ) ) ;
#1697 = EDGE_CURVE ( 'NONE', #2966, #2623, #2583, .T. ) ;
#1698 = CARTESIAN_POINT ( 'NONE',  ( -111.9999999999999858, 252.8883476483188986, -92.80256121069113817 ) ) ;
#1699 = APPROVAL_STATUS ( 'not_yet_approved' ) ;
#1700 = VERTEX_POINT ( 'NONE', #2422 ) ;
#1701 = CYLINDRICAL_SURFACE ( 'NONE', #2657, 1.249999999999917843 ) ;
#1702 = CARTESIAN_POINT ( 'NONE',  ( -112.7754369370735361, 164.7304017232526689, -3.801848718800214133 ) ) ;
#1703 = DIRECTION ( 'NONE',  ( 0.000000000000000000, 0.000000000000000000, 1.000000000000000000 ) ) ;
#1704 = ORIENTED_EDGE ( 'NONE', *, *, #1252, .T. ) ;
#1705 = FACE_OUTER_BOUND ( 'NONE', #3922, .T. ) ;
#1706 = DIRECTION ( 'NONE',  ( 0.000000000000000000, 0.7071067811865752173, 0.7071067811865197061 ) ) ;
#1707 = EDGE_CURVE ( 'NONE', #1880, #1085, #1866, .T. ) ;
#1708 = ORIENTED_EDGE ( 'NONE', *, *, #3088, .T. ) ;
#1709 = EDGE_LOOP ( 'NONE', ( #2343, #3141, #1444, #2934 ) ) ;
#1710 = CARTESIAN_POINT ( 'NONE',  ( 114.0295844908947061, 163.9053877375781383, -0.4786408549324014383 ) ) ;
#1711 = ORIENTED_EDGE ( 'NONE', *, *, #812, .T. ) ;
#1712 = DIRECTION ( 'NONE',  ( -0.000000000000000000, -0.000000000000000000, 1.000000000000000000 ) ) ;
#1713 = DIRECTION ( 'NONE',  ( 0.000000000000000000, 0.7071067811865437980, 0.7071067811865513475 ) ) ;
#1714 = CC_DESIGN_PERSON_AND_ORGANIZATION_ASSIGNMENT ( #977, #378, ( #2011 ) ) ;
#1715 = EDGE_LOOP ( 'NONE', ( #1956, #3113, #806, #3804 ) ) ;
#1716 = PLANE ( 'NONE',  #2332 ) ;
#1717 = CARTESIAN_POINT ( 'NONE',  ( -112.5276202007371751, 166.9673227649049068, -1.182255670914428958 ) ) ;
#1718 = CYLINDRICAL_SURFACE ( 'NONE', #4034, 1.599999999999992317 ) ;
#1719 = CARTESIAN_POINT ( 'NONE',  ( 27.99999999999997868, 228.8467170879762023, -67.34671708797557699 ) ) ;
#1720 = ORIENTED_EDGE ( 'NONE', *, *, #3816, .F. ) ;
#1721 = CARTESIAN_POINT ( 'NONE',  ( 113.0000000000000853, 135.4999999999999432, -34.25000000000072475 ) ) ;
#1722 = AXIS2_PLACEMENT_3D ( 'NONE', #1044, #195, #2585 ) ;
#1723 = VECTOR ( 'NONE', #1230, 1000.000000000000114 ) ;
#1724 = DIRECTION ( 'NONE',  ( 0.000000000000000000, -0.3826834323650840641, -0.9238795325112890700 ) ) ;
#1725 = EDGE_LOOP ( 'NONE', ( #1994, #324, #858, #2451 ) ) ;
#1726 = CIRCLE ( 'NONE', #1594, 1.249999999999862332 ) ;
#1727 = VECTOR ( 'NONE', #3286, 1000.000000000000000 ) ;
#1728 = ORIENTED_EDGE ( 'NONE', *, *, #42, .T. ) ;
#1729 = DIRECTION ( 'NONE',  ( 0.000000000000000000, 0.7071067811865512365, -0.7071067811865439090 ) ) ;
#1730 = AXIS2_PLACEMENT_3D ( 'NONE', #2758, #3335, #3975 ) ;
#1731 = AXIS2_PLACEMENT_3D ( 'NONE', #881, #2407, #2146 ) ;
#1732 = EDGE_CURVE ( 'NONE', #40, #394, #3388, .T. ) ;
#1733 = EDGE_LOOP ( 'NONE', ( #2002, #1368, #704, #1384 ) ) ;
#1734 = ORIENTED_EDGE ( 'NONE', *, *, #1002, .F. ) ;
#1735 = VECTOR ( 'NONE', #3660, 1000.000000000000000 ) ;
#1736 = CARTESIAN_POINT ( 'NONE',  ( 112.9999999999999716, 163.6347896875050481, -3.738200612200892170 ) ) ;
#1737 = PLANE ( 'NONE',  #560 ) ;
#1738 = EDGE_CURVE ( 'NONE', #1394, #269, #919, .T. ) ;
#1739 = AXIS2_PLACEMENT_3D ( 'NONE', #2256, #1713, #377 ) ;
#1740 = ORIENTED_EDGE ( 'NONE', *, *, #162, .F. ) ;
#1741 = VECTOR ( 'NONE', #1691, 1000.000000000000000 ) ;
#1742 = ADVANCED_FACE ( 'NONE', ( #3363 ), #628, .F. ) ;
#1743 = CARTESIAN_POINT ( 'NONE',  ( -116.0000000000000711, -114.5000000000000284, -33.00000000000000711 ) ) ;
#1744 = CARTESIAN_POINT ( 'NONE',  ( -111.9999999999999858, 166.9142135623731349, -1.171572875253813484 ) ) ;
#1745 = DIRECTION ( 'NONE',  ( -0.000000000000000000, 0.7071067811865437980, 0.7071067811865513475 ) ) ;
#1746 = B_SPLINE_CURVE_WITH_KNOTS ( 'NONE', 3,
 ( #1999, #3255, #434, #3418, #2759, #3731 ),
 .UNSPECIFIED., .F., .F.,
 ( 4, 2, 4 ),
 ( 0.000000000000000000, 0.5000000000000000000, 1.000000000000000000 ),
 .UNSPECIFIED. ) ;
#1747 = LINE ( 'NONE', #2756, #996 ) ;
#1748 = DIRECTION ( 'NONE',  ( 0.000000000000000000, 0.7071067811865519026, -0.7071067811865431318 ) ) ;
#1749 = AXIS2_PLACEMENT_3D ( 'NONE', #3993, #1538, #1174 ) ;
#1750 = ORIENTED_EDGE ( 'NONE', *, *, #1511, .T. ) ;
#1751 = EDGE_CURVE ( 'NONE', #2835, #4041, #1327, .T. ) ;
#1752 = CARTESIAN_POINT ( 'NONE',  ( 1.530052174732959625E-14, 183.9454364826302140, -18.20279579551074178 ) ) ;
#1753 = LINE ( 'NONE', #3873, #629 ) ;
#1754 = CARTESIAN_POINT ( 'NONE',  ( 112.9739726766682679, 164.5897730019228788, -4.133819156312609877 ) ) ;
#1755 = ORIENTED_EDGE ( 'NONE', *, *, #1829, .F. ) ;
#1756 = ORIENTED_EDGE ( 'NONE', *, *, #2897, .F. ) ;
#1757 = DIRECTION ( 'NONE',  ( 0.000000000000000000, 0.7071067811865437980, 0.7071067811865513475 ) ) ;
#1758 = LINE ( 'NONE', #2111, #3767 ) ;
#1759 = EDGE_CURVE ( 'NONE', #3136, #718, #1493, .T. ) ;
#1760 = CARTESIAN_POINT ( 'NONE',  ( 112.2617993877991580, 163.9955870876025301, -3.000000000000079492 ) ) ;
#1761 = FACE_OUTER_BOUND ( 'NONE', #3966, .T. ) ;
#1762 = ORIENTED_EDGE ( 'NONE', *, *, #3108, .T. ) ;
#1763 = CYLINDRICAL_SURFACE ( 'NONE', #686, 1.249999999999978906 ) ;
#1764 = CARTESIAN_POINT ( 'NONE',  ( 68.00000000000002842, 223.8969696196704149, -72.29646455628142121 ) ) ;
#1765 = CARTESIAN_POINT ( 'NONE',  ( -78.75000000000000000, 120.0000000000000000, 1.402220585023716934E-15 ) ) ;
#1766 = DIRECTION ( 'NONE',  ( 0.000000000000000000, -0.7071067811865437980, -0.7071067811865513475 ) ) ;
#1767 = LINE ( 'NONE', #1652, #477 ) ;
#1768 = VERTEX_POINT ( 'NONE', #1827 ) ;
#1769 = FACE_OUTER_BOUND ( 'NONE', #3315, .T. ) ;
#1770 = CARTESIAN_POINT ( 'NONE',  ( 1.249999999999992895, -120.0000000000000000, 0.000000000000000000 ) ) ;
#1771 = CARTESIAN_POINT ( 'NONE',  ( 112.1269537963820113, 164.8033633032706291, -3.346213974210545672 ) ) ;
#1772 = EDGE_CURVE ( 'NONE', #1308, #587, #2324, .T. ) ;
#1773 = ORIENTED_EDGE ( 'NONE', *, *, #32, .F. ) ;
#1774 = ORIENTED_EDGE ( 'NONE', *, *, #3043, .T. ) ;
#1775 = ORIENTED_EDGE ( 'NONE', *, *, #2626, .T. ) ;
#1776 = DIRECTION ( 'NONE',  ( 0.000000000000000000, 0.000000000000000000, 1.000000000000000000 ) ) ;
#1777 = EDGE_LOOP ( 'NONE', ( #2436, #465, #2392, #3050 ) ) ;
#1778 = VERTEX_POINT ( 'NONE', #589 ) ;
#1779 = FACE_BOUND ( 'NONE', #2033, .T. ) ;
#1780 = DIRECTION ( 'NONE',  ( -0.000000000000000000, 0.7071067811865437980, 0.7071067811865513475 ) ) ;
#1781 = ORIENTED_EDGE ( 'NONE', *, *, #322, .T. ) ;
#1782 = CARTESIAN_POINT ( 'NONE',  ( -111.9999999999999858, 164.0857864376268935, -3.030300000000019978 ) ) ;
#1783 = PLANE ( 'NONE',  #3785 ) ;
#1784 = DIRECTION ( 'NONE',  ( 0.000000000000000000, 0.7071067811865437980, 0.7071067811865513475 ) ) ;
#1785 = DIRECTION ( 'NONE',  ( 0.000000000000000000, -0.7071067811865509034, 0.7071067811865442421 ) ) ;
#1786 = VERTEX_POINT ( 'NONE', #1846 ) ;
#1787 = CARTESIAN_POINT ( 'NONE',  ( 112.0000000000000142, -164.5000000000000284, -4.000000000000041744 ) ) ;
#1788 = CYLINDRICAL_SURFACE ( 'NONE', #360, 1.249999999999973355 ) ;
#1789 = CARTESIAN_POINT ( 'NONE',  ( 115.9999999999999716, 164.0857864376269220, -3.000000000000026201 ) ) ;
#1790 = EDGE_LOOP ( 'NONE', ( #3786, #4037, #2692, #3231 ) ) ;
#1791 = ORIENTED_EDGE ( 'NONE', *, *, #175, .F. ) ;
#1792 = ORIENTED_EDGE ( 'NONE', *, *, #3344, .T. ) ;
#1793 = AXIS2_PLACEMENT_3D ( 'NONE', #2872, #2472, #596 ) ;
#1794 = CARTESIAN_POINT ( 'NONE',  ( -116.0000000000000711, -114.5000000000000284, -34.24999999999993605 ) ) ;
#1795 = ADVANCED_FACE ( 'NONE', ( #2824 ), #3858, .F. ) ;
#1796 = ORIENTED_EDGE ( 'NONE', *, *, #3219, .T. ) ;
#1797 = AXIS2_PLACEMENT_3D ( 'NONE', #294, #1551, #1238 ) ;
#1798 = DIRECTION ( 'NONE',  ( -0.000000000000000000, 0.7071067811865437980, 0.7071067811865513475 ) ) ;
#1799 = AXIS2_PLACEMENT_3D ( 'NONE', #2212, #3467, #1585 ) ;
#1800 = ORIENTED_EDGE ( 'NONE', *, *, #2113, .T. ) ;
#1801 = CARTESIAN_POINT ( 'NONE',  ( 27.99999999999997868, 230.9680374315358620, -65.22539674441590307 ) ) ;
#1802 = AXIS2_PLACEMENT_3D ( 'NONE', #163, #2961, #494 ) ;
#1803 = CIRCLE ( 'NONE', #1926, 1.249999999999931610 ) ;
#1804 = DIRECTION ( 'NONE',  ( -0.000000000000000000, 1.000000000000000000, -0.000000000000000000 ) ) ;
#1805 = AXIS2_PLACEMENT_3D ( 'NONE', #3885, #775, #3206 ) ;
#1806 = ORIENTED_EDGE ( 'NONE', *, *, #3694, .T. ) ;
#1807 = ADVANCED_FACE ( 'NONE', ( #1918, #1319, #1037, #2904, #3200, #3774, #974, #355, #1346, #375, #1654, #1278, #2576, #3528, #1297, #1572 ), #84, .T. ) ;
#1808 = CARTESIAN_POINT ( 'NONE',  ( 111.9999999999999574, 166.9142135623731349, -1.171572875253831914 ) ) ;
#1809 = CARTESIAN_POINT ( 'NONE',  ( 115.9999999999999716, 164.0857864376253019, -2.688821387764050996E-14 ) ) ;
#1810 = LINE ( 'NONE', #2755, #2263 ) ;
#1811 = DIRECTION ( 'NONE',  ( -1.000000000000000000, 0.000000000000000000, 0.000000000000000000 ) ) ;
#1812 = AXIS2_PLACEMENT_3D ( 'NONE', #697, #1288, #669 ) ;
#1813 = EDGE_LOOP ( 'NONE', ( #2127, #3210, #3097, #567 ) ) ;
#1814 = EDGE_CURVE ( 'NONE', #3044, #314, #348, .T. ) ;
#1815 = LINE ( 'NONE', #3665, #2198 ) ;
#1816 = EDGE_CURVE ( 'NONE', #1013, #323, #1943, .T. ) ;
#1817 = DIRECTION ( 'NONE',  ( -0.000000000000000000, 0.000000000000000000, 1.000000000000000000 ) ) ;
#1818 = CARTESIAN_POINT ( 'NONE',  ( 115.1986673695927124, 166.0472190520407310, -2.485031390012171215 ) ) ;
#1819 = CIRCLE ( 'NONE', #28, 1.249999999999987121 ) ;
#1820 = EDGE_LOOP ( 'NONE', ( #555, #328, #583, #1184 ) ) ;
#1821 = EDGE_LOOP ( 'NONE', ( #684, #476, #526, #2003 ) ) ;
#1822 = EDGE_LOOP ( 'NONE', ( #3715, #168, #1507, #103 ) ) ;
#1823 = CIRCLE ( 'NONE', #2932, 1.249999999999917843 ) ;
#1824 = PLANE ( 'NONE',  #3504 ) ;
#1825 = FACE_BOUND ( 'NONE', #3030, .T. ) ;
#1826 = VERTEX_POINT ( 'NONE', #2215 ) ;
#1827 = CARTESIAN_POINT ( 'NONE',  ( -1.249999999999978906, 1.530808498934165686E-16, -3.000000000000000000 ) ) ;
#1828 = DIRECTION ( 'NONE',  ( -0.000000000000000000, 0.000000000000000000, 1.000000000000000000 ) ) ;
#1829 = EDGE_CURVE ( 'NONE', #2933, #3495, #2602, .T. ) ;
#1830 = FACE_OUTER_BOUND ( 'NONE', #3533, .T. ) ;
#1831 = DIRECTION ( 'NONE',  ( -1.000000000000000000, -0.000000000000000000, 3.469446951953614189E-15 ) ) ;
#1832 = CYLINDRICAL_SURFACE ( 'NONE', #1406, 5.750000000000008882 ) ;
#1833 = DIRECTION ( 'NONE',  ( 0.000000000000000000, 0.7071067811865524577, -0.7071067811865426878 ) ) ;
#1834 = CARTESIAN_POINT ( 'NONE',  ( 80.00000000000001421, 0.000000000000000000, 1.402220585023716934E-15 ) ) ;
#1835 = VERTEX_POINT ( 'NONE', #2512 ) ;
#1836 = CARTESIAN_POINT ( 'NONE',  ( -116.0000000000000853, 135.4999999999999432, -33.00000000000000711 ) ) ;
#1837 = DIRECTION ( 'NONE',  ( -0.000000000000000000, -0.000000000000000000, 1.000000000000000000 ) ) ;
#1838 = DIRECTION ( 'NONE',  ( -1.000000000000000000, -0.000000000000000000, 3.469446951953614189E-15 ) ) ;
#1839 = ORIENTED_EDGE ( 'NONE', *, *, #1376, .F. ) ;
#1840 = ORIENTED_EDGE ( 'NONE', *, *, #2041, .F. ) ;
#1841 = ORIENTED_EDGE ( 'NONE', *, *, #769, .T. ) ;
#1842 = ADVANCED_FACE ( 'NONE', ( #3469 ), #3812, .F. ) ;
#1843 = CARTESIAN_POINT ( 'NONE',  ( 116.0000000000003126, 189.0735931288074596, -70.00000000000081002 ) ) ;
#1844 = DIRECTION ( 'NONE',  ( -3.944304526105059903E-31, 0.7071067811865513475, -0.7071067811865437980 ) ) ;
#1845 = EDGE_LOOP ( 'NONE', ( #56, #1665, #2057, #1180 ) ) ;
#1846 = CARTESIAN_POINT ( 'NONE',  ( -81.24999999999995737, 120.0000000000000000, -3.000000000000000000 ) ) ;
#1847 = DIRECTION ( 'NONE',  ( 1.000000000000000000, -2.453269466693385999E-15, -2.453269466693411637E-15 ) ) ;
#1848 = CARTESIAN_POINT ( 'NONE',  ( 68.00000000000002842, 80.74999999999913314, 80.74999999999997158 ) ) ;
#1849 = DIRECTION ( 'NONE',  ( -2.453269466693411243E-15, 0.000000000000000000, 1.000000000000000000 ) ) ;
#1850 = EDGE_CURVE ( 'NONE', #718, #1394, #2603, .T. ) ;
#1851 = CARTESIAN_POINT ( 'NONE',  ( 1.249999999999992895, -120.0000000000000000, -3.000000000000000000 ) ) ;
#1852 = CYLINDRICAL_SURFACE ( 'NONE', #2842, 1.249999999999973355 ) ;
#1853 = DIRECTION ( 'NONE',  ( 0.000000000000000000, 0.000000000000000000, 1.000000000000000000 ) ) ;
#1854 = FACE_OUTER_BOUND ( 'NONE', #1176, .T. ) ;
#1855 = CARTESIAN_POINT ( 'NONE',  ( -78.75000000000001421, -120.0000000000000000, 0.000000000000000000 ) ) ;
#1856 = VERTEX_POINT ( 'NONE', #644 ) ;
#1857 = EDGE_LOOP ( 'NONE', ( #2398, #4060, #537, #2452 ) ) ;
#1858 = EDGE_LOOP ( 'NONE', ( #722, #1291, #3373, #2745 ) ) ;
#1859 = CARTESIAN_POINT ( 'NONE',  ( 112.9696999999999747, 163.5896972729192385, -3.873046203617882988 ) ) ;
#1860 = ORIENTED_EDGE ( 'NONE', *, *, #4066, .T. ) ;
#1861 = VECTOR ( 'NONE', #445, 1000.000000000000000 ) ;
#1862 = CARTESIAN_POINT ( 'NONE',  ( 112.0000000000000284, 164.0857864376268935, -2.775557561562891351E-14 ) ) ;
#1863 = ADVANCED_FACE ( 'NONE', ( #3793 ), #1901, .F. ) ;
#1864 = CIRCLE ( 'NONE', #2782, 11.50000000000000355 ) ;
#1865 = CIRCLE ( 'NONE', #1595, 1.249999999999987121 ) ;
#1866 = CIRCLE ( 'NONE', #1337, 1.249999999999862332 ) ;
#1867 = CIRCLE ( 'NONE', #349, 1.599999999999992317 ) ;
#1868 = EDGE_CURVE ( 'NONE', #3352, #2884, #3218, .T. ) ;
#1869 = DIRECTION ( 'NONE',  ( 0.000000000000000000, 0.000000000000000000, 1.000000000000000000 ) ) ;
#1870 =( LENGTH_UNIT ( ) NAMED_UNIT ( * ) SI_UNIT ( .MILLI., .METRE. ) );
#1871 = CIRCLE ( 'NONE', #620, 1.250000000000005329 ) ;
#1872 = VECTOR ( 'NONE', #99, 1000.000000000000000 ) ;
#1873 = DIRECTION ( 'NONE',  ( 1.000000000000000000, 0.000000000000000000, 0.000000000000000000 ) ) ;
#1874 = CARTESIAN_POINT ( 'NONE',  ( 1.387778780781445676E-14, -120.0000000000000000, 1.402220585023716934E-15 ) ) ;
#1875 = DIRECTION ( 'NONE',  ( -1.000000000000000000, -2.111744996378410988E-16, -3.469446951953614189E-15 ) ) ;
#1876 = DIRECTION ( 'NONE',  ( 0.000000000000000000, 0.000000000000000000, -1.000000000000000000 ) ) ;
#1877 = DIRECTION ( 'NONE',  ( -1.000000000000000000, -0.000000000000000000, 3.469446951953614189E-15 ) ) ;
#1878 = VECTOR ( 'NONE', #2730, 999.9999999999998863 ) ;
#1879 = ORIENTED_EDGE ( 'NONE', *, *, #1199, .T. ) ;
#1880 = VERTEX_POINT ( 'NONE', #724 ) ;
#1881 = EDGE_CURVE ( 'NONE', #2818, #2347, #416, .T. ) ;
#1882 = ORIENTED_EDGE ( 'NONE', *, *, #1204, .T. ) ;
#1883 = CARTESIAN_POINT ( 'NONE',  ( -111.9999999999999858, 252.8883476483188986, -92.80256121069115238 ) ) ;
#1884 = DIRECTION ( 'NONE',  ( -1.000000000000000000, -0.000000000000000000, 3.469446951953614189E-15 ) ) ;
#1885 = EDGE_LOOP ( 'NONE', ( #835, #985, #1806, #3259 ) ) ;
#1886 = LOCAL_TIME ( 23, 10, 50.00000000000000000, #923 ) ;
#1887 = CARTESIAN_POINT ( 'NONE',  ( 113.0469915374370942, 163.9955870876025585, -0.1041092933268049359 ) ) ;
#1888 = EDGE_CURVE ( 'NONE', #3538, #15, #2930, .T. ) ;
#1889 = DIRECTION ( 'NONE',  ( -1.000000000000000000, -0.000000000000000000, -0.000000000000000000 ) ) ;
#1890 = ADVANCED_FACE ( 'NONE', ( #127 ), #140, .F. ) ;
#1891 = DIRECTION ( 'NONE',  ( 1.000000000000000000, 0.000000000000000000, 0.000000000000000000 ) ) ;
#1892 = CARTESIAN_POINT ( 'NONE',  ( -73.50000000000000000, 227.4325035256031242, -61.68986283848317242 ) ) ;
#1893 = DIRECTION ( 'NONE',  ( 0.000000000000000000, -0.7071067811865519026, 0.7071067811865431318 ) ) ;
#1894 = CARTESIAN_POINT ( 'NONE',  ( 45.50000000000000000, 227.4325035256031242, -61.68986283848317242 ) ) ;
#1895 = DIRECTION ( 'NONE',  ( -1.000000000000000000, -5.414975985184640395E-31, -3.391901413832836801E-15 ) ) ;
#1896 = ORIENTED_EDGE ( 'NONE', *, *, #3687, .T. ) ;
#1897 = VERTEX_POINT ( 'NONE', #2334 ) ;
#1898 = ORIENTED_EDGE ( 'NONE', *, *, #2552, .F. ) ;
#1899 = CARTESIAN_POINT ( 'NONE',  ( 0.000000000000000000, 82.87132034355876442, 82.87132034355961707 ) ) ;
#1900 = ORIENTED_EDGE ( 'NONE', *, *, #2237, .F. ) ;
#1901 = CYLINDRICAL_SURFACE ( 'NONE', #945, 1.249999999999917843 ) ;
#1902 = CARTESIAN_POINT ( 'NONE',  ( 45.50000000000000000, 226.3011326757046504, -60.55849198858470572 ) ) ;
#1903 = DIRECTION ( 'NONE',  ( -0.000000000000000000, -0.7071067811865437980, -0.7071067811865512365 ) ) ;
#1904 = PERSON_AND_ORGANIZATION_ROLE ( 'creator' ) ;
#1905 = ORIENTED_EDGE ( 'NONE', *, *, #1419, .F. ) ;
#1906 = DIRECTION ( 'NONE',  ( -1.000000000000000000, -0.000000000000000000, -0.000000000000000000 ) ) ;
#1907 = CARTESIAN_POINT ( 'NONE',  ( 113.0000000000001137, -134.5000000000000284, -33.00000000000081002 ) ) ;
#1908 = CARTESIAN_POINT ( 'NONE',  ( -116.0000000000000853, 135.4999999999999432, -31.75000000000009237 ) ) ;
#1909 = LINE ( 'NONE', #670, #2139 ) ;
#1910 = ADVANCED_FACE ( 'NONE', ( #415 ), #1098, .F. ) ;
#1911 = EDGE_LOOP ( 'NONE', ( #207, #4013, #787, #3293 ) ) ;
#1912 = EDGE_LOOP ( 'NONE', ( #282, #3956 ) ) ;
#1913 = ORIENTED_EDGE ( 'NONE', *, *, #487, .F. ) ;
#1914 = CARTESIAN_POINT ( 'NONE',  ( -73.50000000000000000, 226.3011326757046504, -60.55849198858469151 ) ) ;
#1915 = CARTESIAN_POINT ( 'NONE',  ( -51.50000000000000000, 225.6647365726367980, -74.06423150924779009 ) ) ;
#1916 = ORIENTED_EDGE ( 'NONE', *, *, #525, .F. ) ;
#1917 = EDGE_CURVE ( 'NONE', #1636, #657, #285, .T. ) ;
#1918 = FACE_BOUND ( 'NONE', #1366, .T. ) ;
#1919 = LINE ( 'NONE', #1640, #2909 ) ;
#1920 = EDGE_CURVE ( 'NONE', #160, #2578, #1675, .T. ) ;
#1921 = CIRCLE ( 'NONE', #2973, 3.999999999999998224 ) ;
#1922 = VECTOR ( 'NONE', #1519, 1000.000000000000000 ) ;
#1923 = DIRECTION ( 'NONE',  ( 0.000000000000000000, -1.000000000000000000, 0.000000000000000000 ) ) ;
#1924 = COORDINATED_UNIVERSAL_TIME_OFFSET ( 8, 0, .AHEAD. ) ;
#1925 = VECTOR ( 'NONE', #4007, 999.9999999999998863 ) ;
#1926 = AXIS2_PLACEMENT_3D ( 'NONE', #3590, #145, #420 ) ;
#1927 = EDGE_CURVE ( 'NONE', #1700, #394, #3707, .T. ) ;
#1928 = PLANE ( 'NONE',  #1793 ) ;
#1929 = DIRECTION ( 'NONE',  ( 1.000000000000000000, 0.000000000000000000, 0.000000000000000000 ) ) ;
#1930 = VECTOR ( 'NONE', #1745, 1000.000000000000000 ) ;
#1931 = CARTESIAN_POINT ( 'NONE',  ( 80.00000000000001421, 120.0000000000000000, -3.000000000000000000 ) ) ;
#1932 = CARTESIAN_POINT ( 'NONE',  ( -111.9999999999999716, 164.0857864376268935, -4.000000000000021316 ) ) ;
#1933 = CARTESIAN_POINT ( 'NONE',  ( 90.00000000000000000, 225.3111831820434361, -63.81118318204278950 ) ) ;
#1934 = AXIS2_PLACEMENT_3D ( 'NONE', #284, #1305, #999 ) ;
#1935 = EDGE_CURVE ( 'NONE', #3357, #125, #2549, .T. ) ;
#1936 = ORIENTED_EDGE ( 'NONE', *, *, #312, .F. ) ;
#1937 = ADVANCED_FACE ( 'NONE', ( #1139 ), #2661, .F. ) ;
#1938 = CARTESIAN_POINT ( 'NONE',  ( -28.00000000000000000, 226.5486200491199327, -60.80597936199998088 ) ) ;
#1939 = CARTESIAN_POINT ( 'NONE',  ( 111.9999999999999574, 252.8883476483188986, -92.80256121069115238 ) ) ;
#1940 = VECTOR ( 'NONE', #3807, 1000.000000000000000 ) ;
#1941 = EDGE_LOOP ( 'NONE', ( #1386, #185, #3603, #766 ) ) ;
#1942 = ORIENTED_EDGE ( 'NONE', *, *, #3422, .T. ) ;
#1943 = LINE ( 'NONE', #958, #3118 ) ;
#1944 = VECTOR ( 'NONE', #3575, 1000.000000000000000 ) ;
#1945 = UNCERTAINTY_MEASURE_WITH_UNIT (LENGTH_MEASURE( 1.000000000000000082E-05 ), #1870, 'distance_accuracy_value', 'NONE');
#1946 = DIRECTION ( 'NONE',  ( 1.000000000000000000, 0.000000000000000000, 0.000000000000000000 ) ) ;
#1947 = CYLINDRICAL_SURFACE ( 'NONE', #3653, 1.249999999999924727 ) ;
#1948 = CALENDAR_DATE ( 2026, 30, 6 ) ;
#1949 = EDGE_CURVE ( 'NONE', #2878, #1135, #2023, .T. ) ;
#1950 = ORIENTED_EDGE ( 'NONE', *, *, #1548, .T. ) ;
#1951 = CARTESIAN_POINT ( 'NONE',  ( 112.8922269036097816, 163.7249890375293262, -3.478013341236770195 ) ) ;
#1952 = DIRECTION ( 'NONE',  ( -0.000000000000000000, 0.7071067811865437980, 0.7071067811865513475 ) ) ;
#1953 = CARTESIAN_POINT ( 'NONE',  ( -116.0000000000000853, 135.4999999999999432, -33.00000000000000711 ) ) ;
#1954 = CARTESIAN_POINT ( 'NONE',  ( 68.00000000000002842, 223.8969696196703580, -58.15432893255047020 ) ) ;
#1955 = EDGE_LOOP ( 'NONE', ( #2838, #801, #253, #672 ) ) ;
#1956 = ORIENTED_EDGE ( 'NONE', *, *, #3947, .F. ) ;
#1957 = PLANE ( 'NONE',  #2066 ) ;
#1958 = DIRECTION ( 'NONE',  ( 0.000000000000000000, 0.7071067811865507924, -0.7071067811865442421 ) ) ;
#1959 = CARTESIAN_POINT ( 'NONE',  ( 27.99999999999997868, 223.8969696196703580, -58.15432893255047020 ) ) ;
#1960 = ORIENTED_EDGE ( 'NONE', *, *, #3018, .T. ) ;
#1961 = VERTEX_POINT ( 'NONE', #2004 ) ;
#1962 = ADVANCED_FACE ( 'NONE', ( #2681 ), #1055, .F. ) ;
#1963 = CARTESIAN_POINT ( 'NONE',  ( -112.0000000000000284, 164.0857864376268935, -1.994931997373328159E-14 ) ) ;
#1964 = EDGE_LOOP ( 'NONE', ( #454, #581, #3683, #109 ) ) ;
#1965 = DIRECTION ( 'NONE',  ( -5.916456789157590292E-31, -0.7071067811865513475, 0.7071067811865436870 ) ) ;
#1966 = CARTESIAN_POINT ( 'NONE',  ( -81.24999999999995737, 1.530808498934167412E-16, 0.000000000000000000 ) ) ;
#1967 = VERTEX_POINT ( 'NONE', #3918 ) ;
#1968 = CARTESIAN_POINT ( 'NONE',  ( 112.0000000000000284, 164.0857864376268935, -3.000000000000082601 ) ) ;
#1969 = EDGE_CURVE ( 'NONE', #1085, #1880, #615, .T. ) ;
#1970 = CARTESIAN_POINT ( 'NONE',  ( -115.9999999999999716, 163.5896980839587229, -3.476307516196196712 ) ) ;
#1971 = CARTESIAN_POINT ( 'NONE',  ( -114.4581868798997561, 166.5070372555781830, -1.897652042353030311 ) ) ;
#1972 = DIRECTION ( 'NONE',  ( -1.000000000000000000, -0.000000000000000000, 3.469446951953614189E-15 ) ) ;
#1973 = ORIENTED_EDGE ( 'NONE', *, *, #1383, .F. ) ;
#1974 = ORIENTED_EDGE ( 'NONE', *, *, #2500, .F. ) ;
#1975 = LINE ( 'NONE', #3232, #2918 ) ;
#1976 = DIRECTION ( 'NONE',  ( 0.000000000000000000, 0.7071067811865496822, -0.7071067811865453523 ) ) ;
#1977 = FACE_BOUND ( 'NONE', #2940, .T. ) ;
#1978 = DIRECTION ( 'NONE',  ( 0.000000000000000000, 0.7071067811865437980, 0.7071067811865513475 ) ) ;
#1979 = ORIENTED_EDGE ( 'NONE', *, *, #2963, .T. ) ;
#1980 = EDGE_CURVE ( 'NONE', #2012, #3137, #437, .T. ) ;
#1981 = CARTESIAN_POINT ( 'NONE',  ( 116.0000000000004832, -134.5000000000000284, -33.00000000000081002 ) ) ;
#1982 = ORIENTED_EDGE ( 'NONE', *, *, #3180, .T. ) ;
#1983 = EDGE_LOOP ( 'NONE', ( #2746, #1239 ) ) ;
#1984 = LINE ( 'NONE', #3566, #3904 ) ;
#1985 = ADVANCED_FACE ( 'NONE', ( #3318 ), #2027, .F. ) ;
#1986 = DIRECTION ( 'NONE',  ( 1.000000000000000000, 0.000000000000000000, 0.000000000000000000 ) ) ;
#1987 = CIRCLE ( 'NONE', #475, 1.249999999999987121 ) ;
#1988 = EDGE_LOOP ( 'NONE', ( #3929, #2959, #3038, #379 ) ) ;
#1989 = DIRECTION ( 'NONE',  ( -0.000000000000000000, -0.7071067811865437980, -0.7071067811865512365 ) ) ;
#1990 = CARTESIAN_POINT ( 'NONE',  ( -115.9251098869733738, 165.1505766250175213, -3.573015533217935413 ) ) ;
#1991 = DIRECTION ( 'NONE',  ( 1.000000000000000000, 0.000000000000000000, 0.000000000000000000 ) ) ;
#1992 = AXIS2_PLACEMENT_3D ( 'NONE', #4025, #3103, #3410 ) ;
#1993 = AXIS2_PLACEMENT_3D ( 'NONE', #853, #2749, #257 ) ;
#1994 = ORIENTED_EDGE ( 'NONE', *, *, #901, .F. ) ;
#1995 = VECTOR ( 'NONE', #1776, 1000.000000000000000 ) ;
#1996 = ADVANCED_FACE ( 'NONE', ( #564 ), #1824, .T. ) ;
#1997 = CIRCLE ( 'NONE', #2722, 1.249999999999987121 ) ;
#1998 = LINE ( 'NONE', #3289, #2138 ) ;
#1999 = CARTESIAN_POINT ( 'NONE',  ( 112.9999999999999574, 164.4684698699920489, -4.382683432365133136 ) ) ;
#2000 = AXIS2_PLACEMENT_3D ( 'NONE', #2832, #1598, #4072 ) ;
#2001 = EDGE_CURVE ( 'NONE', #2878, #1273, #3835, .T. ) ;
#2002 = ORIENTED_EDGE ( 'NONE', *, *, #2839, .F. ) ;
#2003 = ORIENTED_EDGE ( 'NONE', *, *, #1751, .T. ) ;
#2004 = CARTESIAN_POINT ( 'NONE',  ( -46.50000000000000000, 226.4425540319419383, -64.94255403194131304 ) ) ;
#2005 = AXIS2_PLACEMENT_3D ( 'NONE', #2917, #97, #3595 ) ;
#2006 = ORIENTED_EDGE ( 'NONE', *, *, #42, .F. ) ;
#2007 = ORIENTED_EDGE ( 'NONE', *, *, #3033, .F. ) ;
#2008 = DIRECTION ( 'NONE',  ( 1.000000000000000000, 2.111744996378411727E-16, 3.391901413832836801E-15 ) ) ;
#2009 = CARTESIAN_POINT ( 'NONE',  ( -1.249999999999965139, 120.0000000000000000, 0.000000000000000000 ) ) ;
#2010 = CIRCLE ( 'NONE', #1681, 1.249999999999862332 ) ;
#2011 = PRODUCT_DEFINITION_FORMATION_WITH_SPECIFIED_SOURCE ( '�', '', #2650, .NOT_KNOWN. ) ;
#2012 = VERTEX_POINT ( 'NONE', #3407 ) ;
#2013 = EDGE_CURVE ( 'NONE', #956, #1360, #3770, .T. ) ;
#2014 = CARTESIAN_POINT ( 'NONE',  ( -113.0469915374371226, 163.9955870876025301, -0.1041092933267673548 ) ) ;
#2015 = CARTESIAN_POINT ( 'NONE',  ( -112.9444613045652659, 164.5841649656918833, -4.139427192543564615 ) ) ;
#2016 = DIRECTION ( 'NONE',  ( -0.000000000000000000, 0.000000000000000000, 1.000000000000000000 ) ) ;
#2017 = ORIENTED_EDGE ( 'NONE', *, *, #227, .F. ) ;
#2018 = CARTESIAN_POINT ( 'NONE',  ( -115.9999999999999716, 255.7167747730650831, -89.97413408594491102 ) ) ;
#2019 = PLANE ( 'NONE',  #895 ) ;
#2020 = FACE_BOUND ( 'NONE', #3548, .T. ) ;
#2021 = ORIENTED_EDGE ( 'NONE', *, *, #2620, .T. ) ;
#2022 = ORIENTED_EDGE ( 'NONE', *, *, #1670, .T. ) ;
#2023 = LINE ( 'NONE', #3894, #2980 ) ;
#2024 = EDGE_LOOP ( 'NONE', ( #3943, #2895 ) ) ;
#2025 = ORIENTED_EDGE ( 'NONE', *, *, #664, .T. ) ;
#2026 = CARTESIAN_POINT ( 'NONE',  ( -81.24999999999995737, 1.530808498934175793E-16, -3.000000000000000000 ) ) ;
#2027 = B_SPLINE_SURFACE_WITH_KNOTS ( 'NONE', 1, 3, ( 
 ( #3606, #3277, #453, #1710, #2699, #2967, #1404, #500, #193, #1447 ),
 ( #3957, #2394, #3237, #3341, #1509, #1527, #2480, #2437, #3117, #3691 ),
 ( #585, #3423, #869, #2155, #538, #3737, #917, #2783, #2131, #2807 ),
 ( #2748, #4002, #1182, #1490, #1223, #894, #3032, #1201, #1859, #3382 ) ),
 .UNSPECIFIED., .F., .F., .F.,
 ( 2, 1, 1, 2 ),
 ( 4, 2, 2, 2, 4 ),
 ( -0.01000000000000000021, 0.000000000000000000, 1.000000000000000000, 1.010099999999999998 ),
 ( 0.000000000000000000, 0.2500000000000000000, 0.5000000000000000000, 0.7500000000000000000, 1.000000000000000000 ),
 .UNSPECIFIED. ) ;
#2028 = DIRECTION ( 'NONE',  ( -0.000000000000000000, 0.7071067811865437980, 0.7071067811865513475 ) ) ;
#2029 = EDGE_LOOP ( 'NONE', ( #212, #2659 ) ) ;
#2030 = CYLINDRICAL_SURFACE ( 'NONE', #2922, 1.250000000000005329 ) ;
#2031 = CARTESIAN_POINT ( 'NONE',  ( -114.0144759214836796, 166.6847887038038323, -1.656120022066559283 ) ) ;
#2032 = CARTESIAN_POINT ( 'NONE',  ( 80.00000000000001421, 0.000000000000000000, -3.000000000000000000 ) ) ;
#2033 = EDGE_LOOP ( 'NONE', ( #1136, #1905 ) ) ;
#2034 = CARTESIAN_POINT ( 'NONE',  ( 112.0000000000000284, -164.5000000000000284, -3.000000000000082601 ) ) ;
#2035 = EDGE_CURVE ( 'NONE', #2820, #3074, #1726, .T. ) ;
#2036 = CARTESIAN_POINT ( 'NONE',  ( 74.50000000000001421, 228.5638743755015980, -62.82123368838163202 ) ) ;
#2037 = FACE_BOUND ( 'NONE', #3025, .T. ) ;
#2038 = VERTEX_POINT ( 'NONE', #2110 ) ;
#2039 = EDGE_LOOP ( 'NONE', ( #1649, #844 ) ) ;
#2040 = EDGE_LOOP ( 'NONE', ( #4000, #1181, #4064, #3713 ) ) ;
#2041 = EDGE_CURVE ( 'NONE', #398, #2835, #2173, .T. ) ;
#2042 = DIRECTION ( 'NONE',  ( 1.000000000000000000, 0.000000000000000000, -3.491481338843133355E-15 ) ) ;
#2043 = EDGE_LOOP ( 'NONE', ( #2017, #3456, #3511, #2592 ) ) ;
#2044 = FACE_OUTER_BOUND ( 'NONE', #658, .T. ) ;
#2045 = EDGE_CURVE ( 'NONE', #1768, #1826, #2720, .T. ) ;
#2046 = CARTESIAN_POINT ( 'NONE',  ( 80.00000000000001421, -120.0000000000000000, 1.402220585023716934E-15 ) ) ;
#2047 = DIRECTION ( 'NONE',  ( -0.000000000000000000, -0.7071067811865437980, -0.7071067811865512365 ) ) ;
#2048 = EDGE_CURVE ( 'NONE', #3754, #1072, #3671, .T. ) ;
#2049 = ORIENTED_EDGE ( 'NONE', *, *, #2041, .T. ) ;
#2050 = CARTESIAN_POINT ( 'NONE',  ( -112.5036189803708879, 163.9053877375781667, -3.126213611645769053 ) ) ;
#2051 = CARTESIAN_POINT ( 'NONE',  ( -112.9739726766683248, 164.5897730019228504, -4.133819156312617871 ) ) ;
#2052 = CARTESIAN_POINT ( 'NONE',  ( -115.9999999999999716, 164.0857864376269220, -2.775557561562891351E-14 ) ) ;
#2053 = DIRECTION ( 'NONE',  ( 3.414951097637210328E-15, 0.7071067811865436870, 0.7071067811865513475 ) ) ;
#2054 = CARTESIAN_POINT ( 'NONE',  ( -68.50000000000000000, 232.7358043845022451, -66.99316369738227195 ) ) ;
#2055 = CIRCLE ( 'NONE', #2396, 1.249999999999987121 ) ;
#2056 = EDGE_CURVE ( 'NONE', #727, #3545, #17, .T. ) ;
#2057 = ORIENTED_EDGE ( 'NONE', *, *, #1682, .T. ) ;
#2058 = CARTESIAN_POINT ( 'NONE',  ( 80.00000000000001421, 0.000000000000000000, 0.000000000000000000 ) ) ;
#2059 = AXIS2_PLACEMENT_3D ( 'NONE', #1543, #1246, #3148 ) ;
#2060 = AXIS2_PLACEMENT_3D ( 'NONE', #2682, #194, #1449 ) ;
#2061 = DIRECTION ( 'NONE',  ( 2.111744996378412467E-16, -1.000000000000000000, -4.223489992756845888E-17 ) ) ;
#2062 = FACE_BOUND ( 'NONE', #3154, .T. ) ;
#2063 = ADVANCED_FACE ( 'NONE', ( #1467 ), #2725, .F. ) ;
#2064 = ORIENTED_EDGE ( 'NONE', *, *, #3393, .T. ) ;
#2065 = EDGE_CURVE ( 'NONE', #2818, #1054, #852, .T. ) ;
#2066 = AXIS2_PLACEMENT_3D ( 'NONE', #659, #311, #3212 ) ;
#2067 = AXIS2_PLACEMENT_3D ( 'NONE', #3280, #1712, #735 ) ;
#2068 = ORIENTED_EDGE ( 'NONE', *, *, #3, .T. ) ;
#2069 = CARTESIAN_POINT ( 'NONE',  ( -116.0000000000000853, 135.4999999999999432, -31.75000000000009237 ) ) ;
#2070 = AXIS2_PLACEMENT_3D ( 'NONE', #2086, #3045, #3996 ) ;
#2071 = AXIS2_PLACEMENT_3D ( 'NONE', #3908, #1687, #3228 ) ;
#2072 = DIRECTION ( 'NONE',  ( -3.469446951953613794E-15, 0.000000000000000000, -1.000000000000000000 ) ) ;
#2073 = AXIS2_PLACEMENT_3D ( 'NONE', #2486, #1258, #278 ) ;
#2074 = FACE_BOUND ( 'NONE', #3062, .T. ) ;
#2075 = CARTESIAN_POINT ( 'NONE',  ( -112.9999999999999716, -164.5000000000000284, -4.000000000000017764 ) ) ;
#2076 = AXIS2_PLACEMENT_3D ( 'NONE', #1475, #2096, #1828 ) ;
#2077 = EDGE_LOOP ( 'NONE', ( #918, #2866, #717, #822 ) ) ;
#2078 = VECTOR ( 'NONE', #2167, 1000.000000000000114 ) ;
#2079 = LINE ( 'NONE', #2706, #1735 ) ;
#2080 = EDGE_CURVE ( 'NONE', #3494, #314, #234, .T. ) ;
#2081 = PLANE ( 'NONE',  #3262 ) ;
#2082 = FACE_OUTER_BOUND ( 'NONE', #677, .T. ) ;
#2083 = CARTESIAN_POINT ( 'NONE',  ( 1.387778780781445676E-14, 120.0000000000000000, 0.000000000000000000 ) ) ;
#2084 = AXIS2_PLACEMENT_3D ( 'NONE', #3907, #2978, #488 ) ;
#2085 = ORIENTED_EDGE ( 'NONE', *, *, #2562, .T. ) ;
#2086 = CARTESIAN_POINT ( 'NONE',  ( 116.0000000000001137, 225.3111831820437487, -120.3797256769666006 ) ) ;
#2087 = CARTESIAN_POINT ( 'NONE',  ( 5.500000000000000000, 226.4425540319419383, -64.94255403194131304 ) ) ;
#2088 = DIRECTION ( 'NONE',  ( -2.111744996378435147E-16, 1.000000000000000000, 6.938893903907220489E-16 ) ) ;
#2089 = ORIENTED_EDGE ( 'NONE', *, *, #3094, .T. ) ;
#2090 = ORIENTED_EDGE ( 'NONE', *, *, #2101, .F. ) ;
#2091 = ORIENTED_EDGE ( 'NONE', *, *, #1548, .F. ) ;
#2092 = DIRECTION ( 'NONE',  ( -0.000000000000000000, -0.000000000000000000, 1.000000000000000000 ) ) ;
#2093 = DIRECTION ( 'NONE',  ( -0.000000000000000000, -0.000000000000000000, 1.000000000000000000 ) ) ;
#2094 = EDGE_LOOP ( 'NONE', ( #639, #541, #1059, #1635 ) ) ;
#2095 = DIRECTION ( 'NONE',  ( 0.000000000000000000, 0.000000000000000000, -1.000000000000000000 ) ) ;
#2096 = DIRECTION ( 'NONE',  ( -1.000000000000000000, 0.000000000000000000, -0.000000000000000000 ) ) ;
#2097 = ORIENTED_EDGE ( 'NONE', *, *, #2773, .F. ) ;
#2098 = CARTESIAN_POINT ( 'NONE',  ( -112.4883593252656482, 163.9053877375781667, -3.152689339212902730 ) ) ;
#2099 = DIRECTION ( 'NONE',  ( 1.000000000000000000, 0.000000000000000000, 0.000000000000000000 ) ) ;
#2100 = CARTESIAN_POINT ( 'NONE',  ( 52.00000000000002842, 228.8467170879762023, -67.34671708797556278 ) ) ;
#2101 = EDGE_CURVE ( 'NONE', #3624, #1700, #1584, .T. ) ;
#2102 = VERTEX_POINT ( 'NONE', #1914 ) ;
#2103 = CARTESIAN_POINT ( 'NONE',  ( 90.00000000000000000, 225.1697618258061198, -59.42712113868620349 ) ) ;
#2104 = LINE ( 'NONE', #1484, #2078 ) ;
#2105 = CARTESIAN_POINT ( 'NONE',  ( 115.9999999999999716, 164.8068803831274352, -3.980480932392458371 ) ) ;
#2106 = EDGE_CURVE ( 'NONE', #1135, #2327, #3193, .T. ) ;
#2107 = VERTEX_POINT ( 'NONE', #624 ) ;
#2108 = ORIENTED_EDGE ( 'NONE', *, *, #175, .T. ) ;
#2109 = ORIENTED_EDGE ( 'NONE', *, *, #3849, .T. ) ;
#2110 = CARTESIAN_POINT ( 'NONE',  ( 113.0000000000000995, 225.3111831820437487, -120.3797256769666149 ) ) ;
#2111 = CARTESIAN_POINT ( 'NONE',  ( -115.9999999999999716, -164.5000000000000284, 0.000000000000000000 ) ) ;
#2112 = ORIENTED_EDGE ( 'NONE', *, *, #3266, .T. ) ;
#2113 = EDGE_CURVE ( 'NONE', #1826, #1768, #2133, .T. ) ;
#2114 = CARTESIAN_POINT ( 'NONE',  ( 115.8958907066732422, 163.6347896875050765, -2.953008462562888958 ) ) ;
#2115 = FACE_BOUND ( 'NONE', #3406, .T. ) ;
#2116 = ADVANCED_FACE ( 'NONE', ( #2840, #3806, #3155, #1607, #1007, #986, #2188, #2862, #3466, #18, #2533, #3825, #641, #1274, #1253, #3139 ), #2247, .F. ) ;
#2117 = EDGE_LOOP ( 'NONE', ( #1582, #1078, #3623, #1734 ) ) ;
#2118 = LINE ( 'NONE', #816, #556 ) ;
#2119 = DIRECTION ( 'NONE',  ( -1.000000000000000000, -0.000000000000000000, 3.469446951953614189E-15 ) ) ;
#2120 = FACE_OUTER_BOUND ( 'NONE', #829, .T. ) ;
#2121 = DIRECTION ( 'NONE',  ( 1.000000000000000000, 0.000000000000000000, 0.000000000000000000 ) ) ;
#2122 = LINE ( 'NONE', #3089, #1922 ) ;
#2123 = ORIENTED_EDGE ( 'NONE', *, *, #2424, .F. ) ;
#2124 = CYLINDRICAL_SURFACE ( 'NONE', #1730, 1.249999999999973355 ) ;
#2125 = DIRECTION ( 'NONE',  ( 0.000000000000000000, -0.7071067811865509034, 0.7071067811865442421 ) ) ;
#2126 = CARTESIAN_POINT ( 'NONE',  ( 114.0144759214836085, 166.6847887038037754, -1.656120022066540187 ) ) ;
#2127 = ORIENTED_EDGE ( 'NONE', *, *, #769, .F. ) ;
#2128 = ORIENTED_EDGE ( 'NONE', *, *, #3773, .F. ) ;
#2129 = VECTOR ( 'NONE', #3865, 1000.000000000000000 ) ;
#2130 = CIRCLE ( 'NONE', #875, 0.9999999999999974465 ) ;
#2131 = CARTESIAN_POINT ( 'NONE',  ( 112.9999999999999716, 163.5896972810288332, -3.869079209515358553 ) ) ;
#2132 = ADVANCED_FACE ( 'NONE', ( #3790 ), #3481, .F. ) ;
#2133 = CIRCLE ( 'NONE', #479, 1.249999999999978906 ) ;
#2134 = CARTESIAN_POINT ( 'NONE',  ( 34.50000000000000000, 227.4325035256031242, -61.68986283848317242 ) ) ;
#2135 = AXIS2_PLACEMENT_3D ( 'NONE', #1933, #3165, #2506 ) ;
#2136 = ORIENTED_EDGE ( 'NONE', *, *, #171, .F. ) ;
#2137 = DIRECTION ( 'NONE',  ( -1.000000000000000000, -2.453269466693385605E-15, -2.453269466693411243E-15 ) ) ;
#2138 = VECTOR ( 'NONE', #2288, 1000.000000000000114 ) ;
#2139 = VECTOR ( 'NONE', #1895, 1000.000000000000000 ) ;
#2140 = PLANE ( 'NONE',  #2076 ) ;
#2141 = VECTOR ( 'NONE', #2028, 1000.000000000000000 ) ;
#2142 = CARTESIAN_POINT ( 'NONE',  ( -112.6145467199749106, 163.8602880625660134, -3.200333157601847667 ) ) ;
#2143 = AXIS2_PLACEMENT_3D ( 'NONE', #1939, #1958, #1531 ) ;
#2144 = DIRECTION ( 'NONE',  ( -0.000000000000000000, -0.7071067811865437980, -0.7071067811865512365 ) ) ;
#2145 = DIRECTION ( 'NONE',  ( 0.000000000000000000, -0.7071067811865503483, 0.7071067811865447972 ) ) ;
#2146 = DIRECTION ( 'NONE',  ( 0.000000000000000000, -0.000000000000000000, -1.000000000000000000 ) ) ;
#2147 = VECTOR ( 'NONE', #2492, 1000.000000000000000 ) ;
#2148 = ORIENTED_EDGE ( 'NONE', *, *, #1376, .T. ) ;
#2149 = CARTESIAN_POINT ( 'NONE',  ( -79.99999999999998579, 0.000000000000000000, -3.000000000000000000 ) ) ;
#2150 = LINE ( 'NONE', #865, #760 ) ;
#2151 = CARTESIAN_POINT ( 'NONE',  ( 115.4951455534170037, 165.7653583104884092, -2.830672703625366715 ) ) ;
#2152 = ORIENTED_EDGE ( 'NONE', *, *, #889, .F. ) ;
#2153 = ORIENTED_EDGE ( 'NONE', *, *, #714, .T. ) ;
#2154 = VERTEX_POINT ( 'NONE', #1938 ) ;
#2155 = CARTESIAN_POINT ( 'NONE',  ( 112.5036189803709021, 163.9053877375781383, -3.126213611645813018 ) ) ;
#2156 = CARTESIAN_POINT ( 'NONE',  ( -111.9999999999999858, 252.8883476483188986, -92.80256121069115238 ) ) ;
#2157 = VERTEX_POINT ( 'NONE', #3496 ) ;
#2158 = ADVANCED_FACE ( 'NONE', ( #679 ), #1957, .F. ) ;
#2159 = CARTESIAN_POINT ( 'NONE',  ( 115.9999999999999716, 163.5896900124928663, -3.476401224401704848 ) ) ;
#2160 = CARTESIAN_POINT ( 'NONE',  ( 112.0000000000000284, -164.5000000000000284, -3.000000000000082601 ) ) ;
#2161 = DIRECTION ( 'NONE',  ( -1.000000000000000000, -0.000000000000000000, -0.000000000000000000 ) ) ;
#2162 = DIRECTION ( 'NONE',  ( 0.000000000000000000, 0.7071067811865474617, -0.7071067811865474617 ) ) ;
#2163 = CYLINDRICAL_SURFACE ( 'NONE', #961, 1.249999999999931610 ) ;
#2164 = LINE ( 'NONE', #3797, #2588 ) ;
#2165 = DIRECTION ( 'NONE',  ( 0.000000000000000000, 0.000000000000000000, 1.000000000000000000 ) ) ;
#2166 = DIRECTION ( 'NONE',  ( -0.000000000000000000, -0.7071067811865437980, -0.7071067811865512365 ) ) ;
#2167 = DIRECTION ( 'NONE',  ( -3.205351028043612454E-15, 0.3826834323650840641, 0.9238795325112890700 ) ) ;
#2168 = FACE_OUTER_BOUND ( 'NONE', #2180, .T. ) ;
#2169 = VERTEX_POINT ( 'NONE', #41 ) ;
#2170 = ORIENTED_EDGE ( 'NONE', *, *, #3258, .F. ) ;
#2171 = EDGE_LOOP ( 'NONE', ( #1860, #4079, #783, #640 ) ) ;
#2172 = EDGE_CURVE ( 'NONE', #3738, #3664, #59, .T. ) ;
#2173 = LINE ( 'NONE', #602, #876 ) ;
#2174 = VERTEX_POINT ( 'NONE', #370 ) ;
#2175 = EDGE_CURVE ( 'NONE', #676, #398, #1630, .T. ) ;
#2176 = DIRECTION ( 'NONE',  ( 0.000000000000000000, -0.7071067811865509034, 0.7071067811865442421 ) ) ;
#2177 = DIRECTION ( 'NONE',  ( 0.000000000000000000, 0.000000000000000000, -1.000000000000000000 ) ) ;
#2178 = CARTESIAN_POINT ( 'NONE',  ( -73.50000000000000000, 219.2300648638392033, -67.62955980045020965 ) ) ;
#2179 = ADVANCED_FACE ( 'NONE', ( #1650, #2898 ), #75, .F. ) ;
#2180 = EDGE_LOOP ( 'NONE', ( #2383, #1755, #3278, #3316 ) ) ;
#2181 = CARTESIAN_POINT ( 'NONE',  ( 90.00000000000000000, 227.5739248818403837, -66.07392488183973001 ) ) ;
#2182 = CARTESIAN_POINT ( 'NONE',  ( 1.530052174732959625E-14, 176.8743686707647669, -25.27386360737625282 ) ) ;
#2183 = CYLINDRICAL_SURFACE ( 'NONE', #3392, 1.600000000000002309 ) ;
#2184 = DIRECTION ( 'NONE',  ( -1.000000000000000000, 0.000000000000000000, -0.000000000000000000 ) ) ;
#2185 = EDGE_LOOP ( 'NONE', ( #3539, #50 ) ) ;
#2186 = ORIENTED_EDGE ( 'NONE', *, *, #779, .T. ) ;
#2187 = ORIENTED_EDGE ( 'NONE', *, *, #3502, .T. ) ;
#2188 = FACE_BOUND ( 'NONE', #868, .T. ) ;
#2189 = ADVANCED_FACE ( 'NONE', ( #932, #2509, #3768, #953 ), #2210, .T. ) ;
#2190 = VERTEX_POINT ( 'NONE', #719 ) ;
#2191 = AXIS2_PLACEMENT_3D ( 'NONE', #3306, #529, #1456 ) ;
#2192 = CARTESIAN_POINT ( 'NONE',  ( 116.0000000000004832, -134.5000000000000284, -33.00000000000081002 ) ) ;
#2193 = CIRCLE ( 'NONE', #215, 1.599999999999992317 ) ;
#2194 = VECTOR ( 'NONE', #3342, 1000.000000000000000 ) ;
#2195 = VECTOR ( 'NONE', #2991, 1000.000000000000000 ) ;
#2196 = CARTESIAN_POINT ( 'NONE',  ( -115.9999999999999716, 166.9142135623731065, -1.171572875253826584 ) ) ;
#2197 = CARTESIAN_POINT ( 'NONE',  ( 0.000000000000000000, 0.000000000000000000, 0.000000000000000000 ) ) ;
#2198 = VECTOR ( 'NONE', #1483, 1000.000000000000000 ) ;
#2199 = VERTEX_POINT ( 'NONE', #1721 ) ;
#2200 = VECTOR ( 'NONE', #4050, 999.9999999999998863 ) ;
#2201 = FACE_OUTER_BOUND ( 'NONE', #3916, .T. ) ;
#2202 = EDGE_CURVE ( 'NONE', #1961, #1487, #3274, .T. ) ;
#2203 = DIRECTION ( 'NONE',  ( 0.000000000000000000, 0.7071067811865496822, -0.7071067811865453523 ) ) ;
#2204 = DIRECTION ( 'NONE',  ( -0.000000000000000000, 0.7071067811865437980, 0.7071067811865513475 ) ) ;
#2205 = DIRECTION ( 'NONE',  ( -0.000000000000000000, -0.000000000000000000, 1.000000000000000000 ) ) ;
#2206 = CIRCLE ( 'NONE', #3452, 1.249999999999973355 ) ;
#2207 = EDGE_LOOP ( 'NONE', ( #1018, #2594, #2786, #867 ) ) ;
#2208 = ORIENTED_EDGE ( 'NONE', *, *, #3717, .F. ) ;
#2209 = ORIENTED_EDGE ( 'NONE', *, *, #2361, .F. ) ;
#2210 = PLANE ( 'NONE',  #3712 ) ;
#2211 = CARTESIAN_POINT ( 'NONE',  ( -111.9999999999999858, 252.8883476483188986, -92.80256121069113817 ) ) ;
#2212 = CARTESIAN_POINT ( 'NONE',  ( 90.00000000000000000, 227.4325035256030674, -61.68986283848314400 ) ) ;
#2213 = EDGE_LOOP ( 'NONE', ( #3659, #2806, #3995, #3991 ) ) ;
#2214 = VECTOR ( 'NONE', #777, 1000.000000000000000 ) ;
#2215 = CARTESIAN_POINT ( 'NONE',  ( 1.249999999999978906, 0.000000000000000000, -3.000000000000000000 ) ) ;
#2216 = EDGE_CURVE ( 'NONE', #1276, #914, #1998, .T. ) ;
#2217 = DIRECTION ( 'NONE',  ( -0.000000000000000000, -0.7071067811865437980, -0.7071067811865512365 ) ) ;
#2218 = APPROVAL_DATE_TIME ( #1259, #1495 ) ;
#2219 = DIRECTION ( 'NONE',  ( -0.000000000000000000, 0.7071067811865437980, 0.7071067811865513475 ) ) ;
#2220 = CARTESIAN_POINT ( 'NONE',  ( -113.0000000000001137, -164.5000000000000284, -43.00000000000000000 ) ) ;
#2221 = LINE ( 'NONE', #1287, #3643 ) ;
#2222 = DIRECTION ( 'NONE',  ( -0.000000000000000000, 0.7071067811865437980, 0.7071067811865513475 ) ) ;
#2223 = CARTESIAN_POINT ( 'NONE',  ( -113.0000000000000853, 189.0735931288074596, -70.00000000000001421 ) ) ;
#2224 = EDGE_LOOP ( 'NONE', ( #662, #1655, #1459, #748 ) ) ;
#2225 = ADVANCED_FACE ( 'NONE', ( #1705 ), #2309, .T. ) ;
#2226 = ORIENTED_EDGE ( 'NONE', *, *, #1935, .T. ) ;
#2227 = ORIENTED_EDGE ( 'NONE', *, *, #3422, .F. ) ;
#2228 = EDGE_LOOP ( 'NONE', ( #1839, #2609, #3571, #3772 ) ) ;
#2229 = DIRECTION ( 'NONE',  ( -1.000000000000000000, 0.000000000000000000, 0.000000000000000000 ) ) ;
#2230 = EDGE_CURVE ( 'NONE', #3035, #233, #1378, .T. ) ;
#2231 = ORIENTED_EDGE ( 'NONE', *, *, #3945, .F. ) ;
#2232 = DIRECTION ( 'NONE',  ( 0.000000000000000000, 0.7071067811865437980, 0.7071067811865513475 ) ) ;
#2233 = DIRECTION ( 'NONE',  ( 0.000000000000000000, -0.7071067811865524577, 0.7071067811865426878 ) ) ;
#2234 = ADVANCED_FACE ( 'NONE', ( #781 ), #104, .F. ) ;
#2235 = DIRECTION ( 'NONE',  ( 0.000000000000000000, 0.7071067811865474617, -0.7071067811865474617 ) ) ;
#2236 = DIRECTION ( 'NONE',  ( 1.000000000000000000, 0.000000000000000000, 0.000000000000000000 ) ) ;
#2237 = EDGE_CURVE ( 'NONE', #2495, #1470, #1975, .T. ) ;
#2238 = CARTESIAN_POINT ( 'NONE',  ( -78.75000000000001421, 0.000000000000000000, -3.000000000000000000 ) ) ;
#2239 = EDGE_CURVE ( 'NONE', #3294, #3051, #3558, .T. ) ;
#2240 = LINE ( 'NONE', #1577, #3563 ) ;
#2241 = CYLINDRICAL_SURFACE ( 'NONE', #3574, 1.000000000000000888 ) ;
#2242 = DIRECTION ( 'NONE',  ( -1.000000000000000000, 0.000000000000000000, 3.469446951953611033E-15 ) ) ;
#2243 = CARTESIAN_POINT ( 'NONE',  ( -111.9999999999999858, 166.9142135623730780, -1.171572875253809709 ) ) ;
#2244 = VERTEX_POINT ( 'NONE', #1031 ) ;
#2245 = ORIENTED_EDGE ( 'NONE', *, *, #3794, .T. ) ;
#2246 = ORIENTED_EDGE ( 'NONE', *, *, #1553, .F. ) ;
#2247 = PLANE ( 'NONE',  #2784 ) ;
#2248 = CARTESIAN_POINT ( 'NONE',  ( -113.0000000000001705, 141.9321326906299703, -58.79021429699513135 ) ) ;
#2249 = DIRECTION ( 'NONE',  ( -3.944304526105059903E-31, -0.7071067811865513475, 0.7071067811865437980 ) ) ;
#2250 = ORIENTED_EDGE ( 'NONE', *, *, #2912, .F. ) ;
#2251 = CARTESIAN_POINT ( 'NONE',  ( -115.9999999999999716, 163.5445903374807415, -4.000000000000021316 ) ) ;
#2252 = EDGE_CURVE ( 'NONE', #2578, #2819, #2941, .T. ) ;
#2253 = CARTESIAN_POINT ( 'NONE',  ( 115.9999999999999716, 164.0857864376269220, -2.775557561562891351E-14 ) ) ;
#2254 = CIRCLE ( 'NONE', #2908, 1.249999999999987121 ) ;
#2255 = AXIS2_PLACEMENT_3D ( 'NONE', #2134, #3958, #2765 ) ;
#2256 = CARTESIAN_POINT ( 'NONE',  ( -20.00000000000000000, 227.4325035256031242, -61.68986283848317242 ) ) ;
#2257 = FACE_OUTER_BOUND ( 'NONE', #3599, .T. ) ;
#2258 = AXIS2_PLACEMENT_3D ( 'NONE', #3982, #1167, #2418 ) ;
#2259 = VECTOR ( 'NONE', #2008, 1000.000000000000000 ) ;
#2260 = ORIENTED_EDGE ( 'NONE', *, *, #3532, .F. ) ;
#2261 = LINE ( 'NONE', #1660, #2454 ) ;
#2262 = CARTESIAN_POINT ( 'NONE',  ( -90.00000000000000000, 225.3111831820434361, -63.81118318204278950 ) ) ;
#2263 = VECTOR ( 'NONE', #3066, 1000.000000000000000 ) ;
#2264 = LINE ( 'NONE', #1908, #565 ) ;
#2265 = LINE ( 'NONE', #1855, #2981 ) ;
#2266 = EDGE_CURVE ( 'NONE', #1290, #2038, #3912, .T. ) ;
#2267 = CIRCLE ( 'NONE', #3058, 4.000000000000000888 ) ;
#2268 = EDGE_LOOP ( 'NONE', ( #3950, #1796, #1628, #1434 ) ) ;
#2269 = CARTESIAN_POINT ( 'NONE',  ( 0.000000000000000000, 0.000000000000000000, -3.000000000000000000 ) ) ;
#2270 = CYLINDRICAL_SURFACE ( 'NONE', #2471, 4.000000000000003553 ) ;
#2271 = AXIS2_PLACEMENT_3D ( 'NONE', #3509, #2299, #1986 ) ;
#2272 = EDGE_LOOP ( 'NONE', ( #893, #4001, #3327, #3556 ) ) ;
#2273 = ORIENTED_EDGE ( 'NONE', *, *, #2665, .F. ) ;
#2274 = CARTESIAN_POINT ( 'NONE',  ( -113.0469915374371368, 163.9955870876025301, -0.1041092933267716153 ) ) ;
#2275 = LOCAL_TIME ( 23, 10, 50.00000000000000000, #5 ) ;
#2276 = ORIENTED_EDGE ( 'NONE', *, *, #1917, .T. ) ;
#2277 = LINE ( 'NONE', #1298, #1590 ) ;
#2278 = ADVANCED_FACE ( 'NONE', ( #466 ), #2330, .F. ) ;
#2279 = CARTESIAN_POINT ( 'NONE',  ( -111.9999999999999858, 164.7928932188134752, -3.292893218813472522 ) ) ;
#2280 = ADVANCED_FACE ( 'NONE', ( #1065 ), #3579, .F. ) ;
#2281 = ORIENTED_EDGE ( 'NONE', *, *, #1383, .T. ) ;
#2282 = DIRECTION ( 'NONE',  ( 1.000000000000000000, 0.000000000000000000, 0.000000000000000000 ) ) ;
#2283 = CARTESIAN_POINT ( 'NONE',  ( -112.0000000000000284, 164.0857864376268935, 0.02999999999998005304 ) ) ;
#2284 = CARTESIAN_POINT ( 'NONE',  ( -112.4883593252656766, 164.8124866957629138, -3.528422030107499996 ) ) ;
#2285 = CARTESIAN_POINT ( 'NONE',  ( -90.00000000000000000, 227.4325035256030674, -61.68986283848314400 ) ) ;
#2286 = ORIENTED_EDGE ( 'NONE', *, *, #29, .F. ) ;
#2287 = ORIENTED_EDGE ( 'NONE', *, *, #1277, .T. ) ;
#2288 = DIRECTION ( 'NONE',  ( 0.000000000000000000, 0.7071067811865441310, 0.7071067811865507924 ) ) ;
#2289 = DIRECTION ( 'NONE',  ( -0.000000000000000000, 0.7071067811865507924, -0.7071067811865442421 ) ) ;
#2290 = CARTESIAN_POINT ( 'NONE',  ( -116.0000000000000568, -134.5000000000000284, -31.75000000000007816 ) ) ;
#2291 = DIRECTION ( 'NONE',  ( -0.000000000000000000, -0.000000000000000000, 1.000000000000000000 ) ) ;
#2292 = ORIENTED_EDGE ( 'NONE', *, *, #2342, .F. ) ;
#2293 = EDGE_CURVE ( 'NONE', #2574, #116, #3974, .T. ) ;
#2294 = ORIENTED_EDGE ( 'NONE', *, *, #1299, .F. ) ;
#2295 = CARTESIAN_POINT ( 'NONE',  ( -68.50000000000000000, 225.6647365726367980, -74.06423150924779009 ) ) ;
#2296 = VERTEX_POINT ( 'NONE', #1752 ) ;
#2297 = EDGE_CURVE ( 'NONE', #2574, #3168, #186, .T. ) ;
#2298 = FACE_OUTER_BOUND ( 'NONE', #1857, .T. ) ;
#2299 = DIRECTION ( 'NONE',  ( -0.000000000000000000, 0.000000000000000000, 1.000000000000000000 ) ) ;
#2300 = APPROVAL_DATE_TIME ( #3592, #988 ) ;
#2301 = ORIENTED_EDGE ( 'NONE', *, *, #255, .T. ) ;
#2302 = FACE_OUTER_BOUND ( 'NONE', #1858, .T. ) ;
#2303 = CARTESIAN_POINT ( 'NONE',  ( -116.0299999999999869, 163.5896980919880264, -3.472379799263004774 ) ) ;
#2304 = EDGE_CURVE ( 'NONE', #326, #3738, #3618, .T. ) ;
#2305 = CYLINDRICAL_SURFACE ( 'NONE', #499, 3.199999999999994849 ) ;
#2306 = DIRECTION ( 'NONE',  ( 1.000000000000000000, 0.000000000000000000, 0.000000000000000000 ) ) ;
#2307 = EDGE_LOOP ( 'NONE', ( #3031, #784, #1501, #459 ) ) ;
#2308 = ORIENTED_EDGE ( 'NONE', *, *, #827, .F. ) ;
#2309 = CYLINDRICAL_SURFACE ( 'NONE', #2984, 4.000000000000003553 ) ;
#2310 = CARTESIAN_POINT ( 'NONE',  ( -78.75000000000000000, -120.0000000000000000, 1.402220585023716934E-15 ) ) ;
#2311 = DIRECTION ( 'NONE',  ( -0.000000000000000000, -0.7071067811865437980, -0.7071067811865512365 ) ) ;
#2312 = ORIENTED_EDGE ( 'NONE', *, *, #1949, .F. ) ;
#2313 = VERTEX_POINT ( 'NONE', #136 ) ;
#2314 = DIRECTION ( 'NONE',  ( 1.000000000000000000, 0.000000000000000000, 0.000000000000000000 ) ) ;
#2315 = CARTESIAN_POINT ( 'NONE',  ( -115.9999999999999716, -164.5000000000000284, -4.000000000000007105 ) ) ;
#2316 = ORIENTED_EDGE ( 'NONE', *, *, #904, .T. ) ;
#2317 = CARTESIAN_POINT ( 'NONE',  ( -113.0000000000001137, 225.3111831820437487, -120.3797256769666006 ) ) ;
#2318 = DIRECTION ( 'NONE',  ( -0.000000000000000000, 0.7071067811865507924, -0.7071067811865442421 ) ) ;
#2319 = VECTOR ( 'NONE', #408, 999.9999999999998863 ) ;
#2320 = VERTEX_POINT ( 'NONE', #3852 ) ;
#2321 = CARTESIAN_POINT ( 'NONE',  ( -112.5276202007370898, 164.0406786831196086, 0.02999999999997272557 ) ) ;
#2322 = CARTESIAN_POINT ( 'NONE',  ( -112.8737863883542900, 164.6970211220248359, -3.899009892088920459 ) ) ;
#2323 = CARTESIAN_POINT ( 'NONE',  ( -116.0000000000002274, 189.0735931288074596, -68.75000000000002842 ) ) ;
#2324 = CIRCLE ( 'NONE', #1992, 1.249999999999973355 ) ;
#2325 = B_SPLINE_SURFACE_WITH_KNOTS ( 'NONE', 1, 3, ( 
 ( #2776, #3049, #3071, #2718, #3093, #4036, #2449, #229, #3419, #1485 ),
 ( #3667, #2105, #3355, #2151, #1818, #3953, #2126, #1219, #3998, #1133 ),
 ( #1179, #3377, #1754, #251, #559, #1504, #3011, #2388, #1160, #3337 ),
 ( #2434, #3647, #514, #825, #4017, #1196, #3710, #888, #1771, #3403 ) ),
 .UNSPECIFIED., .F., .F., .F.,
 ( 2, 1, 1, 2 ),
 ( 4, 2, 2, 2, 4 ),
 ( -0.01000000000000000021, 0.000000000000000000, 1.000000000000000000, 1.010099999999999998 ),
 ( 0.000000000000000000, 0.2500000000000000000, 0.5000000000000000000, 0.7500000000000000000, 1.000000000000000000 ),
 .UNSPECIFIED. ) ;
#2326 = AXIS2_PLACEMENT_3D ( 'NONE', #1342, #390, #1109 ) ;
#2327 = VERTEX_POINT ( 'NONE', #1396 ) ;
#2328 = CIRCLE ( 'NONE', #3775, 3.999999999999958256 ) ;
#2329 = VECTOR ( 'NONE', #129, 1000.000000000000000 ) ;
#2330 = CYLINDRICAL_SURFACE ( 'NONE', #4038, 1.249999999999973355 ) ;
#2331 = LINE ( 'NONE', #495, #3322 ) ;
#2332 = AXIS2_PLACEMENT_3D ( 'NONE', #2344, #2937, #1105 ) ;
#2333 = EDGE_LOOP ( 'NONE', ( #2369, #1344, #2336, #2209 ) ) ;
#2334 = CARTESIAN_POINT ( 'NONE',  ( -90.00000000000000000, 227.5739248818403837, -66.07392488183973001 ) ) ;
#2335 = VECTOR ( 'NONE', #2972, 999.9999999999998863 ) ;
#2336 = ORIENTED_EDGE ( 'NONE', *, *, #1015, .T. ) ;
#2337 = CARTESIAN_POINT ( 'NONE',  ( 113.0000000000001279, -114.5000000000000284, -33.00000000000081002 ) ) ;
#2338 = VECTOR ( 'NONE', #2547, 1000.000000000000000 ) ;
#2339 = DIRECTION ( 'NONE',  ( -0.000000000000000000, 0.000000000000000000, 1.000000000000000000 ) ) ;
#2340 = APPROVAL_PERSON_ORGANIZATION ( #1041, #988, #1084 ) ;
#2341 = DATE_AND_TIME ( #3863, #2409 ) ;
#2342 = EDGE_CURVE ( 'NONE', #1446, #1013, #1092, .T. ) ;
#2343 = ORIENTED_EDGE ( 'NONE', *, *, #1138, .T. ) ;
#2344 = CARTESIAN_POINT ( 'NONE',  ( -51.50000000000000000, 225.6647365726367980, -74.06423150924779009 ) ) ;
#2345 = FACE_OUTER_BOUND ( 'NONE', #3409, .T. ) ;
#2346 = DIRECTION ( 'NONE',  ( 0.000000000000000000, -0.7071067811865519026, 0.7071067811865431318 ) ) ;
#2347 = VERTEX_POINT ( 'NONE', #1050 ) ;
#2348 = DIRECTION ( 'NONE',  ( -3.469446951953614189E-15, 0.000000000000000000, 1.000000000000000000 ) ) ;
#2349 = CARTESIAN_POINT ( 'NONE',  ( -28.00000000000000000, 221.2453191902208687, -69.64481412683187500 ) ) ;
#2350 = ADVANCED_FACE ( 'NONE', ( #886 ), #2124, .F. ) ;
#2351 = VERTEX_POINT ( 'NONE', #3374 ) ;
#2352 = ORIENTED_EDGE ( 'NONE', *, *, #1419, .T. ) ;
#2353 = CARTESIAN_POINT ( 'NONE',  ( -112.9999999999999716, 252.8883476483188986, -92.80256121069110975 ) ) ;
#2354 = EDGE_CURVE ( 'NONE', #587, #1308, #2652, .T. ) ;
#2355 = EDGE_CURVE ( 'NONE', #1463, #3051, #2328, .T. ) ;
#2356 = ORIENTED_EDGE ( 'NONE', *, *, #1670, .F. ) ;
#2357 = FACE_OUTER_BOUND ( 'NONE', #369, .T. ) ;
#2358 = ADVANCED_FACE ( 'NONE', ( #3109 ), #1521, .F. ) ;
#2359 = EDGE_LOOP ( 'NONE', ( #3617, #828, #2494, #271 ) ) ;
#2360 = CARTESIAN_POINT ( 'NONE',  ( -116.0299999999999869, 163.5445903374807415, -4.000000000000062172 ) ) ;
#2361 = EDGE_CURVE ( 'NONE', #83, #1197, #1815, .T. ) ;
#2362 = CARTESIAN_POINT ( 'NONE',  ( -115.2226573748647809, 166.0602555566321712, -2.471994885420722987 ) ) ;
#2363 = EDGE_CURVE ( 'NONE', #2819, #511, #3706, .T. ) ;
#2364 = DIRECTION ( 'NONE',  ( -0.000000000000000000, -0.7071067811865437980, -0.7071067811865512365 ) ) ;
#2365 = ORIENTED_EDGE ( 'NONE', *, *, #976, .F. ) ;
#2366 = CARTESIAN_POINT ( 'NONE',  ( -116.0000000000003837, 172.8454544295067308, -172.8454544295042297 ) ) ;
#2367 = CARTESIAN_POINT ( 'NONE',  ( 1.249999999999978906, 0.000000000000000000, 0.000000000000000000 ) ) ;
#2368 = ORIENTED_EDGE ( 'NONE', *, *, #1949, .T. ) ;
#2369 = ORIENTED_EDGE ( 'NONE', *, *, #1688, .T. ) ;
#2370 = DIRECTION ( 'NONE',  ( -0.000000000000000000, -0.000000000000000000, 1.000000000000000000 ) ) ;
#2371 = CARTESIAN_POINT ( 'NONE',  ( 45.50000000000000000, 224.1798123321449907, -62.67981233214437964 ) ) ;
#2372 = LINE ( 'NONE', #1057, #2259 ) ;
#2373 = EDGE_CURVE ( 'NONE', #391, #125, #910, .T. ) ;
#2374 = FACE_BOUND ( 'NONE', #561, .T. ) ;
#2375 = LINE ( 'NONE', #873, #2529 ) ;
#2376 = VERTEX_POINT ( 'NONE', #3417 ) ;
#2377 = CARTESIAN_POINT ( 'NONE',  ( -112.8473106607871159, 163.7249890375294683, -3.511640674734369583 ) ) ;
#2378 = DIRECTION ( 'NONE',  ( 0.000000000000000000, -0.7071067811865496822, 0.7071067811865453523 ) ) ;
#2379 = CYLINDRICAL_SURFACE ( 'NONE', #3826, 4.000000000000002665 ) ;
#2380 = PLANE ( 'NONE',  #483 ) ;
#2381 = CARTESIAN_POINT ( 'NONE',  ( 74.50000000000001421, 219.2300648638392033, -67.62955980045020965 ) ) ;
#2382 = CIRCLE ( 'NONE', #1343, 1.250000000000000444 ) ;
#2383 = ORIENTED_EDGE ( 'NONE', *, *, #3561, .F. ) ;
#2384 = DIRECTION ( 'NONE',  ( 1.000000000000000000, 0.000000000000000000, 3.469446951953647321E-15 ) ) ;
#2385 = AXIS2_PLACEMENT_3D ( 'NONE', #3695, #2137, #872 ) ;
#2386 = AXIS2_PLACEMENT_3D ( 'NONE', #1610, #1884, #2865 ) ;
#2387 = FACE_OUTER_BOUND ( 'NONE', #3478, .T. ) ;
#2388 = CARTESIAN_POINT ( 'NONE',  ( 112.2617478843592522, 164.8382696940503536, -3.375077887698293200 ) ) ;
#2389 = ADVANCED_FACE ( 'NONE', ( #846 ), #1502, .F. ) ;
#2390 = ORIENTED_EDGE ( 'NONE', *, *, #2106, .T. ) ;
#2391 = AXIS2_PLACEMENT_3D ( 'NONE', #272, #2456, #519 ) ;
#2392 = ORIENTED_EDGE ( 'NONE', *, *, #2733, .T. ) ;
#2393 = ORIENTED_EDGE ( 'NONE', *, *, #3676, .T. ) ;
#2394 = CARTESIAN_POINT ( 'NONE',  ( 112.5236924838037709, 164.0406786911489121, -7.513605482458850347E-14 ) ) ;
#2395 = AXIS2_PLACEMENT_3D ( 'NONE', #3091, #2166, #266 ) ;
#2396 = AXIS2_PLACEMENT_3D ( 'NONE', #490, #842, #2121 ) ;
#2397 = DIRECTION ( 'NONE',  ( -1.000000000000000000, -2.111744996378410988E-16, -3.491481338843133355E-15 ) ) ;
#2398 = ORIENTED_EDGE ( 'NONE', *, *, #396, .T. ) ;
#2399 = AXIS2_PLACEMENT_3D ( 'NONE', #2504, #2546, #1893 ) ;
#2400 = CARTESIAN_POINT ( 'NONE',  ( -116.0000000000001137, 147.3902614049299871, -43.00000000000001421 ) ) ;
#2401 = DIRECTION ( 'NONE',  ( -0.000000000000000000, 0.7071067811865437980, 0.7071067811865513475 ) ) ;
#2402 = CIRCLE ( 'NONE', #358, 0.9999999999999767963 ) ;
#2403 = ADVANCED_FACE ( 'NONE', ( #578 ), #2447, .T. ) ;
#2404 = ORIENTED_EDGE ( 'NONE', *, *, #1697, .T. ) ;
#2405 = CARTESIAN_POINT ( 'NONE',  ( -112.2538169234631766, 163.9955870876025301, -3.055538695434758534 ) ) ;
#2406 = FACE_OUTER_BOUND ( 'NONE', #3611, .T. ) ;
#2407 = DIRECTION ( 'NONE',  ( 0.000000000000000000, -1.000000000000000000, 0.000000000000000000 ) ) ;
#2408 = CYLINDRICAL_SURFACE ( 'NONE', #3965, 1.249999999999978906 ) ;
#2409 = LOCAL_TIME ( 23, 10, 50.00000000000000000, #3883 ) ;
#2410 = ORIENTED_EDGE ( 'NONE', *, *, #2355, .F. ) ;
#2411 = CARTESIAN_POINT ( 'NONE',  ( 112.0000000000000142, -164.5000000000000284, -4.000000000000041744 ) ) ;
#2412 = FACE_BOUND ( 'NONE', #237, .T. ) ;
#2413 = PLANE ( 'NONE',  #147 ) ;
#2414 = ADVANCED_FACE ( 'NONE', ( #1217 ), #2473, .F. ) ;
#2415 = ORIENTED_EDGE ( 'NONE', *, *, #3320, .T. ) ;
#2416 = ORIENTED_EDGE ( 'NONE', *, *, #3383, .F. ) ;
#2417 = ORIENTED_EDGE ( 'NONE', *, *, #3519, .T. ) ;
#2418 = DIRECTION ( 'NONE',  ( 0.000000000000000000, 0.7071067811865451302, 0.7071067811865499042 ) ) ;
#2419 = EDGE_CURVE ( 'NONE', #3979, #2631, #20, .T. ) ;
#2420 = DIRECTION ( 'NONE',  ( 0.000000000000000000, 0.000000000000000000, -1.000000000000000000 ) ) ;
#2421 = ORIENTED_EDGE ( 'NONE', *, *, #714, .F. ) ;
#2422 = CARTESIAN_POINT ( 'NONE',  ( 45.50000000000000000, 228.5638743755015980, -62.82123368838163202 ) ) ;
#2423 = DIRECTION ( 'NONE',  ( 1.000000000000000000, 0.000000000000000000, 0.000000000000000000 ) ) ;
#2424 = EDGE_CURVE ( 'NONE', #1054, #385, #1539, .T. ) ;
#2425 = VERTEX_POINT ( 'NONE', #823 ) ;
#2426 = CARTESIAN_POINT ( 'NONE',  ( -112.7754369370734935, 163.7700887125416500, -3.404074045640354651 ) ) ;
#2427 = FACE_OUTER_BOUND ( 'NONE', #3019, .T. ) ;
#2428 = LINE ( 'NONE', #1175, #3963 ) ;
#2429 = FACE_OUTER_BOUND ( 'NONE', #44, .T. ) ;
#2430 = ORIENTED_EDGE ( 'NONE', *, *, #1573, .F. ) ;
#2431 = ADVANCED_FACE ( 'NONE', ( #1769 ), #1441, .F. ) ;
#2432 = DIRECTION ( 'NONE',  ( -0.000000000000000000, -0.000000000000000000, 1.000000000000000000 ) ) ;
#2433 = CYLINDRICAL_SURFACE ( 'NONE', #299, 11.50000000000000355 ) ;
#2434 = CARTESIAN_POINT ( 'NONE',  ( 112.9696999999999605, 164.4684698699920204, -4.382683432365142018 ) ) ;
#2435 = ORIENTED_EDGE ( 'NONE', *, *, #3166, .T. ) ;
#2436 = ORIENTED_EDGE ( 'NONE', *, *, #3567, .F. ) ;
#2437 = CARTESIAN_POINT ( 'NONE',  ( 115.8958907066732422, 163.6347896875050765, -2.953008462562889402 ) ) ;
#2438 = CARTESIAN_POINT ( 'NONE',  ( -20.00000000000000000, 231.4983675174258053, -65.75572683030580379 ) ) ;
#2439 = ORIENTED_EDGE ( 'NONE', *, *, #2607, .T. ) ;
#2440 = DIRECTION ( 'NONE',  ( 0.000000000000000000, 0.000000000000000000, 1.000000000000000000 ) ) ;
#2441 = DIRECTION ( 'NONE',  ( -3.469446951953613794E-15, 0.000000000000000000, -1.000000000000000000 ) ) ;
#2442 = CARTESIAN_POINT ( 'NONE',  ( -112.9444613045652233, 163.6347896875051049, -3.746183076536837131 ) ) ;
#2443 = DIRECTION ( 'NONE',  ( 0.000000000000000000, 0.000000000000000000, 1.000000000000000000 ) ) ;
#2444 = LINE ( 'NONE', #861, #76 ) ;
#2445 = FACE_OUTER_BOUND ( 'NONE', #1296, .T. ) ;
#2446 = VERTEX_POINT ( 'NONE', #2103 ) ;
#2447 = CYLINDRICAL_SURFACE ( 'NONE', #2847, 3.999999999999961808 ) ;
#2448 = CARTESIAN_POINT ( 'NONE',  ( -20.00000000000000000, 225.3111831820434645, -63.81118318204284634 ) ) ;
#2449 = CARTESIAN_POINT ( 'NONE',  ( 114.0295844908947487, 166.7033245122191829, -1.637584213651126497 ) ) ;
#2450 = EDGE_CURVE ( 'NONE', #206, #914, #226, .T. ) ;
#2451 = ORIENTED_EDGE ( 'NONE', *, *, #2297, .F. ) ;
#2452 = ORIENTED_EDGE ( 'NONE', *, *, #3033, .T. ) ;
#2453 = VERTEX_POINT ( 'NONE', #1460 ) ;
#2454 = VECTOR ( 'NONE', #3609, 1000.000000000000000 ) ;
#2455 = CIRCLE ( 'NONE', #674, 1.249999999999973355 ) ;
#2456 = DIRECTION ( 'NONE',  ( -1.000000000000000000, -0.000000000000000000, 3.469446951953614189E-15 ) ) ;
#2457 = AXIS2_PLACEMENT_3D ( 'NONE', #900, #606, #298 ) ;
#2458 = LINE ( 'NONE', #3718, #2845 ) ;
#2459 = AXIS2_PLACEMENT_3D ( 'NONE', #367, #2184, #1602 ) ;
#2460 = ORIENTED_EDGE ( 'NONE', *, *, #2484, .F. ) ;
#2461 = DIRECTION ( 'NONE',  ( 1.373735107685226249E-32, -1.000000000000000000, 8.446979985513605495E-17 ) ) ;
#2462 = VECTOR ( 'NONE', #449, 1000.000000000000000 ) ;
#2463 = AXIS2_PLACEMENT_3D ( 'NONE', #2671, #2894, #1332 ) ;
#2464 = FACE_OUTER_BOUND ( 'NONE', #1365, .T. ) ;
#2465 = CIRCLE ( 'NONE', #2523, 3.199999999999994849 ) ;
#2466 = CARTESIAN_POINT ( 'NONE',  ( 113.0469915374371226, 166.9043777471380849, -1.308969834610549832 ) ) ;
#2467 = CIRCLE ( 'NONE', #2735, 1.249999999999862332 ) ;
#2468 = CARTESIAN_POINT ( 'NONE',  ( -20.00000000000000000, 227.4325035256031242, -61.68986283848317242 ) ) ;
#2469 = DIRECTION ( 'NONE',  ( 0.000000000000000000, 0.000000000000000000, 1.000000000000000000 ) ) ;
#2470 = EDGE_CURVE ( 'NONE', #14, #2482, #2713, .T. ) ;
#2471 = AXIS2_PLACEMENT_3D ( 'NONE', #2880, #2289, #60 ) ;
#2472 = DIRECTION ( 'NONE',  ( -1.336132062787152571E-15, 0.9238795325112862944, -0.3826834323650908920 ) ) ;
#2473 = CYLINDRICAL_SURFACE ( 'NONE', #2521, 1.249999999999917843 ) ;
#2474 = FACE_OUTER_BOUND ( 'NONE', #3404, .T. ) ;
#2475 = CARTESIAN_POINT ( 'NONE',  ( 116.0000000000001847, -164.5000000000000000, -42.99999999999999289 ) ) ;
#2476 = AXIS2_PLACEMENT_3D ( 'NONE', #2197, #1558, #1282 ) ;
#2477 = ORIENTED_EDGE ( 'NONE', *, *, #3166, .F. ) ;
#2478 = ORIENTED_EDGE ( 'NONE', *, *, #1324, .F. ) ;
#2479 = ORIENTED_EDGE ( 'NONE', *, *, #3449, .T. ) ;
#2480 = CARTESIAN_POINT ( 'NONE',  ( 115.4951455534169895, 163.7249890375294399, -1.985524078516425428 ) ) ;
#2481 = EDGE_CURVE ( 'NONE', #3734, #3168, #2726, .T. ) ;
#2482 = VERTEX_POINT ( 'NONE', #3149 ) ;
#2483 = DIRECTION ( 'NONE',  ( -1.000000000000000000, -0.000000000000000000, 3.469446951953614189E-15 ) ) ;
#2484 = EDGE_CURVE ( 'NONE', #3035, #1897, #289, .T. ) ;
#2485 = CARTESIAN_POINT ( 'NONE',  ( -116.0000000000002274, 189.0735931288074596, -70.00000000000000000 ) ) ;
#2486 = CARTESIAN_POINT ( 'NONE',  ( -113.0000000000003837, 2.845792581364337131E-13, 2.845792581364366918E-13 ) ) ;
#2487 = DIRECTION ( 'NONE',  ( -0.000000000000000000, -0.000000000000000000, 1.000000000000000000 ) ) ;
#2488 = DIRECTION ( 'NONE',  ( 1.000000000000000000, -6.938893903907246521E-15, 1.517883041479710152E-15 ) ) ;
#2489 = LINE ( 'NONE', #3746, #1003 ) ;
#2490 = ADVANCED_FACE ( 'NONE', ( #1578 ), #3458, .F. ) ;
#2491 = DIRECTION ( 'NONE',  ( 1.000000000000000000, 0.000000000000000000, 2.602085213965208275E-15 ) ) ;
#2492 = DIRECTION ( 'NONE',  ( -0.000000000000000000, -0.000000000000000000, 1.000000000000000000 ) ) ;
#2493 = CARTESIAN_POINT ( 'NONE',  ( 90.00000000000000000, 223.0484414822464885, -61.54844148224585609 ) ) ;
#2494 = ORIENTED_EDGE ( 'NONE', *, *, #487, .T. ) ;
#2495 = VERTEX_POINT ( 'NONE', #696 ) ;
#2496 = CARTESIAN_POINT ( 'NONE',  ( -115.9999999999999716, 164.0857864376269220, -3.000000000000026645 ) ) ;
#2497 = FACE_OUTER_BOUND ( 'NONE', #797, .T. ) ;
#2498 = ORIENTED_EDGE ( 'NONE', *, *, #4066, .F. ) ;
#2499 = CYLINDRICAL_SURFACE ( 'NONE', #671, 1.249999999999917843 ) ;
#2500 = EDGE_CURVE ( 'NONE', #2107, #1566, #3248, .T. ) ;
#2501 = CARTESIAN_POINT ( 'NONE',  ( -116.0000000000002274, 189.0735931288074596, -71.24999999999992895 ) ) ;
#2502 = PLANE ( 'NONE',  #3523 ) ;
#2503 = FACE_OUTER_BOUND ( 'NONE', #2906, .T. ) ;
#2504 = CARTESIAN_POINT ( 'NONE',  ( -46.50000000000000000, 227.4325035256031242, -61.68986283848317242 ) ) ;
#2505 = CARTESIAN_POINT ( 'NONE',  ( 112.0000000000000284, -164.5000000000000284, -3.000000000000082601 ) ) ;
#2506 = DIRECTION ( 'NONE',  ( 0.000000000000000000, 0.7071067811865496822, -0.7071067811865453523 ) ) ;
#2507 = EDGE_LOOP ( 'NONE', ( #3959, #1913 ) ) ;
#2508 = ORIENTED_EDGE ( 'NONE', *, *, #3198, .F. ) ;
#2509 = FACE_BOUND ( 'NONE', #346, .T. ) ;
#2510 = CARTESIAN_POINT ( 'NONE',  ( -79.99999999999998579, 120.0000000000000000, 0.000000000000000000 ) ) ;
#2511 = ORIENTED_EDGE ( 'NONE', *, *, #456, .T. ) ;
#2512 = CARTESIAN_POINT ( 'NONE',  ( 113.0000000000000995, 147.3902614049299586, -43.00000000000002842 ) ) ;
#2513 = AXIS2_PLACEMENT_3D ( 'NONE', #3295, #2370, #2314 ) ;
#2514 = VECTOR ( 'NONE', #2397, 1000.000000000000000 ) ;
#2515 = LINE ( 'NONE', #3776, #144 ) ;
#2516 = AXIS2_PLACEMENT_3D ( 'NONE', #1883, #972, #2229 ) ;
#2517 = CIRCLE ( 'NONE', #1403, 1.249999999999924727 ) ;
#2518 = CARTESIAN_POINT ( 'NONE',  ( 113.0000000000001279, -114.5000000000000284, -34.25000000000073186 ) ) ;
#2519 =( NAMED_UNIT ( * ) SI_UNIT ( $, .STERADIAN. ) SOLID_ANGLE_UNIT ( ) );
#2520 = ADVANCED_FACE ( 'NONE', ( #8 ), #34, .F. ) ;
#2521 = AXIS2_PLACEMENT_3D ( 'NONE', #1836, #1177, #3730 ) ;
#2522 = EDGE_CURVE ( 'NONE', #2701, #2296, #2801, .T. ) ;
#2523 = AXIS2_PLACEMENT_3D ( 'NONE', #3760, #1989, #3247 ) ;
#2524 = CARTESIAN_POINT ( 'NONE',  ( 52.00000000000003553, 221.7756492761107268, -60.27564927611015122 ) ) ;
#2525 = CARTESIAN_POINT ( 'NONE',  ( -113.0000000000000853, 189.0735931288074596, -70.00000000000001421 ) ) ;
#2526 = CARTESIAN_POINT ( 'NONE',  ( 11.99999999999997868, 228.8467170879762023, -67.34671708797556278 ) ) ;
#2527 = DIRECTION ( 'NONE',  ( 0.000000000000000000, 0.7071067811865519026, -0.7071067811865431318 ) ) ;
#2528 = VERTEX_POINT ( 'NONE', #4055 ) ;
#2529 = VECTOR ( 'NONE', #2703, 1000.000000000000000 ) ;
#2530 = ORIENTED_EDGE ( 'NONE', *, *, #2522, .T. ) ;
#2531 = ORIENTED_EDGE ( 'NONE', *, *, #4027, .T. ) ;
#2532 = ORIENTED_EDGE ( 'NONE', *, *, #1511, .F. ) ;
#2533 = FACE_BOUND ( 'NONE', #2719, .T. ) ;
#2534 = VECTOR ( 'NONE', #782, 1000.000000000000000 ) ;
#2535 = EDGE_CURVE ( 'NONE', #419, #830, #813, .T. ) ;
#2536 = EDGE_LOOP ( 'NONE', ( #1035, #626, #2877, #815 ) ) ;
#2537 = LOCAL_TIME ( 23, 10, 50.00000000000000000, #441 ) ;
#2538 = DIRECTION ( 'NONE',  ( 0.000000000000000000, -0.7071067811865519026, 0.7071067811865431318 ) ) ;
#2539 = EDGE_CURVE ( 'NONE', #2884, #2327, #2221, .T. ) ;
#2540 = EDGE_CURVE ( 'NONE', #1401, #243, #1871, .T. ) ;
#2541 = CARTESIAN_POINT ( 'NONE',  ( -115.9999999999999858, 164.4684698699919920, -4.382683432365110932 ) ) ;
#2542 = DIRECTION ( 'NONE',  ( 0.000000000000000000, -0.7071067811865474617, 0.7071067811865474617 ) ) ;
#2543 = APPROVAL_DATE_TIME ( #2850, #3803 ) ;
#2544 = LINE ( 'NONE', #335, #1541 ) ;
#2545 = DIRECTION ( 'NONE',  ( -0.000000000000000000, -0.000000000000000000, 1.000000000000000000 ) ) ;
#2546 = DIRECTION ( 'NONE',  ( 0.000000000000000000, 0.7071067811865437980, 0.7071067811865513475 ) ) ;
#2547 = DIRECTION ( 'NONE',  ( -0.000000000000000000, -0.000000000000000000, 1.000000000000000000 ) ) ;
#2548 = CARTESIAN_POINT ( 'NONE',  ( -81.24999999999997158, -120.0000000000000000, 1.402220585023716934E-15 ) ) ;
#2549 = B_SPLINE_CURVE_WITH_KNOTS ( 'NONE', 3,
 ( #3562, #2637, #1075, #1367, #1694, #2947 ),
 .UNSPECIFIED., .F., .F.,
 ( 4, 2, 4 ),
 ( 0.000000000000000000, 0.5000000000000000000, 1.000000000000000000 ),
 .UNSPECIFIED. ) ;
#2550 = ORIENTED_EDGE ( 'NONE', *, *, #1187, .F. ) ;
#2551 = EDGE_LOOP ( 'NONE', ( #2636, #3824, #3359, #111 ) ) ;
#2552 = EDGE_CURVE ( 'NONE', #1197, #1487, #356, .T. ) ;
#2553 = ORIENTED_EDGE ( 'NONE', *, *, #2239, .F. ) ;
#2554 = DIRECTION ( 'NONE',  ( -0.000000000000000000, 0.000000000000000000, 1.000000000000000000 ) ) ;
#2555 = DIRECTION ( 'NONE',  ( -0.000000000000000000, -0.000000000000000000, 1.000000000000000000 ) ) ;
#2556 = CARTESIAN_POINT ( 'NONE',  ( -115.9999999999999858, 164.0857864376269220, -4.000000000000043521 ) ) ;
#2557 = EDGE_LOOP ( 'NONE', ( #3420, #2644 ) ) ;
#2558 = EDGE_LOOP ( 'NONE', ( #1982, #2021 ) ) ;
#2559 = B_SPLINE_CURVE_WITH_KNOTS ( 'NONE', 3,
 ( #1968, #1760, #1431, #1951, #1736, #836 ),
 .UNSPECIFIED., .F., .F.,
 ( 4, 2, 4 ),
 ( 0.000000000000000000, 0.5000000000000000000, 1.000000000000000000 ),
 .UNSPECIFIED. ) ;
#2560 = CARTESIAN_POINT ( 'NONE',  ( 5.500000000000000000, 227.4325035256031242, -61.68986283848317242 ) ) ;
#2561 = CARTESIAN_POINT ( 'NONE',  ( 112.0000000000000284, 164.0857864376268935, -2.775557561562891351E-14 ) ) ;
#2562 = EDGE_CURVE ( 'NONE', #1103, #3864, #93, .T. ) ;
#2563 = ORIENTED_EDGE ( 'NONE', *, *, #2035, .T. ) ;
#2564 = FACE_BOUND ( 'NONE', #1678, .T. ) ;
#2565 = DIRECTION ( 'NONE',  ( 1.000000000000000000, 0.000000000000000000, 0.000000000000000000 ) ) ;
#2566 = PLANE ( 'NONE',  #166 ) ;
#2567 = CARTESIAN_POINT ( 'NONE',  ( 27.99999999999997868, 216.8259018078049110, -65.22539674441598834 ) ) ;
#2568 = ORIENTED_EDGE ( 'NONE', *, *, #399, .T. ) ;
#2569 = ORIENTED_EDGE ( 'NONE', *, *, #3079, .T. ) ;
#2570 = CARTESIAN_POINT ( 'NONE',  ( -111.9999999999999858, 255.7167747730650831, -89.97413408594493944 ) ) ;
#2571 = DIRECTION ( 'NONE',  ( -2.111744996378408030E-16, 1.000000000000000000, -8.446979985513632612E-17 ) ) ;
#2572 = CC_DESIGN_DATE_AND_TIME_ASSIGNMENT ( #2341, #2952, ( #105 ) ) ;
#2573 = LINE ( 'NONE', #2054, #2716 ) ;
#2574 = VERTEX_POINT ( 'NONE', #365 ) ;
#2575 = ORIENTED_EDGE ( 'NONE', *, *, #2304, .T. ) ;
#2576 = FACE_BOUND ( 'NONE', #1822, .T. ) ;
#2577 = CIRCLE ( 'NONE', #803, 1.249999999999987121 ) ;
#2578 = VERTEX_POINT ( 'NONE', #980 ) ;
#2579 = DIRECTION ( 'NONE',  ( 1.000000000000000000, 0.000000000000000000, 0.000000000000000000 ) ) ;
#2580 = CIRCLE ( 'NONE', #2385, 1.249999999999917843 ) ;
#2581 = VECTOR ( 'NONE', #721, 1000.000000000000000 ) ;
#2582 = LINE ( 'NONE', #3902, #2335 ) ;
#2583 = CIRCLE ( 'NONE', #216, 1.599999999999992317 ) ;
#2584 = ORIENTED_EDGE ( 'NONE', *, *, #1697, .F. ) ;
#2585 = DIRECTION ( 'NONE',  ( 1.000000000000000000, 0.000000000000000000, 0.000000000000000000 ) ) ;
#2586 = CARTESIAN_POINT ( 'NONE',  ( -114.0295844908947345, 163.9053877375781667, -0.4786408549323796224 ) ) ;
#2587 = AXIS2_PLACEMENT_3D ( 'NONE', #634, #1952, #1232 ) ;
#2588 = VECTOR ( 'NONE', #3454, 999.9999999999998863 ) ;
#2589 = DIRECTION ( 'NONE',  ( -1.000000000000000000, 0.000000000000000000, 0.000000000000000000 ) ) ;
#2590 = FACE_OUTER_BOUND ( 'NONE', #3688, .T. ) ;
#2591 = ADVANCED_FACE ( 'NONE', ( #1621 ), #2241, .F. ) ;
#2592 = ORIENTED_EDGE ( 'NONE', *, *, #588, .T. ) ;
#2593 = VECTOR ( 'NONE', #1357, 1000.000000000000000 ) ;
#2594 = ORIENTED_EDGE ( 'NONE', *, *, #3334, .T. ) ;
#2595 = DIRECTION ( 'NONE',  ( 0.000000000000000000, 0.7071067811865512365, -0.7071067811865439090 ) ) ;
#2596 = ADVANCED_FACE ( 'NONE', ( #52 ), #3474, .F. ) ;
#2597 = CYLINDRICAL_SURFACE ( 'NONE', #1609, 0.9999999999999592548 ) ;
#2598 = CIRCLE ( 'NONE', #3577, 1.249999999999987121 ) ;
#2599 = CARTESIAN_POINT ( 'NONE',  ( -90.00000000000000000, 225.1697618258061198, -59.42712113868620349 ) ) ;
#2600 = ORIENTED_EDGE ( 'NONE', *, *, #2787, .F. ) ;
#2601 = VECTOR ( 'NONE', #2571, 1000.000000000000000 ) ;
#2602 = LINE ( 'NONE', #45, #3244 ) ;
#2603 = B_SPLINE_CURVE_WITH_KNOTS ( 'NONE', 3,
 ( #2251, #3503, #685, #2886, #65, #3546, #3833, #2274, #24, #1963 ),
 .UNSPECIFIED., .F., .F.,
 ( 4, 2, 2, 2, 4 ),
 ( 0.000000000000000000, 0.2500000000000000000, 0.5000000000000000000, 0.7500000000000000000, 1.000000000000000000 ),
 .UNSPECIFIED. ) ;
#2604 = AXIS2_PLACEMENT_3D ( 'NONE', #860, #2119, #1189 ) ;
#2605 = ORIENTED_EDGE ( 'NONE', *, *, #1370, .T. ) ;
#2606 = DIRECTION ( 'NONE',  ( -1.000000000000000000, -0.000000000000000000, 3.469446951953614189E-15 ) ) ;
#2607 = EDGE_CURVE ( 'NONE', #3102, #3564, #4075, .T. ) ;
#2608 = DIRECTION ( 'NONE',  ( 1.000000000000000000, 0.000000000000000000, 0.000000000000000000 ) ) ;
#2609 = ORIENTED_EDGE ( 'NONE', *, *, #2839, .T. ) ;
#2610 = DIRECTION ( 'NONE',  ( 0.000000000000000000, -0.7071067811865503483, 0.7071067811865447972 ) ) ;
#2611 = FACE_OUTER_BOUND ( 'NONE', #1659, .T. ) ;
#2612 = CARTESIAN_POINT ( 'NONE',  ( -114.0295844908948197, 166.7033245122192113, -1.637584213651145593 ) ) ;
#2613 = PLANE ( 'NONE',  #2463 ) ;
#2614 = ORIENTED_EDGE ( 'NONE', *, *, #1348, .T. ) ;
#2615 = EDGE_CURVE ( 'NONE', #2453, #3851, #230, .T. ) ;
#2616 = ORIENTED_EDGE ( 'NONE', *, *, #1445, .F. ) ;
#2617 = DIRECTION ( 'NONE',  ( -6.938893903907239224E-16, 0.7071067811865512365, -0.7071067811865439090 ) ) ;
#2618 = LINE ( 'NONE', #3580, #496 ) ;
#2619 = DIRECTION ( 'NONE',  ( 0.000000000000000000, 0.7071067811865519026, -0.7071067811865431318 ) ) ;
#2620 = EDGE_CURVE ( 'NONE', #3446, #14, #3314, .T. ) ;
#2621 = EDGE_LOOP ( 'NONE', ( #1936, #2123 ) ) ;
#2622 = DIRECTION ( 'NONE',  ( -0.000000000000000000, -0.7071067811865437980, -0.7071067811865512365 ) ) ;
#2623 = VERTEX_POINT ( 'NONE', #1247 ) ;
#2624 = CARTESIAN_POINT ( 'NONE',  ( 116.0000000000003126, 189.0735931288074596, -71.25000000000066791 ) ) ;
#2625 = SHAPE_DEFINITION_REPRESENTATION ( #3604, #19 ) ;
#2626 = EDGE_CURVE ( 'NONE', #734, #1425, #2465, .T. ) ;
#2627 = EDGE_LOOP ( 'NONE', ( #1053, #2276, #191, #448 ) ) ;
#2628 = CARTESIAN_POINT ( 'NONE',  ( 11.99999999999997868, 230.9680374315358904, -65.22539674441588886 ) ) ;
#2629 = CARTESIAN_POINT ( 'NONE',  ( -112.2617478843592949, 164.8382696940504104, -3.375077887698298529 ) ) ;
#2630 = CARTESIAN_POINT ( 'NONE',  ( -28.00000000000000000, 227.4325035256031242, -61.68986283848317242 ) ) ;
#2631 = VERTEX_POINT ( 'NONE', #427 ) ;
#2632 = DIRECTION ( 'NONE',  ( 1.373735107685318209E-32, -1.000000000000000000, 8.446979985513632612E-17 ) ) ;
#2633 = DIRECTION ( 'NONE',  ( -0.000000000000000000, -0.000000000000000000, 1.000000000000000000 ) ) ;
#2634 = CARTESIAN_POINT ( 'NONE',  ( 0.000000000000000000, 0.000000000000000000, -3.000000000000000000 ) ) ;
#2635 = ORIENTED_EDGE ( 'NONE', *, *, #938, .T. ) ;
#2636 = ORIENTED_EDGE ( 'NONE', *, *, #3356, .F. ) ;
#2637 = CARTESIAN_POINT ( 'NONE',  ( -112.9999999999999432, 163.6347896875051333, -3.738200612200881956 ) ) ;
#2638 = EDGE_CURVE ( 'NONE', #1677, #3664, #1087, .T. ) ;
#2639 = ORIENTED_EDGE ( 'NONE', *, *, #3075, .T. ) ;
#2640 = CARTESIAN_POINT ( 'NONE',  ( -116.0000000000001137, 148.3141409374415502, -43.38268343236524771 ) ) ;
#2641 = DIRECTION ( 'NONE',  ( -0.000000000000000000, -0.000000000000000000, 1.000000000000000000 ) ) ;
#2642 = CIRCLE ( 'NONE', #1207, 1.249999999999917843 ) ;
#2643 = CIRCLE ( 'NONE', #2060, 1.249999999999987121 ) ;
#2644 = ORIENTED_EDGE ( 'NONE', *, *, #4014, .F. ) ;
#2645 = ADVANCED_FACE ( 'NONE', ( #2611 ), #382, .F. ) ;
#2646 = DIRECTION ( 'NONE',  ( -1.000000000000000000, -0.000000000000000000, 3.469446951953614189E-15 ) ) ;
#2647 = CARTESIAN_POINT ( 'NONE',  ( -112.9696999999999889, 164.4684698699919636, -4.382683432365155340 ) ) ;
#2648 = LINE ( 'NONE', #134, #1861 ) ;
#2649 = VECTOR ( 'NONE', #2821, 1000.000000000000000 ) ;
#2650 = PRODUCT ( 'part_waike_5', 'part_waike_5', '', ( #3145 ) ) ;
#2651 = EDGE_LOOP ( 'NONE', ( #1222, #2478 ) ) ;
#2652 = CIRCLE ( 'NONE', #482, 1.249999999999973355 ) ;
#2653 = AXIS2_PLACEMENT_3D ( 'NONE', #4011, #3701, #879 ) ;
#2654 = ADVANCED_FACE ( 'NONE', ( #3535 ), #2030, .F. ) ;
#2655 = CARTESIAN_POINT ( 'NONE',  ( 113.0000000000000995, 225.3111831820437487, -120.3797256769666149 ) ) ;
#2656 = DIRECTION ( 'NONE',  ( -1.000000000000000000, -0.000000000000000000, 3.469446951953614189E-15 ) ) ;
#2657 = AXIS2_PLACEMENT_3D ( 'NONE', #2892, #2646, #3268 ) ;
#2658 = ORIENTED_EDGE ( 'NONE', *, *, #1565, .T. ) ;
#2659 = ORIENTED_EDGE ( 'NONE', *, *, #754, .F. ) ;
#2660 = ADVANCED_FACE ( 'NONE', ( #460 ), #1716, .F. ) ;
#2661 = CYLINDRICAL_SURFACE ( 'NONE', #1145, 1.600000000000002309 ) ;
#2662 = VERTEX_POINT ( 'NONE', #3845 ) ;
#2663 = DIRECTION ( 'NONE',  ( -1.000000000000000000, 2.811001331764280642E-31, 0.000000000000000000 ) ) ;
#2664 = VECTOR ( 'NONE', #3761, 1000.000000000000000 ) ;
#2665 = EDGE_CURVE ( 'NONE', #2841, #1096, #401, .T. ) ;
#2666 = EDGE_CURVE ( 'NONE', #94, #2102, #25, .T. ) ;
#2667 = CYLINDRICAL_SURFACE ( 'NONE', #756, 1.599999999999992317 ) ;
#2668 = EDGE_LOOP ( 'NONE', ( #3589, #1634, #108, #307 ) ) ;
#2669 = LINE ( 'NONE', #1045, #753 ) ;
#2670 = CARTESIAN_POINT ( 'NONE',  ( -112.5036189803709021, 164.8312078622624597, -3.509700863607932320 ) ) ;
#2671 = CARTESIAN_POINT ( 'NONE',  ( -111.9999999999999716, -164.5000000000000284, -4.000000000000021316 ) ) ;
#2672 = CARTESIAN_POINT ( 'NONE',  ( -113.0000000000000711, -114.5000000000000284, -33.00000000000001421 ) ) ;
#2673 = CARTESIAN_POINT ( 'NONE',  ( 115.9999999999999716, 166.9142135623731065, -1.171572875253827029 ) ) ;
#2674 = ORIENTED_EDGE ( 'NONE', *, *, #1439, .T. ) ;
#2675 = CARTESIAN_POINT ( 'NONE',  ( 81.24999999999998579, 0.000000000000000000, 0.000000000000000000 ) ) ;
#2676 = DIRECTION ( 'NONE',  ( -6.938893903907247310E-15, -1.000000000000000000, 0.000000000000000000 ) ) ;
#2677 = LINE ( 'NONE', #2290, #946 ) ;
#2678 = EDGE_CURVE ( 'NONE', #1606, #2199, #117, .T. ) ;
#2679 = ORIENTED_EDGE ( 'NONE', *, *, #3682, .F. ) ;
#2680 = ORIENTED_EDGE ( 'NONE', *, *, #2172, .T. ) ;
#2681 = FACE_OUTER_BOUND ( 'NONE', #1355, .T. ) ;
#2682 = CARTESIAN_POINT ( 'NONE',  ( 0.000000000000000000, 0.000000000000000000, 1.402220585023716934E-15 ) ) ;
#2683 = DIRECTION ( 'NONE',  ( 0.000000000000000000, 0.7071067811865441310, 0.7071067811865507924 ) ) ;
#2684 = FACE_BOUND ( 'NONE', #3593, .T. ) ;
#2685 = CARTESIAN_POINT ( 'NONE',  ( 1.670886556634905676E-14, 198.0875721063612502, -36.58757210636090207 ) ) ;
#2686 = VERTEX_POINT ( 'NONE', #3866 ) ;
#2687 = EDGE_CURVE ( 'NONE', #1549, #1135, #1390, .T. ) ;
#2688 = DIRECTION ( 'NONE',  ( 0.000000000000000000, 0.000000000000000000, 1.000000000000000000 ) ) ;
#2689 = CARTESIAN_POINT ( 'NONE',  ( -112.9999999999999858, 164.4684698699919636, -4.382683432365157117 ) ) ;
#2690 = DIRECTION ( 'NONE',  ( -0.000000000000000000, -0.7071067811865516806, 0.7071067811865434649 ) ) ;
#2691 = DIRECTION ( 'NONE',  ( -0.000000000000000000, 0.000000000000000000, 1.000000000000000000 ) ) ;
#2692 = ORIENTED_EDGE ( 'NONE', *, *, #1323, .F. ) ;
#2693 = DIRECTION ( 'NONE',  ( -0.000000000000000000, -1.000000000000000000, -0.000000000000000000 ) ) ;
#2694 = DIRECTION ( 'NONE',  ( 3.944304526105059903E-31, 0.7071067811865513475, -0.7071067811865437980 ) ) ;
#2695 = CARTESIAN_POINT ( 'NONE',  ( 74.50000000000001421, 224.1798123321449907, -62.67981233214436543 ) ) ;
#2696 = ORIENTED_EDGE ( 'NONE', *, *, #381, .T. ) ;
#2697 = ORIENTED_EDGE ( 'NONE', *, *, #1625, .F. ) ;
#2698 = ORIENTED_EDGE ( 'NONE', *, *, #399, .F. ) ;
#2699 = CARTESIAN_POINT ( 'NONE',  ( 114.4766232814988314, 163.8602880625659566, -0.7773426251353673377 ) ) ;
#2700 = ADVANCED_FACE ( 'NONE', ( #1061 ), #1701, .F. ) ;
#2701 = VERTEX_POINT ( 'NONE', #153 ) ;
#2702 = CARTESIAN_POINT ( 'NONE',  ( -79.99999999999998579, -120.0000000000000000, 1.402220585023716934E-15 ) ) ;
#2703 = DIRECTION ( 'NONE',  ( -3.469446951953614189E-15, 0.7071067811865436870, 0.7071067811865513475 ) ) ;
#2704 = VERTEX_POINT ( 'NONE', #1414 ) ;
#2705 = EDGE_CURVE ( 'NONE', #3405, #1629, #2669, .T. ) ;
#2706 = CARTESIAN_POINT ( 'NONE',  ( -111.9999999999999858, -164.5000000000000284, -3.000000000000019984 ) ) ;
#2707 = CARTESIAN_POINT ( 'NONE',  ( -90.00000000000000000, 220.3614357137376203, -68.76093065034865504 ) ) ;
#2708 = CARTESIAN_POINT ( 'NONE',  ( 90.00000000000000000, 222.6241774135345679, -71.02367235014560265 ) ) ;
#2709 = DIRECTION ( 'NONE',  ( 0.000000000000000000, -0.7071067811865513475, 0.7071067811865437980 ) ) ;
#2710 = CARTESIAN_POINT ( 'NONE',  ( -51.49999999999999289, 220.0078823231443437, -58.50788232314376813 ) ) ;
#2711 = AXIS2_PLACEMENT_3D ( 'NONE', #156, #3250, #733 ) ;
#2712 = ORIENTED_EDGE ( 'NONE', *, *, #242, .F. ) ;
#2713 = LINE ( 'NONE', #3353, #1265 ) ;
#2714 = ADVANCED_FACE ( 'NONE', ( #3923 ), #673, .F. ) ;
#2715 = AXIS2_PLACEMENT_3D ( 'NONE', #3513, #69, #1144 ) ;
#2716 = VECTOR ( 'NONE', #3309, 1000.000000000000114 ) ;
#2717 = DIRECTION ( 'NONE',  ( -0.000000000000000000, -0.000000000000000000, 1.000000000000000000 ) ) ;
#2718 = CARTESIAN_POINT ( 'NONE',  ( 115.5213591450676347, 165.7760416823730623, -2.819989331740730965 ) ) ;
#2719 = EDGE_LOOP ( 'NONE', ( #2136, #3889 ) ) ;
#2720 = CIRCLE ( 'NONE', #1797, 1.249999999999978906 ) ;
#2721 = ORIENTED_EDGE ( 'NONE', *, *, #2450, .T. ) ;
#2722 = AXIS2_PLACEMENT_3D ( 'NONE', #655, #1249, #982 ) ;
#2723 = ORIENTED_EDGE ( 'NONE', *, *, #3088, .F. ) ;
#2724 = ADVANCED_FACE ( 'NONE', ( #261 ), #1763, .F. ) ;
#2725 = CYLINDRICAL_SURFACE ( 'NONE', #2258, 0.9999999999999997780 ) ;
#2726 = CIRCLE ( 'NONE', #223, 1.249999999999987121 ) ;
#2727 = FACE_BOUND ( 'NONE', #2557, .T. ) ;
#2728 = ORIENTED_EDGE ( 'NONE', *, *, #1612, .F. ) ;
#2729 = CARTESIAN_POINT ( 'NONE',  ( -1.249999999999973355, 120.0000000000000000, 1.402220585023716934E-15 ) ) ;
#2730 = DIRECTION ( 'NONE',  ( 0.000000000000000000, -0.7071067811865512365, 0.7071067811865439090 ) ) ;
#2731 = CARTESIAN_POINT ( 'NONE',  ( -115.9999999999999716, 164.0857864376269220, -4.000000000000023981 ) ) ;
#2732 = CIRCLE ( 'NONE', #2271, 1.249999999999973355 ) ;
#2733 = EDGE_CURVE ( 'NONE', #2199, #3137, #1542, .T. ) ;
#2734 = VERTEX_POINT ( 'NONE', #3992 ) ;
#2735 = AXIS2_PLACEMENT_3D ( 'NONE', #1294, #3195, #3541 ) ;
#2736 = CARTESIAN_POINT ( 'NONE',  ( -112.7996668423981532, 163.7700887125416500, -3.385453280025115141 ) ) ;
#2737 = LINE ( 'NONE', #1809, #1615 ) ;
#2738 = DIRECTION ( 'NONE',  ( -0.000000000000000000, 0.7071067811865437980, 0.7071067811865513475 ) ) ;
#2739 = DIRECTION ( 'NONE',  ( 1.000000000000000000, 2.451788122981419221E-15, 2.377682034138010941E-15 ) ) ;
#2740 = ORIENTED_EDGE ( 'NONE', *, *, #1210, .F. ) ;
#2741 = DIRECTION ( 'NONE',  ( 0.000000000000000000, 0.000000000000000000, 1.000000000000000000 ) ) ;
#2742 = DIRECTION ( 'NONE',  ( -3.469446951953614189E-15, 0.000000000000000000, 1.000000000000000000 ) ) ;
#2743 = DIRECTION ( 'NONE',  ( -1.000000000000000000, -0.000000000000000000, -0.000000000000000000 ) ) ;
#2744 = ORIENTED_EDGE ( 'NONE', *, *, #689, .T. ) ;
#2745 = ORIENTED_EDGE ( 'NONE', *, *, #3594, .T. ) ;
#2746 = ORIENTED_EDGE ( 'NONE', *, *, #3755, .F. ) ;
#2747 = ADVANCED_FACE ( 'NONE', ( #1830 ), #3083, .F. ) ;
#2748 = CARTESIAN_POINT ( 'NONE',  ( 112.0000000000000000, 164.0857864376268935, -3.030300000000082594 ) ) ;
#2749 = DIRECTION ( 'NONE',  ( -1.000000000000000000, -0.000000000000000000, 3.469446951953614189E-15 ) ) ;
#2750 = EDGE_LOOP ( 'NONE', ( #2712, #891 ) ) ;
#2751 = CARTESIAN_POINT ( 'NONE',  ( -116.0000000000010658, 37.11809241067656728, -309.2205659382237286 ) ) ;
#2752 = FACE_OUTER_BOUND ( 'NONE', #2668, .T. ) ;
#2753 = CARTESIAN_POINT ( 'NONE',  ( 0.000000000000000000, 0.000000000000000000, 0.000000000000000000 ) ) ;
#2754 = DIRECTION ( 'NONE',  ( 0.000000000000000000, 0.7071067811865437980, 0.7071067811865513475 ) ) ;
#2755 = CARTESIAN_POINT ( 'NONE',  ( 116.0000000000001137, 225.3111831820437487, -120.3797256769666006 ) ) ;
#2756 = CARTESIAN_POINT ( 'NONE',  ( -111.9999999999999858, 253.5954544295054234, -92.09545442950459915 ) ) ;
#2757 = ORIENTED_EDGE ( 'NONE', *, *, #3947, .T. ) ;
#2758 = CARTESIAN_POINT ( 'NONE',  ( 80.00000000000001421, 0.000000000000000000, 0.000000000000000000 ) ) ;
#2759 = CARTESIAN_POINT ( 'NONE',  ( 112.2617993877991154, 164.8566737908743676, -3.356673790874323604 ) ) ;
#2760 = FACE_OUTER_BOUND ( 'NONE', #504, .T. ) ;
#2761 = EDGE_LOOP ( 'NONE', ( #1452, #2658, #3224, #1006 ) ) ;
#2762 = ORIENTED_EDGE ( 'NONE', *, *, #1074, .T. ) ;
#2763 = EDGE_LOOP ( 'NONE', ( #309, #2286, #373, #342 ) ) ;
#2764 = DIRECTION ( 'NONE',  ( 0.000000000000000000, 0.7071067811865437980, 0.7071067811865513475 ) ) ;
#2765 = DIRECTION ( 'NONE',  ( 0.000000000000000000, -0.7071067811865519026, 0.7071067811865431318 ) ) ;
#2766 = ORIENTED_EDGE ( 'NONE', *, *, #141, .T. ) ;
#2767 = CARTESIAN_POINT ( 'NONE',  ( 114.4581868798996283, 163.8602880625659850, -0.8013326304073230544 ) ) ;
#2768 = FACE_OUTER_BOUND ( 'NONE', #3955, .T. ) ;
#2769 = ADVANCED_FACE ( 'NONE', ( #1478 ), #244, .F. ) ;
#2770 = CARTESIAN_POINT ( 'NONE',  ( -112.1269537963820966, 164.0406795021883681, -3.030300000000021754 ) ) ;
#2771 = DIRECTION ( 'NONE',  ( 0.000000000000000000, -0.7071067811865513475, 0.7071067811865437980 ) ) ;
#2772 = DIRECTION ( 'NONE',  ( 0.000000000000000000, 0.7071067811865437980, 0.7071067811865513475 ) ) ;
#2773 = EDGE_CURVE ( 'NONE', #2933, #914, #3430, .T. ) ;
#2774 = DIRECTION ( 'NONE',  ( 1.000000000000000000, 0.000000000000000000, 0.000000000000000000 ) ) ;
#2775 = PLANE ( 'NONE',  #3780 ) ;
#2776 = CARTESIAN_POINT ( 'NONE',  ( 116.0299999999999727, 164.4684698699919636, -4.382683432365192644 ) ) ;
#2777 = CIRCLE ( 'NONE', #1325, 3.199999999999994849 ) ;
#2778 = ORIENTED_EDGE ( 'NONE', *, *, #3834, .T. ) ;
#2779 = ORIENTED_EDGE ( 'NONE', *, *, #1303, .F. ) ;
#2780 = EDGE_CURVE ( 'NONE', #1036, #2320, #2118, .T. ) ;
#2781 = ORIENTED_EDGE ( 'NONE', *, *, #410, .F. ) ;
#2782 = AXIS2_PLACEMENT_3D ( 'NONE', #3016, #2916, #3657 ) ;
#2783 = CARTESIAN_POINT ( 'NONE',  ( 112.9739726766682963, 163.6347896875050765, -3.738252115640761541 ) ) ;
#2784 = AXIS2_PLACEMENT_3D ( 'NONE', #1899, #3522, #701 ) ;
#2785 = VECTOR ( 'NONE', #788, 1000.000000000000000 ) ;
#2786 = ORIENTED_EDGE ( 'NONE', *, *, #675, .T. ) ;
#2787 = EDGE_CURVE ( 'NONE', #3789, #269, #2079, .T. ) ;
#2788 = DIRECTION ( 'NONE',  ( 0.000000000000000000, -0.7071067811865519026, 0.7071067811865431318 ) ) ;
#2789 = VECTOR ( 'NONE', #939, 1000.000000000000000 ) ;
#2790 = DIRECTION ( 'NONE',  ( -0.000000000000000000, 0.7071067811865437980, 0.7071067811865513475 ) ) ;
#2791 = VECTOR ( 'NONE', #1644, 1000.000000000000000 ) ;
#2792 = EDGE_CURVE ( 'NONE', #269, #1334, #2267, .T. ) ;
#2793 = EDGE_CURVE ( 'NONE', #1308, #3864, #527, .T. ) ;
#2794 = DIRECTION ( 'NONE',  ( 0.000000000000000000, 0.7071067811865509034, -0.7071067811865442421 ) ) ;
#2795 = VECTOR ( 'NONE', #1780, 1000.000000000000000 ) ;
#2796 = SECURITY_CLASSIFICATION_LEVEL ( 'unclassified' ) ;
#2797 = CARTESIAN_POINT ( 'NONE',  ( -115.9999999999999716, 164.0857864376269220, -3.000000000000026201 ) ) ;
#2798 = LINE ( 'NONE', #4053, #1723 ) ;
#2799 = AXIS2_PLACEMENT_3D ( 'NONE', #187, #3620, #2962 ) ;
#2800 = LINE ( 'NONE', #1263, #1257 ) ;
#2801 = LINE ( 'NONE', #2182, #1599 ) ;
#2802 = CARTESIAN_POINT ( 'NONE',  ( 116.0000000000004690, -114.5000000000000284, -33.00000000000081002 ) ) ;
#2803 = FACE_OUTER_BOUND ( 'NONE', #942, .T. ) ;
#2804 = VERTEX_POINT ( 'NONE', #1188 ) ;
#2805 = ORIENTED_EDGE ( 'NONE', *, *, #909, .T. ) ;
#2806 = ORIENTED_EDGE ( 'NONE', *, *, #2035, .F. ) ;
#2807 = CARTESIAN_POINT ( 'NONE',  ( 112.9999999999999716, 163.5445903374807131, -4.000000000000031086 ) ) ;
#2808 = EDGE_CURVE ( 'NONE', #3236, #2701, #885, .T. ) ;
#2809 = ORIENTED_EDGE ( 'NONE', *, *, #292, .T. ) ;
#2810 = CARTESIAN_POINT ( 'NONE',  ( 74.50000000000001421, 226.4425540319419383, -64.94255403194132725 ) ) ;
#2811 = CARTESIAN_POINT ( 'NONE',  ( -68.50000000000000000, 225.6647365726367980, -74.06423150924779009 ) ) ;
#2812 = APPROVAL_STATUS ( 'not_yet_approved' ) ;
#2813 = LINE ( 'NONE', #3415, #1672 ) ;
#2814 = CARTESIAN_POINT ( 'NONE',  ( -113.0000000000000711, -134.5000000000000284, -34.24999999999995026 ) ) ;
#2815 = DIRECTION ( 'NONE',  ( 1.000000000000000000, 0.000000000000000000, 0.000000000000000000 ) ) ;
#2816 = CYLINDRICAL_SURFACE ( 'NONE', #1812, 1.599999999999992317 ) ;
#2817 = CARTESIAN_POINT ( 'NONE',  ( -113.0469915374372079, 166.9043777471381134, -1.308969834610559824 ) ) ;
#2818 = VERTEX_POINT ( 'NONE', #48 ) ;
#2819 = VERTEX_POINT ( 'NONE', #592 ) ;
#2820 = VERTEX_POINT ( 'NONE', #4067 ) ;
#2821 = DIRECTION ( 'NONE',  ( -0.000000000000000000, 0.7071067811865437980, 0.7071067811865513475 ) ) ;
#2822 = ORIENTED_EDGE ( 'NONE', *, *, #3755, .T. ) ;
#2823 = EDGE_CURVE ( 'NONE', #2351, #3673, #3184, .T. ) ;
#2824 = FACE_OUTER_BOUND ( 'NONE', #3012, .T. ) ;
#2825 = CARTESIAN_POINT ( 'NONE',  ( -115.9999999999999716, 164.0857864376269220, -4.000000000000023981 ) ) ;
#2826 = EDGE_CURVE ( 'NONE', #2701, #3236, #1017, .T. ) ;
#2827 = CARTESIAN_POINT ( 'NONE',  ( -20.00000000000000000, 229.3770471738661456, -67.87704717386547770 ) ) ;
#2828 = APPROVAL_ROLE ( '' ) ;
#2829 = CARTESIAN_POINT ( 'NONE',  ( 115.9999999999999574, 252.8883476483188986, -92.80256121069113817 ) ) ;
#2830 = ADVANCED_FACE ( 'NONE', ( #1281 ), #3160, .F. ) ;
#2831 = DIRECTION ( 'NONE',  ( -0.000000000000000000, 0.7071067811865437980, 0.7071067811865513475 ) ) ;
#2832 = CARTESIAN_POINT ( 'NONE',  ( -116.0000000000000568, -134.5000000000000284, -33.00000000000000711 ) ) ;
#2833 = CARTESIAN_POINT ( 'NONE',  ( -111.9999999999999858, -164.5000000000000284, -3.000000000000019984 ) ) ;
#2834 = CARTESIAN_POINT ( 'NONE',  ( -115.8958907066733133, 165.1450241138977617, -3.578568044337713694 ) ) ;
#2835 = VERTEX_POINT ( 'NONE', #2561 ) ;
#2836 = ORIENTED_EDGE ( 'NONE', *, *, #584, .F. ) ;
#2837 = ORIENTED_EDGE ( 'NONE', *, *, #23, .F. ) ;
#2838 = ORIENTED_EDGE ( 'NONE', *, *, #345, .F. ) ;
#2839 = EDGE_CURVE ( 'NONE', #1119, #518, #1537, .T. ) ;
#2840 = FACE_BOUND ( 'NONE', #1326, .T. ) ;
#2841 = VERTEX_POINT ( 'NONE', #1242 ) ;
#2842 = AXIS2_PLACEMENT_3D ( 'NONE', #4054, #3107, #1231 ) ;
#2843 = DIRECTION ( 'NONE',  ( 0.000000000000000000, 0.7071067811865512365, -0.7071067811865439090 ) ) ;
#2844 = VECTOR ( 'NONE', #3169, 1000.000000000000000 ) ;
#2845 = VECTOR ( 'NONE', #2093, 1000.000000000000000 ) ;
#2846 = DIRECTION ( 'NONE',  ( -0.000000000000000000, 0.7071067811865437980, 0.7071067811865513475 ) ) ;
#2847 = AXIS2_PLACEMENT_3D ( 'NONE', #1787, #597, #2384 ) ;
#2848 = AXIS2_PLACEMENT_3D ( 'NONE', #2634, #451, #3732 ) ;
#2849 = CARTESIAN_POINT ( 'NONE',  ( -115.9999999999999716, 253.5954544295054802, -92.09545442950457073 ) ) ;
#2850 = DATE_AND_TIME ( #3815, #1886 ) ;
#2851 = VECTOR ( 'NONE', #2869, 1000.000000000000000 ) ;
#2852 = DIRECTION ( 'NONE',  ( 1.000000000000000000, 0.000000000000000000, 0.000000000000000000 ) ) ;
#2853 = EDGE_CURVE ( 'NONE', #2174, #1856, #936, .T. ) ;
#2854 = AXIS2_PLACEMENT_3D ( 'NONE', #2485, #680, #351 ) ;
#2855 = FACE_OUTER_BOUND ( 'NONE', #3911, .T. ) ;
#2856 = DIRECTION ( 'NONE',  ( 1.000000000000000000, -2.453269466693385999E-15, -2.453269466693411637E-15 ) ) ;
#2857 = LINE ( 'NONE', #320, #2996 ) ;
#2858 = CARTESIAN_POINT ( 'NONE',  ( -115.4951455534171316, 165.7653583104882955, -2.830672703625460418 ) ) ;
#2859 = ORIENTED_EDGE ( 'NONE', *, *, #1618, .F. ) ;
#2860 = AXIS2_PLACEMENT_3D ( 'NONE', #1669, #3559, #739 ) ;
#2861 = ORIENTED_EDGE ( 'NONE', *, *, #1505, .T. ) ;
#2862 = FACE_BOUND ( 'NONE', #683, .T. ) ;
#2863 = AXIS2_PLACEMENT_3D ( 'NONE', #2468, #2754, #3368 ) ;
#2864 = CARTESIAN_POINT ( 'NONE',  ( -112.9999999999999716, 163.5445903374807415, -4.000000000000017764 ) ) ;
#2865 = DIRECTION ( 'NONE',  ( 0.000000000000000000, 0.000000000000000000, 1.000000000000000000 ) ) ;
#2866 = ORIENTED_EDGE ( 'NONE', *, *, #789, .T. ) ;
#2867 = ADVANCED_FACE ( 'NONE', ( #1229, #3795 ), #975, .T. ) ;
#2868 = CARTESIAN_POINT ( 'NONE',  ( 74.50000000000001421, 220.3614357137376771, -68.76093065034868346 ) ) ;
#2869 = DIRECTION ( 'NONE',  ( 3.469446951953614189E-15, 6.938893903907227392E-16, -1.000000000000000000 ) ) ;
#2870 = CALENDAR_DATE ( 2026, 30, 6 ) ;
#2871 = ORIENTED_EDGE ( 'NONE', *, *, #1439, .F. ) ;
#2872 = CARTESIAN_POINT ( 'NONE',  ( -116.0000000000010658, 37.11809241067656728, -309.2205659382237286 ) ) ;
#2873 = CARTESIAN_POINT ( 'NONE',  ( -12.00000000000000000, 225.3111831820434645, -63.81118318204284634 ) ) ;
#2874 = DIRECTION ( 'NONE',  ( 1.000000000000000000, 0.000000000000000000, 0.000000000000000000 ) ) ;
#2875 = FACE_OUTER_BOUND ( 'NONE', #3980, .T. ) ;
#2876 = ORIENTED_EDGE ( 'NONE', *, *, #1682, .F. ) ;
#2877 = ORIENTED_EDGE ( 'NONE', *, *, #3921, .F. ) ;
#2878 = VERTEX_POINT ( 'NONE', #3743 ) ;
#2879 = CARTESIAN_POINT ( 'NONE',  ( 115.9999999999999716, 164.0857864376269220, -3.000000000000026645 ) ) ;
#2880 = CARTESIAN_POINT ( 'NONE',  ( -111.9999999999999858, 252.8883476483188986, -92.80256121069115238 ) ) ;
#2881 = PLANE ( 'NONE',  #473 ) ;
#2882 = CARTESIAN_POINT ( 'NONE',  ( 81.24999999999998579, 120.0000000000000000, -3.000000000000000000 ) ) ;
#2883 = EDGE_LOOP ( 'NONE', ( #1571, #4024, #80, #179 ) ) ;
#2884 = VERTEX_POINT ( 'NONE', #2196 ) ;
#2885 = VERTEX_POINT ( 'NONE', #333 ) ;
#2886 = CARTESIAN_POINT ( 'NONE',  ( -115.4951455534170179, 163.7249890375294399, -1.985524078516464064 ) ) ;
#2887 = DIRECTION ( 'NONE',  ( -0.000000000000000000, 0.7071067811865437980, 0.7071067811865513475 ) ) ;
#2888 = CARTESIAN_POINT ( 'NONE',  ( 34.50000000000000000, 226.4425540319419383, -64.94255403194131304 ) ) ;
#2889 = ORIENTED_EDGE ( 'NONE', *, *, #23, .T. ) ;
#2890 = ADVANCED_FACE ( 'NONE', ( #3471 ), #3126, .F. ) ;
#2891 = CARTESIAN_POINT ( 'NONE',  ( 116.0000000000000995, 147.3902614049299586, -43.00000000000002132 ) ) ;
#2892 = CARTESIAN_POINT ( 'NONE',  ( -116.0000000000000853, 135.4999999999999432, -33.00000000000000711 ) ) ;
#2893 = DIRECTION ( 'NONE',  ( 0.000000000000000000, -0.7071067811865496822, 0.7071067811865453523 ) ) ;
#2894 = DIRECTION ( 'NONE',  ( 0.000000000000000000, -1.000000000000000000, 0.000000000000000000 ) ) ;
#2895 = ORIENTED_EDGE ( 'NONE', *, *, #2808, .F. ) ;
#2896 = ORIENTED_EDGE ( 'NONE', *, *, #2931, .T. ) ;
#2897 = EDGE_CURVE ( 'NONE', #3788, #3670, #302, .T. ) ;
#2898 = FACE_OUTER_BOUND ( 'NONE', #1845, .T. ) ;
#2899 = LINE ( 'NONE', #43, #159 ) ;
#2900 = DIRECTION ( 'NONE',  ( 0.000000000000000000, 0.000000000000000000, 1.000000000000000000 ) ) ;
#2901 = EDGE_CURVE ( 'NONE', #419, #2190, #608, .T. ) ;
#2902 = ORIENTED_EDGE ( 'NONE', *, *, #1081, .F. ) ;
#2903 = ORIENTED_EDGE ( 'NONE', *, *, #2705, .F. ) ;
#2904 = FACE_BOUND ( 'NONE', #3221, .T. ) ;
#2905 = AXIS2_PLACEMENT_3D ( 'NONE', #3350, #1784, #1153 ) ;
#2906 = EDGE_LOOP ( 'NONE', ( #1775, #3263, #984, #3884 ) ) ;
#2907 = DIRECTION ( 'NONE',  ( -0.000000000000000000, -0.000000000000000000, 1.000000000000000000 ) ) ;
#2908 = AXIS2_PLACEMENT_3D ( 'NONE', #2046, #3297, #2997 ) ;
#2909 = VECTOR ( 'NONE', #2887, 1000.000000000000000 ) ;
#2910 = CARTESIAN_POINT ( 'NONE',  ( 5.500000000000000000, 226.3011326757046504, -60.55849198858470572 ) ) ;
#2911 = CALENDAR_DATE ( 2026, 30, 6 ) ;
#2912 = EDGE_CURVE ( 'NONE', #3842, #1549, #905, .T. ) ;
#2913 = AXIS2_PLACEMENT_3D ( 'NONE', #1614, #1637, #2843 ) ;
#2914 = CIRCLE ( 'NONE', #353, 1.249999999999917843 ) ;
#2915 = ORIENTED_EDGE ( 'NONE', *, *, #2552, .T. ) ;
#2916 = DIRECTION ( 'NONE',  ( 0.000000000000000000, 0.7071067811865437980, 0.7071067811865513475 ) ) ;
#2917 = CARTESIAN_POINT ( 'NONE',  ( -73.50000000000000000, 227.4325035256031242, -61.68986283848317242 ) ) ;
#2918 = VECTOR ( 'NONE', #2632, 1000.000000000000000 ) ;
#2919 = CARTESIAN_POINT ( 'NONE',  ( -115.1986673695928403, 166.0472190520406741, -2.485031390012228503 ) ) ;
#2920 = FACE_OUTER_BOUND ( 'NONE', #4019, .T. ) ;
#2921 = ORIENTED_EDGE ( 'NONE', *, *, #3728, .T. ) ;
#2922 = AXIS2_PLACEMENT_3D ( 'NONE', #3284, #3905, #1685 ) ;
#2923 = ORIENTED_EDGE ( 'NONE', *, *, #954, .T. ) ;
#2924 = DIRECTION ( 'NONE',  ( 1.000000000000000000, 0.000000000000000000, 0.000000000000000000 ) ) ;
#2925 = CARTESIAN_POINT ( 'NONE',  ( 52.00000000000003553, 223.8969696196703580, -58.15432893255047020 ) ) ;
#2926 = CIRCLE ( 'NONE', #1156, 1.599999999999992317 ) ;
#2927 = ORIENTED_EDGE ( 'NONE', *, *, #329, .T. ) ;
#2928 = ORIENTED_EDGE ( 'NONE', *, *, #92, .F. ) ;
#2929 = CIRCLE ( 'NONE', #2799, 1.249999999999973355 ) ;
#2930 = LINE ( 'NONE', #786, #1535 ) ;
#2931 = EDGE_CURVE ( 'NONE', #3520, #1778, #3251, .T. ) ;
#2932 = AXIS2_PLACEMENT_3D ( 'NONE', #4030, #1214, #3329 ) ;
#2933 = VERTEX_POINT ( 'NONE', #27 ) ;
#2934 = ORIENTED_EDGE ( 'NONE', *, *, #510, .F. ) ;
#2935 = CARTESIAN_POINT ( 'NONE',  ( 34.50000000000000000, 228.5638743755015980, -62.82123368838163202 ) ) ;
#2936 = ORIENTED_EDGE ( 'NONE', *, *, #1187, .T. ) ;
#2937 = DIRECTION ( 'NONE',  ( 1.000000000000000000, 3.271025955591214432E-16, -3.271025955591178933E-16 ) ) ;
#2938 = CARTESIAN_POINT ( 'NONE',  ( -114.4766232814990019, 166.5240007509866871, -1.880688546944536910 ) ) ;
#2939 = DIRECTION ( 'NONE',  ( -0.000000000000000000, 0.000000000000000000, 1.000000000000000000 ) ) ;
#2940 = EDGE_LOOP ( 'NONE', ( #3578, #708 ) ) ;
#2941 = LINE ( 'NONE', #2366, #3181 ) ;
#2942 = EDGE_CURVE ( 'NONE', #4039, #2102, #630, .T. ) ;
#2943 = DIRECTION ( 'NONE',  ( 1.000000000000000000, 0.000000000000000000, 0.000000000000000000 ) ) ;
#2944 = FACE_BOUND ( 'NONE', #4076, .T. ) ;
#2945 = VERTEX_POINT ( 'NONE', #2827 ) ;
#2946 = ORIENTED_EDGE ( 'NONE', *, *, #2823, .F. ) ;
#2947 = CARTESIAN_POINT ( 'NONE',  ( -111.9999999999999858, 164.0857864376268935, -3.000000000000019984 ) ) ;
#2948 = VERTEX_POINT ( 'NONE', #2518 ) ;
#2949 = CARTESIAN_POINT ( 'NONE',  ( 0.000000000000000000, 0.000000000000000000, 1.402220585023716934E-15 ) ) ;
#2950 = CC_DESIGN_PERSON_AND_ORGANIZATION_ASSIGNMENT ( #1576, #692, ( #2650 ) ) ;
#2951 = CARTESIAN_POINT ( 'NONE',  ( -90.00000000000000000, 223.0484414822464885, -61.54844148224585609 ) ) ;
#2952 = DATE_TIME_ROLE ( 'classification_date' ) ;
#2953 = EDGE_CURVE ( 'NONE', #3789, #3197, #3777, .T. ) ;
#2954 = ORIENTED_EDGE ( 'NONE', *, *, #1927, .T. ) ;
#2955 = DIRECTION ( 'NONE',  ( 0.000000000000000000, 0.7071067811865441310, 0.7071067811865507924 ) ) ;
#2956 = LINE ( 'NONE', #1415, #1944 ) ;
#2957 = CYLINDRICAL_SURFACE ( 'NONE', #1658, 1.249999999999931610 ) ;
#2958 = EDGE_CURVE ( 'NONE', #657, #1636, #1605, .T. ) ;
#2959 = ORIENTED_EDGE ( 'NONE', *, *, #3510, .F. ) ;
#2960 = CARTESIAN_POINT ( 'NONE',  ( 116.0000000000000995, 225.3111831820437487, -120.3797256769666149 ) ) ;
#2961 = DIRECTION ( 'NONE',  ( -0.000000000000000000, 0.000000000000000000, 1.000000000000000000 ) ) ;
#2962 = DIRECTION ( 'NONE',  ( 1.000000000000000000, 0.000000000000000000, 0.000000000000000000 ) ) ;
#2963 = EDGE_CURVE ( 'NONE', #933, #3121, #3413, .T. ) ;
#2964 = ORIENTED_EDGE ( 'NONE', *, *, #1759, .T. ) ;
#2965 = EDGE_CURVE ( 'NONE', #22, #1506, #95, .T. ) ;
#2966 = VERTEX_POINT ( 'NONE', #2935 ) ;
#2967 = CARTESIAN_POINT ( 'NONE',  ( 115.2226573748646246, 163.7700887125415932, -1.523376718501111116 ) ) ;
#2968 = DIRECTION ( 'NONE',  ( -0.000000000000000000, -0.7071067811865437980, -0.7071067811865512365 ) ) ;
#2969 = ORIENTED_EDGE ( 'NONE', *, *, #603, .F. ) ;
#2970 = ORIENTED_EDGE ( 'NONE', *, *, #2853, .T. ) ;
#2971 = DIRECTION ( 'NONE',  ( -1.000000000000000000, -2.111744996378410988E-16, -3.469446951953614189E-15 ) ) ;
#2972 = DIRECTION ( 'NONE',  ( 3.205351028043612454E-15, 0.3826834323650908920, 0.9238795325112862944 ) ) ;
#2973 = AXIS2_PLACEMENT_3D ( 'NONE', #2731, #2161, #3365 ) ;
#2974 = VECTOR ( 'NONE', #2846, 1000.000000000000000 ) ;
#2975 = ORIENTED_EDGE ( 'NONE', *, *, #322, .F. ) ;
#2976 = CARTESIAN_POINT ( 'NONE',  ( -111.9999999999999858, 253.5954544295054234, -92.09545442950459915 ) ) ;
#2977 = ADVANCED_FACE ( 'NONE', ( #397 ), #1641, .F. ) ;
#2978 = DIRECTION ( 'NONE',  ( -1.000000000000000000, -4.906538933386830769E-16, 4.906538933386778506E-16 ) ) ;
#2979 = FACE_OUTER_BOUND ( 'NONE', #3831, .T. ) ;
#2980 = VECTOR ( 'NONE', #3014, 1000.000000000000000 ) ;
#2981 = VECTOR ( 'NONE', #2205, 1000.000000000000000 ) ;
#2982 = CARTESIAN_POINT ( 'NONE',  ( -12.00000000000000000, 224.4272997055602730, -62.92729970555966190 ) ) ;
#2983 = ORIENTED_EDGE ( 'NONE', *, *, #2793, .T. ) ;
#2984 = AXIS2_PLACEMENT_3D ( 'NONE', #3540, #3600, #3253 ) ;
#2985 = VECTOR ( 'NONE', #3022, 1000.000000000000000 ) ;
#2986 = CARTESIAN_POINT ( 'NONE',  ( 112.9999999999999858, 2.386271845907604355E-14, 4.024558464266191954E-13 ) ) ;
#2987 = CARTESIAN_POINT ( 'NONE',  ( -115.9999999999999858, 164.4684698699919920, -4.382683432365125142 ) ) ;
#2988 = ORIENTED_EDGE ( 'NONE', *, *, #3816, .T. ) ;
#2989 = ORIENTED_EDGE ( 'NONE', *, *, #57, .T. ) ;
#2990 = EDGE_LOOP ( 'NONE', ( #2723, #711 ) ) ;
#2991 = DIRECTION ( 'NONE',  ( -1.000000000000000000, -0.000000000000000000, 3.469446951953614189E-15 ) ) ;
#2992 = AXIS2_PLACEMENT_3D ( 'NONE', #91, #3862, #1040 ) ;
#2993 = ORIENTED_EDGE ( 'NONE', *, *, #3687, .F. ) ;
#2994 = EDGE_CURVE ( 'NONE', #1506, #1689, #3591, .T. ) ;
#2995 = CARTESIAN_POINT ( 'NONE',  ( 68.00000000000002842, 230.9680374315358620, -65.22539674441590307 ) ) ;
#2996 = VECTOR ( 'NONE', #4073, 1000.000000000000000 ) ;
#2997 = DIRECTION ( 'NONE',  ( 1.000000000000000000, 0.000000000000000000, 0.000000000000000000 ) ) ;
#2998 = DIRECTION ( 'NONE',  ( -3.491481338843133355E-15, 8.446979985513558656E-17, 1.000000000000000000 ) ) ;
#2999 = AXIS2_PLACEMENT_3D ( 'NONE', #1088, #461, #3596 ) ;
#3000 = ORIENTED_EDGE ( 'NONE', *, *, #904, .F. ) ;
#3001 = CARTESIAN_POINT ( 'NONE',  ( 115.1986673695927408, 166.0472190520407594, -2.485031390012172103 ) ) ;
#3002 = CARTESIAN_POINT ( 'NONE',  ( -113.0548439739679480, 166.9250388276689989, -1.288308754079682705 ) ) ;
#3003 = PLANE ( 'NONE',  #2191 ) ;
#3004 = DIRECTION ( 'NONE',  ( -0.000000000000000000, 0.7071067811865437980, 0.7071067811865513475 ) ) ;
#3005 = CARTESIAN_POINT ( 'NONE',  ( 0.000000000000000000, 221.7756492761107268, -60.27564927611013701 ) ) ;
#3006 = CARTESIAN_POINT ( 'NONE',  ( -12.00000000000000000, 226.5486200491199327, -60.80597936199998088 ) ) ;
#3007 = EDGE_CURVE ( 'NONE', #587, #1103, #3282, .T. ) ;
#3008 = ORIENTED_EDGE ( 'NONE', *, *, #3717, .T. ) ;
#3009 = DIRECTION ( 'NONE',  ( -0.000000000000000000, 0.7071067811865437980, 0.7071067811865513475 ) ) ;
#3010 = DIRECTION ( 'NONE',  ( 1.000000000000000000, -6.938893903907247310E-15, 0.000000000000000000 ) ) ;
#3011 = CARTESIAN_POINT ( 'NONE',  ( 112.5036189803708737, 164.8312078622624028, -3.509700863607926546 ) ) ;
#3012 = EDGE_LOOP ( 'NONE', ( #3954, #258, #2896, #755 ) ) ;
#3013 = ORIENTED_EDGE ( 'NONE', *, *, #642, .T. ) ;
#3014 = DIRECTION ( 'NONE',  ( -1.000000000000000000, -0.000000000000000000, -0.000000000000000000 ) ) ;
#3015 = LINE ( 'NONE', #1183, #2514 ) ;
#3016 = CARTESIAN_POINT ( 'NONE',  ( 1.530052174732959625E-14, 192.0771644662755477, -26.33452377915600096 ) ) ;
#3017 = FACE_OUTER_BOUND ( 'NONE', #3378, .T. ) ;
#3018 = EDGE_CURVE ( 'NONE', #2012, #1606, #26, .T. ) ;
#3019 = EDGE_LOOP ( 'NONE', ( #2861, #2108, #368, #1525 ) ) ;
#3020 = DIRECTION ( 'NONE',  ( 0.000000000000000000, 0.000000000000000000, 1.000000000000000000 ) ) ;
#3021 = LINE ( 'NONE', #262, #3194 ) ;
#3022 = DIRECTION ( 'NONE',  ( 3.469446951953614189E-15, 6.938893903907227392E-16, -1.000000000000000000 ) ) ;
#3023 = DIRECTION ( 'NONE',  ( 0.000000000000000000, -0.7071067811865503483, 0.7071067811865447972 ) ) ;
#3024 = EDGE_CURVE ( 'NONE', #160, #1549, #2402, .T. ) ;
#3025 = EDGE_LOOP ( 'NONE', ( #1800, #1611 ) ) ;
#3026 = DIRECTION ( 'NONE',  ( -1.000000000000000000, 0.000000000000000000, 0.000000000000000000 ) ) ;
#3027 = DIRECTION ( 'NONE',  ( -1.000000000000000000, -2.111744996378410988E-16, -3.469446951953614189E-15 ) ) ;
#3028 = LINE ( 'NONE', #54, #224 ) ;
#3029 = ORIENTED_EDGE ( 'NONE', *, *, #458, .F. ) ;
#3030 = EDGE_LOOP ( 'NONE', ( #411, #3273 ) ) ;
#3031 = ORIENTED_EDGE ( 'NONE', *, *, #396, .F. ) ;
#3032 = CARTESIAN_POINT ( 'NONE',  ( 112.8473106607871017, 163.7249890375294399, -3.511640674734390899 ) ) ;
#3033 = EDGE_CURVE ( 'NONE', #1470, #3197, #1680, .T. ) ;
#3034 = CARTESIAN_POINT ( 'NONE',  ( -112.9999999999999574, 3.240183207327102581E-29, 4.024558464266190944E-13 ) ) ;
#3035 = VERTEX_POINT ( 'NONE', #2951 ) ;
#3036 = DIRECTION ( 'NONE',  ( 1.000000000000000000, 0.000000000000000000, 0.000000000000000000 ) ) ;
#3037 = DIRECTION ( 'NONE',  ( 0.000000000000000000, -0.7071067811865519026, 0.7071067811865431318 ) ) ;
#3038 = ORIENTED_EDGE ( 'NONE', *, *, #2304, .F. ) ;
#3039 = CARTESIAN_POINT ( 'NONE',  ( -112.9999999999999716, 163.5445903374807415, -4.000000000000031086 ) ) ;
#3040 = DIRECTION ( 'NONE',  ( 0.000000000000000000, 0.7071067811865437980, 0.7071067811865513475 ) ) ;
#3041 = CARTESIAN_POINT ( 'NONE',  ( -116.0000000000000711, -114.5000000000000284, -34.24999999999999289 ) ) ;
#3042 = AXIS2_PLACEMENT_3D ( 'NONE', #1620, #3416, #283 ) ;
#3043 = EDGE_CURVE ( 'NONE', #3121, #68, #627, .T. ) ;
#3044 = VERTEX_POINT ( 'NONE', #2910 ) ;
#3045 = DIRECTION ( 'NONE',  ( -3.414951097637209934E-15, 0.7071067811865437980, 0.7071067811865513475 ) ) ;
#3046 = AXIS2_PLACEMENT_3D ( 'NONE', #3142, #315, #1587 ) ;
#3047 = VECTOR ( 'NONE', #1798, 1000.000000000000000 ) ;
#3048 = FACE_BOUND ( 'NONE', #3229, .T. ) ;
#3049 = CARTESIAN_POINT ( 'NONE',  ( 116.0299999999999869, 164.8096576927279102, -3.977703611436845588 ) ) ;
#3050 = ORIENTED_EDGE ( 'NONE', *, *, #1980, .F. ) ;
#3051 = VERTEX_POINT ( 'NONE', #130 ) ;
#3052 = CIRCLE ( 'NONE', #810, 1.249999999999987121 ) ;
#3053 = ORIENTED_EDGE ( 'NONE', *, *, #1252, .F. ) ;
#3054 = DIRECTION ( 'NONE',  ( -1.000000000000000000, -0.000000000000000000, 3.469446951953614189E-15 ) ) ;
#3055 = AXIS2_PLACEMENT_3D ( 'NONE', #3183, #1300, #2162 ) ;
#3056 = CARTESIAN_POINT ( 'NONE',  ( -73.50000000000000000, 228.5638743755015980, -62.82123368838163202 ) ) ;
#3057 = VERTEX_POINT ( 'NONE', #1388 ) ;
#3058 = AXIS2_PLACEMENT_3D ( 'NONE', #3064, #840, #3348 ) ;
#3059 = DIRECTION ( 'NONE',  ( 0.000000000000000000, -1.000000000000000000, 0.000000000000000000 ) ) ;
#3060 = FACE_BOUND ( 'NONE', #2039, .T. ) ;
#3061 = VECTOR ( 'NONE', #903, 1000.000000000000114 ) ;
#3062 = EDGE_LOOP ( 'NONE', ( #3690, #1674 ) ) ;
#3063 = CIRCLE ( 'NONE', #3391, 1.249999999999978906 ) ;
#3064 = CARTESIAN_POINT ( 'NONE',  ( -111.9999999999999716, -164.5000000000000284, -4.000000000000021316 ) ) ;
#3065 = CARTESIAN_POINT ( 'NONE',  ( 113.0000000000003695, 2.845792581364336121E-13, 2.845792581364366413E-13 ) ) ;
#3066 = DIRECTION ( 'NONE',  ( -1.000000000000000000, -2.414735078559702065E-15, -2.414735078559727308E-15 ) ) ;
#3067 = LINE ( 'NONE', #3351, #3901 ) ;
#3068 = ORIENTED_EDGE ( 'NONE', *, *, #2048, .T. ) ;
#3069 = DIRECTION ( 'NONE',  ( -0.000000000000000000, -0.000000000000000000, 1.000000000000000000 ) ) ;
#3070 = CARTESIAN_POINT ( 'NONE',  ( 115.9999999999999858, 2.449624195798956697E-14, 4.129302904431486081E-13 ) ) ;
#3071 = CARTESIAN_POINT ( 'NONE',  ( 115.9251098869732743, 165.1505766250176350, -3.573015533217838158 ) ) ;
#3072 = ORIENTED_EDGE ( 'NONE', *, *, #637, .T. ) ;
#3073 = VERTEX_POINT ( 'NONE', #2888 ) ;
#3074 = VERTEX_POINT ( 'NONE', #2624 ) ;
#3075 = EDGE_CURVE ( 'NONE', #2495, #3357, #2582, .T. ) ;
#3076 = CARTESIAN_POINT ( 'NONE',  ( -111.9999999999999858, 164.7928932188134752, -3.292893218813460088 ) ) ;
#3077 = FACE_OUTER_BOUND ( 'NONE', #101, .T. ) ;
#3078 = ORIENTED_EDGE ( 'NONE', *, *, #1131, .T. ) ;
#3079 = EDGE_CURVE ( 'NONE', #418, #3564, #3550, .T. ) ;
#3080 = FACE_OUTER_BOUND ( 'NONE', #270, .T. ) ;
#3081 = DIRECTION ( 'NONE',  ( 1.000000000000000000, -2.793261385626813401E-31, -3.469446951953613794E-15 ) ) ;
#3082 = EDGE_CURVE ( 'NONE', #3074, #3673, #3841, .T. ) ;
#3083 = CYLINDRICAL_SURFACE ( 'NONE', #1271, 1.249999999999978906 ) ;
#3084 = DIRECTION ( 'NONE',  ( 0.000000000000000000, 0.000000000000000000, 1.000000000000000000 ) ) ;
#3085 = DIRECTION ( 'NONE',  ( -0.000000000000000000, 0.7071067811865437980, 0.7071067811865513475 ) ) ;
#3086 = CYLINDRICAL_SURFACE ( 'NONE', #3964, 1.249999999999924727 ) ;
#3087 = EDGE_CURVE ( 'NONE', #3874, #1440, #115, .T. ) ;
#3088 = EDGE_CURVE ( 'NONE', #243, #1401, #4045, .T. ) ;
#3089 = CARTESIAN_POINT ( 'NONE',  ( 115.9999999999999716, 252.8883476483188986, -92.80256121069110975 ) ) ;
#3090 = EDGE_LOOP ( 'NONE', ( #2569, #535, #1302, #167 ) ) ;
#3091 = CARTESIAN_POINT ( 'NONE',  ( -28.00000000000000000, 225.3111831820434645, -63.81118318204284634 ) ) ;
#3092 = FACE_BOUND ( 'NONE', #3317, .T. ) ;
#3093 = CARTESIAN_POINT ( 'NONE',  ( 115.2226573748646530, 166.0602555566322280, -2.471994885420665256 ) ) ;
#3094 = EDGE_CURVE ( 'NONE', #314, #3044, #2926, .T. ) ;
#3095 = ORIENTED_EDGE ( 'NONE', *, *, #161, .F. ) ;
#3096 = EDGE_LOOP ( 'NONE', ( #1311, #3719, #1172, #2508 ) ) ;
#3097 = ORIENTED_EDGE ( 'NONE', *, *, #1162, .T. ) ;
#3098 = DIRECTION ( 'NONE',  ( 0.000000000000000000, 0.000000000000000000, 1.000000000000000000 ) ) ;
#3099 = EDGE_CURVE ( 'NONE', #2528, #2425, #2732, .T. ) ;
#3100 = ADVANCED_FACE ( 'NONE', ( #690 ), #1947, .F. ) ;
#3101 = CARTESIAN_POINT ( 'NONE',  ( -73.50000000000000000, 226.4425540319419383, -64.94255403194132725 ) ) ;
#3102 = VERTEX_POINT ( 'NONE', #2279 ) ;
#3103 = DIRECTION ( 'NONE',  ( -0.000000000000000000, 0.000000000000000000, 1.000000000000000000 ) ) ;
#3104 = LINE ( 'NONE', #2248, #3582 ) ;
#3105 = DIRECTION ( 'NONE',  ( 0.000000000000000000, 0.7071067811865437980, 0.7071067811865513475 ) ) ;
#3106 = DIRECTION ( 'NONE',  ( 0.000000000000000000, 0.7071067811865474617, -0.7071067811865474617 ) ) ;
#3107 = DIRECTION ( 'NONE',  ( -0.000000000000000000, -0.000000000000000000, 1.000000000000000000 ) ) ;
#3108 = EDGE_CURVE ( 'NONE', #197, #3057, #3531, .T. ) ;
#3109 = FACE_OUTER_BOUND ( 'NONE', #1813, .T. ) ;
#3110 = DIRECTION ( 'NONE',  ( 0.000000000000000000, 0.7071067811865524577, -0.7071067811865426878 ) ) ;
#3111 = DIRECTION ( 'NONE',  ( 1.000000000000000000, -2.453269466693385999E-15, -2.453269466693411637E-15 ) ) ;
#3112 = CIRCLE ( 'NONE', #1333, 1.599999999999992317 ) ;
#3113 = ORIENTED_EDGE ( 'NONE', *, *, #2048, .F. ) ;
#3114 = ORIENTED_EDGE ( 'NONE', *, *, #754, .T. ) ;
#3115 = ORIENTED_EDGE ( 'NONE', *, *, #2342, .T. ) ;
#3116 = CIRCLE ( 'NONE', #3897, 1.249999999999973355 ) ;
#3117 = CARTESIAN_POINT ( 'NONE',  ( 115.9999999999999716, 163.5896980839586945, -3.476307516196115444 ) ) ;
#3118 = VECTOR ( 'NONE', #1255, 1000.000000000000000 ) ;
#3119 = CARTESIAN_POINT ( 'NONE',  ( -28.00000000000000000, 227.4325035256031242, -61.68986283848317242 ) ) ;
#3120 = AXIS2_PLACEMENT_3D ( 'NONE', #1069, #1052, #1400 ) ;
#3121 = VERTEX_POINT ( 'NONE', #543 ) ;
#3122 = DIRECTION ( 'NONE',  ( -3.469446951953614189E-15, 0.7071067811865436870, 0.7071067811865513475 ) ) ;
#3123 = AXIS2_PLACEMENT_3D ( 'NONE', #1569, #1339, #3753 ) ;
#3124 = ADVANCED_FACE ( 'NONE', ( #2115, #3298, #3060, #2752 ), #240, .F. ) ;
#3125 = AXIS2_PLACEMENT_3D ( 'NONE', #338, #944, #3187 ) ;
#3126 = PLANE ( 'NONE',  #422 ) ;
#3127 = AXIS2_PLACEMENT_3D ( 'NONE', #751, #457, #67 ) ;
#3128 = CARTESIAN_POINT ( 'NONE',  ( -73.50000000000000000, 225.3111831820434645, -63.81118318204284634 ) ) ;
#3129 = VECTOR ( 'NONE', #1837, 1000.000000000000000 ) ;
#3130 = DIRECTION ( 'NONE',  ( -0.000000000000000000, 0.7071067811865437980, 0.7071067811865513475 ) ) ;
#3131 = DIRECTION ( 'NONE',  ( 0.000000000000000000, 0.000000000000000000, 1.000000000000000000 ) ) ;
#3132 = CYLINDRICAL_SURFACE ( 'NONE', #3518, 3.199999999999994849 ) ;
#3133 = DIRECTION ( 'NONE',  ( -1.000000000000000000, -0.000000000000000000, 3.469446951953614189E-15 ) ) ;
#3134 = APPROVAL_PERSON_ORGANIZATION ( #334, #3803, #1301 ) ;
#3135 = ADVANCED_FACE ( 'NONE', ( #3017 ), #856, .F. ) ;
#3136 = VERTEX_POINT ( 'NONE', #3696 ) ;
#3137 = VERTEX_POINT ( 'NONE', #811 ) ;
#3138 = ORIENTED_EDGE ( 'NONE', *, *, #1081, .T. ) ;
#3139 = FACE_OUTER_BOUND ( 'NONE', #1070, .T. ) ;
#3140 = CARTESIAN_POINT ( 'NONE',  ( -112.9999999999999858, 252.8883476483188986, -92.80256121069115238 ) ) ;
#3141 = ORIENTED_EDGE ( 'NONE', *, *, #2065, .T. ) ;
#3142 = CARTESIAN_POINT ( 'NONE',  ( -113.0000000000000711, -114.5000000000000284, -33.00000000000001421 ) ) ;
#3143 = EDGE_CURVE ( 'NONE', #2446, #2804, #1412, .T. ) ;
#3144 = DIRECTION ( 'NONE',  ( -0.000000000000000000, -0.000000000000000000, 1.000000000000000000 ) ) ;
#3145 = MECHANICAL_CONTEXT ( 'NONE', #1128, 'mechanical' ) ;
#3146 = DIRECTION ( 'NONE',  ( -1.000000000000000000, -0.000000000000000000, 3.469446951953614189E-15 ) ) ;
#3147 = ADVANCED_FACE ( 'NONE', ( #1451 ), #1494, .F. ) ;
#3148 = DIRECTION ( 'NONE',  ( 0.000000000000000000, 0.000000000000000000, 1.000000000000000000 ) ) ;
#3149 = CARTESIAN_POINT ( 'NONE',  ( 81.25000000000000000, -120.0000000000000000, 1.402220585023716934E-15 ) ) ;
#3150 = DIRECTION ( 'NONE',  ( 0.000000000000000000, 0.7071067811865437980, 0.7071067811865513475 ) ) ;
#3151 = CARTESIAN_POINT ( 'NONE',  ( 1.250000000000001110, -120.0000000000000000, 1.402220585023716934E-15 ) ) ;
#3152 = VERTEX_POINT ( 'NONE', #837 ) ;
#3153 = EDGE_LOOP ( 'NONE', ( #1720, #726, #1064, #850 ) ) ;
#3154 = EDGE_LOOP ( 'NONE', ( #2187, #2568 ) ) ;
#3155 = FACE_BOUND ( 'NONE', #472, .T. ) ;
#3156 = ORIENTED_EDGE ( 'NONE', *, *, #3521, .F. ) ;
#3157 = DIRECTION ( 'NONE',  ( 0.000000000000000000, 0.000000000000000000, 1.000000000000000000 ) ) ;
#3158 = EDGE_CURVE ( 'NONE', #2169, #3494, #3512, .T. ) ;
#3159 = DIRECTION ( 'NONE',  ( -0.000000000000000000, 0.000000000000000000, 1.000000000000000000 ) ) ;
#3160 = CYLINDRICAL_SURFACE ( 'NONE', #3978, 1.600000000000002309 ) ;
#3161 = DATE_TIME_ROLE ( 'creation_date' ) ;
#3162 = CARTESIAN_POINT ( 'NONE',  ( -51.50000000000000000, 232.7358043845022451, -66.99316369738228616 ) ) ;
#3163 = DIRECTION ( 'NONE',  ( -0.000000000000000000, -0.7071067811865437980, -0.7071067811865512365 ) ) ;
#3164 = DIRECTION ( 'NONE',  ( 1.000000000000000000, 0.000000000000000000, 0.000000000000000000 ) ) ;
#3165 = DIRECTION ( 'NONE',  ( -0.000000000000000000, -0.7071067811865437980, -0.7071067811865512365 ) ) ;
#3166 = EDGE_CURVE ( 'NONE', #243, #310, #1102, .T. ) ;
#3167 = ORIENTED_EDGE ( 'NONE', *, *, #3087, .T. ) ;
#3168 = VERTEX_POINT ( 'NONE', #1171 ) ;
#3169 = DIRECTION ( 'NONE',  ( -0.000000000000000000, 0.7071067811865437980, 0.7071067811865513475 ) ) ;
#3170 = LINE ( 'NONE', #1608, #1940 ) ;
#3171 = DIRECTION ( 'NONE',  ( 1.000000000000000000, 0.000000000000000000, 0.000000000000000000 ) ) ;
#3172 = ORIENTED_EDGE ( 'NONE', *, *, #1816, .F. ) ;
#3173 = CIRCLE ( 'NONE', #3241, 1.249999999999987121 ) ;
#3174 = VECTOR ( 'NONE', #993, 1000.000000000000000 ) ;
#3175 = DIRECTION ( 'NONE',  ( -0.000000000000000000, 0.7071067811865437980, 0.7071067811865513475 ) ) ;
#3176 = AXIS2_PLACEMENT_3D ( 'NONE', #2560, #1, #2538 ) ;
#3177 = AXIS2_PLACEMENT_3D ( 'NONE', #966, #4057, #636 ) ;
#3178 = DESIGN_CONTEXT ( 'detailed design', #992, 'design' ) ;
#3179 = CARTESIAN_POINT ( 'NONE',  ( -113.0000000000000853, 189.0735931288074596, -71.24999999999994316 ) ) ;
#3180 = EDGE_CURVE ( 'NONE', #14, #3446, #2206, .T. ) ;
#3181 = VECTOR ( 'NONE', #121, 1000.000000000000000 ) ;
#3182 = CIRCLE ( 'NONE', #607, 1.250000000000005329 ) ;
#3183 = CARTESIAN_POINT ( 'NONE',  ( 74.50000000000001421, 225.3111831820434645, -63.81118318204284634 ) ) ;
#3184 = CIRCLE ( 'NONE', #3450, 1.249999999999917843 ) ;
#3185 = AXIS2_PLACEMENT_3D ( 'NONE', #1147, #2047, #503 ) ;
#3186 = DIRECTION ( 'NONE',  ( 3.469446951953613794E-15, 1.555753819465285427E-61, 1.000000000000000000 ) ) ;
#3187 = DIRECTION ( 'NONE',  ( 1.000000000000000000, 0.000000000000000000, 0.000000000000000000 ) ) ;
#3188 = CARTESIAN_POINT ( 'NONE',  ( 68.00000000000002842, 230.9680374315358904, -65.22539674441588886 ) ) ;
#3189 = PLANE ( 'NONE',  #2459 ) ;
#3190 = ORIENTED_EDGE ( 'NONE', *, *, #2912, .T. ) ;
#3191 = EDGE_LOOP ( 'NONE', ( #1043, #3936 ) ) ;
#3192 = ORIENTED_EDGE ( 'NONE', *, *, #1648, .F. ) ;
#3193 = LINE ( 'NONE', #2570, #1071 ) ;
#3194 = VECTOR ( 'NONE', #3637, 1000.000000000000000 ) ;
#3195 = DIRECTION ( 'NONE',  ( -1.000000000000000000, -0.000000000000000000, 3.469446951953614189E-15 ) ) ;
#3196 = CARTESIAN_POINT ( 'NONE',  ( 52.00000000000002842, 230.9680374315358904, -65.22539674441588886 ) ) ;
#3197 = VERTEX_POINT ( 'NONE', #2075 ) ;
#3198 = EDGE_CURVE ( 'NONE', #2038, #3856, #2375, .T. ) ;
#3199 = ORIENTED_EDGE ( 'NONE', *, *, #347, .T. ) ;
#3200 = FACE_BOUND ( 'NONE', #202, .T. ) ;
#3201 = CARTESIAN_POINT ( 'NONE',  ( -116.0000000000000711, -114.5000000000000284, -33.00000000000000711 ) ) ;
#3202 = PERSON_AND_ORGANIZATION_ROLE ( 'creator' ) ;
#3203 = EDGE_CURVE ( 'NONE', #676, #391, #571, .T. ) ;
#3204 = ORIENTED_EDGE ( 'NONE', *, *, #29, .T. ) ;
#3205 = CARTESIAN_POINT ( 'NONE',  ( 1.387778780781445676E-14, 120.0000000000000000, 1.402220585023716934E-15 ) ) ;
#3206 = DIRECTION ( 'NONE',  ( 0.000000000000000000, 0.000000000000000000, 1.000000000000000000 ) ) ;
#3207 = ADVANCED_FACE ( 'NONE', ( #1761 ), #2140, .F. ) ;
#3208 = CARTESIAN_POINT ( 'NONE',  ( -115.9999999999999716, 164.7928932188134752, -3.292893218813472522 ) ) ;
#3209 = CARTESIAN_POINT ( 'NONE',  ( -116.0000000000000853, 135.4999999999999432, -34.24999999999992895 ) ) ;
#3210 = ORIENTED_EDGE ( 'NONE', *, *, #32, .T. ) ;
#3211 = EDGE_LOOP ( 'NONE', ( #1708, #1728, #3279, #2477 ) ) ;
#3212 = DIRECTION ( 'NONE',  ( 0.000000000000000000, 0.7071067811865437980, 0.7071067811865513475 ) ) ;
#3213 = LINE ( 'NONE', #388, #2319 ) ;
#3214 = LINE ( 'NONE', #1915, #3387 ) ;
#3215 = DIRECTION ( 'NONE',  ( 0.000000000000000000, 0.7071067811865516806, -0.7071067811865434649 ) ) ;
#3216 = EDGE_LOOP ( 'NONE', ( #1477, #924, #1508, #851 ) ) ;
#3217 = ORIENTED_EDGE ( 'NONE', *, *, #2620, .F. ) ;
#3218 = LINE ( 'NONE', #330, #3638 ) ;
#3219 = EDGE_CURVE ( 'NONE', #3236, #2244, #3346, .T. ) ;
#3220 = ADVANCED_FACE ( 'NONE', ( #3658 ), #2667, .F. ) ;
#3221 = EDGE_LOOP ( 'NONE', ( #3436, #1568 ) ) ;
#3222 = DIRECTION ( 'NONE',  ( -1.000000000000000000, -0.000000000000000000, -0.000000000000000000 ) ) ;
#3223 = DIRECTION ( 'NONE',  ( 1.000000000000000000, -3.562698402898564065E-15, -1.394294057927546322E-15 ) ) ;
#3224 = ORIENTED_EDGE ( 'NONE', *, *, #3521, .T. ) ;
#3225 = CARTESIAN_POINT ( 'NONE',  ( -113.0000000000000711, -134.5000000000000284, -33.00000000000001421 ) ) ;
#3226 = CARTESIAN_POINT ( 'NONE',  ( -115.8958907066732422, 163.6347896875051049, -2.953008462562940473 ) ) ;
#3227 = CARTESIAN_POINT ( 'NONE',  ( -111.9999999999999858, 164.7928932188135036, -3.292893218813465861 ) ) ;
#3228 = DIRECTION ( 'NONE',  ( 0.000000000000000000, 0.7071067811865437980, 0.7071067811865513475 ) ) ;
#3229 = EDGE_LOOP ( 'NONE', ( #1960, #3635 ) ) ;
#3230 = ADVANCED_FACE ( 'NONE', ( #2357 ), #1737, .F. ) ;
#3231 = ORIENTED_EDGE ( 'NONE', *, *, #1286, .F. ) ;
#3232 = CARTESIAN_POINT ( 'NONE',  ( -113.0000000000001137, -164.5000000000000284, -43.00000000000000000 ) ) ;
#3233 = LINE ( 'NONE', #1515, #2601 ) ;
#3234 = FACE_OUTER_BOUND ( 'NONE', #3303, .T. ) ;
#3235 = EDGE_LOOP ( 'NONE', ( #2871, #2393, #1979, #1774 ) ) ;
#3236 = VERTEX_POINT ( 'NONE', #2685 ) ;
#3237 = CARTESIAN_POINT ( 'NONE',  ( 113.0469915374370942, 163.9955870876025017, -0.1041092933268104176 ) ) ;
#3238 = VECTOR ( 'NONE', #3122, 1000.000000000000000 ) ;
#3239 = ORIENTED_EDGE ( 'NONE', *, *, #3258, .T. ) ;
#3240 = ORIENTED_EDGE ( 'NONE', *, *, #3, .F. ) ;
#3241 = AXIS2_PLACEMENT_3D ( 'NONE', #2702, #1304, #3819 ) ;
#3242 = AXIS2_PLACEMENT_3D ( 'NONE', #989, #3482, #3171 ) ;
#3243 = DIRECTION ( 'NONE',  ( 0.000000000000000000, 0.000000000000000000, 1.000000000000000000 ) ) ;
#3244 = VECTOR ( 'NONE', #1016, 1000.000000000000000 ) ;
#3245 = AXIS2_PLACEMENT_3D ( 'NONE', #306, #3460, #1564 ) ;
#3246 = EDGE_LOOP ( 'NONE', ( #1653, #3190, #1023, #2312 ) ) ;
#3247 = DIRECTION ( 'NONE',  ( 0.000000000000000000, 0.7071067811865496822, -0.7071067811865453523 ) ) ;
#3248 = CIRCLE ( 'NONE', #2000, 1.250000000000001110 ) ;
#3249 = CARTESIAN_POINT ( 'NONE',  ( -78.75000000000000000, 0.000000000000000000, 1.402220585023716934E-15 ) ) ;
#3250 = DIRECTION ( 'NONE',  ( -0.000000000000000000, 0.7071067811865437980, 0.7071067811865513475 ) ) ;
#3251 = CIRCLE ( 'NONE', #1080, 1.600000000000002309 ) ;
#3252 = ORIENTED_EDGE ( 'NONE', *, *, #3898, .T. ) ;
#3253 = DIRECTION ( 'NONE',  ( 1.000000000000000000, 0.000000000000000000, 2.385244779468107783E-15 ) ) ;
#3254 = CARTESIAN_POINT ( 'NONE',  ( -116.0000000000000853, 135.4999999999999432, -31.75000000000003553 ) ) ;
#3255 = CARTESIAN_POINT ( 'NONE',  ( 112.9999999999999858, 164.5898094203544417, -4.133782737881024794 ) ) ;
#3256 = DIRECTION ( 'NONE',  ( 1.000000000000000000, 0.000000000000000000, 0.000000000000000000 ) ) ;
#3257 = VECTOR ( 'NONE', #2641, 1000.000000000000000 ) ;
#3258 = EDGE_CURVE ( 'NONE', #914, #2878, #3942, .T. ) ;
#3259 = ORIENTED_EDGE ( 'NONE', *, *, #725, .T. ) ;
#3260 = AXIS2_PLACEMENT_3D ( 'NONE', #1422, #3931, #1724 ) ;
#3261 = DIRECTION ( 'NONE',  ( -1.000000000000000000, -0.000000000000000000, 3.469446951953614189E-15 ) ) ;
#3262 = AXIS2_PLACEMENT_3D ( 'NONE', #1497, #2771, #1126 ) ;
#3263 = ORIENTED_EDGE ( 'NONE', *, *, #1042, .T. ) ;
#3264 = LINE ( 'NONE', #1350, #2329 ) ;
#3265 = CARTESIAN_POINT ( 'NONE',  ( 116.0000000000004547, 135.4999999999999432, -33.00000000000081002 ) ) ;
#3266 = EDGE_CURVE ( 'NONE', #2376, #676, #3720, .T. ) ;
#3267 = EDGE_LOOP ( 'NONE', ( #1318, #1841, #2281, #582 ) ) ;
#3268 = DIRECTION ( 'NONE',  ( 0.000000000000000000, 0.000000000000000000, 1.000000000000000000 ) ) ;
#3269 = ADVANCED_FACE ( 'NONE', ( #590, #2464 ), #3854, .F. ) ;
#3270 = CARTESIAN_POINT ( 'NONE',  ( -51.49999999999999289, 222.1292026667040034, -56.38656197958409422 ) ) ;
#3271 = LINE ( 'NONE', #3209, #1872 ) ;
#3272 = ADVANCED_FACE ( 'NONE', ( #3723 ), #1340, .F. ) ;
#3273 = ORIENTED_EDGE ( 'NONE', *, *, #1881, .F. ) ;
#3274 = LINE ( 'NONE', #738, #1405 ) ;
#3275 = DIRECTION ( 'NONE',  ( -0.000000000000000000, 0.7071067811865437980, 0.7071067811865513475 ) ) ;
#3276 = ORIENTED_EDGE ( 'NONE', *, *, #171, .T. ) ;
#3277 = CARTESIAN_POINT ( 'NONE',  ( 112.5276202007369619, 164.0406786831196086, 0.02999999999992492353 ) ) ;
#3278 = ORIENTED_EDGE ( 'NONE', *, *, #2773, .T. ) ;
#3279 = ORIENTED_EDGE ( 'NONE', *, *, #1060, .T. ) ;
#3280 = CARTESIAN_POINT ( 'NONE',  ( -79.99999999999998579, 120.0000000000000000, 1.402220585023716934E-15 ) ) ;
#3281 = EDGE_CURVE ( 'NONE', #734, #2446, #3426, .T. ) ;
#3282 = LINE ( 'NONE', #1966, #890 ) ;
#3283 = ORIENTED_EDGE ( 'NONE', *, *, #2626, .F. ) ;
#3284 = CARTESIAN_POINT ( 'NONE',  ( -28.00000000000000000, 220.3614357137376771, -68.76093065034868346 ) ) ;
#3285 = LINE ( 'NONE', #1106, #2214 ) ;
#3286 = DIRECTION ( 'NONE',  ( 1.000000000000000000, -5.414975985184640395E-31, -3.391901413832836801E-15 ) ) ;
#3287 = CARTESIAN_POINT ( 'NONE',  ( 11.99999999999997868, 223.8969696196703580, -58.15432893255047020 ) ) ;
#3288 = ORIENTED_EDGE ( 'NONE', *, *, #1021, .T. ) ;
#3289 = CARTESIAN_POINT ( 'NONE',  ( 111.9999999999999574, 164.7928932188135036, -3.292893218813500056 ) ) ;
#3290 = LINE ( 'NONE', #2367, #3455 ) ;
#3291 = EDGE_CURVE ( 'NONE', #3564, #2885, #3104, .T. ) ;
#3292 = ORIENTED_EDGE ( 'NONE', *, *, #3143, .F. ) ;
#3293 = ORIENTED_EDGE ( 'NONE', *, *, #1814, .T. ) ;
#3294 = VERTEX_POINT ( 'NONE', #2160 ) ;
#3295 = CARTESIAN_POINT ( 'NONE',  ( -79.99999999999998579, 120.0000000000000000, 0.000000000000000000 ) ) ;
#3296 = VERTEX_POINT ( 'NONE', #3411 ) ;
#3297 = DIRECTION ( 'NONE',  ( -0.000000000000000000, -0.000000000000000000, 1.000000000000000000 ) ) ;
#3298 = FACE_BOUND ( 'NONE', #2621, .T. ) ;
#3299 = VECTOR ( 'NONE', #1811, 1000.000000000000000 ) ;
#3300 = EDGE_CURVE ( 'NONE', #1402, #2482, #2598, .T. ) ;
#3301 = VECTOR ( 'NONE', #1111, 1000.000000000000114 ) ;
#3302 = VECTOR ( 'NONE', #4005, 1000.000000000000000 ) ;
#3303 = EDGE_LOOP ( 'NONE', ( #2923, #1468, #2635, #601 ) ) ;
#3304 = CARTESIAN_POINT ( 'NONE',  ( -112.8737863883542474, 163.7249890375294683, -3.496381019629131615 ) ) ;
#3305 = CARTESIAN_POINT ( 'NONE',  ( -115.5213591450677484, 165.7760416823729486, -2.819989331740803795 ) ) ;
#3306 = CARTESIAN_POINT ( 'NONE',  ( 115.9999999999999716, 164.0857864376269220, -4.000000000000023981 ) ) ;
#3307 = DIRECTION ( 'NONE',  ( 1.000000000000000000, -2.793261385626813401E-31, -3.469446951953613794E-15 ) ) ;
#3308 = CIRCLE ( 'NONE', #3570, 1.249999999999978906 ) ;
#3309 = DIRECTION ( 'NONE',  ( 0.000000000000000000, -0.7071067811865503483, 0.7071067811865446862 ) ) ;
#3310 = ORIENTED_EDGE ( 'NONE', *, *, #3300, .T. ) ;
#3311 = VECTOR ( 'NONE', #3331, 1000.000000000000000 ) ;
#3312 = DIRECTION ( 'NONE',  ( 0.000000000000000000, -0.7071067811865512365, 0.7071067811865439090 ) ) ;
#3313 = LINE ( 'NONE', #1051, #1279 ) ;
#3314 = CIRCLE ( 'NONE', #154, 1.249999999999973355 ) ;
#3315 = EDGE_LOOP ( 'NONE', ( #3642, #521, #2902, #1284 ) ) ;
#3316 = ORIENTED_EDGE ( 'NONE', *, *, #2216, .F. ) ;
#3317 = EDGE_LOOP ( 'NONE', ( #4020, #536 ) ) ;
#3318 = FACE_OUTER_BOUND ( 'NONE', #1821, .T. ) ;
#3319 = AXIS2_PLACEMENT_3D ( 'NONE', #4026, #1847, #1228 ) ;
#3320 = EDGE_CURVE ( 'NONE', #2190, #951, #821, .T. ) ;
#3321 = CARTESIAN_POINT ( 'NONE',  ( -12.00000000000000000, 221.2453191902208687, -69.64481412683187500 ) ) ;
#3322 = VECTOR ( 'NONE', #1113, 1000.000000000000000 ) ;
#3323 = CARTESIAN_POINT ( 'NONE',  ( -111.9999999999999858, 253.5954544295054234, -92.09545442950459915 ) ) ;
#3324 = CARTESIAN_POINT ( 'NONE',  ( 115.9999999999999716, 164.0857864376269220, -3.000000000000026645 ) ) ;
#3325 = AXIS2_PLACEMENT_3D ( 'NONE', #648, #2487, #2236 ) ;
#3326 = ADVANCED_FACE ( 'NONE', ( #660 ), #2597, .F. ) ;
#3327 = ORIENTED_EDGE ( 'NONE', *, *, #2470, .T. ) ;
#3328 = CARTESIAN_POINT ( 'NONE',  ( -112.2617478843592664, 163.9955870876025301, -3.026027323331708541 ) ) ;
#3329 = DIRECTION ( 'NONE',  ( 0.000000000000000000, 0.000000000000000000, -1.000000000000000000 ) ) ;
#3330 = CARTESIAN_POINT ( 'NONE',  ( 113.0000000000001279, -114.5000000000000284, -33.00000000000081002 ) ) ;
#3331 = DIRECTION ( 'NONE',  ( -1.000000000000000000, -0.000000000000000000, 3.469446951953614189E-15 ) ) ;
#3332 = LINE ( 'NONE', #2381, #2581 ) ;
#3333 = EDGE_LOOP ( 'NONE', ( #1586, #3199, #3381, #1791 ) ) ;
#3334 = EDGE_CURVE ( 'NONE', #3296, #1440, #3214, .T. ) ;
#3335 = DIRECTION ( 'NONE',  ( -0.000000000000000000, -0.000000000000000000, 1.000000000000000000 ) ) ;
#3336 = DIRECTION ( 'NONE',  ( 1.000000000000000000, 0.000000000000000000, 0.000000000000000000 ) ) ;
#3337 = CARTESIAN_POINT ( 'NONE',  ( 111.9999999999999574, 164.7928932188135036, -3.292893218813473410 ) ) ;
#3338 = ORIENTED_EDGE ( 'NONE', *, *, #329, .F. ) ;
#3339 = ORIENTED_EDGE ( 'NONE', *, *, #1372, .F. ) ;
#3340 = VERTEX_POINT ( 'NONE', #275 ) ;
#3341 = CARTESIAN_POINT ( 'NONE',  ( 114.0144759214835801, 163.9053877375781383, -0.5048544465830292483 ) ) ;
#3342 = DIRECTION ( 'NONE',  ( -2.111744996378412467E-16, 1.000000000000000000, 4.223489992756845888E-17 ) ) ;
#3343 = ORIENTED_EDGE ( 'NONE', *, *, #857, .T. ) ;
#3344 = EDGE_CURVE ( 'NONE', #3842, #3856, #3909, .T. ) ;
#3345 = CARTESIAN_POINT ( 'NONE',  ( 116.0000000000004547, 135.4999999999999432, -34.25000000000067502 ) ) ;
#3346 = LINE ( 'NONE', #196, #3983 ) ;
#3347 = ORIENTED_EDGE ( 'NONE', *, *, #2216, .T. ) ;
#3348 = DIRECTION ( 'NONE',  ( -3.469446951953613400E-15, 0.000000000000000000, 1.000000000000000000 ) ) ;
#3349 = CARTESIAN_POINT ( 'NONE',  ( -28.00000000000000000, 226.1950666585266561, -64.69506665852603078 ) ) ;
#3350 = CARTESIAN_POINT ( 'NONE',  ( -46.50000000000000000, 227.4325035256031242, -61.68986283848317242 ) ) ;
#3351 = CARTESIAN_POINT ( 'NONE',  ( 52.00000000000003553, 223.8969696196703580, -58.15432893255047020 ) ) ;
#3352 = VERTEX_POINT ( 'NONE', #389 ) ;
#3353 = CARTESIAN_POINT ( 'NONE',  ( 81.24999999999998579, -120.0000000000000000, 0.000000000000000000 ) ) ;
#3354 = CARTESIAN_POINT ( 'NONE',  ( 45.50000000000000000, 226.4425540319419383, -64.94255403194131304 ) ) ;
#3355 = CARTESIAN_POINT ( 'NONE',  ( 115.8958907066732280, 165.1450241138979038, -3.578568044337588017 ) ) ;
#3356 = EDGE_CURVE ( 'NONE', #120, #94, #3170, .T. ) ;
#3357 = VERTEX_POINT ( 'NONE', #2864 ) ;
#3358 = ORIENTED_EDGE ( 'NONE', *, *, #3428, .F. ) ;
#3359 = ORIENTED_EDGE ( 'NONE', *, *, #2942, .T. ) ;
#3360 = CARTESIAN_POINT ( 'NONE',  ( -79.99999999999998579, -120.0000000000000000, 1.402220585023716934E-15 ) ) ;
#3361 = CARTESIAN_POINT ( 'NONE',  ( 115.9999999999999574, 164.0857864376268935, -4.000000000000021316 ) ) ;
#3362 = ORIENTED_EDGE ( 'NONE', *, *, #2355, .T. ) ;
#3363 = FACE_OUTER_BOUND ( 'NONE', #1733, .T. ) ;
#3364 = DIRECTION ( 'NONE',  ( -0.000000000000000000, 0.000000000000000000, 1.000000000000000000 ) ) ;
#3365 = DIRECTION ( 'NONE',  ( 0.000000000000000000, 0.000000000000000000, -1.000000000000000000 ) ) ;
#3366 = ORIENTED_EDGE ( 'NONE', *, *, #1029, .F. ) ;
#3367 = CARTESIAN_POINT ( 'NONE',  ( -112.9696999999999747, 163.5896972729192669, -3.873046203617909189 ) ) ;
#3368 = DIRECTION ( 'NONE',  ( 0.000000000000000000, -0.7071067811865517916, 0.7071067811865433539 ) ) ;
#3369 = DIRECTION ( 'NONE',  ( 0.000000000000000000, 0.000000000000000000, 1.000000000000000000 ) ) ;
#3370 = DIRECTION ( 'NONE',  ( 0.000000000000000000, -0.7071067811865507924, 0.7071067811865441310 ) ) ;
#3371 = EDGE_CURVE ( 'NONE', #3856, #3495, #2899, .T. ) ;
#3372 = AXIS2_PLACEMENT_3D ( 'NONE', #1892, #303, #3781 ) ;
#3373 = ORIENTED_EDGE ( 'NONE', *, *, #3572, .T. ) ;
#3374 = CARTESIAN_POINT ( 'NONE',  ( 113.0000000000000568, 189.0735931288074596, -68.75000000000088107 ) ) ;
#3375 = CIRCLE ( 'NONE', #3440, 1.249999999999978906 ) ;
#3376 = CARTESIAN_POINT ( 'NONE',  ( 11.99999999999997868, 230.9680374315358904, -65.22539674441588886 ) ) ;
#3377 = CARTESIAN_POINT ( 'NONE',  ( 112.9999999999999574, 164.5291494230805256, -4.258213027953693164 ) ) ;
#3378 = EDGE_LOOP ( 'NONE', ( #700, #1237, #1524, #2226 ) ) ;
#3379 = VECTOR ( 'NONE', #1112, 1000.000000000000000 ) ;
#3380 = AXIS2_PLACEMENT_3D ( 'NONE', #3749, #3801, #2527 ) ;
#3381 = ORIENTED_EDGE ( 'NONE', *, *, #300, .T. ) ;
#3382 = CARTESIAN_POINT ( 'NONE',  ( 112.9696999999999747, 163.5445903374807131, -4.000000000000031086 ) ) ;
#3383 = EDGE_CURVE ( 'NONE', #232, #1036, #2467, .T. ) ;
#3384 = AXIS2_PLACEMENT_3D ( 'NONE', #1575, #2217, #2794 ) ;
#3385 = EDGE_LOOP ( 'NONE', ( #2889, #1420, #973, #1198 ) ) ;
#3386 = ORIENTED_EDGE ( 'NONE', *, *, #2780, .T. ) ;
#3387 = VECTOR ( 'NONE', #4047, 1000.000000000000000 ) ;
#3388 = LINE ( 'NONE', #1514, #1473 ) ;
#3389 = ADVANCED_FACE ( 'NONE', ( #371 ), #2270, .T. ) ;
#3390 = CARTESIAN_POINT ( 'NONE',  ( 90.00000000000000000, 227.4325035256030674, -61.68986283848314400 ) ) ;
#3391 = AXIS2_PLACEMENT_3D ( 'NONE', #927, #1817, #3336 ) ;
#3392 = AXIS2_PLACEMENT_3D ( 'NONE', #3433, #2204, #3459 ) ;
#3393 = EDGE_CURVE ( 'NONE', #1897, #3035, #691, .T. ) ;
#3394 = DIRECTION ( 'NONE',  ( 1.000000000000000000, 0.000000000000000000, 0.000000000000000000 ) ) ;
#3395 = LINE ( 'NONE', #3414, #433 ) ;
#3396 = CARTESIAN_POINT ( 'NONE',  ( 115.9999999999999716, 164.0857864376269220, -4.000000000000023981 ) ) ;
#3397 = CARTESIAN_POINT ( 'NONE',  ( 116.0000000000001137, 148.3141409374415502, -43.38268343236524771 ) ) ;
#3398 = ORIENTED_EDGE ( 'NONE', *, *, #1625, .T. ) ;
#3399 = EDGE_CURVE ( 'NONE', #3670, #1835, #3233, .T. ) ;
#3400 = DIRECTION ( 'NONE',  ( -1.000000000000000000, -0.000000000000000000, -0.000000000000000000 ) ) ;
#3401 = ADVANCED_FACE ( 'NONE', ( #2768 ), #3952, .T. ) ;
#3402 = DIRECTION ( 'NONE',  ( -0.000000000000000000, 0.7071067811865437980, 0.7071067811865513475 ) ) ;
#3403 = CARTESIAN_POINT ( 'NONE',  ( 111.9999999999999574, 164.7714678833435471, -3.314318554283425922 ) ) ;
#3404 = EDGE_LOOP ( 'NONE', ( #849, #143, #2983, #4044 ) ) ;
#3405 = VERTEX_POINT ( 'NONE', #3646 ) ;
#3406 = EDGE_LOOP ( 'NONE', ( #1974, #1973 ) ) ;
#3407 = CARTESIAN_POINT ( 'NONE',  ( 116.0000000000004547, 135.4999999999999432, -31.75000000000095213 ) ) ;
#3408 = DIRECTION ( 'NONE',  ( 0.000000000000000000, 0.7071067811865441310, 0.7071067811865510144 ) ) ;
#3409 = EDGE_LOOP ( 'NONE', ( #3115, #1110, #173, #3649 ) ) ;
#3410 = DIRECTION ( 'NONE',  ( 1.000000000000000000, 0.000000000000000000, 0.000000000000000000 ) ) ;
#3411 = CARTESIAN_POINT ( 'NONE',  ( -51.50000000000000000, 230.6144840409426138, -69.11448404094193165 ) ) ;
#3412 = ADVANCED_FACE ( 'NONE', ( #1363 ), #2019, .T. ) ;
#3413 = LINE ( 'NONE', #3882, #2141 ) ;
#3414 = CARTESIAN_POINT ( 'NONE',  ( 116.0000000000004690, 101.6808262504636389, -155.9654642080817553 ) ) ;
#3415 = CARTESIAN_POINT ( 'NONE',  ( -115.9999999999999716, 164.7928932188134752, -3.292893218813472522 ) ) ;
#3416 = DIRECTION ( 'NONE',  ( -0.000000000000000000, 0.7071067811865437980, 0.7071067811865513475 ) ) ;
#3417 = CARTESIAN_POINT ( 'NONE',  ( 115.9999999999999716, 164.7928932188134752, -3.292893218813486289 ) ) ;
#3418 = CARTESIAN_POINT ( 'NONE',  ( 112.5219866587632396, 164.8442472756482573, -3.496661450222148915 ) ) ;
#3419 = CARTESIAN_POINT ( 'NONE',  ( 112.5276202007370188, 166.9673227649049068, -1.182255670914431844 ) ) ;
#3420 = ORIENTED_EDGE ( 'NONE', *, *, #1391, .F. ) ;
#3421 = EDGE_LOOP ( 'NONE', ( #516, #3544 ) ) ;
#3422 = EDGE_CURVE ( 'NONE', #2313, #2623, #2331, .T. ) ;
#3423 = CARTESIAN_POINT ( 'NONE',  ( 112.1309207904846659, 164.0406794940787449, -3.000000000000080824 ) ) ;
#3424 = EDGE_LOOP ( 'NONE', ( #3602, #990 ) ) ;
#3425 = DIRECTION ( 'NONE',  ( 0.000000000000000000, 0.7071067811865519026, -0.7071067811865431318 ) ) ;
#3426 = LINE ( 'NONE', #3497, #1020 ) ;
#3427 = DIRECTION ( 'NONE',  ( -1.000000000000000000, -0.000000000000000000, 3.469446951953614189E-15 ) ) ;
#3428 = EDGE_CURVE ( 'NONE', #2820, #2351, #2618, .T. ) ;
#3429 = LINE ( 'NONE', #1260, #814 ) ;
#3430 = B_SPLINE_CURVE_WITH_KNOTS ( 'NONE', 3,
 ( #1453, #548, #3944, #1125, #3001, #1173, #3967, #2466, #180, #1808 ),
 .UNSPECIFIED., .F., .F.,
 ( 4, 2, 2, 2, 4 ),
 ( 0.000000000000000000, 0.2500000000000000000, 0.5000000000000000000, 0.7500000000000000000, 1.000000000000000000 ),
 .UNSPECIFIED. ) ;
#3431 = DIRECTION ( 'NONE',  ( 0.000000000000000000, 0.000000000000000000, -1.000000000000000000 ) ) ;
#3432 = CARTESIAN_POINT ( 'NONE',  ( -113.0000000000000284, 164.5898094203543565, -4.133782737881033675 ) ) ;
#3433 = CARTESIAN_POINT ( 'NONE',  ( -73.50000000000000000, 220.3614357137376771, -68.76093065034868346 ) ) ;
#3434 = CARTESIAN_POINT ( 'NONE',  ( -115.1986673695928403, 166.0472190520406457, -2.485031390012227170 ) ) ;
#3435 = CIRCLE ( 'NONE', #90, 1.249999999999924727 ) ;
#3436 = ORIENTED_EDGE ( 'NONE', *, *, #3808, .F. ) ;
#3437 = ORIENTED_EDGE ( 'NONE', *, *, #4003, .F. ) ;
#3438 = VERTEX_POINT ( 'NONE', #2925 ) ;
#3439 = VECTOR ( 'NONE', #1906, 1000.000000000000000 ) ;
#3440 = AXIS2_PLACEMENT_3D ( 'NONE', #3663, #2691, #843 ) ;
#3441 = DIRECTION ( 'NONE',  ( 0.000000000000000000, -0.7071067811865507924, 0.7071067811865441310 ) ) ;
#3442 = EDGE_CURVE ( 'NONE', #1636, #3520, #1068, .T. ) ;
#3443 = AXIS2_PLACEMENT_3D ( 'NONE', #1117, #474, #804 ) ;
#3444 = CYLINDRICAL_SURFACE ( 'NONE', #2386, 1.249999999999917843 ) ;
#3445 = AXIS2_PLACEMENT_3D ( 'NONE', #2567, #3822, #1001 ) ;
#3446 = VERTEX_POINT ( 'NONE', #1379 ) ;
#3447 = CARTESIAN_POINT ( 'NONE',  ( -112.0000000000000284, 164.0857864376268935, -1.994931997373328159E-14 ) ) ;
#3448 = AXIS2_PLACEMENT_3D ( 'NONE', #2018, #3312, #3930 ) ;
#3449 = EDGE_CURVE ( 'NONE', #1826, #2734, #3290, .T. ) ;
#3450 = AXIS2_PLACEMENT_3D ( 'NONE', #4, #3757, #1869 ) ;
#3451 = CARTESIAN_POINT ( 'NONE',  ( 74.50000000000001421, 227.4325035256031242, -61.68986283848317242 ) ) ;
#3452 = AXIS2_PLACEMENT_3D ( 'NONE', #1432, #3364, #2423 ) ;
#3453 = DIRECTION ( 'NONE',  ( 0.000000000000000000, 0.7071067811865474617, -0.7071067811865474617 ) ) ;
#3454 = DIRECTION ( 'NONE',  ( 0.000000000000000000, 0.7071067811865516806, -0.7071067811865434649 ) ) ;
#3455 = VECTOR ( 'NONE', #2633, 1000.000000000000000 ) ;
#3456 = ORIENTED_EDGE ( 'NONE', *, *, #3502, .F. ) ;
#3457 = LINE ( 'NONE', #364, #12 ) ;
#3458 = CYLINDRICAL_SURFACE ( 'NONE', #551, 1.249999999999978906 ) ;
#3459 = DIRECTION ( 'NONE',  ( 0.000000000000000000, -0.7071067811865474617, 0.7071067811865474617 ) ) ;
#3460 = DIRECTION ( 'NONE',  ( 4.139892225045122745E-15, 0.7071067811865513475, -0.7071067811865437980 ) ) ;
#3461 = CC_DESIGN_SECURITY_CLASSIFICATION ( #105, ( #2011 ) ) ;
#3462 = EDGE_LOOP ( 'NONE', ( #63, #605, #138, #3818 ) ) ;
#3463 = EDGE_LOOP ( 'NONE', ( #3366, #2064, #931, #2805 ) ) ;
#3464 = EDGE_CURVE ( 'NONE', #418, #3152, #106, .T. ) ;
#3465 = EDGE_LOOP ( 'NONE', ( #2231, #498, #2022, #3358 ) ) ;
#3466 = FACE_BOUND ( 'NONE', #1550, .T. ) ;
#3467 = DIRECTION ( 'NONE',  ( 0.000000000000000000, 0.7071067811865437980, 0.7071067811865513475 ) ) ;
#3468 = ORIENTED_EDGE ( 'NONE', *, *, #1277, .F. ) ;
#3469 = FACE_OUTER_BOUND ( 'NONE', #2207, .T. ) ;
#3470 = CARTESIAN_POINT ( 'NONE',  ( 11.99999999999997868, 216.8259018078049110, -65.22539674441598834 ) ) ;
#3471 = FACE_OUTER_BOUND ( 'NONE', #3333, .T. ) ;
#3472 = EDGE_CURVE ( 'NONE', #3842, #2878, #1753, .T. ) ;
#3473 = CARTESIAN_POINT ( 'NONE',  ( -115.9999999999999858, 164.4684698699919920, -4.382683432365125142 ) ) ;
#3474 = CYLINDRICAL_SURFACE ( 'NONE', #1934, 1.249999999999978906 ) ;
#3475 = FACE_OUTER_BOUND ( 'NONE', #1581, .T. ) ;
#3476 = CARTESIAN_POINT ( 'NONE',  ( 115.9999999999999716, 164.0857864376269220, -4.000000000000023981 ) ) ;
#3477 = ORIENTED_EDGE ( 'NONE', *, *, #100, .F. ) ;
#3478 = EDGE_LOOP ( 'NONE', ( #1882, #2674, #3252, #493 ) ) ;
#3479 = ORIENTED_EDGE ( 'NONE', *, *, #1732, .T. ) ;
#3480 = ORIENTED_EDGE ( 'NONE', *, *, #613, .T. ) ;
#3481 = CYLINDRICAL_SURFACE ( 'NONE', #2516, 1.000000000000000888 ) ;
#3482 = DIRECTION ( 'NONE',  ( -0.000000000000000000, -0.000000000000000000, 1.000000000000000000 ) ) ;
#3483 = ORIENTED_EDGE ( 'NONE', *, *, #2001, .F. ) ;
#3484 = CARTESIAN_POINT ( 'NONE',  ( -116.0000000000002274, 189.0735931288074596, -70.00000000000000000 ) ) ;
#3485 = DIRECTION ( 'NONE',  ( 0.000000000000000000, 0.7071067811865509034, -0.7071067811865442421 ) ) ;
#3486 = CARTESIAN_POINT ( 'NONE',  ( 112.0000000000000284, 164.0857864376268935, -3.000000000000082601 ) ) ;
#3487 = FACE_OUTER_BOUND ( 'NONE', #4058, .T. ) ;
#3488 = FACE_OUTER_BOUND ( 'NONE', #1820, .T. ) ;
#3489 = DIRECTION ( 'NONE',  ( -0.000000000000000000, -0.7071067811865507924, 0.7071067811865442421 ) ) ;
#3490 = CARTESIAN_POINT ( 'NONE',  ( -115.9999999999999716, 164.0857864376269220, -3.000000000000026645 ) ) ;
#3491 = CARTESIAN_POINT ( 'NONE',  ( -114.4581868798997704, 166.5070372555781830, -1.897652042353031199 ) ) ;
#3492 = EDGE_CURVE ( 'NONE', #3979, #2662, #764, .T. ) ;
#3493 = ORIENTED_EDGE ( 'NONE', *, *, #909, .F. ) ;
#3494 = VERTEX_POINT ( 'NONE', #2087 ) ;
#3495 = VERTEX_POINT ( 'NONE', #450 ) ;
#3496 = CARTESIAN_POINT ( 'NONE',  ( -90.00000000000000000, 229.6952452254000150, -63.95260453828007030 ) ) ;
#3497 = CARTESIAN_POINT ( 'NONE',  ( 90.00000000000000000, 218.0986940139406727, -66.49818895055172163 ) ) ;
#3498 = ORIENTED_EDGE ( 'NONE', *, *, #637, .F. ) ;
#3499 = VECTOR ( 'NONE', #855, 1000.000000000000000 ) ;
#3500 = ORIENTED_EDGE ( 'NONE', *, *, #2535, .T. ) ;
#3501 = CIRCLE ( 'NONE', #343, 4.000000000000005329 ) ;
#3502 = EDGE_CURVE ( 'NONE', #2841, #1786, #2929, .T. ) ;
#3503 = CARTESIAN_POINT ( 'NONE',  ( -115.9999999999999858, 163.5896900124928663, -3.476401224401765688 ) ) ;
#3504 = AXIS2_PLACEMENT_3D ( 'NONE', #3076, #256, #2764 ) ;
#3505 = AXIS2_PLACEMENT_3D ( 'NONE', #3784, #3576, #2306 ) ;
#3506 = VECTOR ( 'NONE', #387, 1000.000000000000000 ) ;
#3507 = AXIS2_PLACEMENT_3D ( 'NONE', #1191, #508, #1833 ) ;
#3508 = EDGE_CURVE ( 'NONE', #3296, #252, #1442, .T. ) ;
#3509 = CARTESIAN_POINT ( 'NONE',  ( -79.99999999999998579, -120.0000000000000000, -3.000000000000000000 ) ) ;
#3510 = EDGE_CURVE ( 'NONE', #3738, #197, #3891, .T. ) ;
#3511 = ORIENTED_EDGE ( 'NONE', *, *, #2665, .T. ) ;
#3512 = CIRCLE ( 'NONE', #3185, 1.599999999999992317 ) ;
#3513 = CARTESIAN_POINT ( 'NONE',  ( 115.9999999999999574, 163.5445903374807131, -4.000000000000021316 ) ) ;
#3514 = CARTESIAN_POINT ( 'NONE',  ( 0.000000000000000000, 0.000000000000000000, 0.000000000000000000 ) ) ;
#3515 = FACE_OUTER_BOUND ( 'NONE', #3216, .T. ) ;
#3516 = CARTESIAN_POINT ( 'NONE',  ( -116.0000000000000853, 135.4999999999999432, -34.24999999999997868 ) ) ;
#3517 = ORIENTED_EDGE ( 'NONE', *, *, #2965, .T. ) ;
#3518 = AXIS2_PLACEMENT_3D ( 'NONE', #3783, #2222, #2893 ) ;
#3519 = EDGE_CURVE ( 'NONE', #3057, #1157, #1399, .T. ) ;
#3520 = VERTEX_POINT ( 'NONE', #2036 ) ;
#3521 = EDGE_CURVE ( 'NONE', #1967, #3788, #799, .T. ) ;
#3522 = DIRECTION ( 'NONE',  ( 0.000000000000000000, -0.7071067811865439090, -0.7071067811865512365 ) ) ;
#3523 = AXIS2_PLACEMENT_3D ( 'NONE', #3486, #1243, #49 ) ;
#3524 = CARTESIAN_POINT ( 'NONE',  ( 80.00000000000001421, -120.0000000000000000, 1.402220585023716934E-15 ) ) ;
#3525 = DIRECTION ( 'NONE',  ( -1.000000000000000000, -0.000000000000000000, 3.469446951953614189E-15 ) ) ;
#3526 = ORIENTED_EDGE ( 'NONE', *, *, #2733, .F. ) ;
#3527 = ORIENTED_EDGE ( 'NONE', *, *, #2901, .T. ) ;
#3528 = FACE_BOUND ( 'NONE', #112, .T. ) ;
#3529 = EDGE_LOOP ( 'NONE', ( #2091, #3736, #2152, #2728 ) ) ;
#3530 = CARTESIAN_POINT ( 'NONE',  ( -116.0000000000001137, 52.46572875253733770, 52.46572875253791324 ) ) ;
#3531 = LINE ( 'NONE', #710, #1878 ) ;
#3532 = EDGE_CURVE ( 'NONE', #3564, #160, #3313, .T. ) ;
#3533 = EDGE_LOOP ( 'NONE', ( #2975, #3735, #2352, #2993 ) ) ;
#3534 = CARTESIAN_POINT ( 'NONE',  ( -1.249999999999965139, 120.0000000000000000, -3.000000000000000000 ) ) ;
#3535 = FACE_OUTER_BOUND ( 'NONE', #438, .T. ) ;
#3536 = CARTESIAN_POINT ( 'NONE',  ( -112.1269537963820397, 164.8033633032706291, -3.346213974210536346 ) ) ;
#3537 = CARTESIAN_POINT ( 'NONE',  ( 81.24999999999998579, 120.0000000000000000, 0.000000000000000000 ) ) ;
#3538 = VERTEX_POINT ( 'NONE', #1132 ) ;
#3539 = ORIENTED_EDGE ( 'NONE', *, *, #1772, .T. ) ;
#3540 = CARTESIAN_POINT ( 'NONE',  ( 111.9999999999999574, 164.0857864376269504, -4.000000000000031086 ) ) ;
#3541 = DIRECTION ( 'NONE',  ( 0.000000000000000000, 0.000000000000000000, 1.000000000000000000 ) ) ;
#3542 = FACE_BOUND ( 'NONE', #2558, .T. ) ;
#3543 = DIRECTION ( 'NONE',  ( -0.000000000000000000, 0.7071067811865437980, 0.7071067811865513475 ) ) ;
#3544 = ORIENTED_EDGE ( 'NONE', *, *, #2419, .F. ) ;
#3545 = VERTEX_POINT ( 'NONE', #2310 ) ;
#3546 = CARTESIAN_POINT ( 'NONE',  ( -114.4581868798996851, 163.8602880625659566, -0.8013326304073307149 ) ) ;
#3547 = ORIENTED_EDGE ( 'NONE', *, *, #1408, .F. ) ;
#3548 = EDGE_LOOP ( 'NONE', ( #3934, #1781 ) ) ;
#3549 = CARTESIAN_POINT ( 'NONE',  ( -115.9999999999999716, -164.5000000000000284, -2.999999999999989342 ) ) ;
#3550 = LINE ( 'NONE', #994, #3843 ) ;
#3551 = ORIENTED_EDGE ( 'NONE', *, *, #2484, .T. ) ;
#3552 = ADVANCED_FACE ( 'NONE', ( #2387 ), #409, .F. ) ;
#3553 = CARTESIAN_POINT ( 'NONE',  ( -115.9999999999999716, 163.5445903374807415, -4.000000000000062172 ) ) ;
#3554 = CARTESIAN_POINT ( 'NONE',  ( -112.6145467199749248, 164.8106877147288571, -3.594001583202359296 ) ) ;
#3555 = CYLINDRICAL_SURFACE ( 'NONE', #2711, 11.50000000000000355 ) ;
#3556 = ORIENTED_EDGE ( 'NONE', *, *, #1619, .T. ) ;
#3557 = ORIENTED_EDGE ( 'NONE', *, *, #1286, .T. ) ;
#3558 = LINE ( 'NONE', #2034, #1671 ) ;
#3559 = DIRECTION ( 'NONE',  ( -0.000000000000000000, 0.7071067811865437980, 0.7071067811865513475 ) ) ;
#3560 = ORIENTED_EDGE ( 'NONE', *, *, #1204, .F. ) ;
#3561 = EDGE_CURVE ( 'NONE', #3495, #1276, #1746, .T. ) ;
#3562 = CARTESIAN_POINT ( 'NONE',  ( -112.9999999999999716, 163.5445903374807415, -4.000000000000017764 ) ) ;
#3563 = VECTOR ( 'NONE', #2831, 1000.000000000000000 ) ;
#3564 = VERTEX_POINT ( 'NONE', #4016 ) ;
#3565 = ORIENTED_EDGE ( 'NONE', *, *, #3510, .T. ) ;
#3566 = CARTESIAN_POINT ( 'NONE',  ( 115.9999999999999716, 164.7928932188134752, -3.292893218813472522 ) ) ;
#3567 = EDGE_CURVE ( 'NONE', #1606, #2012, #1552, .T. ) ;
#3568 = VECTOR ( 'NONE', #3543, 1000.000000000000000 ) ;
#3569 = CARTESIAN_POINT ( 'NONE',  ( 1.387778780781445676E-14, 120.0000000000000000, -3.000000000000000000 ) ) ;
#3570 = AXIS2_PLACEMENT_3D ( 'NONE', #3628, #455, #3860 ) ;
#3571 = ORIENTED_EDGE ( 'NONE', *, *, #3773, .T. ) ;
#3572 = EDGE_CURVE ( 'NONE', #4041, #1629, #3997, .T. ) ;
#3573 = CARTESIAN_POINT ( 'NONE',  ( -114.4581868798996851, 163.8602880625660134, -0.8013326304073336015 ) ) ;
#3574 = AXIS2_PLACEMENT_3D ( 'NONE', #1264, #3489, #2491 ) ;
#3575 = DIRECTION ( 'NONE',  ( -0.000000000000000000, -0.000000000000000000, 1.000000000000000000 ) ) ;
#3576 = DIRECTION ( 'NONE',  ( -0.000000000000000000, -0.000000000000000000, 1.000000000000000000 ) ) ;
#3577 = AXIS2_PLACEMENT_3D ( 'NONE', #3524, #2555, #3741 ) ;
#3578 = ORIENTED_EDGE ( 'NONE', *, *, #2293, .T. ) ;
#3579 = PLANE ( 'NONE',  #3448 ) ;
#3580 = CARTESIAN_POINT ( 'NONE',  ( -116.0000000000002274, 189.0735931288074596, -68.75000000000008527 ) ) ;
#3581 = DIRECTION ( 'NONE',  ( -0.000000000000000000, -1.000000000000000000, -0.000000000000000000 ) ) ;
#3582 = VECTOR ( 'NONE', #1206, 1000.000000000000114 ) ;
#3583 = ADVANCED_FACE ( 'NONE', ( #3092, #2412, #3048, #1522 ), #2775, .F. ) ;
#3584 = ORIENTED_EDGE ( 'NONE', *, *, #1261, .T. ) ;
#3585 = ORIENTED_EDGE ( 'NONE', *, *, #100, .T. ) ;
#3586 = AXIS2_PLACEMENT_3D ( 'NONE', #1894, #3150, #3821 ) ;
#3587 = DIRECTION ( 'NONE',  ( -0.000000000000000000, 0.7071067811865437980, 0.7071067811865513475 ) ) ;
#3588 = AXIS2_PLACEMENT_3D ( 'NONE', #3700, #3040, #3106 ) ;
#3589 = ORIENTED_EDGE ( 'NONE', *, *, #1759, .F. ) ;
#3590 = CARTESIAN_POINT ( 'NONE',  ( 113.0000000000001137, -134.5000000000000284, -33.00000000000081002 ) ) ;
#3591 = LINE ( 'NONE', #2009, #3257 ) ;
#3592 = DATE_AND_TIME ( #2911, #2537 ) ;
#3593 = EDGE_LOOP ( 'NONE', ( #2697, #1200 ) ) ;
#3594 = EDGE_CURVE ( 'NONE', #1629, #1835, #2150, .T. ) ;
#3595 = DIRECTION ( 'NONE',  ( 0.000000000000000000, -0.7071067811865496822, 0.7071067811865453523 ) ) ;
#3596 = DIRECTION ( 'NONE',  ( 0.000000000000000000, 0.000000000000000000, 1.000000000000000000 ) ) ;
#3597 = CARTESIAN_POINT ( 'NONE',  ( -116.0000000000000568, -134.5000000000000284, -33.00000000000000711 ) ) ;
#3598 = MANIFOLD_SOLID_BREP ( 'M3x0.5 \X2\87ba7eb95b54\X0\3', #544 ) ;
#3599 = EDGE_LOOP ( 'NONE', ( #2049, #2836, #638, #248 ) ) ;
#3600 = DIRECTION ( 'NONE',  ( -0.000000000000000000, -0.7071067811865507924, 0.7071067811865442421 ) ) ;
#3601 = CARTESIAN_POINT ( 'NONE',  ( 27.99999999999997868, 216.8259018078049110, -65.22539674441598834 ) ) ;
#3602 = ORIENTED_EDGE ( 'NONE', *, *, #3935, .F. ) ;
#3603 = ORIENTED_EDGE ( 'NONE', *, *, #1240, .F. ) ;
#3604 = PRODUCT_DEFINITION_SHAPE ( 'NONE', 'NONE',  #3739 ) ;
#3605 = ORIENTED_EDGE ( 'NONE', *, *, #3519, .F. ) ;
#3606 = CARTESIAN_POINT ( 'NONE',  ( 111.9999999999999574, 164.0857864376268935, 0.02999999999991760299 ) ) ;
#3607 = ORIENTED_EDGE ( 'NONE', *, *, #2175, .F. ) ;
#3608 = DIRECTION ( 'NONE',  ( 0.000000000000000000, 0.7071067811865509034, -0.7071067811865442421 ) ) ;
#3609 = DIRECTION ( 'NONE',  ( -1.000000000000000000, -0.000000000000000000, 3.469446951953614189E-15 ) ) ;
#3610 = DIRECTION ( 'NONE',  ( 0.000000000000000000, -0.7071067811865519026, 0.7071067811865431318 ) ) ;
#3611 = EDGE_LOOP ( 'NONE', ( #699, #1916, #1896, #2766 ) ) ;
#3612 = CARTESIAN_POINT ( 'NONE',  ( -115.9251098869733028, 163.6347896875051049, -2.945156026032162533 ) ) ;
#3613 = CARTESIAN_POINT ( 'NONE',  ( -113.0469915374371794, 166.9043777471381134, -1.308969834610560268 ) ) ;
#3614 = PLANE ( 'NONE',  #2653 ) ;
#3615 = CARTESIAN_POINT ( 'NONE',  ( -116.0000000000001137, 136.5086219713516869, -31.57716446627551576 ) ) ;
#3616 = FACE_OUTER_BOUND ( 'NONE', #2333, .T. ) ;
#3617 = ORIENTED_EDGE ( 'NONE', *, *, #2045, .F. ) ;
#3618 = LINE ( 'NONE', #3872, #1215 ) ;
#3619 = EDGE_CURVE ( 'NONE', #1290, #3495, #2104, .T. ) ;
#3620 = DIRECTION ( 'NONE',  ( -0.000000000000000000, 0.000000000000000000, 1.000000000000000000 ) ) ;
#3621 = CYLINDRICAL_SURFACE ( 'NONE', #3120, 1.250000000000005329 ) ;
#3622 = EDGE_LOOP ( 'NONE', ( #3837, #892, #2294, #1097, #3557, #2921, #3857, #2112 ) ) ;
#3623 = ORIENTED_EDGE ( 'NONE', *, *, #1850, .T. ) ;
#3624 = VERTEX_POINT ( 'NONE', #3354 ) ;
#3625 = EDGE_CURVE ( 'NONE', #1036, #232, #2010, .T. ) ;
#3626 = DIRECTION ( 'NONE',  ( -1.000000000000000000, 2.478496230413036359E-15, 2.478496230413062392E-15 ) ) ;
#3627 = LINE ( 'NONE', #3361, #2194 ) ;
#3628 = CARTESIAN_POINT ( 'NONE',  ( 1.387778780781445676E-14, -120.0000000000000000, -3.000000000000000000 ) ) ;
#3629 = LINE ( 'NONE', #2400, #142 ) ;
#3630 = DIRECTION ( 'NONE',  ( -1.000000000000000000, -0.000000000000000000, -0.000000000000000000 ) ) ;
#3631 = CIRCLE ( 'NONE', #1137, 1.250000000000000444 ) ;
#3632 = ADVANCED_FACE ( 'NONE', ( #912 ), #204, .F. ) ;
#3633 = AXIS2_PLACEMENT_3D ( 'NONE', #3473, #337, #4070 ) ;
#3634 = AXIS2_PLACEMENT_3D ( 'NONE', #79, #3525, #184 ) ;
#3635 = ORIENTED_EDGE ( 'NONE', *, *, #3567, .T. ) ;
#3636 = DIRECTION ( 'NONE',  ( 1.000000000000000000, 0.000000000000000000, 0.000000000000000000 ) ) ;
#3637 = DIRECTION ( 'NONE',  ( 0.000000000000000000, -1.000000000000000000, 0.000000000000000000 ) ) ;
#3638 = VECTOR ( 'NONE', #393, 999.9999999999998863 ) ;
#3639 = CARTESIAN_POINT ( 'NONE',  ( 11.99999999999997868, 216.8259018078049110, -65.22539674441598834 ) ) ;
#3640 = AXIS2_PLACEMENT_3D ( 'NONE', #376, #66, #2579 ) ;
#3641 = DIRECTION ( 'NONE',  ( 1.000000000000000000, 0.000000000000000000, 0.000000000000000000 ) ) ;
#3642 = ORIENTED_EDGE ( 'NONE', *, *, #1131, .F. ) ;
#3643 = VECTOR ( 'NONE', #3799, 1000.000000000000000 ) ;
#3644 = AXIS2_PLACEMENT_3D ( 'NONE', #2032, #2016, #1991 ) ;
#3645 = DIRECTION ( 'NONE',  ( -0.000000000000000000, -0.000000000000000000, 1.000000000000000000 ) ) ;
#3646 = CARTESIAN_POINT ( 'NONE',  ( 116.0000000000001847, -164.5000000000000284, -42.99999999999999289 ) ) ;
#3647 = CARTESIAN_POINT ( 'NONE',  ( 112.9696999999999605, 164.5263443403840427, -4.261018122118861662 ) ) ;
#3648 = ADVANCED_FACE ( 'NONE', ( #2474 ), #1788, .F. ) ;
#3649 = ORIENTED_EDGE ( 'NONE', *, *, #1074, .F. ) ;
#3650 = ORIENTED_EDGE ( 'NONE', *, *, #2080, .T. ) ;
#3651 = ORIENTED_EDGE ( 'NONE', *, *, #2065, .F. ) ;
#3652 = DIRECTION ( 'NONE',  ( 0.000000000000000000, 0.000000000000000000, 1.000000000000000000 ) ) ;
#3653 = AXIS2_PLACEMENT_3D ( 'NONE', #3201, #1022, #3243 ) ;
#3654 = DIRECTION ( 'NONE',  ( -0.000000000000000000, 0.7071067811865507924, -0.7071067811865442421 ) ) ;
#3655 = EDGE_LOOP ( 'NONE', ( #2186, #3527, #2415, #55 ) ) ;
#3656 = VECTOR ( 'NONE', #1233, 1000.000000000000000 ) ;
#3657 = DIRECTION ( 'NONE',  ( 0.000000000000000000, -0.7071067811865509034, 0.7071067811865442421 ) ) ;
#3658 = FACE_OUTER_BOUND ( 'NONE', #767, .T. ) ;
#3659 = ORIENTED_EDGE ( 'NONE', *, *, #3082, .F. ) ;
#3660 = DIRECTION ( 'NONE',  ( -1.387778780781444413E-14, 0.000000000000000000, 1.000000000000000000 ) ) ;
#3661 = ADVANCED_FACE ( 'NONE', ( #1854 ), #2433, .F. ) ;
#3662 = DIRECTION ( 'NONE',  ( 1.000000000000000000, 0.000000000000000000, 0.000000000000000000 ) ) ;
#3663 = CARTESIAN_POINT ( 'NONE',  ( 1.387778780781445676E-14, -120.0000000000000000, -3.000000000000000000 ) ) ;
#3664 = VERTEX_POINT ( 'NONE', #3376 ) ;
#3665 = CARTESIAN_POINT ( 'NONE',  ( -46.50000000000000000, 219.2300648638392033, -67.62955980045022386 ) ) ;
#3666 = DIRECTION ( 'NONE',  ( -1.000000000000000000, -0.000000000000000000, 3.469446951953614189E-15 ) ) ;
#3667 = CARTESIAN_POINT ( 'NONE',  ( 115.9999999999999574, 164.4684698699919636, -4.382683432365191756 ) ) ;
#3668 = ORIENTED_EDGE ( 'NONE', *, *, #2113, .F. ) ;
#3669 = ORIENTED_EDGE ( 'NONE', *, *, #331, .T. ) ;
#3670 = VERTEX_POINT ( 'NONE', #3748 ) ;
#3671 = LINE ( 'NONE', #2496, #1995 ) ;
#3672 = CARTESIAN_POINT ( 'NONE',  ( 116.0000000000000995, 52.46572875253735901, 52.46572875253792745 ) ) ;
#3673 = VERTEX_POINT ( 'NONE', #558 ) ;
#3674 = CARTESIAN_POINT ( 'NONE',  ( 115.4951455534169895, 163.7249890375294399, -1.985524078516424096 ) ) ;
#3675 = DIRECTION ( 'NONE',  ( 0.000000000000000000, -0.7071067811865496822, 0.7071067811865453523 ) ) ;
#3676 = EDGE_CURVE ( 'NONE', #2945, #933, #238, .T. ) ;
#3677 = ORIENTED_EDGE ( 'NONE', *, *, #959, .T. ) ;
#3678 = DIRECTION ( 'NONE',  ( -1.000000000000000000, -0.000000000000000000, 3.469446951953614189E-15 ) ) ;
#3679 = CYLINDRICAL_SURFACE ( 'NONE', #3917, 1.249999999999973355 ) ;
#3680 = LINE ( 'NONE', #550, #1930 ) ;
#3681 = DIRECTION ( 'NONE',  ( 0.000000000000000000, -0.7071067811865513475, 0.7071067811865436870 ) ) ;
#3682 = EDGE_CURVE ( 'NONE', #3197, #3357, #287, .T. ) ;
#3683 = ORIENTED_EDGE ( 'NONE', *, *, #1631, .T. ) ;
#3684 = CARTESIAN_POINT ( 'NONE',  ( 80.00000000000001421, 0.000000000000000000, 1.402220585023716934E-15 ) ) ;
#3685 = CARTESIAN_POINT ( 'NONE',  ( 1.530052174732959625E-14, 185.0060966544101007, -33.40559159102151199 ) ) ;
#3686 = DIRECTION ( 'NONE',  ( 0.000000000000000000, -0.7071067811865519026, 0.7071067811865431318 ) ) ;
#3687 = EDGE_CURVE ( 'NONE', #1235, #774, #1503, .T. ) ;
#3688 = EDGE_LOOP ( 'NONE', ( #231, #3650, #2089, #619 ) ) ;
#3689 = EDGE_CURVE ( 'NONE', #1506, #22, #3063, .T. ) ;
#3690 = ORIENTED_EDGE ( 'NONE', *, *, #332, .F. ) ;
#3691 = CARTESIAN_POINT ( 'NONE',  ( 115.9999999999999716, 163.5445903374807131, -4.000000000000000000 ) ) ;
#3692 = CARTESIAN_POINT ( 'NONE',  ( -46.50000000000000000, 224.1798123321449907, -62.67981233214437964 ) ) ;
#3693 = EDGE_LOOP ( 'NONE', ( #3217, #2245, #3310, #1377 ) ) ;
#3694 = EDGE_CURVE ( 'NONE', #22, #1424, #3709, .T. ) ;
#3695 = CARTESIAN_POINT ( 'NONE',  ( 113.0000000000000568, 189.0735931288074596, -70.00000000000079581 ) ) ;
#3696 = CARTESIAN_POINT ( 'NONE',  ( -116.0000000000001137, 147.3902614049299871, -43.00000000000001421 ) ) ;
#3697 = EDGE_CURVE ( 'NONE', #1768, #290, #250, .T. ) ;
#3698 = ADVANCED_FACE ( 'NONE', ( #3515 ), #947, .F. ) ;
#3699 = CARTESIAN_POINT ( 'NONE',  ( -112.0000000000000284, 164.0857864376268935, -1.994931997373328159E-14 ) ) ;
#3700 = CARTESIAN_POINT ( 'NONE',  ( 74.50000000000001421, 227.4325035256031242, -61.68986283848317242 ) ) ;
#3701 = DIRECTION ( 'NONE',  ( 0.000000000000000000, 1.000000000000000000, 0.000000000000000000 ) ) ;
#3702 = PLANE ( 'NONE',  #1731 ) ;
#3703 = AXIS2_PLACEMENT_3D ( 'NONE', #3941, #400, #2610 ) ;
#3704 = CIRCLE ( 'NONE', #807, 1.599999999999992317 ) ;
#3705 = ORIENTED_EDGE ( 'NONE', *, *, #312, .T. ) ;
#3706 = LINE ( 'NONE', #4033, #89 ) ;
#3707 = CIRCLE ( 'NONE', #146, 1.599999999999992317 ) ;
#3708 = AXIS2_PLACEMENT_3D ( 'NONE', #1430, #1696, #1656 ) ;
#3709 = LINE ( 'NONE', #228, #31 ) ;
#3710 = CARTESIAN_POINT ( 'NONE',  ( 112.4883593252656340, 164.8124866957628569, -3.528422030107494223 ) ) ;
#3711 = ORIENTED_EDGE ( 'NONE', *, *, #2172, .F. ) ;
#3712 = AXIS2_PLACEMENT_3D ( 'NONE', #2986, #762, #2348 ) ;
#3713 = ORIENTED_EDGE ( 'NONE', *, *, #332, .T. ) ;
#3714 = VECTOR ( 'NONE', #3085, 1000.000000000000000 ) ;
#3715 = ORIENTED_EDGE ( 'NONE', *, *, #3508, .F. ) ;
#3716 = DIRECTION ( 'NONE',  ( 0.000000000000000000, 0.7071067811865507924, -0.7071067811865442421 ) ) ;
#3717 = EDGE_CURVE ( 'NONE', #197, #1677, #2857, .T. ) ;
#3718 = CARTESIAN_POINT ( 'NONE',  ( -81.24999999999995737, -120.0000000000000000, 0.000000000000000000 ) ) ;
#3719 = ORIENTED_EDGE ( 'NONE', *, *, #3619, .T. ) ;
#3720 = CIRCLE ( 'NONE', #426, 0.9999999999999974465 ) ;
#3721 = B_SPLINE_CURVE_WITH_KNOTS ( 'NONE', 3,
 ( #2243, #1580, #2817, #1289, #3491, #3434, #2858, #2834, #340, #3762 ),
 .UNSPECIFIED., .F., .F.,
 ( 4, 2, 2, 2, 4 ),
 ( 0.000000000000000000, 0.2500000000000000000, 0.5000000000000000000, 0.7500000000000000000, 1.000000000000000000 ),
 .UNSPECIFIED. ) ;
#3722 = DIRECTION ( 'NONE',  ( -0.000000000000000000, -0.7071067811865437980, -0.7071067811865512365 ) ) ;
#3723 = FACE_OUTER_BOUND ( 'NONE', #2272, .T. ) ;
#3724 = VECTOR ( 'NONE', #847, 1000.000000000000114 ) ;
#3725 =( GEOMETRIC_REPRESENTATION_CONTEXT ( 3 ) GLOBAL_UNCERTAINTY_ASSIGNED_CONTEXT ( ( #1945 ) ) GLOBAL_UNIT_ASSIGNED_CONTEXT ( ( #1870, #361, #2519 ) ) REPRESENTATION_CONTEXT ( 'NONE', 'WORKASPACE' ) );
#3726 = CARTESIAN_POINT ( 'NONE',  ( -112.1309207904846375, 164.0406794940787734, -3.000000000000021760 ) ) ;
#3727 = DIRECTION ( 'NONE',  ( -0.000000000000000000, 0.7071067811865437980, 0.7071067811865513475 ) ) ;
#3728 = EDGE_CURVE ( 'NONE', #3102, #1276, #366, .T. ) ;
#3729 = FACE_OUTER_BOUND ( 'NONE', #1317, .T. ) ;
#3730 = DIRECTION ( 'NONE',  ( 0.000000000000000000, 0.000000000000000000, 1.000000000000000000 ) ) ;
#3731 = CARTESIAN_POINT ( 'NONE',  ( 111.9999999999999574, 164.7928932188135036, -3.292893218813481848 ) ) ;
#3732 = DIRECTION ( 'NONE',  ( 1.000000000000000000, 0.000000000000000000, 0.000000000000000000 ) ) ;
#3733 = LINE ( 'NONE', #1395, #3301 ) ;
#3734 = VERTEX_POINT ( 'NONE', #53 ) ;
#3735 = ORIENTED_EDGE ( 'NONE', *, *, #3861, .T. ) ;
#3736 = ORIENTED_EDGE ( 'NONE', *, *, #2237, .T. ) ;
#3737 = CARTESIAN_POINT ( 'NONE',  ( 112.7996668423981390, 163.7700887125415932, -3.385453280025142675 ) ) ;
#3738 = VERTEX_POINT ( 'NONE', #2526 ) ;
#3739 = PRODUCT_DEFINITION ( '�', '', #2011, #3178 ) ;
#3740 = DIRECTION ( 'NONE',  ( 0.000000000000000000, 0.000000000000000000, 1.000000000000000000 ) ) ;
#3741 = DIRECTION ( 'NONE',  ( 1.000000000000000000, 0.000000000000000000, 0.000000000000000000 ) ) ;
#3742 = ADVANCED_FACE ( 'NONE', ( #654 ), #2566, .F. ) ;
#3743 = CARTESIAN_POINT ( 'NONE',  ( 111.9999999999999574, 255.7167747730651399, -89.97413408594495365 ) ) ;
#3744 = CYLINDRICAL_SURFACE ( 'NONE', #3840, 1.249999999999917843 ) ;
#3745 = DIRECTION ( 'NONE',  ( -0.000000000000000000, -0.000000000000000000, 1.000000000000000000 ) ) ;
#3746 = CARTESIAN_POINT ( 'NONE',  ( 0.000000000000000000, 220.0078823231443437, -58.50788232314376103 ) ) ;
#3747 = CARTESIAN_POINT ( 'NONE',  ( -112.5219866587633248, 164.8442472756482857, -3.496661450222142253 ) ) ;
#3748 = CARTESIAN_POINT ( 'NONE',  ( 113.0000000000001705, -164.5000000000000284, -43.00000000000000000 ) ) ;
#3749 = CARTESIAN_POINT ( 'NONE',  ( 34.50000000000000000, 225.3111831820434645, -63.81118318204284634 ) ) ;
#3750 = ORIENTED_EDGE ( 'NONE', *, *, #161, .T. ) ;
#3751 = ORIENTED_EDGE ( 'NONE', *, *, #3849, .F. ) ;
#3752 = ADVANCED_FACE ( 'NONE', ( #965 ), #3132, .F. ) ;
#3753 = DIRECTION ( 'NONE',  ( -2.453269466693411243E-15, 0.000000000000000000, 1.000000000000000000 ) ) ;
#3754 = VERTEX_POINT ( 'NONE', #3490 ) ;
#3755 = EDGE_CURVE ( 'NONE', #394, #1700, #1086, .T. ) ;
#3756 = CARTESIAN_POINT ( 'NONE',  ( 1.530052174732959625E-14, 192.0771644662755477, -26.33452377915600096 ) ) ;
#3757 = DIRECTION ( 'NONE',  ( -1.000000000000000000, -2.453269466693385605E-15, -2.453269466693411243E-15 ) ) ;
#3758 = EDGE_CURVE ( 'NONE', #2704, #1360, #2264, .T. ) ;
#3759 = DIRECTION ( 'NONE',  ( 1.000000000000000000, 0.000000000000000000, 0.000000000000000000 ) ) ;
#3760 = CARTESIAN_POINT ( 'NONE',  ( 90.00000000000000000, 225.3111831820434361, -63.81118318204278950 ) ) ;
#3761 = DIRECTION ( 'NONE',  ( 0.000000000000000000, 1.000000000000000000, 0.000000000000000000 ) ) ;
#3762 = CARTESIAN_POINT ( 'NONE',  ( -115.9999999999999858, 164.4684698699919920, -4.382683432365110932 ) ) ;
#3763 = CIRCLE ( 'NONE', #1140, 1.249999999999973355 ) ;
#3764 = ORIENTED_EDGE ( 'NONE', *, *, #3808, .T. ) ;
#3765 = ORIENTED_EDGE ( 'NONE', *, *, #779, .F. ) ;
#3766 = AXIS2_PLACEMENT_3D ( 'NONE', #3360, #2092, #832 ) ;
#3767 = VECTOR ( 'NONE', #1120, 1000.000000000000000 ) ;
#3768 = FACE_BOUND ( 'NONE', #3878, .T. ) ;
#3769 = ADVANCED_FACE ( 'NONE', ( #3475 ), #2816, .F. ) ;
#3770 = CIRCLE ( 'NONE', #2391, 1.249999999999973355 ) ;
#3771 = VECTOR ( 'NONE', #1094, 1000.000000000000000 ) ;
#3772 = ORIENTED_EDGE ( 'NONE', *, *, #911, .F. ) ;
#3773 = EDGE_CURVE ( 'NONE', #518, #997, #1819, .T. ) ;
#3774 = FACE_BOUND ( 'NONE', #1912, .T. ) ;
#3775 = AXIS2_PLACEMENT_3D ( 'NONE', #2411, #2693, #864 ) ;
#3776 = CARTESIAN_POINT ( 'NONE',  ( -115.9999999999999716, -164.5000000000000284, -3.999999999999993339 ) ) ;
#3777 = CIRCLE ( 'NONE', #750, 1.000000000000000888 ) ;
#3778 = DIRECTION ( 'NONE',  ( -1.387778780781444413E-14, 0.000000000000000000, 1.000000000000000000 ) ) ;
#3779 = VECTOR ( 'NONE', #728, 1000.000000000000000 ) ;
#3780 = AXIS2_PLACEMENT_3D ( 'NONE', #3070, #3027, #2742 ) ;
#3781 = DIRECTION ( 'NONE',  ( 0.000000000000000000, -0.7071067811865496822, 0.7071067811865453523 ) ) ;
#3782 = DIRECTION ( 'NONE',  ( 0.000000000000000000, 0.7071067811865475727, -0.7071067811865475727 ) ) ;
#3783 = CARTESIAN_POINT ( 'NONE',  ( -90.00000000000000000, 220.3614357137376203, -68.76093065034865504 ) ) ;
#3784 = CARTESIAN_POINT ( 'NONE',  ( 80.00000000000001421, 120.0000000000000000, 0.000000000000000000 ) ) ;
#3785 = AXIS2_PLACEMENT_3D ( 'NONE', #3065, #574, #1849 ) ;
#3786 = ORIENTED_EDGE ( 'NONE', *, *, #1868, .T. ) ;
#3787 = ORIENTED_EDGE ( 'NONE', *, *, #3532, .T. ) ;
#3788 = VERTEX_POINT ( 'NONE', #1579 ) ;
#3789 = VERTEX_POINT ( 'NONE', #2833 ) ;
#3790 = FACE_OUTER_BOUND ( 'NONE', #392, .T. ) ;
#3791 = CARTESIAN_POINT ( 'NONE',  ( -111.9999999999999858, 164.0857864376268935, -3.000000000000019984 ) ) ;
#3792 = EDGE_LOOP ( 'NONE', ( #1310, #3919, #3167, #1251 ) ) ;
#3793 = FACE_OUTER_BOUND ( 'NONE', #3655, .T. ) ;
#3794 = EDGE_CURVE ( 'NONE', #3446, #1402, #339, .T. ) ;
#3795 = FACE_OUTER_BOUND ( 'NONE', #563, .T. ) ;
#3796 = DATE_AND_TIME ( #2870, #38 ) ;
#3797 = CARTESIAN_POINT ( 'NONE',  ( 68.00000000000002842, 223.8969696196703580, -58.15432893255047020 ) ) ;
#3798 = CARTESIAN_POINT ( 'NONE',  ( 1.250000000000001110, 120.0000000000000000, 1.402220585023716934E-15 ) ) ;
#3799 = DIRECTION ( 'NONE',  ( 1.000000000000000000, -3.252606517456521979E-15, 3.252606517456487664E-15 ) ) ;
#3800 = DIRECTION ( 'NONE',  ( 0.000000000000000000, 0.7071067811865519026, -0.7071067811865431318 ) ) ;
#3801 = DIRECTION ( 'NONE',  ( -0.000000000000000000, -0.7071067811865437980, -0.7071067811865512365 ) ) ;
#3802 = DIRECTION ( 'NONE',  ( 0.000000000000000000, 0.000000000000000000, 1.000000000000000000 ) ) ;
#3803 = APPROVAL ( #1592, '未' ) ;
#3804 = ORIENTED_EDGE ( 'NONE', *, *, #1002, .T. ) ;
#3805 = EDGE_LOOP ( 'NONE', ( #871, #4006, #1028, #2365 ) ) ;
#3806 = FACE_BOUND ( 'NONE', #484, .T. ) ;
#3807 = DIRECTION ( 'NONE',  ( -0.000000000000000000, 0.7071067811865437980, 0.7071067811865513475 ) ) ;
#3808 = EDGE_CURVE ( 'NONE', #40, #3624, #1613, .T. ) ;
#3809 = EDGE_CURVE ( 'NONE', #3294, #391, #383, .T. ) ;
#3810 = ORIENTED_EDGE ( 'NONE', *, *, #3561, .T. ) ;
#3811 = ORIENTED_EDGE ( 'NONE', *, *, #1969, .F. ) ;
#3812 = PLANE ( 'NONE',  #1667 ) ;
#3813 = ADVANCED_FACE ( 'NONE', ( #1645 ), #71, .T. ) ;
#3814 = DIRECTION ( 'NONE',  ( 0.000000000000000000, -0.7071067811865519026, 0.7071067811865431318 ) ) ;
#3815 = CALENDAR_DATE ( 2026, 30, 6 ) ;
#3816 = EDGE_CURVE ( 'NONE', #452, #323, #1331, .T. ) ;
#3817 = ADVANCED_FACE ( 'NONE', ( #3846 ), #2183, .F. ) ;
#3818 = ORIENTED_EDGE ( 'NONE', *, *, #3694, .F. ) ;
#3819 = DIRECTION ( 'NONE',  ( 1.000000000000000000, 0.000000000000000000, 0.000000000000000000 ) ) ;
#3820 = DIRECTION ( 'NONE',  ( -0.000000000000000000, 0.7071067811865437980, 0.7071067811865513475 ) ) ;
#3821 = DIRECTION ( 'NONE',  ( 0.000000000000000000, 0.7071067811865519026, -0.7071067811865431318 ) ) ;
#3822 = DIRECTION ( 'NONE',  ( 1.000000000000000000, 0.000000000000000000, 0.000000000000000000 ) ) ;
#3823 = EDGE_LOOP ( 'NONE', ( #2563, #517 ) ) ;
#3824 = ORIENTED_EDGE ( 'NONE', *, *, #4003, .T. ) ;
#3825 = FACE_BOUND ( 'NONE', #1528, .T. ) ;
#3826 = AXIS2_PLACEMENT_3D ( 'NONE', #3396, #182, #1190 ) ;
#3827 = CARTESIAN_POINT ( 'NONE',  ( 115.9999999999999716, 164.0857864376269220, -4.000000000000023981 ) ) ;
#3828 = CARTESIAN_POINT ( 'NONE',  ( 5.500000000000000000, 228.5638743755015980, -62.82123368838163202 ) ) ;
#3829 = VERTEX_POINT ( 'NONE', #635 ) ;
#3830 = CIRCLE ( 'NONE', #1722, 1.249999999999987121 ) ;
#3831 = EDGE_LOOP ( 'NONE', ( #2287, #2531, #2988, #3172 ) ) ;
#3832 = VECTOR ( 'NONE', #1844, 1000.000000000000000 ) ;
#3833 = CARTESIAN_POINT ( 'NONE',  ( -114.0144759214836085, 163.9053877375781667, -0.5048544465830141492 ) ) ;
#3834 = EDGE_CURVE ( 'NONE', #208, #1119, #3853, .T. ) ;
#3835 = CIRCLE ( 'NONE', #85, 4.000000000000005329 ) ;
#3836 = AXIS2_PLACEMENT_3D ( 'NONE', #3926, #1108, #4062 ) ;
#3837 = ORIENTED_EDGE ( 'NONE', *, *, #3203, .T. ) ;
#3838 = LINE ( 'NONE', #3530, #1208 ) ;
#3839 = AXIS2_PLACEMENT_3D ( 'NONE', #1130, #3645, #203 ) ;
#3840 = AXIS2_PLACEMENT_3D ( 'NONE', #650, #3146, #2469 ) ;
#3841 = LINE ( 'NONE', #1083, #1351 ) ;
#3842 = VERTEX_POINT ( 'NONE', #715 ) ;
#3843 = VECTOR ( 'NONE', #3223, 1000.000000000000000 ) ;
#3844 = FACE_BOUND ( 'NONE', #442, .T. ) ;
#3845 = CARTESIAN_POINT ( 'NONE',  ( -28.00000000000000000, 228.3163870020863158, -62.57374631496634265 ) ) ;
#3846 = FACE_OUTER_BOUND ( 'NONE', #2171, .T. ) ;
#3847 = DIRECTION ( 'NONE',  ( 1.000000000000000000, -2.811001331764280642E-31, -3.491481338843133355E-15 ) ) ;
#3848 = ORIENTED_EDGE ( 'NONE', *, *, #554, .F. ) ;
#3849 = EDGE_CURVE ( 'NONE', #511, #2885, #3285, .T. ) ;
#3850 = AXIS2_PLACEMENT_3D ( 'NONE', #4056, #3666, #3976 ) ;
#3851 = VERTEX_POINT ( 'NONE', #3887 ) ;
#3852 = CARTESIAN_POINT ( 'NONE',  ( 113.0000000000001279, -114.5000000000000284, -31.75000000000088107 ) ) ;
#3853 = CIRCLE ( 'NONE', #568, 1.249999999999973355 ) ;
#3854 = PLANE ( 'NONE',  #3319 ) ;
#3855 = CARTESIAN_POINT ( 'NONE',  ( -68.50000000000000000, 215.0581348548385563, -63.45762979144961236 ) ) ;
#3856 = VERTEX_POINT ( 'NONE', #3924 ) ;
#3857 = ORIENTED_EDGE ( 'NONE', *, *, #664, .F. ) ;
#3858 = CYLINDRICAL_SURFACE ( 'NONE', #3970, 1.600000000000002309 ) ;
#3859 = ORIENTED_EDGE ( 'NONE', *, *, #92, .T. ) ;
#3860 = DIRECTION ( 'NONE',  ( 1.000000000000000000, 0.000000000000000000, 0.000000000000000000 ) ) ;
#3861 = EDGE_CURVE ( 'NONE', #3340, #1336, #2956, .T. ) ;
#3862 = DIRECTION ( 'NONE',  ( -0.000000000000000000, -0.7071067811865437980, -0.7071067811865512365 ) ) ;
#3863 = CALENDAR_DATE ( 2026, 30, 6 ) ;
#3864 = VERTEX_POINT ( 'NONE', #3249 ) ;
#3865 = DIRECTION ( 'NONE',  ( 1.373735107685318209E-32, -1.000000000000000000, 8.446979985513632612E-17 ) ) ;
#3866 = CARTESIAN_POINT ( 'NONE',  ( -68.50000000000000000, 232.7358043845022451, -66.99316369738227195 ) ) ;
#3867 = CARTESIAN_POINT ( 'NONE',  ( -112.5236924838039840, 166.9461095557917645, -1.203468868672453729 ) ) ;
#3868 = LINE ( 'NONE', #72, #935 ) ;
#3869 = EDGE_LOOP ( 'NONE', ( #3848, #600 ) ) ;
#3870 = ADVANCED_FACE ( 'NONE', ( #2345 ), #444, .F. ) ;
#3871 = EDGE_LOOP ( 'NONE', ( #1014, #2876, #3138, #3893 ) ) ;
#3872 = CARTESIAN_POINT ( 'NONE',  ( 11.99999999999997868, 80.74999999999913314, 80.74999999999997158 ) ) ;
#3873 = CARTESIAN_POINT ( 'NONE',  ( 111.9999999999999574, 253.5954544295054802, -92.09545442950462757 ) ) ;
#3874 = VERTEX_POINT ( 'NONE', #3270 ) ;
#3875 = EDGE_CURVE ( 'NONE', #3137, #2199, #3989, .T. ) ;
#3876 = ORIENTED_EDGE ( 'NONE', *, *, #2615, .T. ) ;
#3877 = CARTESIAN_POINT ( 'NONE',  ( 74.50000000000001421, 225.3111831820434645, -63.81118318204284634 ) ) ;
#3878 = EDGE_LOOP ( 'NONE', ( #1124, #3526 ) ) ;
#3879 = ADVANCED_FACE ( 'NONE', ( #1062 ), #446, .F. ) ;
#3880 = ORIENTED_EDGE ( 'NONE', *, *, #410, .T. ) ;
#3881 = CARTESIAN_POINT ( 'NONE',  ( 111.9999999999999574, 252.8883476483188986, -92.80256121069115238 ) ) ;
#3882 = CARTESIAN_POINT ( 'NONE',  ( -20.00000000000000000, 216.2955717219149960, -64.69506665852605920 ) ) ;
#3883 = COORDINATED_UNIVERSAL_TIME_OFFSET ( 8, 0, .AHEAD. ) ;
#3884 = ORIENTED_EDGE ( 'NONE', *, *, #3281, .F. ) ;
#3885 = CARTESIAN_POINT ( 'NONE',  ( -116.0000000000000568, -134.5000000000000284, -33.00000000000000711 ) ) ;
#3886 = ADVANCED_FACE ( 'NONE', ( #98 ), #2305, .F. ) ;
#3887 = CARTESIAN_POINT ( 'NONE',  ( 113.0000000000001137, -134.5000000000000284, -31.75000000000087397 ) ) ;
#3888 = DIRECTION ( 'NONE',  ( 0.000000000000000000, 0.7071067811865437980, 0.7071067811865513475 ) ) ;
#3889 = ORIENTED_EDGE ( 'NONE', *, *, #938, .F. ) ;
#3890 = DIRECTION ( 'NONE',  ( 1.387778780781502158E-14, 0.000000000000000000, 1.000000000000000000 ) ) ;
#3891 = LINE ( 'NONE', #137, #102 ) ;
#3892 = ORIENTED_EDGE ( 'NONE', *, *, #3464, .F. ) ;
#3893 = ORIENTED_EDGE ( 'NONE', *, *, #3198, .T. ) ;
#3894 = CARTESIAN_POINT ( 'NONE',  ( -115.9999999999999716, 255.7167747730650831, -89.97413408594491102 ) ) ;
#3895 = VECTOR ( 'NONE', #2461, 1000.000000000000000 ) ;
#3896 = ORIENTED_EDGE ( 'NONE', *, *, #2638, .T. ) ;
#3897 = AXIS2_PLACEMENT_3D ( 'NONE', #61, #463, #2900 ) ;
#3898 = EDGE_CURVE ( 'NONE', #68, #3121, #899, .T. ) ;
#3899 = CARTESIAN_POINT ( 'NONE',  ( 112.0000000000000284, 164.0857864376268935, -3.000000000000082601 ) ) ;
#3900 = AXIS2_PLACEMENT_3D ( 'NONE', #1981, #3261, #3652 ) ;
#3901 = VECTOR ( 'NONE', #530, 999.9999999999998863 ) ;
#3902 = CARTESIAN_POINT ( 'NONE',  ( -113.0000000000001705, 141.0082531581177818, -58.40753086463098498 ) ) ;
#3903 = VECTOR ( 'NONE', #3400, 1000.000000000000000 ) ;
#3904 = VECTOR ( 'NONE', #395, 999.9999999999998863 ) ;
#3905 = DIRECTION ( 'NONE',  ( -0.000000000000000000, 0.7071067811865437980, 0.7071067811865513475 ) ) ;
#3906 = AXIS2_PLACEMENT_3D ( 'NONE', #647, #1903, #3485 ) ;
#3907 = CARTESIAN_POINT ( 'NONE',  ( 52.00000000000003553, 216.8259018078049110, -65.22539674441598834 ) ) ;
#3908 = CARTESIAN_POINT ( 'NONE',  ( 68.00000000000002842, 223.8969696196704149, -72.29646455628142121 ) ) ;
#3909 = CIRCLE ( 'NONE', #2143, 0.9999999999999767963 ) ;
#3910 = EDGE_CURVE ( 'NONE', #1666, #2933, #3395, .T. ) ;
#3911 = EDGE_LOOP ( 'NONE', ( #1316, #1950, #2964, #3343 ) ) ;
#3912 = LINE ( 'NONE', #2655, #2462 ) ;
#3913 = CARTESIAN_POINT ( 'NONE',  ( -51.49999999999990052, 80.74999999999911893, 80.74999999999998579 ) ) ;
#3914 = CARTESIAN_POINT ( 'NONE',  ( 113.0000000000001563, 141.0082531581177534, -58.40753086463094235 ) ) ;
#3915 = AXIS2_PLACEMENT_3D ( 'NONE', #1248, #1601, #3800 ) ;
#3916 = EDGE_LOOP ( 'NONE', ( #2416, #447, #3288, #1048 ) ) ;
#3917 = AXIS2_PLACEMENT_3D ( 'NONE', #819, #528, #2099 ) ;
#3918 = CARTESIAN_POINT ( 'NONE',  ( 112.9999999999999716, 163.5445903374807131, -4.000000000000038192 ) ) ;
#3919 = ORIENTED_EDGE ( 'NONE', *, *, #362, .T. ) ;
#3920 = CARTESIAN_POINT ( 'NONE',  ( 34.50000000000000000, 220.3614357137376771, -68.76093065034868346 ) ) ;
#3921 = EDGE_CURVE ( 'NONE', #125, #3789, #3021, .T. ) ;
#3922 = EDGE_LOOP ( 'NONE', ( #2170, #2097, #2614, #3483 ) ) ;
#3923 = FACE_OUTER_BOUND ( 'NONE', #2117, .T. ) ;
#3924 = CARTESIAN_POINT ( 'NONE',  ( 112.9999999999999574, 252.8883476483188986, -92.80256121069118080 ) ) ;
#3925 = CARTESIAN_POINT ( 'NONE',  ( -20.00000000000000000, 221.2453191902207834, -59.74531919022021498 ) ) ;
#3926 = CARTESIAN_POINT ( 'NONE',  ( -90.00000000000000000, 227.4325035256030674, -61.68986283848314400 ) ) ;
#3927 = CARTESIAN_POINT ( 'NONE',  ( -111.9999999999999858, 255.7167747730650831, -89.97413408594492523 ) ) ;
#3928 = LINE ( 'NONE', #3855, #3568 ) ;
#3929 = ORIENTED_EDGE ( 'NONE', *, *, #3108, .F. ) ;
#3930 = DIRECTION ( 'NONE',  ( 0.000000000000000000, -0.7071067811865439090, -0.7071067811865512365 ) ) ;
#3931 = DIRECTION ( 'NONE',  ( 1.355257342980075446E-15, -0.9238795325112891810, 0.3826834323650841196 ) ) ;
#3932 = LINE ( 'NONE', #3914, #3771 ) ;
#3933 = ADVANCED_FACE ( 'NONE', ( #1479, #906 ), #1783, .T. ) ;
#3934 = ORIENTED_EDGE ( 'NONE', *, *, #525, .T. ) ;
#3935 = EDGE_CURVE ( 'NONE', #1778, #3520, #301, .T. ) ;
#3936 = ORIENTED_EDGE ( 'NONE', *, *, #3898, .F. ) ;
#3937 = CARTESIAN_POINT ( 'NONE',  ( -73.50000000000000000, 220.3614357137376771, -68.76093065034868346 ) ) ;
#3938 = ADVANCED_FACE ( 'NONE', ( #1517 ), #2163, .F. ) ;
#3939 = LINE ( 'NONE', #3321, #1398 ) ;
#3940 = DIRECTION ( 'NONE',  ( 1.000000000000000000, 0.000000000000000000, 0.000000000000000000 ) ) ;
#3941 = CARTESIAN_POINT ( 'NONE',  ( -12.00000000000000000, 227.4325035256031242, -61.68986283848317242 ) ) ;
#3942 = LINE ( 'NONE', #1123, #3061 ) ;
#3943 = ORIENTED_EDGE ( 'NONE', *, *, #2826, .F. ) ;
#3944 = CARTESIAN_POINT ( 'NONE',  ( 115.8958907066732706, 165.1450241138979038, -3.578568044337609777 ) ) ;
#3945 = EDGE_CURVE ( 'NONE', #3074, #2820, #4049, .T. ) ;
#3946 = CARTESIAN_POINT ( 'NONE',  ( -73.50000000000000000, 225.3111831820434645, -63.81118318204284634 ) ) ;
#3947 = EDGE_CURVE ( 'NONE', #1072, #1394, #2737, .T. ) ;
#3948 = DIRECTION ( 'NONE',  ( 0.000000000000000000, 0.000000000000000000, -1.000000000000000000 ) ) ;
#3949 = DIRECTION ( 'NONE',  ( -0.000000000000000000, -0.000000000000000000, 1.000000000000000000 ) ) ;
#3950 = ORIENTED_EDGE ( 'NONE', *, *, #2826, .T. ) ;
#3951 = CARTESIAN_POINT ( 'NONE',  ( -116.0000000000000711, -114.5000000000000284, -33.00000000000000711 ) ) ;
#3952 = PLANE ( 'NONE',  #3260 ) ;
#3953 = CARTESIAN_POINT ( 'NONE',  ( 114.4581868798996567, 166.5070372555781830, -1.897652042353007218 ) ) ;
#3954 = ORIENTED_EDGE ( 'NONE', *, *, #2958, .T. ) ;
#3955 = EDGE_LOOP ( 'NONE', ( #1627, #3078, #73, #1038 ) ) ;
#3956 = ORIENTED_EDGE ( 'NONE', *, *, #1917, .F. ) ;
#3957 = CARTESIAN_POINT ( 'NONE',  ( 111.9999999999999574, 164.0857864376268935, -8.239936510889833698E-14 ) ) ;
#3958 = DIRECTION ( 'NONE',  ( 0.000000000000000000, 0.7071067811865437980, 0.7071067811865513475 ) ) ;
#3959 = ORIENTED_EDGE ( 'NONE', *, *, #124, .F. ) ;
#3960 = EDGE_CURVE ( 'NONE', #1360, #956, #241, .T. ) ;
#3961 = CARTESIAN_POINT ( 'NONE',  ( -116.0000000000000568, -134.5000000000000284, -34.25000000000000711 ) ) ;
#3962 = CARTESIAN_POINT ( 'NONE',  ( -115.9999999999999574, 3.324513247280030931E-29, 4.129302904431485071E-13 ) ) ;
#3963 = VECTOR ( 'NONE', #1480, 1000.000000000000000 ) ;
#3964 = AXIS2_PLACEMENT_3D ( 'NONE', #265, #11, #3802 ) ;
#3965 = AXIS2_PLACEMENT_3D ( 'NONE', #2083, #1458, #158 ) ;
#3966 = EDGE_LOOP ( 'NONE', ( #2575, #2680, #983, #2781 ) ) ;
#3967 = CARTESIAN_POINT ( 'NONE',  ( 114.0144759214835801, 166.6847887038038039, -1.656120022066532416 ) ) ;
#3968 = CARTESIAN_POINT ( 'NONE',  ( 115.9999999999999716, 163.5445903374807131, -4.000000000000027534 ) ) ;
#3969 = CARTESIAN_POINT ( 'NONE',  ( 116.0000000000000284, -164.5000000000000284, 2.987854857238748023E-13 ) ) ;
#3970 = AXIS2_PLACEMENT_3D ( 'NONE', #2868, #3175, #663 ) ;
#3971 = AXIS2_PLACEMENT_3D ( 'NONE', #3881, #3608, #2683 ) ;
#3972 = CARTESIAN_POINT ( 'NONE',  ( -1.249999999999987121, 1.530808498934175793E-16, 1.402220585023716934E-15 ) ) ;
#3973 = VERTEX_POINT ( 'NONE', #878 ) ;
#3974 = CIRCLE ( 'NONE', #1802, 1.249999999999973355 ) ;
#3975 = DIRECTION ( 'NONE',  ( 1.000000000000000000, 0.000000000000000000, 0.000000000000000000 ) ) ;
#3976 = DIRECTION ( 'NONE',  ( 0.000000000000000000, 0.000000000000000000, 1.000000000000000000 ) ) ;
#3977 = CARTESIAN_POINT ( 'NONE',  ( 115.9999999999999716, 164.7928932188134752, -3.292893218813486289 ) ) ;
#3978 = AXIS2_PLACEMENT_3D ( 'NONE', #962, #1557, #2542 ) ;
#3979 = VERTEX_POINT ( 'NONE', #3349 ) ;
#3980 = EDGE_LOOP ( 'NONE', ( #1762, #2417, #2927, #2208 ) ) ;
#3981 = ORIENTED_EDGE ( 'NONE', *, *, #2666, .F. ) ;
#3982 = CARTESIAN_POINT ( 'NONE',  ( 115.9999999999999716, 164.0857864376269220, -4.000000000000023981 ) ) ;
#3983 = VECTOR ( 'NONE', #260, 1000.000000000000000 ) ;
#3984 = DIRECTION ( 'NONE',  ( 1.000000000000000000, -2.793261385626813401E-31, -3.469446951953613794E-15 ) ) ;
#3985 = EDGE_LOOP ( 'NONE', ( #2250, #1254, #1492, #2550 ) ) ;
#3986 = VECTOR ( 'NONE', #1093, 999.9999999999998863 ) ;
#3987 = CARTESIAN_POINT ( 'NONE',  ( 116.0000000000000995, 148.3141409374415787, -43.38268343236526192 ) ) ;
#3988 = CARTESIAN_POINT ( 'NONE',  ( 5.500000000000000000, 220.3614357137376771, -68.76093065034868346 ) ) ;
#3989 = CIRCLE ( 'NONE', #2999, 1.249999999999917843 ) ;
#3990 = ADVANCED_FACE ( 'NONE', ( #841 ), #3679, .F. ) ;
#3991 = ORIENTED_EDGE ( 'NONE', *, *, #2823, .T. ) ;
#3992 = CARTESIAN_POINT ( 'NONE',  ( 1.249999999999987121, 0.000000000000000000, 1.402220585023716934E-15 ) ) ;
#3993 = CARTESIAN_POINT ( 'NONE',  ( -46.50000000000000000, 220.3614357137376771, -68.76093065034868346 ) ) ;
#3994 = CARTESIAN_POINT ( 'NONE',  ( -12.00000000000000000, 227.4325035256031242, -61.68986283848317242 ) ) ;
#3995 = ORIENTED_EDGE ( 'NONE', *, *, #3428, .T. ) ;
#3996 = DIRECTION ( 'NONE',  ( 0.000000000000000000, -0.7071067811865513475, 0.7071067811865437980 ) ) ;
#3997 = LINE ( 'NONE', #1159, #3724 ) ;
#3998 = CARTESIAN_POINT ( 'NONE',  ( 112.5236924838038277, 166.9461095557917645, -1.203468868672456615 ) ) ;
#3999 = ADVANCED_FACE ( 'NONE', ( #279 ), #221, .F. ) ;
#4000 = ORIENTED_EDGE ( 'NONE', *, *, #276, .F. ) ;
#4001 = ORIENTED_EDGE ( 'NONE', *, *, #3180, .F. ) ;
#4002 = CARTESIAN_POINT ( 'NONE',  ( 112.1269537963821534, 164.0406795021883397, -3.030300000000080818 ) ) ;
#4003 = EDGE_CURVE ( 'NONE', #120, #4039, #1418, .T. ) ;
#4004 = ADVANCED_FACE ( 'NONE', ( #2427 ), #2081, .F. ) ;
#4005 = DIRECTION ( 'NONE',  ( -3.469446951953614978E-15, -0.7071067811865436870, -0.7071067811865513475 ) ) ;
#4006 = ORIENTED_EDGE ( 'NONE', *, *, #2897, .T. ) ;
#4007 = DIRECTION ( 'NONE',  ( 3.276546970796260536E-15, 0.3826834323650908365, 0.9238795325112862944 ) ) ;
#4008 = DIRECTION ( 'NONE',  ( 0.000000000000000000, 0.7071067811865437980, 0.7071067811865513475 ) ) ;
#4009 = CARTESIAN_POINT ( 'NONE',  ( -112.9999999999999716, 163.5896972810288617, -3.869079209515385642 ) ) ;
#4010 = CARTESIAN_POINT ( 'NONE',  ( -116.0000000000000853, 135.4999999999999432, -33.00000000000000711 ) ) ;
#4011 = CARTESIAN_POINT ( 'NONE',  ( 112.0000000000000142, -164.5000000000000284, -4.000000000000041744 ) ) ;
#4012 = CARTESIAN_POINT ( 'NONE',  ( -46.50000000000000000, 226.3011326757046504, -60.55849198858470572 ) ) ;
#4013 = ORIENTED_EDGE ( 'NONE', *, *, #1324, .T. ) ;
#4014 = EDGE_CURVE ( 'NONE', #1056, #2704, #1823, .T. ) ;
#4015 = CARTESIAN_POINT ( 'NONE',  ( -116.0000000000000568, -134.5000000000000284, -33.00000000000000711 ) ) ;
#4016 = CARTESIAN_POINT ( 'NONE',  ( -112.9999999999999858, 164.4684698699920204, -4.382683432365096721 ) ) ;
#4017 = CARTESIAN_POINT ( 'NONE',  ( 112.7754369370734935, 164.7304017232526974, -3.801848718800214133 ) ) ;
#4018 = EDGE_LOOP ( 'NONE', ( #2778, #2148 ) ) ;
#4019 = EDGE_LOOP ( 'NONE', ( #413, #2153, #3876, #3498 ) ) ;
#4020 = ORIENTED_EDGE ( 'NONE', *, *, #1969, .T. ) ;
#4021 = CARTESIAN_POINT ( 'NONE',  ( 111.9999999999999574, 252.8883476483188986, -92.80256121069116659 ) ) ;
#4022 = LINE ( 'NONE', #3672, #3832 ) ;
#4023 = DIRECTION ( 'NONE',  ( -1.000000000000000000, 0.000000000000000000, 0.000000000000000000 ) ) ;
#4024 = ORIENTED_EDGE ( 'NONE', *, *, #1920, .T. ) ;
#4025 = CARTESIAN_POINT ( 'NONE',  ( -79.99999999999998579, 0.000000000000000000, -3.000000000000000000 ) ) ;
#4026 = CARTESIAN_POINT ( 'NONE',  ( -116.0000000000003837, 2.918234633721128595E-13, 2.918234633721158382E-13 ) ) ;
#4027 = EDGE_CURVE ( 'NONE', #2174, #452, #506, .T. ) ;
#4028 = CIRCLE ( 'NONE', #1012, 1.249999999999973355 ) ;
#4029 = DIRECTION ( 'NONE',  ( -1.000000000000000000, -0.000000000000000000, 3.469446951953614189E-15 ) ) ;
#4030 = CARTESIAN_POINT ( 'NONE',  ( -113.0000000000000711, 135.4999999999999432, -33.00000000000002132 ) ) ;
#4031 = CARTESIAN_POINT ( 'NONE',  ( -20.00000000000000000, 220.3614357137376771, -68.76093065034868346 ) ) ;
#4032 = AXIS2_PLACEMENT_3D ( 'NONE', #3756, #1205, #2176 ) ;
#4033 = CARTESIAN_POINT ( 'NONE',  ( -116.0000000000001137, 225.3111831820437487, -120.3797256769665864 ) ) ;
#4034 = AXIS2_PLACEMENT_3D ( 'NONE', #429, #1393, #2346 ) ;
#4035 = DIRECTION ( 'NONE',  ( 0.000000000000000000, 0.000000000000000000, 1.000000000000000000 ) ) ;
#4036 = CARTESIAN_POINT ( 'NONE',  ( 114.4766232814989024, 166.5240007509866871, -1.880688546944513595 ) ) ;
#4037 = ORIENTED_EDGE ( 'NONE', *, *, #2539, .T. ) ;
#4038 = AXIS2_PLACEMENT_3D ( 'NONE', #2058, #1668, #2924 ) ;
#4039 = VERTEX_POINT ( 'NONE', #1455 ) ;
#4040 = VECTOR ( 'NONE', #2690, 999.9999999999998863 ) ;
#4041 = VERTEX_POINT ( 'NONE', #3968 ) ;
#4042 = DIRECTION ( 'NONE',  ( -3.469446951953609456E-15, -0.7071067811865441310, -0.7071067811865510144 ) ) ;
#4043 = AXIS2_PLACEMENT_3D ( 'NONE', #1743, #4029, #2688 ) ;
#4044 = ORIENTED_EDGE ( 'NONE', *, *, #1618, .T. ) ;
#4045 = CIRCLE ( 'NONE', #2992, 1.250000000000005329 ) ;
#4046 = CARTESIAN_POINT ( 'NONE',  ( 112.0000000000000711, -164.5000000000000284, -8.239936510889833698E-14 ) ) ;
#4047 = DIRECTION ( 'NONE',  ( -0.000000000000000000, 0.7071067811865437980, 0.7071067811865513475 ) ) ;
#4048 = AXIS2_PLACEMENT_3D ( 'NONE', #267, #1178, #533 ) ;
#4049 = CIRCLE ( 'NONE', #2604, 1.249999999999862332 ) ;
#4050 = DIRECTION ( 'NONE',  ( 0.000000000000000000, -0.7071067811865512365, 0.7071067811865439090 ) ) ;
#4051 = PERSON_AND_ORGANIZATION ( #1244, #1354 ) ;
#4052 = CARTESIAN_POINT ( 'NONE',  ( 111.9999999999999574, 164.7928932188135036, -3.292893218813481848 ) ) ;
#4053 = CARTESIAN_POINT ( 'NONE',  ( 111.9999999999999574, 164.7928932188135036, -3.292893218813480072 ) ) ;
#4054 = CARTESIAN_POINT ( 'NONE',  ( -79.99999999999998579, -120.0000000000000000, 0.000000000000000000 ) ) ;
#4055 = CARTESIAN_POINT ( 'NONE',  ( -81.24999999999995737, -120.0000000000000000, -3.000000000000000000 ) ) ;
#4056 = CARTESIAN_POINT ( 'NONE',  ( 116.0000000000004547, 135.4999999999999432, -33.00000000000081002 ) ) ;
#4057 = DIRECTION ( 'NONE',  ( -0.000000000000000000, 0.7071067811865437980, 0.7071067811865513475 ) ) ;
#4058 = EDGE_LOOP ( 'NONE', ( #3651, #39, #1250, #3705 ) ) ;
#4059 = EDGE_LOOP ( 'NONE', ( #2969, #436, #3362, #2553 ) ) ;
#4060 = ORIENTED_EDGE ( 'NONE', *, *, #1448, .F. ) ;
#4061 = DIRECTION ( 'NONE',  ( -1.000000000000000000, -0.000000000000000000, -0.000000000000000000 ) ) ;
#4062 = DIRECTION ( 'NONE',  ( 0.000000000000000000, -0.7071067811865496822, 0.7071067811865453523 ) ) ;
#4063 = ADVANCED_FACE ( 'NONE', ( #2406 ), #1617, .F. ) ;
#4064 = ORIENTED_EDGE ( 'NONE', *, *, #2297, .T. ) ;
#4065 = LINE ( 'NONE', #1227, #3238 ) ;
#4066 = EDGE_CURVE ( 'NONE', #4039, #120, #693, .T. ) ;
#4067 = CARTESIAN_POINT ( 'NONE',  ( 116.0000000000003126, 189.0735931288074596, -68.75000000000095213 ) ) ;
#4068 = PERSON_AND_ORGANIZATION ( #1244, #1354 ) ;
#4069 = CARTESIAN_POINT ( 'NONE',  ( -79.99999999999998579, 120.0000000000000000, 1.402220585023716934E-15 ) ) ;
#4070 = DIRECTION ( 'NONE',  ( 0.000000000000000000, -0.3826834323650835090, -0.9238795325112892920 ) ) ;
#4071 = ADVANCED_FACE ( 'NONE', ( #2257 ), #2502, .T. ) ;
#4072 = DIRECTION ( 'NONE',  ( 0.000000000000000000, 0.000000000000000000, 1.000000000000000000 ) ) ;
#4073 = DIRECTION ( 'NONE',  ( -0.000000000000000000, 0.7071067811865437980, 0.7071067811865513475 ) ) ;
#4074 = FACE_OUTER_BOUND ( 'NONE', #2228, .T. ) ;
#4075 = B_SPLINE_CURVE_WITH_KNOTS ( 'NONE', 3,
 ( #1544, #653, #3747, #926, #3432, #614 ),
 .UNSPECIFIED., .F., .F.,
 ( 4, 2, 4 ),
 ( 0.000000000000000000, 0.5000000000000000000, 1.000000000000000000 ),
 .UNSPECIFIED. ) ;
#4076 = EDGE_LOOP ( 'NONE', ( #3517, #1596 ) ) ;
#4077 = ORIENTED_EDGE ( 'NONE', *, *, #789, .F. ) ;
#4078 = CARTESIAN_POINT ( 'NONE',  ( 45.50000000000000000, 221.4928065636361509, -69.89230150024715726 ) ) ;
#4079 = ORIENTED_EDGE ( 'NONE', *, *, #3356, .T. ) ;
ENDSEC;
END-ISO-10303-21;
