ISO-10303-21;
HEADER;
FILE_DESCRIPTION (( 'STEP AP203' ),
    '1' );
FILE_NAME ('part_yaobu_3.STEP',
    '2026-06-30T15:14:47',
    ( '' ),
    ( '' ),
    'SwSTEP 2.0',
    'SolidWorks 2025',
    '' );
FILE_SCHEMA (( 'CONFIG_CONTROL_DESIGN' ));
ENDSEC;

DATA;
#1 = CARTESIAN_POINT ( 'NONE',  ( 302.0727335998747094, -29.12203884117228370, -2.998334211990901998 ) ) ;
#2 = CARTESIAN_POINT ( 'NONE',  ( -284.0000000000000000, 30.00000000000038725, 110.0000000000000000 ) ) ;
#3 = ORIENTED_EDGE ( 'NONE', *, *, #4210, .F. ) ;
#4 = CARTESIAN_POINT ( 'NONE',  ( 243.4350288425443978, -34.00000000000027001, 72.83502884254419030 ) ) ;
#5 = CYLINDRICAL_SURFACE ( 'NONE', #1825, 2.249999999999974243 ) ;
#6 = ADVANCED_FACE ( 'NONE', ( #1349 ), #6152, .F. ) ;
#7 = AXIS2_PLACEMENT_3D ( 'NONE', #6525, #4211, #554 ) ;
#8 = CARTESIAN_POINT ( 'NONE',  ( 118.9999999999999716, 34.00000000000038369, 109.9999999999999858 ) ) ;
#9 = AXIS2_PLACEMENT_3D ( 'NONE', #3283, #5677, #6349 ) ;
#10 = DIRECTION ( 'NONE',  ( -0.000000000000000000, 1.000000000000000000, -3.504141421473150331E-15 ) ) ;
#11 = DIRECTION ( 'NONE',  ( 0.000000000000000000, 3.349810850162163119E-15, 1.000000000000000000 ) ) ;
#12 = ADVANCED_FACE ( 'NONE', ( #2166 ), #6386, .F. ) ;
#13 = EDGE_LOOP ( 'NONE', ( #41, #7384, #4075, #3231 ) ) ;
#14 = COORDINATED_UNIVERSAL_TIME_OFFSET ( 8, 0, .AHEAD. ) ;
#15 = CARTESIAN_POINT ( 'NONE',  ( -25.00000000000000000, 31.55000000000010729, 28.99999999999999645 ) ) ;
#16 = CIRCLE ( 'NONE', #2392, 3.149999999999999911 ) ;
#17 = DIRECTION ( 'NONE',  ( -0.000000000000000000, 1.000000000000000000, -3.498359009886561105E-15 ) ) ;
#18 = FACE_OUTER_BOUND ( 'NONE', #6023, .T. ) ;
#19 = LINE ( 'NONE', #6654, #5940 ) ;
#20 = ORIENTED_EDGE ( 'NONE', *, *, #2436, .T. ) ;
#21 = CIRCLE ( 'NONE', #3659, 2.250000000000001776 ) ;
#22 = CARTESIAN_POINT ( 'NONE',  ( 174.0000000000000000, 32.55000000000038085, 109.9999999999999858 ) ) ;
#23 = ORIENTED_EDGE ( 'NONE', *, *, #3769, .T. ) ;
#24 = DIRECTION ( 'NONE',  ( -0.000000000000000000, 1.000000000000000000, 3.498359009886561105E-15 ) ) ;
#25 = ORIENTED_EDGE ( 'NONE', *, *, #145, .T. ) ;
#26 = EDGE_CURVE ( 'NONE', #4504, #2454, #1979, .T. ) ;
#27 = AXIS2_PLACEMENT_3D ( 'NONE', #1102, #7150, #102 ) ;
#28 = VERTEX_POINT ( 'NONE', #2212 ) ;
#29 = FACE_BOUND ( 'NONE', #5537, .T. ) ;
#30 = ORIENTED_EDGE ( 'NONE', *, *, #7148, .F. ) ;
#31 = CARTESIAN_POINT ( 'NONE',  ( -63.99999999999997158, 34.00000000000039790, 113.1499999999999915 ) ) ;
#32 = ORIENTED_EDGE ( 'NONE', *, *, #1570, .F. ) ;
#33 = CARTESIAN_POINT ( 'NONE',  ( -243.4350288425439146, -34.00000000000017764, 50.06497115745530380 ) ) ;
#34 = AXIS2_PLACEMENT_3D ( 'NONE', #2336, #1706, #1268 ) ;
#35 = ORIENTED_EDGE ( 'NONE', *, *, #3198, .F. ) ;
#36 = EDGE_CURVE ( 'NONE', #4583, #500, #952, .T. ) ;
#37 = AXIS2_PLACEMENT_3D ( 'NONE', #3782, #790, #2083 ) ;
#38 = VECTOR ( 'NONE', #5368, 999.9999999999998863 ) ;
#39 = CARTESIAN_POINT ( 'NONE',  ( 25.00000000000000000, 34.00000000000031264, 88.99999999999998579 ) ) ;
#40 = CARTESIAN_POINT ( 'NONE',  ( 25.00000000000000000, 34.00000000000021316, 58.99999999999999289 ) ) ;
#41 = ORIENTED_EDGE ( 'NONE', *, *, #5505, .T. ) ;
#42 = CARTESIAN_POINT ( 'NONE',  ( -284.0000000000000000, -34.00000000000038369, 111.6999999999999602 ) ) ;
#43 = CARTESIAN_POINT ( 'NONE',  ( 215.4999999999999432, 34.00000000000027001, 78.00000000000005684 ) ) ;
#44 = AXIS2_PLACEMENT_3D ( 'NONE', #4654, #7041, #672 ) ;
#45 = CIRCLE ( 'NONE', #5195, 1.700000000000007061 ) ;
#46 = VECTOR ( 'NONE', #2466, 1000.000000000000114 ) ;
#47 = AXIS2_PLACEMENT_3D ( 'NONE', #6958, #3857, #2113 ) ;
#48 = DIRECTION ( 'NONE',  ( 0.000000000000000000, 3.083952846180988111E-15, 1.000000000000000000 ) ) ;
#49 = FACE_OUTER_BOUND ( 'NONE', #3981, .T. ) ;
#50 = DIRECTION ( 'NONE',  ( 0.000000000000000000, 0.000000000000000000, -1.000000000000000000 ) ) ;
#51 = VERTEX_POINT ( 'NONE', #3867 ) ;
#52 = PERSON_AND_ORGANIZATION ( #5168, #4399 ) ;
#53 = DIRECTION ( 'NONE',  ( 0.000000000000000000, 0.000000000000000000, -1.000000000000000000 ) ) ;
#54 = CIRCLE ( 'NONE', #2315, 32.00000000000002132 ) ;
#55 = ADVANCED_FACE ( 'NONE', ( #6262 ), #2740, .F. ) ;
#56 = LINE ( 'NONE', #1417, #5144 ) ;
#57 = EDGE_CURVE ( 'NONE', #5025, #2683, #3279, .T. ) ;
#58 = CARTESIAN_POINT ( 'NONE',  ( -215.4999999999999716, 30.00000000000017408, 49.00000000000000711 ) ) ;
#59 = DIRECTION ( 'NONE',  ( 0.000000000000000000, -1.000000000000000000, 3.498359009886561105E-15 ) ) ;
#60 = CARTESIAN_POINT ( 'NONE',  ( -25.00000000000000000, 34.00000000000029843, 84.29999999999998295 ) ) ;
#61 = VERTEX_POINT ( 'NONE', #4494 ) ;
#62 = DIRECTION ( 'NONE',  ( -0.000000000000000000, 1.000000000000000000, -3.498359009886561105E-15 ) ) ;
#63 = EDGE_LOOP ( 'NONE', ( #7617, #717, #20, #3618 ) ) ;
#64 = CARTESIAN_POINT ( 'NONE',  ( 303.0303208856869333, -29.17085437764118794, -2.097315468673523586 ) ) ;
#65 = ORIENTED_EDGE ( 'NONE', *, *, #3914, .F. ) ;
#66 = ORIENTED_EDGE ( 'NONE', *, *, #6969, .T. ) ;
#67 = FACE_BOUND ( 'NONE', #1811, .T. ) ;
#68 = ORIENTED_EDGE ( 'NONE', *, *, #2674, .T. ) ;
#69 = DIRECTION ( 'NONE',  ( 0.000000000000000000, 0.000000000000000000, -1.000000000000000000 ) ) ;
#70 = ORIENTED_EDGE ( 'NONE', *, *, #4164, .F. ) ;
#71 = CYLINDRICAL_SURFACE ( 'NONE', #2702, 6.999999999999957367 ) ;
#72 = ORIENTED_EDGE ( 'NONE', *, *, #1093, .F. ) ;
#73 = CIRCLE ( 'NONE', #6479, 4.699999999999999289 ) ;
#74 = CARTESIAN_POINT ( 'NONE',  ( -174.0000000000000000, 32.55000000000038796, 111.6999999999999886 ) ) ;
#75 = EDGE_CURVE ( 'NONE', #2219, #2277, #367, .T. ) ;
#76 = LINE ( 'NONE', #4762, #7198 ) ;
#77 = EDGE_LOOP ( 'NONE', ( #6251, #3400, #4861, #4204 ) ) ;
#78 = DIRECTION ( 'NONE',  ( -0.000000000000000000, 1.000000000000000000, 3.498359009886561105E-15 ) ) ;
#79 = EDGE_CURVE ( 'NONE', #5500, #4389, #287, .T. ) ;
#80 = CARTESIAN_POINT ( 'NONE',  ( -197.9999999999999716, -30.00000000000010303, 29.24999999999978328 ) ) ;
#81 = VECTOR ( 'NONE', #615, 1000.000000000000000 ) ;
#82 = LINE ( 'NONE', #1297, #767 ) ;
#83 = CARTESIAN_POINT ( 'NONE',  ( -299.1952621458756312, -29.89222690360981716, 0.4780133412367120194 ) ) ;
#84 = DIRECTION ( 'NONE',  ( -0.000000000000000000, -1.000000000000000000, -0.000000000000000000 ) ) ;
#85 = ADVANCED_FACE ( 'NONE', ( #4458 ), #5794, .F. ) ;
#86 = ORIENTED_EDGE ( 'NONE', *, *, #6636, .T. ) ;
#87 = CARTESIAN_POINT ( 'NONE',  ( -216.5649711574550906, -34.00000000000017764, 50.06497115745585802 ) ) ;
#88 = DIRECTION ( 'NONE',  ( 0.000000000000000000, 4.081702296416033352E-15, 1.000000000000000000 ) ) ;
#89 = ADVANCED_FACE ( 'NONE', ( #6381 ), #6343, .F. ) ;
#90 = CARTESIAN_POINT ( 'NONE',  ( -243.4350288425443978, -30.00000000000027001, 76.93502884254417040 ) ) ;
#91 = CARTESIAN_POINT ( 'NONE',  ( 299.1220388411724684, 32.07273359987456729, -2.998334211990906439 ) ) ;
#92 = CYLINDRICAL_SURFACE ( 'NONE', #2417, 2.249999999999998668 ) ;
#93 = ORIENTED_EDGE ( 'NONE', *, *, #6019, .F. ) ;
#94 = CARTESIAN_POINT ( 'NONE',  ( -298.9999999999999432, -29.00000000000000000, 0.000000000000000000 ) ) ;
#95 = ORIENTED_EDGE ( 'NONE', *, *, #2509, .F. ) ;
#96 = CARTESIAN_POINT ( 'NONE',  ( 63.99999999999997158, -34.00000000000038369, 106.8499999999999801 ) ) ;
#97 = ORIENTED_EDGE ( 'NONE', *, *, #5928, .T. ) ;
#98 = EDGE_CURVE ( 'NONE', #4888, #6501, #407, .T. ) ;
#99 = EDGE_CURVE ( 'NONE', #5925, #3086, #1576, .T. ) ;
#100 = VERTEX_POINT ( 'NONE', #7004 ) ;
#101 = LINE ( 'NONE', #6702, #7282 ) ;
#102 = DIRECTION ( 'NONE',  ( 0.000000000000000000, 4.081702296416033352E-15, 1.000000000000000000 ) ) ;
#103 = EDGE_LOOP ( 'NONE', ( #1614, #1790, #35, #730 ) ) ;
#104 = DIRECTION ( 'NONE',  ( 0.000000000000000000, 0.000000000000000000, -1.000000000000000000 ) ) ;
#105 = ORIENTED_EDGE ( 'NONE', *, *, #358, .F. ) ;
#106 = CARTESIAN_POINT ( 'NONE',  ( -174.0000000000000000, 34.00000000000039080, 111.6999999999999886 ) ) ;
#107 = EDGE_CURVE ( 'NONE', #5025, #500, #5169, .T. ) ;
#108 = ORIENTED_EDGE ( 'NONE', *, *, #6248, .F. ) ;
#109 = ORIENTED_EDGE ( 'NONE', *, *, #4849, .F. ) ;
#110 = DIRECTION ( 'NONE',  ( -0.000000000000000000, -1.000000000000000000, -0.000000000000000000 ) ) ;
#111 = AXIS2_PLACEMENT_3D ( 'NONE', #5664, #2037, #6335 ) ;
#112 = CARTESIAN_POINT ( 'NONE',  ( -197.9999999999999716, -34.00000000000011369, 26.79999999999977689 ) ) ;
#113 = ORIENTED_EDGE ( 'NONE', *, *, #5665, .T. ) ;
#114 = DIRECTION ( 'NONE',  ( 0.000000000000000000, -3.469446951953614978E-15, -1.000000000000000000 ) ) ;
#115 = CARTESIAN_POINT ( 'NONE',  ( -244.4999999999997442, 30.00000000000016698, 110.0000000000000000 ) ) ;
#116 = ADVANCED_FACE ( 'NONE', ( #450 ), #7518, .F. ) ;
#117 = DIRECTION ( 'NONE',  ( -0.000000000000000000, -1.000000000000000000, -0.000000000000000000 ) ) ;
#118 = DIRECTION ( 'NONE',  ( 0.000000000000000000, 2.952720810173289309E-15, 1.000000000000000000 ) ) ;
#119 = DIRECTION ( 'NONE',  ( -0.000000000000000000, -1.000000000000000000, -0.000000000000000000 ) ) ;
#120 = CIRCLE ( 'NONE', #6030, 2.249999999999974243 ) ;
#121 = EDGE_LOOP ( 'NONE', ( #5227, #5679, #1909, #6736 ) ) ;
#122 = LINE ( 'NONE', #2510, #6637 ) ;
#123 = EDGE_CURVE ( 'NONE', #766, #2766, #2086, .T. ) ;
#124 = CIRCLE ( 'NONE', #2625, 2.249999999999995115 ) ;
#125 = LINE ( 'NONE', #4370, #3012 ) ;
#126 = CARTESIAN_POINT ( 'NONE',  ( 174.0000000000000000, 34.00000000000038369, 109.9999999999999858 ) ) ;
#127 = DIRECTION ( 'NONE',  ( 0.000000000000000000, -3.083952846180997183E-15, -1.000000000000000000 ) ) ;
#128 = CARTESIAN_POINT ( 'NONE',  ( -300.3192093371706619, 29.04881553646891135, -3.908822290408314970 ) ) ;
#129 = CARTESIAN_POINT ( 'NONE',  ( -299.9999999999999432, -29.29289321881345742, 1.000000000000000888 ) ) ;
#130 = VERTEX_POINT ( 'NONE', #3358 ) ;
#131 = AXIS2_PLACEMENT_3D ( 'NONE', #4614, #866, #5213 ) ;
#132 = CARTESIAN_POINT ( 'NONE',  ( 174.0000000000000000, -34.00000000000038369, 113.1499999999999773 ) ) ;
#133 = AXIS2_PLACEMENT_3D ( 'NONE', #6048, #3054, #6665 ) ;
#134 = VERTEX_POINT ( 'NONE', #5751 ) ;
#135 = ORIENTED_EDGE ( 'NONE', *, *, #3252, .T. ) ;
#136 = CIRCLE ( 'NONE', #6547, 31.99999999999999289 ) ;
#137 = LINE ( 'NONE', #6856, #6908 ) ;
#138 = DIRECTION ( 'NONE',  ( -0.000000000000000000, -1.000000000000000000, -0.000000000000000000 ) ) ;
#139 = VERTEX_POINT ( 'NONE', #4021 ) ;
#140 = FACE_BOUND ( 'NONE', #7221, .T. ) ;
#141 = EDGE_LOOP ( 'NONE', ( #2867, #4667, #2715, #3574 ) ) ;
#142 = CARTESIAN_POINT ( 'NONE',  ( -299.2684810546188601, 34.03999999999999915, 0.3401467520116134846 ) ) ;
#143 = ORIENTED_EDGE ( 'NONE', *, *, #5411, .T. ) ;
#144 = AXIS2_PLACEMENT_3D ( 'NONE', #4518, #2110, #852 ) ;
#145 = EDGE_CURVE ( 'NONE', #6706, #5405, #2602, .T. ) ;
#146 = ORIENTED_EDGE ( 'NONE', *, *, #2511, .F. ) ;
#147 = CARTESIAN_POINT ( 'NONE',  ( 0.000000000000000000, 34.00000000000022027, 61.24999999999998579 ) ) ;
#148 = EDGE_CURVE ( 'NONE', #2422, #2017, #4650, .T. ) ;
#149 = CIRCLE ( 'NONE', #3547, 1.699999999999993072 ) ;
#150 = CARTESIAN_POINT ( 'NONE',  ( 197.9999999999999716, -34.00000000000011369, 33.74999999999978684 ) ) ;
#151 = ORIENTED_EDGE ( 'NONE', *, *, #439, .F. ) ;
#152 = DIRECTION ( 'NONE',  ( 1.000000000000000000, 0.000000000000000000, 0.000000000000000000 ) ) ;
#153 = FACE_OUTER_BOUND ( 'NONE', #3229, .T. ) ;
#154 = AXIS2_PLACEMENT_3D ( 'NONE', #5988, #4764, #7666 ) ;
#155 = AXIS2_PLACEMENT_3D ( 'NONE', #4580, #414, #2886 ) ;
#156 = DIRECTION ( 'NONE',  ( 0.000000000000000000, 0.000000000000000000, -1.000000000000000000 ) ) ;
#157 = DIRECTION ( 'NONE',  ( 0.000000000000000000, 4.405646923115700682E-15, 1.000000000000000000 ) ) ;
#158 = ADVANCED_FACE ( 'NONE', ( #1775 ), #3621, .F. ) ;
#159 = DIRECTION ( 'NONE',  ( -0.000000000000000000, -1.000000000000000000, -0.000000000000000000 ) ) ;
#160 = AXIS2_PLACEMENT_3D ( 'NONE', #5932, #3710, #4339 ) ;
#161 = ORIENTED_EDGE ( 'NONE', *, *, #3993, .F. ) ;
#162 = DIRECTION ( 'NONE',  ( 0.000000000000000000, 0.000000000000000000, -1.000000000000000000 ) ) ;
#163 = AXIS2_PLACEMENT_3D ( 'NONE', #1808, #4140, #7236 ) ;
#164 = CIRCLE ( 'NONE', #3436, 2.249999999999974243 ) ;
#165 = CARTESIAN_POINT ( 'NONE',  ( -197.9999999999999716, -34.00000000000011369, 31.49999999999978684 ) ) ;
#166 = CARTESIAN_POINT ( 'NONE',  ( 160.0000000000000284, 30.00000000000013856, 38.49999999999996447 ) ) ;
#167 = CARTESIAN_POINT ( 'NONE',  ( -301.5180949018543970, -29.09763107293782625, -3.368931941771303062 ) ) ;
#168 = ADVANCED_FACE ( 'NONE', ( #4224 ), #7392, .F. ) ;
#169 = FACE_OUTER_BOUND ( 'NONE', #831, .T. ) ;
#170 = DIRECTION ( 'NONE',  ( 0.000000000000000000, 0.000000000000000000, -1.000000000000000000 ) ) ;
#171 = ORIENTED_EDGE ( 'NONE', *, *, #3780, .F. ) ;
#172 = AXIS2_PLACEMENT_3D ( 'NONE', #2988, #4727, #6638 ) ;
#173 = EDGE_CURVE ( 'NONE', #3092, #3371, #6031, .T. ) ;
#174 = LINE ( 'NONE', #2598, #6981 ) ;
#175 = AXIS2_PLACEMENT_3D ( 'NONE', #7143, #7703, #7025 ) ;
#176 = VERTEX_POINT ( 'NONE', #7763 ) ;
#177 = ORIENTED_EDGE ( 'NONE', *, *, #991, .T. ) ;
#178 = CARTESIAN_POINT ( 'NONE',  ( -197.9999999999999716, -34.00000000000011369, 31.49999999999978684 ) ) ;
#179 = FACE_OUTER_BOUND ( 'NONE', #7468, .T. ) ;
#180 = VERTEX_POINT ( 'NONE', #1700 ) ;
#181 = FACE_OUTER_BOUND ( 'NONE', #7550, .T. ) ;
#182 = ORIENTED_EDGE ( 'NONE', *, *, #3242, .T. ) ;
#183 = ADVANCED_FACE ( 'NONE', ( #7088 ), #7775, .F. ) ;
#184 = CARTESIAN_POINT ( 'NONE',  ( -299.2928932188133331, 29.95960000000000534, 1.000000000000001110 ) ) ;
#185 = ORIENTED_EDGE ( 'NONE', *, *, #57, .F. ) ;
#186 = VECTOR ( 'NONE', #6124, 1000.000000000000000 ) ;
#187 = ORIENTED_EDGE ( 'NONE', *, *, #1081, .F. ) ;
#188 = DIRECTION ( 'NONE',  ( 0.000000000000000000, -3.083952846180992055E-15, -1.000000000000000000 ) ) ;
#189 = VECTOR ( 'NONE', #4709, 1000.000000000000114 ) ;
#190 = FACE_OUTER_BOUND ( 'NONE', #2419, .T. ) ;
#191 = ORIENTED_EDGE ( 'NONE', *, *, #3225, .T. ) ;
#192 = PLANE ( 'NONE',  #2918 ) ;
#193 = LINE ( 'NONE', #2583, #1205 ) ;
#194 = EDGE_CURVE ( 'NONE', #2648, #4977, #4761, .T. ) ;
#195 = CIRCLE ( 'NONE', #5230, 4.699999999999981526 ) ;
#196 = DIRECTION ( 'NONE',  ( 0.000000000000000000, 1.000000000000000000, 0.000000000000000000 ) ) ;
#197 = CARTESIAN_POINT ( 'NONE',  ( 303.8698633833416238, 29.24407768234455673, -0.3087394217964412602 ) ) ;
#198 = AXIS2_PLACEMENT_3D ( 'NONE', #7658, #7541, #1595 ) ;
#199 = PLANE ( 'NONE',  #4433 ) ;
#200 = ORIENTED_EDGE ( 'NONE', *, *, #6496, .T. ) ;
#201 = FACE_OUTER_BOUND ( 'NONE', #305, .T. ) ;
#202 = AXIS2_PLACEMENT_3D ( 'NONE', #2047, #5485, #4343 ) ;
#203 = B_SPLINE_CURVE_WITH_KNOTS ( 'NONE', 3,
 ( #1059, #1560, #5863, #2737, #6989, #1681 ),
 .UNSPECIFIED., .F., .F.,
 ( 4, 2, 4 ),
 ( 0.000000000000000000, 0.5000000000000000000, 1.000000000000000000 ),
 .UNSPECIFIED. ) ;
#204 = DIRECTION ( 'NONE',  ( 0.000000000000000000, 0.7071067811865500152, 0.7071067811865451302 ) ) ;
#205 = DIRECTION ( 'NONE',  ( 0.000000000000000000, 3.469446951953614978E-15, 1.000000000000000000 ) ) ;
#206 = CARTESIAN_POINT ( 'NONE',  ( -262.0000000000000000, -34.00000000000011369, 36.19999999999976836 ) ) ;
#207 = CARTESIAN_POINT ( 'NONE',  ( -299.1309225017752738, 29.02441202102778917, 3.674923654132493902E-15 ) ) ;
#208 = CARTESIAN_POINT ( 'NONE',  ( -299.2617993877990443, -29.04881553646891490, 3.665958595716611867E-15 ) ) ;
#209 = ORIENTED_EDGE ( 'NONE', *, *, #2329, .F. ) ;
#210 = DIRECTION ( 'NONE',  ( -0.000000000000000000, 1.000000000000000000, -3.504141421473150331E-15 ) ) ;
#211 = ORIENTED_EDGE ( 'NONE', *, *, #7425, .F. ) ;
#212 = EDGE_LOOP ( 'NONE', ( #6082, #6353 ) ) ;
#213 = ADVANCED_FACE ( 'NONE', ( #4147 ), #1238, .F. ) ;
#214 = FACE_OUTER_BOUND ( 'NONE', #5484, .T. ) ;
#215 = DIRECTION ( 'NONE',  ( 0.000000000000000000, 2.952720810173291281E-15, 1.000000000000000000 ) ) ;
#216 = ORIENTED_EDGE ( 'NONE', *, *, #540, .F. ) ;
#217 = CARTESIAN_POINT ( 'NONE',  ( -63.99999999999997158, 30.00000000000038725, 110.0000000000000000 ) ) ;
#218 = ORIENTED_EDGE ( 'NONE', *, *, #6039, .T. ) ;
#219 = CARTESIAN_POINT ( 'NONE',  ( -299.1220388411722411, 32.09731546867355689, -3.030320885686831556 ) ) ;
#220 = ORIENTED_EDGE ( 'NONE', *, *, #3963, .T. ) ;
#221 = ORIENTED_EDGE ( 'NONE', *, *, #1871, .F. ) ;
#222 = EDGE_CURVE ( 'NONE', #6814, #1727, #6883, .T. ) ;
#223 = ORIENTED_EDGE ( 'NONE', *, *, #654, .F. ) ;
#224 = EDGE_CURVE ( 'NONE', #4044, #5338, #3040, .T. ) ;
#225 = CARTESIAN_POINT ( 'NONE',  ( -299.2440776823444253, -33.86986338334158120, -0.3087394217963989052 ) ) ;
#226 = ADVANCED_FACE ( 'NONE', ( #606 ), #1153, .F. ) ;
#227 = CARTESIAN_POINT ( 'NONE',  ( 160.0000000000000284, 34.00000000000016342, 45.49999999999990763 ) ) ;
#228 = VERTEX_POINT ( 'NONE', #3478 ) ;
#229 = CARTESIAN_POINT ( 'NONE',  ( 299.1220388411723548, 29.58971903248793467, 0.2326396980347096022 ) ) ;
#230 = CARTESIAN_POINT ( 'NONE',  ( 25.00000000000000000, -34.00000000000031264, 91.24999999999971578 ) ) ;
#231 = AXIS2_PLACEMENT_3D ( 'NONE', #7124, #5330, #2333 ) ;
#232 = CARTESIAN_POINT ( 'NONE',  ( -118.9999999999999716, 30.00000000000038725, 110.0000000000000000 ) ) ;
#233 = LINE ( 'NONE', #2622, #5060 ) ;
#234 = VERTEX_POINT ( 'NONE', #2965 ) ;
#235 = CARTESIAN_POINT ( 'NONE',  ( 243.4350288425439146, -30.00000000000017408, 50.06497115745530380 ) ) ;
#236 = ORIENTED_EDGE ( 'NONE', *, *, #2464, .T. ) ;
#237 = AXIS2_PLACEMENT_3D ( 'NONE', #1023, #3506, #1731 ) ;
#238 = DIRECTION ( 'NONE',  ( -0.000000000000000000, 1.000000000000000000, -3.498359009886561105E-15 ) ) ;
#239 = FACE_OUTER_BOUND ( 'NONE', #613, .T. ) ;
#240 = AXIS2_PLACEMENT_3D ( 'NONE', #3557, #1155, #2883 ) ;
#241 = EDGE_CURVE ( 'NONE', #6086, #569, #982, .T. ) ;
#242 = LINE ( 'NONE', #2631, #7561 ) ;
#243 = CARTESIAN_POINT ( 'NONE',  ( -299.6598532479883943, 29.02441216419454406, -4.039999999999996483 ) ) ;
#244 = DIRECTION ( 'NONE',  ( -0.000000000000000000, -1.000000000000000000, -0.000000000000000000 ) ) ;
#245 = VERTEX_POINT ( 'NONE', #7163 ) ;
#246 = CARTESIAN_POINT ( 'NONE',  ( 304.0000000000000568, 0.000000000000000000, 0.9999999999999859002 ) ) ;
#247 = EDGE_LOOP ( 'NONE', ( #1239, #2762, #5455, #5242 ) ) ;
#248 = ORIENTED_EDGE ( 'NONE', *, *, #1325, .T. ) ;
#249 = DIRECTION ( 'NONE',  ( -1.000000000000000000, 0.000000000000000000, -3.491481338843133355E-15 ) ) ;
#250 = CARTESIAN_POINT ( 'NONE',  ( 284.0000000000000000, 30.00000000000039435, 111.6999999999999744 ) ) ;
#251 = AXIS2_PLACEMENT_3D ( 'NONE', #3627, #3513, #1655 ) ;
#252 = ORIENTED_EDGE ( 'NONE', *, *, #7464, .T. ) ;
#253 = VECTOR ( 'NONE', #6306, 1000.000000000000000 ) ;
#254 = DIRECTION ( 'NONE',  ( -1.000000000000000000, 0.000000000000000000, 0.000000000000000000 ) ) ;
#255 = ORIENTED_EDGE ( 'NONE', *, *, #7748, .T. ) ;
#256 = ADVANCED_FACE ( 'NONE', ( #3554 ), #2249, .F. ) ;
#257 = CARTESIAN_POINT ( 'NONE',  ( -299.1708543776411489, 29.76736030196529725, 0.4102809675120749899 ) ) ;
#258 = ORIENTED_EDGE ( 'NONE', *, *, #5028, .F. ) ;
#259 = ORIENTED_EDGE ( 'NONE', *, *, #6480, .T. ) ;
#260 = AXIS2_PLACEMENT_3D ( 'NONE', #1778, #4190, #6584 ) ;
#261 = DIRECTION ( 'NONE',  ( -0.000000000000000000, -1.000000000000000000, -0.000000000000000000 ) ) ;
#262 = B_SPLINE_CURVE_WITH_KNOTS ( 'NONE', 3,
 ( #4073, #2885, #1741, #6467, #5882, #643 ),
 .UNSPECIFIED., .F., .F.,
 ( 4, 2, 4 ),
 ( 0.000000000000000000, 0.5000000000000000000, 1.000000000000000000 ),
 .UNSPECIFIED. ) ;
#263 = ORIENTED_EDGE ( 'NONE', *, *, #1974, .T. ) ;
#264 = CARTESIAN_POINT ( 'NONE',  ( -243.4350288425443978, -30.00000000000027711, 78.88502884254418746 ) ) ;
#265 = VERTEX_POINT ( 'NONE', #3629 ) ;
#266 = CARTESIAN_POINT ( 'NONE',  ( 299.0244121627770824, 29.65461630990706965, -3.999999999999994671 ) ) ;
#267 = DIRECTION ( 'NONE',  ( 8.659560562354871228E-17, 0.7071067811865501263, -0.7071067811865449082 ) ) ;
#268 = VECTOR ( 'NONE', #7380, 1000.000000000000000 ) ;
#269 = EDGE_CURVE ( 'NONE', #1218, #2484, #6385, .T. ) ;
#270 = CONICAL_SURFACE ( 'NONE', #7557, 4.700000000000002842, 0.7853981633974482790 ) ;
#271 = DIRECTION ( 'NONE',  ( -0.000000000000000000, 0.000000000000000000, -1.000000000000000000 ) ) ;
#272 = CARTESIAN_POINT ( 'NONE',  ( 301.5180949018545107, 29.09763107293782980, -3.368931941771294625 ) ) ;
#273 = ORIENTED_EDGE ( 'NONE', *, *, #6732, .F. ) ;
#274 = CARTESIAN_POINT ( 'NONE',  ( -118.9999999999999716, -32.55000000000038085, 109.9999999999999858 ) ) ;
#275 = ORIENTED_EDGE ( 'NONE', *, *, #6049, .T. ) ;
#276 = CONICAL_SURFACE ( 'NONE', #2532, 3.149999999999986144, 0.7853981633974507215 ) ;
#277 = FACE_BOUND ( 'NONE', #3191, .T. ) ;
#278 = AXIS2_PLACEMENT_3D ( 'NONE', #6516, #59, #127 ) ;
#279 = VECTOR ( 'NONE', #11, 1000.000000000000000 ) ;
#280 = DIRECTION ( 'NONE',  ( -0.000000000000000000, 1.000000000000000000, -3.498359009886561105E-15 ) ) ;
#281 = CARTESIAN_POINT ( 'NONE',  ( -303.9999999999999432, -29.29289321881345742, 0.9999999999999492628 ) ) ;
#282 = CARTESIAN_POINT ( 'NONE',  ( 299.2511732698312130, 29.04881553646891490, 0.06537581946908767316 ) ) ;
#283 = DIRECTION ( 'NONE',  ( 1.000000000000000000, -0.000000000000000000, -3.469446951953611231E-16 ) ) ;
#284 = ORIENTED_EDGE ( 'NONE', *, *, #6532, .F. ) ;
#285 = ADVANCED_FACE ( 'NONE', ( #2879 ), #2922, .F. ) ;
#286 = CYLINDRICAL_SURFACE ( 'NONE', #131, 2.249999999999974243 ) ;
#287 = LINE ( 'NONE', #6302, #5632 ) ;
#288 = CIRCLE ( 'NONE', #7314, 3.149999999999986144 ) ;
#289 = AXIS2_PLACEMENT_3D ( 'NONE', #7469, #4484, #3383 ) ;
#290 = EDGE_CURVE ( 'NONE', #5288, #3483, #4738, .T. ) ;
#291 = LINE ( 'NONE', #3947, #2115 ) ;
#292 = VERTEX_POINT ( 'NONE', #1739 ) ;
#293 = DIRECTION ( 'NONE',  ( 0.000000000000000000, 0.000000000000000000, -1.000000000000000000 ) ) ;
#294 = AXIS2_PLACEMENT_3D ( 'NONE', #4559, #6992, #515 ) ;
#295 = CARTESIAN_POINT ( 'NONE',  ( 5.755839955992555710E-16, 34.00000000000009237, 24.29999999999999361 ) ) ;
#296 = EDGE_LOOP ( 'NONE', ( #929, #4647, #5389, #4997 ) ) ;
#297 = AXIS2_PLACEMENT_3D ( 'NONE', #4991, #5583, #114 ) ;
#298 = CARTESIAN_POINT ( 'NONE',  ( 216.5649711574557443, -34.00000000000027001, 74.98502884254469336 ) ) ;
#299 = ORIENTED_EDGE ( 'NONE', *, *, #4984, .F. ) ;
#300 = CARTESIAN_POINT ( 'NONE',  ( 118.9999999999999716, 34.00000000000037659, 108.2999999999999972 ) ) ;
#301 = EDGE_LOOP ( 'NONE', ( #5633, #2062, #3593, #2361 ) ) ;
#302 = CIRCLE ( 'NONE', #6329, 2.250000000000001776 ) ;
#303 = CARTESIAN_POINT ( 'NONE',  ( -298.9999999999999432, 29.00000000000000355, 0.000000000000000000 ) ) ;
#304 = DIRECTION ( 'NONE',  ( -0.000000000000000000, 1.000000000000000000, -3.498359009886561105E-15 ) ) ;
#305 = EDGE_LOOP ( 'NONE', ( #3608, #2382, #4779, #3682 ) ) ;
#306 = DIRECTION ( 'NONE',  ( -0.000000000000000000, -1.000000000000000000, -0.000000000000000000 ) ) ;
#307 = VERTEX_POINT ( 'NONE', #6539 ) ;
#308 = CARTESIAN_POINT ( 'NONE',  ( 299.1220388411723548, 29.61454671997491772, 0.2003331576018230475 ) ) ;
#309 = AXIS2_PLACEMENT_3D ( 'NONE', #7781, #1242, #69 ) ;
#310 = DIRECTION ( 'NONE',  ( 0.000000000000000000, -0.7071067811865474617, -0.7071067811865474617 ) ) ;
#311 = VECTOR ( 'NONE', #7435, 1000.000000000000000 ) ;
#312 = EDGE_CURVE ( 'NONE', #1047, #4619, #5756, .T. ) ;
#313 = ADVANCED_FACE ( 'NONE', ( #1958 ), #5004, .F. ) ;
#314 = DIRECTION ( 'NONE',  ( 0.000000000000000000, 2.952720810173289309E-15, 1.000000000000000000 ) ) ;
#315 = DIRECTION ( 'NONE',  ( -0.000000000000000000, -1.000000000000000000, -0.000000000000000000 ) ) ;
#316 = ORIENTED_EDGE ( 'NONE', *, *, #3860, .F. ) ;
#317 = CARTESIAN_POINT ( 'NONE',  ( -262.0000000000000000, -34.00000000000033396, 95.49999999999977263 ) ) ;
#318 = ORIENTED_EDGE ( 'NONE', *, *, #4418, .F. ) ;
#319 = AXIS2_PLACEMENT_3D ( 'NONE', #4326, #4215, #1142 ) ;
#320 = CARTESIAN_POINT ( 'NONE',  ( -299.0244077682344255, 29.65449846949787727, -3.999999999999995559 ) ) ;
#321 = CONICAL_SURFACE ( 'NONE', #5990, 4.699999999999981526, 0.7853981633974482790 ) ;
#322 = ADVANCED_FACE ( 'NONE', ( #201 ), #1117, .F. ) ;
#323 = CARTESIAN_POINT ( 'NONE',  ( -284.0000000000000000, -34.00000000000038369, 106.8499999999999943 ) ) ;
#324 = DIRECTION ( 'NONE',  ( -0.000000000000000000, 1.000000000000000000, -3.498359009886561105E-15 ) ) ;
#325 = CARTESIAN_POINT ( 'NONE',  ( 303.9088222904083523, 29.24407768234455318, -0.3192093371708240590 ) ) ;
#326 = ADVANCED_FACE ( 'NONE', ( #3192 ), #5592, .F. ) ;
#327 = VERTEX_POINT ( 'NONE', #745 ) ;
#328 = CARTESIAN_POINT ( 'NONE',  ( 174.0000000000000000, -30.00000000000038369, 109.9999999999999858 ) ) ;
#329 = CARTESIAN_POINT ( 'NONE',  ( -243.4350288425439146, -34.00000000000017764, 45.96497115745530948 ) ) ;
#330 = AXIS2_PLACEMENT_3D ( 'NONE', #6510, #1235, #1712 ) ;
#331 = DIRECTION ( 'NONE',  ( -0.000000000000000000, -1.000000000000000000, -0.000000000000000000 ) ) ;
#332 = ORIENTED_EDGE ( 'NONE', *, *, #4988, .T. ) ;
#333 = CARTESIAN_POINT ( 'NONE',  ( -243.4350288425439146, -31.85000000000017550, 50.06497115745530380 ) ) ;
#334 = CYLINDRICAL_SURFACE ( 'NONE', #2287, 1.700000000000007061 ) ;
#335 = ORIENTED_EDGE ( 'NONE', *, *, #2028, .T. ) ;
#336 = LINE ( 'NONE', #298, #4713 ) ;
#337 = EDGE_CURVE ( 'NONE', #7539, #581, #2363, .T. ) ;
#338 = ORIENTED_EDGE ( 'NONE', *, *, #4502, .F. ) ;
#339 = CARTESIAN_POINT ( 'NONE',  ( 216.5649711574557443, -34.00000000000027001, 76.93502884254469620 ) ) ;
#340 = ORIENTED_EDGE ( 'NONE', *, *, #7369, .F. ) ;
#341 = ADVANCED_FACE ( 'NONE', ( #5551 ), #1339, .F. ) ;
#342 = ORIENTED_EDGE ( 'NONE', *, *, #5468, .F. ) ;
#343 = CARTESIAN_POINT ( 'NONE',  ( -284.0000000000000000, -32.55000000000038085, 111.6999999999999602 ) ) ;
#344 = CARTESIAN_POINT ( 'NONE',  ( -284.0000000000000000, -32.55000000000038085, 109.9999999999999858 ) ) ;
#345 = EDGE_LOOP ( 'NONE', ( #5796, #1486, #5813, #943 ) ) ;
#346 = EDGE_CURVE ( 'NONE', #1593, #6491, #4253, .T. ) ;
#347 = CYLINDRICAL_SURFACE ( 'NONE', #6202, 2.249999999999995115 ) ;
#348 = ORIENTED_EDGE ( 'NONE', *, *, #2754, .T. ) ;
#349 = CARTESIAN_POINT ( 'NONE',  ( 299.0244121641945867, 29.65985324798839073, -4.039999999999994706 ) ) ;
#350 = CARTESIAN_POINT ( 'NONE',  ( 262.0000000000000000, -31.55000000000010729, 29.24999999999981171 ) ) ;
#351 = MANIFOLD_SOLID_BREP ( '\X2\955c5411\X0\4', #3507 ) ;
#352 = DIRECTION ( 'NONE',  ( 0.000000000000000000, 3.083952846180988111E-15, 1.000000000000000000 ) ) ;
#353 = CARTESIAN_POINT ( 'NONE',  ( 118.9999999999999716, 32.55000000000038085, 109.9999999999999858 ) ) ;
#354 = DIRECTION ( 'NONE',  ( -0.000000000000000000, -1.000000000000000000, -0.000000000000000000 ) ) ;
#355 = ORIENTED_EDGE ( 'NONE', *, *, #5690, .T. ) ;
#356 = CARTESIAN_POINT ( 'NONE',  ( 216.5649711574550906, -30.00000000000017408, 50.06497115745585802 ) ) ;
#357 = ORIENTED_EDGE ( 'NONE', *, *, #5928, .F. ) ;
#358 = EDGE_CURVE ( 'NONE', #1323, #6517, #6073, .T. ) ;
#359 = FACE_OUTER_BOUND ( 'NONE', #5066, .T. ) ;
#360 = AXIS2_PLACEMENT_3D ( 'NONE', #5079, #6293, #3895 ) ;
#361 = CARTESIAN_POINT ( 'NONE',  ( 63.99999999999997158, -34.00000000000038369, 109.9999999999999858 ) ) ;
#362 = FACE_OUTER_BOUND ( 'NONE', #7043, .T. ) ;
#363 = CARTESIAN_POINT ( 'NONE',  ( 299.4832727735639537, 29.09763107293782980, 0.1615145817352562352 ) ) ;
#364 = VECTOR ( 'NONE', #993, 1000.000000000000000 ) ;
#365 = EDGE_LOOP ( 'NONE', ( #5617, #2178, #1720, #1504 ) ) ;
#366 = FACE_OUTER_BOUND ( 'NONE', #997, .T. ) ;
#367 = LINE ( 'NONE', #3945, #4637 ) ;
#368 = EDGE_CURVE ( 'NONE', #7053, #4471, #4636, .T. ) ;
#369 = CONICAL_SURFACE ( 'NONE', #4770, 3.149999999999986144, 0.7853981633974411736 ) ;
#370 = DIRECTION ( 'NONE',  ( 0.000000000000000000, 0.000000000000000000, -1.000000000000000000 ) ) ;
#371 = EDGE_LOOP ( 'NONE', ( #6072, #4053, #2199, #2678 ) ) ;
#372 = DIRECTION ( 'NONE',  ( -0.000000000000000000, 1.000000000000000000, 3.498359009886561105E-15 ) ) ;
#373 = DIRECTION ( 'NONE',  ( 0.000000000000000000, -3.498359009886561105E-15, 1.000000000000000000 ) ) ;
#374 = ORIENTED_EDGE ( 'NONE', *, *, #504, .F. ) ;
#375 = LINE ( 'NONE', #2177, #570 ) ;
#376 = ORIENTED_EDGE ( 'NONE', *, *, #5842, .F. ) ;
#377 = DIRECTION ( 'NONE',  ( -0.000000000000000000, 1.000000000000000000, -3.498359009886561105E-15 ) ) ;
#378 = AXIS2_PLACEMENT_3D ( 'NONE', #1982, #261, #883 ) ;
#379 = ADVANCED_FACE ( 'NONE', ( #6109 ), #1846, .F. ) ;
#380 = ORIENTED_EDGE ( 'NONE', *, *, #1027, .T. ) ;
#381 = ORIENTED_EDGE ( 'NONE', *, *, #3993, .T. ) ;
#382 = AXIS2_PLACEMENT_3D ( 'NONE', #7288, #3127, #3752 ) ;
#383 = LINE ( 'NONE', #6477, #7533 ) ;
#384 = DIRECTION ( 'NONE',  ( 0.000000000000000000, 0.000000000000000000, -1.000000000000000000 ) ) ;
#385 = ORIENTED_EDGE ( 'NONE', *, *, #4078, .F. ) ;
#386 = LINE ( 'NONE', #5232, #5964 ) ;
#387 = ORIENTED_EDGE ( 'NONE', *, *, #4078, .T. ) ;
#388 = CARTESIAN_POINT ( 'NONE',  ( 299.0488155364690215, 30.30873942179638902, -3.869863383341576313 ) ) ;
#389 = DIRECTION ( 'NONE',  ( 0.000000000000000000, 1.000000000000000000, -3.504141421473150331E-15 ) ) ;
#390 = CIRCLE ( 'NONE', #3270, 1.700000000000007061 ) ;
#391 = CONICAL_SURFACE ( 'NONE', #3152, 3.149999999999999911, 0.7853981633974482790 ) ;
#392 = DIRECTION ( 'NONE',  ( 0.000000000000000000, 0.000000000000000000, -1.000000000000000000 ) ) ;
#393 = CARTESIAN_POINT ( 'NONE',  ( -63.99999999999997158, -34.00000000000038369, 108.2999999999999829 ) ) ;
#394 = VECTOR ( 'NONE', #4569, 1000.000000000000000 ) ;
#395 = DIRECTION ( 'NONE',  ( 0.000000000000000000, 0.000000000000000000, -1.000000000000000000 ) ) ;
#396 = ORIENTED_EDGE ( 'NONE', *, *, #706, .T. ) ;
#397 = CARTESIAN_POINT ( 'NONE',  ( 25.00000000000000000, 30.00000000000030909, 86.75000000000000000 ) ) ;
#398 = ORIENTED_EDGE ( 'NONE', *, *, #1647, .F. ) ;
#399 = FACE_BOUND ( 'NONE', #4344, .T. ) ;
#400 = CIRCLE ( 'NONE', #646, 1.699999999999993072 ) ;
#401 = CARTESIAN_POINT ( 'NONE',  ( 299.0244120195961273, -29.12563319431311015, 0.04039999999999131092 ) ) ;
#402 = CARTESIAN_POINT ( 'NONE',  ( -299.1309225017751032, -29.02441202102776074, 3.674923654132504157E-15 ) ) ;
#403 = CARTESIAN_POINT ( 'NONE',  ( 299.1256331943130817, 29.02441201959609884, 0.04040000000000366909 ) ) ;
#404 = AXIS2_PLACEMENT_3D ( 'NONE', #3128, #2526, #3169 ) ;
#405 = AXIS2_PLACEMENT_3D ( 'NONE', #2248, #5253, #2799 ) ;
#406 = ORIENTED_EDGE ( 'NONE', *, *, #6698, .F. ) ;
#407 = LINE ( 'NONE', #329, #6143 ) ;
#408 = VECTOR ( 'NONE', #7510, 1000.000000000000114 ) ;
#409 = CIRCLE ( 'NONE', #542, 4.700000000000002842 ) ;
#410 = CARTESIAN_POINT ( 'NONE',  ( -298.9999999999999432, -29.29289321881345742, -3.999999999999996447 ) ) ;
#411 = ORIENTED_EDGE ( 'NONE', *, *, #5246, .F. ) ;
#412 = ADVANCED_FACE ( 'NONE', ( #3706 ), #2998, .F. ) ;
#413 = DIRECTION ( 'NONE',  ( 0.000000000000000000, 2.952720810173286943E-15, 1.000000000000000000 ) ) ;
#415 = EDGE_CURVE ( 'NONE', #3090, #7493, #2475, .T. ) ;
#414 = DIRECTION ( 'NONE',  ( -0.000000000000000000, -1.000000000000000000, -0.000000000000000000 ) ) ;
#416 = EDGE_LOOP ( 'NONE', ( #3251, #2637 ) ) ;
#417 = DIRECTION ( 'NONE',  ( 0.000000000000000000, 0.000000000000000000, -1.000000000000000000 ) ) ;
#418 = ORIENTED_EDGE ( 'NONE', *, *, #7047, .F. ) ;
#419 = DIRECTION ( 'NONE',  ( -0.000000000000000000, 1.000000000000000000, -3.504141421473150331E-15 ) ) ;
#420 = EDGE_LOOP ( 'NONE', ( #822, #6895, #5464, #2077 ) ) ;
#421 = ORIENTED_EDGE ( 'NONE', *, *, #3443, .T. ) ;
#422 = AXIS2_PLACEMENT_3D ( 'NONE', #5388, #4132, #7754 ) ;
#423 = FACE_OUTER_BOUND ( 'NONE', #5987, .T. ) ;
#424 = LINE ( 'NONE', #5811, #2412 ) ;
#425 = EDGE_CURVE ( 'NONE', #5013, #4044, #2109, .T. ) ;
#426 = ORIENTED_EDGE ( 'NONE', *, *, #3081, .T. ) ;
#427 = CARTESIAN_POINT ( 'NONE',  ( 244.4999999999998010, 34.00000000000006395, 17.00000000000004974 ) ) ;
#428 = ORIENTED_EDGE ( 'NONE', *, *, #7492, .F. ) ;
#429 = DIRECTION ( 'NONE',  ( -0.000000000000000000, 1.000000000000000000, 3.498359009886561105E-15 ) ) ;
#430 = CARTESIAN_POINT ( 'NONE',  ( 262.0000000000000000, -31.55000000000032756, 97.74999999999975842 ) ) ;
#431 = VECTOR ( 'NONE', #7222, 1000.000000000000000 ) ;
#432 = DIRECTION ( 'NONE',  ( 0.000000000000000000, 0.000000000000000000, -1.000000000000000000 ) ) ;
#433 = CIRCLE ( 'NONE', #1197, 1.700000000000007061 ) ;
#434 = LINE ( 'NONE', #2827, #3664 ) ;
#435 = CARTESIAN_POINT ( 'NONE',  ( -299.9999999999999432, 29.29289321881345742, 1.000000000000000888 ) ) ;
#436 = EDGE_LOOP ( 'NONE', ( #5559, #4172 ) ) ;
#437 = PLANE ( 'NONE',  #4060 ) ;
#438 = CARTESIAN_POINT ( 'NONE',  ( -159.9999999999999716, 24.00000000000011013, 31.50000000000006395 ) ) ;
#439 = EDGE_CURVE ( 'NONE', #3135, #2894, #122, .T. ) ;
#440 = ORIENTED_EDGE ( 'NONE', *, *, #3416, .F. ) ;
#441 = LINE ( 'NONE', #7632, #3255 ) ;
#442 = EDGE_CURVE ( 'NONE', #4530, #4351, #6763, .T. ) ;
#443 = AXIS2_PLACEMENT_3D ( 'NONE', #6530, #5087, #7478 ) ;
#444 = DIRECTION ( 'NONE',  ( -0.000000000000000000, 1.000000000000000000, 3.498359009886561105E-15 ) ) ;
#445 = DIRECTION ( 'NONE',  ( -0.000000000000000000, -1.000000000000000000, -0.000000000000000000 ) ) ;
#446 = VECTOR ( 'NONE', #6081, 1000.000000000000000 ) ;
#447 = CARTESIAN_POINT ( 'NONE',  ( 299.9739726766683816, 29.24407768234455318, 0.7382521156407152452 ) ) ;
#448 = ORIENTED_EDGE ( 'NONE', *, *, #2156, .F. ) ;
#449 = DIRECTION ( 'NONE',  ( 0.000000000000000000, -1.000000000000000000, 0.000000000000000000 ) ) ;
#450 = FACE_OUTER_BOUND ( 'NONE', #5935, .T. ) ;
#451 = VECTOR ( 'NONE', #2391, 1000.000000000000000 ) ;
#452 = CARTESIAN_POINT ( 'NONE',  ( 299.2440776823445958, 30.00000000000001066, 0.7382006122008492044 ) ) ;
#453 = ORIENTED_EDGE ( 'NONE', *, *, #4085, .T. ) ;
#454 = DIRECTION ( 'NONE',  ( -0.000000000000000000, -1.000000000000000000, -0.000000000000000000 ) ) ;
#455 = CYLINDRICAL_SURFACE ( 'NONE', #5428, 1.699999999999979305 ) ;
#456 = ORIENTED_EDGE ( 'NONE', *, *, #3658, .T. ) ;
#457 = CARTESIAN_POINT ( 'NONE',  ( -299.2928932188133331, 30.00000000000000711, 1.000000000000002665 ) ) ;
#458 = ORIENTED_EDGE ( 'NONE', *, *, #7047, .T. ) ;
#459 = CONICAL_SURFACE ( 'NONE', #5864, 4.700000000000002842, 0.7853981633974482790 ) ;
#460 = DIRECTION ( 'NONE',  ( 0.000000000000000000, 0.000000000000000000, -1.000000000000000000 ) ) ;
#461 = ORIENTED_EDGE ( 'NONE', *, *, #5324, .T. ) ;
#462 = ADVANCED_FACE ( 'NONE', ( #3819, #1374, #784, #4917, #2591, #7239, #7313, #4335, #1997, #4409, #1413, #3232, #945, #2081, #7472, #1529, #7552, #980, #3977, #5159, #399, #3386, #277, #2709, #5626, #6998, #1489, #7592, #2160 ), #6373, .F. ) ;
#463 = EDGE_CURVE ( 'NONE', #4603, #307, #2670, .T. ) ;
#464 = ORIENTED_EDGE ( 'NONE', *, *, #4607, .T. ) ;
#465 = VECTOR ( 'NONE', #4928, 1000.000000000000000 ) ;
#466 = CARTESIAN_POINT ( 'NONE',  ( 25.00000000000000000, -34.00000000000031264, 84.29999999999974136 ) ) ;
#467 = DIRECTION ( 'NONE',  ( -0.000000000000000000, 1.000000000000000000, -3.504141421473150331E-15 ) ) ;
#468 = VERTEX_POINT ( 'NONE', #901 ) ;
#469 = DIRECTION ( 'NONE',  ( 0.000000000000000000, 3.083952846180997183E-15, 1.000000000000000000 ) ) ;
#470 = ORIENTED_EDGE ( 'NONE', *, *, #7297, .T. ) ;
#471 = CARTESIAN_POINT ( 'NONE',  ( 197.9999999999999716, -34.00000000000011369, 31.49999999999978684 ) ) ;
#472 = CARTESIAN_POINT ( 'NONE',  ( -174.0000000000000000, -34.00000000000038369, 109.9999999999999858 ) ) ;
#473 = EDGE_CURVE ( 'NONE', #5720, #2608, #3935, .T. ) ;
#474 = EDGE_CURVE ( 'NONE', #2815, #5008, #1738, .T. ) ;
#475 = CARTESIAN_POINT ( 'NONE',  ( -25.00000000000000000, -34.00000000000010658, 33.69999999999976126 ) ) ;
#476 = DIRECTION ( 'NONE',  ( -0.000000000000000000, 1.000000000000000000, -3.504141421473150331E-15 ) ) ;
#477 = LINE ( 'NONE', #7030, #1543 ) ;
#478 = EDGE_LOOP ( 'NONE', ( #4728, #5329, #4019, #4926 ) ) ;
#479 = CYLINDRICAL_SURFACE ( 'NONE', #4549, 1.699999999999993072 ) ;
#480 = DIRECTION ( 'NONE',  ( -0.000000000000000000, -1.000000000000000000, -0.000000000000000000 ) ) ;
#481 = DIRECTION ( 'NONE',  ( 0.000000000000000000, -4.081702296416033352E-15, -1.000000000000000000 ) ) ;
#482 = EDGE_CURVE ( 'NONE', #3730, #5740, #494, .T. ) ;
#483 = CARTESIAN_POINT ( 'NONE',  ( 118.9999999999999716, 32.55000000000037375, 108.2999999999999972 ) ) ;
#484 = CARTESIAN_POINT ( 'NONE',  ( -299.9739726766682679, -29.24407768234454963, 0.7382521156407152452 ) ) ;
#485 = CARTESIAN_POINT ( 'NONE',  ( -262.0000000000000000, -34.00000000000011369, 33.74999999999975842 ) ) ;
#486 = ORIENTED_EDGE ( 'NONE', *, *, #2765, .T. ) ;
#487 = DATE_AND_TIME ( #3477, #5160 ) ;
#488 = DIRECTION ( 'NONE',  ( -0.000000000000000000, 1.000000000000000000, -3.498359009886561105E-15 ) ) ;
#489 = EDGE_CURVE ( 'NONE', #4222, #7579, #6136, .T. ) ;
#490 = EDGE_CURVE ( 'NONE', #4977, #2648, #2610, .T. ) ;
#491 = LINE ( 'NONE', #1196, #3004 ) ;
#492 = ORIENTED_EDGE ( 'NONE', *, *, #4534, .F. ) ;
#493 = DIRECTION ( 'NONE',  ( 0.000000000000000000, -0.7071067811865457964, -0.7071067811865492381 ) ) ;
#494 = CIRCLE ( 'NONE', #2485, 1.699999999999993072 ) ;
#495 = DIRECTION ( 'NONE',  ( 0.000000000000000000, 4.081702296416066484E-15, 1.000000000000000000 ) ) ;
#496 = EDGE_LOOP ( 'NONE', ( #2461, #1894 ) ) ;
#497 = DIRECTION ( 'NONE',  ( 0.000000000000000000, -4.081702296416033352E-15, 1.000000000000000000 ) ) ;
#498 = ORIENTED_EDGE ( 'NONE', *, *, #2803, .F. ) ;
#499 = CARTESIAN_POINT ( 'NONE',  ( 299.7996668423982101, -29.17085437764118794, 0.3854532800250873303 ) ) ;
#500 = VERTEX_POINT ( 'NONE', #2792 ) ;
#501 = EDGE_LOOP ( 'NONE', ( #6241, #3285, #3104, #1395 ) ) ;
#502 = CARTESIAN_POINT ( 'NONE',  ( 244.4999999999999716, 34.00000000000017764, 49.00000000000004263 ) ) ;
#503 = CARTESIAN_POINT ( 'NONE',  ( 160.0000000000000284, 34.00000000000011369, 31.49999999999998579 ) ) ;
#504 = EDGE_CURVE ( 'NONE', #7499, #1331, #5743, .T. ) ;
#505 = ORIENTED_EDGE ( 'NONE', *, *, #5089, .F. ) ;
#506 = VECTOR ( 'NONE', #5478, 1000.000000000000000 ) ;
#507 = CARTESIAN_POINT ( 'NONE',  ( -284.0000000000000000, 34.00000000000038369, 109.9999999999999858 ) ) ;
#508 = ORIENTED_EDGE ( 'NONE', *, *, #738, .T. ) ;
#509 = CARTESIAN_POINT ( 'NONE',  ( -276.4999999999999432, 24.00000000000017408, 49.00000000000024869 ) ) ;
#510 = CARTESIAN_POINT ( 'NONE',  ( 300.0000000000000568, -29.24407768234454963, 0.7382006122008516469 ) ) ;
#511 = AXIS2_PLACEMENT_3D ( 'NONE', #1589, #6396, #4547 ) ;
#512 = CYLINDRICAL_SURFACE ( 'NONE', #861, 2.250000000000001776 ) ;
#513 = EDGE_CURVE ( 'NONE', #4985, #5204, #4736, .T. ) ;
#514 = CARTESIAN_POINT ( 'NONE',  ( -174.0000000000000000, 34.00000000000038369, 109.9999999999999858 ) ) ;
#515 = DIRECTION ( 'NONE',  ( 0.000000000000000000, 3.469446951953614189E-15, 1.000000000000000000 ) ) ;
#516 = ORIENTED_EDGE ( 'NONE', *, *, #3144, .T. ) ;
#517 = CARTESIAN_POINT ( 'NONE',  ( -25.00000000000000000, -30.00000000000031264, 88.99999999999972999 ) ) ;
#518 = ADVANCED_FACE ( 'NONE', ( #4565 ), #7017, .F. ) ;
#519 = CARTESIAN_POINT ( 'NONE',  ( -299.2928932188133331, -34.00000000000042633, 119.9999999999999858 ) ) ;
#520 = AXIS2_PLACEMENT_3D ( 'NONE', #2721, #2129, #5174 ) ;
#521 = CARTESIAN_POINT ( 'NONE',  ( -118.9999999999999716, 30.00000000000038725, 110.0000000000000000 ) ) ;
#522 = AXIS2_PLACEMENT_3D ( 'NONE', #58, #4227, #6505 ) ;
#523 = DIRECTION ( 'NONE',  ( 0.000000000000000000, -4.081702296416066484E-15, 1.000000000000000000 ) ) ;
#524 = DIRECTION ( 'NONE',  ( -0.000000000000000000, 1.000000000000000000, 3.498359009886561105E-15 ) ) ;
#525 = DIRECTION ( 'NONE',  ( -0.000000000000000000, -1.000000000000000000, -0.000000000000000000 ) ) ;
#526 = ORIENTED_EDGE ( 'NONE', *, *, #4346, .T. ) ;
#527 = APPROVAL_ROLE ( '' ) ;
#528 = AXIS2_PLACEMENT_3D ( 'NONE', #6757, #196, #4875 ) ;
#529 = DIRECTION ( 'NONE',  ( 0.000000000000000000, 0.000000000000000000, -1.000000000000000000 ) ) ;
#530 = CARTESIAN_POINT ( 'NONE',  ( -25.00000000000000000, 34.00000000000031264, 88.99999999999998579 ) ) ;
#531 = CIRCLE ( 'NONE', #4916, 1.699999999999993072 ) ;
#532 = CARTESIAN_POINT ( 'NONE',  ( 243.4350288425439146, -34.00000000000017764, 54.16497115745529811 ) ) ;
#533 = CARTESIAN_POINT ( 'NONE',  ( 25.00000000000000000, 34.00000000000011369, 31.24999999999998579 ) ) ;
#534 = ADVANCED_FACE ( 'NONE', ( #359 ), #6960, .F. ) ;
#535 = ORIENTED_EDGE ( 'NONE', *, *, #4701, .T. ) ;
#536 = CYLINDRICAL_SURFACE ( 'NONE', #5217, 2.249999999999988010 ) ;
#537 = EDGE_LOOP ( 'NONE', ( #4947, #3560 ) ) ;
#538 = CARTESIAN_POINT ( 'NONE',  ( 300.3087394217964174, -29.04881553646890779, -3.869863383341582086 ) ) ;
#539 = ORIENTED_EDGE ( 'NONE', *, *, #4098, .T. ) ;
#540 = EDGE_CURVE ( 'NONE', #2597, #4710, #6456, .T. ) ;
#541 = CONICAL_SURFACE ( 'NONE', #6696, 4.700000000000009948, 0.7853981633974482790 ) ;
#542 = AXIS2_PLACEMENT_3D ( 'NONE', #2449, #1159, #6038 ) ;
#543 = EDGE_CURVE ( 'NONE', #1092, #5661, #4731, .T. ) ;
#544 = VERTEX_POINT ( 'NONE', #7758 ) ;
#545 = LINE ( 'NONE', #3571, #6412 ) ;
#546 = CARTESIAN_POINT ( 'NONE',  ( -299.9999999999999432, -30.00000000000041922, 120.0000000000000000 ) ) ;
#547 = AXIS2_PLACEMENT_3D ( 'NONE', #5936, #2946, #4548 ) ;
#548 = VERTEX_POINT ( 'NONE', #2280 ) ;
#549 = DIRECTION ( 'NONE',  ( -0.000000000000000000, 1.000000000000000000, 3.498359009886561105E-15 ) ) ;
#550 = VERTEX_POINT ( 'NONE', #2241 ) ;
#551 = DIRECTION ( 'NONE',  ( 0.000000000000000000, 0.000000000000000000, -1.000000000000000000 ) ) ;
#552 = DIRECTION ( 'NONE',  ( -0.000000000000000000, -1.000000000000000000, -0.000000000000000000 ) ) ;
#553 = AXIS2_PLACEMENT_3D ( 'NONE', #6138, #315, #3189 ) ;
#554 = DIRECTION ( 'NONE',  ( 0.000000000000000000, -3.083952846180988111E-15, -1.000000000000000000 ) ) ;
#555 = DIRECTION ( 'NONE',  ( 0.000000000000000000, 0.000000000000000000, -1.000000000000000000 ) ) ;
#556 = CARTESIAN_POINT ( 'NONE',  ( -262.0000000000000000, -30.00000000000011724, 33.74999999999975842 ) ) ;
#557 = VERTEX_POINT ( 'NONE', #1107 ) ;
#558 = CARTESIAN_POINT ( 'NONE',  ( 262.0000000000000000, -30.00000000000011724, 33.74999999999975842 ) ) ;
#559 = VECTOR ( 'NONE', #7414, 1000.000000000000000 ) ;
#560 = AXIS2_PLACEMENT_3D ( 'NONE', #6484, #5234, #3575 ) ;
#561 = DIRECTION ( 'NONE',  ( 8.659560562354932858E-17, 0.7071067811865451302, -0.7071067811865500152 ) ) ;
#562 = CARTESIAN_POINT ( 'NONE',  ( -216.5649711574550906, -30.00000000000016698, 48.11497115745585518 ) ) ;
#563 = ADVANCED_FACE ( 'NONE', ( #4649 ), #1866, .F. ) ;
#564 = AXIS2_PLACEMENT_3D ( 'NONE', #7066, #4511, #6904 ) ;
#565 = EDGE_CURVE ( 'NONE', #6308, #6274, #3750, .T. ) ;
#566 = DIRECTION ( 'NONE',  ( -1.000000000000000000, 0.000000000000000000, 3.491481338843133355E-15 ) ) ;
#567 = DIRECTION ( 'NONE',  ( 0.000000000000000000, 0.000000000000000000, -1.000000000000000000 ) ) ;
#568 = CARTESIAN_POINT ( 'NONE',  ( -159.9999999999999716, 30.00000000000011369, 31.50000000000004263 ) ) ;
#569 = VERTEX_POINT ( 'NONE', #562 ) ;
#570 = VECTOR ( 'NONE', #4582, 1000.000000000000000 ) ;
#571 = PERSON_AND_ORGANIZATION ( #5168, #4399 ) ;
#572 = DIRECTION ( 'NONE',  ( -0.000000000000000000, 1.000000000000000000, 3.498359009886561105E-15 ) ) ;
#573 = EDGE_CURVE ( 'NONE', #3099, #5888, #3511, .T. ) ;
#574 = DIRECTION ( 'NONE',  ( 0.000000000000000000, 2.952720810173291281E-15, 1.000000000000000000 ) ) ;
#575 = VECTOR ( 'NONE', #1309, 999.9999999999998863 ) ;
#576 = EDGE_CURVE ( 'NONE', #4781, #100, #5247, .T. ) ;
#577 = CARTESIAN_POINT ( 'NONE',  ( 25.00000000000000000, 31.55000000000011440, 31.24999999999999289 ) ) ;
#578 = CARTESIAN_POINT ( 'NONE',  ( 216.5649711574550906, -34.00000000000017764, 48.11497115745585518 ) ) ;
#579 = ORIENTED_EDGE ( 'NONE', *, *, #1730, .T. ) ;
#580 = DIRECTION ( 'NONE',  ( 1.000000000000000000, -0.000000000000000000, 0.000000000000000000 ) ) ;
#581 = VERTEX_POINT ( 'NONE', #7036 ) ;
#582 = CARTESIAN_POINT ( 'NONE',  ( 299.2928932188134468, 34.00000000000041922, 119.9999999999999858 ) ) ;
#583 = ORIENTED_EDGE ( 'NONE', *, *, #6039, .F. ) ;
#584 = AXIS2_PLACEMENT_3D ( 'NONE', #4992, #889, #816 ) ;
#585 = ORIENTED_EDGE ( 'NONE', *, *, #1045, .F. ) ;
#586 = PLANE ( 'NONE',  #3394 ) ;
#587 = AXIS2_PLACEMENT_3D ( 'NONE', #339, #4079, #1000 ) ;
#588 = EDGE_LOOP ( 'NONE', ( #1234, #5733, #2138, #5257 ) ) ;
#589 = DIRECTION ( 'NONE',  ( 0.000000000000000000, -0.7071067811865474617, -0.7071067811865474617 ) ) ;
#590 = ORIENTED_EDGE ( 'NONE', *, *, #3927, .T. ) ;
#591 = CARTESIAN_POINT ( 'NONE',  ( -63.99999999999997158, -34.00000000000038369, 109.9999999999999858 ) ) ;
#592 = EDGE_LOOP ( 'NONE', ( #5779, #3604 ) ) ;
#593 = DIRECTION ( 'NONE',  ( -0.000000000000000000, -1.000000000000000000, -0.000000000000000000 ) ) ;
#594 = ADVANCED_FACE ( 'NONE', ( #7670 ), #4639, .F. ) ;
#595 = CARTESIAN_POINT ( 'NONE',  ( 262.0000000000000000, -34.00000000000011369, 29.24999999999981171 ) ) ;
#596 = DIRECTION ( 'NONE',  ( 0.000000000000000000, 0.000000000000000000, -1.000000000000000000 ) ) ;
#597 = ORIENTED_EDGE ( 'NONE', *, *, #2925, .T. ) ;
#598 = FACE_OUTER_BOUND ( 'NONE', #1703, .T. ) ;
#599 = FACE_OUTER_BOUND ( 'NONE', #3994, .T. ) ;
#600 = DIRECTION ( 'NONE',  ( -0.000000000000000000, 1.000000000000000000, 3.498359009886561105E-15 ) ) ;
#601 = DIRECTION ( 'NONE',  ( -0.000000000000000000, -1.000000000000000000, -0.000000000000000000 ) ) ;
#602 = EDGE_CURVE ( 'NONE', #3011, #3391, #5833, .T. ) ;
#603 = CARTESIAN_POINT ( 'NONE',  ( 0.000000000000000000, 34.00000000000010658, 28.99999999999998934 ) ) ;
#604 = EDGE_LOOP ( 'NONE', ( #6472, #7099, #1971, #7337 ) ) ;
#605 = COORDINATED_UNIVERSAL_TIME_OFFSET ( 8, 0, .AHEAD. ) ;
#606 = FACE_OUTER_BOUND ( 'NONE', #5135, .T. ) ;
#607 = CYLINDRICAL_SURFACE ( 'NONE', #5018, 2.249999999999974243 ) ;
#608 = DIRECTION ( 'NONE',  ( 0.000000000000000000, 0.7071067811865500152, 0.7071067811865451302 ) ) ;
#609 = CARTESIAN_POINT ( 'NONE',  ( -174.0000000000000000, -34.00000000000038369, 109.9999999999999858 ) ) ;
#610 = ORIENTED_EDGE ( 'NONE', *, *, #6570, .T. ) ;
#611 = VECTOR ( 'NONE', #990, 1000.000000000000114 ) ;
#612 = DIRECTION ( 'NONE',  ( 0.000000000000000000, -4.081702296416033352E-15, 1.000000000000000000 ) ) ;
#613 = EDGE_LOOP ( 'NONE', ( #5567, #4077, #4317, #7408 ) ) ;
#614 = EDGE_CURVE ( 'NONE', #4456, #2533, #441, .T. ) ;
#615 = DIRECTION ( 'NONE',  ( -0.000000000000000000, -1.000000000000000000, -0.000000000000000000 ) ) ;
#616 = ORIENTED_EDGE ( 'NONE', *, *, #425, .F. ) ;
#617 = VECTOR ( 'NONE', #3269, 1000.000000000000000 ) ;
#618 = ORIENTED_EDGE ( 'NONE', *, *, #7370, .F. ) ;
#619 = FACE_BOUND ( 'NONE', #6310, .T. ) ;
#620 = VERTEX_POINT ( 'NONE', #7118 ) ;
#621 = DIRECTION ( 'NONE',  ( 0.000000000000000000, 0.000000000000000000, -1.000000000000000000 ) ) ;
#622 = VERTEX_POINT ( 'NONE', #4136 ) ;
#623 = CARTESIAN_POINT ( 'NONE',  ( 25.00000000000000000, -31.55000000000030624, 86.74999999999974420 ) ) ;
#624 = VECTOR ( 'NONE', #2334, 1000.000000000000000 ) ;
#625 = EDGE_LOOP ( 'NONE', ( #7219, #1535, #7702, #2267 ) ) ;
#626 = AXIS2_PLACEMENT_3D ( 'NONE', #5737, #2233, #352 ) ;
#627 = CARTESIAN_POINT ( 'NONE',  ( 25.00000000000000000, -34.00000000000031264, 84.29999999999974136 ) ) ;
#628 = CARTESIAN_POINT ( 'NONE',  ( 118.9999999999999716, -34.00000000000038369, 106.8499999999999801 ) ) ;
#629 = ORIENTED_EDGE ( 'NONE', *, *, #1868, .F. ) ;
#630 = CARTESIAN_POINT ( 'NONE',  ( -118.9999999999999716, 34.00000000000039790, 113.1499999999999915 ) ) ;
#631 = DIRECTION ( 'NONE',  ( 0.000000000000000000, 0.000000000000000000, -1.000000000000000000 ) ) ;
#632 = AXIS2_PLACEMENT_3D ( 'NONE', #2351, #593, #5941 ) ;
#633 = EDGE_CURVE ( 'NONE', #3695, #7178, #1648, .T. ) ;
#634 = CARTESIAN_POINT ( 'NONE',  ( -243.4350288425439146, -31.85000000000017550, 52.01497115745531374 ) ) ;
#635 = VECTOR ( 'NONE', #802, 1000.000000000000000 ) ;
#636 = DIRECTION ( 'NONE',  ( 0.000000000000000000, -0.7071067811865457964, -0.7071067811865492381 ) ) ;
#637 = DIRECTION ( 'NONE',  ( 0.000000000000000000, -3.083952846180988111E-15, -1.000000000000000000 ) ) ;
#638 = EDGE_LOOP ( 'NONE', ( #1985, #30 ) ) ;
#639 = MECHANICAL_CONTEXT ( 'NONE', #6729, 'mechanical' ) ;
#640 = CARTESIAN_POINT ( 'NONE',  ( -284.0000000000000000, -34.00000000000038369, 109.9999999999999858 ) ) ;
#641 = AXIS2_PLACEMENT_3D ( 'NONE', #3003, #3558, #7092 ) ;
#642 = DIRECTION ( 'NONE',  ( 0.000000000000000000, 0.000000000000000000, -1.000000000000000000 ) ) ;
#643 = CARTESIAN_POINT ( 'NONE',  ( 299.0000000000000568, -29.00000000000000000, 0.000000000000000000 ) ) ;
#644 = DIRECTION ( 'NONE',  ( 0.000000000000000000, -3.469446951953631938E-15, -1.000000000000000000 ) ) ;
#645 = VERTEX_POINT ( 'NONE', #6533 ) ;
#646 = AXIS2_PLACEMENT_3D ( 'NONE', #3549, #2394, #5285 ) ;
#647 = CARTESIAN_POINT ( 'NONE',  ( 118.9999999999999716, -30.00000000000038369, 109.9999999999999858 ) ) ;
#648 = VERTEX_POINT ( 'NONE', #5908 ) ;
#649 = CARTESIAN_POINT ( 'NONE',  ( 299.8737863883542900, -29.19526214587563828, 0.4963810196291025267 ) ) ;
#650 = ORIENTED_EDGE ( 'NONE', *, *, #5109, .T. ) ;
#651 = ADVANCED_FACE ( 'NONE', ( #2912 ), #7717, .F. ) ;
#652 = CONICAL_SURFACE ( 'NONE', #4681, 4.699999999999981526, 0.7853981633974482790 ) ;
#653 = ORIENTED_EDGE ( 'NONE', *, *, #1949, .F. ) ;
#654 = EDGE_CURVE ( 'NONE', #4162, #6528, #1620, .T. ) ;
#655 = FACE_BOUND ( 'NONE', #4096, .T. ) ;
#656 = ORIENTED_EDGE ( 'NONE', *, *, #4785, .T. ) ;
#657 = DIRECTION ( 'NONE',  ( 0.000000000000000000, 0.000000000000000000, -1.000000000000000000 ) ) ;
#658 = EDGE_LOOP ( 'NONE', ( #1831, #5317 ) ) ;
#659 = CARTESIAN_POINT ( 'NONE',  ( 243.4350288425439146, -34.00000000000017764, 50.06497115745530380 ) ) ;
#660 = VECTOR ( 'NONE', #373, 1000.000000000000000 ) ;
#661 = EDGE_LOOP ( 'NONE', ( #6006, #7735 ) ) ;
#662 = VECTOR ( 'NONE', #7082, 1000.000000000000000 ) ;
#663 = ADVANCED_FACE ( 'NONE', ( #7603 ), #3395, .F. ) ;
#664 = AXIS2_PLACEMENT_3D ( 'NONE', #2360, #1111, #3625 ) ;
#665 = DIRECTION ( 'NONE',  ( 0.000000000000000000, 0.000000000000000000, -1.000000000000000000 ) ) ;
#666 = CARTESIAN_POINT ( 'NONE',  ( -25.00000000000000000, -34.00000000000010658, 24.29999999999975557 ) ) ;
#667 = ORIENTED_EDGE ( 'NONE', *, *, #3887, .F. ) ;
#668 = DIRECTION ( 'NONE',  ( 0.000000000000000000, -0.7071067811865526798, -0.7071067811865424657 ) ) ;
#669 = DIRECTION ( 'NONE',  ( 0.000000000000000000, 0.000000000000000000, -1.000000000000000000 ) ) ;
#670 = CIRCLE ( 'NONE', #1670, 1.700000000000007061 ) ;
#671 = DIRECTION ( 'NONE',  ( -0.000000000000000000, -1.000000000000000000, -0.000000000000000000 ) ) ;
#672 = DIRECTION ( 'NONE',  ( 0.000000000000000000, 0.000000000000000000, -1.000000000000000000 ) ) ;
#673 = EDGE_CURVE ( 'NONE', #7178, #5204, #1461, .T. ) ;
#674 = DIRECTION ( 'NONE',  ( 0.000000000000000000, 0.000000000000000000, -1.000000000000000000 ) ) ;
#675 = ORIENTED_EDGE ( 'NONE', *, *, #1615, .F. ) ;
#676 = CARTESIAN_POINT ( 'NONE',  ( 63.99999999999997158, 32.55000000000038085, 109.9999999999999858 ) ) ;
#677 = B_SPLINE_CURVE_WITH_KNOTS ( 'NONE', 3,
 ( #681, #5516, #5480, #4299, #91, #2478, #6690, #1306, #5708, #2594 ),
 .UNSPECIFIED., .F., .F.,
 ( 4, 2, 2, 2, 4 ),
 ( 0.000000000000000000, 0.2500000000000000000, 0.5000000000000000000, 0.7500000000000000000, 1.000000000000000000 ),
 .UNSPECIFIED. ) ;
#678 = CARTESIAN_POINT ( 'NONE',  ( -139.9999999999999716, 34.00000000000016342, 45.49999999999995737 ) ) ;
#679 = DIRECTION ( 'NONE',  ( 0.000000000000000000, -3.083952846180997183E-15, -1.000000000000000000 ) ) ;
#680 = ADVANCED_FACE ( 'NONE', ( #2215 ), #5515, .F. ) ;
#681 = CARTESIAN_POINT ( 'NONE',  ( 299.0000000000000568, 29.00000000000000711, -3.999999999999996447 ) ) ;
#682 = AXIS2_PLACEMENT_3D ( 'NONE', #7179, #2381, #4791 ) ;
#683 = DIRECTION ( 'NONE',  ( -0.000000000000000000, 1.000000000000000000, -3.498359009886561105E-15 ) ) ;
#684 = EDGE_LOOP ( 'NONE', ( #5922, #1667, #3572, #7169 ) ) ;
#685 = CARTESIAN_POINT ( 'NONE',  ( 243.4350288425443978, -34.00000000000027001, 81.03502884254416472 ) ) ;
#686 = ORIENTED_EDGE ( 'NONE', *, *, #442, .T. ) ;
#687 = CARTESIAN_POINT ( 'NONE',  ( -63.99999999999997158, 34.00000000000038369, 109.9999999999999858 ) ) ;
#688 = ORIENTED_EDGE ( 'NONE', *, *, #99, .F. ) ;
#689 = VECTOR ( 'NONE', #283, 1000.000000000000000 ) ;
#690 = ORIENTED_EDGE ( 'NONE', *, *, #1707, .T. ) ;
#691 = DIRECTION ( 'NONE',  ( -0.000000000000000000, -1.000000000000000000, -0.000000000000000000 ) ) ;
#692 = ORIENTED_EDGE ( 'NONE', *, *, #6447, .F. ) ;
#693 = LINE ( 'NONE', #1900, #6096 ) ;
#694 = ORIENTED_EDGE ( 'NONE', *, *, #1749, .T. ) ;
#695 = AXIS2_PLACEMENT_3D ( 'NONE', #6571, #1187, #7265 ) ;
#696 = EDGE_CURVE ( 'NONE', #899, #4114, #1362, .T. ) ;
#697 = CARTESIAN_POINT ( 'NONE',  ( -262.0000000000000000, -34.00000000000033396, 95.49999999999977263 ) ) ;
#698 = ORIENTED_EDGE ( 'NONE', *, *, #1684, .T. ) ;
#699 = VERTEX_POINT ( 'NONE', #2049 ) ;
#700 = CARTESIAN_POINT ( 'NONE',  ( -276.4999999999999432, 30.00000000000022382, 49.00000000000022737 ) ) ;
#701 = DIRECTION ( 'NONE',  ( 0.000000000000000000, -3.083952846180997183E-15, -1.000000000000000000 ) ) ;
#702 = ORIENTED_EDGE ( 'NONE', *, *, #1295, .F. ) ;
#703 = DIRECTION ( 'NONE',  ( 0.000000000000000000, 0.000000000000000000, -1.000000000000000000 ) ) ;
#704 = CARTESIAN_POINT ( 'NONE',  ( 197.9999999999999716, -34.00000000000033396, 95.49999999999977263 ) ) ;
#705 = AXIS2_PLACEMENT_3D ( 'NONE', #1549, #3956, #7647 ) ;
#706 = EDGE_CURVE ( 'NONE', #4714, #5803, #2089, .T. ) ;
#707 = CARTESIAN_POINT ( 'NONE',  ( -215.5000000000001705, 30.00000000000038725, 110.0000000000000000 ) ) ;
#708 = DIRECTION ( 'NONE',  ( -0.000000000000000000, -1.000000000000000000, -0.000000000000000000 ) ) ;
#709 = DIRECTION ( 'NONE',  ( 0.000000000000000000, 0.000000000000000000, -1.000000000000000000 ) ) ;
#710 = EDGE_LOOP ( 'NONE', ( #2090, #2299, #4744, #2786 ) ) ;
#711 = CARTESIAN_POINT ( 'NONE',  ( 25.00000000000000000, 34.00000000000031264, 88.99999999999998579 ) ) ;
#712 = CARTESIAN_POINT ( 'NONE',  ( 25.00000000000000000, -34.00000000000010658, 31.24999999999974065 ) ) ;
#713 = DIRECTION ( 'NONE',  ( -0.000000000000000000, 1.000000000000000000, 3.498359009886561105E-15 ) ) ;
#714 = DIRECTION ( 'NONE',  ( -0.000000000000000000, 1.000000000000000000, -3.504141421473150331E-15 ) ) ;
#715 = CARTESIAN_POINT ( 'NONE',  ( -299.8384854182646109, 29.19526214587564183, 0.5167272264360872613 ) ) ;
#716 = CARTESIAN_POINT ( 'NONE',  ( -118.9999999999999716, -32.55000000000038085, 111.6999999999999744 ) ) ;
#717 = ORIENTED_EDGE ( 'NONE', *, *, #5656, .T. ) ;
#718 = EDGE_CURVE ( 'NONE', #5146, #4118, #3125, .T. ) ;
#719 = DIRECTION ( 'NONE',  ( -0.000000000000000000, -1.000000000000000000, -0.000000000000000000 ) ) ;
#720 = VERTEX_POINT ( 'NONE', #4617 ) ;
#721 = ADVANCED_FACE ( 'NONE', ( #6887 ), #2738, .F. ) ;
#722 = EDGE_LOOP ( 'NONE', ( #6716, #7452, #1355, #1710 ) ) ;
#723 = CARTESIAN_POINT ( 'NONE',  ( -304.0000000000003979, 30.00000000000000355, 119.9999999999999858 ) ) ;
#724 = CARTESIAN_POINT ( 'NONE',  ( 243.4350288425439146, -34.00000000000017764, 48.11497115745530095 ) ) ;
#725 = EDGE_LOOP ( 'NONE', ( #1967, #535, #7263, #6985 ) ) ;
#726 = DIRECTION ( 'NONE',  ( -0.000000000000000000, -1.000000000000000000, -0.000000000000000000 ) ) ;
#727 = VERTEX_POINT ( 'NONE', #1035 ) ;
#728 = CARTESIAN_POINT ( 'NONE',  ( -299.0244120210276719, 29.13092250177521692, 5.190232733122093177E-15 ) ) ;
#729 = ORIENTED_EDGE ( 'NONE', *, *, #5431, .F. ) ;
#730 = ORIENTED_EDGE ( 'NONE', *, *, #3842, .F. ) ;
#731 = EDGE_CURVE ( 'NONE', #4274, #6976, #7145, .T. ) ;
#732 = DIRECTION ( 'NONE',  ( 0.000000000000000000, -3.083952846180997183E-15, -1.000000000000000000 ) ) ;
#733 = AXIS2_PLACEMENT_3D ( 'NONE', #530, #4814, #574 ) ;
#734 = CARTESIAN_POINT ( 'NONE',  ( 262.0000000000000000, -30.00000000000033040, 95.49999999999977263 ) ) ;
#735 = ORIENTED_EDGE ( 'NONE', *, *, #3341, .F. ) ;
#736 = DIRECTION ( 'NONE',  ( 0.000000000000000000, 0.000000000000000000, -1.000000000000000000 ) ) ;
#737 = LINE ( 'NONE', #5068, #7471 ) ;
#738 = EDGE_CURVE ( 'NONE', #1968, #4603, #6425, .T. ) ;
#739 = EDGE_CURVE ( 'NONE', #3966, #6538, #291, .T. ) ;
#740 = CARTESIAN_POINT ( 'NONE',  ( 25.00000000000000000, -30.00000000000010658, 31.24999999999974065 ) ) ;
#741 = CYLINDRICAL_SURFACE ( 'NONE', #7195, 1.950000000000007283 ) ;
#742 = FACE_BOUND ( 'NONE', #1470, .T. ) ;
#743 = AXIS2_PLACEMENT_3D ( 'NONE', #4961, #1304, #3707 ) ;
#744 = ORIENTED_EDGE ( 'NONE', *, *, #3300, .F. ) ;
#745 = CARTESIAN_POINT ( 'NONE',  ( -118.9999999999999716, -32.55000000000038085, 108.2999999999999972 ) ) ;
#746 = AXIS2_PLACEMENT_3D ( 'NONE', #2020, #3292, #188 ) ;
#747 = PLANE ( 'NONE',  #3137 ) ;
#748 = ADVANCED_FACE ( 'NONE', ( #1499 ), #3904, .F. ) ;
#749 = DIRECTION ( 'NONE',  ( -0.000000000000000000, 1.000000000000000000, 3.498359009886561105E-15 ) ) ;
#750 = CARTESIAN_POINT ( 'NONE',  ( -303.0303208856866490, -29.17085437764118794, -2.097315468673647043 ) ) ;
#751 = CARTESIAN_POINT ( 'NONE',  ( 174.0000000000000000, 30.00000000000038725, 110.0000000000000000 ) ) ;
#752 = CARTESIAN_POINT ( 'NONE',  ( 63.99999999999997158, -32.55000000000038085, 108.2999999999999972 ) ) ;
#753 = VERTEX_POINT ( 'NONE', #5128 ) ;
#754 = CARTESIAN_POINT ( 'NONE',  ( 25.00000000000000000, 34.00000000000010658, 28.99999999999998934 ) ) ;
#755 = AXIS2_PLACEMENT_3D ( 'NONE', #6594, #4159, #6554 ) ;
#756 = ORIENTED_EDGE ( 'NONE', *, *, #6678, .T. ) ;
#757 = VERTEX_POINT ( 'NONE', #2638 ) ;
#758 = AXIS2_PLACEMENT_3D ( 'NONE', #3387, #444, #4487 ) ;
#759 = CARTESIAN_POINT ( 'NONE',  ( -159.9999999999999716, 24.00000000000011013, 31.50000000000006395 ) ) ;
#760 = DIRECTION ( 'NONE',  ( 0.000000000000000000, 0.000000000000000000, -1.000000000000000000 ) ) ;
#761 = EDGE_LOOP ( 'NONE', ( #7290, #200, #7396, #93 ) ) ;
#762 = DIRECTION ( 'NONE',  ( 0.000000000000000000, -1.000000000000000000, 3.498359009886561105E-15 ) ) ;
#763 = EDGE_CURVE ( 'NONE', #4312, #7270, #7520, .T. ) ;
#764 = ORIENTED_EDGE ( 'NONE', *, *, #6899, .T. ) ;
#765 = DIRECTION ( 'NONE',  ( 0.000000000000000000, 0.000000000000000000, -1.000000000000000000 ) ) ;
#766 = VERTEX_POINT ( 'NONE', #4459 ) ;
#767 = VECTOR ( 'NONE', #6104, 1000.000000000000000 ) ;
#768 = ORIENTED_EDGE ( 'NONE', *, *, #2710, .T. ) ;
#769 = ORIENTED_EDGE ( 'NONE', *, *, #415, .T. ) ;
#770 = DIRECTION ( 'NONE',  ( -0.000000000000000000, 1.000000000000000000, -3.504141421473150331E-15 ) ) ;
#771 = DIRECTION ( 'NONE',  ( -0.000000000000000000, 1.000000000000000000, 3.498359009886561105E-15 ) ) ;
#772 = ORIENTED_EDGE ( 'NONE', *, *, #3488, .T. ) ;
#773 = LINE ( 'NONE', #3808, #2530 ) ;
#774 = CYLINDRICAL_SURFACE ( 'NONE', #3082, 1.700000000000007061 ) ;
#775 = AXIS2_PLACEMENT_3D ( 'NONE', #7355, #3234, #5628 ) ;
#776 = AXIS2_PLACEMENT_3D ( 'NONE', #6891, #5259, #2254 ) ;
#777 = CARTESIAN_POINT ( 'NONE',  ( -25.00000000000000000, 31.55000000000030624, 86.75000000000000000 ) ) ;
#778 = LINE ( 'NONE', #3889, #1538 ) ;
#779 = FACE_BOUND ( 'NONE', #4234, .T. ) ;
#780 = AXIS2_PLACEMENT_3D ( 'NONE', #1843, #5032, #6214 ) ;
#781 = AXIS2_PLACEMENT_3D ( 'NONE', #603, #7160, #1697 ) ;
#782 = ORIENTED_EDGE ( 'NONE', *, *, #222, .F. ) ;
#783 = ADVANCED_FACE ( 'NONE', ( #2126 ), #4535, .F. ) ;
#784 = FACE_BOUND ( 'NONE', #3610, .T. ) ;
#785 = ADVANCED_FACE ( 'NONE', ( #3359 ), #5215, .F. ) ;
#786 = VECTOR ( 'NONE', #6911, 1000.000000000000000 ) ;
#787 = CIRCLE ( 'NONE', #5202, 1.699999999999993072 ) ;
#788 = CARTESIAN_POINT ( 'NONE',  ( 276.5000000000000568, 30.00000000000017408, 49.00000000000026290 ) ) ;
#789 = DIRECTION ( 'NONE',  ( 8.659560562354872461E-17, -0.7071067811865526798, 0.7071067811865424657 ) ) ;
#790 = DIRECTION ( 'NONE',  ( 0.000000000000000000, -1.000000000000000000, 3.498359009886561105E-15 ) ) ;
#791 = FACE_OUTER_BOUND ( 'NONE', #420, .T. ) ;
#792 = DIRECTION ( 'NONE',  ( 0.000000000000000000, -1.000000000000000000, 3.498359009886561105E-15 ) ) ;
#793 = ORIENTED_EDGE ( 'NONE', *, *, #6872, .F. ) ;
#794 = CARTESIAN_POINT ( 'NONE',  ( -174.0000000000000000, 34.00000000000038369, 109.9999999999999858 ) ) ;
#795 = AXIS2_PLACEMENT_3D ( 'NONE', #2430, #4837, #703 ) ;
#796 = EDGE_LOOP ( 'NONE', ( #3206, #4708, #3136, #3959 ) ) ;
#797 = ADVANCED_FACE ( 'NONE', ( #2169 ), #4576, .F. ) ;
#798 = EDGE_CURVE ( 'NONE', #5006, #3328, #6524, .T. ) ;
#799 = EDGE_CURVE ( 'NONE', #1359, #1993, #5371, .T. ) ;
#800 = ORIENTED_EDGE ( 'NONE', *, *, #4616, .F. ) ;
#801 = AXIS2_PLACEMENT_3D ( 'NONE', #1555, #3411, #5145 ) ;
#802 = DIRECTION ( 'NONE',  ( -0.000000000000000000, 1.000000000000000000, -3.498359009886561105E-15 ) ) ;
#803 = CARTESIAN_POINT ( 'NONE',  ( -284.0000000000000000, -32.55000000000038085, 109.9999999999999858 ) ) ;
#804 = ORIENTED_EDGE ( 'NONE', *, *, #6065, .F. ) ;
#805 = DIRECTION ( 'NONE',  ( 0.000000000000000000, 3.498359009886561105E-15, 1.000000000000000000 ) ) ;
#806 = ORIENTED_EDGE ( 'NONE', *, *, #4815, .F. ) ;
#807 = CARTESIAN_POINT ( 'NONE',  ( -299.2440776823444253, 29.93462418053092122, 0.7488267301688364963 ) ) ;
#808 = EDGE_CURVE ( 'NONE', #5008, #841, #491, .T. ) ;
#809 = ORIENTED_EDGE ( 'NONE', *, *, #2557, .T. ) ;
#810 = CIRCLE ( 'NONE', #7210, 1.699999999999993072 ) ;
#811 = VERTEX_POINT ( 'NONE', #1702 ) ;
#812 = CARTESIAN_POINT ( 'NONE',  ( -299.0976310729377019, -31.51809490185449647, -3.368931941771296845 ) ) ;
#813 = CARTESIAN_POINT ( 'NONE',  ( 299.2928932188134468, -28.99999999999999645, 0.9999999999999956701 ) ) ;
#814 = EDGE_LOOP ( 'NONE', ( #3890, #5509, #1425, #3553 ) ) ;
#815 = DIRECTION ( 'NONE',  ( -0.000000000000000000, -1.000000000000000000, -0.000000000000000000 ) ) ;
#816 = DIRECTION ( 'NONE',  ( 0.000000000000000000, 0.000000000000000000, -1.000000000000000000 ) ) ;
#817 = VECTOR ( 'NONE', #1403, 1000.000000000000114 ) ;
#818 = EDGE_CURVE ( 'NONE', #4831, #7285, #1115, .T. ) ;
#819 = DIRECTION ( 'NONE',  ( -0.000000000000000000, 1.000000000000000000, -3.504141421473150331E-15 ) ) ;
#820 = DIRECTION ( 'NONE',  ( -0.000000000000000000, -1.000000000000000000, -0.000000000000000000 ) ) ;
#821 = CIRCLE ( 'NONE', #5236, 2.250000000000001776 ) ;
#822 = ORIENTED_EDGE ( 'NONE', *, *, #482, .F. ) ;
#823 = CARTESIAN_POINT ( 'NONE',  ( -174.0000000000000000, -34.00000000000038369, 109.9999999999999858 ) ) ;
#824 = ORIENTED_EDGE ( 'NONE', *, *, #1612, .T. ) ;
#825 = DIRECTION ( 'NONE',  ( -0.000000000000000000, -1.000000000000000000, -0.000000000000000000 ) ) ;
#826 = EDGE_CURVE ( 'NONE', #3815, #5925, #7386, .T. ) ;
#827 = CARTESIAN_POINT ( 'NONE',  ( 299.2928932188134468, -34.00000000000000000, 0.9999999999999176215 ) ) ;
#828 = CYLINDRICAL_SURFACE ( 'NONE', #775, 32.00000000000000000 ) ;
#829 = CARTESIAN_POINT ( 'NONE',  ( -298.9999999999999432, 29.00000000000000711, 3.686287386450715076E-15 ) ) ;
#830 = DIRECTION ( 'NONE',  ( 0.000000000000000000, 4.405646923115700682E-15, 1.000000000000000000 ) ) ;
#831 = EDGE_LOOP ( 'NONE', ( #2411, #6060, #3721, #1583 ) ) ;
#832 = DIRECTION ( 'NONE',  ( -0.000000000000000000, 1.000000000000000000, -3.504141421473150331E-15 ) ) ;
#833 = ORIENTED_EDGE ( 'NONE', *, *, #6555, .F. ) ;
#834 = ADVANCED_FACE ( 'NONE', ( #5919 ), #7513, .F. ) ;
#835 = ORIENTED_EDGE ( 'NONE', *, *, #3498, .T. ) ;
#836 = DIRECTION ( 'NONE',  ( 0.000000000000000000, 1.000000000000000000, -3.504141421473150331E-15 ) ) ;
#838 = EDGE_CURVE ( 'NONE', #5852, #3654, #4631, .T. ) ;
#837 = DIRECTION ( 'NONE',  ( -0.000000000000000000, 1.000000000000000000, -3.498359009886561105E-15 ) ) ;
#839 = ORIENTED_EDGE ( 'NONE', *, *, #6266, .F. ) ;
#840 = FACE_BOUND ( 'NONE', #6244, .T. ) ;
#841 = VERTEX_POINT ( 'NONE', #7089 ) ;
#842 = CARTESIAN_POINT ( 'NONE',  ( -298.9999999999999432, 29.00000000000000355, -3.999999999999994671 ) ) ;
#843 = ORIENTED_EDGE ( 'NONE', *, *, #1081, .T. ) ;
#844 = ORIENTED_EDGE ( 'NONE', *, *, #3050, .T. ) ;
#845 = ORIENTED_EDGE ( 'NONE', *, *, #1110, .T. ) ;
#846 = CARTESIAN_POINT ( 'NONE',  ( -299.2928932188133331, -34.00000000000000000, 0.9999999999999783507 ) ) ;
#847 = CARTESIAN_POINT ( 'NONE',  ( -276.4999999999999432, 34.00000000000017764, 49.00000000000022027 ) ) ;
#848 = ORIENTED_EDGE ( 'NONE', *, *, #565, .F. ) ;
#849 = LINE ( 'NONE', #1479, #2176 ) ;
#850 = CARTESIAN_POINT ( 'NONE',  ( -25.00000000000000000, -34.00000000000031264, 88.99999999999972999 ) ) ;
#851 = AXIS2_PLACEMENT_3D ( 'NONE', #15, #6615, #7205 ) ;
#852 = DIRECTION ( 'NONE',  ( 0.000000000000000000, 0.000000000000000000, -1.000000000000000000 ) ) ;
#853 = CARTESIAN_POINT ( 'NONE',  ( -118.9999999999999716, -34.00000000000038369, 108.2999999999999972 ) ) ;
#854 = EDGE_LOOP ( 'NONE', ( #1938, #5019, #1204, #3715 ) ) ;
#855 = DIRECTION ( 'NONE',  ( -0.000000000000000000, -1.000000000000000000, -0.000000000000000000 ) ) ;
#856 = EDGE_CURVE ( 'NONE', #7686, #6739, #2845, .T. ) ;
#857 = ORIENTED_EDGE ( 'NONE', *, *, #7203, .F. ) ;
#858 = AXIS2_PLACEMENT_3D ( 'NONE', #6840, #4524, #3859 ) ;
#859 = DIRECTION ( 'NONE',  ( 0.000000000000000000, 3.083952846180997183E-15, 1.000000000000000000 ) ) ;
#860 = CARTESIAN_POINT ( 'NONE',  ( -284.0000000000000000, 34.00000000000037659, 108.3000000000000114 ) ) ;
#861 = AXIS2_PLACEMENT_3D ( 'NONE', #7111, #3821, #1563 ) ;
#862 = CARTESIAN_POINT ( 'NONE',  ( -301.5382396610692126, -29.09763107293782625, -3.403883397305473402 ) ) ;
#863 = DIRECTION ( 'NONE',  ( 0.000000000000000000, -4.081702296415999431E-15, -1.000000000000000000 ) ) ;
#864 = FACE_OUTER_BOUND ( 'NONE', #5419, .T. ) ;
#865 = EDGE_LOOP ( 'NONE', ( #2634, #7653, #2379, #2534 ) ) ;
#866 = DIRECTION ( 'NONE',  ( -0.000000000000000000, -1.000000000000000000, -0.000000000000000000 ) ) ;
#867 = DIRECTION ( 'NONE',  ( 0.000000000000000000, 0.000000000000000000, -1.000000000000000000 ) ) ;
#868 = CIRCLE ( 'NONE', #1754, 2.249999999999974243 ) ;
#869 = DIRECTION ( 'NONE',  ( 0.000000000000000000, 4.081702296416033352E-15, 1.000000000000000000 ) ) ;
#870 = ORIENTED_EDGE ( 'NONE', *, *, #5807, .T. ) ;
#871 = FACE_OUTER_BOUND ( 'NONE', #6929, .T. ) ;
#872 = CARTESIAN_POINT ( 'NONE',  ( -25.00000000000000000, 30.00000000000021316, 61.25000000000000000 ) ) ;
#873 = AXIS2_PLACEMENT_3D ( 'NONE', #7480, #5125, #4574 ) ;
#874 = EDGE_LOOP ( 'NONE', ( #5930, #1212, #3403, #7341 ) ) ;
#875 = AXIS2_PLACEMENT_3D ( 'NONE', #1622, #6927, #293 ) ;
#876 = LINE ( 'NONE', #5098, #1307 ) ;
#877 = EDGE_LOOP ( 'NONE', ( #4194, #2224, #143, #7204 ) ) ;
#878 = CARTESIAN_POINT ( 'NONE',  ( 299.2928932188134468, 34.00000000000042633, 119.9999999999999858 ) ) ;
#879 = VERTEX_POINT ( 'NONE', #7730 ) ;
#880 = EDGE_CURVE ( 'NONE', #2859, #3637, #2968, .T. ) ;
#881 = EDGE_CURVE ( 'NONE', #4644, #4671, #1613, .T. ) ;
#882 = CIRCLE ( 'NONE', #3657, 1.950000000000007283 ) ;
#883 = DIRECTION ( 'NONE',  ( 0.000000000000000000, 0.000000000000000000, -1.000000000000000000 ) ) ;
#884 = CARTESIAN_POINT ( 'NONE',  ( -299.0488155364689078, -30.31920933717077915, -3.908822290408317190 ) ) ;
#885 = ORIENTED_EDGE ( 'NONE', *, *, #1135, .T. ) ;
#886 = DIRECTION ( 'NONE',  ( 0.000000000000000000, 3.469446951953615767E-15, 1.000000000000000000 ) ) ;
#887 = ORIENTED_EDGE ( 'NONE', *, *, #7531, .T. ) ;
#888 = DIRECTION ( 'NONE',  ( -0.000000000000000000, 1.000000000000000000, -3.504141421473150331E-15 ) ) ;
#889 = DIRECTION ( 'NONE',  ( -0.000000000000000000, -1.000000000000000000, -0.000000000000000000 ) ) ;
#890 = CIRCLE ( 'NONE', #1520, 2.250000000000001776 ) ;
#891 = EDGE_CURVE ( 'NONE', #4790, #2004, #7640, .T. ) ;
#892 = ADVANCED_FACE ( 'NONE', ( #7126 ), #607, .F. ) ;
#893 = CIRCLE ( 'NONE', #1895, 1.700000000000007061 ) ;
#894 = DIRECTION ( 'NONE',  ( -1.000000000000000000, -0.000000000000000000, -0.000000000000000000 ) ) ;
#895 = B_SPLINE_CURVE_WITH_KNOTS ( 'NONE', 3,
 ( #4359, #4987, #4473, #5062, #7373, #1437, #7456, #2694, #5688, #3253 ),
 .UNSPECIFIED., .F., .F.,
 ( 4, 2, 2, 2, 4 ),
 ( 0.000000000000000000, 0.2500000000000003331, 0.5000000000000005551, 0.7500000000000008882, 1.000000000000000000 ),
 .UNSPECIFIED. ) ;
#896 = CARTESIAN_POINT ( 'NONE',  ( 25.00000000000000000, 34.00000000000031974, 91.24999999999998579 ) ) ;
#897 = ORIENTED_EDGE ( 'NONE', *, *, #439, .T. ) ;
#898 = CARTESIAN_POINT ( 'NONE',  ( 244.4999999999998010, 34.00000000000006395, 17.00000000000004974 ) ) ;
#899 = VERTEX_POINT ( 'NONE', #7166 ) ;
#900 = AXIS2_PLACEMENT_3D ( 'NONE', #7128, #2368, #644 ) ;
#901 = CARTESIAN_POINT ( 'NONE',  ( 0.000000000000000000, 31.55000000000032045, 91.25000000000000000 ) ) ;
#902 = EDGE_CURVE ( 'NONE', #3088, #727, #7529, .T. ) ;
#903 = CIRCLE ( 'NONE', #2537, 2.250000000000001776 ) ;
#904 = CARTESIAN_POINT ( 'NONE',  ( 299.0488155364690215, -30.30873942179638192, -3.869863383341590968 ) ) ;
#905 = DIRECTION ( 'NONE',  ( -0.000000000000000000, 1.000000000000000000, -3.498359009886561105E-15 ) ) ;
#906 = CARTESIAN_POINT ( 'NONE',  ( 299.8384854182647246, 29.19526214587564183, 0.5167272264360831535 ) ) ;
#907 = EDGE_LOOP ( 'NONE', ( #4423, #3374, #4939, #2344 ) ) ;
#908 = DIRECTION ( 'NONE',  ( 0.000000000000000000, 1.000000000000000000, -3.512815038853036338E-15 ) ) ;
#909 = DIRECTION ( 'NONE',  ( -0.000000000000000000, -1.000000000000000000, -0.000000000000000000 ) ) ;
#910 = CONICAL_SURFACE ( 'NONE', #3681, 4.700000000000009948, 0.7853981633974482790 ) ;
#911 = VECTOR ( 'NONE', #1567, 1000.000000000000000 ) ;
#912 = ADVANCED_FACE ( 'NONE', ( #3001 ), #4143, .F. ) ;
#913 = DIRECTION ( 'NONE',  ( 0.000000000000000000, 1.000000000000000000, 3.491481338843133355E-15 ) ) ;
#914 = VERTEX_POINT ( 'NONE', #1082 ) ;
#915 = DIRECTION ( 'NONE',  ( -0.000000000000000000, 1.000000000000000000, -3.498359009886561105E-15 ) ) ;
#916 = AXIS2_PLACEMENT_3D ( 'NONE', #6715, #2541, #6167 ) ;
#917 = DIRECTION ( 'NONE',  ( -0.000000000000000000, 1.000000000000000000, -3.504141421473150331E-15 ) ) ;
#918 = VERTEX_POINT ( 'NONE', #1776 ) ;
#919 = CIRCLE ( 'NONE', #1916, 2.249999999999988010 ) ;
#920 = CARTESIAN_POINT ( 'NONE',  ( -299.2440776823444821, 30.00000000000001066, 0.7382006122008519799 ) ) ;
#921 = VERTEX_POINT ( 'NONE', #2403 ) ;
#922 = FACE_OUTER_BOUND ( 'NONE', #3294, .T. ) ;
#923 = EDGE_LOOP ( 'NONE', ( #5252, #108 ) ) ;
#924 = VECTOR ( 'NONE', #4205, 1000.000000000000000 ) ;
#925 = ORIENTED_EDGE ( 'NONE', *, *, #1914, .F. ) ;
#926 = CYLINDRICAL_SURFACE ( 'NONE', #2891, 1.699999999999993072 ) ;
#927 = CARTESIAN_POINT ( 'NONE',  ( -299.1952621458755743, -33.36893194177129374, -1.518094901854498913 ) ) ;
#928 = ADVANCED_FACE ( 'NONE', ( #7208 ), #3479, .F. ) ;
#929 = ORIENTED_EDGE ( 'NONE', *, *, #7251, .F. ) ;
#930 = CARTESIAN_POINT ( 'NONE',  ( 197.9999999999999716, -31.55000000000032756, 97.74999999999978684 ) ) ;
#931 = ORIENTED_EDGE ( 'NONE', *, *, #463, .F. ) ;
#932 = DIRECTION ( 'NONE',  ( 0.000000000000000000, 0.000000000000000000, -1.000000000000000000 ) ) ;
#933 = CIRCLE ( 'NONE', #7218, 2.249999999999988010 ) ;
#934 = DIRECTION ( 'NONE',  ( 0.000000000000000000, 1.000000000000000000, 3.491481338843133355E-15 ) ) ;
#935 = AXIS2_PLACEMENT_3D ( 'NONE', #2831, #5244, #6846 ) ;
#936 = CARTESIAN_POINT ( 'NONE',  ( -244.4999999999997442, 34.00000000000006395, 16.99999999999999289 ) ) ;
#937 = DIRECTION ( 'NONE',  ( 0.000000000000000000, -0.7071067811865457964, -0.7071067811865492381 ) ) ;
#938 = LINE ( 'NONE', #5739, #2548 ) ;
#939 = VERTEX_POINT ( 'NONE', #678 ) ;
#940 = CARTESIAN_POINT ( 'NONE',  ( 216.5649711574550906, -30.00000000000017408, 50.06497115745585802 ) ) ;
#941 = ADVANCED_FACE ( 'NONE', ( #4848 ), #1340, .F. ) ;
#942 = UNCERTAINTY_MEASURE_WITH_UNIT (LENGTH_MEASURE( 1.000000000000000082E-05 ), #2755, 'distance_accuracy_value', 'NONE');
#943 = ORIENTED_EDGE ( 'NONE', *, *, #6180, .T. ) ;
#944 = AXIS2_PLACEMENT_3D ( 'NONE', #7757, #4765, #6062 ) ;
#945 = FACE_BOUND ( 'NONE', #661, .T. ) ;
#946 = AXIS2_PLACEMENT_3D ( 'NONE', #6560, #1284, #1175 ) ;
#947 = CARTESIAN_POINT ( 'NONE',  ( 299.1220388411722979, -29.58971903248792756, 0.2326396980346947252 ) ) ;
#948 = LINE ( 'NONE', #4062, #2290 ) ;
#949 = LINE ( 'NONE', #6378, #5321 ) ;
#950 = VERTEX_POINT ( 'NONE', #7241 ) ;
#951 = DIRECTION ( 'NONE',  ( -0.000000000000000000, 1.000000000000000000, -3.504141421473150331E-15 ) ) ;
#952 = LINE ( 'NONE', #5214, #7514 ) ;
#953 = EDGE_CURVE ( 'NONE', #2247, #2144, #3080, .T. ) ;
#954 = VECTOR ( 'NONE', #4584, 1000.000000000000000 ) ;
#955 = CARTESIAN_POINT ( 'NONE',  ( 299.2928932188134468, -30.00000000000000355, 0.9999999999999870104 ) ) ;
#956 = ORIENTED_EDGE ( 'NONE', *, *, #2651, .F. ) ;
#957 = DIRECTION ( 'NONE',  ( -0.000000000000000000, 1.000000000000000000, 3.498359009886561105E-15 ) ) ;
#958 = CARTESIAN_POINT ( 'NONE',  ( 244.4999999999997442, 24.00000000000039080, 110.0000000000000853 ) ) ;
#959 = ORIENTED_EDGE ( 'NONE', *, *, #6414, .F. ) ;
#960 = CARTESIAN_POINT ( 'NONE',  ( 25.00000000000000000, 31.55000000000010729, 28.99999999999999289 ) ) ;
#961 = VERTEX_POINT ( 'NONE', #1923 ) ;
#962 = DIRECTION ( 'NONE',  ( 0.000000000000000000, -3.558407130208821635E-15, 1.000000000000000000 ) ) ;
#963 = EDGE_CURVE ( 'NONE', #979, #1727, #7275, .T. ) ;
#964 = ORIENTED_EDGE ( 'NONE', *, *, #2192, .F. ) ;
#965 = ORIENTED_EDGE ( 'NONE', *, *, #3925, .T. ) ;
#966 = DIRECTION ( 'NONE',  ( 0.000000000000000000, -1.000000000000000000, 3.504141421473150331E-15 ) ) ;
#967 = CARTESIAN_POINT ( 'NONE',  ( 0.000000000000000000, 31.55000000000031335, 89.00000000000000000 ) ) ;
#968 = ORIENTED_EDGE ( 'NONE', *, *, #1135, .F. ) ;
#969 = DIRECTION ( 'NONE',  ( 8.659560562354953812E-17, -0.7071067811865457964, 0.7071067811865492381 ) ) ;
#970 = ORIENTED_EDGE ( 'NONE', *, *, #2492, .F. ) ;
#971 = CARTESIAN_POINT ( 'NONE',  ( 299.1708543776413194, 33.03032088568682667, -2.097315468673585315 ) ) ;
#972 = DIRECTION ( 'NONE',  ( 8.659560562354932858E-17, 0.7071067811865451302, -0.7071067811865500152 ) ) ;
#973 = ADVANCED_FACE ( 'NONE', ( #1848 ), #2476, .F. ) ;
#974 = LINE ( 'NONE', #5314, #992 ) ;
#975 = FACE_OUTER_BOUND ( 'NONE', #2962, .T. ) ;
#976 = DIRECTION ( 'NONE',  ( -0.000000000000000000, 1.000000000000000000, -3.504141421473150331E-15 ) ) ;
#977 = ORIENTED_EDGE ( 'NONE', *, *, #4618, .T. ) ;
#978 = DIRECTION ( 'NONE',  ( -1.000000000000000000, 0.000000000000000000, 3.713525943768164663E-15 ) ) ;
#979 = VERTEX_POINT ( 'NONE', #4918 ) ;
#980 = FACE_BOUND ( 'NONE', #416, .T. ) ;
#981 = EDGE_CURVE ( 'NONE', #3396, #28, #2374, .T. ) ;
#982 = CIRCLE ( 'NONE', #6756, 1.950000000000007283 ) ;
#983 = EDGE_CURVE ( 'NONE', #2467, #4662, #1959, .T. ) ;
#984 = CARTESIAN_POINT ( 'NONE',  ( 299.2440776823445390, -29.93462418053091767, 0.7488267301688171784 ) ) ;
#985 = CARTESIAN_POINT ( 'NONE',  ( -299.1256331943129680, -29.02441201959609529, 0.04040000000000366909 ) ) ;
#986 = DIRECTION ( 'NONE',  ( 0.000000000000000000, 0.000000000000000000, -1.000000000000000000 ) ) ;
#987 = AXIS2_PLACEMENT_3D ( 'NONE', #5292, #3631, #3517 ) ;
#988 = ORIENTED_EDGE ( 'NONE', *, *, #4656, .F. ) ;
#989 = DIRECTION ( 'NONE',  ( -0.000000000000000000, 1.000000000000000000, -3.504141421473150331E-15 ) ) ;
#990 = DIRECTION ( 'NONE',  ( 8.659560562354932858E-17, 0.7071067811865451302, -0.7071067811865500152 ) ) ;
#991 = EDGE_CURVE ( 'NONE', #6393, #6739, #1989, .T. ) ;
#992 = VECTOR ( 'NONE', #4050, 1000.000000000000114 ) ;
#993 = DIRECTION ( 'NONE',  ( -1.000000000000000000, -0.000000000000000000, -0.000000000000000000 ) ) ;
#994 = EDGE_LOOP ( 'NONE', ( #7589, #5889, #421, #7737 ) ) ;
#995 = DIRECTION ( 'NONE',  ( -0.000000000000000000, -1.000000000000000000, -0.000000000000000000 ) ) ;
#996 = CARTESIAN_POINT ( 'NONE',  ( 304.0000000000000568, -29.29289321881345387, -1.124188949980529427E-12 ) ) ;
#997 = EDGE_LOOP ( 'NONE', ( #5578, #3038, #3112, #4712 ) ) ;
#998 = DIRECTION ( 'NONE',  ( -0.000000000000000000, -1.000000000000000000, -0.000000000000000000 ) ) ;
#999 = ORIENTED_EDGE ( 'NONE', *, *, #7203, .T. ) ;
#1000 = DIRECTION ( 'NONE',  ( 0.000000000000000000, 0.000000000000000000, -1.000000000000000000 ) ) ;
#1001 = CIRCLE ( 'NONE', #3524, 31.99999999999998579 ) ;
#1002 = ORIENTED_EDGE ( 'NONE', *, *, #6745, .T. ) ;
#1003 = ORIENTED_EDGE ( 'NONE', *, *, #5820, .F. ) ;
#1004 = AXIS2_PLACEMENT_3D ( 'NONE', #2759, #995, #2806 ) ;
#1005 = CYLINDRICAL_SURFACE ( 'NONE', #1497, 2.250000000000001776 ) ;
#1006 = EDGE_CURVE ( 'NONE', #2687, #557, #2445, .T. ) ;
#1007 = CARTESIAN_POINT ( 'NONE',  ( 63.99999999999997158, 32.55000000000038796, 111.6999999999999744 ) ) ;
#1008 = ORIENTED_EDGE ( 'NONE', *, *, #6289, .T. ) ;
#1009 = CARTESIAN_POINT ( 'NONE',  ( -243.4350288425439146, -34.00000000000017764, 48.11497115745530095 ) ) ;
#1010 = ORIENTED_EDGE ( 'NONE', *, *, #4474, .F. ) ;
#1011 = CARTESIAN_POINT ( 'NONE',  ( 243.4350288425439146, -34.00000000000017764, 45.96497115745530948 ) ) ;
#1012 = DIRECTION ( 'NONE',  ( -0.000000000000000000, 1.000000000000000000, 3.498359009886561105E-15 ) ) ;
#1013 = APPROVAL_PERSON_ORGANIZATION ( #571, #5467, #527 ) ;
#1014 = VECTOR ( 'NONE', #4705, 1000.000000000000000 ) ;
#1015 = CYLINDRICAL_SURFACE ( 'NONE', #6766, 1.699999999999993072 ) ;
#1016 = CARTESIAN_POINT ( 'NONE',  ( 160.0000000000000284, 30.00000000000016342, 45.49999999999992184 ) ) ;
#1017 = CIRCLE ( 'NONE', #5544, 1.699999999999979305 ) ;
#1018 = CARTESIAN_POINT ( 'NONE',  ( 243.4350288425439146, -34.00000000000017764, 50.06497115745530380 ) ) ;
#1019 = EDGE_LOOP ( 'NONE', ( #7524, #4041, #597, #585 ) ) ;
#1020 = CARTESIAN_POINT ( 'NONE',  ( -159.9999999999999716, 34.00000000000016342, 45.49999999999995026 ) ) ;
#1021 = CARTESIAN_POINT ( 'NONE',  ( 299.2928932188134468, -30.00000000000041922, 120.0000000000000000 ) ) ;
#1022 = VERTEX_POINT ( 'NONE', #788 ) ;
#1023 = CARTESIAN_POINT ( 'NONE',  ( -63.99999999999997158, 34.00000000000038369, 109.9999999999999858 ) ) ;
#1024 = AXIS2_PLACEMENT_3D ( 'NONE', #5114, #7502, #2784 ) ;
#1025 = CARTESIAN_POINT ( 'NONE',  ( 299.1708543776412625, -32.99833421199087269, -2.072733599874617472 ) ) ;
#1026 = CARTESIAN_POINT ( 'NONE',  ( -299.4832727735638400, -29.09763107293782625, 0.1615145817352562352 ) ) ;
#1027 = EDGE_CURVE ( 'NONE', #3172, #2798, #7353, .T. ) ;
#1028 = CARTESIAN_POINT ( 'NONE',  ( 301.5180949018545107, 29.09763107293782980, -3.368931941771303062 ) ) ;
#1029 = AXIS2_PLACEMENT_3D ( 'NONE', #2722, #917, #5718 ) ;
#1030 = EDGE_LOOP ( 'NONE', ( #6203, #505, #7382, #702 ) ) ;
#1031 = EDGE_CURVE ( 'NONE', #2312, #4644, #56, .T. ) ;
#1032 = CARTESIAN_POINT ( 'NONE',  ( -215.5000000000001705, 24.00000000000038369, 110.0000000000000284 ) ) ;
#1033 = DIRECTION ( 'NONE',  ( -1.000000000000000000, 0.000000000000000000, 3.469446951953611231E-16 ) ) ;
#1034 = VECTOR ( 'NONE', #1199, 1000.000000000000000 ) ;
#1035 = CARTESIAN_POINT ( 'NONE',  ( -284.0000000000000000, -30.00000000000037659, 108.3000000000000114 ) ) ;
#1036 = ORIENTED_EDGE ( 'NONE', *, *, #6952, .F. ) ;
#1037 = FACE_OUTER_BOUND ( 'NONE', #1436, .T. ) ;
#1038 = CARTESIAN_POINT ( 'NONE',  ( 140.0000000000000000, 34.00000000000016342, 45.49999999999991473 ) ) ;
#1039 = ORIENTED_EDGE ( 'NONE', *, *, #148, .F. ) ;
#1040 = DIRECTION ( 'NONE',  ( -0.000000000000000000, 1.000000000000000000, -3.504141421473150331E-15 ) ) ;
#1041 = CC_DESIGN_PERSON_AND_ORGANIZATION_ASSIGNMENT ( #2362, #4068, ( #6783 ) ) ;
#1042 = ADVANCED_FACE ( 'NONE', ( #2592 ), #6076, .F. ) ;
#1043 = ORIENTED_EDGE ( 'NONE', *, *, #826, .T. ) ;
#1044 = VECTOR ( 'NONE', #2075, 1000.000000000000000 ) ;
#1045 = EDGE_CURVE ( 'NONE', #1168, #7178, #5553, .T. ) ;
#1046 = CARTESIAN_POINT ( 'NONE',  ( -197.9999999999999716, -34.00000000000033396, 93.24999999999977263 ) ) ;
#1047 = VERTEX_POINT ( 'NONE', #5513 ) ;
#1048 = EDGE_CURVE ( 'NONE', #3815, #4982, #125, .T. ) ;
#1049 = ORIENTED_EDGE ( 'NONE', *, *, #4892, .T. ) ;
#1050 = CIRCLE ( 'NONE', #294, 32.00000000000000000 ) ;
#1051 = AXIS2_PLACEMENT_3D ( 'NONE', #823, #6759, #709 ) ;
#1052 = DIRECTION ( 'NONE',  ( 1.000000000000000000, 0.000000000000000000, 3.491481338843133355E-15 ) ) ;
#1053 = CARTESIAN_POINT ( 'NONE',  ( -298.9999999999999432, -28.99999999999999645, -8.673617379884035472E-15 ) ) ;
#1054 = EDGE_LOOP ( 'NONE', ( #6514, #6050, #6372, #3850 ) ) ;
#1055 = ADVANCED_FACE ( 'NONE', ( #4336 ), #3641, .F. ) ;
#1056 = CARTESIAN_POINT ( 'NONE',  ( -243.4350288425443978, -34.00000000000027001, 81.03502884254416472 ) ) ;
#1057 = ORIENTED_EDGE ( 'NONE', *, *, #6658, .T. ) ;
#1058 = CARTESIAN_POINT ( 'NONE',  ( 262.0000000000000000, -30.00000000000011013, 31.49999999999978684 ) ) ;
#1059 = CARTESIAN_POINT ( 'NONE',  ( 300.0000000000000568, 29.29289321881346098, 1.000000000000000888 ) ) ;
#1060 = AXIS2_PLACEMENT_3D ( 'NONE', #3103, #7374, #2616 ) ;
#1061 = ADVANCED_FACE ( 'NONE', ( #6144 ), #747, .F. ) ;
#1062 = LINE ( 'NONE', #2316, #7654 ) ;
#1063 = AXIS2_PLACEMENT_3D ( 'NONE', #960, #1040, #7488 ) ;
#1064 = CARTESIAN_POINT ( 'NONE',  ( -303.3689319417711090, -29.19526214587563118, -1.518094901854524448 ) ) ;
#1065 = CARTESIAN_POINT ( 'NONE',  ( -197.9999999999999716, -34.00000000000033396, 95.49999999999977263 ) ) ;
#1066 = ORIENTED_EDGE ( 'NONE', *, *, #1068, .F. ) ;
#1067 = DIRECTION ( 'NONE',  ( -0.000000000000000000, 1.000000000000000000, -3.504141421473150331E-15 ) ) ;
#1068 = EDGE_CURVE ( 'NONE', #5661, #7094, #120, .T. ) ;
#1069 = LINE ( 'NONE', #2869, #689 ) ;
#1070 = EDGE_CURVE ( 'NONE', #5831, #7176, #4516, .T. ) ;
#1071 = CARTESIAN_POINT ( 'NONE',  ( 216.5649711574550906, -34.00000000000017764, 52.01497115745586797 ) ) ;
#1072 = VECTOR ( 'NONE', #2239, 1000.000000000000000 ) ;
#1073 = DIRECTION ( 'NONE',  ( 0.000000000000000000, 1.000000000000000000, 3.491481338843133355E-15 ) ) ;
#1074 = LINE ( 'NONE', #4695, #3563 ) ;
#1075 = VECTOR ( 'NONE', #7377, 1000.000000000000000 ) ;
#1076 = DIRECTION ( 'NONE',  ( -0.000000000000000000, -1.000000000000000000, -0.000000000000000000 ) ) ;
#1077 = VERTEX_POINT ( 'NONE', #2783 ) ;
#1078 = APPROVAL_STATUS ( 'not_yet_approved' ) ;
#1079 = CARTESIAN_POINT ( 'NONE',  ( -216.5649711574550906, -31.85000000000017550, 50.06497115745585802 ) ) ;
#1080 = CIRCLE ( 'NONE', #7474, 1.950000000000007283 ) ;
#1081 = EDGE_CURVE ( 'NONE', #1473, #544, #1750, .T. ) ;
#1082 = CARTESIAN_POINT ( 'NONE',  ( -197.9999999999999716, -31.55000000000032756, 93.24999999999977263 ) ) ;
#1083 = EDGE_LOOP ( 'NONE', ( #925, #6507 ) ) ;
#1084 = LINE ( 'NONE', #7731, #3778 ) ;
#1085 = CARTESIAN_POINT ( 'NONE',  ( 300.0000000000000568, -29.29289321881345387, 0.000000000000000000 ) ) ;
#1086 = VERTEX_POINT ( 'NONE', #475 ) ;
#1087 = FACE_OUTER_BOUND ( 'NONE', #5637, .T. ) ;
#1088 = ORIENTED_EDGE ( 'NONE', *, *, #5549, .F. ) ;
#1089 = VECTOR ( 'NONE', #6355, 1000.000000000000000 ) ;
#1090 = DIRECTION ( 'NONE',  ( -0.000000000000000000, 1.000000000000000000, 3.498359009886561105E-15 ) ) ;
#1091 = ORIENTED_EDGE ( 'NONE', *, *, #5487, .T. ) ;
#1092 = VERTEX_POINT ( 'NONE', #2864 ) ;
#1093 = EDGE_CURVE ( 'NONE', #5661, #3432, #974, .T. ) ;
#1094 = DIRECTION ( 'NONE',  ( 0.000000000000000000, 3.083952846180988111E-15, 1.000000000000000000 ) ) ;
#1095 = DIRECTION ( 'NONE',  ( 0.000000000000000000, 1.000000000000000000, -3.504141421473150331E-15 ) ) ;
#1096 = ORIENTED_EDGE ( 'NONE', *, *, #2386, .T. ) ;
#1097 = CARTESIAN_POINT ( 'NONE',  ( -25.00000000000000000, 31.55000000000021032, 59.00000000000000000 ) ) ;
#1098 = EDGE_LOOP ( 'NONE', ( #1286, #5386, #1131, #3952 ) ) ;
#1099 = DIRECTION ( 'NONE',  ( 0.000000000000000000, -3.083952846181025582E-15, 1.000000000000000000 ) ) ;
#1100 = CARTESIAN_POINT ( 'NONE',  ( 299.5219866587634101, -29.09763107293783335, 0.1077730963901904621 ) ) ;
#1101 = CARTESIAN_POINT ( 'NONE',  ( 197.9999999999999716, -31.55000000000032756, 95.49999999999977263 ) ) ;
#1102 = CARTESIAN_POINT ( 'NONE',  ( -118.9999999999999716, 32.55000000000038085, 109.9999999999999858 ) ) ;
#1103 = DIRECTION ( 'NONE',  ( -0.000000000000000000, -1.000000000000000000, -0.000000000000000000 ) ) ;
#1104 = ORIENTED_EDGE ( 'NONE', *, *, #6678, .F. ) ;
#1105 = CYLINDRICAL_SURFACE ( 'NONE', #4563, 2.249999999999988010 ) ;
#1106 = CARTESIAN_POINT ( 'NONE',  ( -276.4999999999999432, 24.00000000000017408, 49.00000000000024869 ) ) ;
#1107 = CARTESIAN_POINT ( 'NONE',  ( 25.00000000000000000, -31.55000000000010019, 31.24999999999974065 ) ) ;
#1108 = CARTESIAN_POINT ( 'NONE',  ( -25.00000000000000000, 34.00000000000012079, 33.69999999999999574 ) ) ;
#1109 = CARTESIAN_POINT ( 'NONE',  ( 118.9999999999999716, -30.00000000000037659, 108.2999999999999972 ) ) ;
#1110 = EDGE_CURVE ( 'NONE', #4522, #811, #6448, .T. ) ;
#1111 = DIRECTION ( 'NONE',  ( -0.000000000000000000, 1.000000000000000000, -3.504141421473150331E-15 ) ) ;
#1112 = ORIENTED_EDGE ( 'NONE', *, *, #4474, .T. ) ;
#1113 = CALENDAR_DATE ( 2026, 30, 6 ) ;
#1114 = DIRECTION ( 'NONE',  ( 0.000000000000000000, 1.000000000000000000, -3.491481338843133355E-15 ) ) ;
#1115 = LINE ( 'NONE', #2293, #5138 ) ;
#1116 = CARTESIAN_POINT ( 'NONE',  ( 174.0000000000000000, -34.00000000000038369, 109.9999999999999858 ) ) ;
#1117 = CONICAL_SURFACE ( 'NONE', #3628, 4.699999999999995737, 0.7853981633974482790 ) ;
#1118 = CARTESIAN_POINT ( 'NONE',  ( 25.00000000000000000, -30.00000000000031264, 88.99999999999972999 ) ) ;
#1119 = EDGE_LOOP ( 'NONE', ( #3356, #4717, #1940, #3020 ) ) ;
#1120 = LINE ( 'NONE', #5375, #3197 ) ;
#1121 = ORIENTED_EDGE ( 'NONE', *, *, #1803, .F. ) ;
#1122 = CARTESIAN_POINT ( 'NONE',  ( 299.9739726766683816, -29.24407768234454252, 0.7382521156407211294 ) ) ;
#1123 = ORIENTED_EDGE ( 'NONE', *, *, #4597, .F. ) ;
#1124 = AXIS2_PLACEMENT_3D ( 'NONE', #2804, #7005, #5675 ) ;
#1125 = ORIENTED_EDGE ( 'NONE', *, *, #4063, .F. ) ;
#1126 = LINE ( 'NONE', #2345, #7034 ) ;
#1127 = CARTESIAN_POINT ( 'NONE',  ( -63.99999999999997158, -34.00000000000038369, 109.9999999999999858 ) ) ;
#1128 = VERTEX_POINT ( 'NONE', #6990 ) ;
#1129 = AXIS2_PLACEMENT_3D ( 'NONE', #1660, #17, #5962 ) ;
#1130 = LINE ( 'NONE', #5349, #431 ) ;
#1131 = ORIENTED_EDGE ( 'NONE', *, *, #1189, .T. ) ;
#1132 = CARTESIAN_POINT ( 'NONE',  ( -284.0000000000000000, -32.55000000000038085, 108.3000000000000114 ) ) ;
#1133 = ADVANCED_FACE ( 'NONE', ( #7028 ), #3379, .F. ) ;
#1134 = CARTESIAN_POINT ( 'NONE',  ( 262.0000000000000000, -34.00000000000011369, 31.49999999999978684 ) ) ;
#1135 = EDGE_CURVE ( 'NONE', #2114, #2045, #5196, .T. ) ;
#1136 = AXIS2_PLACEMENT_3D ( 'NONE', #6941, #1513, #966 ) ;
#1137 = CARTESIAN_POINT ( 'NONE',  ( 303.8698633833416807, -29.24407768234453897, -0.3087394217964116727 ) ) ;
#1138 = DIRECTION ( 'NONE',  ( 0.000000000000000000, 0.000000000000000000, -1.000000000000000000 ) ) ;
#1139 = DIRECTION ( 'NONE',  ( 0.000000000000000000, -1.000000000000000000, 3.498359009886561105E-15 ) ) ;
#1140 = ORIENTED_EDGE ( 'NONE', *, *, #2029, .F. ) ;
#1141 = FACE_OUTER_BOUND ( 'NONE', #7326, .T. ) ;
#1142 = DIRECTION ( 'NONE',  ( 0.000000000000000000, 2.952720810173286943E-15, 1.000000000000000000 ) ) ;
#1143 = AXIS2_PLACEMENT_3D ( 'NONE', #3207, #915, #2217 ) ;
#1144 = EDGE_CURVE ( 'NONE', #4671, #7250, #3342, .T. ) ;
#1145 = CARTESIAN_POINT ( 'NONE',  ( 216.5649711574557443, -34.00000000000027001, 76.93502884254469620 ) ) ;
#1146 = EDGE_CURVE ( 'NONE', #2976, #4710, #5397, .T. ) ;
#1147 = DIRECTION ( 'NONE',  ( -0.000000000000000000, 1.000000000000000000, -3.504141421473150331E-15 ) ) ;
#1148 = CARTESIAN_POINT ( 'NONE',  ( -216.5649711574550906, -31.85000000000017550, 48.11497115745585518 ) ) ;
#1149 = CARTESIAN_POINT ( 'NONE',  ( -118.9999999999999716, -34.00000000000038369, 109.9999999999999858 ) ) ;
#1150 = EDGE_LOOP ( 'NONE', ( #6474, #2459, #6624, #2059 ) ) ;
#1151 = PERSON_AND_ORGANIZATION_ROLE ( 'creator' ) ;
#1152 = AXIS2_PLACEMENT_3D ( 'NONE', #2874, #3660, #7345 ) ;
#1153 = CYLINDRICAL_SURFACE ( 'NONE', #1858, 1.700000000000007061 ) ;
#1154 = ADVANCED_FACE ( 'NONE', ( #5865 ), #6488, .F. ) ;
#1155 = DIRECTION ( 'NONE',  ( -0.000000000000000000, 1.000000000000000000, 3.498359009886561105E-15 ) ) ;
#1156 = EDGE_CURVE ( 'NONE', #2236, #7270, #1062, .T. ) ;
#1157 = CONICAL_SURFACE ( 'NONE', #404, 4.699999999999995737, 0.7853981633974482790 ) ;
#1158 = DIRECTION ( 'NONE',  ( -0.000000000000000000, -1.000000000000000000, -0.000000000000000000 ) ) ;
#1159 = DIRECTION ( 'NONE',  ( -0.000000000000000000, 1.000000000000000000, -3.504141421473150331E-15 ) ) ;
#1160 = ORIENTED_EDGE ( 'NONE', *, *, #6391, .T. ) ;
#1161 = CARTESIAN_POINT ( 'NONE',  ( -303.9999999999999432, 0.000000000000000000, 0.9999999999999859002 ) ) ;
#1162 = VERTEX_POINT ( 'NONE', #6406 ) ;
#1163 = CARTESIAN_POINT ( 'NONE',  ( 302.0973154686736848, -29.12203884117227659, -3.030320885686776489 ) ) ;
#1164 = ORIENTED_EDGE ( 'NONE', *, *, #4771, .F. ) ;
#1165 = AXIS2_PLACEMENT_3D ( 'NONE', #3655, #7264, #3105 ) ;
#1166 = CONICAL_SURFACE ( 'NONE', #1029, 4.700000000000002842, 0.7853981633974482790 ) ;
#1167 = ADVANCED_FACE ( 'NONE', ( #3462 ), #1015, .F. ) ;
#1168 = VERTEX_POINT ( 'NONE', #7624 ) ;
#1169 = CARTESIAN_POINT ( 'NONE',  ( 174.0000000000000000, -34.00000000000038369, 109.9999999999999858 ) ) ;
#1170 = ORIENTED_EDGE ( 'NONE', *, *, #2540, .T. ) ;
#1171 = AXIS2_PLACEMENT_3D ( 'NONE', #1611, #4106, #5913 ) ;
#1172 = CARTESIAN_POINT ( 'NONE',  ( -25.00000000000000000, -34.00000000000031264, 86.74999999999974420 ) ) ;
#1173 = ORIENTED_EDGE ( 'NONE', *, *, #5119, .T. ) ;
#1174 = CARTESIAN_POINT ( 'NONE',  ( -197.9999999999999716, -30.00000000000011013, 31.49999999999978684 ) ) ;
#1175 = DIRECTION ( 'NONE',  ( 0.000000000000000000, 2.952720810173286943E-15, 1.000000000000000000 ) ) ;
#1176 = ORIENTED_EDGE ( 'NONE', *, *, #7750, .T. ) ;
#1177 = VECTOR ( 'NONE', #5430, 1000.000000000000000 ) ;
#1178 = AXIS2_PLACEMENT_3D ( 'NONE', #2990, #1728, #6569 ) ;
#1179 = EDGE_CURVE ( 'NONE', #3053, #548, #7071, .T. ) ;
#1180 = DIRECTION ( 'NONE',  ( 0.000000000000000000, 3.083952846180992055E-15, 1.000000000000000000 ) ) ;
#1181 = CARTESIAN_POINT ( 'NONE',  ( -303.8698633833415101, -29.24407768234455673, -0.3087394217964412602 ) ) ;
#1182 = CARTESIAN_POINT ( 'NONE',  ( 216.5649711574550906, -34.00000000000017764, 54.16497115745585234 ) ) ;
#1183 = ORIENTED_EDGE ( 'NONE', *, *, #6617, .F. ) ;
#1184 = LINE ( 'NONE', #3028, #5325 ) ;
#1185 = VECTOR ( 'NONE', #1217, 1000.000000000000000 ) ;
#1186 = CIRCLE ( 'NONE', #1165, 4.700000000000002842 ) ;
#1187 = DIRECTION ( 'NONE',  ( -0.000000000000000000, -1.000000000000000000, -0.000000000000000000 ) ) ;
#1188 = CONICAL_SURFACE ( 'NONE', #5451, 4.099999999999992539, 0.7853981633974450594 ) ;
#1189 = EDGE_CURVE ( 'NONE', #5764, #7285, #6531, .T. ) ;
#1190 = DIRECTION ( 'NONE',  ( -0.000000000000000000, 1.000000000000000000, -3.504141421473150331E-15 ) ) ;
#1191 = LINE ( 'NONE', #4768, #6317 ) ;
#1192 = CARTESIAN_POINT ( 'NONE',  ( 25.00000000000000000, -34.00000000000031264, 88.99999999999972999 ) ) ;
#1193 = ORIENTED_EDGE ( 'NONE', *, *, #4403, .F. ) ;
#1194 = PERSON_AND_ORGANIZATION ( #5168, #4399 ) ;
#1195 = DIRECTION ( 'NONE',  ( -0.000000000000000000, -1.000000000000000000, -0.000000000000000000 ) ) ;
#1196 = CARTESIAN_POINT ( 'NONE',  ( 118.9999999999999716, 34.00000000000039080, 111.6999999999999744 ) ) ;
#1197 = AXIS2_PLACEMENT_3D ( 'NONE', #22, #7645, #2256 ) ;
#1198 = CARTESIAN_POINT ( 'NONE',  ( -174.0000000000000000, 30.00000000000038725, 110.0000000000000000 ) ) ;
#1199 = DIRECTION ( 'NONE',  ( 0.000000000000000000, -0.7071067811865497932, -0.7071067811865452413 ) ) ;
#1200 = ORIENTED_EDGE ( 'NONE', *, *, #3893, .F. ) ;
#1201 = FACE_OUTER_BOUND ( 'NONE', #4886, .T. ) ;
#1202 = ORIENTED_EDGE ( 'NONE', *, *, #5504, .F. ) ;
#1203 = CARTESIAN_POINT ( 'NONE',  ( 303.9088222904083523, -29.24407768234454252, -0.3192093371707960814 ) ) ;
#1204 = ORIENTED_EDGE ( 'NONE', *, *, #7451, .T. ) ;
#1205 = VECTOR ( 'NONE', #267, 1000.000000000000000 ) ;
#1206 = ORIENTED_EDGE ( 'NONE', *, *, #7037, .F. ) ;
#1207 = FACE_BOUND ( 'NONE', #3140, .T. ) ;
#1208 = AXIS2_PLACEMENT_3D ( 'NONE', #659, #552, #7182 ) ;
#1209 = ORIENTED_EDGE ( 'NONE', *, *, #5976, .T. ) ;
#1210 = CARTESIAN_POINT ( 'NONE',  ( 0.000000000000000000, 30.00000000000010303, 29.00000000000000355 ) ) ;
#1211 = ADVANCED_FACE ( 'NONE', ( #5900 ), #512, .F. ) ;
#1212 = ORIENTED_EDGE ( 'NONE', *, *, #6714, .T. ) ;
#1213 = FACE_OUTER_BOUND ( 'NONE', #1708, .T. ) ;
#1214 = ORIENTED_EDGE ( 'NONE', *, *, #6007, .F. ) ;
#1215 = CIRCLE ( 'NONE', #4232, 4.700000000000002842 ) ;
#1216 = FACE_OUTER_BOUND ( 'NONE', #3297, .T. ) ;
#1217 = DIRECTION ( 'NONE',  ( -0.000000000000000000, 1.000000000000000000, -3.504141421473150331E-15 ) ) ;
#1218 = VERTEX_POINT ( 'NONE', #6220 ) ;
#1219 = CARTESIAN_POINT ( 'NONE',  ( 25.00000000000000000, -34.00000000000010658, 28.99999999999975131 ) ) ;
#1220 = CARTESIAN_POINT ( 'NONE',  ( 25.00000000000000000, 31.55000000000030624, 86.75000000000000000 ) ) ;
#1221 = CARTESIAN_POINT ( 'NONE',  ( 243.4350288425443978, -31.85000000000027498, 78.88502884254418746 ) ) ;
#1222 = FACE_OUTER_BOUND ( 'NONE', #5848, .T. ) ;
#1223 = DIRECTION ( 'NONE',  ( -0.000000000000000000, -1.000000000000000000, -0.000000000000000000 ) ) ;
#1224 = ORIENTED_EDGE ( 'NONE', *, *, #4923, .F. ) ;
#1225 = EDGE_CURVE ( 'NONE', #4979, #4603, #2250, .T. ) ;
#1226 = APPLICATION_PROTOCOL_DEFINITION ( 'international standard', 'config_control_design', 1994, #6729 ) ;
#1227 = CARTESIAN_POINT ( 'NONE',  ( -63.99999999999997158, 34.00000000000038369, 109.9999999999999858 ) ) ;
#1228 = EDGE_CURVE ( 'NONE', #727, #4436, #4557, .T. ) ;
#1229 = DIRECTION ( 'NONE',  ( -0.000000000000000000, -1.000000000000000000, -0.000000000000000000 ) ) ;
#1230 = DIRECTION ( 'NONE',  ( 8.659560562354953812E-17, -0.7071067811865457964, 0.7071067811865492381 ) ) ;
#1231 = CARTESIAN_POINT ( 'NONE',  ( 174.0000000000000000, -34.00000000000038369, 106.8499999999999943 ) ) ;
#1232 = ORIENTED_EDGE ( 'NONE', *, *, #2193, .F. ) ;
#1233 = CARTESIAN_POINT ( 'NONE',  ( -25.00000000000000000, -34.00000000000010658, 28.99999999999975486 ) ) ;
#1234 = ORIENTED_EDGE ( 'NONE', *, *, #7186, .F. ) ;
#1235 = DIRECTION ( 'NONE',  ( 0.000000000000000000, -1.000000000000000000, 3.498359009886561105E-15 ) ) ;
#1236 = ORIENTED_EDGE ( 'NONE', *, *, #5046, .T. ) ;
#1237 = ADVANCED_FACE ( 'NONE', ( #1640 ), #369, .F. ) ;
#1238 = CONICAL_SURFACE ( 'NONE', #4131, 3.149999999999986144, 0.7853981633974507215 ) ;
#1239 = ORIENTED_EDGE ( 'NONE', *, *, #2657, .F. ) ;
#1240 = FACE_BOUND ( 'NONE', #3955, .T. ) ;
#1241 = ORIENTED_EDGE ( 'NONE', *, *, #1372, .T. ) ;
#1242 = DIRECTION ( 'NONE',  ( -0.000000000000000000, -1.000000000000000000, -0.000000000000000000 ) ) ;
#1243 = EDGE_LOOP ( 'NONE', ( #5790, #782 ) ) ;
#1244 = CARTESIAN_POINT ( 'NONE',  ( 197.9999999999999716, -34.00000000000011369, 31.49999999999978684 ) ) ;
#1245 = EDGE_LOOP ( 'NONE', ( #4746, #4506, #6316, #7458 ) ) ;
#1246 = EDGE_CURVE ( 'NONE', #3704, #3815, #4833, .T. ) ;
#1247 = AXIS2_PLACEMENT_3D ( 'NONE', #3114, #3194, #3779 ) ;
#1248 = DIRECTION ( 'NONE',  ( -0.000000000000000000, 1.000000000000000000, -3.504141421473150331E-15 ) ) ;
#1249 = AXIS2_PLACEMENT_3D ( 'NONE', #5254, #2289, #3595 ) ;
#1250 = EDGE_CURVE ( 'NONE', #6409, #6799, #6564, .T. ) ;
#1251 = CARTESIAN_POINT ( 'NONE',  ( -183.4999999999999432, 24.00000000000017408, 49.00000000000024869 ) ) ;
#1252 = EDGE_LOOP ( 'NONE', ( #2260, #7011, #885, #618 ) ) ;
#1253 = DIRECTION ( 'NONE',  ( 0.000000000000000000, -4.081702296416033352E-15, 1.000000000000000000 ) ) ;
#1254 = DIRECTION ( 'NONE',  ( -0.000000000000000000, 1.000000000000000000, -3.498359009886561105E-15 ) ) ;
#1255 = VECTOR ( 'NONE', #2064, 1000.000000000000000 ) ;
#1256 = AXIS2_PLACEMENT_3D ( 'NONE', #2717, #2123, #7517 ) ;
#1257 = CARTESIAN_POINT ( 'NONE',  ( 25.00000000000000000, 31.55000000000031335, 89.00000000000000000 ) ) ;
#1258 = AXIS2_PLACEMENT_3D ( 'NONE', #333, #5218, #5755 ) ;
#1259 = DIRECTION ( 'NONE',  ( 0.000000000000000000, 0.000000000000000000, -1.000000000000000000 ) ) ;
#1260 = FACE_BOUND ( 'NONE', #7780, .T. ) ;
#1261 = ORIENTED_EDGE ( 'NONE', *, *, #4538, .F. ) ;
#1262 = DIRECTION ( 'NONE',  ( 0.000000000000000000, 4.081702296416033352E-15, 1.000000000000000000 ) ) ;
#1263 = VECTOR ( 'NONE', #789, 999.9999999999998863 ) ;
#1264 = DIRECTION ( 'NONE',  ( -0.000000000000000000, 1.000000000000000000, -3.504141421473150331E-15 ) ) ;
#1265 = EDGE_CURVE ( 'NONE', #51, #6501, #3892, .T. ) ;
#1266 = CARTESIAN_POINT ( 'NONE',  ( 25.00000000000000000, -30.00000000000009237, 26.74999999999976197 ) ) ;
#1267 = DIRECTION ( 'NONE',  ( 0.000000000000000000, 1.000000000000000000, -3.469446951953611033E-15 ) ) ;
#1269 = EDGE_CURVE ( 'NONE', #7454, #5204, #3652, .T. ) ;
#1268 = DIRECTION ( 'NONE',  ( 0.000000000000000000, -3.083952846181006649E-15, 1.000000000000000000 ) ) ;
#1270 = ORIENTED_EDGE ( 'NONE', *, *, #7413, .F. ) ;
#1271 = CIRCLE ( 'NONE', #7419, 4.700000000000002842 ) ;
#1272 = CARTESIAN_POINT ( 'NONE',  ( -174.0000000000000000, -34.00000000000038369, 106.8499999999999943 ) ) ;
#1273 = VERTEX_POINT ( 'NONE', #700 ) ;
#1274 = CARTESIAN_POINT ( 'NONE',  ( -197.9999999999999716, -34.00000000000033396, 95.49999999999977263 ) ) ;
#1275 = ORIENTED_EDGE ( 'NONE', *, *, #2629, .T. ) ;
#1276 = CIRCLE ( 'NONE', #6058, 2.250000000000001776 ) ;
#1277 = ORIENTED_EDGE ( 'NONE', *, *, #4515, .T. ) ;
#1278 = DIRECTION ( 'NONE',  ( 0.000000000000000000, 0.000000000000000000, -1.000000000000000000 ) ) ;
#1279 = EDGE_CURVE ( 'NONE', #3966, #5720, #5157, .T. ) ;
#1280 = EDGE_LOOP ( 'NONE', ( #6321, #2486, #7302, #4200 ) ) ;
#1281 = CARTESIAN_POINT ( 'NONE',  ( -262.0000000000000000, -34.00000000000033396, 95.49999999999977263 ) ) ;
#1282 = ORIENTED_EDGE ( 'NONE', *, *, #1225, .F. ) ;
#1283 = EDGE_CURVE ( 'NONE', #3371, #3092, #5401, .T. ) ;
#1284 = DIRECTION ( 'NONE',  ( -0.000000000000000000, 1.000000000000000000, -3.504141421473150331E-15 ) ) ;
#1285 = CONICAL_SURFACE ( 'NONE', #4297, 3.149999999999999911, 0.7853981633974507215 ) ;
#1286 = ORIENTED_EDGE ( 'NONE', *, *, #5203, .T. ) ;
#1287 = AXIS2_PLACEMENT_3D ( 'NONE', #4571, #3473, #7555 ) ;
#1288 = CYLINDRICAL_SURFACE ( 'NONE', #6650, 2.250000000000001776 ) ;
#1289 = DIRECTION ( 'NONE',  ( 0.000000000000000000, -0.7071067811865457964, -0.7071067811865492381 ) ) ;
#1290 = VERTEX_POINT ( 'NONE', #3579 ) ;
#1291 = CARTESIAN_POINT ( 'NONE',  ( -25.00000000000000000, 34.00000000000019895, 54.29999999999999005 ) ) ;
#1292 = DIRECTION ( 'NONE',  ( -0.000000000000000000, -1.000000000000000000, -0.000000000000000000 ) ) ;
#1293 = CIRCLE ( 'NONE', #2802, 4.699999999999981526 ) ;
#1294 = CONICAL_SURFACE ( 'NONE', #5696, 4.699999999999999289, 0.7853981633974490562 ) ;
#1295 = EDGE_CURVE ( 'NONE', #3695, #5058, #7102, .T. ) ;
#1296 = AXIS2_PLACEMENT_3D ( 'NONE', #4907, #3183, #4362 ) ;
#1297 = CARTESIAN_POINT ( 'NONE',  ( 304.0000000000005116, 29.29289321881346098, 119.9999999999999858 ) ) ;
#1298 = CARTESIAN_POINT ( 'NONE',  ( 299.2928932188134468, 30.00000000000000355, 0.000000000000000000 ) ) ;
#1299 = CARTESIAN_POINT ( 'NONE',  ( -243.4350288425443978, -34.00000000000027001, 76.93502884254417040 ) ) ;
#1300 = EDGE_CURVE ( 'NONE', #7536, #918, #4129, .T. ) ;
#1301 = VERTEX_POINT ( 'NONE', #3537 ) ;
#1302 = DIRECTION ( 'NONE',  ( -0.000000000000000000, 1.000000000000000000, -3.504141421473150331E-15 ) ) ;
#1303 = AXIS2_PLACEMENT_3D ( 'NONE', #4551, #306, #3373 ) ;
#1304 = DIRECTION ( 'NONE',  ( -0.000000000000000000, -1.000000000000000000, -0.000000000000000000 ) ) ;
#1305 = DIRECTION ( 'NONE',  ( -0.000000000000000000, 1.000000000000000000, -3.498359009886561105E-15 ) ) ;
#1306 = CARTESIAN_POINT ( 'NONE',  ( 299.2440776823445390, 33.86986338334158830, -0.3087394217964299359 ) ) ;
#1307 = VECTOR ( 'NONE', #5178, 1000.000000000000114 ) ;
#1308 = CARTESIAN_POINT ( 'NONE',  ( -299.9999999999999432, 29.26848119778568602, 0.8690774982247587710 ) ) ;
#1309 = DIRECTION ( 'NONE',  ( 0.000000000000000000, -0.7071067811865526798, -0.7071067811865424657 ) ) ;
#1310 = ORIENTED_EDGE ( 'NONE', *, *, #7495, .T. ) ;
#1311 = FACE_OUTER_BOUND ( 'NONE', #2452, .T. ) ;
#1312 = EDGE_LOOP ( 'NONE', ( #4763, #2623, #6271, #3061 ) ) ;
#1313 = ADVANCED_FACE ( 'NONE', ( #1216 ), #3762, .F. ) ;
#1314 = AXIS2_PLACEMENT_3D ( 'NONE', #1964, #6188, #830 ) ;
#1315 = ORIENTED_EDGE ( 'NONE', *, *, #6469, .F. ) ;
#1316 = CARTESIAN_POINT ( 'NONE',  ( 299.0000000000000568, 29.29289321881346098, 3.686287386450715076E-15 ) ) ;
#1317 = DIRECTION ( 'NONE',  ( 0.000000000000000000, 2.952720810173291281E-15, 1.000000000000000000 ) ) ;
#1318 = ORIENTED_EDGE ( 'NONE', *, *, #3588, .T. ) ;
#1319 = FACE_BOUND ( 'NONE', #4447, .T. ) ;
#1320 = VERTEX_POINT ( 'NONE', #4758 ) ;
#1321 = VECTOR ( 'NONE', #561, 1000.000000000000114 ) ;
#1322 = CARTESIAN_POINT ( 'NONE',  ( -299.1708543776411489, 29.79966684239818164, 0.3854532800250883295 ) ) ;
#1323 = VERTEX_POINT ( 'NONE', #2986 ) ;
#1324 = EDGE_CURVE ( 'NONE', #2976, #1713, #2387, .T. ) ;
#1325 = EDGE_CURVE ( 'NONE', #5288, #2533, #1995, .T. ) ;
#1326 = ORIENTED_EDGE ( 'NONE', *, *, #7097, .T. ) ;
#1327 = EDGE_LOOP ( 'NONE', ( #5449, #1864, #68, #6915 ) ) ;
#1328 = AXIS2_PLACEMENT_3D ( 'NONE', #5774, #389, #1519 ) ;
#1329 = DIRECTION ( 'NONE',  ( 0.000000000000000000, 1.000000000000000000, -3.504141421473150331E-15 ) ) ;
#1330 = DIRECTION ( 'NONE',  ( 0.000000000000000000, 0.000000000000000000, -1.000000000000000000 ) ) ;
#1331 = VERTEX_POINT ( 'NONE', #3065 ) ;
#1332 = CARTESIAN_POINT ( 'NONE',  ( 216.5649711574557443, -31.85000000000027498, 78.88502884254471326 ) ) ;
#1333 = DIRECTION ( 'NONE',  ( 0.000000000000000000, 0.000000000000000000, 1.000000000000000000 ) ) ;
#1334 = AXIS2_PLACEMENT_3D ( 'NONE', #6933, #2852, #3404 ) ;
#1335 = CARTESIAN_POINT ( 'NONE',  ( -244.4999999999997442, 24.00000000000039080, 110.0000000000000284 ) ) ;
#1336 = CARTESIAN_POINT ( 'NONE',  ( -25.00000000000000000, 34.00000000000009948, 26.74999999999999289 ) ) ;
#1337 = FACE_BOUND ( 'NONE', #4941, .T. ) ;
#1338 = ORIENTED_EDGE ( 'NONE', *, *, #2731, .F. ) ;
#1339 = CYLINDRICAL_SURFACE ( 'NONE', #1358, 6.999999999999957367 ) ;
#1340 = CYLINDRICAL_SURFACE ( 'NONE', #4267, 32.00000000000004974 ) ;
#1341 = EDGE_CURVE ( 'NONE', #7176, #1526, #6017, .T. ) ;
#1342 = CARTESIAN_POINT ( 'NONE',  ( -174.0000000000000000, -34.00000000000038369, 113.1499999999999773 ) ) ;
#1343 = CARTESIAN_POINT ( 'NONE',  ( -299.0244120195960136, -29.12563319431317055, 0.04039999999999131092 ) ) ;
#1344 = ADVANCED_FACE ( 'NONE', ( #5423 ), #1288, .F. ) ;
#1345 = CARTESIAN_POINT ( 'NONE',  ( -298.9999999999999432, 29.00000000000000711, -3.999999999999996447 ) ) ;
#1346 = CARTESIAN_POINT ( 'NONE',  ( -197.9999999999999716, -34.00000000000011369, 36.19999999999979678 ) ) ;
#1347 = ORIENTED_EDGE ( 'NONE', *, *, #5460, .T. ) ;
#1348 = CARTESIAN_POINT ( 'NONE',  ( -25.00000000000000000, 30.00000000000031619, 89.00000000000000000 ) ) ;
#1349 = FACE_OUTER_BOUND ( 'NONE', #3566, .T. ) ;
#1350 = EDGE_LOOP ( 'NONE', ( #7216, #5269 ) ) ;
#1351 = CARTESIAN_POINT ( 'NONE',  ( -303.3689319417712227, 29.19526214587564183, -1.518094901854503798 ) ) ;
#1352 = DIRECTION ( 'NONE',  ( 0.000000000000000000, 4.405646923115700682E-15, 1.000000000000000000 ) ) ;
#1353 = EDGE_LOOP ( 'NONE', ( #7350, #6828, #7612, #66 ) ) ;
#1354 = FACE_OUTER_BOUND ( 'NONE', #4485, .T. ) ;
#1355 = ORIENTED_EDGE ( 'NONE', *, *, #2943, .T. ) ;
#1356 = CARTESIAN_POINT ( 'NONE',  ( -299.0488155364689078, 29.26174788435928420, 0.02602732333168936499 ) ) ;
#1357 = ORIENTED_EDGE ( 'NONE', *, *, #891, .F. ) ;
#1358 = AXIS2_PLACEMENT_3D ( 'NONE', #7351, #2443, #3738 ) ;
#1359 = VERTEX_POINT ( 'NONE', #74 ) ;
#1360 = LINE ( 'NONE', #7298, #5648 ) ;
#1361 = EDGE_CURVE ( 'NONE', #7249, #7018, #6405, .T. ) ;
#1362 = CIRCLE ( 'NONE', #2246, 2.249999999999998668 ) ;
#1363 = CARTESIAN_POINT ( 'NONE',  ( 25.00000000000000000, -34.00000000000010658, 24.29999999999975202 ) ) ;
#1364 = EDGE_LOOP ( 'NONE', ( #5604, #6884 ) ) ;
#1365 = DIRECTION ( 'NONE',  ( -0.000000000000000000, -1.000000000000000000, -0.000000000000000000 ) ) ;
#1366 = EDGE_CURVE ( 'NONE', #2032, #544, #6672, .T. ) ;
#1367 = CARTESIAN_POINT ( 'NONE',  ( -216.5649711574557443, -34.00000000000027001, 81.03502884254469052 ) ) ;
#1368 = DIRECTION ( 'NONE',  ( -0.000000000000000000, 1.000000000000000000, -3.504141421473150331E-15 ) ) ;
#1369 = CARTESIAN_POINT ( 'NONE',  ( -284.0000000000000000, 30.00000000000038725, 110.0000000000000000 ) ) ;
#1370 = EDGE_CURVE ( 'NONE', #3827, #939, #3805, .T. ) ;
#1371 = FACE_BOUND ( 'NONE', #496, .T. ) ;
#1372 = EDGE_CURVE ( 'NONE', #4714, #3695, #895, .T. ) ;
#1373 = ORIENTED_EDGE ( 'NONE', *, *, #513, .T. ) ;
#1374 = FACE_BOUND ( 'NONE', #6935, .T. ) ;
#1375 = CIRCLE ( 'NONE', #3896, 2.250000000000001776 ) ;
#1376 = DIRECTION ( 'NONE',  ( 0.000000000000000000, -3.558407130208821635E-15, 1.000000000000000000 ) ) ;
#1377 = DIRECTION ( 'NONE',  ( 0.000000000000000000, -0.7071067811865474617, -0.7071067811865474617 ) ) ;
#1378 = CARTESIAN_POINT ( 'NONE',  ( 262.0000000000000000, -34.00000000000011369, 36.19999999999976836 ) ) ;
#1379 = LINE ( 'NONE', #3783, #6070 ) ;
#1380 = DIRECTION ( 'NONE',  ( -0.000000000000000000, -1.000000000000000000, -0.000000000000000000 ) ) ;
#1381 = ORIENTED_EDGE ( 'NONE', *, *, #2691, .F. ) ;
#1382 = LOCAL_TIME ( 23, 14, 47.00000000000000000, #2878 ) ;
#1383 = DIRECTION ( 'NONE',  ( 0.000000000000000000, -3.083952846180988111E-15, -1.000000000000000000 ) ) ;
#1384 = CIRCLE ( 'NONE', #3401, 6.999999999999964473 ) ;
#1385 = ORIENTED_EDGE ( 'NONE', *, *, #3963, .F. ) ;
#1386 = ORIENTED_EDGE ( 'NONE', *, *, #2956, .F. ) ;
#1387 = VECTOR ( 'NONE', #1190, 1000.000000000000000 ) ;
#1388 = LINE ( 'NONE', #3792, #635 ) ;
#1389 = FACE_OUTER_BOUND ( 'NONE', #1150, .T. ) ;
#1390 = ORIENTED_EDGE ( 'NONE', *, *, #4469, .T. ) ;
#1391 = FACE_BOUND ( 'NONE', #3723, .T. ) ;
#1392 = ORIENTED_EDGE ( 'NONE', *, *, #3938, .T. ) ;
#1393 = CARTESIAN_POINT ( 'NONE',  ( -299.1708543776410920, 32.99833421199089400, -2.072733599874583721 ) ) ;
#1394 = EDGE_CURVE ( 'NONE', #2608, #6538, #1628, .T. ) ;
#1395 = ORIENTED_EDGE ( 'NONE', *, *, #5226, .T. ) ;
#1396 = CIRCLE ( 'NONE', #2018, 2.250000000000001776 ) ;
#1397 = EDGE_LOOP ( 'NONE', ( #2521, #2980 ) ) ;
#1398 = CARTESIAN_POINT ( 'NONE',  ( -299.9999999999999432, 29.24407768234454963, 0.7382006122008516469 ) ) ;
#1399 = CONICAL_SURFACE ( 'NONE', #5938, 3.149999999999999911, 0.7853981633974507215 ) ;
#1400 = DIRECTION ( 'NONE',  ( -0.000000000000000000, -3.349810850162163119E-15, -1.000000000000000000 ) ) ;
#1401 = ORIENTED_EDGE ( 'NONE', *, *, #75, .T. ) ;
#1402 = CARTESIAN_POINT ( 'NONE',  ( -262.0000000000000000, -34.00000000000011369, 31.49999999999978684 ) ) ;
#1403 = DIRECTION ( 'NONE',  ( 0.000000000000000000, -0.7071067811865474617, -0.7071067811865474617 ) ) ;
#1404 = ADVANCED_FACE ( 'NONE', ( #6205 ), #4390, .F. ) ;
#1405 = AXIS2_PLACEMENT_3D ( 'NONE', #6983, #6866, #6942 ) ;
#1406 = CYLINDRICAL_SURFACE ( 'NONE', #528, 5.000000000000004441 ) ;
#1407 = CARTESIAN_POINT ( 'NONE',  ( 197.9999999999999716, -30.00000000000033751, 97.74999999999978684 ) ) ;
#1408 = VERTEX_POINT ( 'NONE', #5538 ) ;
#1409 = FACE_BOUND ( 'NONE', #4315, .T. ) ;
#1410 = VECTOR ( 'NONE', #6175, 1000.000000000000000 ) ;
#1411 = VECTOR ( 'NONE', #7477, 1000.000000000000000 ) ;
#1412 = ORIENTED_EDGE ( 'NONE', *, *, #7779, .F. ) ;
#1413 = FACE_BOUND ( 'NONE', #2413, .T. ) ;
#1414 = AXIS2_PLACEMENT_3D ( 'NONE', #1018, #2153, #2276 ) ;
#1415 = ADVANCED_FACE ( 'NONE', ( #3848 ), #6034, .F. ) ;
#1416 = VECTOR ( 'NONE', #978, 1000.000000000000000 ) ;
#1417 = CARTESIAN_POINT ( 'NONE',  ( 174.0000000000000000, 34.00000000000039080, 111.6999999999999886 ) ) ;
#1418 = LINE ( 'NONE', #1342, #1263 ) ;
#1419 = DIRECTION ( 'NONE',  ( 0.000000000000000000, 0.000000000000000000, -1.000000000000000000 ) ) ;
#1420 = CARTESIAN_POINT ( 'NONE',  ( 284.0000000000000000, 34.00000000000038369, 109.9999999999999858 ) ) ;
#1421 = LINE ( 'NONE', #1272, #575 ) ;
#1422 = ORIENTED_EDGE ( 'NONE', *, *, #6619, .F. ) ;
#1423 = CIRCLE ( 'NONE', #801, 1.699999999999979305 ) ;
#1424 = CARTESIAN_POINT ( 'NONE',  ( 0.000000000000000000, 34.00000000000031974, 91.24999999999998579 ) ) ;
#1425 = ORIENTED_EDGE ( 'NONE', *, *, #1269, .T. ) ;
#1426 = ORIENTED_EDGE ( 'NONE', *, *, #1144, .T. ) ;
#1427 = VECTOR ( 'NONE', #4978, 1000.000000000000000 ) ;
#1428 = FACE_OUTER_BOUND ( 'NONE', #5894, .T. ) ;
#1429 = DIRECTION ( 'NONE',  ( 0.000000000000000000, 0.7071067811865500152, 0.7071067811865451302 ) ) ;
#1430 = ORIENTED_EDGE ( 'NONE', *, *, #2540, .F. ) ;
#1431 = FACE_BOUND ( 'NONE', #6957, .T. ) ;
#1432 = ORIENTED_EDGE ( 'NONE', *, *, #3242, .F. ) ;
#1433 = CARTESIAN_POINT ( 'NONE',  ( -299.1952621458755743, 29.83848541826475298, 0.5167272264360877054 ) ) ;
#1434 = ORIENTED_EDGE ( 'NONE', *, *, #1146, .F. ) ;
#1435 = VECTOR ( 'NONE', #7395, 1000.000000000000000 ) ;
#1436 = EDGE_LOOP ( 'NONE', ( #418, #756, #4460, #4476 ) ) ;
#1437 = CARTESIAN_POINT ( 'NONE',  ( 299.1220388411722411, -32.07273359987454597, -2.998334211990928644 ) ) ;
#1438 = ADVANCED_FACE ( 'NONE', ( #5615 ), #5580, .F. ) ;
#1439 = VECTOR ( 'NONE', #4438, 1000.000000000000000 ) ;
#1440 = DIRECTION ( 'NONE',  ( 1.000000000000000000, -0.000000000000000000, -0.000000000000000000 ) ) ;
#1441 = ORIENTED_EDGE ( 'NONE', *, *, #2681, .F. ) ;
#1442 = CARTESIAN_POINT ( 'NONE',  ( 299.2928932188134468, 30.00000000000000711, 0.9999999999999974465 ) ) ;
#1443 = DIRECTION ( 'NONE',  ( -0.000000000000000000, -1.000000000000000000, -0.000000000000000000 ) ) ;
#1444 = VECTOR ( 'NONE', #3142, 1000.000000000000000 ) ;
#1445 = DIRECTION ( 'NONE',  ( 0.000000000000000000, -1.000000000000000000, 3.498359009886561105E-15 ) ) ;
#1446 = DIRECTION ( 'NONE',  ( -0.000000000000000000, -1.000000000000000000, -0.000000000000000000 ) ) ;
#1447 = VECTOR ( 'NONE', #4207, 1000.000000000000000 ) ;
#1448 = ORIENTED_EDGE ( 'NONE', *, *, #4141, .T. ) ;
#1449 = LINE ( 'NONE', #5703, #6197 ) ;
#1450 = ORIENTED_EDGE ( 'NONE', *, *, #5391, .T. ) ;
#1451 = CARTESIAN_POINT ( 'NONE',  ( -299.0976310729378156, 31.51809490185450358, -3.368931941771289740 ) ) ;
#1452 = CARTESIAN_POINT ( 'NONE',  ( 299.0488155364689646, -29.26174788435927354, 0.02602732333167532414 ) ) ;
#1453 = CARTESIAN_POINT ( 'NONE',  ( -302.0973154686734006, -29.12203884117227659, -3.030320885686892396 ) ) ;
#1454 = EDGE_CURVE ( 'NONE', #4865, #6774, #1001, .T. ) ;
#1455 = CARTESIAN_POINT ( 'NONE',  ( -299.5897190324879489, 29.12203884117228014, 0.2326396980347086862 ) ) ;
#1456 = FACE_OUTER_BOUND ( 'NONE', #1507, .T. ) ;
#1457 = ORIENTED_EDGE ( 'NONE', *, *, #5149, .F. ) ;
#1458 = CC_DESIGN_DATE_AND_TIME_ASSIGNMENT ( #4698, #4223, ( #2863 ) ) ;
#1459 = DIRECTION ( 'NONE',  ( -1.000000000000000000, -0.000000000000000000, -0.000000000000000000 ) ) ;
#1460 = DIRECTION ( 'NONE',  ( 0.000000000000000000, 0.000000000000000000, -1.000000000000000000 ) ) ;
#1461 = LINE ( 'NONE', #410, #4766 ) ;
#1462 = ORIENTED_EDGE ( 'NONE', *, *, #7147, .F. ) ;
#1463 = CARTESIAN_POINT ( 'NONE',  ( -303.9999999999998863, 29.26848545057899997, 0.3455015305021140182 ) ) ;
#1464 = LINE ( 'NONE', #5012, #3295 ) ;
#1465 = ORIENTED_EDGE ( 'NONE', *, *, #2609, .F. ) ;
#1466 = CARTESIAN_POINT ( 'NONE',  ( -216.5649711574550906, -30.00000000000017764, 52.01497115745586797 ) ) ;
#1467 = ORIENTED_EDGE ( 'NONE', *, *, #2511, .T. ) ;
#1468 = EDGE_CURVE ( 'NONE', #7454, #5224, #4568, .T. ) ;
#1469 = DIRECTION ( 'NONE',  ( -0.000000000000000000, -1.000000000000000000, -0.000000000000000000 ) ) ;
#1470 = EDGE_LOOP ( 'NONE', ( #3525, #4665 ) ) ;
#1471 = EDGE_CURVE ( 'NONE', #2429, #51, #1360, .T. ) ;
#1472 = ORIENTED_EDGE ( 'NONE', *, *, #4085, .F. ) ;
#1473 = VERTEX_POINT ( 'NONE', #6276 ) ;
#1474 = CARTESIAN_POINT ( 'NONE',  ( 243.4350288425439146, -34.00000000000017764, 50.06497115745530380 ) ) ;
#1475 = FACE_OUTER_BOUND ( 'NONE', #5348, .T. ) ;
#1476 = ORIENTED_EDGE ( 'NONE', *, *, #7516, .F. ) ;
#1477 = FACE_OUTER_BOUND ( 'NONE', #1765, .T. ) ;
#1478 = ORIENTED_EDGE ( 'NONE', *, *, #415, .F. ) ;
#1479 = CARTESIAN_POINT ( 'NONE',  ( 63.99999999999997158, 34.00000000000036948, 106.8499999999999801 ) ) ;
#1480 = DIRECTION ( 'NONE',  ( -0.000000000000000000, 1.000000000000000000, -3.498359009886561105E-15 ) ) ;
#1481 = EDGE_CURVE ( 'NONE', #4208, #4501, #5022, .T. ) ;
#1482 = FACE_OUTER_BOUND ( 'NONE', #6770, .T. ) ;
#1483 = DIRECTION ( 'NONE',  ( -3.700743415417188731E-15, 0.000000000000000000, 1.000000000000000000 ) ) ;
#1484 = ORIENTED_EDGE ( 'NONE', *, *, #1612, .F. ) ;
#1485 = CARTESIAN_POINT ( 'NONE',  ( 300.0000000000000568, -29.29289321881345387, 1.000000000000000888 ) ) ;
#1486 = ORIENTED_EDGE ( 'NONE', *, *, #3831, .T. ) ;
#1487 = VECTOR ( 'NONE', #913, 1000.000000000000000 ) ;
#1488 = EDGE_CURVE ( 'NONE', #7178, #5978, #2880, .T. ) ;
#1489 = FACE_BOUND ( 'NONE', #7107, .T. ) ;
#1490 = DIRECTION ( 'NONE',  ( -1.000000000000000000, 0.000000000000000000, 3.700743415417188731E-15 ) ) ;
#1491 = VECTOR ( 'NONE', #6111, 1000.000000000000000 ) ;
#1492 = CARTESIAN_POINT ( 'NONE',  ( -262.0000000000000000, -34.00000000000033396, 95.49999999999977263 ) ) ;
#1493 = CARTESIAN_POINT ( 'NONE',  ( 300.0000000000000568, 29.29289321881346098, 0.9999999999999935607 ) ) ;
#1494 = ORIENTED_EDGE ( 'NONE', *, *, #5704, .T. ) ;
#1495 = FACE_OUTER_BOUND ( 'NONE', #625, .T. ) ;
#1496 = CARTESIAN_POINT ( 'NONE',  ( -25.00000000000000000, -34.00000000000031264, 88.99999999999972999 ) ) ;
#1497 = AXIS2_PLACEMENT_3D ( 'NONE', #1552, #7651, #7060 ) ;
#1498 = EDGE_CURVE ( 'NONE', #1968, #1929, #124, .T. ) ;
#1499 = FACE_OUTER_BOUND ( 'NONE', #2450, .T. ) ;
#1500 = ORIENTED_EDGE ( 'NONE', *, *, #7473, .T. ) ;
#1501 = DIRECTION ( 'NONE',  ( -0.000000000000000000, 1.000000000000000000, -3.504141421473150331E-15 ) ) ;
#1502 = EDGE_CURVE ( 'NONE', #4430, #4627, #3138, .T. ) ;
#1503 = CARTESIAN_POINT ( 'NONE',  ( 197.9999999999999716, -31.55000000000032756, 95.49999999999977263 ) ) ;
#1504 = ORIENTED_EDGE ( 'NONE', *, *, #963, .F. ) ;
#1505 = CONICAL_SURFACE ( 'NONE', #7404, 4.699999999999981526, 0.7853981633974482790 ) ;
#1506 = LINE ( 'NONE', #4032, #4327 ) ;
#1507 = EDGE_LOOP ( 'NONE', ( #6229, #2373, #7247, #7057 ) ) ;
#1508 = LINE ( 'NONE', #300, #6358 ) ;
#1509 = ORIENTED_EDGE ( 'NONE', *, *, #5356, .T. ) ;
#1510 = CIRCLE ( 'NONE', #6171, 1.700000000000007061 ) ;
#1511 = ORIENTED_EDGE ( 'NONE', *, *, #4988, .F. ) ;
#1512 = EDGE_CURVE ( 'NONE', #6858, #5475, #4945, .T. ) ;
#1513 = DIRECTION ( 'NONE',  ( -0.000000000000000000, 3.504141421473150331E-15, 1.000000000000000000 ) ) ;
#1514 = CARTESIAN_POINT ( 'NONE',  ( -299.0976310729377587, -31.53823966106934051, -3.403883397305464076 ) ) ;
#1515 = ORIENTED_EDGE ( 'NONE', *, *, #2669, .T. ) ;
#1516 = CYLINDRICAL_SURFACE ( 'NONE', #4209, 1.950000000000007283 ) ;
#1517 = ORIENTED_EDGE ( 'NONE', *, *, #482, .T. ) ;
#1518 = CARTESIAN_POINT ( 'NONE',  ( 299.1708543776413194, 29.76736030196529725, 0.4102809675120734356 ) ) ;
#1519 = DIRECTION ( 'NONE',  ( 0.000000000000000000, 3.965082230804150336E-15, 1.000000000000000000 ) ) ;
#1520 = AXIS2_PLACEMENT_3D ( 'NONE', #3034, #6066, #4329 ) ;
#1521 = AXIS2_PLACEMENT_3D ( 'NONE', #5153, #6249, #271 ) ;
#1522 = DIRECTION ( 'NONE',  ( 0.000000000000000000, -4.081702296416033352E-15, -1.000000000000000000 ) ) ;
#1523 = FACE_OUTER_BOUND ( 'NONE', #4084, .T. ) ;
#1524 = ORIENTED_EDGE ( 'NONE', *, *, #5586, .F. ) ;
#1525 = CARTESIAN_POINT ( 'NONE',  ( 25.00000000000000000, -31.55000000000010019, 28.99999999999975131 ) ) ;
#1526 = VERTEX_POINT ( 'NONE', #466 ) ;
#1527 = CIRCLE ( 'NONE', #6328, 4.099999999999992539 ) ;
#1528 = VECTOR ( 'NONE', #1429, 1000.000000000000114 ) ;
#1529 = FACE_BOUND ( 'NONE', #1243, .T. ) ;
#1530 = CIRCLE ( 'NONE', #5947, 1.699999999999979305 ) ;
#1531 = CARTESIAN_POINT ( 'NONE',  ( -262.0000000000000000, -34.00000000000011369, 29.24999999999981171 ) ) ;
#1532 = ADVANCED_FACE ( 'NONE', ( #5141 ), #5729, .F. ) ;
#1533 = CARTESIAN_POINT ( 'NONE',  ( -303.8698633833415101, -29.24407768234454963, -0.3087394217964524179 ) ) ;
#1534 = CARTESIAN_POINT ( 'NONE',  ( 299.9596000000000231, 29.29289321881346098, 0.9999999999999940048 ) ) ;
#1535 = ORIENTED_EDGE ( 'NONE', *, *, #7307, .T. ) ;
#1536 = CARTESIAN_POINT ( 'NONE',  ( 25.00000000000000000, 31.55000000000032045, 91.25000000000000000 ) ) ;
#1537 = DIRECTION ( 'NONE',  ( 0.000000000000000000, -3.083952846181006649E-15, 1.000000000000000000 ) ) ;
#1538 = VECTOR ( 'NONE', #6835, 1000.000000000000000 ) ;
#1539 = AXIS2_PLACEMENT_3D ( 'NONE', #1525, #4446, #4604 ) ;
#1540 = DIRECTION ( 'NONE',  ( -0.000000000000000000, 1.000000000000000000, -3.504141421473150331E-15 ) ) ;
#1541 = EDGE_LOOP ( 'NONE', ( #7322, #4081, #275, #7253 ) ) ;
#1542 = CARTESIAN_POINT ( 'NONE',  ( 300.0000000000000568, -29.29289321881345387, 1.000000000000000888 ) ) ;
#1543 = VECTOR ( 'NONE', #2866, 999.9999999999998863 ) ;
#1544 = DIRECTION ( 'NONE',  ( -0.000000000000000000, 1.000000000000000000, -3.498359009886561105E-15 ) ) ;
#1545 = ORIENTED_EDGE ( 'NONE', *, *, #3915, .F. ) ;
#1546 = CARTESIAN_POINT ( 'NONE',  ( 244.4999999999997442, 34.00000000000039080, 110.0000000000000426 ) ) ;
#1547 = EDGE_LOOP ( 'NONE', ( #2606, #1943, #355, #7742 ) ) ;
#1548 = EDGE_CURVE ( 'NONE', #2805, #1759, #3451, .T. ) ;
#1549 = CARTESIAN_POINT ( 'NONE',  ( 140.0000000000000000, 34.00000000000013500, 38.49999999999995737 ) ) ;
#1550 = ORIENTED_EDGE ( 'NONE', *, *, #5237, .F. ) ;
#1551 = ORIENTED_EDGE ( 'NONE', *, *, #1607, .T. ) ;
#1552 = CARTESIAN_POINT ( 'NONE',  ( -197.9999999999999716, -34.00000000000033396, 95.49999999999977263 ) ) ;
#1553 = CARTESIAN_POINT ( 'NONE',  ( -299.2928932188133331, -34.03999999999999915, 1.000000000000004441 ) ) ;
#1554 = ORIENTED_EDGE ( 'NONE', *, *, #2674, .F. ) ;
#1555 = CARTESIAN_POINT ( 'NONE',  ( 284.0000000000000000, 30.00000000000038725, 110.0000000000000000 ) ) ;
#1556 = ORIENTED_EDGE ( 'NONE', *, *, #5367, .F. ) ;
#1557 = DIRECTION ( 'NONE',  ( -0.000000000000000000, -1.000000000000000000, -0.000000000000000000 ) ) ;
#1558 = CONICAL_SURFACE ( 'NONE', #2051, 4.099999999999992539, 0.7853981633974450594 ) ;
#1559 = EDGE_CURVE ( 'NONE', #6101, #961, #4653, .T. ) ;
#1560 = CARTESIAN_POINT ( 'NONE',  ( 300.0000000000000000, 29.24407768234455673, 0.7382006122008455407 ) ) ;
#1561 = EDGE_CURVE ( 'NONE', #5171, #3999, #4272, .T. ) ;
#1562 = AXIS2_PLACEMENT_3D ( 'NONE', #3161, #6656, #4301 ) ;
#1563 = DIRECTION ( 'NONE',  ( 0.000000000000000000, 0.000000000000000000, -1.000000000000000000 ) ) ;
#1564 = LINE ( 'NONE', #2661, #4910 ) ;
#1565 = DIRECTION ( 'NONE',  ( -0.000000000000000000, -1.000000000000000000, -0.000000000000000000 ) ) ;
#1566 = ORIENTED_EDGE ( 'NONE', *, *, #5533, .T. ) ;
#1567 = DIRECTION ( 'NONE',  ( -0.000000000000000000, -1.000000000000000000, -0.000000000000000000 ) ) ;
#1568 = ORIENTED_EDGE ( 'NONE', *, *, #3111, .F. ) ;
#1569 = AXIS2_PLACEMENT_3D ( 'NONE', #5027, #5113, #1333 ) ;
#1570 = EDGE_CURVE ( 'NONE', #7094, #5661, #868, .T. ) ;
#1571 = CARTESIAN_POINT ( 'NONE',  ( -25.00000000000000000, 34.00000000000021316, 58.99999999999999289 ) ) ;
#1572 = CARTESIAN_POINT ( 'NONE',  ( 299.2440776823445390, -33.86986338334155988, -0.3087394217964680165 ) ) ;
#1573 = CARTESIAN_POINT ( 'NONE',  ( 63.99999999999997158, -34.00000000000038369, 109.9999999999999858 ) ) ;
#1574 = CARTESIAN_POINT ( 'NONE',  ( 303.3689319417713364, 29.19526214587564183, -1.518094901854544432 ) ) ;
#1575 = ORIENTED_EDGE ( 'NONE', *, *, #269, .F. ) ;
#1576 = LINE ( 'NONE', #2718, #611 ) ;
#1577 = CONICAL_SURFACE ( 'NONE', #4349, 4.700000000000009948, 0.7853981633974482790 ) ;
#1578 = ADVANCED_FACE ( 'NONE', ( #3490 ), #926, .F. ) ;
#1579 = DIRECTION ( 'NONE',  ( 0.000000000000000000, 2.952720810173291281E-15, 1.000000000000000000 ) ) ;
#1580 = EDGE_LOOP ( 'NONE', ( #5158, #7067 ) ) ;
#1581 = CARTESIAN_POINT ( 'NONE',  ( -300.0000000000003979, 30.00000000000000355, 120.0000000000000000 ) ) ;
#1582 = DIRECTION ( 'NONE',  ( -0.000000000000000000, 1.000000000000000000, -3.504141421473150331E-15 ) ) ;
#1583 = ORIENTED_EDGE ( 'NONE', *, *, #2182, .F. ) ;
#1584 = FACE_OUTER_BOUND ( 'NONE', #907, .T. ) ;
#1585 = EDGE_LOOP ( 'NONE', ( #1008, #6199, #4836, #7085 ) ) ;
#1586 = CARTESIAN_POINT ( 'NONE',  ( 284.0000000000000000, -32.55000000000038085, 109.9999999999999858 ) ) ;
#1587 = EDGE_LOOP ( 'NONE', ( #1629, #6633 ) ) ;
#1588 = ORIENTED_EDGE ( 'NONE', *, *, #4119, .T. ) ;
#1589 = CARTESIAN_POINT ( 'NONE',  ( -118.9999999999999716, 34.00000000000038369, 109.9999999999999858 ) ) ;
#1590 = CARTESIAN_POINT ( 'NONE',  ( -299.1952621458755743, -29.87378638835426159, 0.4963810196290951993 ) ) ;
#1591 = EDGE_LOOP ( 'NONE', ( #7336, #1214, #6395, #1160 ) ) ;
#1592 = CARTESIAN_POINT ( 'NONE',  ( 63.99999999999997158, -34.00000000000038369, 113.1499999999999915 ) ) ;
#1593 = VERTEX_POINT ( 'NONE', #4673 ) ;
#1594 = CARTESIAN_POINT ( 'NONE',  ( 299.2440776823445390, 29.97397267666832121, 0.7382521156407186869 ) ) ;
#1595 = DIRECTION ( 'NONE',  ( 0.000000000000000000, 3.469446951953614189E-15, 1.000000000000000000 ) ) ;
#1596 = ADVANCED_FACE ( 'NONE', ( #423 ), #5266, .F. ) ;
#1597 = CARTESIAN_POINT ( 'NONE',  ( -284.0000000000000000, -34.00000000000038369, 109.9999999999999858 ) ) ;
#1598 = ADVANCED_FACE ( 'NONE', ( #4082 ), #1005, .F. ) ;
#1599 = DIRECTION ( 'NONE',  ( 0.000000000000000000, 0.000000000000000000, -1.000000000000000000 ) ) ;
#1600 = AXIS2_PLACEMENT_3D ( 'NONE', #1617, #2843, #6849 ) ;
#1601 = LINE ( 'NONE', #5154, #7323 ) ;
#1602 = VERTEX_POINT ( 'NONE', #343 ) ;
#1603 = DIRECTION ( 'NONE',  ( 0.000000000000000000, 0.000000000000000000, -1.000000000000000000 ) ) ;
#1604 = CARTESIAN_POINT ( 'NONE',  ( -174.0000000000000000, -34.00000000000038369, 113.1499999999999773 ) ) ;
#1605 = EDGE_LOOP ( 'NONE', ( #4271, #2567 ) ) ;
#1606 = DIRECTION ( 'NONE',  ( 0.000000000000000000, 0.000000000000000000, -1.000000000000000000 ) ) ;
#1607 = EDGE_CURVE ( 'NONE', #2032, #3241, #5911, .T. ) ;
#1608 = EDGE_CURVE ( 'NONE', #950, #5576, #383, .T. ) ;
#1609 = CARTESIAN_POINT ( 'NONE',  ( 215.5000000000001705, 34.00000000000039080, 110.0000000000000426 ) ) ;
#1610 = CARTESIAN_POINT ( 'NONE',  ( -298.9999999999999432, -29.00000000000000355, 0.04040000000000368297 ) ) ;
#1611 = CARTESIAN_POINT ( 'NONE',  ( 118.9999999999999716, -34.00000000000038369, 109.9999999999999858 ) ) ;
#1612 = EDGE_CURVE ( 'NONE', #6361, #4627, #4155, .T. ) ;
#1613 = CIRCLE ( 'NONE', #2615, 1.700000000000007061 ) ;
#1614 = ORIENTED_EDGE ( 'NONE', *, *, #3272, .T. ) ;
#1615 = EDGE_CURVE ( 'NONE', #1331, #5602, #2749, .T. ) ;
#1616 = LINE ( 'NONE', #4020, #2761 ) ;
#1617 = CARTESIAN_POINT ( 'NONE',  ( 299.2928932188134468, -28.99999999999999645, 0.9999999999999956701 ) ) ;
#1618 = B_SPLINE_CURVE_WITH_KNOTS ( 'NONE', 3,
 ( #129, #5005, #2562, #4414, #208, #94 ),
 .UNSPECIFIED., .F., .F.,
 ( 4, 2, 4 ),
 ( 0.000000000000000000, 0.5000000000000000000, 1.000000000000000000 ),
 .UNSPECIFIED. ) ;
#1619 = AXIS2_PLACEMENT_3D ( 'NONE', #5880, #1814, #4226 ) ;
#1620 = LINE ( 'NONE', #6854, #364 ) ;
#1621 = EDGE_LOOP ( 'NONE', ( #5722, #2613, #4033, #7172 ) ) ;
#1622 = CARTESIAN_POINT ( 'NONE',  ( 63.99999999999997158, -32.55000000000038085, 109.9999999999999858 ) ) ;
#1623 = DIRECTION ( 'NONE',  ( -0.000000000000000000, 1.000000000000000000, 3.498359009886561105E-15 ) ) ;
#1624 = ORIENTED_EDGE ( 'NONE', *, *, #739, .F. ) ;
#1625 = DIRECTION ( 'NONE',  ( -0.000000000000000000, -1.000000000000000000, -0.000000000000000000 ) ) ;
#1626 = ORIENTED_EDGE ( 'NONE', *, *, #3624, .F. ) ;
#1627 = PLANE ( 'NONE',  #6487 ) ;
#1628 = CIRCLE ( 'NONE', #3018, 2.250000000000001776 ) ;
#1629 = ORIENTED_EDGE ( 'NONE', *, *, #1707, .F. ) ;
#1630 = ORIENTED_EDGE ( 'NONE', *, *, #3272, .F. ) ;
#1631 = AXIS2_PLACEMENT_3D ( 'NONE', #178, #691, #4974 ) ;
#1632 = CARTESIAN_POINT ( 'NONE',  ( -118.9999999999999716, -30.00000000000037659, 108.2999999999999972 ) ) ;
#1633 = CARTESIAN_POINT ( 'NONE',  ( 284.0000000000000000, 32.55000000000038085, 109.9999999999999858 ) ) ;
#1634 = VERTEX_POINT ( 'NONE', #1632 ) ;
#1635 = ADVANCED_FACE ( 'NONE', ( #7494 ), #7577, .F. ) ;
#1636 = DIRECTION ( 'NONE',  ( 0.000000000000000000, 0.000000000000000000, -1.000000000000000000 ) ) ;
#1637 = ORIENTED_EDGE ( 'NONE', *, *, #6889, .F. ) ;
#1638 = DIRECTION ( 'NONE',  ( 0.000000000000000000, -3.083952846180988111E-15, 1.000000000000000000 ) ) ;
#1639 = CARTESIAN_POINT ( 'NONE',  ( 25.00000000000000000, 31.55000000000010729, 28.99999999999999289 ) ) ;
#1640 = FACE_OUTER_BOUND ( 'NONE', #6383, .T. ) ;
#1641 = LINE ( 'NONE', #6449, #5669 ) ;
#1642 = CIRCLE ( 'NONE', #2517, 3.149999999999999911 ) ;
#1643 = DIRECTION ( 'NONE',  ( 0.000000000000000000, 0.000000000000000000, -1.000000000000000000 ) ) ;
#1644 = ORIENTED_EDGE ( 'NONE', *, *, #3567, .T. ) ;
#1645 = DIRECTION ( 'NONE',  ( -0.000000000000000000, -1.000000000000000000, -0.000000000000000000 ) ) ;
#1646 = DIRECTION ( 'NONE',  ( 0.000000000000000000, 3.083952846180988111E-15, 1.000000000000000000 ) ) ;
#1647 = EDGE_CURVE ( 'NONE', #1273, #3727, #5775, .T. ) ;
#1648 = LINE ( 'NONE', #4102, #6026 ) ;
#1649 = CIRCLE ( 'NONE', #27, 1.699999999999993072 ) ;
#1650 = DIRECTION ( 'NONE',  ( -0.000000000000000000, 1.000000000000000000, -3.498359009886561105E-15 ) ) ;
#1651 = CARTESIAN_POINT ( 'NONE',  ( -299.8384854182646109, -29.19526214587563828, 0.5167272264360831535 ) ) ;
#1652 = CARTESIAN_POINT ( 'NONE',  ( 299.1309225017752169, 29.02441202102776430, 3.674923654132504157E-15 ) ) ;
#1653 = AXIS2_PLACEMENT_3D ( 'NONE', #3793, #6857, #7445 ) ;
#1654 = ORIENTED_EDGE ( 'NONE', *, *, #6400, .F. ) ;
#1655 = DIRECTION ( 'NONE',  ( 1.000000000000000000, 0.000000000000000000, 0.000000000000000000 ) ) ;
#1656 = DIRECTION ( 'NONE',  ( -0.000000000000000000, -1.000000000000000000, -0.000000000000000000 ) ) ;
#1657 = EDGE_CURVE ( 'NONE', #139, #2894, #7542, .T. ) ;
#1658 = CIRCLE ( 'NONE', #5682, 2.249999999999974243 ) ;
#1659 = AXIS2_PLACEMENT_3D ( 'NONE', #6612, #1223, #4844 ) ;
#1660 = CARTESIAN_POINT ( 'NONE',  ( 284.0000000000000000, 34.00000000000038369, 109.9999999999999858 ) ) ;
#1661 = ORIENTED_EDGE ( 'NONE', *, *, #57, .T. ) ;
#1662 = CARTESIAN_POINT ( 'NONE',  ( 25.00000000000000000, 34.00000000000021316, 58.99999999999999289 ) ) ;
#1663 = CARTESIAN_POINT ( 'NONE',  ( -303.9999999999999432, 0.000000000000000000, -1.124188949980529023E-12 ) ) ;
#1664 = EDGE_CURVE ( 'NONE', #1993, #6215, #5029, .T. ) ;
#1665 = ORIENTED_EDGE ( 'NONE', *, *, #6180, .F. ) ;
#1666 = DIRECTION ( 'NONE',  ( 0.000000000000000000, 0.7071067811865500152, 0.7071067811865451302 ) ) ;
#1667 = ORIENTED_EDGE ( 'NONE', *, *, #6820, .T. ) ;
#1668 = VECTOR ( 'NONE', #976, 1000.000000000000000 ) ;
#1669 = DIRECTION ( 'NONE',  ( -0.000000000000000000, -1.000000000000000000, -0.000000000000000000 ) ) ;
#1670 = AXIS2_PLACEMENT_3D ( 'NONE', #6333, #3422, #3266 ) ;
#1671 = ORIENTED_EDGE ( 'NONE', *, *, #1006, .T. ) ;
#1672 = ORIENTED_EDGE ( 'NONE', *, *, #2770, .T. ) ;
#1673 = VECTOR ( 'NONE', #6100, 1000.000000000000000 ) ;
#1674 = VECTOR ( 'NONE', #1557, 1000.000000000000000 ) ;
#1675 = DIRECTION ( 'NONE',  ( -0.000000000000000000, -1.000000000000000000, -0.000000000000000000 ) ) ;
#1676 = DIRECTION ( 'NONE',  ( 1.000000000000000000, 0.000000000000000000, 0.000000000000000000 ) ) ;
#1677 = ORIENTED_EDGE ( 'NONE', *, *, #5248, .F. ) ;
#1678 = FACE_OUTER_BOUND ( 'NONE', #7142, .T. ) ;
#1679 = ORIENTED_EDGE ( 'NONE', *, *, #6570, .F. ) ;
#1680 = PLANE ( 'NONE',  #3937 ) ;
#1681 = CARTESIAN_POINT ( 'NONE',  ( 299.0000000000000568, 28.99999999999998934, 0.000000000000000000 ) ) ;
#1682 = AXIS2_PLACEMENT_3D ( 'NONE', #7254, #5893, #1719 ) ;
#1683 = EDGE_CURVE ( 'NONE', #4985, #2236, #5810, .T. ) ;
#1684 = EDGE_CURVE ( 'NONE', #4066, #3695, #6090, .T. ) ;
#1685 = CARTESIAN_POINT ( 'NONE',  ( 284.0000000000000000, 34.00000000000039080, 111.6999999999999602 ) ) ;
#1686 = AXIS2_PLACEMENT_3D ( 'NONE', #3838, #3722, #4273 ) ;
#1687 = DIRECTION ( 'NONE',  ( 0.000000000000000000, -1.000000000000000000, 3.491481338843133355E-15 ) ) ;
#1688 = CYLINDRICAL_SURFACE ( 'NONE', #3688, 2.250000000000001776 ) ;
#1689 = ORIENTED_EDGE ( 'NONE', *, *, #5073, .F. ) ;
#1690 = DIRECTION ( 'NONE',  ( 0.000000000000000000, -0.7071067811865497932, -0.7071067811865452413 ) ) ;
#1691 = CARTESIAN_POINT ( 'NONE',  ( -25.00000000000000000, 31.55000000000032045, 91.25000000000000000 ) ) ;
#1692 = DIRECTION ( 'NONE',  ( 0.000000000000000000, 2.952720810173286943E-15, 1.000000000000000000 ) ) ;
#1693 = AXIS2_PLACEMENT_3D ( 'NONE', #6225, #792, #3712 ) ;
#1694 = ADVANCED_BREP_SHAPE_REPRESENTATION ( 'part_yaobu_3', ( #351, #251 ), #5654 ) ;
#1695 = DIRECTION ( 'NONE',  ( 0.000000000000000000, 0.000000000000000000, -1.000000000000000000 ) ) ;
#1696 = DIRECTION ( 'NONE',  ( 0.000000000000000000, 0.000000000000000000, -1.000000000000000000 ) ) ;
#1697 = DIRECTION ( 'NONE',  ( 0.000000000000000000, 3.083952846180992055E-15, 1.000000000000000000 ) ) ;
#1698 = ORIENTED_EDGE ( 'NONE', *, *, #4177, .F. ) ;
#1699 = PERSON_AND_ORGANIZATION ( #5168, #4399 ) ;
#1700 = CARTESIAN_POINT ( 'NONE',  ( -183.4999999999999432, 34.00000000000017764, 49.00000000000022027 ) ) ;
#1701 = VECTOR ( 'NONE', #6598, 1000.000000000000000 ) ;
#1702 = CARTESIAN_POINT ( 'NONE',  ( -300.0000000000003979, -29.29289321881345742, 120.0000000000000000 ) ) ;
#1703 = EDGE_LOOP ( 'NONE', ( #7024, #1671, #4468, #6704 ) ) ;
#1704 = EDGE_CURVE ( 'NONE', #7491, #3368, #2628, .T. ) ;
#1705 = DIRECTION ( 'NONE',  ( 0.000000000000000000, 1.000000000000000000, -3.504141421473150331E-15 ) ) ;
#1707 = EDGE_CURVE ( 'NONE', #2813, #5300, #2763, .T. ) ;
#1706 = DIRECTION ( 'NONE',  ( -0.000000000000000000, 1.000000000000000000, 3.498359009886561105E-15 ) ) ;
#1708 = EDGE_LOOP ( 'NONE', ( #7619, #5972, #4072, #7229 ) ) ;
#1709 = CARTESIAN_POINT ( 'NONE',  ( -118.9999999999999716, 30.00000000000038014, 108.3000000000000114 ) ) ;
#1710 = ORIENTED_EDGE ( 'NONE', *, *, #6698, .T. ) ;
#1711 = CIRCLE ( 'NONE', #4602, 2.250000000000001776 ) ;
#1712 = DIRECTION ( 'NONE',  ( 0.000000000000000000, -3.469446951953635488E-15, -1.000000000000000000 ) ) ;
#1713 = VERTEX_POINT ( 'NONE', #2306 ) ;
#1714 = ORIENTED_EDGE ( 'NONE', *, *, #75, .F. ) ;
#1715 = LINE ( 'NONE', #4122, #4526 ) ;
#1716 = CARTESIAN_POINT ( 'NONE',  ( -299.0976310729377587, -29.48327277356391463, 0.1615145817352461599 ) ) ;
#1717 = EDGE_CURVE ( 'NONE', #4222, #3858, #545, .T. ) ;
#1718 = ORIENTED_EDGE ( 'NONE', *, *, #6374, .F. ) ;
#1719 = DIRECTION ( 'NONE',  ( 0.000000000000000000, 0.000000000000000000, -1.000000000000000000 ) ) ;
#1720 = ORIENTED_EDGE ( 'NONE', *, *, #222, .T. ) ;
#1721 = CARTESIAN_POINT ( 'NONE',  ( 262.0000000000000000, -34.00000000000033396, 97.74999999999975842 ) ) ;
#1722 = ADVANCED_FACE ( 'NONE', ( #7252 ), #586, .F. ) ;
#1723 = LINE ( 'NONE', #7783, #5858 ) ;
#1724 = DIRECTION ( 'NONE',  ( 8.659560562354904508E-17, -0.7071067811865497932, 0.7071067811865452413 ) ) ;
#1725 = FACE_OUTER_BOUND ( 'NONE', #4245, .T. ) ;
#1726 = LINE ( 'NONE', #5358, #2671 ) ;
#1727 = VERTEX_POINT ( 'NONE', #6628 ) ;
#1728 = DIRECTION ( 'NONE',  ( -0.000000000000000000, 1.000000000000000000, -3.504141421473150331E-15 ) ) ;
#1729 = CYLINDRICAL_SURFACE ( 'NONE', #443, 6.999999999999964473 ) ;
#1730 = EDGE_CURVE ( 'NONE', #2490, #6436, #1126, .T. ) ;
#1731 = DIRECTION ( 'NONE',  ( 0.000000000000000000, 4.405646923115700682E-15, 1.000000000000000000 ) ) ;
#1732 = EDGE_CURVE ( 'NONE', #6710, #950, #3680, .T. ) ;
#1733 = CARTESIAN_POINT ( 'NONE',  ( 63.99999999999997158, -34.00000000000038369, 109.9999999999999858 ) ) ;
#1734 = CARTESIAN_POINT ( 'NONE',  ( -299.7996668423980395, -29.17085437764118794, 0.3854532800250840552 ) ) ;
#1735 = CARTESIAN_POINT ( 'NONE',  ( 25.00000000000000000, 30.00000000000010303, 29.00000000000000000 ) ) ;
#1736 = ADVANCED_FACE ( 'NONE', ( #5931, #4750, #7777, #7740, #5452, #2378, #4270, #3014, #1828, #4789, #6009, #4203, #29, #1207, #67, #4236, #1240, #3609, #7101, #2896, #3643, #2940, #619, #2458, #4862, #655, #2414, #7695, #7220 ), #1860, .T. ) ;
#1737 = ORIENTED_EDGE ( 'NONE', *, *, #673, .F. ) ;
#1738 = CIRCLE ( 'NONE', #360, 1.699999999999993072 ) ;
#1739 = CARTESIAN_POINT ( 'NONE',  ( 0.000000000000000000, 34.00000000000022737, 63.69999999999999574 ) ) ;
#1740 = DIRECTION ( 'NONE',  ( -0.000000000000000000, -1.000000000000000000, -0.000000000000000000 ) ) ;
#1741 = CARTESIAN_POINT ( 'NONE',  ( 299.1952621458757449, -29.89222690360981716, 0.4780133412367021939 ) ) ;
#1742 = AXIS2_PLACEMENT_3D ( 'NONE', #4058, #5872, #5363 ) ;
#1743 = CARTESIAN_POINT ( 'NONE',  ( -25.00000000000000000, 31.55000000000011440, 31.24999999999999645 ) ) ;
#1744 = ORIENTED_EDGE ( 'NONE', *, *, #4177, .T. ) ;
#1745 = FACE_OUTER_BOUND ( 'NONE', #5809, .T. ) ;
#1746 = ORIENTED_EDGE ( 'NONE', *, *, #654, .T. ) ;
#1747 = CARTESIAN_POINT ( 'NONE',  ( 304.0000000000000568, -29.29289321881345387, 0.9999999999999861222 ) ) ;
#1748 = VERTEX_POINT ( 'NONE', #5306 ) ;
#1749 = EDGE_CURVE ( 'NONE', #699, #3245, #1715, .T. ) ;
#1750 = CIRCLE ( 'NONE', #3758, 1.699999999999979305 ) ;
#1751 = VERTEX_POINT ( 'NONE', #1969 ) ;
#1752 = DIRECTION ( 'NONE',  ( -0.000000000000000000, -1.000000000000000000, -0.000000000000000000 ) ) ;
#1753 = ORIENTED_EDGE ( 'NONE', *, *, #4356, .F. ) ;
#1754 = AXIS2_PLACEMENT_3D ( 'NONE', #7615, #1675, #5765 ) ;
#1755 = LINE ( 'NONE', #1172, #1922 ) ;
#1756 = ORIENTED_EDGE ( 'NONE', *, *, #6237, .T. ) ;
#1757 = LINE ( 'NONE', #1721, #4426 ) ;
#1758 = CARTESIAN_POINT ( 'NONE',  ( -174.0000000000000000, -34.00000000000038369, 111.6999999999999886 ) ) ;
#1759 = VERTEX_POINT ( 'NONE', #5638 ) ;
#1760 = ADVANCED_FACE ( 'NONE', ( #2525 ), #3718, .F. ) ;
#1761 = VECTOR ( 'NONE', #4869, 1000.000000000000000 ) ;
#1762 = CARTESIAN_POINT ( 'NONE',  ( -284.0000000000000000, 32.55000000000038085, 109.9999999999999858 ) ) ;
#1763 = FACE_OUTER_BOUND ( 'NONE', #6810, .T. ) ;
#1764 = CARTESIAN_POINT ( 'NONE',  ( 244.4999999999998010, 24.00000000000006395, 17.00000000000008527 ) ) ;
#1765 = EDGE_LOOP ( 'NONE', ( #4242, #105, #6010, #845 ) ) ;
#1766 = CARTESIAN_POINT ( 'NONE',  ( 25.00000000000000000, 34.00000000000029843, 84.29999999999998295 ) ) ;
#1767 = DIRECTION ( 'NONE',  ( 0.000000000000000000, 4.081702296416033352E-15, 1.000000000000000000 ) ) ;
#1768 = VECTOR ( 'NONE', #5416, 1000.000000000000000 ) ;
#1769 = CARTESIAN_POINT ( 'NONE',  ( 284.0000000000000000, -30.00000000000038369, 109.9999999999999858 ) ) ;
#1770 = CARTESIAN_POINT ( 'NONE',  ( 284.0000000000000000, 34.00000000000038369, 109.9999999999999858 ) ) ;
#1771 = CARTESIAN_POINT ( 'NONE',  ( 25.00000000000000000, 30.00000000000031619, 89.00000000000000000 ) ) ;
#1772 = EDGE_LOOP ( 'NONE', ( #1430, #7280, #4818, #4240 ) ) ;
#1773 = CALENDAR_DATE ( 2026, 30, 6 ) ;
#1774 = VECTOR ( 'NONE', #1073, 1000.000000000000000 ) ;
#1775 = FACE_OUTER_BOUND ( 'NONE', #1327, .T. ) ;
#1776 = CARTESIAN_POINT ( 'NONE',  ( -243.4350288425443978, -34.00000000000027001, 72.83502884254419030 ) ) ;
#1777 = CONICAL_SURFACE ( 'NONE', #3415, 3.149999999999986144, 0.7853981633974507215 ) ;
#1778 = CARTESIAN_POINT ( 'NONE',  ( -25.00000000000000000, -30.00000000000031264, 88.99999999999972999 ) ) ;
#1779 = DIRECTION ( 'NONE',  ( -0.000000000000000000, -1.000000000000000000, -0.000000000000000000 ) ) ;
#1780 = ORIENTED_EDGE ( 'NONE', *, *, #1502, .F. ) ;
#1781 = CARTESIAN_POINT ( 'NONE',  ( 1.734723475976994141E-17, 34.00000000000000711, 0.9999999999999887867 ) ) ;
#1782 = VERTEX_POINT ( 'NONE', #5525 ) ;
#1783 = CARTESIAN_POINT ( 'NONE',  ( 299.5036189803709021, -29.09763107293781914, 0.1262136116457452939 ) ) ;
#1784 = ORIENTED_EDGE ( 'NONE', *, *, #2904, .F. ) ;
#1785 = VECTOR ( 'NONE', #1676, 1000.000000000000000 ) ;
#1786 = CIRCLE ( 'NONE', #1653, 1.700000000000007061 ) ;
#1787 = EDGE_LOOP ( 'NONE', ( #263, #7568, #5293, #4263 ) ) ;
#1788 = DIRECTION ( 'NONE',  ( 0.000000000000000000, 3.491481338843133355E-15, -1.000000000000000000 ) ) ;
#1789 = VECTOR ( 'NONE', #7422, 1000.000000000000000 ) ;
#1790 = ORIENTED_EDGE ( 'NONE', *, *, #5745, .T. ) ;
#1791 = DIRECTION ( 'NONE',  ( -0.000000000000000000, -1.000000000000000000, -0.000000000000000000 ) ) ;
#1792 = VERTEX_POINT ( 'NONE', #3870 ) ;
#1793 = CYLINDRICAL_SURFACE ( 'NONE', #5603, 2.249999999999974243 ) ;
#1794 = ORIENTED_EDGE ( 'NONE', *, *, #1849, .F. ) ;
#1795 = CIRCLE ( 'NONE', #4942, 4.700000000000009948 ) ;
#1796 = CONICAL_SURFACE ( 'NONE', #4313, 4.099999999999992539, 0.7853981633974450594 ) ;
#1797 = CARTESIAN_POINT ( 'NONE',  ( -298.9999999999999432, 29.00000000000000355, 5.204170427930421283E-15 ) ) ;
#1798 = EDGE_CURVE ( 'NONE', #961, #6101, #3651, .T. ) ;
#1799 = DIRECTION ( 'NONE',  ( -0.000000000000000000, -1.000000000000000000, -0.000000000000000000 ) ) ;
#1800 = EDGE_LOOP ( 'NONE', ( #970, #95 ) ) ;
#1801 = LINE ( 'NONE', #3543, #4937 ) ;
#1802 = VECTOR ( 'NONE', #5581, 1000.000000000000000 ) ;
#1803 = EDGE_CURVE ( 'NONE', #645, #4896, #2264, .T. ) ;
#1804 = AXIS2_PLACEMENT_3D ( 'NONE', #2468, #6061, #736 ) ;
#1805 = CARTESIAN_POINT ( 'NONE',  ( 174.0000000000000000, -32.55000000000038085, 108.2999999999999829 ) ) ;
#1806 = CONICAL_SURFACE ( 'NONE', #4949, 4.699999999999995737, 0.7853981633974482790 ) ;
#1807 = DIRECTION ( 'NONE',  ( -0.000000000000000000, 1.000000000000000000, 3.498359009886561105E-15 ) ) ;
#1808 = CARTESIAN_POINT ( 'NONE',  ( -216.5649711574557443, -30.00000000000027001, 76.93502884254469620 ) ) ;
#1809 = CYLINDRICAL_SURFACE ( 'NONE', #6684, 2.249999999999988010 ) ;
#1810 = ADVANCED_FACE ( 'NONE', ( #214 ), #6231, .F. ) ;
#1811 = EDGE_LOOP ( 'NONE', ( #6201, #4593 ) ) ;
#1812 = AXIS2_PLACEMENT_3D ( 'NONE', #6352, #3364, #5759 ) ;
#1813 = CARTESIAN_POINT ( 'NONE',  ( 300.0000000000000568, 34.00000000000041922, 119.9999999999999858 ) ) ;
#1814 = DIRECTION ( 'NONE',  ( -0.000000000000000000, -1.000000000000000000, -0.000000000000000000 ) ) ;
#1815 = CIRCLE ( 'NONE', #2825, 4.699999999999999289 ) ;
#1816 = EDGE_CURVE ( 'NONE', #2533, #7604, #137, .T. ) ;
#1817 = CARTESIAN_POINT ( 'NONE',  ( -25.00000000000000000, 34.00000000000011369, 31.24999999999998934 ) ) ;
#1818 = CARTESIAN_POINT ( 'NONE',  ( 262.0000000000000000, -34.00000000000033396, 90.79999999999979821 ) ) ;
#1819 = EDGE_LOOP ( 'NONE', ( #5262, #6821, #1891, #470 ) ) ;
#1820 = FACE_OUTER_BOUND ( 'NONE', #6864, .T. ) ;
#1821 = ORIENTED_EDGE ( 'NONE', *, *, #6344, .T. ) ;
#1822 = DIRECTION ( 'NONE',  ( 0.000000000000000000, -4.081702296416033352E-15, 1.000000000000000000 ) ) ;
#1823 = VERTEX_POINT ( 'NONE', #4933 ) ;
#1824 = EDGE_CURVE ( 'NONE', #914, #2277, #1375, .T. ) ;
#1825 = AXIS2_PLACEMENT_3D ( 'NONE', #6677, #1292, #3585 ) ;
#1826 = ADVANCED_FACE ( 'NONE', ( #7329 ), #1505, .F. ) ;
#1827 = EDGE_LOOP ( 'NONE', ( #4622, #2645 ) ) ;
#1828 = FACE_BOUND ( 'NONE', #1083, .T. ) ;
#1829 = ORIENTED_EDGE ( 'NONE', *, *, #7560, .T. ) ;
#1830 = CARTESIAN_POINT ( 'NONE',  ( -215.4999999999999716, 34.00000000000017764, 48.99999999999999289 ) ) ;
#1831 = ORIENTED_EDGE ( 'NONE', *, *, #3081, .F. ) ;
#1832 = DIRECTION ( 'NONE',  ( 0.000000000000000000, 0.000000000000000000, -1.000000000000000000 ) ) ;
#1833 = ORIENTED_EDGE ( 'NONE', *, *, #5073, .T. ) ;
#1834 = VECTOR ( 'NONE', #5223, 1000.000000000000000 ) ;
#1835 = CARTESIAN_POINT ( 'NONE',  ( 262.0000000000000000, -31.55000000000010729, 31.49999999999978684 ) ) ;
#1836 = CARTESIAN_POINT ( 'NONE',  ( -25.00000000000000000, -34.00000000000010658, 28.99999999999975486 ) ) ;
#1837 = EDGE_LOOP ( 'NONE', ( #1980, #6546, #6191, #7733 ) ) ;
#1838 = CARTESIAN_POINT ( 'NONE',  ( -118.9999999999999716, -30.00000000000038369, 109.9999999999999858 ) ) ;
#1839 = DIRECTION ( 'NONE',  ( -0.000000000000000000, 1.000000000000000000, -3.498359009886561105E-15 ) ) ;
#1840 = EDGE_CURVE ( 'NONE', #5204, #6348, #2584, .T. ) ;
#1841 = ADVANCED_FACE ( 'NONE', ( #1428 ), #5568, .F. ) ;
#1842 = DIRECTION ( 'NONE',  ( 0.000000000000000000, 0.000000000000000000, -1.000000000000000000 ) ) ;
#1843 = CARTESIAN_POINT ( 'NONE',  ( -299.2928932188133331, 30.00000000000000355, 0.000000000000000000 ) ) ;
#1844 = DIRECTION ( 'NONE',  ( 0.000000000000000000, -3.083952846180992055E-15, -1.000000000000000000 ) ) ;
#1845 = ORIENTED_EDGE ( 'NONE', *, *, #1816, .F. ) ;
#1846 = CYLINDRICAL_SURFACE ( 'NONE', #1978, 2.249999999999995115 ) ;
#1847 = EDGE_CURVE ( 'NONE', #134, #1092, #6159, .T. ) ;
#1848 = FACE_OUTER_BOUND ( 'NONE', #1280, .T. ) ;
#1849 = EDGE_CURVE ( 'NONE', #5852, #4066, #7362, .T. ) ;
#1850 = CARTESIAN_POINT ( 'NONE',  ( 174.0000000000000000, 30.00000000000039435, 111.7000000000000028 ) ) ;
#1851 = CARTESIAN_POINT ( 'NONE',  ( -299.0488155364689078, -29.25117326983116683, 0.06537581946907576602 ) ) ;
#1852 = CYLINDRICAL_SURFACE ( 'NONE', #7699, 1.700000000000007061 ) ;
#1853 = ORIENTED_EDGE ( 'NONE', *, *, #2192, .T. ) ;
#1854 = DIRECTION ( 'NONE',  ( 0.000000000000000000, 0.000000000000000000, -1.000000000000000000 ) ) ;
#1855 = EDGE_LOOP ( 'NONE', ( #6629, #7571 ) ) ;
#1856 = DIRECTION ( 'NONE',  ( -0.000000000000000000, 1.000000000000000000, 3.498359009886561105E-15 ) ) ;
#1857 = ORIENTED_EDGE ( 'NONE', *, *, #5296, .F. ) ;
#1858 = AXIS2_PLACEMENT_3D ( 'NONE', #1227, #5916, #2999 ) ;
#1859 = EDGE_LOOP ( 'NONE', ( #7137, #1677, #4026, #690 ) ) ;
#1860 = PLANE ( 'NONE',  #133 ) ;
#1861 = EDGE_CURVE ( 'NONE', #4868, #921, #101, .T. ) ;
#1862 = VERTEX_POINT ( 'NONE', #1897 ) ;
#1863 = DIRECTION ( 'NONE',  ( 0.000000000000000000, -1.000000000000000000, 3.498359009886561105E-15 ) ) ;
#1864 = ORIENTED_EDGE ( 'NONE', *, *, #4517, .F. ) ;
#1865 = CARTESIAN_POINT ( 'NONE',  ( 160.0000000000000284, 24.00000000000013145, 38.49999999999998579 ) ) ;
#1866 = CONICAL_SURFACE ( 'NONE', #1742, 3.149999999999986144, 0.7853981633974411736 ) ;
#1867 = VERTEX_POINT ( 'NONE', #6194 ) ;
#1868 = EDGE_CURVE ( 'NONE', #2766, #4351, #6284, .T. ) ;
#1869 = VECTOR ( 'NONE', #6035, 1000.000000000000000 ) ;
#1870 = DIRECTION ( 'NONE',  ( 0.000000000000000000, 3.083952846180988111E-15, 1.000000000000000000 ) ) ;
#1871 = EDGE_CURVE ( 'NONE', #961, #4471, #1388, .T. ) ;
#1872 = DIRECTION ( 'NONE',  ( 0.000000000000000000, 0.000000000000000000, -1.000000000000000000 ) ) ;
#1873 = ORIENTED_EDGE ( 'NONE', *, *, #1683, .F. ) ;
#1874 = CYLINDRICAL_SURFACE ( 'NONE', #5697, 1.700000000000007061 ) ;
#1875 = FACE_OUTER_BOUND ( 'NONE', #6208, .T. ) ;
#1876 = VECTOR ( 'NONE', #110, 1000.000000000000000 ) ;
#1877 = DIRECTION ( 'NONE',  ( -0.000000000000000000, 1.000000000000000000, -3.504141421473150331E-15 ) ) ;
#1878 = CIRCLE ( 'NONE', #9, 32.00000000000004974 ) ;
#1879 = FACE_OUTER_BOUND ( 'NONE', #2699, .T. ) ;
#1880 = EDGE_CURVE ( 'NONE', #548, #3245, #5161, .T. ) ;
#1881 = DIRECTION ( 'NONE',  ( 0.000000000000000000, 0.000000000000000000, -1.000000000000000000 ) ) ;
#1882 = ORIENTED_EDGE ( 'NONE', *, *, #1977, .T. ) ;
#1883 = CARTESIAN_POINT ( 'NONE',  ( 63.99999999999997158, -34.00000000000038369, 109.9999999999999858 ) ) ;
#1884 = AXIS2_PLACEMENT_3D ( 'NONE', #2041, #5121, #5208 ) ;
#1885 = DIRECTION ( 'NONE',  ( -0.000000000000000000, 1.000000000000000000, 3.498359009886561105E-15 ) ) ;
#1886 = CARTESIAN_POINT ( 'NONE',  ( 299.2684810560364213, -33.99999999999999289, 0.3453836900928770604 ) ) ;
#1887 = CYLINDRICAL_SURFACE ( 'NONE', #3676, 1.000000000000000888 ) ;
#1888 = CARTESIAN_POINT ( 'NONE',  ( -304.0399999999999068, 29.29289321881345742, 0.9999999999999859002 ) ) ;
#1889 = VECTOR ( 'NONE', #5545, 1000.000000000000000 ) ;
#1890 = DIRECTION ( 'NONE',  ( 0.000000000000000000, -1.000000000000000000, 3.498359009886561105E-15 ) ) ;
#1891 = ORIENTED_EDGE ( 'NONE', *, *, #4641, .T. ) ;
#1892 = EDGE_CURVE ( 'NONE', #3858, #3027, #5536, .T. ) ;
#1893 = LINE ( 'NONE', #5520, #5606 ) ;
#1894 = ORIENTED_EDGE ( 'NONE', *, *, #1561, .F. ) ;
#1895 = AXIS2_PLACEMENT_3D ( 'NONE', #7112, #4130, #3539 ) ;
#1896 = ORIENTED_EDGE ( 'NONE', *, *, #4141, .F. ) ;
#1897 = CARTESIAN_POINT ( 'NONE',  ( 197.9999999999999716, -34.00000000000033396, 90.79999999999976978 ) ) ;
#1898 = DIRECTION ( 'NONE',  ( 0.000000000000000000, 4.081702296415999431E-15, 1.000000000000000000 ) ) ;
#1899 = ORIENTED_EDGE ( 'NONE', *, *, #3372, .T. ) ;
#1900 = CARTESIAN_POINT ( 'NONE',  ( -284.0000000000000000, -34.00000000000038369, 113.1499999999999773 ) ) ;
#1901 = ORIENTED_EDGE ( 'NONE', *, *, #7516, .T. ) ;
#1902 = FACE_OUTER_BOUND ( 'NONE', #1772, .T. ) ;
#1903 = ORIENTED_EDGE ( 'NONE', *, *, #1684, .F. ) ;
#1904 = ORIENTED_EDGE ( 'NONE', *, *, #4121, .F. ) ;
#1905 = CIRCLE ( 'NONE', #4555, 32.00000000000004974 ) ;
#1906 = AXIS2_PLACEMENT_3D ( 'NONE', #1149, #525, #3474 ) ;
#1907 = CARTESIAN_POINT ( 'NONE',  ( -298.9999999999999432, -29.00000000000000355, -3.999999999999996447 ) ) ;
#1908 = DIRECTION ( 'NONE',  ( 0.000000000000000000, 2.952720810173286943E-15, 1.000000000000000000 ) ) ;
#1909 = ORIENTED_EDGE ( 'NONE', *, *, #1156, .T. ) ;
#1910 = CARTESIAN_POINT ( 'NONE',  ( 0.000000000000000000, 0.000000000000000000, -4.000000000000000000 ) ) ;
#1911 = DIRECTION ( 'NONE',  ( -0.000000000000000000, -1.000000000000000000, -0.000000000000000000 ) ) ;
#1912 = VECTOR ( 'NONE', #6963, 999.9999999999998863 ) ;
#1913 = CIRCLE ( 'NONE', #3185, 2.250000000000001776 ) ;
#1914 = EDGE_CURVE ( 'NONE', #7470, #1823, #5917, .T. ) ;
#1915 = CONICAL_SURFACE ( 'NONE', #4566, 4.699999999999995737, 0.7853981633974490562 ) ;
#1916 = AXIS2_PLACEMENT_3D ( 'NONE', #517, #5280, #2355 ) ;
#1917 = CARTESIAN_POINT ( 'NONE',  ( -284.0000000000000000, -34.00000000000038369, 106.8499999999999943 ) ) ;
#1918 = CARTESIAN_POINT ( 'NONE',  ( 243.4350288425439146, -34.00000000000017764, 45.96497115745530948 ) ) ;
#1919 = CARTESIAN_POINT ( 'NONE',  ( -25.00000000000000000, 31.55000000000031335, 89.00000000000000000 ) ) ;
#1920 = ORIENTED_EDGE ( 'NONE', *, *, #4176, .T. ) ;
#1921 = DIRECTION ( 'NONE',  ( -0.000000000000000000, -1.000000000000000000, -0.000000000000000000 ) ) ;
#1922 = VECTOR ( 'NONE', #1791, 1000.000000000000000 ) ;
#1923 = CARTESIAN_POINT ( 'NONE',  ( 63.99999999999997158, 30.00000000000039435, 111.6999999999999886 ) ) ;
#1924 = CARTESIAN_POINT ( 'NONE',  ( -63.99999999999997158, -34.00000000000038369, 109.9999999999999858 ) ) ;
#1925 = CARTESIAN_POINT ( 'NONE',  ( -299.1220388411722411, -29.58971903248793467, 0.2326396980346988608 ) ) ;
#1926 = CIRCLE ( 'NONE', #2823, 4.099999999999992539 ) ;
#1927 = CARTESIAN_POINT ( 'NONE',  ( -284.0000000000000000, 34.00000000000036948, 106.8499999999999943 ) ) ;
#1928 = DIRECTION ( 'NONE',  ( 0.000000000000000000, 0.000000000000000000, -1.000000000000000000 ) ) ;
#1929 = VERTEX_POINT ( 'NONE', #6384 ) ;
#1930 = DIRECTION ( 'NONE',  ( 8.659560562354872461E-17, -0.7071067811865526798, 0.7071067811865424657 ) ) ;
#1931 = ORIENTED_EDGE ( 'NONE', *, *, #3887, .T. ) ;
#1932 = AXIS2_PLACEMENT_3D ( 'NONE', #5299, #4780, #6003 ) ;
#1933 = EDGE_CURVE ( 'NONE', #2429, #4888, #3147, .T. ) ;
#1934 = ORIENTED_EDGE ( 'NONE', *, *, #7672, .F. ) ;
#1935 = ADVANCED_FACE ( 'NONE', ( #7642 ), #7051, .F. ) ;
#1936 = CARTESIAN_POINT ( 'NONE',  ( -262.0000000000000000, -34.00000000000033396, 95.49999999999977263 ) ) ;
#1937 = CARTESIAN_POINT ( 'NONE',  ( -63.99999999999997158, 34.00000000000038369, 109.9999999999999858 ) ) ;
#1938 = ORIENTED_EDGE ( 'NONE', *, *, #3351, .T. ) ;
#1939 = DIRECTION ( 'NONE',  ( 8.659560562354953812E-17, -0.7071067811865457964, 0.7071067811865492381 ) ) ;
#1940 = ORIENTED_EDGE ( 'NONE', *, *, #3702, .T. ) ;
#1941 = VECTOR ( 'NONE', #3620, 1000.000000000000000 ) ;
#1942 = DIRECTION ( 'NONE',  ( -0.000000000000000000, -1.000000000000000000, -0.000000000000000000 ) ) ;
#1943 = ORIENTED_EDGE ( 'NONE', *, *, #1250, .T. ) ;
#1944 = ORIENTED_EDGE ( 'NONE', *, *, #5552, .T. ) ;
#1945 = VECTOR ( 'NONE', #3214, 1000.000000000000000 ) ;
#1946 = EDGE_CURVE ( 'NONE', #2371, #3827, #3324, .T. ) ;
#1947 = DIRECTION ( 'NONE',  ( -0.000000000000000000, -1.000000000000000000, -0.000000000000000000 ) ) ;
#1948 = FACE_OUTER_BOUND ( 'NONE', #3988, .T. ) ;
#1949 = EDGE_CURVE ( 'NONE', #2441, #2612, #4783, .T. ) ;
#1950 = ORIENTED_EDGE ( 'NONE', *, *, #1502, .T. ) ;
#1951 = LINE ( 'NONE', #4324, #2549 ) ;
#1952 = CARTESIAN_POINT ( 'NONE',  ( -197.9999999999999716, -34.00000000000033396, 90.79999999999976978 ) ) ;
#1953 = CIRCLE ( 'NONE', #6110, 2.249999999999988010 ) ;
#1954 = FACE_OUTER_BOUND ( 'NONE', #5975, .T. ) ;
#1955 = CARTESIAN_POINT ( 'NONE',  ( 299.2928932188134468, 30.00000000000000711, 0.9999999999999974465 ) ) ;
#1956 = FACE_BOUND ( 'NONE', #6004, .T. ) ;
#1957 = ORIENTED_EDGE ( 'NONE', *, *, #2182, .T. ) ;
#1958 = FACE_OUTER_BOUND ( 'NONE', #4251, .T. ) ;
#1959 = LINE ( 'NONE', #4295, #7022 ) ;
#1960 = CARTESIAN_POINT ( 'NONE',  ( -215.5000000000001990, 30.00000000000006040, 17.00000000000000711 ) ) ;
#1961 = ADVANCED_FACE ( 'NONE', ( #871 ), #4398, .F. ) ;
#1962 = CARTESIAN_POINT ( 'NONE',  ( -299.6546163099071123, -29.02441216277704683, -3.999999999999996447 ) ) ;
#1963 = CARTESIAN_POINT ( 'NONE',  ( -302.0973154686735711, 29.12203884117228014, -3.030320885686776489 ) ) ;
#1964 = CARTESIAN_POINT ( 'NONE',  ( 118.9999999999999716, 34.00000000000038369, 109.9999999999999858 ) ) ;
#1965 = ORIENTED_EDGE ( 'NONE', *, *, #4751, .T. ) ;
#1966 = CARTESIAN_POINT ( 'NONE',  ( -197.9999999999999716, -34.00000000000011369, 36.19999999999979678 ) ) ;
#1967 = ORIENTED_EDGE ( 'NONE', *, *, #2870, .T. ) ;
#1968 = VERTEX_POINT ( 'NONE', #7522 ) ;
#1969 = CARTESIAN_POINT ( 'NONE',  ( -25.00000000000000000, 31.55000000000020322, 56.74999999999999289 ) ) ;
#1970 = CARTESIAN_POINT ( 'NONE',  ( -284.0000000000000000, 34.00000000000038369, 109.9999999999999858 ) ) ;
#1971 = ORIENTED_EDGE ( 'NONE', *, *, #6266, .T. ) ;
#1972 = CARTESIAN_POINT ( 'NONE',  ( 63.99999999999997158, -30.00000000000038369, 109.9999999999999858 ) ) ;
#1973 = ORIENTED_EDGE ( 'NONE', *, *, #1324, .F. ) ;
#1974 = EDGE_CURVE ( 'NONE', #3985, #265, #1878, .T. ) ;
#1975 = CARTESIAN_POINT ( 'NONE',  ( -299.2684811992172627, 29.95960000000000534, 0.8743668056868899585 ) ) ;
#1976 = ORIENTED_EDGE ( 'NONE', *, *, #1324, .T. ) ;
#1977 = EDGE_CURVE ( 'NONE', #811, #1759, #2847, .T. ) ;
#1978 = AXIS2_PLACEMENT_3D ( 'NONE', #3078, #1302, #4847 ) ;
#1979 = CIRCLE ( 'NONE', #6022, 2.249999999999988010 ) ;
#1980 = ORIENTED_EDGE ( 'NONE', *, *, #2117, .F. ) ;
#1981 = VERTEX_POINT ( 'NONE', #1542 ) ;
#1982 = CARTESIAN_POINT ( 'NONE',  ( 25.00000000000000000, -34.00000000000010658, 28.99999999999975131 ) ) ;
#1983 = AXIS2_PLACEMENT_3D ( 'NONE', #6504, #6583, #4703 ) ;
#1984 = DIRECTION ( 'NONE',  ( 0.000000000000000000, 0.000000000000000000, -1.000000000000000000 ) ) ;
#1985 = ORIENTED_EDGE ( 'NONE', *, *, #7623, .F. ) ;
#1986 = CARTESIAN_POINT ( 'NONE',  ( 262.0000000000000000, -34.00000000000033396, 95.49999999999977263 ) ) ;
#1987 = CARTESIAN_POINT ( 'NONE',  ( -243.4350288425443978, -34.00000000000027001, 81.03502884254416472 ) ) ;
#1988 = ADVANCED_FACE ( 'NONE', ( #1037 ), #5655, .F. ) ;
#1989 = CIRCLE ( 'NONE', #743, 1.699999999999993072 ) ;
#1990 = AXIS2_PLACEMENT_3D ( 'NONE', #4699, #7046, #5400 ) ;
#1991 = LINE ( 'NONE', #1917, #2780 ) ;
#1992 = DIRECTION ( 'NONE',  ( -0.000000000000000000, -1.000000000000000000, -0.000000000000000000 ) ) ;
#1993 = VERTEX_POINT ( 'NONE', #7564 ) ;
#1994 = FACE_BOUND ( 'NONE', #4560, .T. ) ;
#1995 = CIRCLE ( 'NONE', #3267, 1.699999999999979305 ) ;
#1996 = EDGE_LOOP ( 'NONE', ( #2009, #4124, #248, #2743 ) ) ;
#1997 = FACE_BOUND ( 'NONE', #4878, .T. ) ;
#1998 = AXIS2_PLACEMENT_3D ( 'NONE', #1169, #1752, #1278 ) ;
#1999 = CARTESIAN_POINT ( 'NONE',  ( 244.4999999999999716, 24.00000000000017408, 49.00000000000007816 ) ) ;
#2000 = DIRECTION ( 'NONE',  ( 0.000000000000000000, 2.952720810173286943E-15, 1.000000000000000000 ) ) ;
#2001 = CARTESIAN_POINT ( 'NONE',  ( -174.0000000000000000, 34.00000000000038369, 109.9999999999999858 ) ) ;
#2002 = DIRECTION ( 'NONE',  ( 0.000000000000000000, 4.405646923115700682E-15, 1.000000000000000000 ) ) ;
#2003 = DIRECTION ( 'NONE',  ( -0.000000000000000000, -1.000000000000000000, -0.000000000000000000 ) ) ;
#2004 = VERTEX_POINT ( 'NONE', #3361 ) ;
#2005 = DIRECTION ( 'NONE',  ( 0.000000000000000000, -4.081702296416066484E-15, -1.000000000000000000 ) ) ;
#2006 = AXIS2_PLACEMENT_3D ( 'NONE', #5596, #749, #4372 ) ;
#2007 = EDGE_LOOP ( 'NONE', ( #4633, #4145, #3975, #4157 ) ) ;
#2008 = ADVANCED_FACE ( 'NONE', ( #4620 ), #7007, .F. ) ;
#2009 = ORIENTED_EDGE ( 'NONE', *, *, #5431, .T. ) ;
#2010 = CIRCLE ( 'NONE', #7045, 4.699999999999995737 ) ;
#2011 = DIRECTION ( 'NONE',  ( 0.000000000000000000, 0.000000000000000000, -1.000000000000000000 ) ) ;
#2012 = DIRECTION ( 'NONE',  ( -0.000000000000000000, 1.000000000000000000, -3.498359009886561105E-15 ) ) ;
#2013 = ORIENTED_EDGE ( 'NONE', *, *, #1366, .T. ) ;
#2014 = FACE_BOUND ( 'NONE', #7400, .T. ) ;
#2015 = ORIENTED_EDGE ( 'NONE', *, *, #7778, .T. ) ;
#2016 = CARTESIAN_POINT ( 'NONE',  ( -299.2440776823444821, 33.86986338334158120, -0.3087394217964144483 ) ) ;
#2017 = VERTEX_POINT ( 'NONE', #4537 ) ;
#2018 = AXIS2_PLACEMENT_3D ( 'NONE', #2030, #2704, #3227 ) ;
#2019 = ORIENTED_EDGE ( 'NONE', *, *, #358, .T. ) ;
#2020 = CARTESIAN_POINT ( 'NONE',  ( 25.00000000000000000, 30.00000000000010303, 29.00000000000000000 ) ) ;
#2021 = VECTOR ( 'NONE', #2928, 1000.000000000000114 ) ;
#2022 = CARTESIAN_POINT ( 'NONE',  ( 25.00000000000000000, -34.00000000000010658, 28.99999999999975131 ) ) ;
#2023 = EDGE_LOOP ( 'NONE', ( #4704, #3076 ) ) ;
#2024 = DIRECTION ( 'NONE',  ( 0.000000000000000000, -4.081702296416033352E-15, 1.000000000000000000 ) ) ;
#2025 = CARTESIAN_POINT ( 'NONE',  ( -243.4350288425443978, -34.00000000000027001, 76.93502884254417040 ) ) ;
#2026 = AXIS2_PLACEMENT_3D ( 'NONE', #1127, #3529, #7652 ) ;
#2027 = CONICAL_SURFACE ( 'NONE', #7065, 3.149999999999999911, 0.7853981633974507215 ) ;
#2028 = EDGE_CURVE ( 'NONE', #6739, #6393, #4278, .T. ) ;
#2029 = EDGE_CURVE ( 'NONE', #1792, #5500, #2895, .T. ) ;
#2030 = CARTESIAN_POINT ( 'NONE',  ( 0.000000000000000000, 31.55000000000031335, 89.00000000000000000 ) ) ;
#2031 = CARTESIAN_POINT ( 'NONE',  ( -216.5649711574557443, -34.00000000000027001, 76.93502884254469620 ) ) ;
#2032 = VERTEX_POINT ( 'NONE', #4579 ) ;
#2033 = CARTESIAN_POINT ( 'NONE',  ( -63.99999999999997158, 32.55000000000038796, 111.6999999999999886 ) ) ;
#2034 = CONICAL_SURFACE ( 'NONE', #3803, 3.149999999999999911, 0.7853981633974482790 ) ;
#2035 = AXIS2_PLACEMENT_3D ( 'NONE', #6529, #7153, #4800 ) ;
#2036 = VERTEX_POINT ( 'NONE', #7485 ) ;
#2037 = DIRECTION ( 'NONE',  ( -0.000000000000000000, -1.000000000000000000, -0.000000000000000000 ) ) ;
#2038 = AXIS2_PLACEMENT_3D ( 'NONE', #2, #1139, #4798 ) ;
#2039 = VECTOR ( 'NONE', #4284, 1000.000000000000000 ) ;
#2040 = EDGE_CURVE ( 'NONE', #5100, #2889, #16, .T. ) ;
#2041 = CARTESIAN_POINT ( 'NONE',  ( -25.00000000000000000, 34.00000000000021316, 58.99999999999999289 ) ) ;
#2042 = CARTESIAN_POINT ( 'NONE',  ( -304.0399999999999068, -29.26848105461892757, 0.3401467520116104870 ) ) ;
#2043 = CARTESIAN_POINT ( 'NONE',  ( -299.2617478843592380, 29.04881553646891135, 0.02602732333168795639 ) ) ;
#2044 = DIRECTION ( 'NONE',  ( -0.000000000000000000, 1.000000000000000000, -3.504141421473150331E-15 ) ) ;
#2045 = VERTEX_POINT ( 'NONE', #6428 ) ;
#2046 = AXIS2_PLACEMENT_3D ( 'NONE', #5732, #2820, #7618 ) ;
#2047 = CARTESIAN_POINT ( 'NONE',  ( -284.0000000000000000, -30.00000000000038369, 109.9999999999999858 ) ) ;
#2048 = DIRECTION ( 'NONE',  ( 1.000000000000000000, -1.213737100369038503E-30, -3.469446951953611724E-16 ) ) ;
#2049 = CARTESIAN_POINT ( 'NONE',  ( 284.0000000000000000, 30.00000000000038014, 108.3000000000000256 ) ) ;
#2050 = ORIENTED_EDGE ( 'NONE', *, *, #6019, .T. ) ;
#2051 = AXIS2_PLACEMENT_3D ( 'NONE', #6011, #3646, #621 ) ;
#2052 = CARTESIAN_POINT ( 'NONE',  ( -300.3087394217963606, 29.04881553646891135, -3.869863383341575869 ) ) ;
#2053 = FACE_OUTER_BOUND ( 'NONE', #2573, .T. ) ;
#2054 = ORIENTED_EDGE ( 'NONE', *, *, #4517, .T. ) ;
#2055 = FACE_OUTER_BOUND ( 'NONE', #7105, .T. ) ;
#2056 = EDGE_CURVE ( 'NONE', #4619, #2429, #4027, .T. ) ;
#2057 = ORIENTED_EDGE ( 'NONE', *, *, #6206, .F. ) ;
#2058 = CARTESIAN_POINT ( 'NONE',  ( 197.9999999999999716, -34.00000000000033396, 97.74999999999978684 ) ) ;
#2059 = ORIENTED_EDGE ( 'NONE', *, *, #3567, .F. ) ;
#2060 = EDGE_CURVE ( 'NONE', #6158, #5803, #2091, .T. ) ;
#2061 = AXIS2_PLACEMENT_3D ( 'NONE', #6692, #1890, #3826 ) ;
#2062 = ORIENTED_EDGE ( 'NONE', *, *, #4892, .F. ) ;
#2063 = EDGE_LOOP ( 'NONE', ( #2909, #5133 ) ) ;
#2064 = DIRECTION ( 'NONE',  ( 1.000000000000000000, 0.000000000000000000, 0.000000000000000000 ) ) ;
#2065 = CARTESIAN_POINT ( 'NONE',  ( -299.1220388411722411, -29.61454671997491772, 0.2003331576018124172 ) ) ;
#2066 = CIRCLE ( 'NONE', #944, 2.250000000000001776 ) ;
#2067 = EDGE_LOOP ( 'NONE', ( #6613, #4794, #3049, #6836 ) ) ;
#2068 = EDGE_CURVE ( 'NONE', #468, #139, #2447, .T. ) ;
#2069 = CYLINDRICAL_SURFACE ( 'NONE', #2431, 2.249999999999974243 ) ;
#2070 = VERTEX_POINT ( 'NONE', #5403 ) ;
#2071 = CARTESIAN_POINT ( 'NONE',  ( 299.0488155364690215, 29.25117326983116683, 0.06537581946908924135 ) ) ;
#2072 = CARTESIAN_POINT ( 'NONE',  ( -262.0000000000000000, -30.00000000000033040, 95.49999999999977263 ) ) ;
#2073 = AXIS2_PLACEMENT_3D ( 'NONE', #591, #2983, #4128 ) ;
#2074 = FACE_OUTER_BOUND ( 'NONE', #2228, .T. ) ;
#2075 = DIRECTION ( 'NONE',  ( -0.000000000000000000, -1.000000000000000000, -0.000000000000000000 ) ) ;
#2076 = VECTOR ( 'NONE', #4668, 1000.000000000000000 ) ;
#2077 = ORIENTED_EDGE ( 'NONE', *, *, #3530, .F. ) ;
#2078 = DIRECTION ( 'NONE',  ( -0.000000000000000000, 1.000000000000000000, 3.498359009886561105E-15 ) ) ;
#2079 = ORIENTED_EDGE ( 'NONE', *, *, #3946, .F. ) ;
#2080 = EDGE_CURVE ( 'NONE', #7604, #3483, #4031, .T. ) ;
#2081 = FACE_BOUND ( 'NONE', #5124, .T. ) ;
#2082 = CARTESIAN_POINT ( 'NONE',  ( 299.0976310729379293, -29.50361898037089503, 0.1262136116457314716 ) ) ;
#2083 = DIRECTION ( 'NONE',  ( 0.000000000000000000, -3.083952846180988111E-15, -1.000000000000000000 ) ) ;
#2084 = CARTESIAN_POINT ( 'NONE',  ( 303.8698633833416238, 29.24407768234455318, -0.3087394217964524179 ) ) ;
#2085 = ORIENTED_EDGE ( 'NONE', *, *, #1548, .F. ) ;
#2086 = LINE ( 'NONE', #2124, #6015 ) ;
#2087 = EDGE_CURVE ( 'NONE', #5803, #4066, #262, .T. ) ;
#2088 = ADVANCED_FACE ( 'NONE', ( #18 ), #5920, .F. ) ;
#2089 = LINE ( 'NONE', #955, #1487 ) ;
#2090 = ORIENTED_EDGE ( 'NONE', *, *, #5028, .T. ) ;
#2091 = LINE ( 'NONE', #3907, #1014 ) ;
#2092 = FACE_OUTER_BOUND ( 'NONE', #371, .T. ) ;
#2093 = ORIENTED_EDGE ( 'NONE', *, *, #5906, .F. ) ;
#2094 = CARTESIAN_POINT ( 'NONE',  ( -262.0000000000000000, -34.00000000000011369, 31.49999999999978684 ) ) ;
#2095 = ORIENTED_EDGE ( 'NONE', *, *, #3134, .T. ) ;
#2096 = CARTESIAN_POINT ( 'NONE',  ( -262.0000000000000000, -30.00000000000011013, 31.49999999999978684 ) ) ;
#2097 = ADVANCED_FACE ( 'NONE', ( #5441 ), #7170, .F. ) ;
#2098 = ORIENTED_EDGE ( 'NONE', *, *, #1704, .T. ) ;
#2099 = ORIENTED_EDGE ( 'NONE', *, *, #1946, .T. ) ;
#2100 = DIRECTION ( 'NONE',  ( 0.000000000000000000, -4.081702296416066484E-15, 1.000000000000000000 ) ) ;
#2101 = CARTESIAN_POINT ( 'NONE',  ( -118.9999999999999716, -34.00000000000038369, 106.8499999999999801 ) ) ;
#2102 = ORIENTED_EDGE ( 'NONE', *, *, #2703, .T. ) ;
#2103 = DIRECTION ( 'NONE',  ( -0.000000000000000000, -1.000000000000000000, -0.000000000000000000 ) ) ;
#2104 = ORIENTED_EDGE ( 'NONE', *, *, #4923, .T. ) ;
#2105 = CARTESIAN_POINT ( 'NONE',  ( 299.2684810546189738, 34.03999999999999204, 0.3401467520116113752 ) ) ;
#2106 = CARTESIAN_POINT ( 'NONE',  ( 197.9999999999999716, -34.00000000000011369, 36.19999999999979678 ) ) ;
#2107 = AXIS2_PLACEMENT_3D ( 'NONE', #5476, #7272, #53 ) ;
#2108 = ADVANCED_FACE ( 'NONE', ( #2335 ), #3632, .F. ) ;
#2109 = CIRCLE ( 'NONE', #3878, 2.249999999999988010 ) ;
#2110 = DIRECTION ( 'NONE',  ( -0.000000000000000000, -1.000000000000000000, -0.000000000000000000 ) ) ;
#2111 = DIRECTION ( 'NONE',  ( 1.000000000000000000, 0.000000000000000000, 3.713525943768164663E-15 ) ) ;
#2112 = ORIENTED_EDGE ( 'NONE', *, *, #4882, .T. ) ;
#2113 = DIRECTION ( 'NONE',  ( 0.000000000000000000, -4.081702296415999431E-15, -1.000000000000000000 ) ) ;
#2114 = VERTEX_POINT ( 'NONE', #6000 ) ;
#2115 = VECTOR ( 'NONE', #2682, 1000.000000000000000 ) ;
#2116 = DIRECTION ( 'NONE',  ( 0.000000000000000000, 0.7071067811865500152, 0.7071067811865451302 ) ) ;
#2117 = EDGE_CURVE ( 'NONE', #7327, #2853, #5963, .T. ) ;
#2118 = LINE ( 'NONE', #6843, #7671 ) ;
#2119 = AXIS2_PLACEMENT_3D ( 'NONE', #7585, #7661, #432 ) ;
#2120 = DIRECTION ( 'NONE',  ( 0.000000000000000000, 2.952720810173291281E-15, 1.000000000000000000 ) ) ;
#2121 = CARTESIAN_POINT ( 'NONE',  ( 299.0000000000000568, 29.00000000000000711, -4.039999999999996483 ) ) ;
#2122 = ORIENTED_EDGE ( 'NONE', *, *, #3596, .F. ) ;
#2123 = DIRECTION ( 'NONE',  ( -0.000000000000000000, 1.000000000000000000, -3.498359009886561105E-15 ) ) ;
#2124 = CARTESIAN_POINT ( 'NONE',  ( -25.00000000000000000, -34.00000000000031264, 93.69999999999973284 ) ) ;
#2125 = AXIS2_PLACEMENT_3D ( 'NONE', #6057, #5498, #1180 ) ;
#2126 = FACE_OUTER_BOUND ( 'NONE', #3249, .T. ) ;
#2127 = ORIENTED_EDGE ( 'NONE', *, *, #7464, .F. ) ;
#2128 = EDGE_CURVE ( 'NONE', #1929, #4979, #1084, .T. ) ;
#2129 = DIRECTION ( 'NONE',  ( -0.000000000000000000, -1.000000000000000000, -0.000000000000000000 ) ) ;
#2131 = EDGE_CURVE ( 'NONE', #1473, #4896, #4112, .T. ) ;
#2130 = PLANE ( 'NONE',  #2790 ) ;
#2132 = APPROVAL_PERSON_ORGANIZATION ( #1699, #6937, #2400 ) ;
#2133 = EDGE_LOOP ( 'NONE', ( #2079, #6045 ) ) ;
#2134 = AXIS2_PLACEMENT_3D ( 'NONE', #759, #2601, #836 ) ;
#2135 = CARTESIAN_POINT ( 'NONE',  ( -216.5649711574557443, -34.00000000000027001, 76.93502884254469620 ) ) ;
#2136 = ORIENTED_EDGE ( 'NONE', *, *, #1027, .F. ) ;
#2137 = CARTESIAN_POINT ( 'NONE',  ( -216.5649711574557443, -30.00000000000027001, 76.93502884254469620 ) ) ;
#2138 = ORIENTED_EDGE ( 'NONE', *, *, #5624, .T. ) ;
#2139 = AXIS2_PLACEMENT_3D ( 'NONE', #7242, #7766, #2927 ) ;
#2140 = ORIENTED_EDGE ( 'NONE', *, *, #1325, .F. ) ;
#2141 = DIRECTION ( 'NONE',  ( -0.000000000000000000, -1.000000000000000000, -0.000000000000000000 ) ) ;
#2142 = CARTESIAN_POINT ( 'NONE',  ( -299.0976310729377587, -29.50361898037090214, 0.1262136116457341917 ) ) ;
#2143 = EDGE_CURVE ( 'NONE', #3368, #7491, #5415, .T. ) ;
#2144 = VERTEX_POINT ( 'NONE', #4149 ) ;
#2145 = DIRECTION ( 'NONE',  ( 0.000000000000000000, 2.952720810173291281E-15, 1.000000000000000000 ) ) ;
#2146 = ORIENTED_EDGE ( 'NONE', *, *, #3587, .T. ) ;
#2147 = CARTESIAN_POINT ( 'NONE',  ( 299.1220388411723548, 32.07273359987456729, -2.998334211990905995 ) ) ;
#2148 = CARTESIAN_POINT ( 'NONE',  ( 300.0000000000000568, -29.29289321881345387, 1.000000000000000888 ) ) ;
#2149 = VECTOR ( 'NONE', #5658, 1000.000000000000000 ) ;
#2150 = CIRCLE ( 'NONE', #5797, 4.699999999999999289 ) ;
#2151 = DIRECTION ( 'NONE',  ( 8.659560562354871228E-17, 0.7071067811865501263, -0.7071067811865449082 ) ) ;
#2152 = CARTESIAN_POINT ( 'NONE',  ( 118.9999999999999716, 34.00000000000039790, 113.1499999999999915 ) ) ;
#2153 = DIRECTION ( 'NONE',  ( -0.000000000000000000, -1.000000000000000000, -0.000000000000000000 ) ) ;
#2154 = ORIENTED_EDGE ( 'NONE', *, *, #633, .T. ) ;
#2155 = CARTESIAN_POINT ( 'NONE',  ( -63.99999999999997158, -34.00000000000038369, 111.6999999999999886 ) ) ;
#2156 = EDGE_CURVE ( 'NONE', #2519, #5310, #882, .T. ) ;
#2157 = EDGE_LOOP ( 'NONE', ( #3316, #3450, #3649, #2639 ) ) ;
#2158 = CIRCLE ( 'NONE', #1804, 3.149999999999986144 ) ;
#2159 = CIRCLE ( 'NONE', #7306, 4.699999999999995737 ) ;
#2160 = FACE_OUTER_BOUND ( 'NONE', #6132, .T. ) ;
#2161 = LINE ( 'NONE', #860, #2903 ) ;
#2162 = LINE ( 'NONE', #6377, #1912 ) ;
#2163 = LINE ( 'NONE', #3980, #2292 ) ;
#2164 = ORIENTED_EDGE ( 'NONE', *, *, #953, .T. ) ;
#2165 =( NAMED_UNIT ( * ) SI_UNIT ( $, .STERADIAN. ) SOLID_ANGLE_UNIT ( ) );
#2166 = FACE_OUTER_BOUND ( 'NONE', #4499, .T. ) ;
#2167 = CIRCLE ( 'NONE', #7574, 4.700000000000009948 ) ;
#2168 = CONICAL_SURFACE ( 'NONE', #3811, 4.700000000000002842, 0.7853981633974482790 ) ;
#2169 = FACE_OUTER_BOUND ( 'NONE', #6777, .T. ) ;
#2170 = EDGE_LOOP ( 'NONE', ( #7366, #3007, #2302, #5903 ) ) ;
#2171 = DIRECTION ( 'NONE',  ( -0.000000000000000000, 1.000000000000000000, -3.504141421473150331E-15 ) ) ;
#2172 = AXIS2_PLACEMENT_3D ( 'NONE', #40, #4835, #1908 ) ;
#2173 = FACE_OUTER_BOUND ( 'NONE', #6356, .T. ) ;
#2175 = VERTEX_POINT ( 'NONE', #7167 ) ;
#2174 = B_SPLINE_CURVE_WITH_KNOTS ( 'NONE', 3,
 ( #2551, #3855, #197, #6874, #3263, #5660, #272, #7346, #2587, #4995 ),
 .UNSPECIFIED., .F., .F.,
 ( 4, 2, 2, 2, 4 ),
 ( 0.000000000000000000, 0.2500000000000000000, 0.5000000000000000000, 0.7500000000000000000, 1.000000000000000000 ),
 .UNSPECIFIED. ) ;
#2176 = VECTOR ( 'NONE', #7416, 999.9999999999998863 ) ;
#2177 = CARTESIAN_POINT ( 'NONE',  ( 300.0000000000005116, -30.00000000000000000, 120.0000000000000000 ) ) ;
#2178 = ORIENTED_EDGE ( 'NONE', *, *, #6140, .T. ) ;
#2179 = CARTESIAN_POINT ( 'NONE',  ( -244.4999999999997442, 24.00000000000006395, 17.00000000000002842 ) ) ;
#2180 = VERTEX_POINT ( 'NONE', #577 ) ;
#2181 = VECTOR ( 'NONE', #4718, 1000.000000000000000 ) ;
#2182 = EDGE_CURVE ( 'NONE', #899, #3371, #5372, .T. ) ;
#2183 = ORIENTED_EDGE ( 'NONE', *, *, #2193, .T. ) ;
#2184 = DIRECTION ( 'NONE',  ( 0.000000000000000000, 3.469446951953607878E-15, 1.000000000000000000 ) ) ;
#2185 = CARTESIAN_POINT ( 'NONE',  ( -299.2684811977856043, -30.00000000000000355, 0.8690774982247250202 ) ) ;
#2186 = VERTEX_POINT ( 'NONE', #3518 ) ;
#2187 = FACE_OUTER_BOUND ( 'NONE', #7591, .T. ) ;
#2188 = ORIENTED_EDGE ( 'NONE', *, *, #4785, .F. ) ;
#2189 = CARTESIAN_POINT ( 'NONE',  ( 299.0244120210277856, 29.13092250177524534, 5.190232733122090022E-15 ) ) ;
#2190 = CIRCLE ( 'NONE', #1063, 2.249999999999998668 ) ;
#2191 = CARTESIAN_POINT ( 'NONE',  ( -215.4999999999999432, 24.00000000000027001, 78.00000000000004263 ) ) ;
#2192 = EDGE_CURVE ( 'NONE', #2297, #7723, #5543, .T. ) ;
#2193 = EDGE_CURVE ( 'NONE', #6436, #5458, #6620, .T. ) ;
#2194 = CIRCLE ( 'NONE', #6339, 1.699999999999993072 ) ;
#2195 = EDGE_CURVE ( 'NONE', #1981, #4790, #4777, .T. ) ;
#2196 = DIRECTION ( 'NONE',  ( -0.000000000000000000, -1.000000000000000000, -0.000000000000000000 ) ) ;
#2197 = CARTESIAN_POINT ( 'NONE',  ( 63.99999999999997158, -34.00000000000038369, 106.8499999999999801 ) ) ;
#2198 = FACE_OUTER_BOUND ( 'NONE', #6670, .T. ) ;
#2199 = ORIENTED_EDGE ( 'NONE', *, *, #2195, .T. ) ;
#2200 = DIRECTION ( 'NONE',  ( -0.000000000000000000, -1.000000000000000000, -0.000000000000000000 ) ) ;
#2201 = CARTESIAN_POINT ( 'NONE',  ( -243.4350288425443978, -34.00000000000027001, 74.98502884254416756 ) ) ;
#2202 = ORIENTED_EDGE ( 'NONE', *, *, #5657, .T. ) ;
#2203 = EDGE_CURVE ( 'NONE', #3756, #5166, #4788, .T. ) ;
#2204 = DIRECTION ( 'NONE',  ( -0.000000000000000000, 1.000000000000000000, 3.498359009886561105E-15 ) ) ;
#2205 = EDGE_CURVE ( 'NONE', #3713, #6742, #1510, .T. ) ;
#2206 = AXIS2_PLACEMENT_3D ( 'NONE', #1639, #6444, #3414 ) ;
#2207 = CARTESIAN_POINT ( 'NONE',  ( 299.0000000000000568, -28.99999999999999645, -8.673617379884035472E-15 ) ) ;
#2208 = DIRECTION ( 'NONE',  ( -0.000000000000000000, -1.000000000000000000, -0.000000000000000000 ) ) ;
#2209 = CARTESIAN_POINT ( 'NONE',  ( 299.9596000000000231, 29.26848119921735858, 0.8743668056868865168 ) ) ;
#2210 = ORIENTED_EDGE ( 'NONE', *, *, #1949, .T. ) ;
#2211 = DIRECTION ( 'NONE',  ( -0.000000000000000000, 1.000000000000000000, 3.498359009886561105E-15 ) ) ;
#2212 = CARTESIAN_POINT ( 'NONE',  ( 216.5649711574557443, -30.00000000000026290, 74.98502884254469336 ) ) ;
#2213 = CIRCLE ( 'NONE', #3094, 6.999999999999964473 ) ;
#2214 = EDGE_CURVE ( 'NONE', #7250, #2626, #4909, .T. ) ;
#2215 = FACE_OUTER_BOUND ( 'NONE', #1591, .T. ) ;
#2216 = EDGE_LOOP ( 'NONE', ( #5995, #2854, #7644, #6926 ) ) ;
#2217 = DIRECTION ( 'NONE',  ( 0.000000000000000000, 4.081702296416066484E-15, 1.000000000000000000 ) ) ;
#2218 = DIRECTION ( 'NONE',  ( 0.000000000000000000, 1.000000000000000000, -3.504141421473150331E-15 ) ) ;
#2219 = VERTEX_POINT ( 'NONE', #3708 ) ;
#2220 = CARTESIAN_POINT ( 'NONE',  ( -299.0488155364688510, 29.26179938779915091, 5.183841637196318075E-15 ) ) ;
#2221 = ORIENTED_EDGE ( 'NONE', *, *, #3156, .T. ) ;
#2222 = DIRECTION ( 'NONE',  ( -0.000000000000000000, -1.000000000000000000, -0.000000000000000000 ) ) ;
#2223 = ORIENTED_EDGE ( 'NONE', *, *, #6278, .F. ) ;
#2224 = ORIENTED_EDGE ( 'NONE', *, *, #3516, .F. ) ;
#2225 = DIRECTION ( 'NONE',  ( 0.000000000000000000, -4.081702296416033352E-15, -1.000000000000000000 ) ) ;
#2226 = CARTESIAN_POINT ( 'NONE',  ( -299.0976310729377587, -31.51809490185450358, -3.368931941771293737 ) ) ;
#2227 = EDGE_CURVE ( 'NONE', #4430, #2036, #5923, .T. ) ;
#2228 = EDGE_LOOP ( 'NONE', ( #3905, #2013, #6476, #4550 ) ) ;
#2229 = LINE ( 'NONE', #5860, #6210 ) ;
#2230 = ORIENTED_EDGE ( 'NONE', *, *, #6485, .F. ) ;
#2231 = CARTESIAN_POINT ( 'NONE',  ( -25.00000000000000000, -34.00000000000031264, 84.29999999999974136 ) ) ;
#2232 = LINE ( 'NONE', #2271, #6723 ) ;
#2233 = DIRECTION ( 'NONE',  ( -0.000000000000000000, 1.000000000000000000, -3.504141421473150331E-15 ) ) ;
#2234 = CARTESIAN_POINT ( 'NONE',  ( 197.9999999999999716, -31.55000000000010729, 33.74999999999978684 ) ) ;
#2235 = DIRECTION ( 'NONE',  ( 0.000000000000000000, 0.000000000000000000, -1.000000000000000000 ) ) ;
#2236 = VERTEX_POINT ( 'NONE', #7391 ) ;
#2237 = DIRECTION ( 'NONE',  ( 0.000000000000000000, 0.000000000000000000, -1.000000000000000000 ) ) ;
#2238 = ADVANCED_FACE ( 'NONE', ( #239 ), #6077, .F. ) ;
#2239 = DIRECTION ( 'NONE',  ( -0.000000000000000000, 1.000000000000000000, -3.504141421473150331E-15 ) ) ;
#2240 = ORIENTED_EDGE ( 'NONE', *, *, #4546, .F. ) ;
#2241 = CARTESIAN_POINT ( 'NONE',  ( 183.4999999999999432, 34.00000000000017764, 49.00000000000027001 ) ) ;
#2242 = VECTOR ( 'NONE', #2747, 1000.000000000000000 ) ;
#2243 = LINE ( 'NONE', #4652, #6917 ) ;
#2244 = CARTESIAN_POINT ( 'NONE',  ( 25.00000000000000000, -34.00000000000031264, 93.69999999999973284 ) ) ;
#2245 = FACE_OUTER_BOUND ( 'NONE', #3881, .T. ) ;
#2246 = AXIS2_PLACEMENT_3D ( 'NONE', #7562, #3868, #6304 ) ;
#2247 = VERTEX_POINT ( 'NONE', #1266 ) ;
#2248 = CARTESIAN_POINT ( 'NONE',  ( 174.0000000000000000, 34.00000000000038369, 109.9999999999999858 ) ) ;
#2249 = PLANE ( 'NONE',  #6522 ) ;
#2250 = CIRCLE ( 'NONE', #626, 2.250000000000001776 ) ;
#2251 = CARTESIAN_POINT ( 'NONE',  ( 300.0000000000000568, 29.29289321881346098, 0.000000000000000000 ) ) ;
#2252 = EDGE_LOOP ( 'NONE', ( #5181, #1450, #5379, #1973 ) ) ;
#2253 = CARTESIAN_POINT ( 'NONE',  ( -159.9999999999999716, 24.00000000000015987, 45.49999999999998579 ) ) ;
#2254 = DIRECTION ( 'NONE',  ( 1.000000000000000000, 0.000000000000000000, -3.686287386450711920E-15 ) ) ;
#2255 = ORIENTED_EDGE ( 'NONE', *, *, #2703, .F. ) ;
#2256 = DIRECTION ( 'NONE',  ( 0.000000000000000000, 4.081702296415999431E-15, 1.000000000000000000 ) ) ;
#2257 = ORIENTED_EDGE ( 'NONE', *, *, #1146, .T. ) ;
#2258 = DIRECTION ( 'NONE',  ( 0.000000000000000000, 3.083952846180988111E-15, 1.000000000000000000 ) ) ;
#2259 = VECTOR ( 'NONE', #665, 1000.000000000000000 ) ;
#2260 = ORIENTED_EDGE ( 'NONE', *, *, #7185, .T. ) ;
#2261 = EDGE_CURVE ( 'NONE', #6655, #7530, #136, .T. ) ;
#2262 = ORIENTED_EDGE ( 'NONE', *, *, #6063, .F. ) ;
#2263 = CC_DESIGN_APPROVAL ( #3153, ( #6783 ) ) ;
#2264 = CIRCLE ( 'NONE', #5291, 3.149999999999986144 ) ;
#2265 = DIRECTION ( 'NONE',  ( -0.000000000000000000, 1.000000000000000000, -3.504141421473150331E-15 ) ) ;
#2266 = CARTESIAN_POINT ( 'NONE',  ( 0.000000000000000000, 34.00000000000021316, 58.99999999999999289 ) ) ;
#2267 = ORIENTED_EDGE ( 'NONE', *, *, #2943, .F. ) ;
#2268 = DIRECTION ( 'NONE',  ( -0.000000000000000000, -1.000000000000000000, -0.000000000000000000 ) ) ;
#2269 = ORIENTED_EDGE ( 'NONE', *, *, #269, .T. ) ;
#2270 = DIRECTION ( 'NONE',  ( -0.000000000000000000, 0.000000000000000000, 1.000000000000000000 ) ) ;
#2271 = CARTESIAN_POINT ( 'NONE',  ( -299.2928932188133331, -30.00000000000000355, 0.9999999999999974465 ) ) ;
#2272 = AXIS2_PLACEMENT_3D ( 'NONE', #2795, #1490, #2837 ) ;
#2273 = CARTESIAN_POINT ( 'NONE',  ( -299.9999999999999432, -29.29289321881345742, 0.000000000000000000 ) ) ;
#2274 = DIRECTION ( 'NONE',  ( -0.000000000000000000, -1.000000000000000000, -0.000000000000000000 ) ) ;
#2275 = VECTOR ( 'NONE', #7119, 999.9999999999998863 ) ;
#2276 = DIRECTION ( 'NONE',  ( 0.000000000000000000, 0.000000000000000000, -1.000000000000000000 ) ) ;
#2277 = VERTEX_POINT ( 'NONE', #6113 ) ;
#2278 = DIRECTION ( 'NONE',  ( -0.000000000000000000, -1.000000000000000000, -0.000000000000000000 ) ) ;
#2279 = DIRECTION ( 'NONE',  ( 0.000000000000000000, 4.405646923115719615E-15, 1.000000000000000000 ) ) ;
#2280 = CARTESIAN_POINT ( 'NONE',  ( 284.0000000000000000, 32.55000000000038796, 111.6999999999999602 ) ) ;
#2281 = EDGE_CURVE ( 'NONE', #5500, #1792, #5785, .T. ) ;
#2282 = CONICAL_SURFACE ( 'NONE', #6673, 3.149999999999986144, 0.7853981633974411736 ) ;
#2283 = EDGE_CURVE ( 'NONE', #6738, #4206, #3278, .T. ) ;
#2284 = CARTESIAN_POINT ( 'NONE',  ( -63.99999999999997158, -30.00000000000038369, 109.9999999999999858 ) ) ;
#2285 = CARTESIAN_POINT ( 'NONE',  ( -299.5036189803707884, -29.09763107293782625, 0.1262136116457440449 ) ) ;
#2286 = DIRECTION ( 'NONE',  ( 0.000000000000000000, -1.000000000000000000, 3.498359009886561105E-15 ) ) ;
#2287 = AXIS2_PLACEMENT_3D ( 'NONE', #6429, #1544, #3362 ) ;
#2288 = EDGE_LOOP ( 'NONE', ( #1637, #5782, #3175, #2953 ) ) ;
#2289 = DIRECTION ( 'NONE',  ( -0.000000000000000000, -1.000000000000000000, -0.000000000000000000 ) ) ;
#2290 = VECTOR ( 'NONE', #2327, 1000.000000000000000 ) ;
#2291 = ADVANCED_FACE ( 'NONE', ( #5479 ), #6806, .F. ) ;
#2292 = VECTOR ( 'NONE', #2840, 1000.000000000000000 ) ;
#2293 = CARTESIAN_POINT ( 'NONE',  ( 197.9999999999999716, -34.00000000000033396, 93.24999999999977263 ) ) ;
#2294 = VERTEX_POINT ( 'NONE', #3781 ) ;
#2295 = DIRECTION ( 'NONE',  ( 0.000000000000000000, 1.000000000000000000, 0.000000000000000000 ) ) ;
#2296 = DIRECTION ( 'NONE',  ( 8.659560562354932858E-17, 0.7071067811865451302, -0.7071067811865500152 ) ) ;
#2297 = VERTEX_POINT ( 'NONE', #1960 ) ;
#2298 = CARTESIAN_POINT ( 'NONE',  ( 197.9999999999999716, -34.00000000000033396, 90.79999999999976978 ) ) ;
#2299 = ORIENTED_EDGE ( 'NONE', *, *, #838, .F. ) ;
#2300 = CARTESIAN_POINT ( 'NONE',  ( 299.2617478843593517, -29.04881553646890779, 0.02602732333168795639 ) ) ;
#2301 = CIRCLE ( 'NONE', #6075, 2.249999999999974243 ) ;
#2302 = ORIENTED_EDGE ( 'NONE', *, *, #1300, .T. ) ;
#2303 = ORIENTED_EDGE ( 'NONE', *, *, #2214, .F. ) ;
#2304 = CONICAL_SURFACE ( 'NONE', #1414, 4.099999999999992539, 0.7853981633974450594 ) ;
#2305 = CIRCLE ( 'NONE', #4567, 1.699999999999993072 ) ;
#2306 = CARTESIAN_POINT ( 'NONE',  ( 216.5649711574550906, -34.00000000000017764, 45.96497115745587081 ) ) ;
#2307 = EDGE_CURVE ( 'NONE', #753, #2186, #3031, .T. ) ;
#2308 = CARTESIAN_POINT ( 'NONE',  ( -216.5649711574550906, -34.00000000000017764, 54.16497115745585234 ) ) ;
#2309 = VERTEX_POINT ( 'NONE', #5514 ) ;
#2310 = DIRECTION ( 'NONE',  ( -0.000000000000000000, 1.000000000000000000, -3.504141421473150331E-15 ) ) ;
#2311 = EDGE_CURVE ( 'NONE', #7018, #3869, #5038, .T. ) ;
#2312 = VERTEX_POINT ( 'NONE', #1850 ) ;
#2313 = LINE ( 'NONE', #6559, #7078 ) ;
#2314 = DIRECTION ( 'NONE',  ( -0.000000000000000000, 1.000000000000000000, -3.504141421473150331E-15 ) ) ;
#2315 = AXIS2_PLACEMENT_3D ( 'NONE', #1830, #3532, #4161 ) ;
#2316 = CARTESIAN_POINT ( 'NONE',  ( 300.0000000000000568, 34.00000000000041922, 119.9999999999999858 ) ) ;
#2317 = ADVANCED_FACE ( 'NONE', ( #3157 ), #391, .F. ) ;
#2318 = CONICAL_SURFACE ( 'NONE', #7462, 3.149999999999986144, 0.7853981633974507215 ) ;
#2319 = DIRECTION ( 'NONE',  ( 0.000000000000000000, 4.405646923115719615E-15, 1.000000000000000000 ) ) ;
#2320 = DIRECTION ( 'NONE',  ( -0.000000000000000000, -1.000000000000000000, -0.000000000000000000 ) ) ;
#2321 = ORIENTED_EDGE ( 'NONE', *, *, #6951, .T. ) ;
#2322 = CARTESIAN_POINT ( 'NONE',  ( 25.00000000000000000, -34.00000000000010658, 33.69999999999975415 ) ) ;
#2323 = FACE_OUTER_BOUND ( 'NONE', #7161, .T. ) ;
#2324 = DIRECTION ( 'NONE',  ( -0.000000000000000000, -1.000000000000000000, -0.000000000000000000 ) ) ;
#2325 = VECTOR ( 'NONE', #6735, 1000.000000000000000 ) ;
#2326 = CARTESIAN_POINT ( 'NONE',  ( -262.0000000000000000, -34.00000000000033396, 90.79999999999979821 ) ) ;
#2327 = DIRECTION ( 'NONE',  ( -0.000000000000000000, 1.000000000000000000, -3.498359009886561105E-15 ) ) ;
#2328 = CONICAL_SURFACE ( 'NONE', #4840, 4.699999999999995737, 0.7853981633974482790 ) ;
#2329 = EDGE_CURVE ( 'NONE', #6976, #6568, #1418, .T. ) ;
#2330 = CARTESIAN_POINT ( 'NONE',  ( 0.000000000000000000, 30.00000000000011013, 31.25000000000000000 ) ) ;
#2331 = ORIENTED_EDGE ( 'NONE', *, *, #7148, .T. ) ;
#2332 = EDGE_CURVE ( 'NONE', #2683, #2934, #1384, .T. ) ;
#2333 = DIRECTION ( 'NONE',  ( 0.000000000000000000, -1.000000000000000000, 3.504141421473150331E-15 ) ) ;
#2334 = DIRECTION ( 'NONE',  ( -0.000000000000000000, -1.000000000000000000, -0.000000000000000000 ) ) ;
#2335 = FACE_OUTER_BOUND ( 'NONE', #4542, .T. ) ;
#2336 = CARTESIAN_POINT ( 'NONE',  ( 25.00000000000000000, -30.00000000000031264, 88.99999999999972999 ) ) ;
#2337 = ORIENTED_EDGE ( 'NONE', *, *, #798, .T. ) ;
#2338 = DIRECTION ( 'NONE',  ( -0.000000000000000000, 1.000000000000000000, -3.504141421473150331E-15 ) ) ;
#2339 = ORIENTED_EDGE ( 'NONE', *, *, #3505, .F. ) ;
#2340 = CIRCLE ( 'NONE', #6851, 1.699999999999993072 ) ;
#2341 = ADVANCED_FACE ( 'NONE', ( #2558 ), #7708, .F. ) ;
#2342 = CARTESIAN_POINT ( 'NONE',  ( 301.5180949018545107, -29.09763107293781914, -3.368931941771300398 ) ) ;
#2343 = ORIENTED_EDGE ( 'NONE', *, *, #6542, .F. ) ;
#2344 = ORIENTED_EDGE ( 'NONE', *, *, #5071, .F. ) ;
#2345 = CARTESIAN_POINT ( 'NONE',  ( -118.9999999999999716, -34.00000000000038369, 111.6999999999999744 ) ) ;
#2346 = EDGE_LOOP ( 'NONE', ( #5482, #4235 ) ) ;
#2347 = CARTESIAN_POINT ( 'NONE',  ( 197.9999999999999716, -30.00000000000011013, 31.49999999999978684 ) ) ;
#2348 = VERTEX_POINT ( 'NONE', #1609 ) ;
#2349 = DIRECTION ( 'NONE',  ( 1.000000000000000000, 0.000000000000000000, 0.000000000000000000 ) ) ;
#2350 = CARTESIAN_POINT ( 'NONE',  ( -25.00000000000000000, 34.00000000000010658, 28.99999999999998934 ) ) ;
#2351 = CARTESIAN_POINT ( 'NONE',  ( 25.00000000000000000, -34.00000000000031264, 88.99999999999972999 ) ) ;
#2352 = CARTESIAN_POINT ( 'NONE',  ( -303.9999999999999432, -29.29289321881345742, 0.9999999999999859002 ) ) ;
#2353 = LINE ( 'NONE', #3617, #1673 ) ;
#2354 = ORIENTED_EDGE ( 'NONE', *, *, #7181, .T. ) ;
#2355 = DIRECTION ( 'NONE',  ( 0.000000000000000000, -3.083952846181006649E-15, 1.000000000000000000 ) ) ;
#2356 = CARTESIAN_POINT ( 'NONE',  ( 215.5000000000001705, 24.00000000000039080, 110.0000000000000853 ) ) ;
#2357 = EDGE_CURVE ( 'NONE', #3438, #5602, #6257, .T. ) ;
#2358 = DIRECTION ( 'NONE',  ( 0.000000000000000000, 2.952720810173286943E-15, 1.000000000000000000 ) ) ;
#2359 = CARTESIAN_POINT ( 'NONE',  ( 25.00000000000000000, 31.55000000000020322, 56.74999999999999289 ) ) ;
#2360 = CARTESIAN_POINT ( 'NONE',  ( 0.000000000000000000, 34.00000000000021316, 58.99999999999999289 ) ) ;
#2361 = ORIENTED_EDGE ( 'NONE', *, *, #2080, .T. ) ;
#2362 = PERSON_AND_ORGANIZATION ( #5168, #4399 ) ;
#2363 = CIRCLE ( 'NONE', #7136, 3.149999999999999911 ) ;
#2364 = DIRECTION ( 'NONE',  ( 0.000000000000000000, 0.000000000000000000, -1.000000000000000000 ) ) ;
#2365 = EDGE_CURVE ( 'NONE', #2186, #753, #7410, .T. ) ;
#2366 = CARTESIAN_POINT ( 'NONE',  ( 299.0000000000000568, 28.99999999999998934, 0.000000000000000000 ) ) ;
#2367 = DIRECTION ( 'NONE',  ( 0.000000000000000000, -1.000000000000000000, 0.000000000000000000 ) ) ;
#2368 = DIRECTION ( 'NONE',  ( 0.000000000000000000, -1.000000000000000000, 3.498359009886561105E-15 ) ) ;
#2369 = ORIENTED_EDGE ( 'NONE', *, *, #2728, .T. ) ;
#2370 = CARTESIAN_POINT ( 'NONE',  ( -118.9999999999999716, 30.00000000000039435, 111.6999999999999886 ) ) ;
#2371 = VERTEX_POINT ( 'NONE', #6880 ) ;
#2372 = CARTESIAN_POINT ( 'NONE',  ( 174.0000000000000000, -34.00000000000038369, 113.1499999999999773 ) ) ;
#2373 = ORIENTED_EDGE ( 'NONE', *, *, #4024, .T. ) ;
#2374 = CIRCLE ( 'NONE', #6399, 1.950000000000007283 ) ;
#2375 = ADVANCED_FACE ( 'NONE', ( #7554 ), #5666, .T. ) ;
#2376 = EDGE_LOOP ( 'NONE', ( #6398, #7006 ) ) ;
#2377 = ADVANCED_FACE ( 'NONE', ( #7432 ), #7546, .F. ) ;
#2378 = FACE_BOUND ( 'NONE', #1800, .T. ) ;
#2379 = ORIENTED_EDGE ( 'NONE', *, *, #6555, .T. ) ;
#2380 = AXIS2_PLACEMENT_3D ( 'NONE', #4507, #5856, #2184 ) ;
#2381 = DIRECTION ( 'NONE',  ( -0.000000000000000000, 1.000000000000000000, 3.498359009886561105E-15 ) ) ;
#2382 = ORIENTED_EDGE ( 'NONE', *, *, #2570, .F. ) ;
#2383 = DIRECTION ( 'NONE',  ( 0.000000000000000000, 0.000000000000000000, -1.000000000000000000 ) ) ;
#2384 = EDGE_LOOP ( 'NONE', ( #1088, #1575 ) ) ;
#2385 = AXIS2_PLACEMENT_3D ( 'NONE', #5798, #1501, #413 ) ;
#2386 = EDGE_CURVE ( 'NONE', #3396, #4222, #2118, .T. ) ;
#2387 = LINE ( 'NONE', #4797, #7155 ) ;
#2388 = LINE ( 'NONE', #628, #3311 ) ;
#2389 = ORIENTED_EDGE ( 'NONE', *, *, #2398, .T. ) ;
#2390 = DIRECTION ( 'NONE',  ( -0.000000000000000000, -1.000000000000000000, -0.000000000000000000 ) ) ;
#2391 = DIRECTION ( 'NONE',  ( -0.000000000000000000, 1.000000000000000000, -3.504141421473150331E-15 ) ) ;
#2392 = AXIS2_PLACEMENT_3D ( 'NONE', #2685, #3986, #6972 ) ;
#2393 = AXIS2_PLACEMENT_3D ( 'NONE', #2437, #4289, #5471 ) ;
#2394 = DIRECTION ( 'NONE',  ( -0.000000000000000000, -1.000000000000000000, -0.000000000000000000 ) ) ;
#2395 = CARTESIAN_POINT ( 'NONE',  ( -216.5649711574550906, -34.00000000000017764, 45.96497115745587081 ) ) ;
#2396 = EDGE_CURVE ( 'NONE', #5054, #5288, #2161, .T. ) ;
#2397 = CARTESIAN_POINT ( 'NONE',  ( -197.9999999999999716, -31.55000000000010729, 33.74999999999978684 ) ) ;
#2398 = EDGE_CURVE ( 'NONE', #234, #3170, #4451, .T. ) ;
#2399 = ORIENTED_EDGE ( 'NONE', *, *, #4701, .F. ) ;
#2400 = APPROVAL_ROLE ( '' ) ;
#2401 = CIRCLE ( 'NONE', #4047, 1.950000000000007283 ) ;
#2402 = DIRECTION ( 'NONE',  ( -0.000000000000000000, -1.000000000000000000, -0.000000000000000000 ) ) ;
#2403 = CARTESIAN_POINT ( 'NONE',  ( -262.0000000000000000, -34.00000000000033396, 100.1999999999997613 ) ) ;
#2404 = AXIS2_PLACEMENT_3D ( 'NONE', #4074, #2218, #6928 ) ;
#2405 = DIRECTION ( 'NONE',  ( 8.659560562354904508E-17, -0.7071067811865497932, 0.7071067811865452413 ) ) ;
#2406 = DIRECTION ( 'NONE',  ( -0.000000000000000000, -1.000000000000000000, -0.000000000000000000 ) ) ;
#2407 = ORIENTED_EDGE ( 'NONE', *, *, #6263, .T. ) ;
#2408 = DIRECTION ( 'NONE',  ( 0.000000000000000000, -1.000000000000000000, 0.000000000000000000 ) ) ;
#2409 = ORIENTED_EDGE ( 'NONE', *, *, #3198, .T. ) ;
#2410 = CARTESIAN_POINT ( 'NONE',  ( 300.0000000000000568, -29.26848119778568247, 0.8690774982247549962 ) ) ;
#2411 = ORIENTED_EDGE ( 'NONE', *, *, #696, .T. ) ;
#2412 = VECTOR ( 'NONE', #5689, 1000.000000000000000 ) ;
#2413 = EDGE_LOOP ( 'NONE', ( #1125, #5614 ) ) ;
#2414 = FACE_BOUND ( 'NONE', #2649, .T. ) ;
#2415 = AXIS2_PLACEMENT_3D ( 'NONE', #1369, #6250, #3304 ) ;
#2416 = EDGE_LOOP ( 'NONE', ( #3201, #255, #824, #1780 ) ) ;
#2417 = AXIS2_PLACEMENT_3D ( 'NONE', #7278, #2561, #7356 ) ;
#2418 = FACE_OUTER_BOUND ( 'NONE', #6002, .T. ) ;
#2419 = EDGE_LOOP ( 'NONE', ( #1944, #3834, #6971, #2578 ) ) ;
#2420 = EDGE_CURVE ( 'NONE', #2608, #3328, #3271, .T. ) ;
#2421 = DIRECTION ( 'NONE',  ( -0.000000000000000000, -1.000000000000000000, -0.000000000000000000 ) ) ;
#2422 = VERTEX_POINT ( 'NONE', #323 ) ;
#2423 = EDGE_CURVE ( 'NONE', #6706, #3365, #4527, .T. ) ;
#2424 = ADVANCED_FACE ( 'NONE', ( #3352 ), #5746, .F. ) ;
#2425 = VECTOR ( 'NONE', #7151, 1000.000000000000000 ) ;
#2426 = CIRCLE ( 'NONE', #3057, 2.250000000000001776 ) ;
#2427 = DIRECTION ( 'NONE',  ( -0.000000000000000000, 1.000000000000000000, -3.504141421473150331E-15 ) ) ;
#2428 = DIRECTION ( 'NONE',  ( 0.000000000000000000, -1.000000000000000000, 3.498359009886561105E-15 ) ) ;
#2429 = VERTEX_POINT ( 'NONE', #634 ) ;
#2430 = CARTESIAN_POINT ( 'NONE',  ( -243.4350288425443978, -31.85000000000027498, 76.93502884254417040 ) ) ;
#2431 = AXIS2_PLACEMENT_3D ( 'NONE', #2580, #4989, #1984 ) ;
#2432 = DIRECTION ( 'NONE',  ( -0.000000000000000000, -1.000000000000000000, -0.000000000000000000 ) ) ;
#2433 = CC_DESIGN_PERSON_AND_ORGANIZATION_ASSIGNMENT ( #5878, #7678, ( #3029 ) ) ;
#2434 = EDGE_CURVE ( 'NONE', #1727, #6814, #6173, .T. ) ;
#2435 = ADVANCED_FACE ( 'NONE', ( #7156 ), #5910, .F. ) ;
#2436 = EDGE_CURVE ( 'NONE', #581, #7539, #1642, .T. ) ;
#2437 = CARTESIAN_POINT ( 'NONE',  ( 197.9999999999999716, -34.00000000000033396, 95.49999999999977263 ) ) ;
#2438 = CARTESIAN_POINT ( 'NONE',  ( 243.4350288425443978, -34.00000000000027001, 76.93502884254417040 ) ) ;
#2439 = DIRECTION ( 'NONE',  ( -0.000000000000000000, -1.000000000000000000, -0.000000000000000000 ) ) ;
#2440 = EDGE_CURVE ( 'NONE', #6080, #6945, #5992, .T. ) ;
#2441 = VERTEX_POINT ( 'NONE', #1108 ) ;
#2442 = AXIS2_PLACEMENT_3D ( 'NONE', #3745, #7246, #1854 ) ;
#2443 = DIRECTION ( 'NONE',  ( -0.000000000000000000, 1.000000000000000000, -3.504141421473150331E-15 ) ) ;
#2444 = EDGE_CURVE ( 'NONE', #3086, #4982, #1271, .T. ) ;
#2445 = LINE ( 'NONE', #712, #1491 ) ;
#2446 = CIRCLE ( 'NONE', #3334, 4.099999999999992539 ) ;
#2447 = LINE ( 'NONE', #5335, #2771 ) ;
#2448 = DIRECTION ( 'NONE',  ( -0.000000000000000000, -1.000000000000000000, -0.000000000000000000 ) ) ;
#2449 = CARTESIAN_POINT ( 'NONE',  ( 0.000000000000000000, 34.00000000000010658, 28.99999999999998934 ) ) ;
#2450 = EDGE_LOOP ( 'NONE', ( #5521, #1500, #1833, #5806 ) ) ;
#2451 = DIRECTION ( 'NONE',  ( 0.000000000000000000, 4.081702296415999431E-15, 1.000000000000000000 ) ) ;
#2452 = EDGE_LOOP ( 'NONE', ( #161, #7558, #835, #3216 ) ) ;
#2453 = LINE ( 'NONE', #582, #4103 ) ;
#2454 = VERTEX_POINT ( 'NONE', #6497 ) ;
#2455 = AXIS2_PLACEMENT_3D ( 'NONE', #33, #2421, #3535 ) ;
#2456 = EDGE_CURVE ( 'NONE', #3241, #2032, #1017, .T. ) ;
#2457 = ORIENTED_EDGE ( 'NONE', *, *, #614, .T. ) ;
#2458 = FACE_BOUND ( 'NONE', #6797, .T. ) ;
#2459 = ORIENTED_EDGE ( 'NONE', *, *, #6424, .T. ) ;
#2460 = CARTESIAN_POINT ( 'NONE',  ( 299.2928932188134468, -30.00000000000000355, 0.9999999999999922284 ) ) ;
#2461 = ORIENTED_EDGE ( 'NONE', *, *, #5001, .F. ) ;
#2462 = CARTESIAN_POINT ( 'NONE',  ( 174.0000000000000000, -34.00000000000038369, 108.2999999999999829 ) ) ;
#2463 = EDGE_LOOP ( 'NONE', ( #6402, #4871, #2457, #1049 ) ) ;
#2464 = EDGE_CURVE ( 'NONE', #5300, #2813, #7175, .T. ) ;
#2465 = CARTESIAN_POINT ( 'NONE',  ( -243.4350288425439146, -34.00000000000017764, 50.06497115745530380 ) ) ;
#2466 = DIRECTION ( 'NONE',  ( 0.000000000000000000, 0.7071067811865500152, 0.7071067811865451302 ) ) ;
#2467 = VERTEX_POINT ( 'NONE', #5394 ) ;
#2468 = CARTESIAN_POINT ( 'NONE',  ( 284.0000000000000000, -34.00000000000038369, 109.9999999999999858 ) ) ;
#2469 = LINE ( 'NONE', #4839, #1941 ) ;
#2470 = EDGE_CURVE ( 'NONE', #3675, #3754, #2959, .T. ) ;
#2471 = CARTESIAN_POINT ( 'NONE',  ( -174.0000000000000000, -34.00000000000038369, 109.9999999999999858 ) ) ;
#2472 = FACE_OUTER_BOUND ( 'NONE', #7174, .T. ) ;
#2473 = CARTESIAN_POINT ( 'NONE',  ( -262.0000000000000000, -31.55000000000032756, 95.49999999999977263 ) ) ;
#2474 = EDGE_LOOP ( 'NONE', ( #3531, #897, #6269, #5222 ) ) ;
#2475 = LINE ( 'NONE', #4369, #5630 ) ;
#2476 = CYLINDRICAL_SURFACE ( 'NONE', #6273, 1.699999999999993072 ) ;
#2477 = CARTESIAN_POINT ( 'NONE',  ( -244.4999999999999716, 24.00000000000017408, 49.00000000000002132 ) ) ;
#2478 = CARTESIAN_POINT ( 'NONE',  ( 299.1708543776412625, 32.99833421199090822, -2.072733599874589050 ) ) ;
#2479 = CARTESIAN_POINT ( 'NONE',  ( -299.6546163099071123, 29.02441216277705038, -3.999999999999996447 ) ) ;
#2480 = EDGE_LOOP ( 'NONE', ( #2989, #1556 ) ) ;
#2481 = CARTESIAN_POINT ( 'NONE',  ( 197.9999999999999716, -30.00000000000011724, 33.74999999999978684 ) ) ;
#2482 = ORIENTED_EDGE ( 'NONE', *, *, #3002, .T. ) ;
#2483 = DIRECTION ( 'NONE',  ( 0.000000000000000000, 3.083952846180988111E-15, 1.000000000000000000 ) ) ;
#2484 = VERTEX_POINT ( 'NONE', #7719 ) ;
#2485 = AXIS2_PLACEMENT_3D ( 'NONE', #4012, #238, #6916 ) ;
#2486 = ORIENTED_EDGE ( 'NONE', *, *, #474, .T. ) ;
#2487 = EDGE_CURVE ( 'NONE', #6436, #327, #400, .T. ) ;
#2488 = CARTESIAN_POINT ( 'NONE',  ( -299.6544984694978098, 29.02440776823446100, -3.999999999999995559 ) ) ;
#2489 = CARTESIAN_POINT ( 'NONE',  ( 25.00000000000000000, 34.00000000000009948, 26.74999999999998934 ) ) ;
#2490 = VERTEX_POINT ( 'NONE', #6576 ) ;
#2491 = FACE_BOUND ( 'NONE', #3347, .T. ) ;
#2492 = EDGE_CURVE ( 'NONE', #6483, #1867, #6552, .T. ) ;
#2493 = VERTEX_POINT ( 'NONE', #2326 ) ;
#2494 = CARTESIAN_POINT ( 'NONE',  ( -299.0244120195960136, 29.12563319431308884, 0.04040000000000518871 ) ) ;
#2495 = AXIS2_PLACEMENT_3D ( 'NONE', #3321, #4495, #1579 ) ;
#2496 = ORIENTED_EDGE ( 'NONE', *, *, #4570, .T. ) ;
#2497 = VERTEX_POINT ( 'NONE', #483 ) ;
#2498 = CARTESIAN_POINT ( 'NONE',  ( 303.3689319417713364, -29.19526214587564183, -1.518094901854503798 ) ) ;
#2499 = LINE ( 'NONE', #3181, #1802 ) ;
#2500 = ORIENTED_EDGE ( 'NONE', *, *, #312, .T. ) ;
#2501 = CARTESIAN_POINT ( 'NONE',  ( -216.5649711574550906, -34.00000000000017764, 50.06497115745585802 ) ) ;
#2502 = DIRECTION ( 'NONE',  ( 0.000000000000000000, -0.7071067811865497932, -0.7071067811865452413 ) ) ;
#2503 = AXIS2_PLACEMENT_3D ( 'NONE', #1835, #4243, #4280 ) ;
#2504 = LINE ( 'NONE', #3188, #6671 ) ;
#2505 = AXIS2_PLACEMENT_3D ( 'NONE', #723, #7401, #249 ) ;
#2506 = CYLINDRICAL_SURFACE ( 'NONE', #4309, 1.950000000000007283 ) ;
#2507 = FACE_BOUND ( 'NONE', #658, .T. ) ;
#2508 = ORIENTED_EDGE ( 'NONE', *, *, #2420, .F. ) ;
#2509 = EDGE_CURVE ( 'NONE', #1867, #6483, #3282, .T. ) ;
#2510 = CARTESIAN_POINT ( 'NONE',  ( 5.755839955992558669E-16, 34.00000000000029843, 84.29999999999998295 ) ) ;
#2511 = EDGE_CURVE ( 'NONE', #4471, #2484, #7081, .T. ) ;
#2512 = AXIS2_PLACEMENT_3D ( 'NONE', #3600, #2969, #1705 ) ;
#2513 = CARTESIAN_POINT ( 'NONE',  ( 118.9999999999999716, 34.00000000000038369, 109.9999999999999858 ) ) ;
#2514 = DIRECTION ( 'NONE',  ( -0.000000000000000000, 1.000000000000000000, -3.504141421473150331E-15 ) ) ;
#2515 = DIRECTION ( 'NONE',  ( -0.000000000000000000, 1.000000000000000000, -0.000000000000000000 ) ) ;
#2516 = CARTESIAN_POINT ( 'NONE',  ( -303.9999999999999432, 29.26848105603642125, 0.3453836900929618259 ) ) ;
#2517 = AXIS2_PLACEMENT_3D ( 'NONE', #1733, #6534, #4694 ) ;
#2518 = LINE ( 'NONE', #3785, #6833 ) ;
#2519 = VERTEX_POINT ( 'NONE', #1221 ) ;
#2520 = DIRECTION ( 'NONE',  ( -0.000000000000000000, 1.000000000000000000, -3.498359009886561105E-15 ) ) ;
#2521 = ORIENTED_EDGE ( 'NONE', *, *, #2080, .F. ) ;
#2522 = EDGE_CURVE ( 'NONE', #3328, #5006, #2010, .T. ) ;
#2523 = VECTOR ( 'NONE', #2274, 1000.000000000000000 ) ;
#2524 = ORIENTED_EDGE ( 'NONE', *, *, #2666, .T. ) ;
#2525 = FACE_OUTER_BOUND ( 'NONE', #4379, .T. ) ;
#2526 = DIRECTION ( 'NONE',  ( -0.000000000000000000, 1.000000000000000000, -3.504141421473150331E-15 ) ) ;
#2527 = ORIENTED_EDGE ( 'NONE', *, *, #602, .F. ) ;
#2528 = DIRECTION ( 'NONE',  ( -0.000000000000000000, -1.000000000000000000, -0.000000000000000000 ) ) ;
#2529 = ORIENTED_EDGE ( 'NONE', *, *, #856, .T. ) ;
#2530 = VECTOR ( 'NONE', #7376, 1000.000000000000000 ) ;
#2531 = LINE ( 'NONE', #106, #1945 ) ;
#2532 = AXIS2_PLACEMENT_3D ( 'NONE', #5678, #2012, #3720 ) ;
#2533 = VERTEX_POINT ( 'NONE', #7759 ) ;
#2534 = ORIENTED_EDGE ( 'NONE', *, *, #6063, .T. ) ;
#2535 = EDGE_CURVE ( 'NONE', #3391, #2493, #3472, .T. ) ;
#2536 = ORIENTED_EDGE ( 'NONE', *, *, #2914, .T. ) ;
#2537 = AXIS2_PLACEMENT_3D ( 'NONE', #5229, #467, #3452 ) ;
#2538 = CIRCLE ( 'NONE', #6314, 2.249999999999988010 ) ;
#2539 = DIRECTION ( 'NONE',  ( -0.000000000000000000, 1.000000000000000000, -3.504141421473150331E-15 ) ) ;
#2540 = EDGE_CURVE ( 'NONE', #6101, #7053, #2243, .T. ) ;
#2541 = DIRECTION ( 'NONE',  ( 0.000000000000000000, -1.000000000000000000, 3.498359009886561105E-15 ) ) ;
#2542 = EDGE_LOOP ( 'NONE', ( #411, #338, #3068, #5052 ) ) ;
#2543 = CARTESIAN_POINT ( 'NONE',  ( 174.0000000000000000, -34.00000000000038369, 106.8499999999999943 ) ) ;
#2544 = DIRECTION ( 'NONE',  ( 0.000000000000000000, 0.000000000000000000, -1.000000000000000000 ) ) ;
#2545 = CONICAL_SURFACE ( 'NONE', #5959, 4.099999999999992539, 0.7853981633974450594 ) ;
#2546 = CONICAL_SURFACE ( 'NONE', #3933, 4.699999999999981526, 0.7853981633974482790 ) ;
#2547 = EDGE_CURVE ( 'NONE', #6528, #648, #4061, .T. ) ;
#2548 = VECTOR ( 'NONE', #7588, 1000.000000000000114 ) ;
#2549 = VECTOR ( 'NONE', #815, 1000.000000000000000 ) ;
#2550 = FACE_OUTER_BOUND ( 'NONE', #3607, .T. ) ;
#2551 = CARTESIAN_POINT ( 'NONE',  ( 304.0000000000000568, 29.29289321881346098, 0.9999999999999859002 ) ) ;
#2552 = FACE_BOUND ( 'NONE', #5302, .T. ) ;
#2553 = VERTEX_POINT ( 'NONE', #5873 ) ;
#2554 = DIRECTION ( 'NONE',  ( -0.000000000000000000, 1.000000000000000000, -3.498359009886561105E-15 ) ) ;
#2555 = VECTOR ( 'NONE', #3764, 1000.000000000000000 ) ;
#2556 = CARTESIAN_POINT ( 'NONE',  ( 216.5649711574557443, -30.00000000000027001, 76.93502884254469620 ) ) ;
#2557 = EDGE_CURVE ( 'NONE', #4198, #307, #5792, .T. ) ;
#2558 = FACE_OUTER_BOUND ( 'NONE', #7375, .T. ) ;
#2559 = LINE ( 'NONE', #1378, #408 ) ;
#2560 = AXIS2_PLACEMENT_3D ( 'NONE', #6389, #998, #417 ) ;
#2561 = DIRECTION ( 'NONE',  ( -0.000000000000000000, 1.000000000000000000, -3.504141421473150331E-15 ) ) ;
#2562 = CARTESIAN_POINT ( 'NONE',  ( -299.8922269036098101, -29.19526214587565249, 0.4780133412367156831 ) ) ;
#2563 = ORIENTED_EDGE ( 'NONE', *, *, #3976, .T. ) ;
#2564 = DIRECTION ( 'NONE',  ( 0.000000000000000000, 3.083952846180992055E-15, 1.000000000000000000 ) ) ;
#2565 = ORIENTED_EDGE ( 'NONE', *, *, #5645, .F. ) ;
#2566 = AXIS2_PLACEMENT_3D ( 'NONE', #4076, #2338, #4745 ) ;
#2567 = ORIENTED_EDGE ( 'NONE', *, *, #981, .F. ) ;
#2568 = DIRECTION ( 'NONE',  ( 0.000000000000000000, -3.083952846181025582E-15, 1.000000000000000000 ) ) ;
#2570 = EDGE_CURVE ( 'NONE', #7773, #6699, #21, .T. ) ;
#2569 = CYLINDRICAL_SURFACE ( 'NONE', #7300, 1.950000000000007283 ) ;
#2571 = ORIENTED_EDGE ( 'NONE', *, *, #5109, .F. ) ;
#2572 = DIRECTION ( 'NONE',  ( -0.000000000000000000, -1.000000000000000000, -0.000000000000000000 ) ) ;
#2573 = EDGE_LOOP ( 'NONE', ( #5220, #5342, #6046, #1057 ) ) ;
#2574 = AXIS2_PLACEMENT_3D ( 'NONE', #4480, #6871, #5148 ) ;
#2575 = DIRECTION ( 'NONE',  ( 8.659560562354932858E-17, 0.7071067811865451302, -0.7071067811865500152 ) ) ;
#2576 = EDGE_LOOP ( 'NONE', ( #3522, #7371, #2269, #146 ) ) ;
#2577 = EDGE_LOOP ( 'NONE', ( #3916, #6697, #5970, #1624 ) ) ;
#2578 = ORIENTED_EDGE ( 'NONE', *, *, #543, .F. ) ;
#2579 = CARTESIAN_POINT ( 'NONE',  ( -299.1708543776412057, -32.99833421199090822, -2.072733599874577948 ) ) ;
#2580 = CARTESIAN_POINT ( 'NONE',  ( 262.0000000000000000, -34.00000000000033396, 95.49999999999977263 ) ) ;
#2581 = ORIENTED_EDGE ( 'NONE', *, *, #2629, .F. ) ;
#2582 = FACE_OUTER_BOUND ( 'NONE', #4192, .T. ) ;
#2583 = CARTESIAN_POINT ( 'NONE',  ( -174.0000000000000000, 34.00000000000036948, 106.8499999999999943 ) ) ;
#2584 = B_SPLINE_CURVE_WITH_KNOTS ( 'NONE', 3,
 ( #4348, #2488, #2052, #7443, #4461, #6121, #1351, #4421, #1463, #3168 ),
 .UNSPECIFIED., .F., .F.,
 ( 4, 2, 2, 2, 4 ),
 ( 0.000000000000000000, 0.2500000000000000000, 0.5000000000000000000, 0.7500000000000000000, 1.000000000000000000 ),
 .UNSPECIFIED. ) ;
#2585 = CIRCLE ( 'NONE', #1334, 2.249999999999988010 ) ;
#2586 = CARTESIAN_POINT ( 'NONE',  ( -216.5649711574550906, -31.85000000000017550, 52.01497115745586797 ) ) ;
#2587 = CARTESIAN_POINT ( 'NONE',  ( 299.6544984694979803, 29.02440776823446456, -3.999999999999997335 ) ) ;
#2588 = DIRECTION ( 'NONE',  ( 0.000000000000000000, 0.000000000000000000, -1.000000000000000000 ) ) ;
#2589 = ADVANCED_FACE ( 'NONE', ( #5587 ), #3906, .F. ) ;
#2590 = EDGE_LOOP ( 'NONE', ( #5826, #1665, #6432, #7641 ) ) ;
#2591 = FACE_BOUND ( 'NONE', #4265, .T. ) ;
#2592 = FACE_OUTER_BOUND ( 'NONE', #6586, .T. ) ;
#2593 = CARTESIAN_POINT ( 'NONE',  ( 299.1708543776412625, -33.03032088568680535, -2.097315468673614625 ) ) ;
#2594 = CARTESIAN_POINT ( 'NONE',  ( 299.2928932188134468, 34.00000000000000000, 0.9999999999999887867 ) ) ;
#2595 = CARTESIAN_POINT ( 'NONE',  ( -299.9999999999999432, 29.29289321881345742, 1.000000000000000888 ) ) ;
#2596 = LINE ( 'NONE', #4887, #1435 ) ;
#2597 = VERTEX_POINT ( 'NONE', #4994 ) ;
#2598 = CARTESIAN_POINT ( 'NONE',  ( -25.00000000000000000, 34.00000000000022737, 63.69999999999999574 ) ) ;
#2599 = ORIENTED_EDGE ( 'NONE', *, *, #7672, .T. ) ;
#2600 = ORIENTED_EDGE ( 'NONE', *, *, #5704, .F. ) ;
#2601 = DIRECTION ( 'NONE',  ( 0.000000000000000000, -3.504141421473150331E-15, -1.000000000000000000 ) ) ;
#2602 = CIRCLE ( 'NONE', #6256, 2.249999999999974243 ) ;
#2603 = CARTESIAN_POINT ( 'NONE',  ( 2.755455298081538368E-16, 31.55000000000030624, 86.75000000000000000 ) ) ;
#2604 = ORIENTED_EDGE ( 'NONE', *, *, #7083, .F. ) ;
#2605 = DIRECTION ( 'NONE',  ( -0.000000000000000000, 0.000000000000000000, -1.000000000000000000 ) ) ;
#2606 = ORIENTED_EDGE ( 'NONE', *, *, #6754, .F. ) ;
#2607 = CARTESIAN_POINT ( 'NONE',  ( -299.2684811977856043, 30.00000000000000711, 0.8690774982247584379 ) ) ;
#2608 = VERTEX_POINT ( 'NONE', #777 ) ;
#2609 = EDGE_CURVE ( 'NONE', #6196, #2004, #82, .T. ) ;
#2610 = CIRCLE ( 'NONE', #7008, 1.950000000000007283 ) ;
#2611 = ADVANCED_FACE ( 'NONE', ( #1954 ), #6422, .F. ) ;
#2612 = VERTEX_POINT ( 'NONE', #3813 ) ;
#2613 = ORIENTED_EDGE ( 'NONE', *, *, #1471, .T. ) ;
#2614 = CARTESIAN_POINT ( 'NONE',  ( -159.9999999999999716, 34.00000000000016342, 45.49999999999995026 ) ) ;
#2615 = AXIS2_PLACEMENT_3D ( 'NONE', #4071, #4776, #4739 ) ;
#2616 = DIRECTION ( 'NONE',  ( 0.000000000000000000, 4.405646923115700682E-15, 1.000000000000000000 ) ) ;
#2617 = ORIENTED_EDGE ( 'NONE', *, *, #7495, .F. ) ;
#2618 = LINE ( 'NONE', #6829, #2672 ) ;
#2619 = DIRECTION ( 'NONE',  ( -0.000000000000000000, 1.000000000000000000, 3.498359009886561105E-15 ) ) ;
#2620 = ADVANCED_FACE ( 'NONE', ( #7308 ), #1406, .T. ) ;
#2621 = DIRECTION ( 'NONE',  ( 0.000000000000000000, 4.081702296416033352E-15, 1.000000000000000000 ) ) ;
#2622 = CARTESIAN_POINT ( 'NONE',  ( -303.9999999999999432, 29.29289321881345742, -1.124188949980529023E-12 ) ) ;
#2623 = ORIENTED_EDGE ( 'NONE', *, *, #4356, .T. ) ;
#2624 = FACE_BOUND ( 'NONE', #7180, .T. ) ;
#2625 = AXIS2_PLACEMENT_3D ( 'NONE', #6713, #6129, #732 ) ;
#2626 = VERTEX_POINT ( 'NONE', #7266 ) ;
#2627 = CARTESIAN_POINT ( 'NONE',  ( -299.1708543776412057, 32.99833421199090111, -2.072733599874581056 ) ) ;
#2628 = CIRCLE ( 'NONE', #1998, 3.149999999999986144 ) ;
#2629 = EDGE_CURVE ( 'NONE', #5582, #4790, #4365, .T. ) ;
#2630 = CARTESIAN_POINT ( 'NONE',  ( -25.00000000000000000, 34.00000000000021316, 58.99999999999999289 ) ) ;
#2631 = CARTESIAN_POINT ( 'NONE',  ( 300.0000000000000568, 30.00000000000042277, 120.0000000000000000 ) ) ;
#2632 = DIRECTION ( 'NONE',  ( -0.000000000000000000, 1.000000000000000000, -3.498359009886561105E-15 ) ) ;
#2633 = LINE ( 'NONE', #6996, #7091 ) ;
#2634 = ORIENTED_EDGE ( 'NONE', *, *, #4371, .T. ) ;
#2635 = CARTESIAN_POINT ( 'NONE',  ( 5.755839955992555710E-16, 34.00000000000019895, 54.29999999999999005 ) ) ;
#2636 = AXIS2_PLACEMENT_3D ( 'NONE', #90, #713, #6652 ) ;
#2637 = ORIENTED_EDGE ( 'NONE', *, *, #1265, .F. ) ;
#2638 = CARTESIAN_POINT ( 'NONE',  ( -262.0000000000000000, -34.00000000000011369, 26.79999999999980176 ) ) ;
#2639 = ORIENTED_EDGE ( 'NONE', *, *, #6414, .T. ) ;
#2640 = VECTOR ( 'NONE', #117, 1000.000000000000000 ) ;
#2641 = CARTESIAN_POINT ( 'NONE',  ( -197.9999999999999716, -31.55000000000032756, 95.49999999999977263 ) ) ;
#2642 = CARTESIAN_POINT ( 'NONE',  ( 0.000000000000000000, 34.00000000000031264, 88.99999999999998579 ) ) ;
#2643 = ORIENTED_EDGE ( 'NONE', *, *, #826, .F. ) ;
#2644 = FACE_BOUND ( 'NONE', #537, .T. ) ;
#2645 = ORIENTED_EDGE ( 'NONE', *, *, #7768, .F. ) ;
#2646 = CARTESIAN_POINT ( 'NONE',  ( -299.0976310729378156, 31.51809490185449647, -3.368931941771286631 ) ) ;
#2647 = ORIENTED_EDGE ( 'NONE', *, *, #5624, .F. ) ;
#2648 = VERTEX_POINT ( 'NONE', #2586 ) ;
#2649 = EDGE_LOOP ( 'NONE', ( #5702, #340 ) ) ;
#2650 = DIRECTION ( 'NONE',  ( 0.000000000000000000, 3.469446951953615767E-15, 1.000000000000000000 ) ) ;
#2651 = EDGE_CURVE ( 'NONE', #950, #3637, #6056, .T. ) ;
#2652 = ORIENTED_EDGE ( 'NONE', *, *, #3300, .T. ) ;
#2653 = CONICAL_SURFACE ( 'NONE', #4048, 3.149999999999986144, 0.7853981633974507215 ) ;
#2654 = DIRECTION ( 'NONE',  ( 0.000000000000000000, -1.000000000000000000, -3.512815038853031211E-15 ) ) ;
#2655 = ORIENTED_EDGE ( 'NONE', *, *, #1454, .F. ) ;
#2656 = CARTESIAN_POINT ( 'NONE',  ( 299.2928932188134468, 34.00000000000000000, 0.9999999999999626965 ) ) ;
#2657 = EDGE_CURVE ( 'NONE', #6196, #7423, #6213, .T. ) ;
#2658 = CARTESIAN_POINT ( 'NONE',  ( 183.4999999999999432, 24.00000000000027001, 77.99999999999987210 ) ) ;
#2659 = CIRCLE ( 'NONE', #6932, 2.250000000000001776 ) ;
#2660 = VECTOR ( 'NONE', #3005, 1000.000000000000000 ) ;
#2661 = CARTESIAN_POINT ( 'NONE',  ( -63.99999999999997158, -34.00000000000038369, 113.1499999999999915 ) ) ;
#2662 = CARTESIAN_POINT ( 'NONE',  ( -25.00000000000000000, -31.55000000000010019, 31.24999999999974420 ) ) ;
#2663 = ORIENTED_EDGE ( 'NONE', *, *, #3252, .F. ) ;
#2664 = CARTESIAN_POINT ( 'NONE',  ( 300.0000000000000568, -29.29289321881345387, 0.000000000000000000 ) ) ;
#2665 = CIRCLE ( 'NONE', #7569, 1.699999999999979305 ) ;
#2666 = EDGE_CURVE ( 'NONE', #5224, #1759, #6174, .T. ) ;
#2667 = CIRCLE ( 'NONE', #1539, 2.249999999999988010 ) ;
#2668 = VERTEX_POINT ( 'NONE', #707 ) ;
#2669 = EDGE_CURVE ( 'NONE', #7723, #245, #2504, .T. ) ;
#2670 = LINE ( 'NONE', #5783, #3744 ) ;
#2671 = VECTOR ( 'NONE', #3026, 1000.000000000000000 ) ;
#2672 = VECTOR ( 'NONE', #4437, 1000.000000000000114 ) ;
#2673 = CARTESIAN_POINT ( 'NONE',  ( 299.2928932188134468, -29.95960000000000178, 0.9999999999999806821 ) ) ;
#2674 = EDGE_CURVE ( 'NONE', #4436, #2422, #1991, .T. ) ;
#2675 = CYLINDRICAL_SURFACE ( 'NONE', #2789, 1.950000000000007283 ) ;
#2676 = DIRECTION ( 'NONE',  ( 0.000000000000000000, 0.7071067811865483499, 0.7071067811865467956 ) ) ;
#2677 = LINE ( 'NONE', #1106, #1072 ) ;
#2678 = ORIENTED_EDGE ( 'NONE', *, *, #6984, .T. ) ;
#2679 = CARTESIAN_POINT ( 'NONE',  ( -299.9999999999999432, -29.29289321881345742, 1.000000000000000888 ) ) ;
#2680 = CARTESIAN_POINT ( 'NONE',  ( 0.000000000000000000, 34.00000000000031264, 88.99999999999998579 ) ) ;
#2681 = EDGE_CURVE ( 'NONE', #979, #2929, #890, .T. ) ;
#2682 = DIRECTION ( 'NONE',  ( -0.000000000000000000, 1.000000000000000000, -3.504141421473150331E-15 ) ) ;
#2683 = VERTEX_POINT ( 'NONE', #5429 ) ;
#2684 = AXIS2_PLACEMENT_3D ( 'NONE', #6667, #2572, #6198 ) ;
#2685 = CARTESIAN_POINT ( 'NONE',  ( 118.9999999999999716, -34.00000000000038369, 109.9999999999999858 ) ) ;
#2686 = DIRECTION ( 'NONE',  ( -0.000000000000000000, -1.000000000000000000, -0.000000000000000000 ) ) ;
#2687 = VERTEX_POINT ( 'NONE', #740 ) ;
#2688 = DIRECTION ( 'NONE',  ( -0.000000000000000000, 1.000000000000000000, -3.504141421473150331E-15 ) ) ;
#2689 = EDGE_LOOP ( 'NONE', ( #6893, #3737, #7694, #273 ) ) ;
#2690 = CARTESIAN_POINT ( 'NONE',  ( -159.9999999999999716, 34.00000000000013500, 38.49999999999999289 ) ) ;
#2691 = EDGE_CURVE ( 'NONE', #6655, #6774, #6720, .T. ) ;
#2692 = ORIENTED_EDGE ( 'NONE', *, *, #5564, .F. ) ;
#2693 = AXIS2_PLACEMENT_3D ( 'NONE', #7668, #4605, #6493 ) ;
#2694 = CARTESIAN_POINT ( 'NONE',  ( 299.0488155364689646, -30.30873942179638547, -3.869863383341589635 ) ) ;
#2695 = CARTESIAN_POINT ( 'NONE',  ( -299.1708543776412057, -32.99833421199090822, -2.072733599874576171 ) ) ;
#2696 = CONICAL_SURFACE ( 'NONE', #319, 4.700000000000002842, 0.7853981633974482790 ) ;
#2697 = ORIENTED_EDGE ( 'NONE', *, *, #241, .F. ) ;
#2698 = DIRECTION ( 'NONE',  ( -1.000000000000000000, 0.000000000000000000, 3.491481338843133355E-15 ) ) ;
#2699 = EDGE_LOOP ( 'NONE', ( #7409, #1441, #6177, #4470 ) ) ;
#2700 = CARTESIAN_POINT ( 'NONE',  ( 299.1952621458756880, 29.87378638835425804, 0.4963810196291011390 ) ) ;
#2701 = CARTESIAN_POINT ( 'NONE',  ( 63.99999999999997158, 34.00000000000038369, 109.9999999999999858 ) ) ;
#2702 = AXIS2_PLACEMENT_3D ( 'NONE', #1865, #2314, #7109 ) ;
#2703 = EDGE_CURVE ( 'NONE', #130, #6748, #4288, .T. ) ;
#2704 = DIRECTION ( 'NONE',  ( -0.000000000000000000, 1.000000000000000000, -3.504141421473150331E-15 ) ) ;
#2705 = LINE ( 'NONE', #853, #1044 ) ;
#2706 = ORIENTED_EDGE ( 'NONE', *, *, #991, .F. ) ;
#2707 = LINE ( 'NONE', #1485, #1416 ) ;
#2708 = ORIENTED_EDGE ( 'NONE', *, *, #2835, .T. ) ;
#2709 = FACE_BOUND ( 'NONE', #436, .T. ) ;
#2710 = EDGE_CURVE ( 'NONE', #6158, #648, #3734, .T. ) ;
#2711 = EDGE_CURVE ( 'NONE', #7579, #4222, #6294, .T. ) ;
#2712 = CARTESIAN_POINT ( 'NONE',  ( 299.1220388411722979, -32.07273359987454597, -2.998334211990928644 ) ) ;
#2713 = DIRECTION ( 'NONE',  ( 0.000000000000000000, 0.000000000000000000, -1.000000000000000000 ) ) ;
#2714 = DIRECTION ( 'NONE',  ( 0.000000000000000000, -3.504141421473150331E-15, -1.000000000000000000 ) ) ;
#2715 = ORIENTED_EDGE ( 'NONE', *, *, #3453, .T. ) ;
#2716 = ADVANCED_FACE ( 'NONE', ( #2550 ), #4954, .F. ) ;
#2717 = CARTESIAN_POINT ( 'NONE',  ( -174.0000000000000000, 32.55000000000038085, 109.9999999999999858 ) ) ;
#2718 = CARTESIAN_POINT ( 'NONE',  ( 5.755839955992558669E-16, 34.00000000000009237, 24.29999999999999005 ) ) ;
#2719 = DIRECTION ( 'NONE',  ( 0.000000000000000000, 0.000000000000000000, -1.000000000000000000 ) ) ;
#2720 = EDGE_LOOP ( 'NONE', ( #3794, #4420, #7442, #5369 ) ) ;
#2721 = CARTESIAN_POINT ( 'NONE',  ( -216.5649711574550906, -34.00000000000017764, 50.06497115745585802 ) ) ;
#2722 = CARTESIAN_POINT ( 'NONE',  ( 0.000000000000000000, 34.00000000000010658, 28.99999999999998934 ) ) ;
#2723 = EDGE_LOOP ( 'NONE', ( #2729, #5488, #4967, #2015 ) ) ;
#2724 = CYLINDRICAL_SURFACE ( 'NONE', #4953, 2.249999999999998668 ) ;
#2725 = ORIENTED_EDGE ( 'NONE', *, *, #891, .T. ) ;
#2726 = CARTESIAN_POINT ( 'NONE',  ( 262.0000000000000000, -34.00000000000011369, 31.49999999999978684 ) ) ;
#2727 = EDGE_LOOP ( 'NONE', ( #6305, #5726 ) ) ;
#2728 = EDGE_CURVE ( 'NONE', #7566, #4010, #3540, .T. ) ;
#2729 = ORIENTED_EDGE ( 'NONE', *, *, #4971, .F. ) ;
#2730 = CARTESIAN_POINT ( 'NONE',  ( 0.000000000000000000, 31.55000000000021032, 59.00000000000000000 ) ) ;
#2731 = EDGE_CURVE ( 'NONE', #7566, #4107, #1564, .T. ) ;
#2732 = CARTESIAN_POINT ( 'NONE',  ( -299.1220388411722411, -32.09731546867357110, -3.030320885686832444 ) ) ;
#2733 = VERTEX_POINT ( 'NONE', #4005 ) ;
#2734 = DIRECTION ( 'NONE',  ( 0.000000000000000000, 0.000000000000000000, -1.000000000000000000 ) ) ;
#2735 = VERTEX_POINT ( 'NONE', #3262 ) ;
#2736 = CARTESIAN_POINT ( 'NONE',  ( 299.1220388411723548, 32.09731546867355689, -3.030320885686832888 ) ) ;
#2737 = CARTESIAN_POINT ( 'NONE',  ( 299.5219866587632396, 29.09763107293781914, 0.1077730963901894212 ) ) ;
#2738 = CONICAL_SURFACE ( 'NONE', #6642, 3.149999999999999911, 0.7853981633974507215 ) ;
#2739 = DIRECTION ( 'NONE',  ( -0.000000000000000000, -1.000000000000000000, -0.000000000000000000 ) ) ;
#2740 = CONICAL_SURFACE ( 'NONE', #7009, 4.099999999999992539, 0.7853981633974450594 ) ;
#2741 = DIRECTION ( 'NONE',  ( -0.000000000000000000, 1.000000000000000000, -3.498359009886561105E-15 ) ) ;
#2742 = CARTESIAN_POINT ( 'NONE',  ( 25.00000000000000000, -34.00000000000031264, 88.99999999999972999 ) ) ;
#2743 = ORIENTED_EDGE ( 'NONE', *, *, #614, .F. ) ;
#2744 = DIRECTION ( 'NONE',  ( -0.000000000000000000, 1.000000000000000000, 3.498359009886561105E-15 ) ) ;
#2745 = DESIGN_CONTEXT ( 'detailed design', #6832, 'design' ) ;
#2746 = ORIENTED_EDGE ( 'NONE', *, *, #2307, .F. ) ;
#2747 = DIRECTION ( 'NONE',  ( -0.000000000000000000, -3.349810850162163119E-15, -1.000000000000000000 ) ) ;
#2748 = CARTESIAN_POINT ( 'NONE',  ( 299.0000000000000568, -28.99999999999999645, -4.000000000000008882 ) ) ;
#2749 = CIRCLE ( 'NONE', #4775, 32.00000000000005684 ) ;
#2750 = DIRECTION ( 'NONE',  ( -0.000000000000000000, -1.000000000000000000, -0.000000000000000000 ) ) ;
#2751 = ADVANCED_FACE ( 'NONE', ( #1482 ), #3160, .F. ) ;
#2752 = CARTESIAN_POINT ( 'NONE',  ( 299.9346241805309887, 29.24407768234455318, 0.7488267301688306121 ) ) ;
#2753 = EDGE_LOOP ( 'NONE', ( #7096, #4355, #6509, #1904 ) ) ;
#2754 = EDGE_CURVE ( 'NONE', #5475, #2889, #4443, .T. ) ;
#2755 =( LENGTH_UNIT ( ) NAMED_UNIT ( * ) SI_UNIT ( .MILLI., .METRE. ) );
#2756 = DIRECTION ( 'NONE',  ( -0.000000000000000000, -1.000000000000000000, -0.000000000000000000 ) ) ;
#2757 = CARTESIAN_POINT ( 'NONE',  ( -243.4350288425443978, -34.00000000000027001, 76.93502884254417040 ) ) ;
#2758 = ORIENTED_EDGE ( 'NONE', *, *, #5255, .F. ) ;
#2759 = CARTESIAN_POINT ( 'NONE',  ( -25.00000000000000000, -34.00000000000031264, 88.99999999999972999 ) ) ;
#2760 = DIRECTION ( 'NONE',  ( -0.000000000000000000, 1.000000000000000000, -3.498359009886561105E-15 ) ) ;
#2761 = VECTOR ( 'NONE', #989, 1000.000000000000000 ) ;
#2762 = ORIENTED_EDGE ( 'NONE', *, *, #2609, .T. ) ;
#2763 = CIRCLE ( 'NONE', #755, 3.149999999999999911 ) ;
#2764 = FACE_OUTER_BOUND ( 'NONE', #6747, .T. ) ;
#2765 = EDGE_CURVE ( 'NONE', #6945, #1320, #3344, .T. ) ;
#2766 = VERTEX_POINT ( 'NONE', #5699 ) ;
#2767 = ADVANCED_FACE ( 'NONE', ( #5030 ), #7421, .F. ) ;
#2768 = DIRECTION ( 'NONE',  ( 0.000000000000000000, 3.965082230804150336E-15, 1.000000000000000000 ) ) ;
#2769 = ORIENTED_EDGE ( 'NONE', *, *, #706, .F. ) ;
#2770 = EDGE_CURVE ( 'NONE', #6393, #7539, #7587, .T. ) ;
#2771 = VECTOR ( 'NONE', #608, 1000.000000000000114 ) ;
#2772 = ORIENTED_EDGE ( 'NONE', *, *, #4952, .F. ) ;
#2773 = DIRECTION ( 'NONE',  ( -0.000000000000000000, 1.000000000000000000, -3.504141421473150331E-15 ) ) ;
#2774 = CARTESIAN_POINT ( 'NONE',  ( -298.9999999999999432, -28.99999999999999645, -4.040000000000008917 ) ) ;
#2775 = VERTEX_POINT ( 'NONE', #4600 ) ;
#2776 = CARTESIAN_POINT ( 'NONE',  ( -118.9999999999999716, 32.55000000000038796, 111.6999999999999744 ) ) ;
#2777 = ORIENTED_EDGE ( 'NONE', *, *, #4199, .F. ) ;
#2778 = CARTESIAN_POINT ( 'NONE',  ( 299.0976310729378724, 31.51809490185448226, -3.368931941771294625 ) ) ;
#2779 = DIRECTION ( 'NONE',  ( 0.000000000000000000, 0.000000000000000000, -1.000000000000000000 ) ) ;
#2780 = VECTOR ( 'NONE', #6795, 1000.000000000000000 ) ;
#2781 = CIRCLE ( 'NONE', #7183, 1.699999999999993072 ) ;
#2783 = CARTESIAN_POINT ( 'NONE',  ( 262.0000000000000000, -34.00000000000033396, 100.1999999999997613 ) ) ;
#2782 = CONICAL_SURFACE ( 'NONE', #405, 3.149999999999986144, 0.7853981633974411736 ) ;
#2784 = DIRECTION ( 'NONE',  ( 0.000000000000000000, 0.000000000000000000, -1.000000000000000000 ) ) ;
#2785 = FACE_OUTER_BOUND ( 'NONE', #1098, .T. ) ;
#2786 = ORIENTED_EDGE ( 'NONE', *, *, #4651, .T. ) ;
#2787 = DIRECTION ( 'NONE',  ( -0.000000000000000000, -1.000000000000000000, -0.000000000000000000 ) ) ;
#2788 = EDGE_LOOP ( 'NONE', ( #5625, #3281, #686, #4307 ) ) ;
#2789 = AXIS2_PLACEMENT_3D ( 'NONE', #5597, #4412, #6919 ) ;
#2790 = AXIS2_PLACEMENT_3D ( 'NONE', #1663, #5883, #3442 ) ;
#2791 = EDGE_CURVE ( 'NONE', #3583, #6117, #6561, .T. ) ;
#2792 = CARTESIAN_POINT ( 'NONE',  ( 140.0000000000000000, 34.00000000000011369, 31.49999999999999289 ) ) ;
#2793 = CONICAL_SURFACE ( 'NONE', #4562, 4.699999999999999289, 0.7853981633974482790 ) ;
#2794 = CONICAL_SURFACE ( 'NONE', #3926, 3.149999999999986144, 0.7853981633974411736 ) ;
#2795 = CARTESIAN_POINT ( 'NONE',  ( 300.0000000000000568, 0.000000000000000000, -1.110223024625156742E-12 ) ) ;
#2796 = CARTESIAN_POINT ( 'NONE',  ( -299.9595999999999094, -29.26848119921735858, 0.8743668056868865168 ) ) ;
#2797 = CARTESIAN_POINT ( 'NONE',  ( 243.4350288425439146, -30.00000000000017764, 52.01497115745531374 ) ) ;
#2798 = VERTEX_POINT ( 'NONE', #5620 ) ;
#2799 = DIRECTION ( 'NONE',  ( 0.000000000000000000, 4.405646923115719615E-15, 1.000000000000000000 ) ) ;
#2800 = DIRECTION ( 'NONE',  ( 0.000000000000000000, 0.000000000000000000, -1.000000000000000000 ) ) ;
#2801 = CIRCLE ( 'NONE', #422, 4.700000000000009948 ) ;
#2802 = AXIS2_PLACEMENT_3D ( 'NONE', #6994, #3348, #6410 ) ;
#2803 = EDGE_CURVE ( 'NONE', #468, #3135, #1396, .T. ) ;
#2804 = CARTESIAN_POINT ( 'NONE',  ( -25.00000000000000000, -34.00000000000010658, 28.99999999999975486 ) ) ;
#2805 = VERTEX_POINT ( 'NONE', #6834 ) ;
#2806 = DIRECTION ( 'NONE',  ( 0.000000000000000000, 0.000000000000000000, -1.000000000000000000 ) ) ;
#2807 = CIRCLE ( 'NONE', #7206, 2.250000000000001776 ) ;
#2808 = DIRECTION ( 'NONE',  ( 3.700743415417188731E-15, 0.000000000000000000, 1.000000000000000000 ) ) ;
#2809 = EDGE_LOOP ( 'NONE', ( #6751, #1096, #5137, #7140 ) ) ;
#2810 = CARTESIAN_POINT ( 'NONE',  ( -299.1952621458756312, 29.89222690360981716, 0.4780133412367204016 ) ) ;
#2811 = ORIENTED_EDGE ( 'NONE', *, *, #2357, .F. ) ;
#2812 = LINE ( 'NONE', #1046, #1834 ) ;
#2813 = VERTEX_POINT ( 'NONE', #2152 ) ;
#2814 = VECTOR ( 'NONE', #4464, 1000.000000000000114 ) ;
#2815 = VERTEX_POINT ( 'NONE', #3380 ) ;
#2816 = EDGE_CURVE ( 'NONE', #6274, #6308, #531, .T. ) ;
#2817 = CARTESIAN_POINT ( 'NONE',  ( 284.0000000000000000, -30.00000000000038369, 109.9999999999999858 ) ) ;
#2818 = CARTESIAN_POINT ( 'NONE',  ( 1.578598363138896349E-14, 30.00000000000016342, 45.49999999999997868 ) ) ;
#2819 = ORIENTED_EDGE ( 'NONE', *, *, #4469, .F. ) ;
#2820 = DIRECTION ( 'NONE',  ( 0.000000000000000000, 1.000000000000000000, -0.000000000000000000 ) ) ;
#2821 = ORIENTED_EDGE ( 'NONE', *, *, #5237, .T. ) ;
#2822 = CARTESIAN_POINT ( 'NONE',  ( 299.2684811992173763, 29.95960000000000534, 0.8743668056868864058 ) ) ;
#2823 = AXIS2_PLACEMENT_3D ( 'NONE', #2135, #1625, #6975 ) ;
#2824 = DIRECTION ( 'NONE',  ( 0.000000000000000000, 3.469446951953614189E-15, 1.000000000000000000 ) ) ;
#2825 = AXIS2_PLACEMENT_3D ( 'NONE', #7279, #1380, #1928 ) ;
#2826 = DIRECTION ( 'NONE',  ( -0.000000000000000000, -1.000000000000000000, -0.000000000000000000 ) ) ;
#2827 = CARTESIAN_POINT ( 'NONE',  ( -25.00000000000000000, 34.00000000000009237, 24.29999999999999005 ) ) ;
#2828 = DIRECTION ( 'NONE',  ( 0.000000000000000000, 0.000000000000000000, -1.000000000000000000 ) ) ;
#2829 = EDGE_LOOP ( 'NONE', ( #4669, #806 ) ) ;
#2830 = LINE ( 'NONE', #5662, #5687 ) ;
#2831 = CARTESIAN_POINT ( 'NONE',  ( 216.5649711574557443, -34.00000000000027001, 76.93502884254469620 ) ) ;
#2832 = EDGE_LOOP ( 'NONE', ( #1524, #7739, #768, #1261 ) ) ;
#2833 = CONICAL_SURFACE ( 'NONE', #695, 4.099999999999992539, 0.7853981633974450594 ) ;
#2834 = DIRECTION ( 'NONE',  ( 0.000000000000000000, -1.000000000000000000, 3.498359009886561105E-15 ) ) ;
#2835 = EDGE_CURVE ( 'NONE', #2497, #841, #2781, .T. ) ;
#2836 = CONICAL_SURFACE ( 'NONE', #946, 4.700000000000002842, 0.7853981633974482790 ) ;
#2837 = DIRECTION ( 'NONE',  ( 3.700743415417188731E-15, 0.000000000000000000, 1.000000000000000000 ) ) ;
#2838 = DIRECTION ( 'NONE',  ( 8.659560562354940254E-17, -0.7071067811865470176, 0.7071067811865481278 ) ) ;
#2839 = ADVANCED_FACE ( 'NONE', ( #975 ), #3854, .F. ) ;
#2840 = DIRECTION ( 'NONE',  ( -0.000000000000000000, 1.000000000000000000, -3.504141421473150331E-15 ) ) ;
#2841 = ORIENTED_EDGE ( 'NONE', *, *, #5665, .F. ) ;
#2842 = DIRECTION ( 'NONE',  ( 0.000000000000000000, -0.000000000000000000, -1.000000000000000000 ) ) ;
#2843 = DIRECTION ( 'NONE',  ( 1.000000000000000000, -0.000000000000000000, -0.000000000000000000 ) ) ;
#2844 = AXIS2_PLACEMENT_3D ( 'NONE', #4416, #5007, #2483 ) ;
#2845 = LINE ( 'NONE', #6464, #4003 ) ;
#2846 = ORIENTED_EDGE ( 'NONE', *, *, #5497, .F. ) ;
#2847 = LINE ( 'NONE', #1581, #253 ) ;
#2848 = CARTESIAN_POINT ( 'NONE',  ( 284.0000000000000000, 32.55000000000037375, 108.3000000000000114 ) ) ;
#2849 = ORIENTED_EDGE ( 'NONE', *, *, #2087, .T. ) ;
#2850 = DIRECTION ( 'NONE',  ( 8.659560562354904508E-17, -0.7071067811865497932, 0.7071067811865452413 ) ) ;
#2851 = ORIENTED_EDGE ( 'NONE', *, *, #2087, .F. ) ;
#2852 = DIRECTION ( 'NONE',  ( -0.000000000000000000, 1.000000000000000000, 3.498359009886561105E-15 ) ) ;
#2853 = VERTEX_POINT ( 'NONE', #7466 ) ;
#2854 = ORIENTED_EDGE ( 'NONE', *, *, #4296, .T. ) ;
#2855 = CARTESIAN_POINT ( 'NONE',  ( 63.99999999999997158, 30.00000000000038725, 110.0000000000000000 ) ) ;
#2856 = CARTESIAN_POINT ( 'NONE',  ( -25.00000000000000000, 34.00000000000012079, 33.69999999999999574 ) ) ;
#2857 = EDGE_LOOP ( 'NONE', ( #5754, #5844 ) ) ;
#2858 = LINE ( 'NONE', #5934, #2181 ) ;
#2859 = VERTEX_POINT ( 'NONE', #7545 ) ;
#2860 = DIRECTION ( 'NONE',  ( 1.000000000000000000, 0.000000000000000000, 0.000000000000000000 ) ) ;
#2861 = ADVANCED_FACE ( 'NONE', ( #2074 ), #6873, .F. ) ;
#2862 = FACE_OUTER_BOUND ( 'NONE', #3120, .T. ) ;
#2863 = PRODUCT_DEFINITION ( '�', '', #6783, #2745 ) ;
#2864 = CARTESIAN_POINT ( 'NONE',  ( 262.0000000000000000, -30.00000000000032330, 93.24999999999980105 ) ) ;
#2865 = DIRECTION ( 'NONE',  ( -0.000000000000000000, -1.000000000000000000, -0.000000000000000000 ) ) ;
#2866 = DIRECTION ( 'NONE',  ( 8.659560562354955045E-17, 0.7071067811865434649, -0.7071067811865516806 ) ) ;
#2867 = ORIENTED_EDGE ( 'NONE', *, *, #1250, .F. ) ;
#2868 = CARTESIAN_POINT ( 'NONE',  ( 118.9999999999999716, -34.00000000000038369, 109.9999999999999858 ) ) ;
#2869 = CARTESIAN_POINT ( 'NONE',  ( 160.0000000000000284, 34.00000000000016342, 45.49999999999990763 ) ) ;
#2870 = EDGE_CURVE ( 'NONE', #3675, #5892, #149, .T. ) ;
#2871 = CARTESIAN_POINT ( 'NONE',  ( 118.9999999999999716, -34.00000000000038369, 108.2999999999999972 ) ) ;
#2872 = EDGE_CURVE ( 'NONE', #6483, #4010, #4558, .T. ) ;
#2873 = AXIS2_PLACEMENT_3D ( 'NONE', #6219, #825, #6142 ) ;
#2874 = CARTESIAN_POINT ( 'NONE',  ( 25.00000000000000000, 34.00000000000021316, 58.99999999999999289 ) ) ;
#2875 = FACE_OUTER_BOUND ( 'NONE', #3909, .T. ) ;
#2876 = FACE_OUTER_BOUND ( 'NONE', #7677, .T. ) ;
#2877 = ORIENTED_EDGE ( 'NONE', *, *, #2444, .F. ) ;
#2878 = COORDINATED_UNIVERSAL_TIME_OFFSET ( 8, 0, .AHEAD. ) ;
#2879 = FACE_OUTER_BOUND ( 'NONE', #604, .T. ) ;
#2880 = B_SPLINE_CURVE_WITH_KNOTS ( 'NONE', 3,
 ( #1907, #3763, #3180, #812, #3218, #2579, #4321, #225, #4434, #846 ),
 .UNSPECIFIED., .F., .F.,
 ( 4, 2, 2, 2, 4 ),
 ( 0.000000000000000000, 0.2500000000000009437, 0.5000000000000006661, 0.7500000000000003331, 1.000000000000000000 ),
 .UNSPECIFIED. ) ;
#2881 = EDGE_CURVE ( 'NONE', #4501, #4820, #4895, .T. ) ;
#2882 = VECTOR ( 'NONE', #6802, 1000.000000000000114 ) ;
#2883 = DIRECTION ( 'NONE',  ( 0.000000000000000000, -4.081702296416066484E-15, 1.000000000000000000 ) ) ;
#2884 = ORIENTED_EDGE ( 'NONE', *, *, #6053, .T. ) ;
#2885 = CARTESIAN_POINT ( 'NONE',  ( 299.2440776823445390, -29.99999999999999645, 0.7382006122008322180 ) ) ;
#2886 = DIRECTION ( 'NONE',  ( 0.000000000000000000, 0.000000000000000000, -1.000000000000000000 ) ) ;
#2887 = ORIENTED_EDGE ( 'NONE', *, *, #1179, .F. ) ;
#2888 = LINE ( 'NONE', #7213, #2958 ) ;
#2889 = VERTEX_POINT ( 'NONE', #3463 ) ;
#2890 = CARTESIAN_POINT ( 'NONE',  ( 300.3192093371707756, -29.04881553646890779, -3.908822290408314970 ) ) ;
#2891 = AXIS2_PLACEMENT_3D ( 'NONE', #7019, #2141, #6359 ) ;
#2892 = ORIENTED_EDGE ( 'NONE', *, *, #7273, .F. ) ;
#2893 = EDGE_CURVE ( 'NONE', #3754, #228, #5041, .T. ) ;
#2894 = VERTEX_POINT ( 'NONE', #6407 ) ;
#2895 = CIRCLE ( 'NONE', #5167, 1.950000000000007283 ) ;
#2896 = FACE_BOUND ( 'NONE', #4719, .T. ) ;
#2897 = DIRECTION ( 'NONE',  ( 0.000000000000000000, 0.000000000000000000, -1.000000000000000000 ) ) ;
#2898 = ORIENTED_EDGE ( 'NONE', *, *, #1615, .T. ) ;
#2899 = DIRECTION ( 'NONE',  ( -0.000000000000000000, 1.000000000000000000, -3.498359009886561105E-15 ) ) ;
#2900 = ORIENTED_EDGE ( 'NONE', *, *, #2765, .F. ) ;
#2901 = FACE_OUTER_BOUND ( 'NONE', #5760, .T. ) ;
#2902 = CYLINDRICAL_SURFACE ( 'NONE', #6606, 32.00000000000000000 ) ;
#2903 = VECTOR ( 'NONE', #280, 1000.000000000000000 ) ;
#2904 = EDGE_CURVE ( 'NONE', #5740, #3730, #1649, .T. ) ;
#2905 = DIRECTION ( 'NONE',  ( 0.000000000000000000, 0.000000000000000000, -1.000000000000000000 ) ) ;
#2906 = CARTESIAN_POINT ( 'NONE',  ( -302.0727335998744252, -29.12203884117227659, -2.998334211990911324 ) ) ;
#2907 = AXIS2_PLACEMENT_3D ( 'NONE', #6643, #671, #156 ) ;
#2908 = CARTESIAN_POINT ( 'NONE',  ( -262.0000000000000000, -34.00000000000033396, 97.74999999999975842 ) ) ;
#2909 = ORIENTED_EDGE ( 'NONE', *, *, #1481, .F. ) ;
#2910 = CARTESIAN_POINT ( 'NONE',  ( -63.99999999999997158, -32.55000000000038085, 109.9999999999999858 ) ) ;
#2911 = CARTESIAN_POINT ( 'NONE',  ( 284.0000000000000000, 34.00000000000038369, 109.9999999999999858 ) ) ;
#2912 = FACE_OUTER_BOUND ( 'NONE', #2809, .T. ) ;
#2913 = AXIS2_PLACEMENT_3D ( 'NONE', #3500, #3581, #4169 ) ;
#2914 = EDGE_CURVE ( 'NONE', #5108, #4831, #6427, .T. ) ;
#2915 = CARTESIAN_POINT ( 'NONE',  ( -63.99999999999997158, 34.00000000000039080, 111.6999999999999886 ) ) ;
#2916 = FACE_OUTER_BOUND ( 'NONE', #6012, .T. ) ;
#2917 = CYLINDRICAL_SURFACE ( 'NONE', #781, 2.249999999999998668 ) ;
#2918 = AXIS2_PLACEMENT_3D ( 'NONE', #1910, #5465, #3731 ) ;
#2919 = AXIS2_PLACEMENT_3D ( 'NONE', #6307, #3325, #6973 ) ;
#2920 = ORIENTED_EDGE ( 'NONE', *, *, #5875, .T. ) ;
#2921 = COORDINATED_UNIVERSAL_TIME_OFFSET ( 8, 0, .AHEAD. ) ;
#2922 = PLANE ( 'NONE',  #231 ) ;
#2923 = AXIS2_PLACEMENT_3D ( 'NONE', #1492, #3940, #2713 ) ;
#2924 = AXIS2_PLACEMENT_3D ( 'NONE', #5396, #4805, #7202 ) ;
#2925 = EDGE_CURVE ( 'NONE', #1323, #7178, #4960, .T. ) ;
#2926 = CARTESIAN_POINT ( 'NONE',  ( 299.0976310729379293, 29.52198665876328931, 0.1077730963901913086 ) ) ;
#2927 = DIRECTION ( 'NONE',  ( 0.000000000000000000, 0.000000000000000000, -1.000000000000000000 ) ) ;
#2928 = DIRECTION ( 'NONE',  ( 8.659560562354932858E-17, -0.7071067811865474617, 0.7071067811865474617 ) ) ;
#2929 = VERTEX_POINT ( 'NONE', #2234 ) ;
#2930 = DIRECTION ( 'NONE',  ( 1.000000000000000000, 0.000000000000000000, 0.000000000000000000 ) ) ;
#2931 = ORIENTED_EDGE ( 'NONE', *, *, #6134, .F. ) ;
#2932 = CIRCLE ( 'NONE', #5569, 2.249999999999974243 ) ;
#2933 = CARTESIAN_POINT ( 'NONE',  ( -25.00000000000000000, 31.55000000000021743, 61.25000000000000000 ) ) ;
#2934 = VERTEX_POINT ( 'NONE', #1016 ) ;
#2935 = ORIENTED_EDGE ( 'NONE', *, *, #1664, .F. ) ;
#2936 = AXIS2_PLACEMENT_3D ( 'NONE', #7459, #6243, #4360 ) ;
#2937 = ADVANCED_FACE ( 'NONE', ( #5985 ), #1399, .F. ) ;
#2938 = B_SPLINE_CURVE_WITH_KNOTS ( 'NONE', 3,
 ( #6028, #3035, #3074, #83, #6536, #2960 ),
 .UNSPECIFIED., .F., .F.,
 ( 4, 2, 4 ),
 ( 0.000000000000000000, 0.5000000000000000000, 1.000000000000000000 ),
 .UNSPECIFIED. ) ;
#2939 = AXIS2_PLACEMENT_3D ( 'NONE', #6870, #6946, #2024 ) ;
#2940 = FACE_BOUND ( 'NONE', #3059, .T. ) ;
#2941 = CARTESIAN_POINT ( 'NONE',  ( -299.2928932188133331, 29.00000000000000355, -3.999999999999994671 ) ) ;
#2942 = ORIENTED_EDGE ( 'NONE', *, *, #5973, .F. ) ;
#2943 = EDGE_CURVE ( 'NONE', #3330, #7018, #5239, .T. ) ;
#2944 = LINE ( 'NONE', #3493, #6824 ) ;
#2945 = VERTEX_POINT ( 'NONE', #5866 ) ;
#2946 = DIRECTION ( 'NONE',  ( -0.000000000000000000, 1.000000000000000000, -3.498359009886561105E-15 ) ) ;
#2947 = DIRECTION ( 'NONE',  ( -0.000000000000000000, -1.000000000000000000, -0.000000000000000000 ) ) ;
#2948 = VECTOR ( 'NONE', #7498, 1000.000000000000000 ) ;
#2949 = CARTESIAN_POINT ( 'NONE',  ( 301.5180949018545107, -29.09763107293781914, -3.368931941771288407 ) ) ;
#2950 = AXIS2_PLACEMENT_3D ( 'NONE', #6160, #7365, #2605 ) ;
#2951 = DIRECTION ( 'NONE',  ( 8.659560562354932858E-17, 0.7071067811865451302, -0.7071067811865500152 ) ) ;
#2952 = CYLINDRICAL_SURFACE ( 'NONE', #7444, 2.249999999999988010 ) ;
#2953 = ORIENTED_EDGE ( 'NONE', *, *, #1664, .T. ) ;
#2954 = DIRECTION ( 'NONE',  ( -1.000000000000000000, 0.000000000000000000, 0.000000000000000000 ) ) ;
#2955 = FACE_OUTER_BOUND ( 'NONE', #6234, .T. ) ;
#2956 = EDGE_CURVE ( 'NONE', #3092, #2612, #434, .T. ) ;
#2957 = DIRECTION ( 'NONE',  ( -0.000000000000000000, 1.000000000000000000, -3.498359009886561105E-15 ) ) ;
#2958 = VECTOR ( 'NONE', #2930, 1000.000000000000000 ) ;
#2959 = LINE ( 'NONE', #2915, #3406 ) ;
#2960 = CARTESIAN_POINT ( 'NONE',  ( -299.2928932188133331, -30.00000000000000355, 0.9999999999999922284 ) ) ;
#2961 = DIRECTION ( 'NONE',  ( 0.000000000000000000, 0.000000000000000000, -1.000000000000000000 ) ) ;
#2962 = EDGE_LOOP ( 'NONE', ( #1515, #2354, #5642, #6905 ) ) ;
#2963 = ADVANCED_FACE ( 'NONE', ( #1763 ), #652, .F. ) ;
#2964 = PERSON_AND_ORGANIZATION_ROLE ( 'design_owner' ) ;
#2965 = CARTESIAN_POINT ( 'NONE',  ( -299.2928932188133331, 30.00000000000000711, 1.000000000000002665 ) ) ;
#2966 = EDGE_CURVE ( 'NONE', #2945, #6409, #2401, .T. ) ;
#2967 = AXIS2_PLACEMENT_3D ( 'NONE', #3725, #3132, #5531 ) ;
#2968 = LINE ( 'NONE', #4189, #624 ) ;
#2969 = DIRECTION ( 'NONE',  ( -3.469446951953611724E-16, -3.504141421473150331E-15, -1.000000000000000000 ) ) ;
#2970 = CARTESIAN_POINT ( 'NONE',  ( -63.99999999999997158, 34.00000000000036948, 106.8499999999999801 ) ) ;
#2971 = ORIENTED_EDGE ( 'NONE', *, *, #6951, .F. ) ;
#2972 = CARTESIAN_POINT ( 'NONE',  ( -243.4350288425439146, -30.00000000000017408, 50.06497115745530380 ) ) ;
#2973 = EDGE_LOOP ( 'NONE', ( #1412, #6556, #5059, #3247 ) ) ;
#2974 = AXIS2_PLACEMENT_3D ( 'NONE', #794, #2520, #3238 ) ;
#2975 = CARTESIAN_POINT ( 'NONE',  ( 299.8384854182647246, -29.19526214587563828, 0.5167272264360872613 ) ) ;
#2976 = VERTEX_POINT ( 'NONE', #6566 ) ;
#2977 = EDGE_CURVE ( 'NONE', #3637, #950, #1276, .T. ) ;
#2978 = ORIENTED_EDGE ( 'NONE', *, *, #7623, .T. ) ;
#2979 = CARTESIAN_POINT ( 'NONE',  ( -299.9999999999999432, -34.00000000000041922, 119.9999999999999858 ) ) ;
#2980 = ORIENTED_EDGE ( 'NONE', *, *, #5815, .F. ) ;
#2981 = CARTESIAN_POINT ( 'NONE',  ( 299.0000000000000568, 28.99999999999998934, 0.000000000000000000 ) ) ;
#2982 = ORIENTED_EDGE ( 'NONE', *, *, #1824, .T. ) ;
#2983 = DIRECTION ( 'NONE',  ( -0.000000000000000000, -1.000000000000000000, -0.000000000000000000 ) ) ;
#2984 = EDGE_LOOP ( 'NONE', ( #3176, #6357, #5094, #2604 ) ) ;
#2985 = ADVANCED_FACE ( 'NONE', ( #7073 ), #270, .F. ) ;
#2986 = CARTESIAN_POINT ( 'NONE',  ( -303.9999999999999432, -29.29289321881345742, 0.9999999999999859002 ) ) ;
#2987 = DIRECTION ( 'NONE',  ( 0.000000000000000000, 2.952720810173286943E-15, 1.000000000000000000 ) ) ;
#2988 = CARTESIAN_POINT ( 'NONE',  ( 160.0000000000000284, 34.00000000000013500, 38.49999999999995026 ) ) ;
#2989 = ORIENTED_EDGE ( 'NONE', *, *, #3749, .F. ) ;
#2990 = CARTESIAN_POINT ( 'NONE',  ( 0.000000000000000000, 34.00000000000021316, 58.99999999999999289 ) ) ;
#2991 = CARTESIAN_POINT ( 'NONE',  ( 299.0000000000000568, 29.00000000000000711, -3.999999999999996447 ) ) ;
#2992 = DIRECTION ( 'NONE',  ( -0.000000000000000000, 1.000000000000000000, -3.498359009886561105E-15 ) ) ;
#2993 = DIRECTION ( 'NONE',  ( -0.000000000000000000, 1.000000000000000000, -3.498359009886561105E-15 ) ) ;
#2994 = DIRECTION ( 'NONE',  ( -0.000000000000000000, -1.000000000000000000, -0.000000000000000000 ) ) ;
#2995 = B_SPLINE_SURFACE_WITH_KNOTS ( 'NONE', 1, 3, ( 
 ( #6364, #349, #3375, #3851, #2736, #971, #6282, #5694, #2105, #7540 ),
 ( #6906, #266, #388, #2778, #2147, #5773, #5618, #7582, #5192, #2656 ),
 ( #7461, #2189, #4513, #6245, #308, #6988, #2700, #1594, #4000, #1442 ),
 ( #5112, #7500, #2071, #6403, #229, #1518, #5026, #6324, #2822, #4163 ) ),
 .UNSPECIFIED., .F., .F., .F.,
 ( 2, 1, 1, 2 ),
 ( 4, 2, 2, 2, 4 ),
 ( -0.01000000000000000021, 0.000000000000000000, 1.000000000000000000, 1.010099999999999998 ),
 ( 0.000000000000000000, 0.2500000000000000000, 0.5000000000000000000, 0.7500000000000000000, 1.000000000000000000 ),
 .UNSPECIFIED. ) ;
#2996 = ORIENTED_EDGE ( 'NONE', *, *, #5350, .F. ) ;
#2997 = APPROVAL_DATE_TIME ( #3039, #6937 ) ;
#2998 = CONICAL_SURFACE ( 'NONE', #7261, 4.099999999999992539, 0.7853981633974450594 ) ;
#2999 = DIRECTION ( 'NONE',  ( 0.000000000000000000, 4.081702296415999431E-15, 1.000000000000000000 ) ) ;
#3000 = AXIS2_PLACEMENT_3D ( 'NONE', #4575, #7559, #1460 ) ;
#3001 = FACE_OUTER_BOUND ( 'NONE', #5351, .T. ) ;
#3002 = EDGE_CURVE ( 'NONE', #4985, #234, #1641, .T. ) ;
#3003 = CARTESIAN_POINT ( 'NONE',  ( -284.0000000000000000, 34.00000000000038369, 109.9999999999999858 ) ) ;
#3004 = VECTOR ( 'NONE', #5256, 1000.000000000000000 ) ;
#3006 = ADVANCED_FACE ( 'NONE', ( #1725 ), #2282, .F. ) ;
#3005 = DIRECTION ( 'NONE',  ( -0.000000000000000000, 1.000000000000000000, -3.504141421473150331E-15 ) ) ;
#3007 = ORIENTED_EDGE ( 'NONE', *, *, #6494, .F. ) ;
#3008 = CARTESIAN_POINT ( 'NONE',  ( 304.0000000000005116, 29.29289321881346098, 119.9999999999999858 ) ) ;
#3009 = ORIENTED_EDGE ( 'NONE', *, *, #4121, .T. ) ;
#3010 = CARTESIAN_POINT ( 'NONE',  ( -276.4999999999999432, 30.00000000000027711, 77.99999999999980105 ) ) ;
#3011 = VERTEX_POINT ( 'NONE', #4726 ) ;
#3012 = VECTOR ( 'NONE', #204, 1000.000000000000114 ) ;
#3013 = EDGE_LOOP ( 'NONE', ( #3845, #86, #6847, #1630 ) ) ;
#3014 = FACE_BOUND ( 'NONE', #6553, .T. ) ;
#3015 = EDGE_CURVE ( 'NONE', #6742, #3713, #893, .T. ) ;
#3016 = EDGE_CURVE ( 'NONE', #620, #1301, #6233, .T. ) ;
#3017 = EDGE_LOOP ( 'NONE', ( #5869, #5445, #4160, #284 ) ) ;
#3018 = AXIS2_PLACEMENT_3D ( 'NONE', #6826, #770, #6865 ) ;
#3019 = DIRECTION ( 'NONE',  ( 0.000000000000000000, -3.083952846180988111E-15, 1.000000000000000000 ) ) ;
#3020 = ORIENTED_EDGE ( 'NONE', *, *, #6007, .T. ) ;
#3021 = CARTESIAN_POINT ( 'NONE',  ( -0.000000000000000000, 30.00000000000006040, 17.00000000000000711 ) ) ;
#3022 = ORIENTED_EDGE ( 'NONE', *, *, #5549, .T. ) ;
#3023 = ADVANCED_FACE ( 'NONE', ( #3244 ), #1157, .F. ) ;
#3024 = AXIS2_PLACEMENT_3D ( 'NONE', #3917, #6319, #3408 ) ;
#3025 = DIRECTION ( 'NONE',  ( 0.000000000000000000, -0.7071067811865470176, -0.7071067811865481278 ) ) ;
#3026 = DIRECTION ( 'NONE',  ( -0.000000000000000000, 1.000000000000000000, -3.498359009886561105E-15 ) ) ;
#3027 = VERTEX_POINT ( 'NONE', #3208 ) ;
#3028 = CARTESIAN_POINT ( 'NONE',  ( -25.00000000000000000, -34.00000000000031264, 91.24999999999971578 ) ) ;
#3029 = SECURITY_CLASSIFICATION ( '', '', #7162 ) ;
#3030 = LINE ( 'NONE', #1987, #1439 ) ;
#3031 = CIRCLE ( 'NONE', #2006, 1.700000000000007061 ) ;
#3032 = ADVANCED_FACE ( 'NONE', ( #179 ), #2569, .F. ) ;
#3033 = AXIS2_PLACEMENT_3D ( 'NONE', #5506, #3772, #4400 ) ;
#3034 = CARTESIAN_POINT ( 'NONE',  ( 197.9999999999999716, -31.55000000000010729, 31.49999999999978684 ) ) ;
#3035 = CARTESIAN_POINT ( 'NONE',  ( -299.0488155364688510, -29.26179938779914025, -8.698181335354407026E-15 ) ) ;
#3036 = LINE ( 'NONE', #6499, #4556 ) ;
#3037 = EDGE_CURVE ( 'NONE', #1602, #4436, #7683, .T. ) ;
#3038 = ORIENTED_EDGE ( 'NONE', *, *, #513, .F. ) ;
#3039 = DATE_AND_TIME ( #1773, #1382 ) ;
#3040 = LINE ( 'NONE', #6503, #5510 ) ;
#3041 = CARTESIAN_POINT ( 'NONE',  ( 25.00000000000000000, -31.55000000000030624, 88.99999999999972999 ) ) ;
#3042 = VECTOR ( 'NONE', #2296, 1000.000000000000114 ) ;
#3043 = CARTESIAN_POINT ( 'NONE',  ( -118.9999999999999716, -34.00000000000038369, 113.1499999999999915 ) ) ;
#3044 = DIRECTION ( 'NONE',  ( 0.000000000000000000, 0.000000000000000000, -1.000000000000000000 ) ) ;
#3045 = ORIENTED_EDGE ( 'NONE', *, *, #4119, .F. ) ;
#3046 = DIRECTION ( 'NONE',  ( 0.000000000000000000, 0.000000000000000000, -1.000000000000000000 ) ) ;
#3047 = ORIENTED_EDGE ( 'NONE', *, *, #1657, .T. ) ;
#3048 = CARTESIAN_POINT ( 'NONE',  ( 299.4832727735639537, -29.09763107293781914, 0.1615145817352574564 ) ) ;
#3049 = ORIENTED_EDGE ( 'NONE', *, *, #3833, .T. ) ;
#3050 = EDGE_CURVE ( 'NONE', #6117, #3583, #2150, .T. ) ;
#3051 = AXIS2_PLACEMENT_3D ( 'NONE', #2266, #714, #4716 ) ;
#3052 = AXIS2_PLACEMENT_3D ( 'NONE', #3117, #4374, #6768 ) ;
#3053 = VERTEX_POINT ( 'NONE', #250 ) ;
#3054 = DIRECTION ( 'NONE',  ( -0.000000000000000000, 1.000000000000000000, 3.498359009886561105E-15 ) ) ;
#3055 = AXIS2_PLACEMENT_3D ( 'NONE', #5115, #6758, #4444 ) ;
#3056 = ORIENTED_EDGE ( 'NONE', *, *, #2456, .F. ) ;
#3057 = AXIS2_PLACEMENT_3D ( 'NONE', #1919, #7383, #3110 ) ;
#3058 = DIRECTION ( 'NONE',  ( 0.000000000000000000, 3.083952846180988111E-15, 1.000000000000000000 ) ) ;
#3059 = EDGE_LOOP ( 'NONE', ( #4675, #2127 ) ) ;
#3060 = CARTESIAN_POINT ( 'NONE',  ( -118.9999999999999716, -34.00000000000038369, 109.9999999999999858 ) ) ;
#3061 = ORIENTED_EDGE ( 'NONE', *, *, #2651, .T. ) ;
#3062 = AXIS2_PLACEMENT_3D ( 'NONE', #4052, #6369, #5278 ) ;
#3063 = ADVANCED_FACE ( 'NONE', ( #2053 ), #3166, .F. ) ;
#3064 = AXIS2_PLACEMENT_3D ( 'NONE', #1986, #1365, #3766 ) ;
#3065 = CARTESIAN_POINT ( 'NONE',  ( 276.5000000000000000, 34.00000000000017764, 49.00000000000026290 ) ) ;
#3066 = B_SPLINE_SURFACE_WITH_KNOTS ( 'NONE', 1, 3, ( 
 ( #3248, #142, #4467, #4940, #3841, #219, #5643, #6126, #5017, #6238 ),
 ( #5575, #4387, #2016, #3799, #1393, #7335, #2646, #5055, #4427, #842 ),
 ( #6861, #2607, #6746, #7367, #1322, #3174, #7407, #1356, #728, #6822 ),
 ( #184, #1975, #807, #1433, #257, #3876, #3757, #6272, #2494, #4899 ) ),
 .UNSPECIFIED., .F., .F., .F.,
 ( 2, 1, 1, 2 ),
 ( 4, 2, 2, 2, 4 ),
 ( -0.01000000000000000021, 0.000000000000000000, 1.000000000000000000, 1.010099999999999998 ),
 ( 0.000000000000000000, 0.2500000000000000000, 0.5000000000000000000, 0.7500000000000000000, 1.000000000000000000 ),
 .UNSPECIFIED. ) ;
#3067 = CARTESIAN_POINT ( 'NONE',  ( -25.00000000000000000, 30.00000000000020606, 59.00000000000000711 ) ) ;
#3068 = ORIENTED_EDGE ( 'NONE', *, *, #7660, .T. ) ;
#3069 = CARTESIAN_POINT ( 'NONE',  ( 25.00000000000000000, 34.00000000000019895, 54.29999999999999005 ) ) ;
#3070 = CIRCLE ( 'NONE', #5072, 31.99999999999998579 ) ;
#3071 = CYLINDRICAL_SURFACE ( 'NONE', #4590, 1.699999999999993072 ) ;
#3072 = CIRCLE ( 'NONE', #4449, 1.699999999999993072 ) ;
#3073 = CARTESIAN_POINT ( 'NONE',  ( 304.0000000000005116, -30.00000000000000000, 119.9999999999999858 ) ) ;
#3074 = CARTESIAN_POINT ( 'NONE',  ( -299.0976310729378724, -29.52198665876328931, 0.1077730963901792349 ) ) ;
#3075 = DIRECTION ( 'NONE',  ( 0.000000000000000000, -1.000000000000000000, 3.498359009886561105E-15 ) ) ;
#3076 = ORIENTED_EDGE ( 'NONE', *, *, #2522, .F. ) ;
#3077 = CIRCLE ( 'NONE', #1693, 32.00000000000001421 ) ;
#3078 = CARTESIAN_POINT ( 'NONE',  ( 0.000000000000000000, 34.00000000000021316, 58.99999999999999289 ) ) ;
#3079 = ADVANCED_FACE ( 'NONE', ( #4935 ), #1777, .F. ) ;
#3080 = LINE ( 'NONE', #4410, #506 ) ;
#3081 = EDGE_CURVE ( 'NONE', #5888, #3099, #5182, .T. ) ;
#3082 = AXIS2_PLACEMENT_3D ( 'NONE', #6170, #1480, #5619 ) ;
#3083 = CARTESIAN_POINT ( 'NONE',  ( -25.00000000000000000, 34.00000000000031264, 88.99999999999998579 ) ) ;
#3084 = CARTESIAN_POINT ( 'NONE',  ( -304.0000000000003979, 30.00000000000000355, 119.9999999999999858 ) ) ;
#3085 = DIRECTION ( 'NONE',  ( -0.000000000000000000, -1.000000000000000000, -0.000000000000000000 ) ) ;
#3086 = VERTEX_POINT ( 'NONE', #295 ) ;
#3087 = FACE_OUTER_BOUND ( 'NONE', #1859, .T. ) ;
#3088 = VERTEX_POINT ( 'NONE', #4383 ) ;
#3089 = CARTESIAN_POINT ( 'NONE',  ( -243.4350288425443978, -31.85000000000027498, 74.98502884254416756 ) ) ;
#3090 = VERTEX_POINT ( 'NONE', #872 ) ;
#3091 = CIRCLE ( 'NONE', #4100, 2.249999999999974243 ) ;
#3092 = VERTEX_POINT ( 'NONE', #4350 ) ;
#3093 = DIRECTION ( 'NONE',  ( -0.000000000000000000, 1.000000000000000000, 3.498359009886561105E-15 ) ) ;
#3094 = AXIS2_PLACEMENT_3D ( 'NONE', #2690, #3912, #2768 ) ;
#3095 = ORIENTED_EDGE ( 'NONE', *, *, #4281, .T. ) ;
#3096 = DIRECTION ( 'NONE',  ( -0.000000000000000000, -1.000000000000000000, -0.000000000000000000 ) ) ;
#3097 = ORIENTED_EDGE ( 'NONE', *, *, #2492, .T. ) ;
#3098 = FACE_OUTER_BOUND ( 'NONE', #478, .T. ) ;
#3099 = VERTEX_POINT ( 'NONE', #5639 ) ;
#3100 = ORIENTED_EDGE ( 'NONE', *, *, #2143, .T. ) ;
#3101 = CARTESIAN_POINT ( 'NONE',  ( -216.5649711574557443, -34.00000000000027001, 81.03502884254469052 ) ) ;
#3102 = EDGE_CURVE ( 'NONE', #4530, #766, #4419, .T. ) ;
#3103 = CARTESIAN_POINT ( 'NONE',  ( 63.99999999999997158, 34.00000000000038369, 109.9999999999999858 ) ) ;
#3104 = ORIENTED_EDGE ( 'NONE', *, *, #6892, .T. ) ;
#3105 = DIRECTION ( 'NONE',  ( 0.000000000000000000, 2.952720810173286943E-15, 1.000000000000000000 ) ) ;
#3106 = EDGE_CURVE ( 'NONE', #4118, #5146, #5814, .T. ) ;
#3107 = LINE ( 'NONE', #5502, #6719 ) ;
#3108 = DIRECTION ( 'NONE',  ( -1.000000000000000000, 0.000000000000000000, 3.713525943768164663E-15 ) ) ;
#3109 = CARTESIAN_POINT ( 'NONE',  ( 25.00000000000000000, -30.00000000000030553, 86.74999999999974420 ) ) ;
#3110 = DIRECTION ( 'NONE',  ( 0.000000000000000000, 3.083952846180988111E-15, 1.000000000000000000 ) ) ;
#3111 = EDGE_CURVE ( 'NONE', #7773, #5146, #6703, .T. ) ;
#3112 = ORIENTED_EDGE ( 'NONE', *, *, #6223, .T. ) ;
#3113 = CARTESIAN_POINT ( 'NONE',  ( -25.00000000000000000, -31.55000000000010019, 28.99999999999975486 ) ) ;
#3114 = CARTESIAN_POINT ( 'NONE',  ( 284.0000000000000000, 34.00000000000038369, 109.9999999999999858 ) ) ;
#3115 = DIRECTION ( 'NONE',  ( -0.000000000000000000, 1.000000000000000000, -3.504141421473150331E-15 ) ) ;
#3116 = CARTESIAN_POINT ( 'NONE',  ( 174.0000000000000000, 32.55000000000038796, 111.6999999999999886 ) ) ;
#3117 = CARTESIAN_POINT ( 'NONE',  ( -197.9999999999999716, -34.00000000000033396, 95.49999999999977263 ) ) ;
#3118 = AXIS2_PLACEMENT_3D ( 'NONE', #1079, #1656, #4069 ) ;
#3119 = CARTESIAN_POINT ( 'NONE',  ( 243.4350288425443978, -34.00000000000027001, 74.98502884254416756 ) ) ;
#3120 = EDGE_LOOP ( 'NONE', ( #1432, #4943, #23, #6341 ) ) ;
#3121 = CARTESIAN_POINT ( 'NONE',  ( -284.0000000000000000, -34.00000000000038369, 109.9999999999999858 ) ) ;
#3122 = EDGE_LOOP ( 'NONE', ( #3421, #4030, #236, #2122 ) ) ;
#3123 = ADVANCED_FACE ( 'NONE', ( #6776 ), #6184, .F. ) ;
#3124 = ADVANCED_FACE ( 'NONE', ( #1389 ), #276, .F. ) ;
#3125 = CIRCLE ( 'NONE', #2495, 4.699999999999995737 ) ;
#3126 = ORIENTED_EDGE ( 'NONE', *, *, #7117, .F. ) ;
#3127 = DIRECTION ( 'NONE',  ( 0.000000000000000000, -1.000000000000000000, 3.498359009886561105E-15 ) ) ;
#3128 = CARTESIAN_POINT ( 'NONE',  ( -25.00000000000000000, 34.00000000000031264, 88.99999999999998579 ) ) ;
#3129 = ORIENTED_EDGE ( 'NONE', *, *, #5564, .T. ) ;
#3130 = FACE_BOUND ( 'NONE', #3405, .T. ) ;
#3131 = EDGE_LOOP ( 'NONE', ( #6597, #1176, #3533, #5571 ) ) ;
#3132 = DIRECTION ( 'NONE',  ( -0.000000000000000000, 1.000000000000000000, -3.498359009886561105E-15 ) ) ;
#3133 = AXIS2_PLACEMENT_3D ( 'NONE', #1571, #6255, #859 ) ;
#3134 = EDGE_CURVE ( 'NONE', #1128, #720, #1786, .T. ) ;
#3135 = VERTEX_POINT ( 'NONE', #2603 ) ;
#3136 = ORIENTED_EDGE ( 'NONE', *, *, #6532, .T. ) ;
#3137 = AXIS2_PLACEMENT_3D ( 'NONE', #5440, #3155, #6181 ) ;
#3138 = LINE ( 'NONE', #147, #6535 ) ;
#3139 = DIRECTION ( 'NONE',  ( 0.000000000000000000, -3.083952846181025582E-15, 1.000000000000000000 ) ) ;
#3140 = EDGE_LOOP ( 'NONE', ( #1193, #5425 ) ) ;
#3141 = DIRECTION ( 'NONE',  ( -0.000000000000000000, 1.000000000000000000, -3.504141421473150331E-15 ) ) ;
#3142 = DIRECTION ( 'NONE',  ( -0.000000000000000000, -1.000000000000000000, -0.000000000000000000 ) ) ;
#3143 = AXIS2_PLACEMENT_3D ( 'NONE', #2817, #5890, #2100 ) ;
#3144 = EDGE_CURVE ( 'NONE', #4644, #2626, #1464, .T. ) ;
#3145 = VECTOR ( 'NONE', #3357, 1000.000000000000000 ) ;
#3146 = CARTESIAN_POINT ( 'NONE',  ( 300.0000000000000568, 29.29289321881346098, 1.000000000000000888 ) ) ;
#3147 = CIRCLE ( 'NONE', #1258, 1.950000000000007283 ) ;
#3148 = DIRECTION ( 'NONE',  ( 0.000000000000000000, 0.000000000000000000, -1.000000000000000000 ) ) ;
#3149 = CYLINDRICAL_SURFACE ( 'NONE', #4813, 1.950000000000007283 ) ;
#3150 = ORIENTED_EDGE ( 'NONE', *, *, #1749, .F. ) ;
#3151 = DIRECTION ( 'NONE',  ( -0.000000000000000000, 1.000000000000000000, -3.498359009886561105E-15 ) ) ;
#3152 = AXIS2_PLACEMENT_3D ( 'NONE', #1924, #4338, #6185 ) ;
#3153 = APPROVAL ( #4658, '未' ) ;
#3154 = ADVANCED_FACE ( 'NONE', ( #4422 ), #2653, .F. ) ;
#3155 = DIRECTION ( 'NONE',  ( -1.000000000000000000, 0.000000000000000000, 3.700743415417188731E-15 ) ) ;
#3156 = EDGE_CURVE ( 'NONE', #2798, #550, #6805, .T. ) ;
#3157 = FACE_OUTER_BOUND ( 'NONE', #3456, .T. ) ;
#3158 = CARTESIAN_POINT ( 'NONE',  ( -302.9983342119907661, -29.17085437764118794, -2.072733599874649890 ) ) ;
#3159 = CARTESIAN_POINT ( 'NONE',  ( -303.9999999999999432, 29.29289321881345742, 0.9999999999999861222 ) ) ;
#3160 = CONICAL_SURFACE ( 'NONE', #7553, 4.099999999999992539, 0.7853981633974450594 ) ;
#3161 = CARTESIAN_POINT ( 'NONE',  ( -216.5649711574550906, -34.00000000000017764, 50.06497115745585802 ) ) ;
#3162 = ORIENTED_EDGE ( 'NONE', *, *, #573, .T. ) ;
#3163 = DIRECTION ( 'NONE',  ( 8.659560562354932858E-17, -0.7071067811865474617, 0.7071067811865474617 ) ) ;
#3164 = ORIENTED_EDGE ( 'NONE', *, *, #7417, .T. ) ;
#3165 = ADVANCED_FACE ( 'NONE', ( #5847 ), #1166, .F. ) ;
#3166 = CONICAL_SURFACE ( 'NONE', #4178, 4.099999999999992539, 0.7853981633974450594 ) ;
#3167 = EDGE_LOOP ( 'NONE', ( #5884, #385, #1794, #7573 ) ) ;
#3168 = CARTESIAN_POINT ( 'NONE',  ( -303.9999999999999432, 29.29289321881345742, 0.9999999999999861222 ) ) ;
#3169 = DIRECTION ( 'NONE',  ( 0.000000000000000000, 2.952720810173291281E-15, 1.000000000000000000 ) ) ;
#3170 = VERTEX_POINT ( 'NONE', #4664 ) ;
#3171 = FACE_BOUND ( 'NONE', #6098, .T. ) ;
#3172 = VERTEX_POINT ( 'NONE', #5757 ) ;
#3173 = CONICAL_SURFACE ( 'NONE', #160, 3.149999999999999911, 0.7853981633974482790 ) ;
#3174 = CARTESIAN_POINT ( 'NONE',  ( -299.1220388411721842, 29.61454671997491772, 0.2003331576018238802 ) ) ;
#3175 = ORIENTED_EDGE ( 'NONE', *, *, #799, .T. ) ;
#3176 = ORIENTED_EDGE ( 'NONE', *, *, #3219, .T. ) ;
#3177 = ORIENTED_EDGE ( 'NONE', *, *, #3853, .T. ) ;
#3178 = CIRCLE ( 'NONE', #1405, 2.249999999999995115 ) ;
#3179 = CIRCLE ( 'NONE', #7431, 2.249999999999998668 ) ;
#3180 = CARTESIAN_POINT ( 'NONE',  ( -299.0488155364689078, -30.30873942179640679, -3.869863383341588303 ) ) ;
#3181 = CARTESIAN_POINT ( 'NONE',  ( -216.5649711574557443, -34.00000000000027001, 78.88502884254471326 ) ) ;
#3182 = ORIENTED_EDGE ( 'NONE', *, *, #6820, .F. ) ;
#3183 = DIRECTION ( 'NONE',  ( 0.000000000000000000, -1.000000000000000000, 3.498359009886561105E-15 ) ) ;
#3184 = CARTESIAN_POINT ( 'NONE',  ( 215.4999999999999432, 30.00000000000027711, 78.00000000000007105 ) ) ;
#3185 = AXIS2_PLACEMENT_3D ( 'NONE', #4173, #2390, #2237 ) ;
#3186 = VECTOR ( 'NONE', #1400, 1000.000000000000000 ) ;
#3187 = CIRCLE ( 'NONE', #2939, 1.699999999999993072 ) ;
#3188 = CARTESIAN_POINT ( 'NONE',  ( -183.4999999999999432, 30.00000000000000355, -1.049507702965968418E-13 ) ) ;
#3189 = DIRECTION ( 'NONE',  ( 0.000000000000000000, 0.000000000000000000, -1.000000000000000000 ) ) ;
#3190 = FACE_BOUND ( 'NONE', #1587, .T. ) ;
#3191 = EDGE_LOOP ( 'NONE', ( #6593, #7013 ) ) ;
#3192 = FACE_OUTER_BOUND ( 'NONE', #5742, .T. ) ;
#3193 = AXIS2_PLACEMENT_3D ( 'NONE', #7655, #2268, #4677 ) ;
#3194 = DIRECTION ( 'NONE',  ( -0.000000000000000000, 1.000000000000000000, -3.498359009886561105E-15 ) ) ;
#3195 = DIRECTION ( 'NONE',  ( 0.000000000000000000, -1.000000000000000000, 3.498359009886561105E-15 ) ) ;
#3196 = CARTESIAN_POINT ( 'NONE',  ( -63.99999999999997158, 34.00000000000037659, 108.2999999999999829 ) ) ;
#3197 = VECTOR ( 'NONE', #3521, 1000.000000000000000 ) ;
#3198 = EDGE_CURVE ( 'NONE', #1981, #6912, #6468, .T. ) ;
#3199 = CARTESIAN_POINT ( 'NONE',  ( -299.1256331943131386, 29.02441201959612371, 0.04040000000000366909 ) ) ;
#3200 = CARTESIAN_POINT ( 'NONE',  ( 174.0000000000000000, 34.00000000000038369, 109.9999999999999858 ) ) ;
#3201 = ORIENTED_EDGE ( 'NONE', *, *, #2227, .T. ) ;
#3202 = ADVANCED_FACE ( 'NONE', ( #7565 ), #6303, .F. ) ;
#3203 = DIRECTION ( 'NONE',  ( 0.000000000000000000, 0.7071067811865500152, 0.7071067811865451302 ) ) ;
#3204 = ORIENTED_EDGE ( 'NONE', *, *, #6097, .F. ) ;
#3205 = CIRCLE ( 'NONE', #4216, 4.700000000000002842 ) ;
#3206 = ORIENTED_EDGE ( 'NONE', *, *, #79, .F. ) ;
#3207 = CARTESIAN_POINT ( 'NONE',  ( 284.0000000000000000, 32.55000000000038085, 109.9999999999999858 ) ) ;
#3208 = CARTESIAN_POINT ( 'NONE',  ( 216.5649711574557443, -34.00000000000027001, 72.83502884254471610 ) ) ;
#3209 = ORIENTED_EDGE ( 'NONE', *, *, #2893, .T. ) ;
#3210 = FACE_BOUND ( 'NONE', #2857, .T. ) ;
#3211 = EDGE_LOOP ( 'NONE', ( #461, #1002, #6189, #7258 ) ) ;
#3212 = VECTOR ( 'NONE', #310, 1000.000000000000114 ) ;
#3213 = ADVANCED_FACE ( 'NONE', ( #2173 ), #334, .F. ) ;
#3214 = DIRECTION ( 'NONE',  ( -0.000000000000000000, 1.000000000000000000, -3.498359009886561105E-15 ) ) ;
#3215 = VERTEX_POINT ( 'NONE', #1038 ) ;
#3216 = ORIENTED_EDGE ( 'NONE', *, *, #6892, .F. ) ;
#3217 = AXIS2_PLACEMENT_3D ( 'NONE', #6404, #1012, #5819 ) ;
#3218 = CARTESIAN_POINT ( 'NONE',  ( -299.1220388411722979, -32.07273359987458150, -2.998334211990906883 ) ) ;
#3219 = EDGE_CURVE ( 'NONE', #5978, #6528, #7010, .T. ) ;
#3220 = CARTESIAN_POINT ( 'NONE',  ( -183.4999999999999432, 34.00000000000017764, 49.00000000000022027 ) ) ;
#3221 = ORIENTED_EDGE ( 'NONE', *, *, #6950, .F. ) ;
#3222 = DIRECTION ( 'NONE',  ( 0.000000000000000000, 2.952720810173286943E-15, 1.000000000000000000 ) ) ;
#3223 = LINE ( 'NONE', #1952, #3212 ) ;
#3224 = CIRCLE ( 'NONE', #7614, 1.699999999999979305 ) ;
#3225 = EDGE_CURVE ( 'NONE', #7285, #5764, #3667, .T. ) ;
#3226 = ADVANCED_FACE ( 'NONE', ( #3482 ), #2130, .F. ) ;
#3227 = DIRECTION ( 'NONE',  ( 0.000000000000000000, 3.083952846180988111E-15, 1.000000000000000000 ) ) ;
#3228 = FACE_OUTER_BOUND ( 'NONE', #6562, .T. ) ;
#3229 = EDGE_LOOP ( 'NONE', ( #3485, #6390, #1467, #3022 ) ) ;
#3230 = CARTESIAN_POINT ( 'NONE',  ( 262.0000000000000000, -34.00000000000033396, 95.49999999999977263 ) ) ;
#3231 = ORIENTED_EDGE ( 'NONE', *, *, #2440, .F. ) ;
#3232 = FACE_BOUND ( 'NONE', #592, .T. ) ;
#3233 = DIRECTION ( 'NONE',  ( 0.000000000000000000, -4.081702296415999431E-15, -1.000000000000000000 ) ) ;
#3234 = DIRECTION ( 'NONE',  ( -0.000000000000000000, 1.000000000000000000, -3.504141421473150331E-15 ) ) ;
#3235 = CARTESIAN_POINT ( 'NONE',  ( -299.2511732698310993, 29.04881553646891135, 0.06537581946908796460 ) ) ;
#3236 = CARTESIAN_POINT ( 'NONE',  ( 243.4350288425443978, -34.00000000000027001, 76.93502884254417040 ) ) ;
#3237 = ORIENTED_EDGE ( 'NONE', *, *, #3638, .T. ) ;
#3238 = DIRECTION ( 'NONE',  ( 0.000000000000000000, 4.081702296415999431E-15, 1.000000000000000000 ) ) ;
#3239 = EDGE_LOOP ( 'NONE', ( #744, #3856, #2407, #6217 ) ) ;
#3240 = ADVANCED_FACE ( 'NONE', ( #4621 ), #455, .F. ) ;
#3241 = VERTEX_POINT ( 'NONE', #5132 ) ;
#3242 = EDGE_CURVE ( 'NONE', #6976, #4274, #7188, .T. ) ;
#3243 = DIRECTION ( 'NONE',  ( -0.000000000000000000, -1.000000000000000000, -0.000000000000000000 ) ) ;
#3244 = FACE_OUTER_BOUND ( 'NONE', #5693, .T. ) ;
#3245 = VERTEX_POINT ( 'NONE', #2848 ) ;
#3246 = FACE_OUTER_BOUND ( 'NONE', #2067, .T. ) ;
#3247 = ORIENTED_EDGE ( 'NONE', *, *, #490, .T. ) ;
#3248 = CARTESIAN_POINT ( 'NONE',  ( -299.2928932188133331, 34.03999999999999915, 0.9999999999999799050 ) ) ;
#3249 = EDGE_LOOP ( 'NONE', ( #1853, #1347, #6323, #1164 ) ) ;
#3250 = ORIENTED_EDGE ( 'NONE', *, *, #808, .F. ) ;
#3251 = ORIENTED_EDGE ( 'NONE', *, *, #6658, .F. ) ;
#3252 = EDGE_CURVE ( 'NONE', #6710, #2859, #6800, .T. ) ;
#3253 = CARTESIAN_POINT ( 'NONE',  ( 299.0000000000000568, -28.99999999999999645, -4.000000000000008882 ) ) ;
#3254 = ADVANCED_FACE ( 'NONE', ( #2092 ), #4498, .F. ) ;
#3255 = VECTOR ( 'NONE', #2957, 1000.000000000000000 ) ;
#3256 = CARTESIAN_POINT ( 'NONE',  ( 174.0000000000000000, 34.00000000000038369, 109.9999999999999858 ) ) ;
#3257 = VERTEX_POINT ( 'NONE', #3908 ) ;
#3258 = DIRECTION ( 'NONE',  ( -0.000000000000000000, -1.000000000000000000, -0.000000000000000000 ) ) ;
#3259 = DIRECTION ( 'NONE',  ( 0.000000000000000000, 0.000000000000000000, -1.000000000000000000 ) ) ;
#3260 = VECTOR ( 'NONE', #7764, 1000.000000000000000 ) ;
#3261 = ADVANCED_FACE ( 'NONE', ( #5175 ), #4539, .F. ) ;
#3262 = CARTESIAN_POINT ( 'NONE',  ( 197.9999999999999716, -34.00000000000033396, 100.1999999999997897 ) ) ;
#3263 = CARTESIAN_POINT ( 'NONE',  ( 302.9983342119908798, 29.17085437764118439, -2.072733599874597044 ) ) ;
#3264 = EDGE_CURVE ( 'NONE', #265, #6120, #7523, .T. ) ;
#3265 = ORIENTED_EDGE ( 'NONE', *, *, #881, .T. ) ;
#3266 = DIRECTION ( 'NONE',  ( 0.000000000000000000, 4.081702296415999431E-15, 1.000000000000000000 ) ) ;
#3267 = AXIS2_PLACEMENT_3D ( 'NONE', #1762, #7189, #3615 ) ;
#3268 = ORIENTED_EDGE ( 'NONE', *, *, #1868, .T. ) ;
#3269 = DIRECTION ( 'NONE',  ( -0.000000000000000000, 1.000000000000000000, -3.504141421473150331E-15 ) ) ;
#3270 = AXIS2_PLACEMENT_3D ( 'NONE', #328, #2211, #3982 ) ;
#3271 = LINE ( 'NONE', #6337, #3902 ) ;
#3272 = EDGE_CURVE ( 'NONE', #5058, #7423, #3987, .T. ) ;
#3273 = CARTESIAN_POINT ( 'NONE',  ( -298.9999999999999432, -29.00000000000000355, -4.039999999999996483 ) ) ;
#3274 = CARTESIAN_POINT ( 'NONE',  ( 299.2617478843593517, 29.04881553646891490, 0.02602732333168766496 ) ) ;
#3275 = DIRECTION ( 'NONE',  ( 0.000000000000000000, 2.952720810173291281E-15, 1.000000000000000000 ) ) ;
#3276 = ORIENTED_EDGE ( 'NONE', *, *, #1283, .T. ) ;
#3277 = DIRECTION ( 'NONE',  ( 1.000000000000000000, 0.000000000000000000, 3.713525943768164663E-15 ) ) ;
#3278 = CIRCLE ( 'NONE', #3536, 4.700000000000002842 ) ;
#3279 = LINE ( 'NONE', #5673, #4138 ) ;
#3280 = DIRECTION ( 'NONE',  ( 0.000000000000000000, 0.000000000000000000, -1.000000000000000000 ) ) ;
#3281 = ORIENTED_EDGE ( 'NONE', *, *, #3102, .F. ) ;
#3282 = CIRCLE ( 'NONE', #4795, 1.700000000000007061 ) ;
#3283 = CARTESIAN_POINT ( 'NONE',  ( 244.4999999999999716, 30.00000000000027711, 78.00000000000007105 ) ) ;
#3284 = DIRECTION ( 'NONE',  ( -0.000000000000000000, -1.000000000000000000, -0.000000000000000000 ) ) ;
#3285 = ORIENTED_EDGE ( 'NONE', *, *, #1824, .F. ) ;
#3286 = CARTESIAN_POINT ( 'NONE',  ( 63.99999999999997158, 34.00000000000038369, 109.9999999999999858 ) ) ;
#3287 = EDGE_LOOP ( 'NONE', ( #1357, #4823, #2409, #3776 ) ) ;
#3288 = ADVANCED_FACE ( 'NONE', ( #5219 ), #1285, .F. ) ;
#3289 = FACE_OUTER_BOUND ( 'NONE', #4893, .T. ) ;
#3290 = ORIENTED_EDGE ( 'NONE', *, *, #6984, .F. ) ;
#3291 = EDGE_LOOP ( 'NONE', ( #5600, #583 ) ) ;
#3292 = DIRECTION ( 'NONE',  ( 0.000000000000000000, -1.000000000000000000, 3.498359009886561105E-15 ) ) ;
#3293 = CARTESIAN_POINT ( 'NONE',  ( -299.0244121627769687, -29.65461630990700570, -4.000000000000008882 ) ) ;
#3294 = EDGE_LOOP ( 'NONE', ( #5382, #4829, #2524, #5260 ) ) ;
#3295 = VECTOR ( 'NONE', #3871, 1000.000000000000000 ) ;
#3296 = CARTESIAN_POINT ( 'NONE',  ( 0.000000000000000000, 34.00000000000031264, 88.99999999999998579 ) ) ;
#3297 = EDGE_LOOP ( 'NONE', ( #109, #2942, #6779, #3791 ) ) ;
#3298 = CARTESIAN_POINT ( 'NONE',  ( -174.0000000000000000, -32.55000000000038085, 108.2999999999999829 ) ) ;
#3299 = DIRECTION ( 'NONE',  ( 0.000000000000000000, 0.000000000000000000, -1.000000000000000000 ) ) ;
#3300 = EDGE_CURVE ( 'NONE', #5764, #2735, #6585, .T. ) ;
#3301 = CIRCLE ( 'NONE', #5433, 3.149999999999986144 ) ;
#3302 = EDGE_CURVE ( 'NONE', #61, #1526, #2159, .T. ) ;
#3303 = DIRECTION ( 'NONE',  ( 8.659560562354932858E-17, -0.7071067811865474617, 0.7071067811865474617 ) ) ;
#3304 = DIRECTION ( 'NONE',  ( 0.000000000000000000, -4.081702296416066484E-15, -1.000000000000000000 ) ) ;
#3305 = ORIENTED_EDGE ( 'NONE', *, *, #5356, .F. ) ;
#3306 = CARTESIAN_POINT ( 'NONE',  ( 216.5649711574557443, -34.00000000000027001, 81.03502884254469052 ) ) ;
#3307 = CIRCLE ( 'NONE', #4187, 4.699999999999981526 ) ;
#3308 = CIRCLE ( 'NONE', #47, 1.700000000000007061 ) ;
#3309 = ORIENTED_EDGE ( 'NONE', *, *, #1498, .F. ) ;
#3310 = CARTESIAN_POINT ( 'NONE',  ( -299.2440776823443684, 33.86986338334158120, -0.3087394217964160026 ) ) ;
#3311 = VECTOR ( 'NONE', #1289, 1000.000000000000000 ) ;
#3312 = VECTOR ( 'NONE', #152, 1000.000000000000000 ) ;
#3313 = DIRECTION ( 'NONE',  ( 8.659560562354932858E-17, 0.7071067811865451302, -0.7071067811865500152 ) ) ;
#3314 = LINE ( 'NONE', #3196, #4182 ) ;
#3315 = CARTESIAN_POINT ( 'NONE',  ( 284.0000000000000000, 34.00000000000039790, 113.1499999999999773 ) ) ;
#3316 = ORIENTED_EDGE ( 'NONE', *, *, #6087, .F. ) ;
#3317 = VECTOR ( 'NONE', #589, 1000.000000000000114 ) ;
#3318 = LINE ( 'NONE', #1032, #4660 ) ;
#3319 = DIRECTION ( 'NONE',  ( 0.000000000000000000, 3.083952846180988111E-15, 1.000000000000000000 ) ) ;
#3320 = EDGE_CURVE ( 'NONE', #4890, #3494, #4183, .T. ) ;
#3321 = CARTESIAN_POINT ( 'NONE',  ( 25.00000000000000000, 34.00000000000031264, 88.99999999999998579 ) ) ;
#3322 = EDGE_LOOP ( 'NONE', ( #5078, #1170, #6993, #221 ) ) ;
#3323 = CIRCLE ( 'NONE', #682, 2.249999999999988010 ) ;
#3324 = LINE ( 'NONE', #2253, #3768 ) ;
#3325 = DIRECTION ( 'NONE',  ( -0.000000000000000000, 1.000000000000000000, -3.504141421473150331E-15 ) ) ;
#3326 = ORIENTED_EDGE ( 'NONE', *, *, #7083, .T. ) ;
#3327 = DIRECTION ( 'NONE',  ( -0.000000000000000000, 1.000000000000000000, -3.504141421473150331E-15 ) ) ;
#3328 = VERTEX_POINT ( 'NONE', #60 ) ;
#3329 = CARTESIAN_POINT ( 'NONE',  ( 2.755455298081541820E-16, 30.00000000000009592, 26.75000000000000711 ) ) ;
#3330 = VERTEX_POINT ( 'NONE', #7685 ) ;
#3331 = ORIENTED_EDGE ( 'NONE', *, *, #7527, .F. ) ;
#3332 = DIRECTION ( 'NONE',  ( 0.000000000000000000, -1.000000000000000000, 3.498359009886561105E-15 ) ) ;
#3333 = CARTESIAN_POINT ( 'NONE',  ( 183.4999999999999432, 34.00000000000027001, 77.99999999999982947 ) ) ;
#3334 = AXIS2_PLACEMENT_3D ( 'NONE', #2025, #6790, #3299 ) ;
#3335 = ORIENTED_EDGE ( 'NONE', *, *, #2156, .T. ) ;
#3336 = DIRECTION ( 'NONE',  ( -0.000000000000000000, 1.000000000000000000, -3.504141421473150331E-15 ) ) ;
#3337 = ORIENTED_EDGE ( 'NONE', *, *, #6183, .F. ) ;
#3338 = CARTESIAN_POINT ( 'NONE',  ( 299.2928932188134468, 34.00000000000000000, 0.9999999999999887867 ) ) ;
#3339 = DIRECTION ( 'NONE',  ( -0.000000000000000000, -1.000000000000000000, -0.000000000000000000 ) ) ;
#3340 = AXIS2_PLACEMENT_3D ( 'NONE', #1244, #5420, #3648 ) ;
#3341 = EDGE_CURVE ( 'NONE', #5590, #2976, #7168, .T. ) ;
#3342 = LINE ( 'NONE', #5152, #6146 ) ;
#3343 = EDGE_CURVE ( 'NONE', #3241, #1473, #19, .T. ) ;
#3344 = LINE ( 'NONE', #3970, #4293 ) ;
#3345 = LINE ( 'NONE', #6331, #1668 ) ;
#3346 = AXIS2_PLACEMENT_3D ( 'NONE', #3121, #7324, #6228 ) ;
#3347 = EDGE_LOOP ( 'NONE', ( #4153, #6332 ) ) ;
#3348 = DIRECTION ( 'NONE',  ( -0.000000000000000000, -1.000000000000000000, -0.000000000000000000 ) ) ;
#3349 = ORIENTED_EDGE ( 'NONE', *, *, #3498, .F. ) ;
#3350 = CARTESIAN_POINT ( 'NONE',  ( 0.000000000000000000, -34.00000000000000000, -1.189166956519693626E-13 ) ) ;
#3351 = EDGE_CURVE ( 'NONE', #2371, #3602, #5189, .T. ) ;
#3352 = FACE_OUTER_BOUND ( 'NONE', #7122, .T. ) ;
#3353 = CARTESIAN_POINT ( 'NONE',  ( -299.9595999999999094, -29.29289321881345742, 0.9999999999999940048 ) ) ;
#3354 = CARTESIAN_POINT ( 'NONE',  ( 299.7996668423981532, 29.17085437764118794, 0.3854532800250840552 ) ) ;
#3355 = EDGE_CURVE ( 'NONE', #1301, #7327, #3800, .T. ) ;
#3356 = ORIENTED_EDGE ( 'NONE', *, *, #4296, .F. ) ;
#3357 = DIRECTION ( 'NONE',  ( -0.000000000000000000, -1.000000000000000000, -0.000000000000000000 ) ) ;
#3358 = CARTESIAN_POINT ( 'NONE',  ( 174.0000000000000000, -32.55000000000038085, 111.6999999999999886 ) ) ;
#3359 = FACE_OUTER_BOUND ( 'NONE', #796, .T. ) ;
#3360 = ORIENTED_EDGE ( 'NONE', *, *, #4279, .F. ) ;
#3361 = CARTESIAN_POINT ( 'NONE',  ( 300.0000000000005116, 29.29289321881346098, 120.0000000000000000 ) ) ;
#3362 = DIRECTION ( 'NONE',  ( 0.000000000000000000, 4.081702296415999431E-15, 1.000000000000000000 ) ) ;
#3363 = EDGE_LOOP ( 'NONE', ( #7334, #2697 ) ) ;
#3364 = DIRECTION ( 'NONE',  ( -0.000000000000000000, 1.000000000000000000, -3.504141421473150331E-15 ) ) ;
#3365 = VERTEX_POINT ( 'NONE', #4191 ) ;
#3366 = DIRECTION ( 'NONE',  ( 3.700743415417188731E-15, 0.000000000000000000, -1.000000000000000000 ) ) ;
#3367 = ORIENTED_EDGE ( 'NONE', *, *, #881, .F. ) ;
#3368 = VERTEX_POINT ( 'NONE', #1231 ) ;
#3369 = CARTESIAN_POINT ( 'NONE',  ( -25.00000000000000000, 34.00000000000031264, 88.99999999999998579 ) ) ;
#3370 = CARTESIAN_POINT ( 'NONE',  ( -299.1708543776412057, -29.79966684239818164, 0.3854532800250789482 ) ) ;
#3371 = VERTEX_POINT ( 'NONE', #1743 ) ;
#3372 = EDGE_CURVE ( 'NONE', #228, #3099, #5965, .T. ) ;
#3373 = DIRECTION ( 'NONE',  ( 0.000000000000000000, 0.000000000000000000, -1.000000000000000000 ) ) ;
#3374 = ORIENTED_EDGE ( 'NONE', *, *, #7385, .T. ) ;
#3375 = CARTESIAN_POINT ( 'NONE',  ( 299.0488155364690215, 30.31920933717076494, -3.908822290408308753 ) ) ;
#3376 = CARTESIAN_POINT ( 'NONE',  ( 299.2928932188134468, 30.00000000000000355, 120.0000000000000000 ) ) ;
#3377 = AXIS2_PLACEMENT_3D ( 'NONE', #4659, #1195, #529 ) ;
#3378 = AXIS2_PLACEMENT_3D ( 'NONE', #4025, #6970, #869 ) ;
#3379 = CYLINDRICAL_SURFACE ( 'NONE', #5907, 1.699999999999979305 ) ;
#3380 = CARTESIAN_POINT ( 'NONE',  ( 118.9999999999999716, 30.00000000000038014, 108.3000000000000114 ) ) ;
#3381 = DIRECTION ( 'NONE',  ( -0.000000000000000000, -1.000000000000000000, -0.000000000000000000 ) ) ;
#3382 = ORIENTED_EDGE ( 'NONE', *, *, #6183, .T. ) ;
#3383 = DIRECTION ( 'NONE',  ( 0.000000000000000000, -3.558407130208821635E-15, 1.000000000000000000 ) ) ;
#3384 = ORIENTED_EDGE ( 'NONE', *, *, #799, .F. ) ;
#3385 = ADVANCED_FACE ( 'NONE', ( #4150 ), #4707, .F. ) ;
#3386 = FACE_BOUND ( 'NONE', #6465, .T. ) ;
#3387 = CARTESIAN_POINT ( 'NONE',  ( -174.0000000000000000, -30.00000000000038369, 109.9999999999999858 ) ) ;
#3388 = AXIS2_PLACEMENT_3D ( 'NONE', #4038, #6901, #4588 ) ;
#3389 = LINE ( 'NONE', #5209, #662 ) ;
#3390 = DIRECTION ( 'NONE',  ( -0.000000000000000000, -1.000000000000000000, -0.000000000000000000 ) ) ;
#3391 = VERTEX_POINT ( 'NONE', #5373 ) ;
#3392 = DIRECTION ( 'NONE',  ( -0.000000000000000000, 1.000000000000000000, -3.504141421473150331E-15 ) ) ;
#3393 = EDGE_CURVE ( 'NONE', #4982, #3086, #409, .T. ) ;
#3394 = AXIS2_PLACEMENT_3D ( 'NONE', #2979, #1788, #4826 ) ;
#3395 = CYLINDRICAL_SURFACE ( 'NONE', #3378, 1.699999999999993072 ) ;
#3396 = VERTEX_POINT ( 'NONE', #4113 ) ;
#3397 = DIRECTION ( 'NONE',  ( -0.000000000000000000, -1.000000000000000000, -0.000000000000000000 ) ) ;
#3398 = DIRECTION ( 'NONE',  ( 0.000000000000000000, 0.000000000000000000, -1.000000000000000000 ) ) ;
#3399 = CC_DESIGN_APPROVAL ( #5467, ( #3029 ) ) ;
#3400 = ORIENTED_EDGE ( 'NONE', *, *, #6760, .T. ) ;
#3401 = AXIS2_PLACEMENT_3D ( 'NONE', #166, #3195, #3822 ) ;
#3402 = DIRECTION ( 'NONE',  ( -0.000000000000000000, -1.000000000000000000, -0.000000000000000000 ) ) ;
#3403 = ORIENTED_EDGE ( 'NONE', *, *, #5071, .T. ) ;
#3404 = DIRECTION ( 'NONE',  ( 0.000000000000000000, -3.083952846181006649E-15, 1.000000000000000000 ) ) ;
#3405 = EDGE_LOOP ( 'NONE', ( #7613, #4319 ) ) ;
#3406 = VECTOR ( 'NONE', #4179, 1000.000000000000000 ) ;
#3407 = ORIENTED_EDGE ( 'NONE', *, *, #1454, .T. ) ;
#3408 = DIRECTION ( 'NONE',  ( 0.000000000000000000, 4.405646923115719615E-15, 1.000000000000000000 ) ) ;
#3409 = LINE ( 'NONE', #6277, #3798 ) ;
#3410 = EDGE_LOOP ( 'NONE', ( #342, #590, #4483, #3265 ) ) ;
#3411 = DIRECTION ( 'NONE',  ( 0.000000000000000000, -1.000000000000000000, 3.498359009886561105E-15 ) ) ;
#3412 = EDGE_LOOP ( 'NONE', ( #2255, #4536, #2098, #1698 ) ) ;
#3413 = LINE ( 'NONE', #5352, #5332 ) ;
#3414 = DIRECTION ( 'NONE',  ( 0.000000000000000000, 3.083952846180992055E-15, 1.000000000000000000 ) ) ;
#3415 = AXIS2_PLACEMENT_3D ( 'NONE', #1970, #4310, #7330 ) ;
#3416 = EDGE_CURVE ( 'NONE', #3494, #4890, #4920, .T. ) ;
#3417 = AXIS2_PLACEMENT_3D ( 'NONE', #6387, #1623, #5295 ) ;
#3418 = DIRECTION ( 'NONE',  ( 1.000000000000000000, -0.000000000000000000, -0.000000000000000000 ) ) ;
#3419 = CARTESIAN_POINT ( 'NONE',  ( -118.9999999999999716, -34.00000000000038369, 109.9999999999999858 ) ) ;
#3420 = CARTESIAN_POINT ( 'NONE',  ( -197.9999999999999716, -34.00000000000011369, 31.49999999999978684 ) ) ;
#3421 = ORIENTED_EDGE ( 'NONE', *, *, #2835, .F. ) ;
#3422 = DIRECTION ( 'NONE',  ( -0.000000000000000000, 1.000000000000000000, -3.498359009886561105E-15 ) ) ;
#3423 = LINE ( 'NONE', #2201, #5462 ) ;
#3424 = ORIENTED_EDGE ( 'NONE', *, *, #194, .T. ) ;
#3425 = AXIS2_PLACEMENT_3D ( 'NONE', #6807, #3823, #1419 ) ;
#3426 = DIRECTION ( 'NONE',  ( -0.000000000000000000, 1.000000000000000000, -3.504141421473150331E-15 ) ) ;
#3427 = CIRCLE ( 'NONE', #3055, 3.149999999999999911 ) ;
#3428 = AXIS2_PLACEMENT_3D ( 'NONE', #4490, #2714, #6340 ) ;
#3429 = CARTESIAN_POINT ( 'NONE',  ( 299.0244120210277856, -29.13092250177523823, -8.687555074692367522E-15 ) ) ;
#3430 = DIRECTION ( 'NONE',  ( 0.000000000000000000, -3.083952846180992055E-15, -1.000000000000000000 ) ) ;
#3431 = CARTESIAN_POINT ( 'NONE',  ( 299.8737863883542900, 29.19526214587564183, 0.4963810196290983079 ) ) ;
#3432 = VERTEX_POINT ( 'NONE', #1818 ) ;
#3433 = FACE_OUTER_BOUND ( 'NONE', #7436, .T. ) ;
#3434 = DIRECTION ( 'NONE',  ( -0.000000000000000000, 1.000000000000000000, 3.498359009886561105E-15 ) ) ;
#3435 = CIRCLE ( 'NONE', #4700, 1.699999999999993072 ) ;
#3436 = AXIS2_PLACEMENT_3D ( 'NONE', #2473, #5623, #1881 ) ;
#3437 = DIRECTION ( 'NONE',  ( 0.000000000000000000, 0.000000000000000000, -1.000000000000000000 ) ) ;
#3438 = VERTEX_POINT ( 'NONE', #7093 ) ;
#3439 = ADVANCED_FACE ( 'NONE', ( #3559 ), #4057, .F. ) ;
#3440 = DIRECTION ( 'NONE',  ( 0.000000000000000000, -3.558407130208821635E-15, 1.000000000000000000 ) ) ;
#3441 = CIRCLE ( 'NONE', #3697, 3.149999999999986144 ) ;
#3443 = EDGE_CURVE ( 'NONE', #4208, #2180, #4778, .T. ) ;
#3442 = DIRECTION ( 'NONE',  ( 3.700743415417188731E-15, 0.000000000000000000, -1.000000000000000000 ) ) ;
#3444 = ORIENTED_EDGE ( 'NONE', *, *, #7097, .F. ) ;
#3445 = CARTESIAN_POINT ( 'NONE',  ( -299.0976310729377587, 29.52198665876328221, 0.1077730963901916833 ) ) ;
#3446 = EDGE_LOOP ( 'NONE', ( #448, #526, #650, #4353 ) ) ;
#3447 = CARTESIAN_POINT ( 'NONE',  ( -139.9999999999999716, 24.00000000000015987, 45.49999999999999289 ) ) ;
#3448 = EDGE_LOOP ( 'NONE', ( #6193, #1036, #698, #4478 ) ) ;
#3449 = CIRCLE ( 'NONE', #7724, 1.699999999999993072 ) ;
#3450 = ORIENTED_EDGE ( 'NONE', *, *, #490, .F. ) ;
#3451 = LINE ( 'NONE', #3960, #6153 ) ;
#3452 = DIRECTION ( 'NONE',  ( 0.000000000000000000, 3.083952846180988111E-15, 1.000000000000000000 ) ) ;
#3453 = EDGE_CURVE ( 'NONE', #2945, #3257, #3670, .T. ) ;
#3454 = EDGE_LOOP ( 'NONE', ( #4748, #2183, #2331, #5453 ) ) ;
#3455 = DIRECTION ( 'NONE',  ( -0.000000000000000000, -1.000000000000000000, -0.000000000000000000 ) ) ;
#3456 = EDGE_LOOP ( 'NONE', ( #6788, #6761, #977, #7059 ) ) ;
#3457 = DIRECTION ( 'NONE',  ( 8.659560562354904508E-17, -0.7071067811865497932, 0.7071067811865452413 ) ) ;
#3458 = CIRCLE ( 'NONE', #2442, 4.699999999999999289 ) ;
#3459 = CARTESIAN_POINT ( 'NONE',  ( 183.4999999999999432, 30.00000000000006040, 49.00000000000028422 ) ) ;
#3460 = VECTOR ( 'NONE', #7193, 1000.000000000000000 ) ;
#3461 = ADVANCED_FACE ( 'NONE', ( #3601 ), #1852, .F. ) ;
#3462 = FACE_OUTER_BOUND ( 'NONE', #4417, .T. ) ;
#3463 = CARTESIAN_POINT ( 'NONE',  ( 118.9999999999999716, -34.00000000000038369, 113.1499999999999915 ) ) ;
#3464 = CARTESIAN_POINT ( 'NONE',  ( 25.00000000000000000, 34.00000000000032685, 93.69999999999997442 ) ) ;
#3465 = EDGE_LOOP ( 'NONE', ( #6300, #1123, #1744, #3100 ) ) ;
#3466 = CARTESIAN_POINT ( 'NONE',  ( -25.00000000000000000, 34.00000000000010658, 28.99999999999998934 ) ) ;
#3467 = CARTESIAN_POINT ( 'NONE',  ( 25.00000000000000000, 34.00000000000031264, 88.99999999999998579 ) ) ;
#3468 = ADVANCED_FACE ( 'NONE', ( #4260 ), #4228, .F. ) ;
#3469 = CARTESIAN_POINT ( 'NONE',  ( 262.0000000000000000, -34.00000000000033396, 93.24999999999980105 ) ) ;
#3470 = ADVANCED_FACE ( 'NONE', ( #791 ), #2027, .F. ) ;
#3471 = CIRCLE ( 'NONE', #7110, 1.950000000000007283 ) ;
#3472 = LINE ( 'NONE', #6027, #3784 ) ;
#3473 = DIRECTION ( 'NONE',  ( -0.000000000000000000, 1.000000000000000000, -3.498359009886561105E-15 ) ) ;
#3474 = DIRECTION ( 'NONE',  ( 0.000000000000000000, 0.000000000000000000, -1.000000000000000000 ) ) ;
#3475 = ADVANCED_FACE ( 'NONE', ( #5517 ), #4065, .F. ) ;
#3476 = ORIENTED_EDGE ( 'NONE', *, *, #3833, .F. ) ;
#3477 = CALENDAR_DATE ( 2026, 30, 6 ) ;
#3478 = CARTESIAN_POINT ( 'NONE',  ( -63.99999999999997158, 32.55000000000037375, 108.2999999999999972 ) ) ;
#3479 = CYLINDRICAL_SURFACE ( 'NONE', #1619, 1.950000000000007283 ) ;
#3480 = ORIENTED_EDGE ( 'NONE', *, *, #3915, .T. ) ;
#3481 = DIRECTION ( 'NONE',  ( -0.000000000000000000, -1.000000000000000000, -0.000000000000000000 ) ) ;
#3482 = FACE_OUTER_BOUND ( 'NONE', #4126, .T. ) ;
#3483 = VERTEX_POINT ( 'NONE', #1927 ) ;
#3484 = DIRECTION ( 'NONE',  ( -0.000000000000000000, 1.000000000000000000, 3.498359009886561105E-15 ) ) ;
#3485 = ORIENTED_EDGE ( 'NONE', *, *, #4268, .F. ) ;
#3486 = DIRECTION ( 'NONE',  ( -0.000000000000000000, 1.000000000000000000, -3.504141421473150331E-15 ) ) ;
#3487 = ORIENTED_EDGE ( 'NONE', *, *, #5973, .T. ) ;
#3488 = EDGE_CURVE ( 'NONE', #2312, #2553, #45, .T. ) ;
#3489 = ORIENTED_EDGE ( 'NONE', *, *, #1732, .F. ) ;
#3490 = FACE_OUTER_BOUND ( 'NONE', #7785, .T. ) ;
#3491 = LINE ( 'NONE', #546, #7063 ) ;
#3492 = ORIENTED_EDGE ( 'NONE', *, *, #2535, .F. ) ;
#3493 = CARTESIAN_POINT ( 'NONE',  ( 276.5000000000000568, 24.00000000000027001, 77.99999999999985789 ) ) ;
#3494 = VERTEX_POINT ( 'NONE', #5481 ) ;
#3495 = FACE_OUTER_BOUND ( 'NONE', #761, .T. ) ;
#3496 = CARTESIAN_POINT ( 'NONE',  ( -174.0000000000000000, -32.55000000000038085, 111.6999999999999886 ) ) ;
#3497 = ADVANCED_FACE ( 'NONE', ( #169 ), #92, .F. ) ;
#3498 = EDGE_CURVE ( 'NONE', #1408, #5049, #6813, .T. ) ;
#3499 = DIRECTION ( 'NONE',  ( 0.000000000000000000, 0.000000000000000000, -1.000000000000000000 ) ) ;
#3500 = CARTESIAN_POINT ( 'NONE',  ( 197.9999999999999716, -30.00000000000033040, 95.49999999999977263 ) ) ;
#3501 = LINE ( 'NONE', #7503, #3936 ) ;
#3502 = ORIENTED_EDGE ( 'NONE', *, *, #3106, .F. ) ;
#3503 = CARTESIAN_POINT ( 'NONE',  ( -25.00000000000000000, -31.55000000000010019, 26.74999999999976552 ) ) ;
#3504 = FACE_OUTER_BOUND ( 'NONE', #345, .T. ) ;
#3505 = EDGE_CURVE ( 'NONE', #2683, #4583, #1379, .T. ) ;
#3506 = DIRECTION ( 'NONE',  ( -0.000000000000000000, 1.000000000000000000, -3.498359009886561105E-15 ) ) ;
#3507 = CLOSED_SHELL ( 'NONE', ( #6540, #2861, #518, #2424, #5736, #4175, #721, #4091, #213, #7575, #2317, #2767, #6995, #7729, #2937, #3679, #3124, #1042, #6071, #6664, #7700, #3213, #3288, #663, #3079, #3240, #4595, #7639, #3006, #7596, #3470, #1167, #3846, #4973, #5268, #928, #5832, #5899, #5909, #651, #6722, #5162, #5998, #7716, #2963, #5566, #4364, #5512, #6712, #3739, #5413, #3032, #412, #5127, #3439, #5081, #7537, #1598, #4014, #892, #1826, #7159, #183, #1841, #1961, #6936, #5187, #3385, #313, #5377, #5503, #3974, #4043, #379, #1988, #6285, #834, #1532, #7197, #3497, #6616, #6163, #6645, #5766, #7194, #6130, #3123, #6523, #2377, #534, #3796, #4239, #4392, #4332, #7284, #7746, #4638, #6296, #5996, #256, #4986, #3475, #4759, #6311, #2108, #5744, #3226, #7317, #1760, #5524, #7511, #3544, #2620, #3254, #3820, #1061, #2375, #2435, #7725, #4523, #2341, #5595, #116, #6914, #462, #1736, #1722, #2716, #3261, #2985, #85, #5719, #3690, #3165, #1935, #594, #1344, #322, #6227, #4067, #2238, #3023, #7676, #4951, #3598, #4167, #797, #1415, #6247, #680, #3616, #1313, #6, #4723, #7234, #1438, #6512, #2088, #89, #1810, #341, #1596, #2291, #3538, #783, #2839, #7061, #285, #4743, #4357, #1635, #4913, #7016, #4408, #6275, #5323, #941, #6036, #5281, #1055, #4672, #3830, #6154, #4266, #7427, #2097, #4676, #3202, #2008, #55, #7138, #3063, #785, #5725, #7207, #4874, #4252, #7390, #6725, #7240, #1211, #2589, #6608, #6607, #5674, #2751, #7271, #1404, #6500, #5151, #326, #4796, #6792, #563, #226, #5086, #3709, #3154, #973, #6375, #6466, #1237, #7286, #6841, #3468, #912, #748, #4860, #3461, #2611, #1154, #12, #1133, #158, #1578, #6879, #3761, #3733, #4845, #168, #4406, #5918 ) ) ;
#3508 = CARTESIAN_POINT ( 'NONE',  ( 197.9999999999999716, -34.00000000000011369, 31.49999999999978684 ) ) ;
#3509 = CARTESIAN_POINT ( 'NONE',  ( -299.2617478843592380, -29.04881553646891135, 0.02602732333168766496 ) ) ;
#3510 = CARTESIAN_POINT ( 'NONE',  ( 118.9999999999999716, 34.00000000000039790, 113.1499999999999915 ) ) ;
#3511 = CIRCLE ( 'NONE', #237, 3.149999999999999911 ) ;
#3512 = ORIENTED_EDGE ( 'NONE', *, *, #1512, .F. ) ;
#3513 = DIRECTION ( 'NONE',  ( 0.000000000000000000, 0.000000000000000000, 1.000000000000000000 ) ) ;
#3514 = DIRECTION ( 'NONE',  ( 0.000000000000000000, 4.405646923115700682E-15, 1.000000000000000000 ) ) ;
#3515 = AXIS2_PLACEMENT_3D ( 'NONE', #1101, #2826, #3499 ) ;
#3516 = EDGE_CURVE ( 'NONE', #100, #5475, #4306, .T. ) ;
#3517 = DIRECTION ( 'NONE',  ( 0.000000000000000000, 0.000000000000000000, -1.000000000000000000 ) ) ;
#3518 = CARTESIAN_POINT ( 'NONE',  ( -174.0000000000000000, -30.00000000000037659, 108.2999999999999829 ) ) ;
#3519 = DIRECTION ( 'NONE',  ( 0.000000000000000000, -3.083952846181006649E-15, 1.000000000000000000 ) ) ;
#3520 = EDGE_LOOP ( 'NONE', ( #3612, #956, #3626, #5982 ) ) ;
#3521 = DIRECTION ( 'NONE',  ( -0.000000000000000000, -1.000000000000000000, -0.000000000000000000 ) ) ;
#3522 = ORIENTED_EDGE ( 'NONE', *, *, #368, .F. ) ;
#3523 = CARTESIAN_POINT ( 'NONE',  ( 299.0000000000000568, -29.00000000000000355, 0.04040000000000368297 ) ) ;
#3524 = AXIS2_PLACEMENT_3D ( 'NONE', #6786, #1329, #2650 ) ;
#3525 = ORIENTED_EDGE ( 'NONE', *, *, #1657, .F. ) ;
#3526 = ORIENTED_EDGE ( 'NONE', *, *, #2914, .F. ) ;
#3527 = VECTOR ( 'NONE', #5381, 1000.000000000000000 ) ;
#3528 = CARTESIAN_POINT ( 'NONE',  ( -299.2928932188133331, 34.00000000000000000, -1.189166956519693879E-13 ) ) ;
#3529 = DIRECTION ( 'NONE',  ( -0.000000000000000000, -1.000000000000000000, -0.000000000000000000 ) ) ;
#3530 = EDGE_CURVE ( 'NONE', #5740, #3999, #949, .T. ) ;
#3531 = ORIENTED_EDGE ( 'NONE', *, *, #4515, .F. ) ;
#3532 = DIRECTION ( 'NONE',  ( 0.000000000000000000, 1.000000000000000000, -3.504141421473150331E-15 ) ) ;
#3533 = ORIENTED_EDGE ( 'NONE', *, *, #3624, .T. ) ;
#3534 = DIRECTION ( 'NONE',  ( -0.000000000000000000, 1.000000000000000000, 3.498359009886561105E-15 ) ) ;
#3535 = DIRECTION ( 'NONE',  ( 0.000000000000000000, 0.000000000000000000, -1.000000000000000000 ) ) ;
#3536 = AXIS2_PLACEMENT_3D ( 'NONE', #2630, #3115, #2000 ) ;
#3537 = CARTESIAN_POINT ( 'NONE',  ( 243.4350288425439146, -31.85000000000017550, 48.11497115745530095 ) ) ;
#3538 = ADVANCED_FACE ( 'NONE', ( #3899 ), #5789, .F. ) ;
#3539 = DIRECTION ( 'NONE',  ( 0.000000000000000000, -4.081702296415999431E-15, -1.000000000000000000 ) ) ;
#3540 = CIRCLE ( 'NONE', #144, 1.700000000000007061 ) ;
#3541 = LINE ( 'NONE', #6602, #46 ) ;
#3542 = ORIENTED_EDGE ( 'NONE', *, *, #4971, .T. ) ;
#3543 = CARTESIAN_POINT ( 'NONE',  ( 299.2928932188134468, -28.99999999999999645, -8.673617379884035472E-15 ) ) ;
#3544 = ADVANCED_FACE ( 'NONE', ( #2245 ), #7572, .F. ) ;
#3545 = CARTESIAN_POINT ( 'NONE',  ( -243.4350288425439146, -34.00000000000017764, 50.06497115745530380 ) ) ;
#3546 = DIRECTION ( 'NONE',  ( -0.000000000000000000, -1.000000000000000000, -0.000000000000000000 ) ) ;
#3547 = AXIS2_PLACEMENT_3D ( 'NONE', #5777, #6909, #1522 ) ;
#3548 = EDGE_CURVE ( 'NONE', #6265, #3215, #5165, .T. ) ;
#3549 = CARTESIAN_POINT ( 'NONE',  ( -118.9999999999999716, -32.55000000000038085, 109.9999999999999858 ) ) ;
#3550 = LINE ( 'NONE', #1298, #4934 ) ;
#3551 = CARTESIAN_POINT ( 'NONE',  ( 197.9999999999999716, -31.55000000000010729, 31.49999999999978684 ) ) ;
#3552 = CIRCLE ( 'NONE', #560, 2.250000000000001776 ) ;
#3553 = ORIENTED_EDGE ( 'NONE', *, *, #1840, .T. ) ;
#3554 = FACE_OUTER_BOUND ( 'NONE', #5020, .T. ) ;
#3555 = AXIS2_PLACEMENT_3D ( 'NONE', #344, #7457, #384 ) ;
#3556 = AXIS2_PLACEMENT_3D ( 'NONE', #1420, #2632, #7320 ) ;
#3557 = CARTESIAN_POINT ( 'NONE',  ( -284.0000000000000000, -30.00000000000038369, 109.9999999999999858 ) ) ;
#3558 = DIRECTION ( 'NONE',  ( -0.000000000000000000, 1.000000000000000000, -3.498359009886561105E-15 ) ) ;
#3559 = FACE_OUTER_BOUND ( 'NONE', #1547, .T. ) ;
#3560 = ORIENTED_EDGE ( 'NONE', *, *, #5939, .F. ) ;
#3561 = DIRECTION ( 'NONE',  ( -0.000000000000000000, 1.000000000000000000, -3.504141421473150331E-15 ) ) ;
#3562 = ORIENTED_EDGE ( 'NONE', *, *, #1974, .F. ) ;
#3563 = VECTOR ( 'NONE', #445, 1000.000000000000000 ) ;
#3564 = CARTESIAN_POINT ( 'NONE',  ( 276.5000000000000568, 34.00000000000027001, 77.99999999999985789 ) ) ;
#3565 = AXIS2_PLACEMENT_3D ( 'NONE', #317, #5827, #1603 ) ;
#3566 = EDGE_LOOP ( 'NONE', ( #6965, #539, #6782, #5611 ) ) ;
#3567 = EDGE_CURVE ( 'NONE', #548, #6823, #6882, .T. ) ;
#3568 = EDGE_CURVE ( 'NONE', #879, #3135, #2163, .T. ) ;
#3569 = EDGE_LOOP ( 'NONE', ( #5523, #406, #7296, #4686 ) ) ;
#3570 = AXIS2_PLACEMENT_3D ( 'NONE', #1058, #3534, #1099 ) ;
#3571 = CARTESIAN_POINT ( 'NONE',  ( 216.5649711574557443, -34.00000000000027001, 81.03502884254469052 ) ) ;
#3572 = ORIENTED_EDGE ( 'NONE', *, *, #1070, .T. ) ;
#3573 = LINE ( 'NONE', #5977, #3317 ) ;
#3574 = ORIENTED_EDGE ( 'NONE', *, *, #6097, .T. ) ;
#3575 = DIRECTION ( 'NONE',  ( 0.000000000000000000, 3.083952846180988111E-15, 1.000000000000000000 ) ) ;
#3576 = DIRECTION ( 'NONE',  ( 0.000000000000000000, 2.952720810173286943E-15, 1.000000000000000000 ) ) ;
#3577 = VERTEX_POINT ( 'NONE', #2797 ) ;
#3578 = AXIS2_PLACEMENT_3D ( 'NONE', #813, #1440, #2654 ) ;
#3579 = CARTESIAN_POINT ( 'NONE',  ( -63.99999999999997158, -34.00000000000038369, 106.8499999999999801 ) ) ;
#3580 = VECTOR ( 'NONE', #4819, 1000.000000000000000 ) ;
#3581 = DIRECTION ( 'NONE',  ( -0.000000000000000000, 1.000000000000000000, 3.498359009886561105E-15 ) ) ;
#3582 = LINE ( 'NONE', #1182, #2425 ) ;
#3583 = VERTEX_POINT ( 'NONE', #4611 ) ;
#3584 = DIRECTION ( 'NONE',  ( 0.000000000000000000, 0.000000000000000000, -1.000000000000000000 ) ) ;
#3585 = DIRECTION ( 'NONE',  ( 0.000000000000000000, 0.000000000000000000, -1.000000000000000000 ) ) ;
#3586 = AXIS2_PLACEMENT_3D ( 'NONE', #5282, #5319, #4055 ) ;
#3587 = EDGE_CURVE ( 'NONE', #2889, #5100, #6573, .T. ) ;
#3588 = EDGE_CURVE ( 'NONE', #6274, #3730, #7121, .T. ) ;
#3589 = DIRECTION ( 'NONE',  ( -0.000000000000000000, -1.000000000000000000, -0.000000000000000000 ) ) ;
#3590 = CARTESIAN_POINT ( 'NONE',  ( 244.4999999999997442, 24.00000000000039080, 110.0000000000000853 ) ) ;
#3591 = AXIS2_PLACEMENT_3D ( 'NONE', #4247, #5466, #6641 ) ;
#3592 = FACE_OUTER_BOUND ( 'NONE', #6959, .T. ) ;
#3593 = ORIENTED_EDGE ( 'NONE', *, *, #1816, .T. ) ;
#3594 = SHAPE_DEFINITION_REPRESENTATION ( #7134, #1694 ) ;
#3595 = DIRECTION ( 'NONE',  ( 0.000000000000000000, 0.000000000000000000, -1.000000000000000000 ) ) ;
#3596 = EDGE_CURVE ( 'NONE', #841, #2813, #4142, .T. ) ;
#3597 = AXIS2_PLACEMENT_3D ( 'NONE', #2726, #4503, #3991 ) ;
#3598 = ADVANCED_FACE ( 'NONE', ( #2876 ), #4769, .F. ) ;
#3599 = DIRECTION ( 'NONE',  ( 0.000000000000000000, 3.083952846180992055E-15, 1.000000000000000000 ) ) ;
#3600 = CARTESIAN_POINT ( 'NONE',  ( 160.0000000000000284, 24.00000000000011013, 31.50000000000002132 ) ) ;
#3601 = FACE_OUTER_BOUND ( 'NONE', #588, .T. ) ;
#3602 = VERTEX_POINT ( 'NONE', #568 ) ;
#3603 = CARTESIAN_POINT ( 'NONE',  ( -298.9999999999999432, -29.29289321881345742, 1.000000000000004663 ) ) ;
#3604 = ORIENTED_EDGE ( 'NONE', *, *, #1892, .F. ) ;
#3605 = CIRCLE ( 'NONE', #202, 1.699999999999979305 ) ;
#3606 = CARTESIAN_POINT ( 'NONE',  ( 303.4038833973054921, -29.19526214587563828, -1.538239661069362496 ) ) ;
#3607 = EDGE_LOOP ( 'NONE', ( #7090, #1010, #396, #5211 ) ) ;
#3608 = ORIENTED_EDGE ( 'NONE', *, *, #4311, .F. ) ;
#3609 = FACE_BOUND ( 'NONE', #4585, .T. ) ;
#3610 = EDGE_LOOP ( 'NONE', ( #5731, #6511 ) ) ;
#3611 = FACE_OUTER_BOUND ( 'NONE', #5881, .T. ) ;
#3612 = ORIENTED_EDGE ( 'NONE', *, *, #7531, .F. ) ;
#3613 = DIRECTION ( 'NONE',  ( -0.000000000000000000, 1.000000000000000000, -3.504141421473150331E-15 ) ) ;
#3614 = ORIENTED_EDGE ( 'NONE', *, *, #5119, .F. ) ;
#3615 = DIRECTION ( 'NONE',  ( 0.000000000000000000, 4.081702296416066484E-15, 1.000000000000000000 ) ) ;
#3616 = ADVANCED_FACE ( 'NONE', ( #3592 ), #1809, .F. ) ;
#3617 = CARTESIAN_POINT ( 'NONE',  ( 0.000000000000000000, 30.00000000000038725, 110.0000000000000568 ) ) ;
#3618 = ORIENTED_EDGE ( 'NONE', *, *, #2770, .F. ) ;
#3619 = LINE ( 'NONE', #4, #5572 ) ;
#3620 = DIRECTION ( 'NONE',  ( 3.700743415417188731E-15, 0.000000000000000000, 1.000000000000000000 ) ) ;
#3621 = CONICAL_SURFACE ( 'NONE', #1990, 3.149999999999986144, 0.7853981633974507215 ) ;
#3622 = DIRECTION ( 'NONE',  ( -3.491481338843133355E-15, 0.000000000000000000, -1.000000000000000000 ) ) ;
#3623 = DIRECTION ( 'NONE',  ( 0.000000000000000000, 3.504141421473150331E-15, 1.000000000000000000 ) ) ;
#3624 = EDGE_CURVE ( 'NONE', #550, #4491, #6029, .T. ) ;
#3625 = DIRECTION ( 'NONE',  ( 0.000000000000000000, 3.083952846180997183E-15, 1.000000000000000000 ) ) ;
#3626 = ORIENTED_EDGE ( 'NONE', *, *, #1608, .T. ) ;
#3627 = CARTESIAN_POINT ( 'NONE',  ( 0.000000000000000000, 0.000000000000000000, 0.000000000000000000 ) ) ;
#3628 = AXIS2_PLACEMENT_3D ( 'NONE', #711, #4959, #6686 ) ;
#3629 = CARTESIAN_POINT ( 'NONE',  ( 244.4999999999997442, 30.00000000000038725, 110.0000000000000568 ) ) ;
#3630 = AXIS2_PLACEMENT_3D ( 'NONE', #1496, #4533, #2800 ) ;
#3631 = DIRECTION ( 'NONE',  ( -0.000000000000000000, -1.000000000000000000, -0.000000000000000000 ) ) ;
#3632 = CYLINDRICAL_SURFACE ( 'NONE', #4286, 1.000000000000000888 ) ;
#3633 = AXIS2_PLACEMENT_3D ( 'NONE', #521, #2834, #481 ) ;
#3634 = CARTESIAN_POINT ( 'NONE',  ( 25.00000000000000000, -34.00000000000031264, 88.99999999999972999 ) ) ;
#3635 = ORIENTED_EDGE ( 'NONE', *, *, #2423, .T. ) ;
#3636 = DIRECTION ( 'NONE',  ( -0.000000000000000000, 1.000000000000000000, 3.498359009886561105E-15 ) ) ;
#3637 = VERTEX_POINT ( 'NONE', #2397 ) ;
#3638 = EDGE_CURVE ( 'NONE', #766, #4530, #2538, .T. ) ;
#3639 = CARTESIAN_POINT ( 'NONE',  ( 0.000000000000000000, 34.00000000000021316, 58.99999999999999289 ) ) ;
#3640 = ORIENTED_EDGE ( 'NONE', *, *, #3341, .T. ) ;
#3641 = CONICAL_SURFACE ( 'NONE', #4011, 4.700000000000009948, 0.7853981633974482790 ) ;
#3642 = EDGE_LOOP ( 'NONE', ( #6413, #7191, #7411, #2054 ) ) ;
#3643 = FACE_BOUND ( 'NONE', #5088, .T. ) ;
#3644 = ORIENTED_EDGE ( 'NONE', *, *, #5752, .F. ) ;
#3645 = AXIS2_PLACEMENT_3D ( 'NONE', #3369, #2265, #5184 ) ;
#3646 = DIRECTION ( 'NONE',  ( -0.000000000000000000, -1.000000000000000000, -0.000000000000000000 ) ) ;
#3647 = EDGE_LOOP ( 'NONE', ( #1718, #5496, #6838, #3883 ) ) ;
#3648 = DIRECTION ( 'NONE',  ( 0.000000000000000000, 0.000000000000000000, -1.000000000000000000 ) ) ;
#3649 = ORIENTED_EDGE ( 'NONE', *, *, #6732, .T. ) ;
#3650 = CIRCLE ( 'NONE', #1256, 1.700000000000007061 ) ;
#3651 = CIRCLE ( 'NONE', #382, 1.699999999999993072 ) ;
#3652 = LINE ( 'NONE', #1797, #2259 ) ;
#3653 = DIRECTION ( 'NONE',  ( 0.000000000000000000, -3.469446951953607878E-15, -1.000000000000000000 ) ) ;
#3654 = VERTEX_POINT ( 'NONE', #7237 ) ;
#3655 = CARTESIAN_POINT ( 'NONE',  ( -25.00000000000000000, 34.00000000000021316, 58.99999999999999289 ) ) ;
#3656 = DIRECTION ( 'NONE',  ( 0.000000000000000000, 4.081702296415999431E-15, 1.000000000000000000 ) ) ;
#3657 = AXIS2_PLACEMENT_3D ( 'NONE', #6544, #1158, #5294 ) ;
#3658 = EDGE_CURVE ( 'NONE', #5405, #2467, #7675, .T. ) ;
#3659 = AXIS2_PLACEMENT_3D ( 'NONE', #1257, #1877, #48 ) ;
#3660 = DIRECTION ( 'NONE',  ( -0.000000000000000000, 1.000000000000000000, -3.504141421473150331E-15 ) ) ;
#3661 = LINE ( 'NONE', #7267, #1177 ) ;
#3662 = FACE_OUTER_BOUND ( 'NONE', #121, .T. ) ;
#3663 = ORIENTED_EDGE ( 'NONE', *, *, #5504, .T. ) ;
#3664 = VECTOR ( 'NONE', #2951, 1000.000000000000114 ) ;
#3665 = CARTESIAN_POINT ( 'NONE',  ( -118.9999999999999716, 34.00000000000038369, 109.9999999999999858 ) ) ;
#3666 = DIRECTION ( 'NONE',  ( -0.000000000000000000, 1.000000000000000000, -3.498359009886561105E-15 ) ) ;
#3667 = CIRCLE ( 'NONE', #6679, 2.250000000000001776 ) ;
#3668 = DIRECTION ( 'NONE',  ( 0.000000000000000000, -1.000000000000000000, 3.498359009886561105E-15 ) ) ;
#3669 = CARTESIAN_POINT ( 'NONE',  ( 216.5649711574557443, -34.00000000000027001, 72.83502884254471610 ) ) ;
#3670 = LINE ( 'NONE', #5404, #1034 ) ;
#3671 = ORIENTED_EDGE ( 'NONE', *, *, #2128, .F. ) ;
#3672 = CARTESIAN_POINT ( 'NONE',  ( 0.000000000000000000, 30.00000000000038725, 110.0000000000000000 ) ) ;
#3673 = ORIENTED_EDGE ( 'NONE', *, *, #1840, .F. ) ;
#3674 = CYLINDRICAL_SURFACE ( 'NONE', #4049, 2.249999999999998668 ) ;
#3675 = VERTEX_POINT ( 'NONE', #6537 ) ;
#3676 = AXIS2_PLACEMENT_3D ( 'NONE', #6733, #5267, #1267 ) ;
#3677 = EDGE_CURVE ( 'NONE', #4501, #4208, #3179, .T. ) ;
#3678 = EDGE_LOOP ( 'NONE', ( #7256, #5271, #2708, #3250 ) ) ;
#3679 = ADVANCED_FACE ( 'NONE', ( #4735 ), #4696, .F. ) ;
#3680 = LINE ( 'NONE', #4715, #3527 ) ;
#3681 = AXIS2_PLACEMENT_3D ( 'NONE', #6681, #7201, #4290 ) ;
#3682 = ORIENTED_EDGE ( 'NONE', *, *, #718, .T. ) ;
#3683 = CONICAL_SURFACE ( 'NONE', #3565, 4.699999999999981526, 0.7853981633974482790 ) ;
#3684 = LINE ( 'NONE', #4424, #186 ) ;
#3685 = ORIENTED_EDGE ( 'NONE', *, *, #5656, .F. ) ;
#3686 = LINE ( 'NONE', #2462, #7232 ) ;
#3687 = ORIENTED_EDGE ( 'NONE', *, *, #4489, .T. ) ;
#3688 = AXIS2_PLACEMENT_3D ( 'NONE', #3420, #1103, #2235 ) ;
#3689 = AXIS2_PLACEMENT_3D ( 'NONE', #1174, #429, #1638 ) ;
#3690 = ADVANCED_FACE ( 'NONE', ( #5876 ), #2917, .F. ) ;
#3691 = DIRECTION ( 'NONE',  ( 0.000000000000000000, 0.000000000000000000, -1.000000000000000000 ) ) ;
#3692 = EDGE_CURVE ( 'NONE', #2309, #3844, #4931, .T. ) ;
#3693 = PLANE ( 'NONE',  #6083 ) ;
#3694 = EDGE_CURVE ( 'NONE', #2929, #979, #3804, .T. ) ;
#3695 = VERTEX_POINT ( 'NONE', #6578 ) ;
#3696 = DIRECTION ( 'NONE',  ( -0.000000000000000000, -1.000000000000000000, -0.000000000000000000 ) ) ;
#3697 = AXIS2_PLACEMENT_3D ( 'NONE', #507, #2899, #7141 ) ;
#3698 = CARTESIAN_POINT ( 'NONE',  ( 25.00000000000000000, 34.00000000000009237, 24.29999999999999005 ) ) ;
#3699 = VECTOR ( 'NONE', #805, 1000.000000000000000 ) ;
#3700 = CARTESIAN_POINT ( 'NONE',  ( -299.9999999999999432, 29.29289321881345742, 0.000000000000000000 ) ) ;
#3701 = CARTESIAN_POINT ( 'NONE',  ( -197.9999999999999716, -30.00000000000033040, 95.49999999999977263 ) ) ;
#3702 = EDGE_CURVE ( 'NONE', #4504, #4044, #3036, .T. ) ;
#3703 = CARTESIAN_POINT ( 'NONE',  ( -244.4999999999997442, 30.00000000000006040, 17.00000000000000711 ) ) ;
#3704 = VERTEX_POINT ( 'NONE', #2330 ) ;
#3705 = AXIS2_PLACEMENT_3D ( 'NONE', #2911, #3864, #2279 ) ;
#3706 = FACE_OUTER_BOUND ( 'NONE', #2689, .T. ) ;
#3707 = DIRECTION ( 'NONE',  ( 0.000000000000000000, 0.000000000000000000, -1.000000000000000000 ) ) ;
#3708 = CARTESIAN_POINT ( 'NONE',  ( -197.9999999999999716, -30.00000000000033751, 97.74999999999978684 ) ) ;
#3709 = ADVANCED_FACE ( 'NONE', ( #5956 ), #5994, .F. ) ;
#3710 = DIRECTION ( 'NONE',  ( -0.000000000000000000, 1.000000000000000000, -3.498359009886561105E-15 ) ) ;
#3711 = CARTESIAN_POINT ( 'NONE',  ( -299.9595999999999094, 29.26848119921735503, 0.8743668056868899585 ) ) ;
#3712 = DIRECTION ( 'NONE',  ( 0.000000000000000000, -3.469446951953612611E-15, -1.000000000000000000 ) ) ;
#3713 = VERTEX_POINT ( 'NONE', #4221 ) ;
#3714 = FACE_OUTER_BOUND ( 'NONE', #4591, .T. ) ;
#3715 = ORIENTED_EDGE ( 'NONE', *, *, #1946, .F. ) ;
#3716 = CIRCLE ( 'NONE', #6842, 3.149999999999999911 ) ;
#3717 = ORIENTED_EDGE ( 'NONE', *, *, #5099, .F. ) ;
#3718 = PLANE ( 'NONE',  #2505 ) ;
#3719 = AXIS2_PLACEMENT_3D ( 'NONE', #5136, #419, #2258 ) ;
#3720 = DIRECTION ( 'NONE',  ( 0.000000000000000000, 4.405646923115719615E-15, 1.000000000000000000 ) ) ;
#3721 = ORIENTED_EDGE ( 'NONE', *, *, #173, .T. ) ;
#3722 = DIRECTION ( 'NONE',  ( 0.000000000000000000, -1.000000000000000000, 3.498359009886561105E-15 ) ) ;
#3723 = EDGE_LOOP ( 'NONE', ( #5644, #6666 ) ) ;
#3724 = EDGE_CURVE ( 'NONE', #4888, #2429, #7311, .T. ) ;
#3725 = CARTESIAN_POINT ( 'NONE',  ( 63.99999999999997158, 34.00000000000038369, 109.9999999999999858 ) ) ;
#3726 = ORIENTED_EDGE ( 'NONE', *, *, #5533, .F. ) ;
#3727 = VERTEX_POINT ( 'NONE', #3703 ) ;
#3728 = CARTESIAN_POINT ( 'NONE',  ( -299.9999999999999432, 29.29289321881345742, 1.000000000000000888 ) ) ;
#3729 = LINE ( 'NONE', #1363, #2555 ) ;
#3730 = VERTEX_POINT ( 'NONE', #7424 ) ;
#3731 = DIRECTION ( 'NONE',  ( 1.000000000000000000, 0.000000000000000000, 0.000000000000000000 ) ) ;
#3732 = LINE ( 'NONE', #2658, #1075 ) ;
#3733 = ADVANCED_FACE ( 'NONE', ( #4956 ), #2794, .F. ) ;
#3734 = LINE ( 'NONE', #6137, #1889 ) ;
#3735 = CARTESIAN_POINT ( 'NONE',  ( -284.0000000000000000, 30.00000000000038014, 108.3000000000000256 ) ) ;
#3736 = FACE_BOUND ( 'NONE', #4269, .T. ) ;
#3737 = ORIENTED_EDGE ( 'NONE', *, *, #6087, .T. ) ;
#3738 = DIRECTION ( 'NONE',  ( 0.000000000000000000, 3.469446951953635488E-15, 1.000000000000000000 ) ) ;
#3739 = ADVANCED_FACE ( 'NONE', ( #4996 ), #3149, .F. ) ;
#3740 = DIRECTION ( 'NONE',  ( 0.000000000000000000, 0.000000000000000000, -1.000000000000000000 ) ) ;
#3741 = CARTESIAN_POINT ( 'NONE',  ( 299.1952621458756880, -33.40388339730544232, -1.538239661069382924 ) ) ;
#3742 = LINE ( 'NONE', #3084, #6803 ) ;
#3743 = CARTESIAN_POINT ( 'NONE',  ( -303.3689319417712227, 29.19526214587564183, -1.518094901854526224 ) ) ;
#3744 = VECTOR ( 'NONE', #2116, 1000.000000000000114 ) ;
#3745 = CARTESIAN_POINT ( 'NONE',  ( 25.00000000000000000, -34.00000000000010658, 28.99999999999975131 ) ) ;
#3746 = EDGE_LOOP ( 'NONE', ( #2140, #6155, #6869, #1845 ) ) ;
#3747 = CARTESIAN_POINT ( 'NONE',  ( 284.0000000000000000, 30.00000000000038725, 110.0000000000000000 ) ) ;
#3748 = ORIENTED_EDGE ( 'NONE', *, *, #4287, .T. ) ;
#3749 = EDGE_CURVE ( 'NONE', #620, #3577, #6192, .T. ) ;
#3750 = CIRCLE ( 'NONE', #3633, 1.699999999999993072 ) ;
#3751 = ORIENTED_EDGE ( 'NONE', *, *, #337, .T. ) ;
#3752 = DIRECTION ( 'NONE',  ( 0.000000000000000000, -4.081702296416033352E-15, -1.000000000000000000 ) ) ;
#3753 = DIRECTION ( 'NONE',  ( 0.000000000000000000, 0.000000000000000000, -1.000000000000000000 ) ) ;
#3754 = VERTEX_POINT ( 'NONE', #2033 ) ;
#3755 = PLANE ( 'NONE',  #2950 ) ;
#3756 = VERTEX_POINT ( 'NONE', #4367 ) ;
#3757 = CARTESIAN_POINT ( 'NONE',  ( -299.0976310729377587, 29.48327277356391818, 0.1615145817352585111 ) ) ;
#3758 = AXIS2_PLACEMENT_3D ( 'NONE', #4004, #2739, #6366 ) ;
#3759 = ORIENTED_EDGE ( 'NONE', *, *, #4063, .T. ) ;
#3760 = EDGE_LOOP ( 'NONE', ( #1209, #4552, #3480, #2136 ) ) ;
#3761 = ADVANCED_FACE ( 'NONE', ( #7310 ), #6798, .F. ) ;
#3762 = CONICAL_SURFACE ( 'NONE', #632, 4.699999999999995737, 0.7853981633974490562 ) ;
#3763 = CARTESIAN_POINT ( 'NONE',  ( -299.0244077682343686, -29.65449846949787727, -4.000000000000010658 ) ) ;
#3764 = DIRECTION ( 'NONE',  ( 0.000000000000000000, -0.7071067811865470176, -0.7071067811865481278 ) ) ;
#3765 = ORIENTED_EDGE ( 'NONE', *, *, #5255, .T. ) ;
#3766 = DIRECTION ( 'NONE',  ( 0.000000000000000000, 0.000000000000000000, -1.000000000000000000 ) ) ;
#3767 = DIRECTION ( 'NONE',  ( 0.000000000000000000, -1.000000000000000000, 3.498359009886561105E-15 ) ) ;
#3768 = VECTOR ( 'NONE', #6267, 1000.000000000000000 ) ;
#3769 = EDGE_CURVE ( 'NONE', #6568, #2294, #5948, .T. ) ;
#3770 = EDGE_CURVE ( 'NONE', #6538, #2608, #2426, .T. ) ;
#3771 = AXIS2_PLACEMENT_3D ( 'NONE', #6966, #6380, #5712 ) ;
#3772 = DIRECTION ( 'NONE',  ( -0.000000000000000000, -1.000000000000000000, -0.000000000000000000 ) ) ;
#3773 = AXIS2_PLACEMENT_3D ( 'NONE', #126, #1305, #4411 ) ;
#3774 = CARTESIAN_POINT ( 'NONE',  ( 118.9999999999999716, 30.00000000000039435, 111.6999999999999886 ) ) ;
#3775 = FACE_BOUND ( 'NONE', #1350, .T. ) ;
#3776 = ORIENTED_EDGE ( 'NONE', *, *, #6172, .F. ) ;
#3777 = DIRECTION ( 'NONE',  ( 8.659560562354932858E-17, 0.7071067811865451302, -0.7071067811865500152 ) ) ;
#3778 = VECTOR ( 'NONE', #4816, 1000.000000000000000 ) ;
#3779 = DIRECTION ( 'NONE',  ( 0.000000000000000000, 4.081702296416066484E-15, 1.000000000000000000 ) ) ;
#3780 = EDGE_CURVE ( 'NONE', #7327, #1301, #6446, .T. ) ;
#3781 = CARTESIAN_POINT ( 'NONE',  ( -174.0000000000000000, -34.00000000000038369, 106.8499999999999943 ) ) ;
#3782 = CARTESIAN_POINT ( 'NONE',  ( 0.000000000000000000, 30.00000000000031619, 89.00000000000000000 ) ) ;
#3783 = CARTESIAN_POINT ( 'NONE',  ( 160.0000000000000284, 24.00000000000011013, 31.50000000000002132 ) ) ;
#3784 = VECTOR ( 'NONE', #7633, 1000.000000000000114 ) ;
#3785 = CARTESIAN_POINT ( 'NONE',  ( 284.0000000000000000, 34.00000000000036948, 106.8499999999999943 ) ) ;
#3786 = EDGE_LOOP ( 'NONE', ( #5374, #1066, #4754, #1326 ) ) ;
#3787 = CYLINDRICAL_SURFACE ( 'NONE', #3346, 1.699999999999979305 ) ;
#3788 = ORIENTED_EDGE ( 'NONE', *, *, #7649, .T. ) ;
#3789 = EDGE_CURVE ( 'NONE', #1077, #3432, #7070, .T. ) ;
#3790 = VECTOR ( 'NONE', #937, 1000.000000000000000 ) ;
#3791 = ORIENTED_EDGE ( 'NONE', *, *, #5456, .T. ) ;
#3792 = CARTESIAN_POINT ( 'NONE',  ( 63.99999999999997158, 34.00000000000039080, 111.6999999999999744 ) ) ;
#3793 = CARTESIAN_POINT ( 'NONE',  ( 174.0000000000000000, -30.00000000000038369, 109.9999999999999858 ) ) ;
#3794 = ORIENTED_EDGE ( 'NONE', *, *, #4834, .F. ) ;
#3795 = FACE_BOUND ( 'NONE', #6379, .T. ) ;
#3796 = ADVANCED_FACE ( 'NONE', ( #2552, #1337, #3190, #6646, #2507, #4331, #1371, #1994, #1260, #2624, #1409, #7348, #1956, #6724, #779, #5589, #3775, #6139, #742, #3736, #3662, #6176 ), #199, .F. ) ;
#3797 = ORIENTED_EDGE ( 'NONE', *, *, #3393, .F. ) ;
#3798 = VECTOR ( 'NONE', #3880, 1000.000000000000000 ) ;
#3799 = CARTESIAN_POINT ( 'NONE',  ( -299.1952621458755175, 33.36893194177129374, -1.518094901854504464 ) ) ;
#3800 = CIRCLE ( 'NONE', #5313, 1.950000000000007283 ) ;
#3801 = ORIENTED_EDGE ( 'NONE', *, *, #2436, .F. ) ;
#3802 = EDGE_LOOP ( 'NONE', ( #5877, #4358, #965, #6125 ) ) ;
#3803 = AXIS2_PLACEMENT_3D ( 'NONE', #5546, #5588, #157 ) ;
#3804 = CIRCLE ( 'NONE', #5565, 2.250000000000001776 ) ;
#3805 = LINE ( 'NONE', #2614, #1255 ) ;
#3806 = DIRECTION ( 'NONE',  ( -0.000000000000000000, -1.000000000000000000, -0.000000000000000000 ) ) ;
#3807 = ORIENTED_EDGE ( 'NONE', *, *, #5961, .T. ) ;
#3808 = CARTESIAN_POINT ( 'NONE',  ( 299.2928932188134468, -34.00000000000041922, 119.9999999999999858 ) ) ;
#3809 = DIRECTION ( 'NONE',  ( 8.659560562354932858E-17, -0.7071067811865474617, 0.7071067811865474617 ) ) ;
#3810 = CIRCLE ( 'NONE', #5828, 1.950000000000007283 ) ;
#3811 = AXIS2_PLACEMENT_3D ( 'NONE', #3466, #1067, #5870 ) ;
#3812 = CIRCLE ( 'NONE', #3193, 4.099999999999992539 ) ;
#3813 = CARTESIAN_POINT ( 'NONE',  ( -25.00000000000000000, 34.00000000000009237, 24.29999999999999361 ) ) ;
#3814 = CARTESIAN_POINT ( 'NONE',  ( 243.4350288425443978, -34.00000000000027001, 76.93502884254417040 ) ) ;
#3815 = VERTEX_POINT ( 'NONE', #6216 ) ;
#3816 = DIRECTION ( 'NONE',  ( 0.000000000000000000, -3.498359009886561105E-15, -1.000000000000000000 ) ) ;
#3817 = ORIENTED_EDGE ( 'NONE', *, *, #4110, .F. ) ;
#3818 = EDGE_CURVE ( 'NONE', #4868, #3391, #164, .T. ) ;
#3819 = FACE_BOUND ( 'NONE', #7184, .T. ) ;
#3820 = ADVANCED_FACE ( 'NONE', ( #4291 ), #437, .T. ) ;
#3821 = DIRECTION ( 'NONE',  ( -0.000000000000000000, -1.000000000000000000, -0.000000000000000000 ) ) ;
#3822 = DIRECTION ( 'NONE',  ( 0.000000000000000000, -3.469446951953631938E-15, -1.000000000000000000 ) ) ;
#3823 = DIRECTION ( 'NONE',  ( -0.000000000000000000, -1.000000000000000000, -0.000000000000000000 ) ) ;
#3824 = CIRCLE ( 'NONE', #7339, 1.950000000000007283 ) ;
#3825 = CARTESIAN_POINT ( 'NONE',  ( -301.5382396610692126, 29.09763107293782269, -3.403883397305470737 ) ) ;
#3826 = DIRECTION ( 'NONE',  ( 0.000000000000000000, -3.083952846180997183E-15, -1.000000000000000000 ) ) ;
#3827 = VERTEX_POINT ( 'NONE', #1020 ) ;
#3828 = LINE ( 'NONE', #1424, #5991 ) ;
#3829 = ORIENTED_EDGE ( 'NONE', *, *, #2205, .T. ) ;
#3830 = ADVANCED_FACE ( 'NONE', ( #4008 ), #3683, .F. ) ;
#3831 = EDGE_CURVE ( 'NONE', #1823, #7470, #5829, .T. ) ;
#3832 = AXIS2_PLACEMENT_3D ( 'NONE', #3200, #62, #2451 ) ;
#3833 = EDGE_CURVE ( 'NONE', #622, #3869, #1293, .T. ) ;
#3834 = ORIENTED_EDGE ( 'NONE', *, *, #4429, .T. ) ;
#3835 = DIRECTION ( 'NONE',  ( -0.000000000000000000, -1.000000000000000000, -0.000000000000000000 ) ) ;
#3836 = DIRECTION ( 'NONE',  ( -0.000000000000000000, 1.000000000000000000, -3.498359009886561105E-15 ) ) ;
#3837 = ORIENTED_EDGE ( 'NONE', *, *, #4641, .F. ) ;
#3838 = CARTESIAN_POINT ( 'NONE',  ( 0.000000000000000000, 30.00000000000000355, -1.049507702965968418E-13 ) ) ;
#3839 = ORIENTED_EDGE ( 'NONE', *, *, #107, .T. ) ;
#3840 = AXIS2_PLACEMENT_3D ( 'NONE', #6605, #6025, #631 ) ;
#3841 = CARTESIAN_POINT ( 'NONE',  ( -299.1708543776410920, 33.03032088568682667, -2.097315468673580430 ) ) ;
#3842 = EDGE_CURVE ( 'NONE', #5058, #1981, #2707, .T. ) ;
#3843 = ORIENTED_EDGE ( 'NONE', *, *, #3219, .F. ) ;
#3844 = VERTEX_POINT ( 'NONE', #397 ) ;
#3845 = ORIENTED_EDGE ( 'NONE', *, *, #7621, .F. ) ;
#3846 = ADVANCED_FACE ( 'NONE', ( #5780 ), #1796, .F. ) ;
#3847 = CIRCLE ( 'NONE', #2073, 3.149999999999999911 ) ;
#3848 = FACE_OUTER_BOUND ( 'NONE', #6281, .T. ) ;
#3849 = CYLINDRICAL_SURFACE ( 'NONE', #5201, 2.250000000000001776 ) ;
#3850 = ORIENTED_EDGE ( 'NONE', *, *, #1228, .F. ) ;
#3851 = CARTESIAN_POINT ( 'NONE',  ( 299.0976310729378724, 31.53823966106931920, -3.403883397305464964 ) ) ;
#3852 = CARTESIAN_POINT ( 'NONE',  ( 300.0000000000000568, -29.29289321881345387, 120.0000000000000000 ) ) ;
#3853 = EDGE_CURVE ( 'NONE', #6517, #811, #2830, .T. ) ;
#3854 = PLANE ( 'NONE',  #1521 ) ;
#3855 = CARTESIAN_POINT ( 'NONE',  ( 304.0000000000000568, 29.26848545057900353, 0.3455015305020800453 ) ) ;
#3856 = ORIENTED_EDGE ( 'NONE', *, *, #3225, .F. ) ;
#3857 = DIRECTION ( 'NONE',  ( 0.000000000000000000, -1.000000000000000000, 3.498359009886561105E-15 ) ) ;
#3858 = VERTEX_POINT ( 'NONE', #3306 ) ;
#3859 = DIRECTION ( 'NONE',  ( 0.000000000000000000, 0.000000000000000000, -1.000000000000000000 ) ) ;
#3860 = EDGE_CURVE ( 'NONE', #228, #3754, #670, .T. ) ;
#3861 = DIRECTION ( 'NONE',  ( 0.000000000000000000, 0.000000000000000000, 1.000000000000000000 ) ) ;
#3862 = DIRECTION ( 'NONE',  ( 0.000000000000000000, 4.405646923115719615E-15, 1.000000000000000000 ) ) ;
#3863 = CARTESIAN_POINT ( 'NONE',  ( -118.9999999999999716, 34.00000000000038369, 109.9999999999999858 ) ) ;
#3864 = DIRECTION ( 'NONE',  ( -0.000000000000000000, 1.000000000000000000, -3.498359009886561105E-15 ) ) ;
#3865 = EDGE_LOOP ( 'NONE', ( #7515, #5800, #3788, #5179 ) ) ;
#3866 = CARTESIAN_POINT ( 'NONE',  ( 0.000000000000000000, 30.00000000000031619, 89.00000000000000000 ) ) ;
#3867 = CARTESIAN_POINT ( 'NONE',  ( -243.4350288425439146, -34.00000000000017764, 54.16497115745529811 ) ) ;
#3868 = DIRECTION ( 'NONE',  ( 0.000000000000000000, -1.000000000000000000, 3.498359009886561105E-15 ) ) ;
#3869 = VERTEX_POINT ( 'NONE', #6252 ) ;
#3870 = CARTESIAN_POINT ( 'NONE',  ( -243.4350288425443978, -30.00000000000026290, 74.98502884254416756 ) ) ;
#3872 = EDGE_CURVE ( 'NONE', #5475, #100, #4197, .T. ) ;
#3871 = DIRECTION ( 'NONE',  ( 0.000000000000000000, 0.7071067811865550112, 0.7071067811865400232 ) ) ;
#3873 = ORIENTED_EDGE ( 'NONE', *, *, #983, .F. ) ;
#3874 = CARTESIAN_POINT ( 'NONE',  ( -299.2928932188133331, -30.00000000000000355, 0.9999999999999922284 ) ) ;
#3875 = ORIENTED_EDGE ( 'NONE', *, *, #5771, .T. ) ;
#3876 = CARTESIAN_POINT ( 'NONE',  ( -299.1220388411721842, 29.58971903248793467, 0.2326396980347104348 ) ) ;
#3877 = ORIENTED_EDGE ( 'NONE', *, *, #4838, .F. ) ;
#3878 = AXIS2_PLACEMENT_3D ( 'NONE', #3113, #5511, #162 ) ;
#3879 = CARTESIAN_POINT ( 'NONE',  ( 160.0000000000000284, 24.00000000000015987, 45.49999999999994316 ) ) ;
#3880 = DIRECTION ( 'NONE',  ( -0.000000000000000000, -1.000000000000000000, -0.000000000000000000 ) ) ;
#3881 = EDGE_LOOP ( 'NONE', ( #3290, #2581, #5097, #5380 ) ) ;
#3882 = DIRECTION ( 'NONE',  ( 0.000000000000000000, 4.405646923115719615E-15, 1.000000000000000000 ) ) ;
#3883 = ORIENTED_EDGE ( 'NONE', *, *, #4597, .T. ) ;
#3884 = DIRECTION ( 'NONE',  ( 0.000000000000000000, 3.083952846180992055E-15, 1.000000000000000000 ) ) ;
#3885 = LINE ( 'NONE', #6283, #817 ) ;
#3886 = AXIS2_PLACEMENT_3D ( 'NONE', #3041, #5238, #2905 ) ;
#3887 = EDGE_CURVE ( 'NONE', #3365, #2467, #2301, .T. ) ;
#3888 = CARTESIAN_POINT ( 'NONE',  ( 118.9999999999999716, -34.00000000000038369, 113.1499999999999915 ) ) ;
#3889 = CARTESIAN_POINT ( 'NONE',  ( 160.0000000000000284, 24.00000000000015987, 45.49999999999994316 ) ) ;
#3890 = ORIENTED_EDGE ( 'NONE', *, *, #5296, .T. ) ;
#3891 = DIRECTION ( 'NONE',  ( 0.000000000000000000, 0.000000000000000000, -1.000000000000000000 ) ) ;
#3892 = CIRCLE ( 'NONE', #7274, 4.099999999999992539 ) ;
#3893 = EDGE_CURVE ( 'NONE', #2144, #557, #2667, .T. ) ;
#3894 = ORIENTED_EDGE ( 'NONE', *, *, #1608, .F. ) ;
#3895 = DIRECTION ( 'NONE',  ( 0.000000000000000000, -4.081702296416033352E-15, -1.000000000000000000 ) ) ;
#3896 = AXIS2_PLACEMENT_3D ( 'NONE', #2641, #5011, #6740 ) ;
#3897 = CARTESIAN_POINT ( 'NONE',  ( 299.0000000000000568, -28.99999999999999645, 0.04039999999999132480 ) ) ;
#3898 = CARTESIAN_POINT ( 'NONE',  ( -303.9999999999999432, -29.26848105603641770, 0.3453836900929287412 ) ) ;
#3899 = FACE_OUTER_BOUND ( 'NONE', #1252, .T. ) ;
#3900 = ORIENTED_EDGE ( 'NONE', *, *, #5562, .F. ) ;
#3901 =( NAMED_UNIT ( * ) PLANE_ANGLE_UNIT ( ) SI_UNIT ( $, .RADIAN. ) );
#3902 = VECTOR ( 'NONE', #3313, 1000.000000000000114 ) ;
#3903 = DIRECTION ( 'NONE',  ( -0.000000000000000000, -1.000000000000000000, -0.000000000000000000 ) ) ;
#3904 = CYLINDRICAL_SURFACE ( 'NONE', #7784, 1.699999999999993072 ) ;
#3905 = ORIENTED_EDGE ( 'NONE', *, *, #2456, .T. ) ;
#3906 = CONICAL_SURFACE ( 'NONE', #2393, 4.700000000000009948, 0.7853981633974482790 ) ;
#3907 = CARTESIAN_POINT ( 'NONE',  ( -299.9999999999999432, -30.00000000000000355, 0.9999999999999974465 ) ) ;
#3908 = CARTESIAN_POINT ( 'NONE',  ( -216.5649711574557443, -34.00000000000027001, 72.83502884254471610 ) ) ;
#3909 = EDGE_LOOP ( 'NONE', ( #5727, #218, #3921, #177 ) ) ;
#3910 = CARTESIAN_POINT ( 'NONE',  ( 63.99999999999997158, 30.00000000000038014, 108.3000000000000114 ) ) ;
#3911 = ORIENTED_EDGE ( 'NONE', *, *, #3548, .T. ) ;
#3912 = DIRECTION ( 'NONE',  ( 0.000000000000000000, 1.000000000000000000, -3.504141421473150331E-15 ) ) ;
#3913 = ORIENTED_EDGE ( 'NONE', *, *, #3694, .T. ) ;
#3914 = EDGE_CURVE ( 'NONE', #327, #6436, #787, .T. ) ;
#3915 = EDGE_CURVE ( 'NONE', #5602, #2798, #6837, .T. ) ;
#3916 = ORIENTED_EDGE ( 'NONE', *, *, #1279, .T. ) ;
#3917 = CARTESIAN_POINT ( 'NONE',  ( -174.0000000000000000, 34.00000000000038369, 109.9999999999999858 ) ) ;
#3918 = CARTESIAN_POINT ( 'NONE',  ( -299.1952621458755743, -33.40388339730546363, -1.538239661069334741 ) ) ;
#3919 = VERTEX_POINT ( 'NONE', #4561 ) ;
#3920 = PLANE ( 'NONE',  #2046 ) ;
#3921 = ORIENTED_EDGE ( 'NONE', *, *, #7527, .T. ) ;
#3922 = LINE ( 'NONE', #1011, #4320 ) ;
#3923 = CARTESIAN_POINT ( 'NONE',  ( 63.99999999999997158, 32.55000000000037375, 108.2999999999999972 ) ) ;
#3924 = AXIS2_PLACEMENT_3D ( 'NONE', #4045, #6443, #7108 ) ;
#3925 = EDGE_CURVE ( 'NONE', #4714, #5978, #1449, .T. ) ;
#3926 = AXIS2_PLACEMENT_3D ( 'NONE', #5547, #7268, #4914 ) ;
#3927 = EDGE_CURVE ( 'NONE', #2553, #2312, #3308, .T. ) ;
#3928 = CARTESIAN_POINT ( 'NONE',  ( 299.2928932188134468, -30.00000000000000000, 0.000000000000000000 ) ) ;
#3929 = DIRECTION ( 'NONE',  ( 0.000000000000000000, 0.000000000000000000, -1.000000000000000000 ) ) ;
#3930 = VERTEX_POINT ( 'NONE', #3931 ) ;
#3931 = CARTESIAN_POINT ( 'NONE',  ( 183.4999999999999432, 30.00000000000022382, 77.99999999999984368 ) ) ;
#3932 = AXIS2_PLACEMENT_3D ( 'NONE', #3590, #3623, #5366 ) ;
#3933 = AXIS2_PLACEMENT_3D ( 'NONE', #5390, #2278, #4214 ) ;
#3934 = ORIENTED_EDGE ( 'NONE', *, *, #4144, .F. ) ;
#3935 = LINE ( 'NONE', #6415, #617 ) ;
#3936 = VECTOR ( 'NONE', #2111, 1000.000000000000000 ) ;
#3937 = AXIS2_PLACEMENT_3D ( 'NONE', #7745, #2270, #2349 ) ;
#3938 = EDGE_CURVE ( 'NONE', #2597, #5590, #5953, .T. ) ;
#3939 = CARTESIAN_POINT ( 'NONE',  ( 299.2684811977857180, -30.00000000000000000, 0.8690774982247375657 ) ) ;
#3940 = DIRECTION ( 'NONE',  ( -0.000000000000000000, -1.000000000000000000, -0.000000000000000000 ) ) ;
#3941 = CARTESIAN_POINT ( 'NONE',  ( 299.7673603019652546, 29.17085437764118794, 0.4102809675120713817 ) ) ;
#3942 = EDGE_LOOP ( 'NONE', ( #1173, #6519, #4990, #1857 ) ) ;
#3943 = CIRCLE ( 'NONE', #6954, 3.149999999999986144 ) ;
#3944 = LINE ( 'NONE', #4493, #3145 ) ;
#3945 = CARTESIAN_POINT ( 'NONE',  ( -197.9999999999999716, -34.00000000000033396, 97.74999999999978684 ) ) ;
#3946 = EDGE_CURVE ( 'NONE', #5590, #2597, #7706, .T. ) ;
#3947 = CARTESIAN_POINT ( 'NONE',  ( -25.00000000000000000, 34.00000000000031974, 91.24999999999998579 ) ) ;
#3948 = ORIENTED_EDGE ( 'NONE', *, *, #6347, .T. ) ;
#3949 = AXIS2_PLACEMENT_3D ( 'NONE', #2094, #3402, #3954 ) ;
#3950 = DIRECTION ( 'NONE',  ( 0.000000000000000000, -3.558407130208821635E-15, 1.000000000000000000 ) ) ;
#3951 = DIRECTION ( 'NONE',  ( 0.000000000000000000, 0.000000000000000000, -1.000000000000000000 ) ) ;
#3952 = ORIENTED_EDGE ( 'NONE', *, *, #818, .F. ) ;
#3953 = B_SPLINE_CURVE_WITH_KNOTS ( 'NONE', 3,
 ( #4514, #6326, #1100, #5897, #510, #2148 ),
 .UNSPECIFIED., .F., .F.,
 ( 4, 2, 4 ),
 ( 0.000000000000000000, 0.5000000000000000000, 1.000000000000000000 ),
 .UNSPECIFIED. ) ;
#3954 = DIRECTION ( 'NONE',  ( 0.000000000000000000, 0.000000000000000000, -1.000000000000000000 ) ) ;
#3955 = EDGE_LOOP ( 'NONE', ( #1140, #5957 ) ) ;
#3956 = DIRECTION ( 'NONE',  ( 0.000000000000000000, 1.000000000000000000, -3.504141421473150331E-15 ) ) ;
#3957 = ORIENTED_EDGE ( 'NONE', *, *, #4396, .F. ) ;
#3958 = AXIS2_PLACEMENT_3D ( 'NONE', #6623, #580, #7770 ) ;
#3959 = ORIENTED_EDGE ( 'NONE', *, *, #6494, .T. ) ;
#3960 = CARTESIAN_POINT ( 'NONE',  ( -304.0000000000003979, 29.29289321881345742, 119.9999999999999858 ) ) ;
#3961 = CARTESIAN_POINT ( 'NONE',  ( -284.0000000000000000, 30.00000000000039435, 111.6999999999999744 ) ) ;
#3962 = CONICAL_SURFACE ( 'NONE', #4962, 3.149999999999999911, 0.7853981633974507215 ) ;
#3963 = EDGE_CURVE ( 'NONE', #1867, #7566, #7549, .T. ) ;
#3964 = ORIENTED_EDGE ( 'NONE', *, *, #4110, .T. ) ;
#3965 = DIRECTION ( 'NONE',  ( 0.000000000000000000, 1.000000000000000000, -3.504141421473150331E-15 ) ) ;
#3966 = VERTEX_POINT ( 'NONE', #3973 ) ;
#3967 = LINE ( 'NONE', #4479, #1674 ) ;
#3968 = FACE_OUTER_BOUND ( 'NONE', #77, .T. ) ;
#3969 = CARTESIAN_POINT ( 'NONE',  ( 174.0000000000000000, 34.00000000000038369, 109.9999999999999858 ) ) ;
#3970 = CARTESIAN_POINT ( 'NONE',  ( -159.9999999999999716, 34.00000000000011369, 31.50000000000002842 ) ) ;
#3971 = CARTESIAN_POINT ( 'NONE',  ( 197.9999999999999716, -34.00000000000033396, 95.49999999999977263 ) ) ;
#3972 = ORIENTED_EDGE ( 'NONE', *, *, #1045, .T. ) ;
#3973 = CARTESIAN_POINT ( 'NONE',  ( -25.00000000000000000, 30.00000000000032330, 91.25000000000000000 ) ) ;
#3974 = ADVANCED_FACE ( 'NONE', ( #598 ), #1105, .F. ) ;
#3975 = ORIENTED_EDGE ( 'NONE', *, *, #5645, .T. ) ;
#3976 = EDGE_CURVE ( 'NONE', #2294, #6568, #5439, .T. ) ;
#3977 = FACE_BOUND ( 'NONE', #7449, .T. ) ;
#3978 = CARTESIAN_POINT ( 'NONE',  ( 299.2928932188134468, -30.00000000000000355, 0.9999999999999800160 ) ) ;
#3979 = CARTESIAN_POINT ( 'NONE',  ( -262.0000000000000000, -30.00000000000033040, 95.49999999999977263 ) ) ;
#3980 = CARTESIAN_POINT ( 'NONE',  ( 2.755455298081542313E-16, 34.00000000000030553, 86.74999999999998579 ) ) ;
#3981 = EDGE_LOOP ( 'NONE', ( #6239, #3748, #3335, #5491 ) ) ;
#3982 = DIRECTION ( 'NONE',  ( 0.000000000000000000, -4.081702296415999431E-15, 1.000000000000000000 ) ) ;
#3983 = DIRECTION ( 'NONE',  ( -0.000000000000000000, 1.000000000000000000, -3.504141421473150331E-15 ) ) ;
#3984 = CARTESIAN_POINT ( 'NONE',  ( 118.9999999999999716, -34.00000000000038369, 109.9999999999999858 ) ) ;
#3985 = VERTEX_POINT ( 'NONE', #6492 ) ;
#3986 = DIRECTION ( 'NONE',  ( -0.000000000000000000, -1.000000000000000000, -0.000000000000000000 ) ) ;
#3987 = LINE ( 'NONE', #996, #4682 ) ;
#3988 = EDGE_LOOP ( 'NONE', ( #6261, #3663, #3913, #1315 ) ) ;
#3989 = LINE ( 'NONE', #4623, #2814 ) ;
#3990 = VERTEX_POINT ( 'NONE', #558 ) ;
#3991 = DIRECTION ( 'NONE',  ( 0.000000000000000000, 0.000000000000000000, -1.000000000000000000 ) ) ;
#3992 = ORIENTED_EDGE ( 'NONE', *, *, #3770, .F. ) ;
#3993 = EDGE_CURVE ( 'NONE', #2277, #914, #1913, .T. ) ;
#3994 = EDGE_LOOP ( 'NONE', ( #1282, #5231, #809, #931 ) ) ;
#3995 = DIRECTION ( 'NONE',  ( -0.000000000000000000, 1.000000000000000000, -3.504141421473150331E-15 ) ) ;
#3996 = CARTESIAN_POINT ( 'NONE',  ( -299.9999999999999432, -29.29289321881345742, 1.000000000000000888 ) ) ;
#3997 = ORIENTED_EDGE ( 'NONE', *, *, #7662, .F. ) ;
#3998 = FACE_OUTER_BOUND ( 'NONE', #2170, .T. ) ;
#3999 = VERTEX_POINT ( 'NONE', #630 ) ;
#4000 = CARTESIAN_POINT ( 'NONE',  ( 299.2684811977857180, 30.00000000000000711, 0.8690774982247549962 ) ) ;
#4001 = CARTESIAN_POINT ( 'NONE',  ( -262.0000000000000000, -34.00000000000033396, 95.49999999999977263 ) ) ;
#4002 = AXIS2_PLACEMENT_3D ( 'NONE', #7680, #2402, #4811 ) ;
#4003 = VECTOR ( 'NONE', #5334, 1000.000000000000000 ) ;
#4004 = CARTESIAN_POINT ( 'NONE',  ( 284.0000000000000000, -32.55000000000038085, 109.9999999999999858 ) ) ;
#4005 = CARTESIAN_POINT ( 'NONE',  ( -276.4999999999999432, 34.00000000000017764, 49.00000000000022027 ) ) ;
#4006 = DIRECTION ( 'NONE',  ( 8.659560562354932858E-17, 0.7071067811865451302, -0.7071067811865500152 ) ) ;
#4007 = ORIENTED_EDGE ( 'NONE', *, *, #224, .F. ) ;
#4008 = FACE_OUTER_BOUND ( 'NONE', #1353, .T. ) ;
#4009 = LINE ( 'NONE', #5042, #311 ) ;
#4010 = VERTEX_POINT ( 'NONE', #6604 ) ;
#4011 = AXIS2_PLACEMENT_3D ( 'NONE', #165, #6730, #3740 ) ;
#4012 = CARTESIAN_POINT ( 'NONE',  ( -118.9999999999999716, 32.55000000000038085, 109.9999999999999858 ) ) ;
#4013 = EDGE_CURVE ( 'NONE', #5166, #766, #1184, .T. ) ;
#4014 = ADVANCED_FACE ( 'NONE', ( #4645 ), #2546, .F. ) ;
#4015 = DIRECTION ( 'NONE',  ( -0.000000000000000000, -1.000000000000000000, -0.000000000000000000 ) ) ;
#4016 = VECTOR ( 'NONE', #3025, 1000.000000000000000 ) ;
#4017 = CARTESIAN_POINT ( 'NONE',  ( -262.0000000000000000, -31.55000000000032756, 95.49999999999977263 ) ) ;
#4018 = CARTESIAN_POINT ( 'NONE',  ( 304.0400000000000205, 29.26848105461893113, 0.3401467520116104870 ) ) ;
#4019 = ORIENTED_EDGE ( 'NONE', *, *, #6327, .T. ) ;
#4020 = CARTESIAN_POINT ( 'NONE',  ( 183.4999999999999432, 24.00000000000017408, 49.00000000000030553 ) ) ;
#4021 = CARTESIAN_POINT ( 'NONE',  ( 0.000000000000000000, 34.00000000000032685, 93.69999999999997442 ) ) ;
#4022 = LOCAL_TIME ( 23, 14, 47.00000000000000000, #2921 ) ;
#4023 = AXIS2_PLACEMENT_3D ( 'NONE', #6775, #3093, #2568 ) ;
#4024 = EDGE_CURVE ( 'NONE', #544, #645, #7076, .T. ) ;
#4025 = CARTESIAN_POINT ( 'NONE',  ( 118.9999999999999716, 34.00000000000038369, 109.9999999999999858 ) ) ;
#4026 = ORIENTED_EDGE ( 'NONE', *, *, #3596, .T. ) ;
#4027 = LINE ( 'NONE', #5846, #4401 ) ;
#4028 = CARTESIAN_POINT ( 'NONE',  ( -216.5649711574557443, -34.00000000000027001, 76.93502884254469620 ) ) ;
#4029 = CIRCLE ( 'NONE', #6659, 2.250000000000001776 ) ;
#4030 = ORIENTED_EDGE ( 'NONE', *, *, #5172, .T. ) ;
#4031 = CIRCLE ( 'NONE', #641, 3.149999999999986144 ) ;
#4032 = CARTESIAN_POINT ( 'NONE',  ( -216.5649711574550906, -34.00000000000017764, 54.16497115745585234 ) ) ;
#4033 = ORIENTED_EDGE ( 'NONE', *, *, #1265, .T. ) ;
#4034 = DIRECTION ( 'NONE',  ( -0.000000000000000000, 1.000000000000000000, -3.504141421473150331E-15 ) ) ;
#4035 = ORIENTED_EDGE ( 'NONE', *, *, #7378, .T. ) ;
#4036 = AXIS2_PLACEMENT_3D ( 'NONE', #8, #2992, #4218 ) ;
#4037 = ORIENTED_EDGE ( 'NONE', *, *, #4450, .T. ) ;
#4038 = CARTESIAN_POINT ( 'NONE',  ( -244.4999999999999716, 30.00000000000017408, 49.00000000000000000 ) ) ;
#4039 = EDGE_CURVE ( 'NONE', #5310, #1593, #3619, .T. ) ;
#4040 = CARTESIAN_POINT ( 'NONE',  ( -299.1220388411722411, -32.07273359987458150, -2.998334211990905551 ) ) ;
#4041 = ORIENTED_EDGE ( 'NONE', *, *, #7689, .F. ) ;
#4042 = CARTESIAN_POINT ( 'NONE',  ( 25.00000000000000000, 34.00000000000021316, 58.99999999999999289 ) ) ;
#4043 = ADVANCED_FACE ( 'NONE', ( #1141 ), #6940, .F. ) ;
#4044 = VERTEX_POINT ( 'NONE', #3503 ) ;
#4045 = CARTESIAN_POINT ( 'NONE',  ( -262.0000000000000000, -34.00000000000011369, 31.49999999999978684 ) ) ;
#4046 = CARTESIAN_POINT ( 'NONE',  ( -25.00000000000000000, -34.00000000000010658, 28.99999999999975486 ) ) ;
#4047 = AXIS2_PLACEMENT_3D ( 'NONE', #6489, #4642, #4684 ) ;
#4048 = AXIS2_PLACEMENT_3D ( 'NONE', #6817, #3836, #6268 ) ;
#4050 = DIRECTION ( 'NONE',  ( 0.000000000000000000, -0.7071067811865474617, -0.7071067811865474617 ) ) ;
#4049 = AXIS2_PLACEMENT_3D ( 'NONE', #754, #6084, #2564 ) ;
#4051 = DIRECTION ( 'NONE',  ( 0.000000000000000000, 0.000000000000000000, -1.000000000000000000 ) ) ;
#4052 = CARTESIAN_POINT ( 'NONE',  ( 197.9999999999999716, -30.00000000000033040, 95.49999999999977263 ) ) ;
#4053 = ORIENTED_EDGE ( 'NONE', *, *, #6952, .T. ) ;
#4054 = CARTESIAN_POINT ( 'NONE',  ( 216.5649711574550906, -34.00000000000017764, 50.06497115745585802 ) ) ;
#4055 = DIRECTION ( 'NONE',  ( 0.000000000000000000, 0.000000000000000000, -1.000000000000000000 ) ) ;
#4056 = CIRCLE ( 'NONE', #7430, 4.699999999999995737 ) ;
#4057 = CONICAL_SURFACE ( 'NONE', #4188, 4.099999999999992539, 0.7853981633974450594 ) ;
#4058 = CARTESIAN_POINT ( 'NONE',  ( -174.0000000000000000, 34.00000000000038369, 109.9999999999999858 ) ) ;
#4059 = CIRCLE ( 'NONE', #5686, 4.099999999999992539 ) ;
#4060 = AXIS2_PLACEMENT_3D ( 'NONE', #2664, #5200, #6876 ) ;
#4061 = LINE ( 'NONE', #6458, #1774 ) ;
#4062 = CARTESIAN_POINT ( 'NONE',  ( -118.9999999999999716, 34.00000000000039080, 111.6999999999999744 ) ) ;
#4063 = EDGE_CURVE ( 'NONE', #1713, #2070, #6575, .T. ) ;
#4064 = CARTESIAN_POINT ( 'NONE',  ( 299.0000000000000568, 29.00000000000000711, 0.04040000000000368297 ) ) ;
#4065 = B_SPLINE_SURFACE_WITH_KNOTS ( 'NONE', 1, 3, ( 
 ( #4454, #243, #128, #3825, #1963, #5598, #5003, #6734, #4413, #1888 ),
 ( #1345, #2479, #6808, #6148, #4300, #6259, #3743, #6224, #2516, #3159 ),
 ( #829, #207, #2043, #4965, #4924, #7394, #6115, #6691, #1308, #2595 ),
 ( #5040, #3199, #3235, #5629, #1455, #4885, #715, #7434, #3711, #6845 ) ),
 .UNSPECIFIED., .F., .F., .F.,
 ( 2, 1, 1, 2 ),
 ( 4, 2, 2, 2, 4 ),
 ( -0.01000000000000000021, 0.000000000000000000, 1.000000000000000000, 1.010099999999999998 ),
 ( 0.000000000000000000, 0.2500000000000000000, 0.5000000000000000000, 0.7500000000000000000, 1.000000000000000000 ),
 .UNSPECIFIED. ) ;
#4066 = VERTEX_POINT ( 'NONE', #6452 ) ;
#4067 = ADVANCED_FACE ( 'NONE', ( #4687 ), #2168, .F. ) ;
#4068 = PERSON_AND_ORGANIZATION_ROLE ( 'creator' ) ;
#4069 = DIRECTION ( 'NONE',  ( 0.000000000000000000, 0.000000000000000000, -1.000000000000000000 ) ) ;
#4070 = AXIS2_PLACEMENT_3D ( 'NONE', #5986, #2320, #596 ) ;
#4071 = CARTESIAN_POINT ( 'NONE',  ( 174.0000000000000000, 32.55000000000038085, 109.9999999999999858 ) ) ;
#4072 = ORIENTED_EDGE ( 'NONE', *, *, #2444, .T. ) ;
#4073 = CARTESIAN_POINT ( 'NONE',  ( 299.2928932188134468, -30.00000000000000355, 0.9999999999999922284 ) ) ;
#4074 = CARTESIAN_POINT ( 'NONE',  ( 215.4999999999999716, 34.00000000000017764, 49.00000000000004974 ) ) ;
#4075 = ORIENTED_EDGE ( 'NONE', *, *, #7037, .T. ) ;
#4076 = CARTESIAN_POINT ( 'NONE',  ( 25.00000000000000000, 34.00000000000010658, 28.99999999999998934 ) ) ;
#4077 = ORIENTED_EDGE ( 'NONE', *, *, #7551, .T. ) ;
#4078 = EDGE_CURVE ( 'NONE', #4066, #1168, #1801, .T. ) ;
#4079 = DIRECTION ( 'NONE',  ( -0.000000000000000000, -1.000000000000000000, -0.000000000000000000 ) ) ;
#4080 = ORIENTED_EDGE ( 'NONE', *, *, #1892, .T. ) ;
#4081 = ORIENTED_EDGE ( 'NONE', *, *, #981, .T. ) ;
#4082 = FACE_OUTER_BOUND ( 'NONE', #7776, .T. ) ;
#4083 = LINE ( 'NONE', #2941, #1785 ) ;
#4084 = EDGE_LOOP ( 'NONE', ( #171, #5530, #6434, #3360 ) ) ;
#4085 = EDGE_CURVE ( 'NONE', #557, #7031, #5318, .T. ) ;
#4086 = CARTESIAN_POINT ( 'NONE',  ( -215.4999999999999432, 34.00000000000027001, 78.00000000000000000 ) ) ;
#4087 = ORIENTED_EDGE ( 'NONE', *, *, #2547, .F. ) ;
#4088 = DIRECTION ( 'NONE',  ( -0.000000000000000000, -1.000000000000000000, -0.000000000000000000 ) ) ;
#4089 = CIRCLE ( 'NONE', #2693, 3.149999999999986144 ) ;
#4090 = CARTESIAN_POINT ( 'NONE',  ( -197.9999999999999716, -30.00000000000033040, 95.49999999999977263 ) ) ;
#4091 = ADVANCED_FACE ( 'NONE', ( #7032 ), #479, .F. ) ;
#4092 = CIRCLE ( 'NONE', #6475, 1.700000000000007061 ) ;
#4093 = DIRECTION ( 'NONE',  ( -0.000000000000000000, 1.000000000000000000, -3.498359009886561105E-15 ) ) ;
#4094 = CARTESIAN_POINT ( 'NONE',  ( -197.9999999999999716, -31.55000000000010729, 31.49999999999978684 ) ) ;
#4095 = CARTESIAN_POINT ( 'NONE',  ( -284.0000000000000000, 32.55000000000037375, 108.3000000000000114 ) ) ;
#4096 = EDGE_LOOP ( 'NONE', ( #4957, #440 ) ) ;
#4097 = DIRECTION ( 'NONE',  ( 8.659560562354953812E-17, -0.7071067811865457964, 0.7071067811865492381 ) ) ;
#4098 = EDGE_CURVE ( 'NONE', #5166, #3756, #919, .T. ) ;
#4099 = CARTESIAN_POINT ( 'NONE',  ( -243.4350288425439146, -34.00000000000017764, 45.96497115745530948 ) ) ;
#4100 = AXIS2_PLACEMENT_3D ( 'NONE', #7224, #5494, #1832 ) ;
#4101 = EDGE_CURVE ( 'NONE', #5705, #918, #4702, .T. ) ;
#4102 = CARTESIAN_POINT ( 'NONE',  ( 299.2928932188134468, -28.99999999999999645, -4.000000000000008882 ) ) ;
#4103 = VECTOR ( 'NONE', #7173, 1000.000000000000000 ) ;
#4104 = CARTESIAN_POINT ( 'NONE',  ( -139.9999999999999716, 24.00000000000011013, 31.50000000000006395 ) ) ;
#4105 = CARTESIAN_POINT ( 'NONE',  ( -299.9999999999999432, -29.29289321881345742, 0.9999999999999935607 ) ) ;
#4106 = DIRECTION ( 'NONE',  ( -0.000000000000000000, -1.000000000000000000, -0.000000000000000000 ) ) ;
#4107 = VERTEX_POINT ( 'NONE', #5945 ) ;
#4108 = PERSON_AND_ORGANIZATION ( #5168, #4399 ) ;
#4109 = CARTESIAN_POINT ( 'NONE',  ( 197.9999999999999716, -34.00000000000011369, 31.49999999999978684 ) ) ;
#4110 = EDGE_CURVE ( 'NONE', #4010, #7566, #4919, .T. ) ;
#4111 = DIRECTION ( 'NONE',  ( 0.000000000000000000, 0.7071067811865550112, 0.7071067811865400232 ) ) ;
#4112 = LINE ( 'NONE', #4741, #6287 ) ;
#4113 = CARTESIAN_POINT ( 'NONE',  ( 216.5649711574557443, -30.00000000000027711, 78.88502884254471326 ) ) ;
#4114 = VERTEX_POINT ( 'NONE', #7115 ) ;
#4115 = DIRECTION ( 'NONE',  ( 1.000000000000000000, -6.068685501845197767E-32, -1.734723475976807403E-17 ) ) ;
#4116 = ORIENTED_EDGE ( 'NONE', *, *, #6950, .T. ) ;
#4117 = CARTESIAN_POINT ( 'NONE',  ( 299.6598532479885080, -29.02441216419454051, -4.039999999999996483 ) ) ;
#4118 = VERTEX_POINT ( 'NONE', #1766 ) ;
#4119 = EDGE_CURVE ( 'NONE', #1634, #2490, #2305, .T. ) ;
#4120 = VERTEX_POINT ( 'NONE', #5501 ) ;
#4121 = EDGE_CURVE ( 'NONE', #4120, #2945, #1951, .T. ) ;
#4122 = CARTESIAN_POINT ( 'NONE',  ( 284.0000000000000000, 34.00000000000037659, 108.3000000000000114 ) ) ;
#4123 = DIRECTION ( 'NONE',  ( 0.000000000000000000, -3.469446951953608667E-15, -1.000000000000000000 ) ) ;
#4124 = ORIENTED_EDGE ( 'NONE', *, *, #2396, .T. ) ;
#4125 = FACE_OUTER_BOUND ( 'NONE', #4465, .T. ) ;
#4126 = EDGE_LOOP ( 'NONE', ( #2057, #2019, #4394, #3614 ) ) ;
#4127 = DIRECTION ( 'NONE',  ( -0.000000000000000000, -1.000000000000000000, -0.000000000000000000 ) ) ;
#4128 = DIRECTION ( 'NONE',  ( 0.000000000000000000, 0.000000000000000000, -1.000000000000000000 ) ) ;
#4129 = LINE ( 'NONE', #5984, #1761 ) ;
#4130 = DIRECTION ( 'NONE',  ( 0.000000000000000000, -1.000000000000000000, 3.498359009886561105E-15 ) ) ;
#4131 = AXIS2_PLACEMENT_3D ( 'NONE', #640, #6463, #7728 ) ;
#4132 = DIRECTION ( 'NONE',  ( -0.000000000000000000, -1.000000000000000000, -0.000000000000000000 ) ) ;
#4133 = ORIENTED_EDGE ( 'NONE', *, *, #1269, .F. ) ;
#4134 = DIRECTION ( 'NONE',  ( -0.000000000000000000, -1.000000000000000000, -0.000000000000000000 ) ) ;
#4135 = CARTESIAN_POINT ( 'NONE',  ( 284.0000000000000000, -34.00000000000038369, 109.9999999999999858 ) ) ;
#4136 = CARTESIAN_POINT ( 'NONE',  ( 262.0000000000000000, -34.00000000000011369, 36.19999999999976836 ) ) ;
#4137 = VECTOR ( 'NONE', #2324, 1000.000000000000000 ) ;
#4138 = VECTOR ( 'NONE', #2048, 1000.000000000000000 ) ;
#4139 = DIRECTION ( 'NONE',  ( 0.000000000000000000, 0.000000000000000000, -1.000000000000000000 ) ) ;
#4140 = DIRECTION ( 'NONE',  ( -0.000000000000000000, 1.000000000000000000, 3.498359009886561105E-15 ) ) ;
#4141 = EDGE_CURVE ( 'NONE', #4206, #6738, #1186, .T. ) ;
#4142 = LINE ( 'NONE', #3510, #38 ) ;
#4143 = CONICAL_SURFACE ( 'NONE', #1129, 3.149999999999986144, 0.7853981633974507215 ) ;
#4144 = EDGE_CURVE ( 'NONE', #3602, #6080, #4246, .T. ) ;
#4145 = ORIENTED_EDGE ( 'NONE', *, *, #7765, .T. ) ;
#4146 = DATE_AND_TIME ( #6614, #7667 ) ;
#4147 = FACE_OUTER_BOUND ( 'NONE', #5685, .T. ) ;
#4148 = DIRECTION ( 'NONE',  ( 0.000000000000000000, 0.000000000000000000, -1.000000000000000000 ) ) ;
#4149 = CARTESIAN_POINT ( 'NONE',  ( 25.00000000000000000, -31.55000000000010019, 26.74999999999976197 ) ) ;
#4150 = FACE_OUTER_BOUND ( 'NONE', #684, .T. ) ;
#4151 = ORIENTED_EDGE ( 'NONE', *, *, #36, .T. ) ;
#4152 = CARTESIAN_POINT ( 'NONE',  ( -25.00000000000000000, 34.00000000000010658, 28.99999999999998934 ) ) ;
#4153 = ORIENTED_EDGE ( 'NONE', *, *, #4217, .F. ) ;
#4154 = CARTESIAN_POINT ( 'NONE',  ( 300.0000000000000568, -29.29289321881345387, 1.000000000000000888 ) ) ;
#4155 = CIRCLE ( 'NONE', #6773, 2.250000000000001776 ) ;
#4156 = ORIENTED_EDGE ( 'NONE', *, *, #2365, .T. ) ;
#4157 = ORIENTED_EDGE ( 'NONE', *, *, #7181, .F. ) ;
#4158 = APPROVAL_PERSON_ORGANIZATION ( #52, #3153, #5436 ) ;
#4159 = DIRECTION ( 'NONE',  ( -0.000000000000000000, 1.000000000000000000, -3.498359009886561105E-15 ) ) ;
#4160 = ORIENTED_EDGE ( 'NONE', *, *, #4210, .T. ) ;
#4161 = DIRECTION ( 'NONE',  ( 0.000000000000000000, 3.469446951953611822E-15, 1.000000000000000000 ) ) ;
#4162 = VERTEX_POINT ( 'NONE', #6133 ) ;
#4163 = CARTESIAN_POINT ( 'NONE',  ( 299.2928932188134468, 29.95960000000000534, 0.9999999999999978906 ) ) ;
#4164 = EDGE_CURVE ( 'NONE', #245, #2668, #7325, .T. ) ;
#4165 = LINE ( 'NONE', #1758, #1701 ) ;
#4166 = ORIENTED_EDGE ( 'NONE', *, *, #1048, .T. ) ;
#4167 = ADVANCED_FACE ( 'NONE', ( #6169 ), #7714, .F. ) ;
#4168 = DIRECTION ( 'NONE',  ( -0.000000000000000000, 1.000000000000000000, -3.498359009886561105E-15 ) ) ;
#4169 = DIRECTION ( 'NONE',  ( 0.000000000000000000, -3.083952846180988111E-15, 1.000000000000000000 ) ) ;
#4170 = AXIS2_PLACEMENT_3D ( 'NONE', #5326, #4803, #7200 ) ;
#4171 = DIRECTION ( 'NONE',  ( -0.000000000000000000, -1.000000000000000000, -0.000000000000000000 ) ) ;
#4172 = ORIENTED_EDGE ( 'NONE', *, *, #5046, .F. ) ;
#4173 = CARTESIAN_POINT ( 'NONE',  ( -197.9999999999999716, -31.55000000000032756, 95.49999999999977263 ) ) ;
#4174 = DIRECTION ( 'NONE',  ( 0.000000000000000000, -3.469446951953614978E-15, -1.000000000000000000 ) ) ;
#4175 = ADVANCED_FACE ( 'NONE', ( #6209 ), #1874, .F. ) ;
#4176 = EDGE_CURVE ( 'NONE', #4896, #645, #2158, .T. ) ;
#4177 = EDGE_CURVE ( 'NONE', #6748, #3368, #5541, .T. ) ;
#4178 = AXIS2_PLACEMENT_3D ( 'NONE', #6122, #138, #4976 ) ;
#4179 = DIRECTION ( 'NONE',  ( -0.000000000000000000, 1.000000000000000000, -3.498359009886561105E-15 ) ) ;
#4180 = CARTESIAN_POINT ( 'NONE',  ( -284.0000000000000000, 32.55000000000038085, 109.9999999999999858 ) ) ;
#4181 = DIRECTION ( 'NONE',  ( -0.000000000000000000, -1.000000000000000000, -0.000000000000000000 ) ) ;
#4182 = VECTOR ( 'NONE', #905, 1000.000000000000000 ) ;
#4183 = CIRCLE ( 'NONE', #34, 2.249999999999988010 ) ;
#4184 = ORIENTED_EDGE ( 'NONE', *, *, #4656, .T. ) ;
#4185 = DIRECTION ( 'NONE',  ( 0.000000000000000000, -3.491481338843133355E-15, -1.000000000000000000 ) ) ;
#4186 = EDGE_CURVE ( 'NONE', #3088, #1602, #6676, .T. ) ;
#4187 = AXIS2_PLACEMENT_3D ( 'NONE', #4219, #708, #1259 ) ;
#4188 = AXIS2_PLACEMENT_3D ( 'NONE', #7767, #5921, #3044 ) ;
#4189 = CARTESIAN_POINT ( 'NONE',  ( -197.9999999999999716, -34.00000000000011369, 33.74999999999978684 ) ) ;
#4190 = DIRECTION ( 'NONE',  ( -0.000000000000000000, 1.000000000000000000, 3.498359009886561105E-15 ) ) ;
#4191 = CARTESIAN_POINT ( 'NONE',  ( -262.0000000000000000, -31.55000000000010729, 29.24999999999981171 ) ) ;
#4192 = EDGE_LOOP ( 'NONE', ( #7691, #5548, #5043, #4936 ) ) ;
#4193 = CYLINDRICAL_SURFACE ( 'NONE', #7597, 5.000000000000004441 ) ;
#4194 = ORIENTED_EDGE ( 'NONE', *, *, #2754, .F. ) ;
#4195 = CIRCLE ( 'NONE', #163, 1.950000000000007283 ) ;
#4196 = LINE ( 'NONE', #6005, #81 ) ;
#4197 = CIRCLE ( 'NONE', #5061, 1.699999999999993072 ) ;
#4198 = VERTEX_POINT ( 'NONE', #3069 ) ;
#4199 = EDGE_CURVE ( 'NONE', #4587, #4929, #1527, .T. ) ;
#4200 = ORIENTED_EDGE ( 'NONE', *, *, #5248, .T. ) ;
#4201 = CIRCLE ( 'NONE', #5331, 2.249999999999995115 ) ;
#4202 = CIRCLE ( 'NONE', #1296, 1.699999999999993072 ) ;
#4203 = FACE_BOUND ( 'NONE', #1605, .T. ) ;
#4204 = ORIENTED_EDGE ( 'NONE', *, *, #6745, .F. ) ;
#4205 = DIRECTION ( 'NONE',  ( 0.000000000000000000, -1.000000000000000000, 0.000000000000000000 ) ) ;
#4206 = VERTEX_POINT ( 'NONE', #1291 ) ;
#4207 = DIRECTION ( 'NONE',  ( 1.000000000000000000, 0.000000000000000000, 0.000000000000000000 ) ) ;
#4208 = VERTEX_POINT ( 'NONE', #6102 ) ;
#4209 = AXIS2_PLACEMENT_3D ( 'NONE', #6944, #6401, #2734 ) ;
#4210 = EDGE_CURVE ( 'NONE', #4389, #7536, #6454, .T. ) ;
#4211 = DIRECTION ( 'NONE',  ( 0.000000000000000000, -1.000000000000000000, 3.498359009886561105E-15 ) ) ;
#4212 = CARTESIAN_POINT ( 'NONE',  ( -118.9999999999999716, -34.00000000000038369, 113.1499999999999915 ) ) ;
#4213 = ORIENTED_EDGE ( 'NONE', *, *, #4809, .T. ) ;
#4214 = DIRECTION ( 'NONE',  ( 0.000000000000000000, 0.000000000000000000, -1.000000000000000000 ) ) ;
#4215 = DIRECTION ( 'NONE',  ( -0.000000000000000000, 1.000000000000000000, -3.504141421473150331E-15 ) ) ;
#4216 = AXIS2_PLACEMENT_3D ( 'NONE', #5518, #7357, #5599 ) ;
#4217 = EDGE_CURVE ( 'NONE', #5008, #2815, #4202, .T. ) ;
#4218 = DIRECTION ( 'NONE',  ( 0.000000000000000000, 4.405646923115700682E-15, 1.000000000000000000 ) ) ;
#4219 = CARTESIAN_POINT ( 'NONE',  ( -262.0000000000000000, -34.00000000000011369, 31.49999999999978684 ) ) ;
#4220 = CIRCLE ( 'NONE', #5469, 31.99999999999999289 ) ;
#4221 = CARTESIAN_POINT ( 'NONE',  ( -174.0000000000000000, 30.00000000000039435, 111.7000000000000028 ) ) ;
#4222 = VERTEX_POINT ( 'NONE', #1332 ) ;
#4223 = DATE_TIME_ROLE ( 'creation_date' ) ;
#4224 = FACE_OUTER_BOUND ( 'NONE', #5245, .T. ) ;
#4225 = AXIS2_PLACEMENT_3D ( 'NONE', #4046, #7069, #4635 ) ;
#4226 = DIRECTION ( 'NONE',  ( 0.000000000000000000, 0.000000000000000000, -1.000000000000000000 ) ) ;
#4227 = DIRECTION ( 'NONE',  ( 0.000000000000000000, -1.000000000000000000, 3.498359009886561105E-15 ) ) ;
#4228 = CYLINDRICAL_SURFACE ( 'NONE', #3556, 1.699999999999979305 ) ;
#4229 = EDGE_LOOP ( 'NONE', ( #1457, #1509, #769, #6657 ) ) ;
#4230 = LINE ( 'NONE', #2298, #189 ) ;
#4231 = EDGE_LOOP ( 'NONE', ( #3997, #6812 ) ) ;
#4232 = AXIS2_PLACEMENT_3D ( 'NONE', #3639, #3486, #4264 ) ;
#4233 = CARTESIAN_POINT ( 'NONE',  ( 299.6546163099071691, -29.02441216277704683, -3.999999999999996447 ) ) ;
#4234 = EDGE_LOOP ( 'NONE', ( #653, #6370 ) ) ;
#4235 = ORIENTED_EDGE ( 'NONE', *, *, #4101, .F. ) ;
#4236 = FACE_BOUND ( 'NONE', #2376, .T. ) ;
#4237 = VERTEX_POINT ( 'NONE', #7303 ) ;
#4238 = CARTESIAN_POINT ( 'NONE',  ( -216.5649711574550906, -30.00000000000017408, 50.06497115745585802 ) ) ;
#4239 = ADVANCED_FACE ( 'NONE', ( #6752 ), #192, .F. ) ;
#4240 = ORIENTED_EDGE ( 'NONE', *, *, #4441, .T. ) ;
#4241 = DIRECTION ( 'NONE',  ( 0.000000000000000000, 0.000000000000000000, -1.000000000000000000 ) ) ;
#4242 = ORIENTED_EDGE ( 'NONE', *, *, #3853, .F. ) ;
#4243 = DIRECTION ( 'NONE',  ( -0.000000000000000000, -1.000000000000000000, -0.000000000000000000 ) ) ;
#4244 = CARTESIAN_POINT ( 'NONE',  ( 25.00000000000000000, -34.00000000000031264, 88.99999999999972999 ) ) ;
#4245 = EDGE_LOOP ( 'NONE', ( #4302, #4749, #4184, #3384 ) ) ;
#4246 = LINE ( 'NONE', #6717, #3312 ) ;
#4247 = CARTESIAN_POINT ( 'NONE',  ( 262.0000000000000000, -31.55000000000010729, 31.49999999999978684 ) ) ;
#4248 = DIRECTION ( 'NONE',  ( 0.000000000000000000, 0.000000000000000000, -1.000000000000000000 ) ) ;
#4249 = CARTESIAN_POINT ( 'NONE',  ( -243.4350288425439146, -31.85000000000017550, 48.11497115745530095 ) ) ;
#4250 = CARTESIAN_POINT ( 'NONE',  ( -25.00000000000000000, -31.55000000000030624, 88.99999999999972999 ) ) ;
#4251 = EDGE_LOOP ( 'NONE', ( #616, #4863, #6093, #4007 ) ) ;
#4252 = ADVANCED_FACE ( 'NONE', ( #2582 ), #7230, .F. ) ;
#4253 = CIRCLE ( 'NONE', #2873, 4.099999999999992539 ) ;
#4254 = DIRECTION ( 'NONE',  ( 0.000000000000000000, -3.558407130208821635E-15, 1.000000000000000000 ) ) ;
#4255 = EDGE_CURVE ( 'NONE', #4162, #6590, #773, .T. ) ;
#4256 = DIRECTION ( 'NONE',  ( -0.000000000000000000, 1.000000000000000000, -3.504141421473150331E-15 ) ) ;
#4257 = CARTESIAN_POINT ( 'NONE',  ( 299.2440776823445390, -33.90882229040829543, -0.3192093371708397131 ) ) ;
#4258 = AXIS2_PLACEMENT_3D ( 'NONE', #7048, #6543, #3599 ) ;
#4259 = FACE_OUTER_BOUND ( 'NONE', #865, .T. ) ;
#4260 = FACE_OUTER_BOUND ( 'NONE', #6290, .T. ) ;
#4261 = ORIENTED_EDGE ( 'NONE', *, *, #4927, .T. ) ;
#4262 = LINE ( 'NONE', #3672, #446 ) ;
#4263 = ORIENTED_EDGE ( 'NONE', *, *, #5807, .F. ) ;
#4264 = DIRECTION ( 'NONE',  ( 0.000000000000000000, 2.952720810173286943E-15, 1.000000000000000000 ) ) ;
#4265 = EDGE_LOOP ( 'NONE', ( #1039, #2343 ) ) ;
#4266 = ADVANCED_FACE ( 'NONE', ( #4395 ), #5960, .F. ) ;
#4267 = AXIS2_PLACEMENT_3D ( 'NONE', #1999, #4256, #6764 ) ;
#4268 = EDGE_CURVE ( 'NONE', #7053, #1218, #849, .T. ) ;
#4269 = EDGE_LOOP ( 'NONE', ( #6164, #1896 ) ) ;
#4270 = FACE_BOUND ( 'NONE', #5143, .T. ) ;
#4271 = ORIENTED_EDGE ( 'NONE', *, *, #7038, .F. ) ;
#4272 = CIRCLE ( 'NONE', #511, 3.149999999999999911 ) ;
#4273 = DIRECTION ( 'NONE',  ( 0.000000000000000000, -3.498359009886561105E-15, -1.000000000000000000 ) ) ;
#4274 = VERTEX_POINT ( 'NONE', #3298 ) ;
#4275 = FACE_OUTER_BOUND ( 'NONE', #3569, .T. ) ;
#4276 = ORIENTED_EDGE ( 'NONE', *, *, #4740, .F. ) ;
#4277 = VECTOR ( 'NONE', #951, 1000.000000000000000 ) ;
#4278 = CIRCLE ( 'NONE', #875, 1.699999999999993072 ) ;
#4279 = EDGE_CURVE ( 'NONE', #1301, #5015, #3922, .T. ) ;
#4280 = DIRECTION ( 'NONE',  ( 0.000000000000000000, 0.000000000000000000, -1.000000000000000000 ) ) ;
#4281 = EDGE_CURVE ( 'NONE', #5925, #3815, #5070, .T. ) ;
#4282 = DIRECTION ( 'NONE',  ( -0.000000000000000000, 1.000000000000000000, 3.498359009886561105E-15 ) ) ;
#4283 = ORIENTED_EDGE ( 'NONE', *, *, #4144, .T. ) ;
#4284 = DIRECTION ( 'NONE',  ( -0.000000000000000000, -1.000000000000000000, -0.000000000000000000 ) ) ;
#4285 = DIRECTION ( 'NONE',  ( 0.000000000000000000, 0.000000000000000000, -1.000000000000000000 ) ) ;
#4286 = AXIS2_PLACEMENT_3D ( 'NONE', #4850, #2367, #7209 ) ;
#4287 = EDGE_CURVE ( 'NONE', #1823, #2519, #4553, .T. ) ;
#4288 = CIRCLE ( 'NONE', #5304, 1.700000000000007061 ) ;
#4289 = DIRECTION ( 'NONE',  ( -0.000000000000000000, -1.000000000000000000, -0.000000000000000000 ) ) ;
#4290 = DIRECTION ( 'NONE',  ( 0.000000000000000000, 0.000000000000000000, -1.000000000000000000 ) ) ;
#4291 = FACE_OUTER_BOUND ( 'NONE', #103, .T. ) ;
#4292 = ORIENTED_EDGE ( 'NONE', *, *, #6263, .F. ) ;
#4293 = VECTOR ( 'NONE', #894, 1000.000000000000000 ) ;
#4294 = CARTESIAN_POINT ( 'NONE',  ( -303.9999999999999432, -29.29289321881345742, -1.124188949980529023E-12 ) ) ;
#4295 = CARTESIAN_POINT ( 'NONE',  ( -262.0000000000000000, -34.00000000000011369, 36.19999999999976836 ) ) ;
#4296 = EDGE_CURVE ( 'NONE', #2454, #5013, #3967, .T. ) ;
#4297 = AXIS2_PLACEMENT_3D ( 'NONE', #6079, #683, #5442 ) ;
#4298 = DIRECTION ( 'NONE',  ( 0.000000000000000000, -1.000000000000000000, 3.498359009886561105E-15 ) ) ;
#4299 = CARTESIAN_POINT ( 'NONE',  ( 299.0976310729378724, 31.51809490185448226, -3.368931941771291072 ) ) ;
#4300 = CARTESIAN_POINT ( 'NONE',  ( -302.0727335998745957, 29.12203884117228014, -2.998334211990850040 ) ) ;
#4301 = DIRECTION ( 'NONE',  ( 0.000000000000000000, 0.000000000000000000, -1.000000000000000000 ) ) ;
#4302 = ORIENTED_EDGE ( 'NONE', *, *, #6701, .F. ) ;
#4303 = CYLINDRICAL_SURFACE ( 'NONE', #6609, 1.700000000000007061 ) ;
#4304 = ORIENTED_EDGE ( 'NONE', *, *, #1246, .T. ) ;
#4305 = AXIS2_PLACEMENT_3D ( 'NONE', #5874, #5912, #3430 ) ;
#4306 = CIRCLE ( 'NONE', #5434, 1.699999999999993072 ) ;
#4307 = ORIENTED_EDGE ( 'NONE', *, *, #6065, .T. ) ;
#4308 = CARTESIAN_POINT ( 'NONE',  ( -25.00000000000000000, -34.00000000000031264, 88.99999999999972999 ) ) ;
#4309 = AXIS2_PLACEMENT_3D ( 'NONE', #2438, #601, #4912 ) ;
#4311 = EDGE_CURVE ( 'NONE', #6699, #4118, #2618, .T. ) ;
#4310 = DIRECTION ( 'NONE',  ( -0.000000000000000000, 1.000000000000000000, -3.498359009886561105E-15 ) ) ;
#4312 = VERTEX_POINT ( 'NONE', #3338 ) ;
#4313 = AXIS2_PLACEMENT_3D ( 'NONE', #5077, #2787, #3891 ) ;
#4314 = FACE_BOUND ( 'NONE', #2829, .T. ) ;
#4315 = EDGE_LOOP ( 'NONE', ( #7630, #6726, #5762, #1270 ) ) ;
#4316 = CARTESIAN_POINT ( 'NONE',  ( 174.0000000000000000, 34.00000000000036948, 106.8499999999999943 ) ) ;
#4317 = ORIENTED_EDGE ( 'NONE', *, *, #739, .T. ) ;
#4318 = CIRCLE ( 'NONE', #916, 6.999999999999964473 ) ;
#4319 = ORIENTED_EDGE ( 'NONE', *, *, #3927, .F. ) ;
#4320 = VECTOR ( 'NONE', #5652, 1000.000000000000000 ) ;
#4321 = CARTESIAN_POINT ( 'NONE',  ( -299.1952621458755743, -33.36893194177129374, -1.518094901854498247 ) ) ;
#4322 = LINE ( 'NONE', #150, #7077 ) ;
#4323 = ORIENTED_EDGE ( 'NONE', *, *, #2131, .T. ) ;
#4324 = CARTESIAN_POINT ( 'NONE',  ( -216.5649711574557443, -34.00000000000027001, 74.98502884254469336 ) ) ;
#4325 = AXIS2_PLACEMENT_3D ( 'NONE', #4238, #4864, #5383 ) ;
#4326 = CARTESIAN_POINT ( 'NONE',  ( 25.00000000000000000, 34.00000000000021316, 58.99999999999999289 ) ) ;
#4327 = VECTOR ( 'NONE', #2850, 1000.000000000000000 ) ;
#4328 = EDGE_CURVE ( 'NONE', #3919, #7686, #3187, .T. ) ;
#4329 = DIRECTION ( 'NONE',  ( 0.000000000000000000, 0.000000000000000000, -1.000000000000000000 ) ) ;
#4330 = LINE ( 'NONE', #1336, #1410 ) ;
#4331 = FACE_BOUND ( 'NONE', #5671, .T. ) ;
#4332 = ADVANCED_FACE ( 'NONE', ( #5734 ), #2995, .F. ) ;
#4333 = ORIENTED_EDGE ( 'NONE', *, *, #2040, .F. ) ;
#4334 = CONICAL_SURFACE ( 'NONE', #935, 4.099999999999992539, 0.7853981633974450594 ) ;
#4335 = FACE_BOUND ( 'NONE', #638, .T. ) ;
#4336 = FACE_OUTER_BOUND ( 'NONE', #3520, .T. ) ;
#4337 = CIRCLE ( 'NONE', #4843, 4.099999999999992539 ) ;
#4338 = DIRECTION ( 'NONE',  ( -0.000000000000000000, -1.000000000000000000, -0.000000000000000000 ) ) ;
#4339 = DIRECTION ( 'NONE',  ( 0.000000000000000000, 4.405646923115700682E-15, 1.000000000000000000 ) ) ;
#4340 = DIRECTION ( 'NONE',  ( -0.000000000000000000, 1.000000000000000000, -3.498359009886561105E-15 ) ) ;
#4341 = LINE ( 'NONE', #4854, #2325 ) ;
#4342 = ORIENTED_EDGE ( 'NONE', *, *, #7387, .F. ) ;
#4343 = DIRECTION ( 'NONE',  ( 0.000000000000000000, -4.081702296416066484E-15, 1.000000000000000000 ) ) ;
#4344 = EDGE_LOOP ( 'NONE', ( #6900, #3349 ) ) ;
#4345 = CIRCLE ( 'NONE', #4225, 4.699999999999999289 ) ;
#4346 = EDGE_CURVE ( 'NONE', #2519, #6491, #2313, .T. ) ;
#4347 = ORIENTED_EDGE ( 'NONE', *, *, #2423, .F. ) ;
#4348 = CARTESIAN_POINT ( 'NONE',  ( -298.9999999999999432, 29.00000000000000355, -3.999999999999994671 ) ) ;
#4349 = AXIS2_PLACEMENT_3D ( 'NONE', #1274, #5560, #6190 ) ;
#4350 = CARTESIAN_POINT ( 'NONE',  ( -25.00000000000000000, 31.55000000000010019, 26.75000000000000000 ) ) ;
#4351 = VERTEX_POINT ( 'NONE', #2231 ) ;
#4352 = LINE ( 'NONE', #6743, #1427 ) ;
#4353 = ORIENTED_EDGE ( 'NONE', *, *, #4039, .F. ) ;
#4354 = LINE ( 'NONE', #2058, #6977 ) ;
#4355 = ORIENTED_EDGE ( 'NONE', *, *, #5562, .T. ) ;
#4356 = EDGE_CURVE ( 'NONE', #2859, #6710, #5207, .T. ) ;
#4357 = ADVANCED_FACE ( 'NONE', ( #3495 ), #5895, .F. ) ;
#4358 = ORIENTED_EDGE ( 'NONE', *, *, #1372, .F. ) ;
#4359 = CARTESIAN_POINT ( 'NONE',  ( 299.2928932188134468, -34.00000000000000711, 0.9999999999999731326 ) ) ;
#4360 = DIRECTION ( 'NONE',  ( 0.000000000000000000, 0.000000000000000000, 1.000000000000000000 ) ) ;
#4361 = ORIENTED_EDGE ( 'NONE', *, *, #763, .T. ) ;
#4362 = DIRECTION ( 'NONE',  ( 0.000000000000000000, -4.081702296416033352E-15, -1.000000000000000000 ) ) ;
#4363 = FACE_OUTER_BOUND ( 'NONE', #2984, .T. ) ;
#4364 = ADVANCED_FACE ( 'NONE', ( #4634 ), #541, .F. ) ;
#4365 = LINE ( 'NONE', #3146, #5929 ) ;
#4366 = CARTESIAN_POINT ( 'NONE',  ( 304.0000000000000568, -29.29289321881345387, 0.9999999999999861222 ) ) ;
#4367 = CARTESIAN_POINT ( 'NONE',  ( -25.00000000000000000, -30.00000000000030553, 86.74999999999974420 ) ) ;
#4368 = EDGE_LOOP ( 'NONE', ( #764, #3765, #5968, #2527 ) ) ;
#4369 = CARTESIAN_POINT ( 'NONE',  ( -25.00000000000000000, 34.00000000000022027, 61.24999999999998579 ) ) ;
#4370 = CARTESIAN_POINT ( 'NONE',  ( 0.000000000000000000, 34.00000000000012079, 33.69999999999999574 ) ) ;
#4371 = EDGE_CURVE ( 'NONE', #7454, #5852, #3413, .T. ) ;
#4372 = DIRECTION ( 'NONE',  ( 0.000000000000000000, -4.081702296415999431E-15, 1.000000000000000000 ) ) ;
#4373 = CARTESIAN_POINT ( 'NONE',  ( -298.9999999999999432, -29.00000000000000355, -3.999999999999996447 ) ) ;
#4374 = DIRECTION ( 'NONE',  ( -0.000000000000000000, -1.000000000000000000, -0.000000000000000000 ) ) ;
#4375 = AXIS2_PLACEMENT_3D ( 'NONE', #676, #3151, #1262 ) ;
#4376 = DIRECTION ( 'NONE',  ( 8.659560562354955045E-17, 0.7071067811865434649, -0.7071067811865516806 ) ) ;
#4377 = ORIENTED_EDGE ( 'NONE', *, *, #1246, .F. ) ;
#4378 = DIRECTION ( 'NONE',  ( -0.000000000000000000, 1.000000000000000000, -3.498359009886561105E-15 ) ) ;
#4379 = EDGE_LOOP ( 'NONE', ( #800, #3177, #1882, #2085 ) ) ;
#4380 = VECTOR ( 'NONE', #7441, 1000.000000000000000 ) ;
#4381 = ORIENTED_EDGE ( 'NONE', *, *, #576, .T. ) ;
#4382 = DIRECTION ( 'NONE',  ( -0.000000000000000000, -1.000000000000000000, -0.000000000000000000 ) ) ;
#4383 = CARTESIAN_POINT ( 'NONE',  ( -284.0000000000000000, -30.00000000000039080, 111.6999999999999602 ) ) ;
#4384 = EDGE_LOOP ( 'NONE', ( #2758, #7479, #6108, #4213 ) ) ;
#4385 = DIRECTION ( 'NONE',  ( 0.000000000000000000, -4.081702296416033352E-15, -1.000000000000000000 ) ) ;
#4386 = ORIENTED_EDGE ( 'NONE', *, *, #2925, .F. ) ;
#4387 = CARTESIAN_POINT ( 'NONE',  ( -299.2684810560363076, 34.00000000000000000, 0.3453836900929317943 ) ) ;
#4388 = ORIENTED_EDGE ( 'NONE', *, *, #6565, .T. ) ;
#4389 = VERTEX_POINT ( 'NONE', #7068 ) ;
#4390 = CONICAL_SURFACE ( 'NONE', #7399, 4.099999999999992539, 0.7853981633974450594 ) ;
#4391 = DIRECTION ( 'NONE',  ( 3.469446951953611724E-16, 3.504141421473150331E-15, 1.000000000000000000 ) ) ;
#4392 = ADVANCED_FACE ( 'NONE', ( #5818 ), #1680, .T. ) ;
#4393 = CARTESIAN_POINT ( 'NONE',  ( 304.0000000000000568, 29.29289321881346098, 0.9999999999999859002 ) ) ;
#4394 = ORIENTED_EDGE ( 'NONE', *, *, #4616, .T. ) ;
#4395 = FACE_OUTER_BOUND ( 'NONE', #5613, .T. ) ;
#4396 = EDGE_CURVE ( 'NONE', #6699, #7773, #3552, .T. ) ;
#4397 = FACE_OUTER_BOUND ( 'NONE', #2723, .T. ) ;
#4398 = CONICAL_SURFACE ( 'NONE', #1004, 4.699999999999995737, 0.7853981633974490562 ) ;
#4399 = ORGANIZATION ( '未', '未', '' ) ;
#4400 = DIRECTION ( 'NONE',  ( 0.000000000000000000, 0.000000000000000000, -1.000000000000000000 ) ) ;
#4401 = VECTOR ( 'NONE', #454, 1000.000000000000000 ) ;
#4402 = LINE ( 'NONE', #1955, #5194 ) ;
#4403 = EDGE_CURVE ( 'NONE', #3330, #3990, #4944, .T. ) ;
#4404 = VERTEX_POINT ( 'NONE', #5272 ) ;
#4405 = DIRECTION ( 'NONE',  ( 0.000000000000000000, 0.000000000000000000, -1.000000000000000000 ) ) ;
#4406 = ADVANCED_FACE ( 'NONE', ( #2901 ), #4720, .F. ) ;
#4407 = ORIENTED_EDGE ( 'NONE', *, *, #2214, .T. ) ;
#4408 = ADVANCED_FACE ( 'NONE', ( #4755 ), #4679, .F. ) ;
#4409 = FACE_BOUND ( 'NONE', #7487, .T. ) ;
#4410 = CARTESIAN_POINT ( 'NONE',  ( 25.00000000000000000, -34.00000000000010658, 26.74999999999976197 ) ) ;
#4411 = DIRECTION ( 'NONE',  ( 0.000000000000000000, 4.405646923115719615E-15, 1.000000000000000000 ) ) ;
#4412 = DIRECTION ( 'NONE',  ( -0.000000000000000000, -1.000000000000000000, -0.000000000000000000 ) ) ;
#4413 = CARTESIAN_POINT ( 'NONE',  ( -304.0399999999999068, 29.26848105461893113, 0.3401467520116438492 ) ) ;
#4414 = CARTESIAN_POINT ( 'NONE',  ( -299.5219866587631259, -29.09763107293782269, 0.1077730963901894212 ) ) ;
#4415 = ORIENTED_EDGE ( 'NONE', *, *, #7543, .T. ) ;
#4416 = CARTESIAN_POINT ( 'NONE',  ( 0.000000000000000000, 31.55000000000021032, 59.00000000000000000 ) ) ;
#4417 = EDGE_LOOP ( 'NONE', ( #6622, #1318, #1517, #2188 ) ) ;
#4418 = EDGE_CURVE ( 'NONE', #757, #4662, #6204, .T. ) ;
#4419 = CIRCLE ( 'NONE', #7428, 2.249999999999988010 ) ;
#4420 = ORIENTED_EDGE ( 'NONE', *, *, #5367, .T. ) ;
#4421 = CARTESIAN_POINT ( 'NONE',  ( -303.8698633833416238, 29.24407768234454963, -0.3087394217964116727 ) ) ;
#4422 = FACE_OUTER_BOUND ( 'NONE', #301, .T. ) ;
#4423 = ORIENTED_EDGE ( 'NONE', *, *, #3692, .T. ) ;
#4424 = CARTESIAN_POINT ( 'NONE',  ( -0.000000000000000000, 30.00000000000006040, 17.00000000000006395 ) ) ;
#4425 = ORIENTED_EDGE ( 'NONE', *, *, #123, .T. ) ;
#4426 = VECTOR ( 'NONE', #4127, 1000.000000000000000 ) ;
#4427 = CARTESIAN_POINT ( 'NONE',  ( -299.0244121627769687, 29.65461630990704123, -3.999999999999994671 ) ) ;
#4428 = AXIS2_PLACEMENT_3D ( 'NONE', #1118, #6506, #3519 ) ;
#4429 = EDGE_CURVE ( 'NONE', #134, #7094, #1757, .T. ) ;
#4430 = VERTEX_POINT ( 'NONE', #6520 ) ;
#4431 = ORIENTED_EDGE ( 'NONE', *, *, #5001, .T. ) ;
#4432 = CIRCLE ( 'NONE', #44, 4.099999999999992539 ) ;
#4433 = AXIS2_PLACEMENT_3D ( 'NONE', #4877, #3075, #3816 ) ;
#4434 = CARTESIAN_POINT ( 'NONE',  ( -299.2684854505789644, -34.00000000000000711, 0.3455015305021299499 ) ) ;
#4435 = CARTESIAN_POINT ( 'NONE',  ( 118.9999999999999716, -32.55000000000038085, 111.6999999999999744 ) ) ;
#4436 = VERTEX_POINT ( 'NONE', #1132 ) ;
#4437 = DIRECTION ( 'NONE',  ( 8.659560562354932858E-17, 0.7071067811865451302, -0.7071067811865500152 ) ) ;
#4438 = DIRECTION ( 'NONE',  ( 8.659560562354904508E-17, -0.7071067811865497932, 0.7071067811865452413 ) ) ;
#4439 = CIRCLE ( 'NONE', #172, 6.999999999999964473 ) ;
#4440 = AXIS2_PLACEMENT_3D ( 'NONE', #6682, #84, #674 ) ;
#4441 = EDGE_CURVE ( 'NONE', #4471, #7053, #4930, .T. ) ;
#4442 = CONICAL_SURFACE ( 'NONE', #1682, 4.099999999999992539, 0.7853981633974450594 ) ;
#4443 = LINE ( 'NONE', #3888, #2149 ) ;
#4444 = DIRECTION ( 'NONE',  ( 0.000000000000000000, 4.405646923115700682E-15, 1.000000000000000000 ) ) ;
#4445 = ORIENTED_EDGE ( 'NONE', *, *, #7649, .F. ) ;
#4446 = DIRECTION ( 'NONE',  ( -0.000000000000000000, -1.000000000000000000, -0.000000000000000000 ) ) ;
#4447 = EDGE_LOOP ( 'NONE', ( #7489, #4276 ) ) ;
#4448 = CARTESIAN_POINT ( 'NONE',  ( -298.9999999999999432, 29.00000000000000355, -3.999999999999994671 ) ) ;
#4449 = AXIS2_PLACEMENT_3D ( 'NONE', #217, #762, #4385 ) ;
#4450 = EDGE_CURVE ( 'NONE', #3245, #548, #1530, .T. ) ;
#4451 = LINE ( 'NONE', #6295, #7287 ) ;
#4452 = CARTESIAN_POINT ( 'NONE',  ( -303.9088222904082386, -29.24407768234454963, -0.3192093371708240590 ) ) ;
#4453 = CIRCLE ( 'NONE', #4586, 1.950000000000007283 ) ;
#4454 = CARTESIAN_POINT ( 'NONE',  ( -298.9999999999999432, 29.00000000000000711, -4.039999999999996483 ) ) ;
#4455 = LINE ( 'NONE', #438, #4721 ) ;
#4456 = VERTEX_POINT ( 'NONE', #3961 ) ;
#4457 = DIRECTION ( 'NONE',  ( 0.000000000000000000, -1.000000000000000000, 3.498359009886561105E-15 ) ) ;
#4458 = FACE_OUTER_BOUND ( 'NONE', #3865, .T. ) ;
#4459 = CARTESIAN_POINT ( 'NONE',  ( -25.00000000000000000, -31.55000000000030624, 91.24999999999971578 ) ) ;
#4460 = ORIENTED_EDGE ( 'NONE', *, *, #2791, .T. ) ;
#4461 = CARTESIAN_POINT ( 'NONE',  ( -302.0727335998745957, 29.12203884117228014, -2.998334211990901998 ) ) ;
#4462 = CARTESIAN_POINT ( 'NONE',  ( 25.00000000000000000, 34.00000000000031264, 88.99999999999998579 ) ) ;
#4463 = EDGE_LOOP ( 'NONE', ( #729, #6863 ) ) ;
#4464 = DIRECTION ( 'NONE',  ( 8.659560562354932858E-17, -0.7071067811865474617, 0.7071067811865474617 ) ) ;
#4465 = EDGE_LOOP ( 'NONE', ( #7484, #6675, #5140, #735 ) ) ;
#4466 = CIRCLE ( 'NONE', #1328, 6.999999999999964473 ) ;
#4467 = CARTESIAN_POINT ( 'NONE',  ( -299.2440776823444821, 33.90882229040831675, -0.3192093371707858118 ) ) ;
#4468 = ORIENTED_EDGE ( 'NONE', *, *, #7387, .T. ) ;
#4469 = EDGE_CURVE ( 'NONE', #2934, #6265, #4508, .T. ) ;
#4470 = ORIENTED_EDGE ( 'NONE', *, *, #2434, .T. ) ;
#4471 = VERTEX_POINT ( 'NONE', #1007 ) ;
#4472 = CIRCLE ( 'NONE', #705, 6.999999999999957367 ) ;
#4473 = CARTESIAN_POINT ( 'NONE',  ( 299.2440776823445390, -33.86986338334157409, -0.3087394217964692933 ) ) ;
#4474 = EDGE_CURVE ( 'NONE', #4714, #4162, #424, .T. ) ;
#4475 = CARTESIAN_POINT ( 'NONE',  ( -299.2928932188133331, -30.00000000000000355, 0.9999999999999974465 ) ) ;
#4476 = ORIENTED_EDGE ( 'NONE', *, *, #5487, .F. ) ;
#4477 = LINE ( 'NONE', #5024, #5336 ) ;
#4478 = ORIENTED_EDGE ( 'NONE', *, *, #1295, .T. ) ;
#4479 = CARTESIAN_POINT ( 'NONE',  ( -25.00000000000000000, -34.00000000000010658, 31.24999999999974420 ) ) ;
#4480 = CARTESIAN_POINT ( 'NONE',  ( 25.00000000000000000, -30.00000000000009948, 28.99999999999975131 ) ) ;
#4481 = CARTESIAN_POINT ( 'NONE',  ( -63.99999999999997158, -34.00000000000038369, 109.9999999999999858 ) ) ;
#4482 = FACE_OUTER_BOUND ( 'NONE', #2753, .T. ) ;
#4483 = ORIENTED_EDGE ( 'NONE', *, *, #1031, .T. ) ;
#4484 = DIRECTION ( 'NONE',  ( -0.000000000000000000, 1.000000000000000000, 3.498359009886561105E-15 ) ) ;
#4485 = EDGE_LOOP ( 'NONE', ( #97, #870, #5540, #7225 ) ) ;
#4486 = CARTESIAN_POINT ( 'NONE',  ( -299.2928932188133331, 34.00000000000000711, 0.9999999999999940048 ) ) ;
#4487 = DIRECTION ( 'NONE',  ( 0.000000000000000000, -4.081702296415999431E-15, 1.000000000000000000 ) ) ;
#4488 = DIRECTION ( 'NONE',  ( 1.000000000000000000, -0.000000000000000000, -0.000000000000000000 ) ) ;
#4489 = EDGE_CURVE ( 'NONE', #3090, #1748, #3178, .T. ) ;
#4490 = CARTESIAN_POINT ( 'NONE',  ( -244.4999999999997442, 24.00000000000006395, 17.00000000000002842 ) ) ;
#4491 = VERTEX_POINT ( 'NONE', #3333 ) ;
#4492 = EDGE_CURVE ( 'NONE', #569, #4977, #3409, .T. ) ;
#4493 = CARTESIAN_POINT ( 'NONE',  ( -216.5649711574550906, -34.00000000000017764, 52.01497115745586797 ) ) ;
#4494 = CARTESIAN_POINT ( 'NONE',  ( 25.00000000000000000, -34.00000000000031264, 93.69999999999973284 ) ) ;
#4495 = DIRECTION ( 'NONE',  ( -0.000000000000000000, 1.000000000000000000, -3.504141421473150331E-15 ) ) ;
#4496 = ORIENTED_EDGE ( 'NONE', *, *, #1156, .F. ) ;
#4497 = CARTESIAN_POINT ( 'NONE',  ( 216.5649711574557443, -34.00000000000027001, 76.93502884254469620 ) ) ;
#4498 = CYLINDRICAL_SURFACE ( 'NONE', #776, 1.000000000000000888 ) ;
#4499 = EDGE_LOOP ( 'NONE', ( #1338, #3817, #4855, #999 ) ) ;
#4500 = CARTESIAN_POINT ( 'NONE',  ( -25.00000000000000000, -34.00000000000031264, 88.99999999999972999 ) ) ;
#4501 = VERTEX_POINT ( 'NONE', #7496 ) ;
#4502 = EDGE_CURVE ( 'NONE', #7493, #1751, #903, .T. ) ;
#4503 = DIRECTION ( 'NONE',  ( -0.000000000000000000, -1.000000000000000000, -0.000000000000000000 ) ) ;
#4504 = VERTEX_POINT ( 'NONE', #7578 ) ;
#4505 = AXIS2_PLACEMENT_3D ( 'NONE', #5958, #572, #4254 ) ;
#4506 = ORIENTED_EDGE ( 'NONE', *, *, #2420, .T. ) ;
#4507 = CARTESIAN_POINT ( 'NONE',  ( 244.4999999999999716, 24.00000000000027001, 78.00000000000009948 ) ) ;
#4508 = LINE ( 'NONE', #2818, #7187 ) ;
#4509 = ORIENTED_EDGE ( 'NONE', *, *, #4489, .F. ) ;
#4510 = AXIS2_PLACEMENT_3D ( 'NONE', #2757, #6382, #5170 ) ;
#4511 = DIRECTION ( 'NONE',  ( 0.000000000000000000, -1.000000000000000000, 3.498359009886561105E-15 ) ) ;
#4512 = VERTEX_POINT ( 'NONE', #2101 ) ;
#4513 = CARTESIAN_POINT ( 'NONE',  ( 299.0488155364690215, 29.26174788435928065, 0.02602732333168926437 ) ) ;
#4514 = CARTESIAN_POINT ( 'NONE',  ( 299.0000000000000568, -29.00000000000000000, 0.000000000000000000 ) ) ;
#4515 = EDGE_CURVE ( 'NONE', #3135, #468, #2659, .T. ) ;
#4516 = CIRCLE ( 'NONE', #3886, 2.249999999999988010 ) ;
#4517 = EDGE_CURVE ( 'NONE', #4436, #1602, #6563, .T. ) ;
#4518 = CARTESIAN_POINT ( 'NONE',  ( -63.99999999999997158, -32.55000000000038085, 109.9999999999999858 ) ) ;
#4519 = CARTESIAN_POINT ( 'NONE',  ( -298.9999999999999432, 29.00000000000000355, -3.999999999999994671 ) ) ;
#4520 = ORIENTED_EDGE ( 'NONE', *, *, #3638, .F. ) ;
#4521 = DIRECTION ( 'NONE',  ( -1.000000000000000000, 0.000000000000000000, 0.000000000000000000 ) ) ;
#4522 = VERTEX_POINT ( 'NONE', #3996 ) ;
#4523 = ADVANCED_FACE ( 'NONE', ( #1475 ), #6018, .F. ) ;
#4524 = DIRECTION ( 'NONE',  ( -0.000000000000000000, -1.000000000000000000, -0.000000000000000000 ) ) ;
#4525 = CIRCLE ( 'NONE', #3771, 2.249999999999974243 ) ;
#4526 = VECTOR ( 'NONE', #6515, 1000.000000000000000 ) ;
#4527 = LINE ( 'NONE', #1531, #394 ) ;
#4528 = CARTESIAN_POINT ( 'NONE',  ( -299.6598532479883943, -29.02441216419454051, -4.039999999999996483 ) ) ;
#4529 = CARTESIAN_POINT ( 'NONE',  ( 299.0000000000000568, 29.00000000000000711, -3.999999999999996447 ) ) ;
#4530 = VERTEX_POINT ( 'NONE', #5891 ) ;
#4531 = CARTESIAN_POINT ( 'NONE',  ( -183.4999999999999432, 30.00000000000022382, 49.00000000000022737 ) ) ;
#4532 = AXIS2_PLACEMENT_3D ( 'NONE', #1116, #3481, #7127 ) ;
#4533 = DIRECTION ( 'NONE',  ( -0.000000000000000000, -1.000000000000000000, -0.000000000000000000 ) ) ;
#4534 = EDGE_CURVE ( 'NONE', #292, #7646, #5812, .T. ) ;
#4535 = CYLINDRICAL_SURFACE ( 'NONE', #5009, 32.00000000000001421 ) ;
#4536 = ORIENTED_EDGE ( 'NONE', *, *, #7631, .T. ) ;
#4537 = CARTESIAN_POINT ( 'NONE',  ( -284.0000000000000000, -34.00000000000038369, 113.1499999999999773 ) ) ;
#4538 = EDGE_CURVE ( 'NONE', #6590, #648, #3491, .T. ) ;
#4539 = CYLINDRICAL_SURFACE ( 'NONE', #2919, 2.249999999999995115 ) ;
#4540 = ORIENTED_EDGE ( 'NONE', *, *, #3393, .T. ) ;
#4541 = CARTESIAN_POINT ( 'NONE',  ( 25.00000000000000000, 34.00000000000012079, 33.69999999999998863 ) ) ;
#4542 = EDGE_LOOP ( 'NONE', ( #7100, #5443, #6150, #1821 ) ) ;
#4543 = DIRECTION ( 'NONE',  ( 0.000000000000000000, 0.000000000000000000, -1.000000000000000000 ) ) ;
#4544 = EDGE_LOOP ( 'NONE', ( #2892, #2536, #4827, #191 ) ) ;
#4545 = VERTEX_POINT ( 'NONE', #5307 ) ;
#4546 = EDGE_CURVE ( 'NONE', #6120, #7499, #1905, .T. ) ;
#4547 = DIRECTION ( 'NONE',  ( 0.000000000000000000, 4.405646923115700682E-15, 1.000000000000000000 ) ) ;
#4548 = DIRECTION ( 'NONE',  ( 0.000000000000000000, 4.081702296416033352E-15, 1.000000000000000000 ) ) ;
#4549 = AXIS2_PLACEMENT_3D ( 'NONE', #2868, #5904, #3584 ) ;
#4550 = ORIENTED_EDGE ( 'NONE', *, *, #3343, .F. ) ;
#4551 = CARTESIAN_POINT ( 'NONE',  ( 174.0000000000000000, -34.00000000000038369, 109.9999999999999858 ) ) ;
#4552 = ORIENTED_EDGE ( 'NONE', *, *, #2357, .T. ) ;
#4553 = LINE ( 'NONE', #5147, #6949 ) ;
#4554 = CARTESIAN_POINT ( 'NONE',  ( 25.00000000000000000, -34.00000000000010658, 33.69999999999975415 ) ) ;
#4555 = AXIS2_PLACEMENT_3D ( 'NONE', #7062, #1095, #4123 ) ;
#4556 = VECTOR ( 'NONE', #2439, 1000.000000000000000 ) ;
#4557 = LINE ( 'NONE', #4640, #6647 ) ;
#4558 = LINE ( 'NONE', #393, #6299 ) ;
#4559 = CARTESIAN_POINT ( 'NONE',  ( -244.4999999999999716, 34.00000000000017764, 48.99999999999998579 ) ) ;
#4560 = EDGE_LOOP ( 'NONE', ( #374, #2240, #1183, #1422, #1626, #7636, #1545, #675 ) ) ;
#4561 = CARTESIAN_POINT ( 'NONE',  ( 63.99999999999997158, -30.00000000000037659, 108.2999999999999972 ) ) ;
#4562 = AXIS2_PLACEMENT_3D ( 'NONE', #6577, #10, #118 ) ;
#4563 = AXIS2_PLACEMENT_3D ( 'NONE', #1219, #5360, #5426 ) ;
#4564 = ORIENTED_EDGE ( 'NONE', *, *, #6496, .F. ) ;
#4565 = FACE_OUTER_BOUND ( 'NONE', #63, .T. ) ;
#4566 = AXIS2_PLACEMENT_3D ( 'NONE', #2742, #3381, #2828 ) ;
#4567 = AXIS2_PLACEMENT_3D ( 'NONE', #1838, #78, #1253 ) ;
#4568 = B_SPLINE_CURVE_WITH_KNOTS ( 'NONE', 3,
 ( #303, #6166, #6242, #6749, #1398, #3728 ),
 .UNSPECIFIED., .F., .F.,
 ( 4, 2, 4 ),
 ( 0.000000000000000000, 0.5000000000000000000, 1.000000000000000000 ),
 .UNSPECIFIED. ) ;
#4569 = DIRECTION ( 'NONE',  ( -0.000000000000000000, -1.000000000000000000, -0.000000000000000000 ) ) ;
#4570 = EDGE_CURVE ( 'NONE', #5204, #6668, #4083, .T. ) ;
#4571 = CARTESIAN_POINT ( 'NONE',  ( -118.9999999999999716, 34.00000000000038369, 109.9999999999999858 ) ) ;
#4572 = CARTESIAN_POINT ( 'NONE',  ( 302.0973154686735143, 29.12203884117227659, -3.030320885686892396 ) ) ;
#4573 = ORIENTED_EDGE ( 'NONE', *, *, #3587, .F. ) ;
#4574 = DIRECTION ( 'NONE',  ( 0.000000000000000000, 0.000000000000000000, -1.000000000000000000 ) ) ;
#4575 = CARTESIAN_POINT ( 'NONE',  ( -63.99999999999997158, -34.00000000000038369, 109.9999999999999858 ) ) ;
#4576 = CYLINDRICAL_SURFACE ( 'NONE', #987, 2.249999999999988010 ) ;
#4577 = ORIENTED_EDGE ( 'NONE', *, *, #3568, .T. ) ;
#4578 = VECTOR ( 'NONE', #4115, 1000.000000000000000 ) ;
#4579 = CARTESIAN_POINT ( 'NONE',  ( 284.0000000000000000, -30.00000000000039080, 111.6999999999999602 ) ) ;
#4580 = CARTESIAN_POINT ( 'NONE',  ( -174.0000000000000000, -32.55000000000038085, 109.9999999999999858 ) ) ;
#4581 = ORIENTED_EDGE ( 'NONE', *, *, #7451, .F. ) ;
#4582 = DIRECTION ( 'NONE',  ( -0.000000000000000000, -1.000000000000000000, -0.000000000000000000 ) ) ;
#4583 = VERTEX_POINT ( 'NONE', #503 ) ;
#4584 = DIRECTION ( 'NONE',  ( -0.000000000000000000, -1.000000000000000000, -0.000000000000000000 ) ) ;
#4585 = EDGE_LOOP ( 'NONE', ( #7398, #2223 ) ) ;
#4586 = AXIS2_PLACEMENT_3D ( 'NONE', #6149, #5558, #170 ) ;
#4587 = VERTEX_POINT ( 'NONE', #2308 ) ;
#4588 = DIRECTION ( 'NONE',  ( 0.000000000000000000, -3.469446951953614189E-15, -1.000000000000000000 ) ) ;
#4589 = CARTESIAN_POINT ( 'NONE',  ( -298.9999999999999432, -28.99999999999999645, 0.04039999999999132480 ) ) ;
#4590 = AXIS2_PLACEMENT_3D ( 'NONE', #7231, #1839, #1767 ) ;
#4591 = EDGE_LOOP ( 'NONE', ( #3829, #3542, #7607, #6943 ) ) ;
#4592 = FACE_OUTER_BOUND ( 'NONE', #3942, .T. ) ;
#4593 = ORIENTED_EDGE ( 'NONE', *, *, #1847, .F. ) ;
#4594 = DIRECTION ( 'NONE',  ( -0.000000000000000000, -1.000000000000000000, -0.000000000000000000 ) ) ;
#4595 = ADVANCED_FACE ( 'NONE', ( #7277 ), #3173, .F. ) ;
#4596 = DIRECTION ( 'NONE',  ( -0.000000000000000000, 1.000000000000000000, -3.504141421473150331E-15 ) ) ;
#4597 = EDGE_CURVE ( 'NONE', #6748, #130, #6683, .T. ) ;
#4598 = CIRCLE ( 'NONE', #2206, 2.249999999999998668 ) ;
#4599 = DIRECTION ( 'NONE',  ( 0.000000000000000000, 0.000000000000000000, 1.000000000000000000 ) ) ;
#4600 = CARTESIAN_POINT ( 'NONE',  ( -216.5649711574557443, -30.00000000000027711, 78.88502884254471326 ) ) ;
#4601 = DIRECTION ( 'NONE',  ( -0.000000000000000000, -1.000000000000000000, -0.000000000000000000 ) ) ;
#4602 = AXIS2_PLACEMENT_3D ( 'NONE', #1348, #6771, #1383 ) ;
#4603 = VERTEX_POINT ( 'NONE', #5347 ) ;
#4604 = DIRECTION ( 'NONE',  ( 0.000000000000000000, 0.000000000000000000, -1.000000000000000000 ) ) ;
#4605 = DIRECTION ( 'NONE',  ( -0.000000000000000000, -1.000000000000000000, -0.000000000000000000 ) ) ;
#4606 = ORIENTED_EDGE ( 'NONE', *, *, #6400, .T. ) ;
#4607 = EDGE_CURVE ( 'NONE', #3371, #2441, #6478, .T. ) ;
#4608 = CARTESIAN_POINT ( 'NONE',  ( -216.5649711574550906, -31.85000000000017550, 50.06497115745585802 ) ) ;
#4609 = CARTESIAN_POINT ( 'NONE',  ( 299.0244121627770824, -29.65461630990706254, -4.000000000000008882 ) ) ;
#4610 = DIRECTION ( 'NONE',  ( 0.000000000000000000, -3.083952846181025582E-15, 1.000000000000000000 ) ) ;
#4611 = CARTESIAN_POINT ( 'NONE',  ( 25.00000000000000000, 34.00000000000009237, 24.29999999999999005 ) ) ;
#4612 = EDGE_CURVE ( 'NONE', #2036, #4430, #6312, .T. ) ;
#4613 = ORIENTED_EDGE ( 'NONE', *, *, #5529, .F. ) ;
#4614 = CARTESIAN_POINT ( 'NONE',  ( 262.0000000000000000, -34.00000000000011369, 31.49999999999978684 ) ) ;
#4615 = DIRECTION ( 'NONE',  ( 0.000000000000000000, -0.7071067811865497932, -0.7071067811865452413 ) ) ;
#4616 = EDGE_CURVE ( 'NONE', #6517, #2805, #3742, .T. ) ;
#4617 = CARTESIAN_POINT ( 'NONE',  ( 174.0000000000000000, -30.00000000000039080, 111.6999999999999886 ) ) ;
#4618 = EDGE_CURVE ( 'NONE', #4107, #1290, #5186, .T. ) ;
#4619 = VERTEX_POINT ( 'NONE', #7243 ) ;
#4620 = FACE_OUTER_BOUND ( 'NONE', #2973, .T. ) ;
#4621 = FACE_OUTER_BOUND ( 'NONE', #1996, .T. ) ;
#4622 = ORIENTED_EDGE ( 'NONE', *, *, #3134, .F. ) ;
#4623 = CARTESIAN_POINT ( 'NONE',  ( 197.9999999999999716, -34.00000000000011369, 36.19999999999979678 ) ) ;
#4624 = ORIENTED_EDGE ( 'NONE', *, *, #3925, .F. ) ;
#4625 = LINE ( 'NONE', #3447, #1089 ) ;
#4626 = ORIENTED_EDGE ( 'NONE', *, *, #4751, .F. ) ;
#4627 = VERTEX_POINT ( 'NONE', #4922 ) ;
#4628 = DIRECTION ( 'NONE',  ( 0.000000000000000000, -0.7071067811865474617, -0.7071067811865474617 ) ) ;
#4629 = CARTESIAN_POINT ( 'NONE',  ( -299.2684810560363076, -34.00000000000000000, 0.3453836900929637688 ) ) ;
#4630 = ORIENTED_EDGE ( 'NONE', *, *, #3530, .T. ) ;
#4631 = B_SPLINE_CURVE_WITH_KNOTS ( 'NONE', 3,
 ( #2366, #7681, #2926, #6618, #452, #5999 ),
 .UNSPECIFIED., .F., .F.,
 ( 4, 2, 4 ),
 ( 0.000000000000000000, 0.5000000000000000000, 1.000000000000000000 ),
 .UNSPECIFIED. ) ;
#4632 = CARTESIAN_POINT ( 'NONE',  ( 183.4999999999999432, 30.00000000000000355, -1.049507702965968418E-13 ) ) ;
#4633 = ORIENTED_EDGE ( 'NONE', *, *, #4164, .T. ) ;
#4634 = FACE_OUTER_BOUND ( 'NONE', #365, .T. ) ;
#4635 = DIRECTION ( 'NONE',  ( 0.000000000000000000, 0.000000000000000000, -1.000000000000000000 ) ) ;
#4636 = CIRCLE ( 'NONE', #4375, 1.699999999999993072 ) ;
#4637 = VECTOR ( 'NONE', #2756, 1000.000000000000000 ) ;
#4638 = ADVANCED_FACE ( 'NONE', ( #4259 ), #1887, .F. ) ;
#4639 = CONICAL_SURFACE ( 'NONE', #7519, 4.700000000000002842, 0.7853981633974482790 ) ;
#4640 = CARTESIAN_POINT ( 'NONE',  ( -284.0000000000000000, -34.00000000000038369, 108.3000000000000114 ) ) ;
#4641 = EDGE_CURVE ( 'NONE', #7579, #3027, #6653, .T. ) ;
#4642 = DIRECTION ( 'NONE',  ( -0.000000000000000000, -1.000000000000000000, -0.000000000000000000 ) ) ;
#4643 = CARTESIAN_POINT ( 'NONE',  ( 243.4350288425443978, -34.00000000000027001, 76.93502884254417040 ) ) ;
#4644 = VERTEX_POINT ( 'NONE', #3116 ) ;
#4645 = FACE_OUTER_BOUND ( 'NONE', #5359, .T. ) ;
#4646 = FACE_OUTER_BOUND ( 'NONE', #1819, .T. ) ;
#4647 = ORIENTED_EDGE ( 'NONE', *, *, #7378, .F. ) ;
#4648 = VECTOR ( 'NONE', #4599, 1000.000000000000000 ) ;
#4649 = FACE_OUTER_BOUND ( 'NONE', #2288, .T. ) ;
#4650 = CIRCLE ( 'NONE', #1249, 3.149999999999986144 ) ;
#4651 = EDGE_CURVE ( 'NONE', #6668, #4312, #677, .T. ) ;
#4652 = CARTESIAN_POINT ( 'NONE',  ( 63.99999999999997158, 34.00000000000037659, 108.2999999999999972 ) ) ;
#4653 = CIRCLE ( 'NONE', #7659, 1.699999999999993072 ) ;
#4654 = CARTESIAN_POINT ( 'NONE',  ( 216.5649711574550906, -34.00000000000017764, 50.06497115745585802 ) ) ;
#4655 = CARTESIAN_POINT ( 'NONE',  ( 304.0000000000000568, 29.29289321881346098, 0.9999999999999492628 ) ) ;
#4656 = EDGE_CURVE ( 'NONE', #6215, #1993, #3301, .T. ) ;
#4657 = ORIENTED_EDGE ( 'NONE', *, *, #6591, .F. ) ;
#4658 = APPROVAL_STATUS ( 'not_yet_approved' ) ;
#4659 = CARTESIAN_POINT ( 'NONE',  ( -197.9999999999999716, -34.00000000000011369, 31.49999999999978684 ) ) ;
#4660 = VECTOR ( 'NONE', #5750, 1000.000000000000000 ) ;
#4661 = CARTESIAN_POINT ( 'NONE',  ( -262.0000000000000000, -34.00000000000011369, 31.49999999999978684 ) ) ;
#4662 = VERTEX_POINT ( 'NONE', #206 ) ;
#4663 = DIRECTION ( 'NONE',  ( -0.000000000000000000, 1.000000000000000000, -3.504141421473150331E-15 ) ) ;
#4664 = CARTESIAN_POINT ( 'NONE',  ( -299.2928932188133331, 30.00000000000042277, 120.0000000000000000 ) ) ;
#4665 = ORIENTED_EDGE ( 'NONE', *, *, #4756, .F. ) ;
#4666 = CARTESIAN_POINT ( 'NONE',  ( -63.99999999999997158, 34.00000000000039790, 113.1499999999999915 ) ) ;
#4667 = ORIENTED_EDGE ( 'NONE', *, *, #2966, .F. ) ;
#4668 = DIRECTION ( 'NONE',  ( -0.000000000000000000, 1.000000000000000000, -3.504141421473150331E-15 ) ) ;
#4669 = ORIENTED_EDGE ( 'NONE', *, *, #5875, .F. ) ;
#4670 = AXIS2_PLACEMENT_3D ( 'NONE', #7673, #3622, #566 ) ;
#4671 = VERTEX_POINT ( 'NONE', #6186 ) ;
#4672 = ADVANCED_FACE ( 'NONE', ( #5083 ), #7476, .F. ) ;
#4673 = CARTESIAN_POINT ( 'NONE',  ( 243.4350288425443978, -34.00000000000027001, 72.83502884254419030 ) ) ;
#4674 = CARTESIAN_POINT ( 'NONE',  ( -299.2684811992172627, -29.95960000000000178, 0.8743668056868557636 ) ) ;
#4675 = ORIENTED_EDGE ( 'NONE', *, *, #145, .F. ) ;
#4676 = ADVANCED_FACE ( 'NONE', ( #6258 ), #2675, .F. ) ;
#4677 = DIRECTION ( 'NONE',  ( 0.000000000000000000, 0.000000000000000000, -1.000000000000000000 ) ) ;
#4678 = ORIENTED_EDGE ( 'NONE', *, *, #3548, .F. ) ;
#4679 = PLANE ( 'NONE',  #175 ) ;
#4680 = FACE_OUTER_BOUND ( 'NONE', #2007, .T. ) ;
#4681 = AXIS2_PLACEMENT_3D ( 'NONE', #7625, #2865, #1138 ) ;
#4682 = VECTOR ( 'NONE', #2808, 1000.000000000000000 ) ;
#4683 = DIRECTION ( 'NONE',  ( -0.000000000000000000, 1.000000000000000000, -3.498359009886561105E-15 ) ) ;
#4684 = DIRECTION ( 'NONE',  ( 0.000000000000000000, 0.000000000000000000, -1.000000000000000000 ) ) ;
#4685 = FACE_OUTER_BOUND ( 'NONE', #1312, .T. ) ;
#4686 = ORIENTED_EDGE ( 'NONE', *, *, #7299, .T. ) ;
#4687 = FACE_OUTER_BOUND ( 'NONE', #6426, .T. ) ;
#4688 = DIRECTION ( 'NONE',  ( -0.000000000000000000, 1.000000000000000000, -3.504141421473150331E-15 ) ) ;
#4689 = EDGE_CURVE ( 'NONE', #7249, #622, #2559, .T. ) ;
#4690 = AXIS2_PLACEMENT_3D ( 'NONE', #235, #6107, #5474 ) ;
#4691 = DIRECTION ( 'NONE',  ( -0.000000000000000000, -1.000000000000000000, -0.000000000000000000 ) ) ;
#4692 = VECTOR ( 'NONE', #2838, 1000.000000000000000 ) ;
#4693 = AXIS2_PLACEMENT_3D ( 'NONE', #3230, #119, #2588 ) ;
#4694 = DIRECTION ( 'NONE',  ( 0.000000000000000000, 0.000000000000000000, -1.000000000000000000 ) ) ;
#4695 = CARTESIAN_POINT ( 'NONE',  ( 243.4350288425439146, -34.00000000000017764, 52.01497115745531374 ) ) ;
#4696 = CYLINDRICAL_SURFACE ( 'NONE', #1906, 1.699999999999993072 ) ;
#4697 = EDGE_LOOP ( 'NONE', ( #316, #1899, #3162, #3337 ) ) ;
#4698 = DATE_AND_TIME ( #7123, #5535 ) ;
#4699 = CARTESIAN_POINT ( 'NONE',  ( -284.0000000000000000, -34.00000000000038369, 109.9999999999999858 ) ) ;
#4700 = AXIS2_PLACEMENT_3D ( 'NONE', #6450, #7074, #6408 ) ;
#4701 = EDGE_CURVE ( 'NONE', #5892, #228, #3314, .T. ) ;
#4702 = CIRCLE ( 'NONE', #154, 4.099999999999992539 ) ;
#4703 = DIRECTION ( 'NONE',  ( 0.000000000000000000, 2.952720810173291281E-15, 1.000000000000000000 ) ) ;
#4704 = ORIENTED_EDGE ( 'NONE', *, *, #798, .F. ) ;
#4705 = DIRECTION ( 'NONE',  ( 1.000000000000000000, 0.000000000000000000, -1.734723475976807403E-17 ) ) ;
#4706 = CIRCLE ( 'NONE', #564, 2.249999999999998668 ) ;
#4707 = CYLINDRICAL_SURFACE ( 'NONE', #5047, 2.249999999999988010 ) ;
#4708 = ORIENTED_EDGE ( 'NONE', *, *, #2281, .T. ) ;
#4709 = DIRECTION ( 'NONE',  ( 0.000000000000000000, -0.7071067811865474617, -0.7071067811865474617 ) ) ;
#4710 = VERTEX_POINT ( 'NONE', #5002 ) ;
#4711 = CARTESIAN_POINT ( 'NONE',  ( 299.0000000000000568, -29.00000000000000355, -4.039999999999996483 ) ) ;
#4712 = ORIENTED_EDGE ( 'NONE', *, *, #4651, .F. ) ;
#4713 = VECTOR ( 'NONE', #6309, 1000.000000000000000 ) ;
#4714 = VERTEX_POINT ( 'NONE', #7393 ) ;
#4715 = CARTESIAN_POINT ( 'NONE',  ( -197.9999999999999716, -34.00000000000011369, 29.24999999999978328 ) ) ;
#4716 = DIRECTION ( 'NONE',  ( 0.000000000000000000, 2.952720810173286943E-15, 1.000000000000000000 ) ) ;
#4717 = ORIENTED_EDGE ( 'NONE', *, *, #7369, .T. ) ;
#4718 = DIRECTION ( 'NONE',  ( 0.000000000000000000, -1.000000000000000000, 3.491481338843133355E-15 ) ) ;
#4719 = EDGE_LOOP ( 'NONE', ( #7212, #6693 ) ) ;
#4720 = CYLINDRICAL_SURFACE ( 'NONE', #7584, 1.699999999999979305 ) ;
#4721 = VECTOR ( 'NONE', #5871, 1000.000000000000000 ) ;
#4722 = DIRECTION ( 'NONE',  ( -0.000000000000000000, -1.000000000000000000, -0.000000000000000000 ) ) ;
#4723 = ADVANCED_FACE ( 'NONE', ( #6767 ), #4806, .F. ) ;
#4724 = CIRCLE ( 'NONE', #7738, 4.700000000000009948 ) ;
#4725 = DIRECTION ( 'NONE',  ( 0.000000000000000000, 4.081702296416033352E-15, 1.000000000000000000 ) ) ;
#4726 = CARTESIAN_POINT ( 'NONE',  ( -262.0000000000000000, -30.00000000000032330, 93.24999999999980105 ) ) ;
#4727 = DIRECTION ( 'NONE',  ( 0.000000000000000000, 1.000000000000000000, -3.504141421473150331E-15 ) ) ;
#4728 = ORIENTED_EDGE ( 'NONE', *, *, #173, .F. ) ;
#4729 = DIRECTION ( 'NONE',  ( 0.000000000000000000, 0.000000000000000000, -1.000000000000000000 ) ) ;
#4730 = CYLINDRICAL_SURFACE ( 'NONE', #5591, 2.250000000000001776 ) ;
#4731 = LINE ( 'NONE', #3469, #4137 ) ;
#4732 = CIRCLE ( 'NONE', #7749, 3.149999999999999911 ) ;
#4733 = CARTESIAN_POINT ( 'NONE',  ( 63.99999999999997158, 34.00000000000039790, 113.1499999999999915 ) ) ;
#4734 = CARTESIAN_POINT ( 'NONE',  ( -299.6145467199748396, -29.12203884117227659, 0.2003331576018209381 ) ) ;
#4735 = FACE_OUTER_BOUND ( 'NONE', #6860, .T. ) ;
#4736 = B_SPLINE_CURVE_WITH_KNOTS ( 'NONE', 3,
 ( #4486, #7507, #3310, #5706, #2627, #5036, #1451, #7429, #320, #4448 ),
 .UNSPECIFIED., .F., .F.,
 ( 4, 2, 2, 2, 4 ),
 ( 0.000000000000000000, 0.2500000000000003331, 0.5000000000000006661, 0.7500000000000009992, 1.000000000000000000 ),
 .UNSPECIFIED. ) ;
#4737 = ORIENTED_EDGE ( 'NONE', *, *, #2816, .T. ) ;
#4738 = LINE ( 'NONE', #6581, #6513 ) ;
#4739 = DIRECTION ( 'NONE',  ( 0.000000000000000000, 4.081702296415999431E-15, 1.000000000000000000 ) ) ;
#4740 = EDGE_CURVE ( 'NONE', #879, #6648, #6572, .T. ) ;
#4741 = CARTESIAN_POINT ( 'NONE',  ( 284.0000000000000000, -34.00000000000038369, 106.8499999999999943 ) ) ;
#4743 = ADVANCED_FACE ( 'NONE', ( #6222 ), #828, .F. ) ;
#4742 = DIRECTION ( 'NONE',  ( -0.000000000000000000, -1.000000000000000000, -0.000000000000000000 ) ) ;
#4744 = ORIENTED_EDGE ( 'NONE', *, *, #7135, .T. ) ;
#4745 = DIRECTION ( 'NONE',  ( 0.000000000000000000, 3.083952846180992055E-15, 1.000000000000000000 ) ) ;
#4746 = ORIENTED_EDGE ( 'NONE', *, *, #1394, .F. ) ;
#4747 = CARTESIAN_POINT ( 'NONE',  ( 304.0400000000000205, -29.29289321881345387, 0.9999999999999859002 ) ) ;
#4748 = ORIENTED_EDGE ( 'NONE', *, *, #2487, .F. ) ;
#4749 = ORIENTED_EDGE ( 'NONE', *, *, #6889, .T. ) ;
#4750 = FACE_BOUND ( 'NONE', #3291, .T. ) ;
#4751 = EDGE_CURVE ( 'NONE', #3170, #7035, #242, .T. ) ;
#4752 = ORIENTED_EDGE ( 'NONE', *, *, #2681, .T. ) ;
#4753 = DIRECTION ( 'NONE',  ( -0.000000000000000000, -1.000000000000000000, -0.000000000000000000 ) ) ;
#4754 = ORIENTED_EDGE ( 'NONE', *, *, #1093, .T. ) ;
#4755 = FACE_OUTER_BOUND ( 'NONE', #3131, .T. ) ;
#4756 = EDGE_CURVE ( 'NONE', #2894, #139, #4056, .T. ) ;
#4757 = DIRECTION ( 'NONE',  ( -0.000000000000000000, -1.000000000000000000, -0.000000000000000000 ) ) ;
#4758 = CARTESIAN_POINT ( 'NONE',  ( -159.9999999999999716, 34.00000000000011369, 31.50000000000002842 ) ) ;
#4759 = ADVANCED_FACE ( 'NONE', ( #5039 ), #7260, .F. ) ;
#4760 = CARTESIAN_POINT ( 'NONE',  ( -302.9983342119907661, -29.17085437764118439, -2.072733599874597044 ) ) ;
#4761 = CIRCLE ( 'NONE', #3118, 1.950000000000007283 ) ;
#4762 = CARTESIAN_POINT ( 'NONE',  ( -298.9999999999999432, -29.29289321881345742, 3.686287386450715076E-15 ) ) ;
#4763 = ORIENTED_EDGE ( 'NONE', *, *, #880, .F. ) ;
#4764 = DIRECTION ( 'NONE',  ( -0.000000000000000000, -1.000000000000000000, -0.000000000000000000 ) ) ;
#4765 = DIRECTION ( 'NONE',  ( 0.000000000000000000, -1.000000000000000000, 3.498359009886561105E-15 ) ) ;
#4766 = VECTOR ( 'NONE', #5795, 1000.000000000000000 ) ;
#4767 = DIRECTION ( 'NONE',  ( -0.000000000000000000, -1.000000000000000000, -0.000000000000000000 ) ) ;
#4768 = CARTESIAN_POINT ( 'NONE',  ( -118.9999999999999716, -34.00000000000038369, 106.8499999999999801 ) ) ;
#4769 = CYLINDRICAL_SURFACE ( 'NONE', #664, 2.249999999999995115 ) ;
#4770 = AXIS2_PLACEMENT_3D ( 'NONE', #3969, #4168, #5461 ) ;
#4771 = EDGE_CURVE ( 'NONE', #2297, #2114, #3389, .T. ) ;
#4772 = ORIENTED_EDGE ( 'NONE', *, *, #3106, .T. ) ;
#4773 = APPROVAL_STATUS ( 'not_yet_approved' ) ;
#4774 = DIRECTION ( 'NONE',  ( 0.000000000000000000, -0.7071067811865470176, -0.7071067811865481278 ) ) ;
#4775 = AXIS2_PLACEMENT_3D ( 'NONE', #502, #5228, #5106 ) ;
#4776 = DIRECTION ( 'NONE',  ( -0.000000000000000000, 1.000000000000000000, -3.498359009886561105E-15 ) ) ;
#4777 = LINE ( 'NONE', #7684, #7165 ) ;
#4778 = LINE ( 'NONE', #533, #2660 ) ;
#4779 = ORIENTED_EDGE ( 'NONE', *, *, #3111, .T. ) ;
#4780 = DIRECTION ( 'NONE',  ( -0.000000000000000000, 1.000000000000000000, -3.504141421473150331E-15 ) ) ;
#4781 = VERTEX_POINT ( 'NONE', #1109 ) ;
#4782 = CARTESIAN_POINT ( 'NONE',  ( 302.9983342119909935, -29.17085437764118794, -2.072733599874527322 ) ) ;
#4783 = CIRCLE ( 'NONE', #2385, 4.700000000000002842 ) ;
#4784 = ORIENTED_EDGE ( 'NONE', *, *, #5976, .F. ) ;
#4785 = EDGE_CURVE ( 'NONE', #6308, #5740, #948, .T. ) ;
#4786 = EDGE_LOOP ( 'NONE', ( #6708, #2050, #3407, #1381 ) ) ;
#4787 = CC_DESIGN_SECURITY_CLASSIFICATION ( #3029, ( #6783 ) ) ;
#4788 = CIRCLE ( 'NONE', #260, 2.249999999999988010 ) ;
#4789 = FACE_BOUND ( 'NONE', #2480, .T. ) ;
#4790 = VERTEX_POINT ( 'NONE', #6459 ) ;
#4791 = DIRECTION ( 'NONE',  ( 0.000000000000000000, -3.083952846181006649E-15, 1.000000000000000000 ) ) ;
#4792 = ORIENTED_EDGE ( 'NONE', *, *, #983, .T. ) ;
#4793 = CYLINDRICAL_SURFACE ( 'NONE', #2455, 1.950000000000007283 ) ;
#4794 = ORIENTED_EDGE ( 'NONE', *, *, #4689, .T. ) ;
#4795 = AXIS2_PLACEMENT_3D ( 'NONE', #2284, #1807, #6610 ) ;
#4796 = ADVANCED_FACE ( 'NONE', ( #362 ), #6069, .F. ) ;
#4797 = CARTESIAN_POINT ( 'NONE',  ( 216.5649711574550906, -34.00000000000017764, 45.96497115745587081 ) ) ;
#4798 = DIRECTION ( 'NONE',  ( 0.000000000000000000, -4.081702296416066484E-15, -1.000000000000000000 ) ) ;
#4799 = ORIENTED_EDGE ( 'NONE', *, *, #7299, .F. ) ;
#4800 = DIRECTION ( 'NONE',  ( 0.000000000000000000, 0.000000000000000000, -1.000000000000000000 ) ) ;
#4801 = FACE_OUTER_BOUND ( 'NONE', #3322, .T. ) ;
#4802 = AXIS2_PLACEMENT_3D ( 'NONE', #7663, #7289, #1898 ) ;
#4803 = DIRECTION ( 'NONE',  ( -0.000000000000000000, 1.000000000000000000, 3.498359009886561105E-15 ) ) ;
#4804 = CARTESIAN_POINT ( 'NONE',  ( -299.2928932188133331, 34.00000000000000711, 0.9999999999999940048 ) ) ;
#4805 = DIRECTION ( 'NONE',  ( -0.000000000000000000, 1.000000000000000000, -3.498359009886561105E-15 ) ) ;
#4806 = CONICAL_SURFACE ( 'NONE', #3425, 4.699999999999995737, 0.7853981633974490562 ) ;
#4807 = VECTOR ( 'NONE', #7606, 1000.000000000000000 ) ;
#4808 = ORIENTED_EDGE ( 'NONE', *, *, #3588, .F. ) ;
#4809 = EDGE_CURVE ( 'NONE', #3391, #4868, #1658, .T. ) ;
#4810 = APPROVAL_DATE_TIME ( #487, #5467 ) ;
#4811 = DIRECTION ( 'NONE',  ( 0.000000000000000000, 0.000000000000000000, -1.000000000000000000 ) ) ;
#4812 = CIRCLE ( 'NONE', #5821, 4.099999999999992539 ) ;
#4813 = AXIS2_PLACEMENT_3D ( 'NONE', #1299, #6068, #4405 ) ;
#4814 = DIRECTION ( 'NONE',  ( -0.000000000000000000, 1.000000000000000000, -3.504141421473150331E-15 ) ) ;
#4815 = EDGE_CURVE ( 'NONE', #7415, #3704, #7697, .T. ) ;
#4816 = DIRECTION ( 'NONE',  ( -0.000000000000000000, 1.000000000000000000, -3.504141421473150331E-15 ) ) ;
#4817 = CARTESIAN_POINT ( 'NONE',  ( 197.9999999999999716, -34.00000000000033396, 100.1999999999997897 ) ) ;
#4818 = ORIENTED_EDGE ( 'NONE', *, *, #1871, .T. ) ;
#4819 = DIRECTION ( 'NONE',  ( -0.000000000000000000, 1.000000000000000000, 0.000000000000000000 ) ) ;
#4820 = VERTEX_POINT ( 'NONE', #7595 ) ;
#4821 = CARTESIAN_POINT ( 'NONE',  ( 299.9346241805309887, -29.24407768234454252, 0.7488267301688363853 ) ) ;
#4822 = VECTOR ( 'NONE', #7756, 1000.000000000000000 ) ;
#4823 = ORIENTED_EDGE ( 'NONE', *, *, #2195, .F. ) ;
#4824 = ORIENTED_EDGE ( 'NONE', *, *, #7750, .F. ) ;
#4825 = VECTOR ( 'NONE', #5110, 1000.000000000000000 ) ;
#4826 = DIRECTION ( 'NONE',  ( 0.000000000000000000, 1.000000000000000000, 3.491481338843133355E-15 ) ) ;
#4827 = ORIENTED_EDGE ( 'NONE', *, *, #818, .T. ) ;
#4828 = CARTESIAN_POINT ( 'NONE',  ( 284.0000000000000000, -34.00000000000038369, 109.9999999999999858 ) ) ;
#4829 = ORIENTED_EDGE ( 'NONE', *, *, #5791, .F. ) ;
#4830 = DIRECTION ( 'NONE',  ( 0.000000000000000000, 0.000000000000000000, -1.000000000000000000 ) ) ;
#4831 = VERTEX_POINT ( 'NONE', #5836 ) ;
#4832 = AXIS2_PLACEMENT_3D ( 'NONE', #4897, #3096, #104 ) ;
#4833 = LINE ( 'NONE', #5387, #5769 ) ;
#4834 = EDGE_CURVE ( 'NONE', #3577, #7327, #1074, .T. ) ;
#4835 = DIRECTION ( 'NONE',  ( -0.000000000000000000, 1.000000000000000000, -3.504141421473150331E-15 ) ) ;
#4836 = ORIENTED_EDGE ( 'NONE', *, *, #3872, .T. ) ;
#4837 = DIRECTION ( 'NONE',  ( -0.000000000000000000, -1.000000000000000000, -0.000000000000000000 ) ) ;
#4838 = EDGE_CURVE ( 'NONE', #3730, #5171, #2162, .T. ) ;
#4839 = CARTESIAN_POINT ( 'NONE',  ( 304.0000000000000568, 29.29289321881346098, -1.124188949980529427E-12 ) ) ;
#4840 = AXIS2_PLACEMENT_3D ( 'NONE', #3467, #4688, #3275 ) ;
#4841 = CARTESIAN_POINT ( 'NONE',  ( 174.0000000000000000, -32.55000000000038085, 109.9999999999999858 ) ) ;
#4842 = PLANE ( 'NONE',  #780 ) ;
#4843 = AXIS2_PLACEMENT_3D ( 'NONE', #3545, #2432, #4285 ) ;
#4844 = DIRECTION ( 'NONE',  ( 0.000000000000000000, 0.000000000000000000, -1.000000000000000000 ) ) ;
#4845 = ADVANCED_FACE ( 'NONE', ( #2875 ), #5286, .F. ) ;
#4846 = ORIENTED_EDGE ( 'NONE', *, *, #2056, .T. ) ;
#4847 = DIRECTION ( 'NONE',  ( 0.000000000000000000, 3.083952846180997183E-15, 1.000000000000000000 ) ) ;
#4848 = FACE_OUTER_BOUND ( 'NONE', #7332, .T. ) ;
#4849 = EDGE_CURVE ( 'NONE', #5831, #61, #7674, .T. ) ;
#4850 = CARTESIAN_POINT ( 'NONE',  ( -298.9999999999999432, -29.29289321881345742, 1.000000000000004663 ) ) ;
#4851 = CARTESIAN_POINT ( 'NONE',  ( -299.2928932188133331, -29.95960000000000178, 0.9999999999999974465 ) ) ;
#4852 = DIRECTION ( 'NONE',  ( -0.000000000000000000, -1.000000000000000000, -0.000000000000000000 ) ) ;
#4853 = ORIENTED_EDGE ( 'NONE', *, *, #6112, .T. ) ;
#4854 = CARTESIAN_POINT ( 'NONE',  ( 197.9999999999999716, -34.00000000000011369, 29.24999999999978328 ) ) ;
#4855 = ORIENTED_EDGE ( 'NONE', *, *, #5896, .T. ) ;
#4856 = VECTOR ( 'NONE', #4034, 1000.000000000000000 ) ;
#4857 = DIRECTION ( 'NONE',  ( 0.000000000000000000, -3.083952846181025582E-15, 1.000000000000000000 ) ) ;
#4858 = ORIENTED_EDGE ( 'NONE', *, *, #4952, .T. ) ;
#4859 = EDGE_CURVE ( 'NONE', #4237, #3011, #2932, .T. ) ;
#4860 = ADVANCED_FACE ( 'NONE', ( #2916 ), #5438, .F. ) ;
#4861 = ORIENTED_EDGE ( 'NONE', *, *, #6619, .T. ) ;
#4862 = FACE_BOUND ( 'NONE', #1855, .T. ) ;
#4863 = ORIENTED_EDGE ( 'NONE', *, *, #5608, .T. ) ;
#4864 = DIRECTION ( 'NONE',  ( -0.000000000000000000, 1.000000000000000000, 3.498359009886561105E-15 ) ) ;
#4865 = VERTEX_POINT ( 'NONE', #7634 ) ;
#4866 = CARTESIAN_POINT ( 'NONE',  ( 25.00000000000000000, -34.00000000000010658, 28.99999999999975131 ) ) ;
#4867 = EDGE_CURVE ( 'NONE', #2070, #1713, #4432, .T. ) ;
#4868 = VERTEX_POINT ( 'NONE', #6105 ) ;
#4869 = DIRECTION ( 'NONE',  ( 0.000000000000000000, -0.7071067811865497932, -0.7071067811865452413 ) ) ;
#4870 = CARTESIAN_POINT ( 'NONE',  ( 243.4350288425443978, -31.85000000000027498, 74.98502884254416756 ) ) ;
#4871 = ORIENTED_EDGE ( 'NONE', *, *, #4993, .T. ) ;
#4872 = DIRECTION ( 'NONE',  ( 0.000000000000000000, 0.000000000000000000, -1.000000000000000000 ) ) ;
#4873 = CARTESIAN_POINT ( 'NONE',  ( -174.0000000000000000, 32.55000000000038085, 109.9999999999999858 ) ) ;
#4874 = ADVANCED_FACE ( 'NONE', ( #1879 ), #910, .F. ) ;
#4875 = DIRECTION ( 'NONE',  ( 1.000000000000000000, 0.000000000000000000, -3.686287386450711920E-15 ) ) ;
#4876 = DIRECTION ( 'NONE',  ( 0.000000000000000000, -3.083952846180988111E-15, 1.000000000000000000 ) ) ;
#4877 = CARTESIAN_POINT ( 'NONE',  ( 0.000000000000000000, 34.00000000000000000, -1.189166956519693879E-13 ) ) ;
#4878 = EDGE_LOOP ( 'NONE', ( #7548, #2571 ) ) ;
#4879 = DIRECTION ( 'NONE',  ( -0.000000000000000000, 1.000000000000000000, -3.504141421473150331E-15 ) ) ;
#4880 = EDGE_CURVE ( 'NONE', #327, #4512, #1191, .T. ) ;
#4881 = CARTESIAN_POINT ( 'NONE',  ( 197.9999999999999716, -34.00000000000011369, 26.79999999999977689 ) ) ;
#4882 = EDGE_CURVE ( 'NONE', #2775, #4120, #4195, .T. ) ;
#4883 = CARTESIAN_POINT ( 'NONE',  ( 299.2684810546189738, -34.03999999999999204, 0.3401467520115584175 ) ) ;
#4884 = CARTESIAN_POINT ( 'NONE',  ( -299.2440776823444253, -29.93462418053091767, 0.7488267301688308342 ) ) ;
#4885 = CARTESIAN_POINT ( 'NONE',  ( -299.7673603019651978, 29.17085437764119149, 0.4102809675120734356 ) ) ;
#4886 = EDGE_LOOP ( 'NONE', ( #1737, #4386, #5033, #3673 ) ) ;
#4887 = CARTESIAN_POINT ( 'NONE',  ( 174.0000000000000000, -34.00000000000038369, 111.6999999999999886 ) ) ;
#4888 = VERTEX_POINT ( 'NONE', #4249 ) ;
#4889 = CYLINDRICAL_SURFACE ( 'NONE', #2974, 1.700000000000007061 ) ;
#4890 = VERTEX_POINT ( 'NONE', #3109 ) ;
#4891 = VECTOR ( 'NONE', #7544, 1000.000000000000000 ) ;
#4892 = EDGE_CURVE ( 'NONE', #2533, #5288, #2665, .T. ) ;
#4893 = EDGE_LOOP ( 'NONE', ( #2262, #6253, #1373, #4133 ) ) ;
#4894 = DIRECTION ( 'NONE',  ( 8.659560562354932858E-17, -0.7071067811865474617, 0.7071067811865474617 ) ) ;
#4895 = LINE ( 'NONE', #2489, #6793 ) ;
#4896 = VERTEX_POINT ( 'NONE', #5507 ) ;
#4897 = CARTESIAN_POINT ( 'NONE',  ( 25.00000000000000000, -31.55000000000030624, 88.99999999999972999 ) ) ;
#4898 = ORIENTED_EDGE ( 'NONE', *, *, #3505, .T. ) ;
#4899 = CARTESIAN_POINT ( 'NONE',  ( -298.9999999999999432, 29.00000000000000355, 0.04040000000000520258 ) ) ;
#4900 = ORIENTED_EDGE ( 'NONE', *, *, #6804, .F. ) ;
#4901 = ORIENTED_EDGE ( 'NONE', *, *, #4849, .T. ) ;
#4902 = VECTOR ( 'NONE', #7177, 1000.000000000000000 ) ;
#4903 = DIRECTION ( 'NONE',  ( -0.000000000000000000, -1.000000000000000000, -0.000000000000000000 ) ) ;
#4904 = EDGE_CURVE ( 'NONE', #3654, #7035, #3550, .T. ) ;
#4905 = DIRECTION ( 'NONE',  ( 0.000000000000000000, 0.7071067811865500152, 0.7071067811865451302 ) ) ;
#4906 = ORIENTED_EDGE ( 'NONE', *, *, #5346, .T. ) ;
#4907 = CARTESIAN_POINT ( 'NONE',  ( 118.9999999999999716, 30.00000000000038725, 110.0000000000000000 ) ) ;
#4908 = CARTESIAN_POINT ( 'NONE',  ( 63.99999999999997158, -32.55000000000038085, 111.6999999999999744 ) ) ;
#4909 = CIRCLE ( 'NONE', #3773, 3.149999999999986144 ) ;
#4910 = VECTOR ( 'NONE', #3303, 1000.000000000000114 ) ;
#4911 = DIRECTION ( 'NONE',  ( 0.000000000000000000, 3.498359009886561105E-15, 1.000000000000000000 ) ) ;
#4912 = DIRECTION ( 'NONE',  ( 0.000000000000000000, 0.000000000000000000, -1.000000000000000000 ) ) ;
#4913 = ADVANCED_FACE ( 'NONE', ( #7309 ), #6644, .F. ) ;
#4914 = DIRECTION ( 'NONE',  ( 0.000000000000000000, 0.000000000000000000, -1.000000000000000000 ) ) ;
#4915 = ORIENTED_EDGE ( 'NONE', *, *, #4815, .T. ) ;
#4916 = AXIS2_PLACEMENT_3D ( 'NONE', #232, #1445, #6368 ) ;
#4917 = FACE_BOUND ( 'NONE', #6240, .T. ) ;
#4918 = CARTESIAN_POINT ( 'NONE',  ( 197.9999999999999716, -31.55000000000010729, 29.24999999999978328 ) ) ;
#4919 = CIRCLE ( 'NONE', #7447, 1.700000000000007061 ) ;
#4920 = CIRCLE ( 'NONE', #4428, 2.249999999999988010 ) ;
#4921 = CARTESIAN_POINT ( 'NONE',  ( -244.4999999999999716, 30.00000000000027711, 78.00000000000001421 ) ) ;
#4922 = CARTESIAN_POINT ( 'NONE',  ( 0.000000000000000000, 31.55000000000021743, 61.25000000000000000 ) ) ;
#4923 = EDGE_CURVE ( 'NONE', #1168, #6158, #2938, .T. ) ;
#4924 = CARTESIAN_POINT ( 'NONE',  ( -299.6145467199748964, 29.12203884117228014, 0.2003331576018226867 ) ) ;
#4925 = CYLINDRICAL_SURFACE ( 'NONE', #3832, 1.700000000000007061 ) ;
#4926 = ORIENTED_EDGE ( 'NONE', *, *, #4607, .F. ) ;
#4927 = EDGE_CURVE ( 'NONE', #2219, #6123, #6939, .T. ) ;
#4928 = DIRECTION ( 'NONE',  ( 0.000000000000000000, -1.000000000000000000, 0.000000000000000000 ) ) ;
#4929 = VERTEX_POINT ( 'NONE', #2395 ) ;
#4930 = CIRCLE ( 'NONE', #547, 1.699999999999993072 ) ;
#4931 = CIRCLE ( 'NONE', #5056, 2.250000000000001776 ) ;
#4932 = EDGE_LOOP ( 'NONE', ( #5609, #2841 ) ) ;
#4933 = CARTESIAN_POINT ( 'NONE',  ( 243.4350288425443978, -30.00000000000027711, 78.88502884254418746 ) ) ;
#4934 = VECTOR ( 'NONE', #5993, 1000.000000000000000 ) ;
#4935 = FACE_OUTER_BOUND ( 'NONE', #3746, .T. ) ;
#4936 = ORIENTED_EDGE ( 'NONE', *, *, #1068, .T. ) ;
#4937 = VECTOR ( 'NONE', #2954, 1000.000000000000000 ) ;
#4938 = CARTESIAN_POINT ( 'NONE',  ( 276.5000000000000568, 30.00000000000000355, -1.049507702965968418E-13 ) ) ;
#4939 = ORIENTED_EDGE ( 'NONE', *, *, #4396, .T. ) ;
#4940 = CARTESIAN_POINT ( 'NONE',  ( -299.1952621458755175, 33.40388339730546363, -1.538239661069340514 ) ) ;
#4941 = EDGE_LOOP ( 'NONE', ( #2692, #2303 ) ) ;
#4942 = AXIS2_PLACEMENT_3D ( 'NONE', #1065, #4601, #3929 ) ;
#4943 = ORIENTED_EDGE ( 'NONE', *, *, #2329, .T. ) ;
#4944 = CIRCLE ( 'NONE', #3570, 2.249999999999974243 ) ;
#4945 = LINE ( 'NONE', #7338, #7027 ) ;
#4946 = FACE_OUTER_BOUND ( 'NONE', #6711, .T. ) ;
#4947 = ORIENTED_EDGE ( 'NONE', *, *, #2870, .F. ) ;
#4948 = DIRECTION ( 'NONE',  ( -0.000000000000000000, -1.000000000000000000, -0.000000000000000000 ) ) ;
#4949 = AXIS2_PLACEMENT_3D ( 'NONE', #3296, #5692, #2145 ) ;
#4950 = DIRECTION ( 'NONE',  ( -0.000000000000000000, 1.000000000000000000, -3.498359009886561105E-15 ) ) ;
#4951 = ADVANCED_FACE ( 'NONE', ( #2472 ), #2793, .F. ) ;
#4952 = EDGE_CURVE ( 'NONE', #4662, #757, #3307, .T. ) ;
#4953 = AXIS2_PLACEMENT_3D ( 'NONE', #6270, #2688, #6930 ) ;
#4954 = PLANE ( 'NONE',  #7295 ) ;
#4955 = CARTESIAN_POINT ( 'NONE',  ( -197.9999999999999716, -34.00000000000033396, 90.79999999999976978 ) ) ;
#4956 = FACE_OUTER_BOUND ( 'NONE', #3465, .T. ) ;
#4957 = ORIENTED_EDGE ( 'NONE', *, *, #3320, .F. ) ;
#4958 = CIRCLE ( 'NONE', #1562, 4.099999999999992539 ) ;
#4959 = DIRECTION ( 'NONE',  ( -0.000000000000000000, 1.000000000000000000, -3.504141421473150331E-15 ) ) ;
#4960 = B_SPLINE_CURVE_WITH_KNOTS ( 'NONE', 3,
 ( #2352, #5490, #1181, #1064, #4760, #2906, #6526, #5942, #5277, #7753 ),
 .UNSPECIFIED., .F., .F.,
 ( 4, 2, 2, 2, 4 ),
 ( 0.000000000000000000, 0.2500000000000000000, 0.5000000000000000000, 0.7500000000000000000, 1.000000000000000000 ),
 .UNSPECIFIED. ) ;
#4961 = CARTESIAN_POINT ( 'NONE',  ( 63.99999999999997158, -32.55000000000038085, 109.9999999999999858 ) ) ;
#4962 = AXIS2_PLACEMENT_3D ( 'NONE', #2701, #4950, #7463 ) ;
#4963 = CARTESIAN_POINT ( 'NONE',  ( 299.1220388411722979, -32.09731546867353558, -3.030320885686856425 ) ) ;
#4964 = CARTESIAN_POINT ( 'NONE',  ( -300.3087394217963038, -29.04881553646891135, -3.869863383341581642 ) ) ;
#4965 = CARTESIAN_POINT ( 'NONE',  ( -299.5036189803707884, 29.09763107293782269, 0.1262136116457452939 ) ) ;
#4966 = CARTESIAN_POINT ( 'NONE',  ( -63.99999999999997158, -30.00000000000037659, 108.2999999999999829 ) ) ;
#4967 = ORIENTED_EDGE ( 'NONE', *, *, #7255, .T. ) ;
#4968 = CARTESIAN_POINT ( 'NONE',  ( 63.99999999999997158, -30.00000000000039080, 111.6999999999999744 ) ) ;
#4969 = ORIENTED_EDGE ( 'NONE', *, *, #6755, .T. ) ;
#4970 = CIRCLE ( 'NONE', #3597, 4.699999999999981526 ) ;
#4971 = EDGE_CURVE ( 'NONE', #6742, #1162, #3661, .T. ) ;
#4972 = ORIENTED_EDGE ( 'NONE', *, *, #2881, .T. ) ;
#4973 = ADVANCED_FACE ( 'NONE', ( #49 ), #2506, .F. ) ;
#4974 = DIRECTION ( 'NONE',  ( 0.000000000000000000, 0.000000000000000000, -1.000000000000000000 ) ) ;
#4975 = VECTOR ( 'NONE', #1930, 999.9999999999998863 ) ;
#4976 = DIRECTION ( 'NONE',  ( 0.000000000000000000, 0.000000000000000000, -1.000000000000000000 ) ) ;
#4977 = VERTEX_POINT ( 'NONE', #1148 ) ;
#4978 = DIRECTION ( 'NONE',  ( -0.000000000000000000, 1.000000000000000000, -3.504141421473150331E-15 ) ) ;
#4979 = VERTEX_POINT ( 'NONE', #2359 ) ;
#4980 = LINE ( 'NONE', #6780, #5101 ) ;
#4981 = ORIENTED_EDGE ( 'NONE', *, *, #1647, .T. ) ;
#4982 = VERTEX_POINT ( 'NONE', #7760 ) ;
#4983 = EDGE_CURVE ( 'NONE', #2735, #1862, #2167, .T. ) ;
#4984 = EDGE_CURVE ( 'NONE', #4404, #6823, #288, .T. ) ;
#4985 = VERTEX_POINT ( 'NONE', #4804 ) ;
#4986 = ADVANCED_FACE ( 'NONE', ( #1222 ), #4842, .F. ) ;
#4987 = CARTESIAN_POINT ( 'NONE',  ( 299.2684854505790213, -33.99999999999998579, 0.3455015305020500138 ) ) ;
#4988 = EDGE_CURVE ( 'NONE', #2934, #5527, #778, .T. ) ;
#4989 = DIRECTION ( 'NONE',  ( -0.000000000000000000, -1.000000000000000000, -0.000000000000000000 ) ) ;
#4990 = ORIENTED_EDGE ( 'NONE', *, *, #2666, .F. ) ;
#4991 = CARTESIAN_POINT ( 'NONE',  ( -215.4999999999999432, 30.00000000000027711, 78.00000000000001421 ) ) ;
#4992 = CARTESIAN_POINT ( 'NONE',  ( 118.9999999999999716, -34.00000000000038369, 109.9999999999999858 ) ) ;
#4993 = EDGE_CURVE ( 'NONE', #5054, #4456, #6445, .T. ) ;
#4994 = CARTESIAN_POINT ( 'NONE',  ( 216.5649711574550906, -30.00000000000017764, 52.01497115745586797 ) ) ;
#4995 = CARTESIAN_POINT ( 'NONE',  ( 299.0000000000000568, 29.00000000000000711, -3.999999999999996447 ) ) ;
#4996 = FACE_OUTER_BOUND ( 'NONE', #3017, .T. ) ;
#4997 = ORIENTED_EDGE ( 'NONE', *, *, #5470, .T. ) ;
#4998 = DIRECTION ( 'NONE',  ( -3.700743415417188731E-15, 0.000000000000000000, 1.000000000000000000 ) ) ;
#4999 = CARTESIAN_POINT ( 'NONE',  ( 262.0000000000000000, -31.55000000000032756, 95.49999999999977263 ) ) ;
#5000 = CARTESIAN_POINT ( 'NONE',  ( 299.0244121641945867, -29.65985324798838363, -4.040000000000008917 ) ) ;
#5001 = EDGE_CURVE ( 'NONE', #3999, #5171, #3427, .T. ) ;
#5002 = CARTESIAN_POINT ( 'NONE',  ( 216.5649711574550906, -31.85000000000017550, 52.01497115745586797 ) ) ;
#5003 = CARTESIAN_POINT ( 'NONE',  ( -303.4038833973053784, 29.19526214587564183, -1.538239661069362496 ) ) ;
#5004 = CONICAL_SURFACE ( 'NONE', #2107, 4.699999999999999289, 0.7853981633974490562 ) ;
#5005 = CARTESIAN_POINT ( 'NONE',  ( -299.9999999999998863, -29.24407768234454252, 0.7382006122008455407 ) ) ;
#5006 = VERTEX_POINT ( 'NONE', #6721 ) ;
#5007 = DIRECTION ( 'NONE',  ( -0.000000000000000000, 1.000000000000000000, -3.504141421473150331E-15 ) ) ;
#5008 = VERTEX_POINT ( 'NONE', #3774 ) ;
#5009 = AXIS2_PLACEMENT_3D ( 'NONE', #6925, #1540, #6346 ) ;
#5010 = ORIENTED_EDGE ( 'NONE', *, *, #4612, .T. ) ;
#5011 = DIRECTION ( 'NONE',  ( -0.000000000000000000, -1.000000000000000000, -0.000000000000000000 ) ) ;
#5012 = CARTESIAN_POINT ( 'NONE',  ( 174.0000000000000000, 34.00000000000039790, 113.1499999999999773 ) ) ;
#5013 = VERTEX_POINT ( 'NONE', #2662 ) ;
#5014 = LINE ( 'NONE', #4938, #3699 ) ;
#5015 = VERTEX_POINT ( 'NONE', #1918 ) ;
#5016 = EDGE_CURVE ( 'NONE', #4114, #3092, #4330, .T. ) ;
#5017 = CARTESIAN_POINT ( 'NONE',  ( -299.0244121641944730, 29.65985324798836231, -4.039999999999994706 ) ) ;
#5018 = AXIS2_PLACEMENT_3D ( 'NONE', #4661, #1740, #4148 ) ;
#5019 = ORIENTED_EDGE ( 'NONE', *, *, #6591, .T. ) ;
#5020 = EDGE_LOOP ( 'NONE', ( #4496, #3875, #1965, #1476 ) ) ;
#5021 = EDGE_LOOP ( 'NONE', ( #2154, #5561, #2496, #1756 ) ) ;
#5022 = CIRCLE ( 'NONE', #746, 2.249999999999998668 ) ;
#5023 = DIRECTION ( 'NONE',  ( 0.000000000000000000, -1.000000000000000000, 3.504141421473150331E-15 ) ) ;
#5024 = CARTESIAN_POINT ( 'NONE',  ( 299.2928932188134468, -30.00000000000000000, 0.000000000000000000 ) ) ;
#5025 = VERTEX_POINT ( 'NONE', #5700 ) ;
#5026 = CARTESIAN_POINT ( 'NONE',  ( 299.1952621458756880, 29.83848541826474587, 0.5167272264360857070 ) ) ;
#5027 = CARTESIAN_POINT ( 'NONE',  ( -299.2928932188133331, -30.00000000000000000, 0.000000000000000000 ) ) ;
#5028 = EDGE_CURVE ( 'NONE', #4312, #3654, #4402, .T. ) ;
#5029 = CIRCLE ( 'NONE', #3024, 3.149999999999986144 ) ;
#5030 = FACE_OUTER_BOUND ( 'NONE', #5111, .T. ) ;
#5031 = VECTOR ( 'NONE', #6037, 1000.000000000000000 ) ;
#5032 = DIRECTION ( 'NONE',  ( 1.000000000000000000, -0.000000000000000000, 0.000000000000000000 ) ) ;
#5033 = ORIENTED_EDGE ( 'NONE', *, *, #6206, .T. ) ;
#5034 = CARTESIAN_POINT ( 'NONE',  ( 174.0000000000000000, -34.00000000000038369, 109.9999999999999858 ) ) ;
#5035 = ORIENTED_EDGE ( 'NONE', *, *, #3443, .F. ) ;
#5036 = CARTESIAN_POINT ( 'NONE',  ( -299.1220388411721842, 32.07273359987456018, -2.998334211990902443 ) ) ;
#5037 = AXIS2_PLACEMENT_3D ( 'NONE', #361, #4767, #4139 ) ;
#5038 = LINE ( 'NONE', #5555, #6047 ) ;
#5039 = FACE_OUTER_BOUND ( 'NONE', #1019, .T. ) ;
#5040 = CARTESIAN_POINT ( 'NONE',  ( -298.9999999999999432, 29.00000000000000711, 0.04040000000000368297 ) ) ;
#5041 = CIRCLE ( 'NONE', #4802, 1.700000000000007061 ) ;
#5042 = CARTESIAN_POINT ( 'NONE',  ( -276.4999999999999432, 30.00000000000000355, -1.049507702965968418E-13 ) ) ;
#5043 = ORIENTED_EDGE ( 'NONE', *, *, #543, .T. ) ;
#5044 = CARTESIAN_POINT ( 'NONE',  ( -118.9999999999999716, -34.00000000000038369, 109.9999999999999858 ) ) ;
#5045 = ORIENTED_EDGE ( 'NONE', *, *, #5350, .T. ) ;
#5046 = EDGE_CURVE ( 'NONE', #6470, #5576, #7440, .T. ) ;
#5047 = AXIS2_PLACEMENT_3D ( 'NONE', #3634, #4852, #6545 ) ;
#5048 = CARTESIAN_POINT ( 'NONE',  ( 299.2928932188134468, 34.00000000000000000, -1.189166956519693879E-13 ) ) ;
#5049 = VERTEX_POINT ( 'NONE', #4955 ) ;
#5050 = DIRECTION ( 'NONE',  ( 0.000000000000000000, 0.7071067811865483499, 0.7071067811865467956 ) ) ;
#5051 = DIRECTION ( 'NONE',  ( -0.000000000000000000, 1.000000000000000000, -3.504141421473150331E-15 ) ) ;
#5052 = ORIENTED_EDGE ( 'NONE', *, *, #2283, .T. ) ;
#5053 = DIRECTION ( 'NONE',  ( 0.000000000000000000, 0.000000000000000000, -1.000000000000000000 ) ) ;
#5054 = VERTEX_POINT ( 'NONE', #3735 ) ;
#5055 = CARTESIAN_POINT ( 'NONE',  ( -299.0488155364688510, 30.30873942179640324, -3.869863383341572760 ) ) ;
#5056 = AXIS2_PLACEMENT_3D ( 'NONE', #1771, #7721, #637 ) ;
#5057 = ORIENTED_EDGE ( 'NONE', *, *, #1006, .F. ) ;
#5058 = VERTEX_POINT ( 'NONE', #4366 ) ;
#5059 = ORIENTED_EDGE ( 'NONE', *, *, #4492, .T. ) ;
#5060 = VECTOR ( 'NONE', #1483, 1000.000000000000000 ) ;
#5061 = AXIS2_PLACEMENT_3D ( 'NONE', #5117, #855, #5243 ) ;
#5062 = CARTESIAN_POINT ( 'NONE',  ( 299.1952621458755743, -33.36893194177125821, -1.518094901854548207 ) ) ;
#5063 = DIRECTION ( 'NONE',  ( 0.000000000000000000, 3.083952846180988111E-15, 1.000000000000000000 ) ) ;
#5064 = ORIENTED_EDGE ( 'NONE', *, *, #7413, .T. ) ;
#5065 = DIRECTION ( 'NONE',  ( -0.000000000000000000, -1.000000000000000000, -0.000000000000000000 ) ) ;
#5066 = EDGE_LOOP ( 'NONE', ( #3687, #5676, #5308, #1478 ) ) ;
#5067 = CARTESIAN_POINT ( 'NONE',  ( 0.000000000000000000, 31.55000000000010729, 28.99999999999999645 ) ) ;
#5068 = CARTESIAN_POINT ( 'NONE',  ( -197.9999999999999716, -34.00000000000033396, 100.1999999999997897 ) ) ;
#5069 = AXIS2_PLACEMENT_3D ( 'NONE', #4244, #1799, #7113 ) ;
#5070 = CIRCLE ( 'NONE', #6085, 2.249999999999998668 ) ;
#5071 = EDGE_CURVE ( 'NONE', #2309, #7773, #6288, .T. ) ;
#5072 = AXIS2_PLACEMENT_3D ( 'NONE', #4086, #3965, #886 ) ;
#5073 = EDGE_CURVE ( 'NONE', #1634, #327, #2705, .T. ) ;
#5074 = CARTESIAN_POINT ( 'NONE',  ( 216.5649711574550906, -34.00000000000017764, 50.06497115745585802 ) ) ;
#5075 = CARTESIAN_POINT ( 'NONE',  ( 118.9999999999999716, -34.00000000000038369, 106.8499999999999801 ) ) ;
#5076 = ORIENTED_EDGE ( 'NONE', *, *, #6016, .T. ) ;
#5077 = CARTESIAN_POINT ( 'NONE',  ( 243.4350288425443978, -34.00000000000027001, 76.93502884254417040 ) ) ;
#5078 = ORIENTED_EDGE ( 'NONE', *, *, #1798, .T. ) ;
#5079 = CARTESIAN_POINT ( 'NONE',  ( 118.9999999999999716, 30.00000000000038725, 110.0000000000000000 ) ) ;
#5080 = CIRCLE ( 'NONE', #6336, 4.699999999999981526 ) ;
#5081 = ADVANCED_FACE ( 'NONE', ( #4482 ), #741, .F. ) ;
#5082 = CARTESIAN_POINT ( 'NONE',  ( 244.4999999999998010, 24.00000000000006395, 17.00000000000008527 ) ) ;
#5083 = FACE_OUTER_BOUND ( 'NONE', #4384, .T. ) ;
#5084 = CIRCLE ( 'NONE', #3705, 3.149999999999986144 ) ;
#5085 = DIRECTION ( 'NONE',  ( 0.000000000000000000, 0.7071067811865483499, 0.7071067811865467956 ) ) ;
#5086 = ADVANCED_FACE ( 'NONE', ( #3228 ), #2034, .F. ) ;
#5087 = DIRECTION ( 'NONE',  ( -0.000000000000000000, 1.000000000000000000, -3.504141421473150331E-15 ) ) ;
#5088 = EDGE_LOOP ( 'NONE', ( #6818, #5716 ) ) ;
#5089 = EDGE_CURVE ( 'NONE', #5582, #6668, #2174, .T. ) ;
#5090 = PLANE ( 'NONE',  #5414 ) ;
#5091 = CARTESIAN_POINT ( 'NONE',  ( -216.5649711574550906, -34.00000000000017764, 50.06497115745585802 ) ) ;
#5092 = CIRCLE ( 'NONE', #3840, 1.950000000000007283 ) ;
#5093 = CARTESIAN_POINT ( 'NONE',  ( -118.9999999999999716, -34.00000000000038369, 109.9999999999999858 ) ) ;
#5094 = ORIENTED_EDGE ( 'NONE', *, *, #2710, .F. ) ;
#5095 = DIRECTION ( 'NONE',  ( 0.000000000000000000, 0.000000000000000000, -1.000000000000000000 ) ) ;
#5096 = DIRECTION ( 'NONE',  ( -0.000000000000000000, 1.000000000000000000, -3.504141421473150331E-15 ) ) ;
#5097 = ORIENTED_EDGE ( 'NONE', *, *, #5089, .T. ) ;
#5098 = CARTESIAN_POINT ( 'NONE',  ( 262.0000000000000000, -34.00000000000033396, 100.1999999999997613 ) ) ;
#5099 = EDGE_CURVE ( 'NONE', #2853, #5015, #4059, .T. ) ;
#5100 = VERTEX_POINT ( 'NONE', #5075 ) ;
#5101 = VECTOR ( 'NONE', #2575, 1000.000000000000114 ) ;
#5102 = CARTESIAN_POINT ( 'NONE',  ( -298.9999999999999432, 29.00000000000000355, 0.000000000000000000 ) ) ;
#5103 = EDGE_LOOP ( 'NONE', ( #7055, #887, #1236, #3894 ) ) ;
#5104 = ORIENTED_EDGE ( 'NONE', *, *, #3050, .F. ) ;
#5105 = AXIS2_PLACEMENT_3D ( 'NONE', #2096, #24, #4857 ) ;
#5106 = DIRECTION ( 'NONE',  ( 0.000000000000000000, -3.469446951953607878E-15, -1.000000000000000000 ) ) ;
#5107 = DIRECTION ( 'NONE',  ( 0.000000000000000000, 4.081702296416066484E-15, 1.000000000000000000 ) ) ;
#5108 = VERTEX_POINT ( 'NONE', #1407 ) ;
#5109 = EDGE_CURVE ( 'NONE', #6491, #1593, #4812, .T. ) ;
#5110 = DIRECTION ( 'NONE',  ( 0.000000000000000000, -3.498359009886561105E-15, -1.000000000000000000 ) ) ;
#5111 = EDGE_LOOP ( 'NONE', ( #3097, #220, #2369, #6430 ) ) ;
#5112 = CARTESIAN_POINT ( 'NONE',  ( 299.0000000000000568, 29.00000000000000355, 0.04040000000000520258 ) ) ;
#5113 = DIRECTION ( 'NONE',  ( -1.000000000000000000, -0.000000000000000000, 0.000000000000000000 ) ) ;
#5114 = CARTESIAN_POINT ( 'NONE',  ( 284.0000000000000000, -34.00000000000038369, 109.9999999999999858 ) ) ;
#5115 = CARTESIAN_POINT ( 'NONE',  ( -118.9999999999999716, 34.00000000000038369, 109.9999999999999858 ) ) ;
#5116 = ORIENTED_EDGE ( 'NONE', *, *, #5176, .T. ) ;
#5117 = CARTESIAN_POINT ( 'NONE',  ( 118.9999999999999716, -32.55000000000038085, 109.9999999999999858 ) ) ;
#5118 = ORIENTED_EDGE ( 'NONE', *, *, #3749, .T. ) ;
#5119 = EDGE_CURVE ( 'NONE', #6348, #2805, #233, .T. ) ;
#5120 = DIRECTION ( 'NONE',  ( 0.000000000000000000, -3.498359009886561105E-15, 1.000000000000000000 ) ) ;
#5121 = DIRECTION ( 'NONE',  ( -0.000000000000000000, 1.000000000000000000, -3.504141421473150331E-15 ) ) ;
#5122 = CARTESIAN_POINT ( 'NONE',  ( 0.000000000000000000, 34.00000000000031264, 88.99999999999998579 ) ) ;
#5123 = CARTESIAN_POINT ( 'NONE',  ( 301.5382396610693263, 29.09763107293782980, -3.403883397305473402 ) ) ;
#5124 = EDGE_LOOP ( 'NONE', ( #4799, #3476 ) ) ;
#5125 = DIRECTION ( 'NONE',  ( -0.000000000000000000, -1.000000000000000000, -0.000000000000000000 ) ) ;
#5126 = CARTESIAN_POINT ( 'NONE',  ( 140.0000000000000000, 24.00000000000011013, 31.50000000000002842 ) ) ;
#5127 = ADVANCED_FACE ( 'NONE', ( #5825 ), #5778, .F. ) ;
#5128 = CARTESIAN_POINT ( 'NONE',  ( -174.0000000000000000, -30.00000000000039080, 111.6999999999999886 ) ) ;
#5129 = EDGE_LOOP ( 'NONE', ( #2095, #7283, #2102, #5376 ) ) ;
#5130 = DIRECTION ( 'NONE',  ( 0.000000000000000000, 3.083952846180997183E-15, 1.000000000000000000 ) ) ;
#5131 = VECTOR ( 'NONE', #6801, 1000.000000000000000 ) ;
#5132 = CARTESIAN_POINT ( 'NONE',  ( 284.0000000000000000, -30.00000000000037659, 108.3000000000000114 ) ) ;
#5133 = ORIENTED_EDGE ( 'NONE', *, *, #3677, .F. ) ;
#5134 = DIRECTION ( 'NONE',  ( 0.000000000000000000, 4.405646923115700682E-15, 1.000000000000000000 ) ) ;
#5135 = EDGE_LOOP ( 'NONE', ( #2399, #6603, #7438, #3209 ) ) ;
#5136 = CARTESIAN_POINT ( 'NONE',  ( 25.00000000000000000, 31.55000000000021032, 59.00000000000000000 ) ) ;
#5137 = ORIENTED_EDGE ( 'NONE', *, *, #489, .T. ) ;
#5138 = VECTOR ( 'NONE', #1229, 1000.000000000000000 ) ;
#5139 = AXIS2_PLACEMENT_3D ( 'NONE', #2680, #3983, #3319 ) ;
#5140 = ORIENTED_EDGE ( 'NONE', *, *, #5804, .T. ) ;
#5141 = FACE_OUTER_BOUND ( 'NONE', #2577, .T. ) ;
#5142 = CARTESIAN_POINT ( 'NONE',  ( -299.2928932188133331, -34.00000000000000000, 1.000000000000004441 ) ) ;
#5143 = EDGE_LOOP ( 'NONE', ( #6040, #2746 ) ) ;
#5144 = VECTOR ( 'NONE', #3666, 1000.000000000000000 ) ;
#5145 = DIRECTION ( 'NONE',  ( 0.000000000000000000, -4.081702296416066484E-15, -1.000000000000000000 ) ) ;
#5146 = VERTEX_POINT ( 'NONE', #3464 ) ;
#5147 = CARTESIAN_POINT ( 'NONE',  ( 243.4350288425443978, -34.00000000000027001, 78.88502884254418746 ) ) ;
#5148 = DIRECTION ( 'NONE',  ( 0.000000000000000000, -3.083952846181006649E-15, 1.000000000000000000 ) ) ;
#5149 = EDGE_CURVE ( 'NONE', #1748, #1751, #3345, .T. ) ;
#5150 = AXIS2_PLACEMENT_3D ( 'NONE', #3879, #4391, #5023 ) ;
#5151 = ADVANCED_FACE ( 'NONE', ( #7547 ), #2545, .F. ) ;
#5152 = CARTESIAN_POINT ( 'NONE',  ( 174.0000000000000000, 34.00000000000036948, 106.8499999999999943 ) ) ;
#5153 = CARTESIAN_POINT ( 'NONE',  ( -183.4999999999999432, 24.00000000000017408, 49.00000000000024869 ) ) ;
#5154 = CARTESIAN_POINT ( 'NONE',  ( -25.00000000000000000, 34.00000000000019895, 54.29999999999999005 ) ) ;
#5155 = ORIENTED_EDGE ( 'NONE', *, *, #6248, .T. ) ;
#5156 = DIRECTION ( 'NONE',  ( 0.000000000000000000, -3.558407130208821635E-15, 1.000000000000000000 ) ) ;
#5157 = CIRCLE ( 'NONE', #7, 2.250000000000001776 ) ;
#5158 = ORIENTED_EDGE ( 'NONE', *, *, #5456, .F. ) ;
#5159 = FACE_BOUND ( 'NONE', #6785, .T. ) ;
#5160 = LOCAL_TIME ( 23, 14, 47.00000000000000000, #14 ) ;
#5161 = CIRCLE ( 'NONE', #1143, 1.699999999999979305 ) ;
#5162 = ADVANCED_FACE ( 'NONE', ( #2785 ), #5198, .F. ) ;
#5163 = DIRECTION ( 'NONE',  ( -0.000000000000000000, 1.000000000000000000, -3.504141421473150331E-15 ) ) ;
#5164 = CARTESIAN_POINT ( 'NONE',  ( -299.2511732698310993, -29.04881553646891135, 0.06537581946908767316 ) ) ;
#5165 = LINE ( 'NONE', #6964, #1411 ) ;
#5166 = VERTEX_POINT ( 'NONE', #7626 ) ;
#5167 = AXIS2_PLACEMENT_3D ( 'NONE', #5258, #372, #3950 ) ;
#5168 = PERSON ( '未', '未', '未', ('未'), ('未'), ('未') ) ;
#5169 = LINE ( 'NONE', #5126, #5398 ) ;
#5170 = DIRECTION ( 'NONE',  ( 0.000000000000000000, 0.000000000000000000, -1.000000000000000000 ) ) ;
#5171 = VERTEX_POINT ( 'NONE', #6490 ) ;
#5172 = EDGE_CURVE ( 'NONE', #2497, #5300, #477, .T. ) ;
#5173 = AXIS2_PLACEMENT_3D ( 'NONE', #2471, #6680, #1842 ) ;
#5174 = DIRECTION ( 'NONE',  ( 0.000000000000000000, 0.000000000000000000, -1.000000000000000000 ) ) ;
#5176 = EDGE_CURVE ( 'NONE', #6538, #5006, #938, .T. ) ;
#5175 = FACE_OUTER_BOUND ( 'NONE', #4229, .T. ) ;
#5177 = EDGE_LOOP ( 'NONE', ( #4156, #5495, #182, #2647 ) ) ;
#5178 = DIRECTION ( 'NONE',  ( 8.659560562354932858E-17, -0.7071067811865474617, 0.7071067811865474617 ) ) ;
#5179 = ORIENTED_EDGE ( 'NONE', *, *, #2803, .T. ) ;
#5180 = LINE ( 'NONE', #2179, #4856 ) ;
#5181 = ORIENTED_EDGE ( 'NONE', *, *, #5804, .F. ) ;
#5182 = CIRCLE ( 'NONE', #6178, 3.149999999999999911 ) ;
#5183 = ORIENTED_EDGE ( 'NONE', *, *, #3372, .F. ) ;
#5184 = DIRECTION ( 'NONE',  ( 0.000000000000000000, 3.083952846180988111E-15, 1.000000000000000000 ) ) ;
#5185 = CARTESIAN_POINT ( 'NONE',  ( -299.0244121641944730, -29.65985324798831968, -4.040000000000008917 ) ) ;
#5186 = CIRCLE ( 'NONE', #2026, 3.149999999999999911 ) ;
#5187 = ADVANCED_FACE ( 'NONE', ( #2198 ), #1915, .F. ) ;
#5188 = EDGE_LOOP ( 'NONE', ( #1390, #3911, #4388, #1511 ) ) ;
#5189 = CIRCLE ( 'NONE', #900, 6.999999999999964473 ) ;
#5190 = FACE_OUTER_BOUND ( 'NONE', #3412, .T. ) ;
#5191 = ORIENTED_EDGE ( 'NONE', *, *, #3351, .F. ) ;
#5192 = CARTESIAN_POINT ( 'NONE',  ( 299.2684810560364213, 33.99999999999999289, 0.3453836900929296294 ) ) ;
#5193 = CARTESIAN_POINT ( 'NONE',  ( 216.5649711574557443, -30.00000000000027001, 76.93502884254469620 ) ) ;
#5194 = VECTOR ( 'NONE', #7467, 1000.000000000000000 ) ;
#5195 = AXIS2_PLACEMENT_3D ( 'NONE', #751, #5557, #863 ) ;
#5196 = LINE ( 'NONE', #936, #4891 ) ;
#5197 = DIRECTION ( 'NONE',  ( 0.000000000000000000, 0.000000000000000000, 1.000000000000000000 ) ) ;
#5198 = CYLINDRICAL_SURFACE ( 'NONE', #5206, 2.250000000000001776 ) ;
#5199 = EDGE_LOOP ( 'NONE', ( #223, #7744, #6599, #4087 ) ) ;
#5200 = DIRECTION ( 'NONE',  ( 0.000000000000000000, -1.000000000000000000, 0.000000000000000000 ) ) ;
#5201 = AXIS2_PLACEMENT_3D ( 'NONE', #6280, #5065, #5616 ) ;
#5202 = AXIS2_PLACEMENT_3D ( 'NONE', #274, #6371, #6291 ) ;
#5203 = EDGE_CURVE ( 'NONE', #4831, #5108, #6816, .T. ) ;
#5204 = VERTEX_POINT ( 'NONE', #4519 ) ;
#5205 = DIRECTION ( 'NONE',  ( -0.000000000000000000, -1.000000000000000000, -0.000000000000000000 ) ) ;
#5206 = AXIS2_PLACEMENT_3D ( 'NONE', #3971, #5902, #5867 ) ;
#5207 = CIRCLE ( 'NONE', #3689, 2.250000000000001776 ) ;
#5208 = DIRECTION ( 'NONE',  ( 0.000000000000000000, 2.952720810173286943E-15, 1.000000000000000000 ) ) ;
#5209 = CARTESIAN_POINT ( 'NONE',  ( -215.5000000000001990, 24.00000000000006395, 17.00000000000002842 ) ) ;
#5210 = CARTESIAN_POINT ( 'NONE',  ( 299.6145467199749532, 29.12203884117227659, 0.2003331576018209381 ) ) ;
#5211 = ORIENTED_EDGE ( 'NONE', *, *, #5586, .T. ) ;
#5212 = VECTOR ( 'NONE', #969, 1000.000000000000000 ) ;
#5213 = DIRECTION ( 'NONE',  ( 0.000000000000000000, 0.000000000000000000, -1.000000000000000000 ) ) ;
#5214 = CARTESIAN_POINT ( 'NONE',  ( 160.0000000000000284, 34.00000000000011369, 31.49999999999998579 ) ) ;
#5215 = CYLINDRICAL_SURFACE ( 'NONE', #4510, 1.950000000000007283 ) ;
#5216 = ORIENTED_EDGE ( 'NONE', *, *, #4983, .T. ) ;
#5217 = AXIS2_PLACEMENT_3D ( 'NONE', #1233, #6041, #3046 ) ;
#5218 = DIRECTION ( 'NONE',  ( -0.000000000000000000, -1.000000000000000000, -0.000000000000000000 ) ) ;
#5219 = FACE_OUTER_BOUND ( 'NONE', #3122, .T. ) ;
#5220 = ORIENTED_EDGE ( 'NONE', *, *, #1471, .F. ) ;
#5221 = CARTESIAN_POINT ( 'NONE',  ( 2.755455298081542313E-16, 34.00000000000009948, 26.74999999999999289 ) ) ;
#5222 = ORIENTED_EDGE ( 'NONE', *, *, #2068, .F. ) ;
#5223 = DIRECTION ( 'NONE',  ( -0.000000000000000000, -1.000000000000000000, -0.000000000000000000 ) ) ;
#5224 = VERTEX_POINT ( 'NONE', #435 ) ;
#5225 = VECTOR ( 'NONE', #2003, 1000.000000000000000 ) ;
#5226 = EDGE_CURVE ( 'NONE', #5049, #1408, #1795, .T. ) ;
#5227 = ORIENTED_EDGE ( 'NONE', *, *, #6223, .F. ) ;
#5228 = DIRECTION ( 'NONE',  ( 0.000000000000000000, 1.000000000000000000, -3.504141421473150331E-15 ) ) ;
#5229 = CARTESIAN_POINT ( 'NONE',  ( -25.00000000000000000, 31.55000000000021032, 59.00000000000000000 ) ) ;
#5230 = AXIS2_PLACEMENT_3D ( 'NONE', #4001, #5735, #2779 ) ;
#5231 = ORIENTED_EDGE ( 'NONE', *, *, #7251, .T. ) ;
#5232 = CARTESIAN_POINT ( 'NONE',  ( -174.0000000000000000, -34.00000000000038369, 108.2999999999999829 ) ) ;
#5233 = ORIENTED_EDGE ( 'NONE', *, *, #7226, .T. ) ;
#5234 = DIRECTION ( 'NONE',  ( -0.000000000000000000, 1.000000000000000000, -3.504141421473150331E-15 ) ) ;
#5235 = DIRECTION ( 'NONE',  ( -0.000000000000000000, -1.000000000000000000, -0.000000000000000000 ) ) ;
#5236 = AXIS2_PLACEMENT_3D ( 'NONE', #4090, #7026, #6486 ) ;
#5237 = EDGE_CURVE ( 'NONE', #2045, #2733, #1050, .T. ) ;
#5238 = DIRECTION ( 'NONE',  ( -0.000000000000000000, -1.000000000000000000, -0.000000000000000000 ) ) ;
#5239 = LINE ( 'NONE', #595, #2523 ) ;
#5240 = CARTESIAN_POINT ( 'NONE',  ( -216.5649711574550906, -34.00000000000017764, 50.06497115745585802 ) ) ;
#5241 = CONICAL_SURFACE ( 'NONE', #5364, 4.699999999999981526, 0.7853981633974482790 ) ;
#5242 = ORIENTED_EDGE ( 'NONE', *, *, #5745, .F. ) ;
#5243 = DIRECTION ( 'NONE',  ( 0.000000000000000000, 0.000000000000000000, -1.000000000000000000 ) ) ;
#5244 = DIRECTION ( 'NONE',  ( -0.000000000000000000, -1.000000000000000000, -0.000000000000000000 ) ) ;
#5245 = EDGE_LOOP ( 'NONE', ( #3685, #2706, #1672, #3751 ) ) ;
#5246 = EDGE_CURVE ( 'NONE', #1751, #4206, #1601, .T. ) ;
#5247 = LINE ( 'NONE', #2871, #5393 ) ;
#5248 = EDGE_CURVE ( 'NONE', #841, #2497, #3435, .T. ) ;
#5249 = CARTESIAN_POINT ( 'NONE',  ( 0.000000000000000000, 34.00000000000010658, 28.99999999999998934 ) ) ;
#5250 = DIRECTION ( 'NONE',  ( 0.000000000000000000, 0.000000000000000000, -1.000000000000000000 ) ) ;
#5251 = CARTESIAN_POINT ( 'NONE',  ( 304.0400000000000205, 29.29289321881346098, 0.9999999999999488187 ) ) ;
#5252 = ORIENTED_EDGE ( 'NONE', *, *, #6289, .F. ) ;
#5253 = DIRECTION ( 'NONE',  ( -0.000000000000000000, 1.000000000000000000, -3.498359009886561105E-15 ) ) ;
#5254 = CARTESIAN_POINT ( 'NONE',  ( -284.0000000000000000, -34.00000000000038369, 109.9999999999999858 ) ) ;
#5255 = EDGE_CURVE ( 'NONE', #4237, #4868, #7664, .T. ) ;
#5256 = DIRECTION ( 'NONE',  ( -0.000000000000000000, 1.000000000000000000, -3.498359009886561105E-15 ) ) ;
#5257 = ORIENTED_EDGE ( 'NONE', *, *, #731, .T. ) ;
#5258 = CARTESIAN_POINT ( 'NONE',  ( -243.4350288425443978, -30.00000000000027001, 76.93502884254417040 ) ) ;
#5259 = DIRECTION ( 'NONE',  ( 0.000000000000000000, 1.000000000000000000, 0.000000000000000000 ) ) ;
#5260 = ORIENTED_EDGE ( 'NONE', *, *, #1977, .F. ) ;
#5261 = LINE ( 'NONE', #5221, #5459 ) ;
#5262 = ORIENTED_EDGE ( 'NONE', *, *, #1717, .F. ) ;
#5263 = FACE_OUTER_BOUND ( 'NONE', #5861, .T. ) ;
#5264 = ORIENTED_EDGE ( 'NONE', *, *, #6804, .T. ) ;
#5265 = ORIENTED_EDGE ( 'NONE', *, *, #6469, .T. ) ;
#5266 = PLANE ( 'NONE',  #1136 ) ;
#5267 = DIRECTION ( 'NONE',  ( -1.000000000000000000, -0.000000000000000000, -0.000000000000000000 ) ) ;
#5268 = ADVANCED_FACE ( 'NONE', ( #1523 ), #2304, .F. ) ;
#5269 = ORIENTED_EDGE ( 'NONE', *, *, #2557, .F. ) ;
#5270 = LINE ( 'NONE', #1592, #5212 ) ;
#5271 = ORIENTED_EDGE ( 'NONE', *, *, #7439, .T. ) ;
#5272 = CARTESIAN_POINT ( 'NONE',  ( 284.0000000000000000, 34.00000000000036948, 106.8499999999999943 ) ) ;
#5273 = DIRECTION ( 'NONE',  ( 0.000000000000000000, 0.000000000000000000, -1.000000000000000000 ) ) ;
#5274 = AXIS2_PLACEMENT_3D ( 'NONE', #4109, #5997, #2364 ) ;
#5275 = VECTOR ( 'NONE', #4691, 1000.000000000000000 ) ;
#5276 = CARTESIAN_POINT ( 'NONE',  ( 216.5649711574550906, -31.85000000000017550, 50.06497115745585802 ) ) ;
#5277 = CARTESIAN_POINT ( 'NONE',  ( -299.6544984694978098, -29.02440776823446100, -3.999999999999997335 ) ) ;
#5278 = DIRECTION ( 'NONE',  ( 0.000000000000000000, -3.083952846180988111E-15, 1.000000000000000000 ) ) ;
#5279 = EDGE_LOOP ( 'NONE', ( #398, #6439, #7245, #2230, #70, #5486, #964, #6888 ) ) ;
#5280 = DIRECTION ( 'NONE',  ( -0.000000000000000000, 1.000000000000000000, 3.498359009886561105E-15 ) ) ;
#5281 = ADVANCED_FACE ( 'NONE', ( #4685 ), #1688, .F. ) ;
#5282 = CARTESIAN_POINT ( 'NONE',  ( 216.5649711574557443, -34.00000000000027001, 76.93502884254469620 ) ) ;
#5283 = VECTOR ( 'NONE', #1724, 1000.000000000000000 ) ;
#5284 = DIRECTION ( 'NONE',  ( -0.000000000000000000, -1.000000000000000000, -0.000000000000000000 ) ) ;
#5285 = DIRECTION ( 'NONE',  ( 0.000000000000000000, 0.000000000000000000, -1.000000000000000000 ) ) ;
#5286 = CYLINDRICAL_SURFACE ( 'NONE', #6574, 1.699999999999993072 ) ;
#5287 = DIRECTION ( 'NONE',  ( 0.000000000000000000, 0.000000000000000000, -1.000000000000000000 ) ) ;
#5288 = VERTEX_POINT ( 'NONE', #4095 ) ;
#5289 = COORDINATED_UNIVERSAL_TIME_OFFSET ( 8, 0, .AHEAD. ) ;
#5290 = DIRECTION ( 'NONE',  ( 8.659560562354955045E-17, 0.7071067811865434649, -0.7071067811865516806 ) ) ;
#5291 = AXIS2_PLACEMENT_3D ( 'NONE', #5605, #3243, #6156 ) ;
#5292 = CARTESIAN_POINT ( 'NONE',  ( 25.00000000000000000, -34.00000000000010658, 28.99999999999975131 ) ) ;
#5293 = ORIENTED_EDGE ( 'NONE', *, *, #4546, .T. ) ;
#5294 = DIRECTION ( 'NONE',  ( 0.000000000000000000, 0.000000000000000000, -1.000000000000000000 ) ) ;
#5295 = DIRECTION ( 'NONE',  ( 0.000000000000000000, -3.083952846180988111E-15, 1.000000000000000000 ) ) ;
#5296 = EDGE_CURVE ( 'NONE', #6348, #5224, #3501, .T. ) ;
#5297 = ORIENTED_EDGE ( 'NONE', *, *, #2060, .T. ) ;
#5298 = AXIS2_PLACEMENT_3D ( 'NONE', #2477, #6765, #205 ) ;
#5299 = CARTESIAN_POINT ( 'NONE',  ( 215.4999999999999716, 24.00000000000017408, 49.00000000000008527 ) ) ;
#5300 = VERTEX_POINT ( 'NONE', #6956 ) ;
#5301 = CARTESIAN_POINT ( 'NONE',  ( 304.0400000000000205, -29.26848105461892757, 0.3401467520116439047 ) ) ;
#5302 = EDGE_LOOP ( 'NONE', ( #1679, #299 ) ) ;
#5303 = EDGE_CURVE ( 'NONE', #1862, #2735, #2801, .T. ) ;
#5304 = AXIS2_PLACEMENT_3D ( 'NONE', #4841, #7235, #4248 ) ;
#5305 = VERTEX_POINT ( 'NONE', #6567 ) ;
#5306 = CARTESIAN_POINT ( 'NONE',  ( -25.00000000000000000, 30.00000000000019895, 56.75000000000000711 ) ) ;
#5307 = CARTESIAN_POINT ( 'NONE',  ( -183.4999999999999432, 34.00000000000027001, 77.99999999999975842 ) ) ;
#5308 = ORIENTED_EDGE ( 'NONE', *, *, #5842, .T. ) ;
#5309 = DIRECTION ( 'NONE',  ( -0.000000000000000000, 1.000000000000000000, -3.504141421473150331E-15 ) ) ;
#5310 = VERTEX_POINT ( 'NONE', #4870 ) ;
#5311 = DIRECTION ( 'NONE',  ( 0.000000000000000000, 0.000000000000000000, -1.000000000000000000 ) ) ;
#5312 = DIRECTION ( 'NONE',  ( 0.000000000000000000, -3.558407130208821635E-15, 1.000000000000000000 ) ) ;
#5313 = AXIS2_PLACEMENT_3D ( 'NONE', #5337, #7732, #6621 ) ;
#5314 = CARTESIAN_POINT ( 'NONE',  ( 262.0000000000000000, -34.00000000000033396, 90.79999999999979821 ) ) ;
#5315 = DIRECTION ( 'NONE',  ( -0.000000000000000000, -1.000000000000000000, -0.000000000000000000 ) ) ;
#5316 = FACE_OUTER_BOUND ( 'NONE', #1621, .T. ) ;
#5317 = ORIENTED_EDGE ( 'NONE', *, *, #573, .F. ) ;
#5318 = LINE ( 'NONE', #2322, #4822 ) ;
#5319 = DIRECTION ( 'NONE',  ( -0.000000000000000000, -1.000000000000000000, -0.000000000000000000 ) ) ;
#5320 = VECTOR ( 'NONE', #6114, 1000.000000000000000 ) ;
#5321 = VECTOR ( 'NONE', #5085, 999.9999999999998863 ) ;
#5322 = CARTESIAN_POINT ( 'NONE',  ( -262.0000000000000000, -34.00000000000033396, 93.24999999999980105 ) ) ;
#5323 = ADVANCED_FACE ( 'NONE', ( #7228 ), #3693, .F. ) ;
#5324 = EDGE_CURVE ( 'NONE', #265, #5417, #2353, .T. ) ;
#5325 = VECTOR ( 'NONE', #1645, 1000.000000000000000 ) ;
#5326 = CARTESIAN_POINT ( 'NONE',  ( -63.99999999999997158, -30.00000000000038369, 109.9999999999999858 ) ) ;
#5327 = CARTESIAN_POINT ( 'NONE',  ( -298.9999999999999432, -29.00000000000000355, 3.686287386450715076E-15 ) ) ;
#5328 = DIRECTION ( 'NONE',  ( -0.000000000000000000, 1.000000000000000000, -3.498359009886561105E-15 ) ) ;
#5329 = ORIENTED_EDGE ( 'NONE', *, *, #2956, .T. ) ;
#5330 = DIRECTION ( 'NONE',  ( -0.000000000000000000, 3.504141421473150331E-15, 1.000000000000000000 ) ) ;
#5331 = AXIS2_PLACEMENT_3D ( 'NONE', #3067, #6021, #701 ) ;
#5332 = VECTOR ( 'NONE', #2860, 1000.000000000000000 ) ;
#5333 = EDGE_CURVE ( 'NONE', #1168, #7454, #76, .T. ) ;
#5334 = DIRECTION ( 'NONE',  ( -0.000000000000000000, -1.000000000000000000, -0.000000000000000000 ) ) ;
#5335 = CARTESIAN_POINT ( 'NONE',  ( 0.000000000000000000, 34.00000000000032685, 93.69999999999997442 ) ) ;
#5336 = VECTOR ( 'NONE', #6868, 1000.000000000000000 ) ;
#5337 = CARTESIAN_POINT ( 'NONE',  ( 243.4350288425439146, -31.85000000000017550, 50.06497115745530380 ) ) ;
#5338 = VERTEX_POINT ( 'NONE', #666 ) ;
#5339 = DIRECTION ( 'NONE',  ( 0.000000000000000000, -3.558407130208821635E-15, 1.000000000000000000 ) ) ;
#5340 = ORIENTED_EDGE ( 'NONE', *, *, #3416, .T. ) ;
#5341 = CARTESIAN_POINT ( 'NONE',  ( 303.3689319417713364, -29.19526214587563828, -1.518094901854526224 ) ) ;
#5342 = ORIENTED_EDGE ( 'NONE', *, *, #3724, .F. ) ;
#5343 = CIRCLE ( 'NONE', #4832, 2.249999999999988010 ) ;
#5344 = ORIENTED_EDGE ( 'NONE', *, *, #6899, .F. ) ;
#5345 = DIRECTION ( 'NONE',  ( -0.000000000000000000, -1.000000000000000000, -0.000000000000000000 ) ) ;
#5346 = EDGE_CURVE ( 'NONE', #4627, #292, #3541, .T. ) ;
#5347 = CARTESIAN_POINT ( 'NONE',  ( 25.00000000000000000, 31.55000000000021743, 61.25000000000000000 ) ) ;
#5348 = EDGE_LOOP ( 'NONE', ( #3326, #1224, #3972, #7015 ) ) ;
#5349 = CARTESIAN_POINT ( 'NONE',  ( 25.00000000000000000, -34.00000000000031264, 86.74999999999974420 ) ) ;
#5350 = EDGE_CURVE ( 'NONE', #3438, #1022, #6948, .T. ) ;
#5351 = EDGE_LOOP ( 'NONE', ( #5435, #6226, #1644, #610 ) ) ;
#5352 = CARTESIAN_POINT ( 'NONE',  ( -299.2928932188133331, 29.00000000000000355, 5.204170427930421283E-15 ) ) ;
#5353 = DIRECTION ( 'NONE',  ( 0.000000000000000000, 0.000000000000000000, -1.000000000000000000 ) ) ;
#5354 = AXIS2_PLACEMENT_3D ( 'NONE', #704, #1911, #669 ) ;
#5355 = CARTESIAN_POINT ( 'NONE',  ( 304.0000000000000568, -29.29289321881345387, 0.9999999999999861222 ) ) ;
#5356 = EDGE_CURVE ( 'NONE', #1748, #3090, #4201, .T. ) ;
#5357 = DIRECTION ( 'NONE',  ( -0.000000000000000000, -1.000000000000000000, -0.000000000000000000 ) ) ;
#5358 = CARTESIAN_POINT ( 'NONE',  ( 174.0000000000000000, 34.00000000000037659, 108.2999999999999829 ) ) ;
#5359 = EDGE_LOOP ( 'NONE', ( #5711, #4792, #4858, #4900 ) ) ;
#5360 = DIRECTION ( 'NONE',  ( -0.000000000000000000, -1.000000000000000000, -0.000000000000000000 ) ) ;
#5361 = LINE ( 'NONE', #2356, #451 ) ;
#5362 = AXIS2_PLACEMENT_3D ( 'NONE', #5612, #1942, #765 ) ;
#5363 = DIRECTION ( 'NONE',  ( 0.000000000000000000, 4.405646923115719615E-15, 1.000000000000000000 ) ) ;
#5364 = AXIS2_PLACEMENT_3D ( 'NONE', #7528, #7014, #4543 ) ;
#5365 = DIRECTION ( 'NONE',  ( 0.000000000000000000, 2.952720810173291281E-15, 1.000000000000000000 ) ) ;
#5366 = DIRECTION ( 'NONE',  ( 0.000000000000000000, -1.000000000000000000, 3.504141421473150331E-15 ) ) ;
#5367 = EDGE_CURVE ( 'NONE', #3577, #620, #3810, .T. ) ;
#5368 = DIRECTION ( 'NONE',  ( 0.000000000000000000, 0.7071067811865483499, 0.7071067811865467956 ) ) ;
#5369 = ORIENTED_EDGE ( 'NONE', *, *, #3355, .T. ) ;
#5370 = CARTESIAN_POINT ( 'NONE',  ( -216.5649711574550906, -30.00000000000017408, 50.06497115745585802 ) ) ;
#5371 = LINE ( 'NONE', #5402, #6394 ) ;
#5372 = LINE ( 'NONE', #1817, #5031 ) ;
#5373 = CARTESIAN_POINT ( 'NONE',  ( -262.0000000000000000, -31.55000000000032756, 93.24999999999980105 ) ) ;
#5374 = ORIENTED_EDGE ( 'NONE', *, *, #6053, .F. ) ;
#5375 = CARTESIAN_POINT ( 'NONE',  ( 299.0000000000000568, 29.29289321881346098, -3.999999999999996447 ) ) ;
#5376 = ORIENTED_EDGE ( 'NONE', *, *, #7196, .F. ) ;
#5377 = ADVANCED_FACE ( 'NONE', ( #7262 ), #2952, .F. ) ;
#5378 = CARTESIAN_POINT ( 'NONE',  ( 299.7673603019653115, -29.17085437764118794, 0.4102809675120734356 ) ) ;
#5379 = ORIENTED_EDGE ( 'NONE', *, *, #4867, .T. ) ;
#5380 = ORIENTED_EDGE ( 'NONE', *, *, #7135, .F. ) ;
#5381 = DIRECTION ( 'NONE',  ( -0.000000000000000000, -1.000000000000000000, -0.000000000000000000 ) ) ;
#5382 = ORIENTED_EDGE ( 'NONE', *, *, #1110, .F. ) ;
#5383 = DIRECTION ( 'NONE',  ( 0.000000000000000000, -3.558407130208821635E-15, 1.000000000000000000 ) ) ;
#5384 = EDGE_LOOP ( 'NONE', ( #7372, #4577, #1277, #4445 ) ) ;
#5385 = FACE_OUTER_BOUND ( 'NONE', #7650, .T. ) ;
#5386 = ORIENTED_EDGE ( 'NONE', *, *, #7273, .T. ) ;
#5387 = CARTESIAN_POINT ( 'NONE',  ( 0.000000000000000000, 34.00000000000011369, 31.24999999999998934 ) ) ;
#5388 = CARTESIAN_POINT ( 'NONE',  ( 197.9999999999999716, -34.00000000000033396, 95.49999999999977263 ) ) ;
#5389 = ORIENTED_EDGE ( 'NONE', *, *, #463, .T. ) ;
#5390 = CARTESIAN_POINT ( 'NONE',  ( -262.0000000000000000, -34.00000000000011369, 31.49999999999978684 ) ) ;
#5391 = EDGE_CURVE ( 'NONE', #4710, #2070, #3582, .T. ) ;
#5392 = CARTESIAN_POINT ( 'NONE',  ( -25.00000000000000000, 34.00000000000022737, 63.69999999999999574 ) ) ;
#5393 = VECTOR ( 'NONE', #5284, 1000.000000000000000 ) ;
#5394 = CARTESIAN_POINT ( 'NONE',  ( -262.0000000000000000, -31.55000000000010729, 33.74999999999975842 ) ) ;
#5395 = DIRECTION ( 'NONE',  ( 0.000000000000000000, 4.405646923115719615E-15, 1.000000000000000000 ) ) ;
#5396 = CARTESIAN_POINT ( 'NONE',  ( -284.0000000000000000, 34.00000000000038369, 109.9999999999999858 ) ) ;
#5397 = CIRCLE ( 'NONE', #5522, 1.950000000000007283 ) ;
#5398 = VECTOR ( 'NONE', #3392, 1000.000000000000000 ) ;
#5399 = ORIENTED_EDGE ( 'NONE', *, *, #5411, .F. ) ;
#5400 = DIRECTION ( 'NONE',  ( 0.000000000000000000, 0.000000000000000000, -1.000000000000000000 ) ) ;
#5401 = CIRCLE ( 'NONE', #2125, 2.249999999999998668 ) ;
#5402 = CARTESIAN_POINT ( 'NONE',  ( -174.0000000000000000, 34.00000000000039790, 113.1499999999999773 ) ) ;
#5403 = CARTESIAN_POINT ( 'NONE',  ( 216.5649711574550906, -34.00000000000017764, 54.16497115745585234 ) ) ;
#5404 = CARTESIAN_POINT ( 'NONE',  ( -216.5649711574557443, -34.00000000000027001, 72.83502884254471610 ) ) ;
#5405 = VERTEX_POINT ( 'NONE', #556 ) ;
#5406 = CYLINDRICAL_SURFACE ( 'NONE', #1932, 32.00000000000001421 ) ;
#5407 = EDGE_LOOP ( 'NONE', ( #376, #6141, #1448, #7599 ) ) ;
#5408 = LINE ( 'NONE', #1966, #6728 ) ;
#5409 = AXIS2_PLACEMENT_3D ( 'NONE', #6982, #3995, #6437 ) ;
#5410 = ORIENTED_EDGE ( 'NONE', *, *, #1031, .F. ) ;
#5411 = EDGE_CURVE ( 'NONE', #100, #5100, #2388, .T. ) ;
#5412 = ORIENTED_EDGE ( 'NONE', *, *, #2398, .F. ) ;
#5413 = ADVANCED_FACE ( 'NONE', ( #5316 ), #6582, .F. ) ;
#5414 = AXIS2_PLACEMENT_3D ( 'NONE', #5840, #449, #2842 ) ;
#5415 = CIRCLE ( 'NONE', #4532, 3.149999999999986144 ) ;
#5416 = DIRECTION ( 'NONE',  ( 0.000000000000000000, 0.000000000000000000, -1.000000000000000000 ) ) ;
#5417 = VERTEX_POINT ( 'NONE', #7710 ) ;
#5418 = FACE_OUTER_BOUND ( 'NONE', #2252, .T. ) ;
#5419 = EDGE_LOOP ( 'NONE', ( #3957, #5966, #4772, #1568 ) ) ;
#5420 = DIRECTION ( 'NONE',  ( -0.000000000000000000, -1.000000000000000000, -0.000000000000000000 ) ) ;
#5421 = EDGE_LOOP ( 'NONE', ( #6662, #6631, #3424, #5647 ) ) ;
#5422 = EDGE_CURVE ( 'NONE', #5527, #4583, #4439, .T. ) ;
#5423 = FACE_OUTER_BOUND ( 'NONE', #874, .T. ) ;
#5424 = LINE ( 'NONE', #1251, #1185 ) ;
#5425 = ORIENTED_EDGE ( 'NONE', *, *, #7752, .F. ) ;
#5426 = DIRECTION ( 'NONE',  ( 0.000000000000000000, 0.000000000000000000, -1.000000000000000000 ) ) ;
#5427 = LINE ( 'NONE', #3698, #1321 ) ;
#5428 = AXIS2_PLACEMENT_3D ( 'NONE', #6350, #2760, #495 ) ;
#5429 = CARTESIAN_POINT ( 'NONE',  ( 160.0000000000000284, 30.00000000000011369, 31.50000000000000000 ) ) ;
#5430 = DIRECTION ( 'NONE',  ( -0.000000000000000000, 1.000000000000000000, -3.498359009886561105E-15 ) ) ;
#5431 = EDGE_CURVE ( 'NONE', #4456, #5054, #5446, .T. ) ;
#5432 = DIRECTION ( 'NONE',  ( -0.000000000000000000, -1.000000000000000000, -0.000000000000000000 ) ) ;
#5433 = AXIS2_PLACEMENT_3D ( 'NONE', #2001, #324, #3862 ) ;
#5434 = AXIS2_PLACEMENT_3D ( 'NONE', #7635, #3390, #986 ) ;
#5435 = ORIENTED_EDGE ( 'NONE', *, *, #6424, .F. ) ;
#5436 = APPROVAL_ROLE ( '' ) ;
#5437 = CARTESIAN_POINT ( 'NONE',  ( -25.00000000000000000, -34.00000000000031264, 84.29999999999974136 ) ) ;
#5438 = CONICAL_SURFACE ( 'NONE', #7705, 3.149999999999999911, 0.7853981633974507215 ) ;
#5439 = CIRCLE ( 'NONE', #2035, 3.149999999999986144 ) ;
#5440 = CARTESIAN_POINT ( 'NONE',  ( 304.0000000000000568, 0.000000000000000000, -1.124188949980529427E-12 ) ) ;
#5441 = FACE_OUTER_BOUND ( 'NONE', #501, .T. ) ;
#5442 = DIRECTION ( 'NONE',  ( 0.000000000000000000, 4.405646923115700682E-15, 1.000000000000000000 ) ) ;
#5443 = ORIENTED_EDGE ( 'NONE', *, *, #1468, .T. ) ;
#5444 = LINE ( 'NONE', #3119, #5225 ) ;
#5445 = ORIENTED_EDGE ( 'NONE', *, *, #79, .T. ) ;
#5446 = CIRCLE ( 'NONE', #2038, 1.699999999999979305 ) ;
#5447 = CARTESIAN_POINT ( 'NONE',  ( 299.0000000000000568, -29.00000000000000355, -3.999999999999996447 ) ) ;
#5448 = VECTOR ( 'NONE', #668, 999.9999999999998863 ) ;
#5449 = ORIENTED_EDGE ( 'NONE', *, *, #6016, .F. ) ;
#5450 = ORIENTED_EDGE ( 'NONE', *, *, #3037, .F. ) ;
#5451 = AXIS2_PLACEMENT_3D ( 'NONE', #6362, #3455, #1636 ) ;
#5452 = FACE_BOUND ( 'NONE', #4231, .T. ) ;
#5453 = ORIENTED_EDGE ( 'NONE', *, *, #4880, .F. ) ;
#5454 = CARTESIAN_POINT ( 'NONE',  ( 2.755455298081546750E-16, 31.55000000000010019, 26.75000000000000000 ) ) ;
#5455 = ORIENTED_EDGE ( 'NONE', *, *, #6172, .T. ) ;
#5456 = EDGE_CURVE ( 'NONE', #1526, #61, #6453, .T. ) ;
#5457 = FACE_OUTER_BOUND ( 'NONE', #6127, .T. ) ;
#5458 = VERTEX_POINT ( 'NONE', #4212 ) ;
#5459 = VECTOR ( 'NONE', #3327, 1000.000000000000000 ) ;
#5460 = EDGE_CURVE ( 'NONE', #7723, #180, #5424, .T. ) ;
#5461 = DIRECTION ( 'NONE',  ( 0.000000000000000000, 4.405646923115719615E-15, 1.000000000000000000 ) ) ;
#5462 = VECTOR ( 'NONE', #480, 1000.000000000000000 ) ;
#5463 = DIRECTION ( 'NONE',  ( -0.000000000000000000, 1.000000000000000000, -0.000000000000000000 ) ) ;
#5464 = ORIENTED_EDGE ( 'NONE', *, *, #1561, .T. ) ;
#5465 = DIRECTION ( 'NONE',  ( -0.000000000000000000, 0.000000000000000000, 1.000000000000000000 ) ) ;
#5466 = DIRECTION ( 'NONE',  ( -0.000000000000000000, -1.000000000000000000, -0.000000000000000000 ) ) ;
#5467 = APPROVAL ( #1078, '未' ) ;
#5468 = EDGE_CURVE ( 'NONE', #2553, #4671, #1726, .T. ) ;
#5469 = AXIS2_PLACEMENT_3D ( 'NONE', #43, #6103, #4174 ) ;
#5470 = EDGE_CURVE ( 'NONE', #307, #4198, #5577, .T. ) ;
#5471 = DIRECTION ( 'NONE',  ( 0.000000000000000000, 0.000000000000000000, -1.000000000000000000 ) ) ;
#5472 = DIRECTION ( 'NONE',  ( -0.000000000000000000, 1.000000000000000000, 3.498359009886561105E-15 ) ) ;
#5473 = CIRCLE ( 'NONE', #1208, 4.099999999999992539 ) ;
#5474 = DIRECTION ( 'NONE',  ( 0.000000000000000000, -3.558407130208821635E-15, 1.000000000000000000 ) ) ;
#5475 = VERTEX_POINT ( 'NONE', #4435 ) ;
#5476 = CARTESIAN_POINT ( 'NONE',  ( -25.00000000000000000, -34.00000000000010658, 28.99999999999975486 ) ) ;
#5477 = CIRCLE ( 'NONE', #330, 6.999999999999957367 ) ;
#5478 = DIRECTION ( 'NONE',  ( -0.000000000000000000, -1.000000000000000000, -0.000000000000000000 ) ) ;
#5479 = FACE_OUTER_BOUND ( 'NONE', #7131, .T. ) ;
#5480 = CARTESIAN_POINT ( 'NONE',  ( 299.0488155364690783, 30.30873942179640679, -3.869863383341575869 ) ) ;
#5481 = CARTESIAN_POINT ( 'NONE',  ( 25.00000000000000000, -30.00000000000031974, 91.24999999999971578 ) ) ;
#5482 = ORIENTED_EDGE ( 'NONE', *, *, #6794, .F. ) ;
#5483 = CARTESIAN_POINT ( 'NONE',  ( -303.9999999999999432, 29.29289321881345742, 0.9999999999999861222 ) ) ;
#5484 = EDGE_LOOP ( 'NONE', ( #4283, #6292, #486, #4657 ) ) ;
#5485 = DIRECTION ( 'NONE',  ( -0.000000000000000000, 1.000000000000000000, 3.498359009886561105E-15 ) ) ;
#5486 = ORIENTED_EDGE ( 'NONE', *, *, #2669, .F. ) ;
#5487 = EDGE_CURVE ( 'NONE', #2180, #6117, #6131, .T. ) ;
#5488 = ORIENTED_EDGE ( 'NONE', *, *, #3015, .T. ) ;
#5489 = DIRECTION ( 'NONE',  ( -0.000000000000000000, -1.000000000000000000, -0.000000000000000000 ) ) ;
#5490 = CARTESIAN_POINT ( 'NONE',  ( -304.0000000000000000, -29.26848545057900353, 0.3455015305020800453 ) ) ;
#5491 = ORIENTED_EDGE ( 'NONE', *, *, #6325, .F. ) ;
#5492 = FACE_BOUND ( 'NONE', #7771, .T. ) ;
#5493 = ORIENTED_EDGE ( 'NONE', *, *, #3872, .F. ) ;
#5494 = DIRECTION ( 'NONE',  ( -0.000000000000000000, -1.000000000000000000, -0.000000000000000000 ) ) ;
#5495 = ORIENTED_EDGE ( 'NONE', *, *, #7186, .T. ) ;
#5496 = ORIENTED_EDGE ( 'NONE', *, *, #7768, .T. ) ;
#5497 = EDGE_CURVE ( 'NONE', #4545, #180, #5539, .T. ) ;
#5498 = DIRECTION ( 'NONE',  ( -0.000000000000000000, 1.000000000000000000, -3.504141421473150331E-15 ) ) ;
#5499 = DIRECTION ( 'NONE',  ( -0.000000000000000000, 1.000000000000000000, -3.498359009886561105E-15 ) ) ;
#5500 = VERTEX_POINT ( 'NONE', #264 ) ;
#5501 = CARTESIAN_POINT ( 'NONE',  ( -216.5649711574557443, -30.00000000000026290, 74.98502884254469336 ) ) ;
#5502 = CARTESIAN_POINT ( 'NONE',  ( -216.5649711574550906, -34.00000000000017764, 45.96497115745587081 ) ) ;
#5503 = ADVANCED_FACE ( 'NONE', ( #4946 ), #1294, .F. ) ;
#5504 = EDGE_CURVE ( 'NONE', #6351, #2929, #4322, .T. ) ;
#5505 = EDGE_CURVE ( 'NONE', #6080, #176, #4318, .T. ) ;
#5506 = CARTESIAN_POINT ( 'NONE',  ( -197.9999999999999716, -31.55000000000010729, 31.49999999999978684 ) ) ;
#5507 = CARTESIAN_POINT ( 'NONE',  ( 284.0000000000000000, -34.00000000000038369, 106.8499999999999943 ) ) ;
#5508 = DIRECTION ( 'NONE',  ( 0.000000000000000000, 0.000000000000000000, -1.000000000000000000 ) ) ;
#5509 = ORIENTED_EDGE ( 'NONE', *, *, #1468, .F. ) ;
#5510 = VECTOR ( 'NONE', #4774, 1000.000000000000000 ) ;
#5511 = DIRECTION ( 'NONE',  ( -0.000000000000000000, -1.000000000000000000, -0.000000000000000000 ) ) ;
#5512 = ADVANCED_FACE ( 'NONE', ( #1948 ), #3849, .F. ) ;
#5513 = CARTESIAN_POINT ( 'NONE',  ( -243.4350288425439146, -30.00000000000016698, 48.11497115745530095 ) ) ;
#5514 = CARTESIAN_POINT ( 'NONE',  ( 25.00000000000000000, 30.00000000000032330, 91.25000000000000000 ) ) ;
#5515 = CONICAL_SURFACE ( 'NONE', #1124, 4.699999999999999289, 0.7853981633974490562 ) ;
#5516 = CARTESIAN_POINT ( 'NONE',  ( 299.0244077682344823, 29.65449846949787016, -3.999999999999994671 ) ) ;
#5517 = FACE_OUTER_BOUND ( 'NONE', #814, .T. ) ;
#5518 = CARTESIAN_POINT ( 'NONE',  ( -25.00000000000000000, 34.00000000000010658, 28.99999999999998934 ) ) ;
#5519 = ORIENTED_EDGE ( 'NONE', *, *, #1933, .T. ) ;
#5520 = CARTESIAN_POINT ( 'NONE',  ( 276.5000000000000000, 24.00000000000017408, 49.00000000000029843 ) ) ;
#5521 = ORIENTED_EDGE ( 'NONE', *, *, #1730, .F. ) ;
#5522 = AXIS2_PLACEMENT_3D ( 'NONE', #5276, #7707, #5776 ) ;
#5523 = ORIENTED_EDGE ( 'NONE', *, *, #4689, .F. ) ;
#5524 = ADVANCED_FACE ( 'NONE', ( #1477 ), #7340, .F. ) ;
#5525 = CARTESIAN_POINT ( 'NONE',  ( 197.9999999999999716, -30.00000000000010303, 29.24999999999978328 ) ) ;
#5526 = CARTESIAN_POINT ( 'NONE',  ( 25.00000000000000000, 34.00000000000010658, 28.99999999999998934 ) ) ;
#5527 = VERTEX_POINT ( 'NONE', #227 ) ;
#5528 = FACE_BOUND ( 'NONE', #4932, .T. ) ;
#5529 = EDGE_CURVE ( 'NONE', #2733, #4865, #5650, .T. ) ;
#5530 = ORIENTED_EDGE ( 'NONE', *, *, #2117, .T. ) ;
#5531 = DIRECTION ( 'NONE',  ( 0.000000000000000000, 4.081702296416033352E-15, 1.000000000000000000 ) ) ;
#5532 = ORIENTED_EDGE ( 'NONE', *, *, #5788, .T. ) ;
#5533 = EDGE_CURVE ( 'NONE', #2144, #5305, #3729, .T. ) ;
#5534 = EDGE_LOOP ( 'NONE', ( #3671, #4606, #508, #4035 ) ) ;
#5535 = LOCAL_TIME ( 23, 14, 47.00000000000000000, #5289 ) ;
#5536 = CIRCLE ( 'NONE', #6541, 4.099999999999992539 ) ;
#5537 = EDGE_LOOP ( 'NONE', ( #7292, #3526 ) ) ;
#5538 = CARTESIAN_POINT ( 'NONE',  ( -197.9999999999999716, -34.00000000000033396, 100.1999999999997897 ) ) ;
#5539 = LINE ( 'NONE', #3220, #3186 ) ;
#5540 = ORIENTED_EDGE ( 'NONE', *, *, #504, .T. ) ;
#5541 = LINE ( 'NONE', #2543, #5448 ) ;
#5542 = CARTESIAN_POINT ( 'NONE',  ( 284.0000000000000000, 34.00000000000039790, 113.1499999999999773 ) ) ;
#5543 = CIRCLE ( 'NONE', #522, 32.00000000000001421 ) ;
#5544 = AXIS2_PLACEMENT_3D ( 'NONE', #1769, #600, #523 ) ;
#5545 = DIRECTION ( 'NONE',  ( 0.000000000000000000, 0.000000000000000000, 1.000000000000000000 ) ) ;
#5546 = CARTESIAN_POINT ( 'NONE',  ( -63.99999999999997158, 34.00000000000038369, 109.9999999999999858 ) ) ;
#5547 = CARTESIAN_POINT ( 'NONE',  ( 174.0000000000000000, -34.00000000000038369, 109.9999999999999858 ) ) ;
#5548 = ORIENTED_EDGE ( 'NONE', *, *, #1847, .T. ) ;
#5549 = EDGE_CURVE ( 'NONE', #2484, #1218, #6089, .T. ) ;
#5550 = AXIS2_PLACEMENT_3D ( 'NONE', #803, #5607, #3753 ) ;
#5551 = FACE_OUTER_BOUND ( 'NONE', #13, .T. ) ;
#5552 = EDGE_CURVE ( 'NONE', #1092, #134, #7586, .T. ) ;
#5553 = LINE ( 'NONE', #5593, #1869 ) ;
#5554 = VECTOR ( 'NONE', #1582, 1000.000000000000000 ) ;
#5555 = CARTESIAN_POINT ( 'NONE',  ( 262.0000000000000000, -34.00000000000011369, 26.79999999999980176 ) ) ;
#5556 = CARTESIAN_POINT ( 'NONE',  ( -302.0727335998744252, -29.12203884117227659, -2.998334211990964171 ) ) ;
#5557 = DIRECTION ( 'NONE',  ( 0.000000000000000000, -1.000000000000000000, 3.498359009886561105E-15 ) ) ;
#5558 = DIRECTION ( 'NONE',  ( -0.000000000000000000, -1.000000000000000000, -0.000000000000000000 ) ) ;
#5559 = ORIENTED_EDGE ( 'NONE', *, *, #6853, .F. ) ;
#5560 = DIRECTION ( 'NONE',  ( -0.000000000000000000, -1.000000000000000000, -0.000000000000000000 ) ) ;
#5561 = ORIENTED_EDGE ( 'NONE', *, *, #673, .T. ) ;
#5562 = EDGE_CURVE ( 'NONE', #2775, #6409, #2499, .T. ) ;
#5563 = AXIS2_PLACEMENT_3D ( 'NONE', #7319, #2448, #2897 ) ;
#5564 = EDGE_CURVE ( 'NONE', #2626, #7250, #3943, .T. ) ;
#5565 = AXIS2_PLACEMENT_3D ( 'NONE', #3551, #4181, #50 ) ;
#5566 = ADVANCED_FACE ( 'NONE', ( #190 ), #2069, .F. ) ;
#5567 = ORIENTED_EDGE ( 'NONE', *, *, #473, .F. ) ;
#5568 = CYLINDRICAL_SURFACE ( 'NONE', #1631, 2.250000000000001776 ) ;
#5569 = AXIS2_PLACEMENT_3D ( 'NONE', #3979, #524, #4610 ) ;
#5570 = DIRECTION ( 'NONE',  ( -0.000000000000000000, -1.000000000000000000, -0.000000000000000000 ) ) ;
#5571 = ORIENTED_EDGE ( 'NONE', *, *, #6760, .F. ) ;
#5572 = VECTOR ( 'NONE', #1690, 1000.000000000000000 ) ;
#5573 = FACE_BOUND ( 'NONE', #6168, .T. ) ;
#5574 = ORIENTED_EDGE ( 'NONE', *, *, #2904, .T. ) ;
#5575 = CARTESIAN_POINT ( 'NONE',  ( -299.2928932188133331, 34.00000000000000000, 0.9999999999999800160 ) ) ;
#5576 = VERTEX_POINT ( 'NONE', #112 ) ;
#5577 = CIRCLE ( 'NONE', #2172, 4.700000000000002842 ) ;
#5578 = ORIENTED_EDGE ( 'NONE', *, *, #4570, .F. ) ;
#5579 = AXIS2_PLACEMENT_3D ( 'NONE', #6789, #3141, #3222 ) ;
#5580 = PLANE ( 'NONE',  #5150 ) ;
#5581 = DIRECTION ( 'NONE',  ( -0.000000000000000000, -1.000000000000000000, -0.000000000000000000 ) ) ;
#5582 = VERTEX_POINT ( 'NONE', #4393 ) ;
#5583 = DIRECTION ( 'NONE',  ( 0.000000000000000000, -1.000000000000000000, 3.498359009886561105E-15 ) ) ;
#5584 = CONICAL_SURFACE ( 'NONE', #1303, 3.149999999999986144, 0.7853981633974411736 ) ;
#5585 = LINE ( 'NONE', #230, #1444 ) ;
#5586 = EDGE_CURVE ( 'NONE', #5803, #6590, #4477, .T. ) ;
#5587 = FACE_OUTER_BOUND ( 'NONE', #3239, .T. ) ;
#5588 = DIRECTION ( 'NONE',  ( -0.000000000000000000, 1.000000000000000000, -3.498359009886561105E-15 ) ) ;
#5589 = FACE_BOUND ( 'NONE', #7532, .T. ) ;
#5590 = VERTEX_POINT ( 'NONE', #6787 ) ;
#5591 = AXIS2_PLACEMENT_3D ( 'NONE', #5670, #2044, #1646 ) ;
#5592 = CYLINDRICAL_SURFACE ( 'NONE', #5898, 1.699999999999993072 ) ;
#5593 = CARTESIAN_POINT ( 'NONE',  ( -298.9999999999999432, -29.00000000000000355, 3.686287386450715076E-15 ) ) ;
#5594 = AXIS2_PLACEMENT_3D ( 'NONE', #2072, #2619, #7343 ) ;
#5595 = ADVANCED_FACE ( 'NONE', ( #6827 ), #6207, .T. ) ;
#5596 = CARTESIAN_POINT ( 'NONE',  ( -174.0000000000000000, -30.00000000000038369, 109.9999999999999858 ) ) ;
#5597 = CARTESIAN_POINT ( 'NONE',  ( -216.5649711574557443, -34.00000000000027001, 76.93502884254469620 ) ) ;
#5598 = CARTESIAN_POINT ( 'NONE',  ( -303.0303208856868196, 29.17085437764119149, -2.097315468673523586 ) ) ;
#5599 = DIRECTION ( 'NONE',  ( 0.000000000000000000, 2.952720810173286943E-15, 1.000000000000000000 ) ) ;
#5600 = ORIENTED_EDGE ( 'NONE', *, *, #4328, .F. ) ;
#5601 = DIRECTION ( 'NONE',  ( 0.000000000000000000, 0.000000000000000000, -1.000000000000000000 ) ) ;
#5602 = VERTEX_POINT ( 'NONE', #427 ) ;
#5603 = AXIS2_PLACEMENT_3D ( 'NONE', #697, #2947, #5353 ) ;
#5604 = ORIENTED_EDGE ( 'NONE', *, *, #2205, .F. ) ;
#5605 = CARTESIAN_POINT ( 'NONE',  ( 284.0000000000000000, -34.00000000000038369, 109.9999999999999858 ) ) ;
#5606 = VECTOR ( 'NONE', #832, 1000.000000000000000 ) ;
#5608 = EDGE_CURVE ( 'NONE', #5013, #1086, #5770, .T. ) ;
#5607 = DIRECTION ( 'NONE',  ( -0.000000000000000000, -1.000000000000000000, -0.000000000000000000 ) ) ;
#5609 = ORIENTED_EDGE ( 'NONE', *, *, #696, .F. ) ;
#5610 = LINE ( 'NONE', #5641, #6212 ) ;
#5611 = ORIENTED_EDGE ( 'NONE', *, *, #3102, .T. ) ;
#5612 = CARTESIAN_POINT ( 'NONE',  ( 243.4350288425439146, -34.00000000000017764, 50.06497115745530380 ) ) ;
#5613 = EDGE_LOOP ( 'NONE', ( #3873, #667, #5264, #6420 ) ) ;
#5614 = ORIENTED_EDGE ( 'NONE', *, *, #4867, .F. ) ;
#5615 = FACE_OUTER_BOUND ( 'NONE', #5188, .T. ) ;
#5616 = DIRECTION ( 'NONE',  ( 0.000000000000000000, 0.000000000000000000, -1.000000000000000000 ) ) ;
#5617 = ORIENTED_EDGE ( 'NONE', *, *, #3694, .F. ) ;
#5618 = CARTESIAN_POINT ( 'NONE',  ( 299.1952621458756880, 33.36893194177127953, -1.518094901854518453 ) ) ;
#5619 = DIRECTION ( 'NONE',  ( 0.000000000000000000, 4.081702296415999431E-15, 1.000000000000000000 ) ) ;
#5620 = CARTESIAN_POINT ( 'NONE',  ( 215.4999999999999716, 34.00000000000006395, 17.00000000000003553 ) ) ;
#5621 = DIRECTION ( 'NONE',  ( 0.000000000000000000, 0.000000000000000000, -1.000000000000000000 ) ) ;
#5622 = EDGE_LOOP ( 'NONE', ( #6165, #7133, #3807, #3492 ) ) ;
#5623 = DIRECTION ( 'NONE',  ( -0.000000000000000000, -1.000000000000000000, -0.000000000000000000 ) ) ;
#5624 = EDGE_CURVE ( 'NONE', #2186, #4274, #386, .T. ) ;
#5625 = ORIENTED_EDGE ( 'NONE', *, *, #123, .F. ) ;
#5626 = FACE_BOUND ( 'NONE', #7688, .T. ) ;
#5627 = CARTESIAN_POINT ( 'NONE',  ( 0.000000000000000000, 30.00000000000020606, 59.00000000000000711 ) ) ;
#5628 = DIRECTION ( 'NONE',  ( 0.000000000000000000, 3.469446951953614189E-15, 1.000000000000000000 ) ) ;
#5629 = CARTESIAN_POINT ( 'NONE',  ( -299.4832727735638400, 29.09763107293782269, 0.1615145817352574564 ) ) ;
#5630 = VECTOR ( 'NONE', #4879, 1000.000000000000000 ) ;
#5631 = DIRECTION ( 'NONE',  ( -1.000000000000000000, 0.000000000000000000, 1.734723475976807403E-17 ) ) ;
#5632 = VECTOR ( 'NONE', #909, 1000.000000000000000 ) ;
#5633 = ORIENTED_EDGE ( 'NONE', *, *, #290, .F. ) ;
#5634 = CARTESIAN_POINT ( 'NONE',  ( 216.5649711574557443, -31.85000000000027498, 74.98502884254469336 ) ) ;
#5635 = ORIENTED_EDGE ( 'NONE', *, *, #1279, .F. ) ;
#5636 = AXIS2_PLACEMENT_3D ( 'NONE', #1145, #3546, #370 ) ;
#5637 = EDGE_LOOP ( 'NONE', ( #6987, #113, #1957, #3276 ) ) ;
#5638 = CARTESIAN_POINT ( 'NONE',  ( -299.9999999999999432, 29.29289321881345742, 120.0000000000000000 ) ) ;
#5639 = CARTESIAN_POINT ( 'NONE',  ( -63.99999999999997158, 34.00000000000036948, 106.8499999999999801 ) ) ;
#5640 = ORIENTED_EDGE ( 'NONE', *, *, #6447, .T. ) ;
#5641 = CARTESIAN_POINT ( 'NONE',  ( 0.000000000000000000, 30.00000000000016342, 45.49999999999996447 ) ) ;
#5642 = ORIENTED_EDGE ( 'NONE', *, *, #5497, .T. ) ;
#5643 = CARTESIAN_POINT ( 'NONE',  ( -299.0976310729378156, 31.53823966106933341, -3.403883397305456970 ) ) ;
#5644 = ORIENTED_EDGE ( 'NONE', *, *, #3692, .F. ) ;
#5645 = EDGE_CURVE ( 'NONE', #2175, #4545, #3070, .T. ) ;
#5646 = CC_DESIGN_PERSON_AND_ORGANIZATION_ASSIGNMENT ( #4108, #2964, ( #7774 ) ) ;
#5647 = ORIENTED_EDGE ( 'NONE', *, *, #4492, .F. ) ;
#5648 = VECTOR ( 'NONE', #7412, 1000.000000000000000 ) ;
#5649 = DIRECTION ( 'NONE',  ( 0.000000000000000000, 0.000000000000000000, -1.000000000000000000 ) ) ;
#5650 = LINE ( 'NONE', #847, #559 ) ;
#5651 = ORIENTED_EDGE ( 'NONE', *, *, #1366, .F. ) ;
#5652 = DIRECTION ( 'NONE',  ( 0.000000000000000000, -0.7071067811865497932, -0.7071067811865452413 ) ) ;
#5653 = CARTESIAN_POINT ( 'NONE',  ( -139.9999999999999716, 34.00000000000011369, 31.50000000000002842 ) ) ;
#5654 =( GEOMETRIC_REPRESENTATION_CONTEXT ( 3 ) GLOBAL_UNCERTAINTY_ASSIGNED_CONTEXT ( ( #942 ) ) GLOBAL_UNIT_ASSIGNED_CONTEXT ( ( #2755, #3901, #2165 ) ) REPRESENTATION_CONTEXT ( 'NONE', 'WORKASPACE' ) );
#5655 = CONICAL_SURFACE ( 'NONE', #6661, 4.699999999999999289, 0.7853981633974482790 ) ;
#5656 = EDGE_CURVE ( 'NONE', #6739, #581, #5270, .T. ) ;
#5657 = EDGE_CURVE ( 'NONE', #1047, #4888, #7538, .T. ) ;
#5658 = DIRECTION ( 'NONE',  ( 8.659560562354953812E-17, -0.7071067811865457964, 0.7071067811865492381 ) ) ;
#5659 = VECTOR ( 'NONE', #5163, 1000.000000000000000 ) ;
#5660 = CARTESIAN_POINT ( 'NONE',  ( 302.0727335998745957, 29.12203884117227659, -2.998334211990911324 ) ) ;
#5661 = VERTEX_POINT ( 'NONE', #7580 ) ;
#5662 = CARTESIAN_POINT ( 'NONE',  ( -304.0000000000003979, -29.29289321881345742, 119.9999999999999858 ) ) ;
#5663 = ORIENTED_EDGE ( 'NONE', *, *, #1481, .T. ) ;
#5664 = CARTESIAN_POINT ( 'NONE',  ( 216.5649711574557443, -31.85000000000027498, 76.93502884254469620 ) ) ;
#5665 = EDGE_CURVE ( 'NONE', #4114, #899, #4706, .T. ) ;
#5666 = PLANE ( 'NONE',  #2272 ) ;
#5667 = DIRECTION ( 'NONE',  ( -0.000000000000000000, 1.000000000000000000, -3.504141421473150331E-15 ) ) ;
#5668 = CARTESIAN_POINT ( 'NONE',  ( 299.5897190324880057, 29.12203884117227659, 0.2326396980347080479 ) ) ;
#5669 = VECTOR ( 'NONE', #1687, 1000.000000000000000 ) ;
#5670 = CARTESIAN_POINT ( 'NONE',  ( 0.000000000000000000, 34.00000000000031264, 88.99999999999998579 ) ) ;
#5671 = EDGE_LOOP ( 'NONE', ( #2935, #988 ) ) ;
#5672 = DIRECTION ( 'NONE',  ( 0.000000000000000000, -3.083952846180988111E-15, -1.000000000000000000 ) ) ;
#5673 = CARTESIAN_POINT ( 'NONE',  ( 1.092875789865393203E-14, 30.00000000000011369, 31.50000000000005684 ) ) ;
#5674 = ADVANCED_FACE ( 'NONE', ( #1678 ), #1516, .F. ) ;
#5675 = DIRECTION ( 'NONE',  ( 0.000000000000000000, 0.000000000000000000, -1.000000000000000000 ) ) ;
#5676 = ORIENTED_EDGE ( 'NONE', *, *, #5149, .T. ) ;
#5677 = DIRECTION ( 'NONE',  ( 0.000000000000000000, -1.000000000000000000, 3.498359009886561105E-15 ) ) ;
#5678 = CARTESIAN_POINT ( 'NONE',  ( 284.0000000000000000, 34.00000000000038369, 109.9999999999999858 ) ) ;
#5679 = ORIENTED_EDGE ( 'NONE', *, *, #1683, .T. ) ;
#5680 = CARTESIAN_POINT ( 'NONE',  ( -139.9999999999999716, 30.00000000000011369, 31.50000000000004263 ) ) ;
#5681 = ORIENTED_EDGE ( 'NONE', *, *, #3789, .F. ) ;
#5682 = AXIS2_PLACEMENT_3D ( 'NONE', #4017, #2750, #1696 ) ;
#5683 = CARTESIAN_POINT ( 'NONE',  ( -299.9999999999999432, 0.000000000000000000, -1.110223024625156338E-12 ) ) ;
#5684 = VECTOR ( 'NONE', #5328, 1000.000000000000000 ) ;
#5685 = EDGE_LOOP ( 'NONE', ( #5450, #5076, #6862, #1554 ) ) ;
#5686 = AXIS2_PLACEMENT_3D ( 'NONE', #7381, #1992, #6796 ) ;
#5687 = VECTOR ( 'NONE', #7590, 1000.000000000000000 ) ;
#5688 = CARTESIAN_POINT ( 'NONE',  ( 299.0244077682345960, -29.65449846949787727, -4.000000000000009770 ) ) ;
#5689 = DIRECTION ( 'NONE',  ( 0.000000000000000000, -3.498359009886561105E-15, 1.000000000000000000 ) ) ;
#5690 = EDGE_CURVE ( 'NONE', #6799, #3257, #3812, .T. ) ;
#5691 = ORIENTED_EDGE ( 'NONE', *, *, #4880, .T. ) ;
#5692 = DIRECTION ( 'NONE',  ( -0.000000000000000000, 1.000000000000000000, -3.504141421473150331E-15 ) ) ;
#5693 = EDGE_LOOP ( 'NONE', ( #2508, #3992, #5116, #2337 ) ) ;
#5694 = CARTESIAN_POINT ( 'NONE',  ( 299.2440776823445390, 33.90882229040830254, -0.3192093371708027427 ) ) ;
#5695 = CARTESIAN_POINT ( 'NONE',  ( 118.9999999999999716, -30.00000000000039080, 111.6999999999999744 ) ) ;
#5696 = AXIS2_PLACEMENT_3D ( 'NONE', #2022, #7301, #1330 ) ;
#5697 = AXIS2_PLACEMENT_3D ( 'NONE', #6640, #3696, #4872 ) ;
#5698 = CIRCLE ( 'NONE', #7453, 1.950000000000007283 ) ;
#5699 = CARTESIAN_POINT ( 'NONE',  ( -25.00000000000000000, -34.00000000000031264, 93.69999999999973284 ) ) ;
#5700 = CARTESIAN_POINT ( 'NONE',  ( 140.0000000000000000, 30.00000000000011369, 31.50000000000000711 ) ) ;
#5701 = CC_DESIGN_DATE_AND_TIME_ASSIGNMENT ( #5915, #6462, ( #3029 ) ) ;
#5702 = ORIENTED_EDGE ( 'NONE', *, *, #26, .F. ) ;
#5703 = CARTESIAN_POINT ( 'NONE',  ( 1.734723475976975960E-17, -34.00000000000000711, 0.9999999999999783507 ) ) ;
#5704 = EDGE_CURVE ( 'NONE', #3053, #699, #1423, .T. ) ;
#5705 = VERTEX_POINT ( 'NONE', #1056 ) ;
#5706 = CARTESIAN_POINT ( 'NONE',  ( -299.1952621458756312, 33.36893194177128663, -1.518094901854506240 ) ) ;
#5707 = CARTESIAN_POINT ( 'NONE',  ( 299.0488155364689646, -29.25117326983115973, 0.06537581946907530805 ) ) ;
#5708 = CARTESIAN_POINT ( 'NONE',  ( 299.2684854505790213, 33.99999999999998579, 0.3455015305020925909 ) ) ;
#5709 = AXIS2_PLACEMENT_3D ( 'NONE', #3236, #6455, #7116 ) ;
#5710 = CARTESIAN_POINT ( 'NONE',  ( 304.0000000000000568, 29.26848105603642125, 0.3453836900929287412 ) ) ;
#5711 = ORIENTED_EDGE ( 'NONE', *, *, #7226, .F. ) ;
#5712 = DIRECTION ( 'NONE',  ( 0.000000000000000000, -3.083952846181025582E-15, 1.000000000000000000 ) ) ;
#5713 = CARTESIAN_POINT ( 'NONE',  ( -159.9999999999999716, 24.00000000000013145, 38.50000000000002842 ) ) ;
#5714 = CIRCLE ( 'NONE', #3591, 2.249999999999974243 ) ;
#5715 = CARTESIAN_POINT ( 'NONE',  ( -174.0000000000000000, -32.55000000000038085, 109.9999999999999858 ) ) ;
#5716 = ORIENTED_EDGE ( 'NONE', *, *, #4927, .F. ) ;
#5717 = DIRECTION ( 'NONE',  ( 0.000000000000000000, 2.952720810173289309E-15, 1.000000000000000000 ) ) ;
#5718 = DIRECTION ( 'NONE',  ( 0.000000000000000000, 2.952720810173286943E-15, 1.000000000000000000 ) ) ;
#5719 = ADVANCED_FACE ( 'NONE', ( #2187 ), #1806, .F. ) ;
#5720 = VERTEX_POINT ( 'NONE', #5816 ) ;
#5721 = DIRECTION ( 'NONE',  ( -0.000000000000000000, -1.000000000000000000, -0.000000000000000000 ) ) ;
#5722 = ORIENTED_EDGE ( 'NONE', *, *, #1933, .F. ) ;
#5723 = AXIS2_PLACEMENT_3D ( 'NONE', #7704, #5235, #6907 ) ;
#5724 = DIRECTION ( 'NONE',  ( -0.000000000000000000, -1.000000000000000000, -0.000000000000000000 ) ) ;
#5725 = ADVANCED_FACE ( 'NONE', ( #3998 ), #1188, .F. ) ;
#5726 = ORIENTED_EDGE ( 'NONE', *, *, #7217, .F. ) ;
#5727 = ORIENTED_EDGE ( 'NONE', *, *, #856, .F. ) ;
#5728 = CIRCLE ( 'NONE', #5105, 2.249999999999974243 ) ;
#5729 = CYLINDRICAL_SURFACE ( 'NONE', #3645, 2.250000000000001776 ) ;
#5730 = CARTESIAN_POINT ( 'NONE',  ( -299.1708543776412057, -33.03032088568684088, -2.097315468673572436 ) ) ;
#5731 = ORIENTED_EDGE ( 'NONE', *, *, #2143, .F. ) ;
#5732 = CARTESIAN_POINT ( 'NONE',  ( -299.9999999999999432, 29.29289321881345742, 0.000000000000000000 ) ) ;
#5733 = ORIENTED_EDGE ( 'NONE', *, *, #2307, .T. ) ;
#5734 = FACE_OUTER_BOUND ( 'NONE', #710, .T. ) ;
#5735 = DIRECTION ( 'NONE',  ( -0.000000000000000000, -1.000000000000000000, -0.000000000000000000 ) ) ;
#5736 = ADVANCED_FACE ( 'NONE', ( #5190 ), #5584, .F. ) ;
#5737 = CARTESIAN_POINT ( 'NONE',  ( 25.00000000000000000, 31.55000000000021032, 59.00000000000000000 ) ) ;
#5738 = CARTESIAN_POINT ( 'NONE',  ( 25.00000000000000000, 34.00000000000010658, 28.99999999999998934 ) ) ;
#5739 = CARTESIAN_POINT ( 'NONE',  ( -25.00000000000000000, 34.00000000000032685, 93.69999999999997442 ) ) ;
#5740 = VERTEX_POINT ( 'NONE', #2776 ) ;
#5741 = DIRECTION ( 'NONE',  ( 0.000000000000000000, -3.558407130208821635E-15, 1.000000000000000000 ) ) ;
#5742 = EDGE_LOOP ( 'NONE', ( #4808, #4737, #656, #5574 ) ) ;
#5743 = LINE ( 'NONE', #6878, #2242 ) ;
#5744 = ADVANCED_FACE ( 'NONE', ( #4592 ), #3920, .T. ) ;
#5745 = EDGE_CURVE ( 'NONE', #7423, #6912, #2229, .T. ) ;
#5746 = CYLINDRICAL_SURFACE ( 'NONE', #5037, 1.699999999999993072 ) ;
#5747 = CARTESIAN_POINT ( 'NONE',  ( -299.5897190324878920, -29.12203884117227659, 0.2326396980347080479 ) ) ;
#5748 = CARTESIAN_POINT ( 'NONE',  ( 300.0000000000000568, 29.26848119778569313, 0.8690774982247551073 ) ) ;
#5749 = EDGE_LOOP ( 'NONE', ( #492, #2617 ) ) ;
#5750 = DIRECTION ( 'NONE',  ( -0.000000000000000000, 1.000000000000000000, -3.504141421473150331E-15 ) ) ;
#5751 = CARTESIAN_POINT ( 'NONE',  ( 262.0000000000000000, -30.00000000000033751, 97.74999999999975842 ) ) ;
#5752 = EDGE_CURVE ( 'NONE', #3930, #6980, #6322, .T. ) ;
#5753 = DIRECTION ( 'NONE',  ( -0.000000000000000000, -1.000000000000000000, -0.000000000000000000 ) ) ;
#5754 = ORIENTED_EDGE ( 'NONE', *, *, #2227, .F. ) ;
#5755 = DIRECTION ( 'NONE',  ( 0.000000000000000000, 0.000000000000000000, -1.000000000000000000 ) ) ;
#5756 = CIRCLE ( 'NONE', #4505, 1.950000000000007283 ) ;
#5757 = CARTESIAN_POINT ( 'NONE',  ( 215.4999999999999716, 30.00000000000006040, 17.00000000000004974 ) ) ;
#5758 = ORIENTED_EDGE ( 'NONE', *, *, #2509, .T. ) ;
#5759 = DIRECTION ( 'NONE',  ( 0.000000000000000000, 3.083952846180988111E-15, 1.000000000000000000 ) ) ;
#5760 = EDGE_LOOP ( 'NONE', ( #5651, #1551, #5859, #843 ) ) ;
#5761 = DIRECTION ( 'NONE',  ( 0.000000000000000000, 0.000000000000000000, -1.000000000000000000 ) ) ;
#5762 = ORIENTED_EDGE ( 'NONE', *, *, #6565, .F. ) ;
#5763 = AXIS2_PLACEMENT_3D ( 'NONE', #5715, #5753, #3437 ) ;
#5764 = VERTEX_POINT ( 'NONE', #930 ) ;
#5765 = DIRECTION ( 'NONE',  ( 0.000000000000000000, 0.000000000000000000, -1.000000000000000000 ) ) ;
#5766 = ADVANCED_FACE ( 'NONE', ( #7023 ), #347, .F. ) ;
#5767 = CARTESIAN_POINT ( 'NONE',  ( -299.2440776823444253, -29.97397267666831766, 0.7382521156407160223 ) ) ;
#5768 = ORIENTED_EDGE ( 'NONE', *, *, #738, .F. ) ;
#5769 = VECTOR ( 'NONE', #1248, 1000.000000000000000 ) ;
#5770 = LINE ( 'NONE', #6986, #7718 ) ;
#5771 = EDGE_CURVE ( 'NONE', #2236, #3170, #2858, .T. ) ;
#5772 = ORIENTED_EDGE ( 'NONE', *, *, #1880, .T. ) ;
#5773 = CARTESIAN_POINT ( 'NONE',  ( 299.1708543776413194, 32.99833421199089400, -2.072733599874588606 ) ) ;
#5774 = CARTESIAN_POINT ( 'NONE',  ( -139.9999999999999716, 34.00000000000013500, 38.49999999999999289 ) ) ;
#5775 = CIRCLE ( 'NONE', #3388, 32.00000000000000000 ) ;
#5776 = DIRECTION ( 'NONE',  ( 0.000000000000000000, 0.000000000000000000, -1.000000000000000000 ) ) ;
#5777 = CARTESIAN_POINT ( 'NONE',  ( -63.99999999999997158, 30.00000000000038725, 110.0000000000000000 ) ) ;
#5778 = CYLINDRICAL_SURFACE ( 'NONE', #6074, 1.950000000000007283 ) ;
#5779 = ORIENTED_EDGE ( 'NONE', *, *, #7297, .F. ) ;
#5780 = FACE_OUTER_BOUND ( 'NONE', #3446, .T. ) ;
#5781 = AXIS2_PLACEMENT_3D ( 'NONE', #4308, #4382, #6815 ) ;
#5782 = ORIENTED_EDGE ( 'NONE', *, *, #7778, .F. ) ;
#5783 = CARTESIAN_POINT ( 'NONE',  ( 25.00000000000000000, 34.00000000000022737, 63.69999999999999574 ) ) ;
#5784 = CC_DESIGN_APPROVAL ( #6937, ( #2863 ) ) ;
#5785 = CIRCLE ( 'NONE', #2636, 1.950000000000007283 ) ;
#5786 = CARTESIAN_POINT ( 'NONE',  ( 299.1952621458756312, -29.87378638835425448, 0.4963810196290850962 ) ) ;
#5787 = DIRECTION ( 'NONE',  ( 0.000000000000000000, 0.000000000000000000, -1.000000000000000000 ) ) ;
#5788 = EDGE_CURVE ( 'NONE', #6351, #1782, #2807, .T. ) ;
#5789 = PLANE ( 'NONE',  #3428 ) ;
#5790 = ORIENTED_EDGE ( 'NONE', *, *, #2434, .F. ) ;
#5791 = EDGE_CURVE ( 'NONE', #5224, #4522, #6557, .T. ) ;
#5792 = CIRCLE ( 'NONE', #1152, 4.700000000000002842 ) ;
#5793 = EDGE_CURVE ( 'NONE', #569, #6086, #6457, .T. ) ;
#5794 = CYLINDRICAL_SURFACE ( 'NONE', #5139, 2.250000000000001776 ) ;
#5795 = DIRECTION ( 'NONE',  ( -0.000000000000000000, 1.000000000000000000, -0.000000000000000000 ) ) ;
#5796 = ORIENTED_EDGE ( 'NONE', *, *, #4287, .F. ) ;
#5797 = AXIS2_PLACEMENT_3D ( 'NONE', #5526, #6157, #7363 ) ;
#5798 = CARTESIAN_POINT ( 'NONE',  ( -25.00000000000000000, 34.00000000000010658, 28.99999999999998934 ) ) ;
#5799 = DIRECTION ( 'NONE',  ( -0.000000000000000000, -1.000000000000000000, -0.000000000000000000 ) ) ;
#5800 = ORIENTED_EDGE ( 'NONE', *, *, #4740, .T. ) ;
#5801 = CYLINDRICAL_SURFACE ( 'NONE', #3949, 2.249999999999974243 ) ;
#5802 = EDGE_CURVE ( 'NONE', #4890, #7176, #1130, .T. ) ;
#5803 = VERTEX_POINT ( 'NONE', #2460 ) ;
#5804 = EDGE_CURVE ( 'NONE', #4710, #2976, #5698, .T. ) ;
#5805 = FACE_OUTER_BOUND ( 'NONE', #3786, .T. ) ;
#5806 = ORIENTED_EDGE ( 'NONE', *, *, #3914, .T. ) ;
#5807 = EDGE_CURVE ( 'NONE', #3985, #7499, #2944, .T. ) ;
#5808 = VECTOR ( 'NONE', #5570, 1000.000000000000000 ) ;
#5809 = EDGE_LOOP ( 'NONE', ( #5640, #380, #2221, #4824 ) ) ;
#5810 = LINE ( 'NONE', #3528, #4902 ) ;
#5811 = CARTESIAN_POINT ( 'NONE',  ( 299.2928932188134468, -34.00000000000000000, -1.189166956519693626E-13 ) ) ;
#5812 = CIRCLE ( 'NONE', #3051, 4.700000000000002842 ) ;
#5813 = ORIENTED_EDGE ( 'NONE', *, *, #6325, .T. ) ;
#5814 = CIRCLE ( 'NONE', #6064, 4.699999999999995737 ) ;
#5815 = EDGE_CURVE ( 'NONE', #3483, #7604, #3441, .T. ) ;
#5816 = CARTESIAN_POINT ( 'NONE',  ( -25.00000000000000000, 30.00000000000030909, 86.75000000000000000 ) ) ;
#5817 = ORIENTED_EDGE ( 'NONE', *, *, #4328, .T. ) ;
#5818 = FACE_OUTER_BOUND ( 'NONE', #3167, .T. ) ;
#5819 = DIRECTION ( 'NONE',  ( 0.000000000000000000, -3.083952846180988111E-15, 1.000000000000000000 ) ) ;
#5820 = EDGE_CURVE ( 'NONE', #3756, #4530, #1755, .T. ) ;
#5821 = AXIS2_PLACEMENT_3D ( 'NONE', #3814, #820, #5621 ) ;
#5822 = AXIS2_PLACEMENT_3D ( 'NONE', #5034, #159, #5508 ) ;
#5823 = CARTESIAN_POINT ( 'NONE',  ( -118.9999999999999716, 34.00000000000038369, 109.9999999999999858 ) ) ;
#5824 = DIRECTION ( 'NONE',  ( -0.000000000000000000, -1.000000000000000000, -0.000000000000000000 ) ) ;
#5825 = FACE_OUTER_BOUND ( 'NONE', #5421, .T. ) ;
#5826 = ORIENTED_EDGE ( 'NONE', *, *, #4346, .F. ) ;
#5827 = DIRECTION ( 'NONE',  ( -0.000000000000000000, -1.000000000000000000, -0.000000000000000000 ) ) ;
#5828 = AXIS2_PLACEMENT_3D ( 'NONE', #7190, #4282, #6527 ) ;
#5829 = CIRCLE ( 'NONE', #289, 1.950000000000007283 ) ;
#5830 = DIRECTION ( 'NONE',  ( 0.000000000000000000, 0.000000000000000000, -1.000000000000000000 ) ) ;
#5831 = VERTEX_POINT ( 'NONE', #7743 ) ;
#5832 = ADVANCED_FACE ( 'NONE', ( #5418 ), #4442, .F. ) ;
#5833 = LINE ( 'NONE', #5322, #6762 ) ;
#5834 = AXIS2_PLACEMENT_3D ( 'NONE', #734, #771, #3139 ) ;
#5835 = CARTESIAN_POINT ( 'NONE',  ( 299.2440776823445390, -29.97397267666831766, 0.7382521156407018115 ) ) ;
#5836 = CARTESIAN_POINT ( 'NONE',  ( 197.9999999999999716, -30.00000000000032330, 93.24999999999977263 ) ) ;
#5837 = CARTESIAN_POINT ( 'NONE',  ( 299.5036189803709021, 29.09763107293782980, 0.1262136116457440449 ) ) ;
#5838 = ORIENTED_EDGE ( 'NONE', *, *, #2068, .T. ) ;
#5839 = CIRCLE ( 'NONE', #6592, 4.699999999999995737 ) ;
#5840 = CARTESIAN_POINT ( 'NONE',  ( 300.0000000000000568, 29.29289321881346098, 0.000000000000000000 ) ) ;
#5841 = DIRECTION ( 'NONE',  ( 0.000000000000000000, -3.083952846181025582E-15, 1.000000000000000000 ) ) ;
#5842 = EDGE_CURVE ( 'NONE', #1751, #7493, #302, .T. ) ;
#5843 = CARTESIAN_POINT ( 'NONE',  ( 25.00000000000000000, 34.00000000000022027, 61.24999999999998579 ) ) ;
#5844 = ORIENTED_EDGE ( 'NONE', *, *, #4612, .F. ) ;
#5845 = CIRCLE ( 'NONE', #2061, 2.249999999999995115 ) ;
#5846 = CARTESIAN_POINT ( 'NONE',  ( -243.4350288425439146, -34.00000000000017764, 52.01497115745531374 ) ) ;
#5847 = FACE_OUTER_BOUND ( 'NONE', #6032, .T. ) ;
#5848 = EDGE_LOOP ( 'NONE', ( #6088, #1873, #2482, #2389 ) ) ;
#5849 = DIRECTION ( 'NONE',  ( 0.000000000000000000, 0.000000000000000000, -1.000000000000000000 ) ) ;
#5850 = ORIENTED_EDGE ( 'NONE', *, *, #3780, .T. ) ;
#5851 = CARTESIAN_POINT ( 'NONE',  ( -197.9999999999999716, -34.00000000000033396, 95.49999999999977263 ) ) ;
#5852 = VERTEX_POINT ( 'NONE', #2981 ) ;
#5853 = CIRCLE ( 'NONE', #5594, 2.249999999999974243 ) ;
#5854 = ORIENTED_EDGE ( 'NONE', *, *, #3893, .T. ) ;
#5855 = EDGE_CURVE ( 'NONE', #180, #2114, #54, .T. ) ;
#5856 = DIRECTION ( 'NONE',  ( -0.000000000000000000, 1.000000000000000000, -3.504141421473150331E-15 ) ) ;
#5857 = CARTESIAN_POINT ( 'NONE',  ( -299.2440776823444253, -33.90882229040831675, -0.3192093371707703242 ) ) ;
#5858 = VECTOR ( 'NONE', #2383, 1000.000000000000000 ) ;
#5859 = ORIENTED_EDGE ( 'NONE', *, *, #3343, .T. ) ;
#5860 = CARTESIAN_POINT ( 'NONE',  ( 304.0000000000005116, -29.29289321881345387, 119.9999999999999858 ) ) ;
#5861 = EDGE_LOOP ( 'NONE', ( #1714, #4261, #3164, #2982 ) ) ;
#5862 = DIRECTION ( 'NONE',  ( -1.000000000000000000, 0.000000000000000000, 0.000000000000000000 ) ) ;
#5863 = CARTESIAN_POINT ( 'NONE',  ( 299.8922269036099237, 29.19526214587564539, 0.4780133412367156831 ) ) ;
#5864 = AXIS2_PLACEMENT_3D ( 'NONE', #2350, #3613, #3576 ) ;
#5865 = FACE_OUTER_BOUND ( 'NONE', #7609, .T. ) ;
#5866 = CARTESIAN_POINT ( 'NONE',  ( -216.5649711574557443, -31.85000000000027498, 74.98502884254469336 ) ) ;
#5867 = DIRECTION ( 'NONE',  ( 0.000000000000000000, 0.000000000000000000, -1.000000000000000000 ) ) ;
#5868 = CIRCLE ( 'NONE', #3719, 2.250000000000001776 ) ;
#5869 = ORIENTED_EDGE ( 'NONE', *, *, #2029, .T. ) ;
#5870 = DIRECTION ( 'NONE',  ( 0.000000000000000000, 2.952720810173286943E-15, 1.000000000000000000 ) ) ;
#5871 = DIRECTION ( 'NONE',  ( -0.000000000000000000, 1.000000000000000000, -3.504141421473150331E-15 ) ) ;
#5872 = DIRECTION ( 'NONE',  ( -0.000000000000000000, 1.000000000000000000, -3.498359009886561105E-15 ) ) ;
#5873 = CARTESIAN_POINT ( 'NONE',  ( 174.0000000000000000, 30.00000000000038014, 108.2999999999999972 ) ) ;
#5874 = CARTESIAN_POINT ( 'NONE',  ( 0.000000000000000000, 30.00000000000010303, 29.00000000000000355 ) ) ;
#5875 = EDGE_CURVE ( 'NONE', #3704, #7415, #6700, .T. ) ;
#5876 = FACE_OUTER_BOUND ( 'NONE', #6558, .T. ) ;
#5877 = ORIENTED_EDGE ( 'NONE', *, *, #633, .F. ) ;
#5878 = PERSON_AND_ORGANIZATION ( #5168, #4399 ) ;
#5879 = DIRECTION ( 'NONE',  ( 0.000000000000000000, -3.558407130208821635E-15, 1.000000000000000000 ) ) ;
#5880 = CARTESIAN_POINT ( 'NONE',  ( 243.4350288425439146, -34.00000000000017764, 50.06497115745530380 ) ) ;
#5881 = EDGE_LOOP ( 'NONE', ( #7075, #6825, #4080, #3837 ) ) ;
#5882 = CARTESIAN_POINT ( 'NONE',  ( 299.0488155364689646, -29.26179938779914380, -8.697334302407155882E-15 ) ) ;
#5883 = DIRECTION ( 'NONE',  ( 1.000000000000000000, 0.000000000000000000, 3.700743415417188731E-15 ) ) ;
#5884 = ORIENTED_EDGE ( 'NONE', *, *, #5333, .F. ) ;
#5885 = LINE ( 'NONE', #1161, #3580 ) ;
#5886 = EDGE_LOOP ( 'NONE', ( #3797, #2877 ) ) ;
#5887 = CARTESIAN_POINT ( 'NONE',  ( 303.8698633833416238, -29.24407768234454252, -0.3087394217964246623 ) ) ;
#5888 = VERTEX_POINT ( 'NONE', #31 ) ;
#5889 = ORIENTED_EDGE ( 'NONE', *, *, #3677, .T. ) ;
#5890 = DIRECTION ( 'NONE',  ( -0.000000000000000000, 1.000000000000000000, 3.498359009886561105E-15 ) ) ;
#5891 = CARTESIAN_POINT ( 'NONE',  ( -25.00000000000000000, -31.55000000000030624, 86.74999999999974420 ) ) ;
#5892 = VERTEX_POINT ( 'NONE', #6630 ) ;
#5893 = DIRECTION ( 'NONE',  ( -0.000000000000000000, -1.000000000000000000, -0.000000000000000000 ) ) ;
#5894 = EDGE_LOOP ( 'NONE', ( #135, #7294, #7426, #3489 ) ) ;
#5895 = PLANE ( 'NONE',  #6924 ) ;
#5896 = EDGE_CURVE ( 'NONE', #4010, #1290, #3573, .T. ) ;
#5897 = CARTESIAN_POINT ( 'NONE',  ( 299.8922269036099237, -29.19526214587563473, 0.4780133412367196799 ) ) ;
#5898 = AXIS2_PLACEMENT_3D ( 'NONE', #3665, #2554, #6649 ) ;
#5899 = ADVANCED_FACE ( 'NONE', ( #4125 ), #6518, .F. ) ;
#5900 = FACE_OUTER_BOUND ( 'NONE', #4544, .T. ) ;
#5901 = CARTESIAN_POINT ( 'NONE',  ( -25.00000000000000000, 34.00000000000021316, 58.99999999999999289 ) ) ;
#5902 = DIRECTION ( 'NONE',  ( -0.000000000000000000, -1.000000000000000000, -0.000000000000000000 ) ) ;
#5903 = ORIENTED_EDGE ( 'NONE', *, *, #6794, .T. ) ;
#5904 = DIRECTION ( 'NONE',  ( -0.000000000000000000, -1.000000000000000000, -0.000000000000000000 ) ) ;
#5905 = FACE_OUTER_BOUND ( 'NONE', #5384, .T. ) ;
#5906 = EDGE_CURVE ( 'NONE', #2247, #2687, #3323, .T. ) ;
#5907 = AXIS2_PLACEMENT_3D ( 'NONE', #1597, #2196, #392 ) ;
#5908 = CARTESIAN_POINT ( 'NONE',  ( -299.2928932188133331, -30.00000000000000000, 120.0000000000000000 ) ) ;
#5909 = ADVANCED_FACE ( 'NONE', ( #3611 ), #1558, .F. ) ;
#5910 = PLANE ( 'NONE',  #4670 ) ;
#5911 = CIRCLE ( 'NONE', #3143, 1.699999999999979305 ) ;
#5912 = DIRECTION ( 'NONE',  ( 0.000000000000000000, -1.000000000000000000, 3.498359009886561105E-15 ) ) ;
#5913 = DIRECTION ( 'NONE',  ( 0.000000000000000000, 0.000000000000000000, -1.000000000000000000 ) ) ;
#5914 = ORIENTED_EDGE ( 'NONE', *, *, #1225, .T. ) ;
#5915 = DATE_AND_TIME ( #1113, #4022 ) ;
#5916 = DIRECTION ( 'NONE',  ( -0.000000000000000000, 1.000000000000000000, -3.498359009886561105E-15 ) ) ;
#5917 = CIRCLE ( 'NONE', #7669, 1.950000000000007283 ) ;
#5918 = ADVANCED_FACE ( 'NONE', ( #2418 ), #2318, .F. ) ;
#5919 = FACE_OUTER_BOUND ( 'NONE', #1245, .T. ) ;
#5920 = PLANE ( 'NONE',  #2512 ) ;
#5921 = DIRECTION ( 'NONE',  ( -0.000000000000000000, -1.000000000000000000, -0.000000000000000000 ) ) ;
#5922 = ORIENTED_EDGE ( 'NONE', *, *, #3320, .T. ) ;
#5923 = CIRCLE ( 'NONE', #6416, 2.249999999999995115 ) ;
#5924 = CARTESIAN_POINT ( 'NONE',  ( -174.0000000000000000, 34.00000000000036948, 106.8499999999999943 ) ) ;
#5925 = VERTEX_POINT ( 'NONE', #5454 ) ;
#5926 = CARTESIAN_POINT ( 'NONE',  ( 299.1309225017752169, -29.02441202102776074, 3.674923654132503368E-15 ) ) ;
#5927 = ORIENTED_EDGE ( 'NONE', *, *, #6254, .T. ) ;
#5928 = EDGE_CURVE ( 'NONE', #1022, #3985, #5014, .T. ) ;
#5929 = VECTOR ( 'NONE', #3108, 1000.000000000000000 ) ;
#5930 = ORIENTED_EDGE ( 'NONE', *, *, #7385, .F. ) ;
#5931 = FACE_BOUND ( 'NONE', #6898, .T. ) ;
#5932 = CARTESIAN_POINT ( 'NONE',  ( -63.99999999999997158, 34.00000000000038369, 109.9999999999999858 ) ) ;
#5933 = ORIENTED_EDGE ( 'NONE', *, *, #6278, .T. ) ;
#5934 = CARTESIAN_POINT ( 'NONE',  ( -299.2928932188133331, 34.00000000000041922, 119.9999999999999858 ) ) ;
#5935 = EDGE_LOOP ( 'NONE', ( #387, #2104, #5297, #2849 ) ) ;
#5936 = CARTESIAN_POINT ( 'NONE',  ( 63.99999999999997158, 32.55000000000038085, 109.9999999999999858 ) ) ;
#5937 = DIRECTION ( 'NONE',  ( -0.000000000000000000, -1.000000000000000000, -0.000000000000000000 ) ) ;
#5938 = AXIS2_PLACEMENT_3D ( 'NONE', #3419, #5824, #4051 ) ;
#5939 = EDGE_CURVE ( 'NONE', #5892, #3675, #3072, .T. ) ;
#5940 = VECTOR ( 'NONE', #1779, 1000.000000000000000 ) ;
#5941 = DIRECTION ( 'NONE',  ( 0.000000000000000000, 0.000000000000000000, -1.000000000000000000 ) ) ;
#5942 = CARTESIAN_POINT ( 'NONE',  ( -300.3087394217964174, -29.04881553646891135, -3.869863383341576757 ) ) ;
#5943 = CARTESIAN_POINT ( 'NONE',  ( 244.4999999999999716, 30.00000000000017408, 49.00000000000005684 ) ) ;
#5944 = ORIENTED_EDGE ( 'NONE', *, *, #7492, .T. ) ;
#5945 = CARTESIAN_POINT ( 'NONE',  ( -63.99999999999997158, -34.00000000000038369, 113.1499999999999915 ) ) ;
#5946 = CARTESIAN_POINT ( 'NONE',  ( -174.0000000000000000, 30.00000000000038014, 108.2999999999999972 ) ) ;
#5947 = AXIS2_PLACEMENT_3D ( 'NONE', #1633, #304, #5107 ) ;
#5948 = CIRCLE ( 'NONE', #1051, 3.149999999999986144 ) ;
#5949 = DIRECTION ( 'NONE',  ( -0.000000000000000000, -1.000000000000000000, -0.000000000000000000 ) ) ;
#5950 = PRODUCT_RELATED_PRODUCT_CATEGORY ( 'detail', '', ( #7774 ) ) ;
#5951 = AXIS2_PLACEMENT_3D ( 'NONE', #3701, #5472, #4876 ) ;
#5952 = EDGE_CURVE ( 'NONE', #176, #2371, #5610, .T. ) ;
#5953 = CIRCLE ( 'NONE', #6318, 1.950000000000007283 ) ;
#5954 = CARTESIAN_POINT ( 'NONE',  ( -25.00000000000000000, 34.00000000000031264, 88.99999999999998579 ) ) ;
#5955 = CARTESIAN_POINT ( 'NONE',  ( 197.9999999999999716, -34.00000000000033396, 95.49999999999977263 ) ) ;
#5956 = FACE_OUTER_BOUND ( 'NONE', #2463, .T. ) ;
#5957 = ORIENTED_EDGE ( 'NONE', *, *, #2281, .F. ) ;
#5958 = CARTESIAN_POINT ( 'NONE',  ( -243.4350288425439146, -30.00000000000017408, 50.06497115745530380 ) ) ;
#5959 = AXIS2_PLACEMENT_3D ( 'NONE', #4643, #354, #1643 ) ;
#5960 = CONICAL_SURFACE ( 'NONE', #7305, 4.699999999999981526, 0.7853981633974482790 ) ;
#5961 = EDGE_CURVE ( 'NONE', #921, #2493, #5080, .T. ) ;
#5962 = DIRECTION ( 'NONE',  ( 0.000000000000000000, 4.405646923115719615E-15, 1.000000000000000000 ) ) ;
#5963 = LINE ( 'NONE', #532, #6910 ) ;
#5964 = VECTOR ( 'NONE', #2103, 1000.000000000000000 ) ;
#5965 = LINE ( 'NONE', #2970, #3042 ) ;
#5966 = ORIENTED_EDGE ( 'NONE', *, *, #4311, .T. ) ;
#5967 = FACE_OUTER_BOUND ( 'NONE', #6014, .T. ) ;
#5968 = ORIENTED_EDGE ( 'NONE', *, *, #3818, .T. ) ;
#5969 = CARTESIAN_POINT ( 'NONE',  ( 299.5897190324880626, -29.12203884117227659, 0.2326396980347086862 ) ) ;
#5970 = ORIENTED_EDGE ( 'NONE', *, *, #1394, .T. ) ;
#5971 = CIRCLE ( 'NONE', #2560, 1.950000000000007283 ) ;
#5972 = ORIENTED_EDGE ( 'NONE', *, *, #99, .T. ) ;
#5973 = EDGE_CURVE ( 'NONE', #7176, #5831, #5343, .T. ) ;
#5974 = DIRECTION ( 'NONE',  ( 8.659560562354904508E-17, -0.7071067811865497932, 0.7071067811865452413 ) ) ;
#5975 = EDGE_LOOP ( 'NONE', ( #209, #6334, #3948, #2563 ) ) ;
#5976 = EDGE_CURVE ( 'NONE', #3172, #3438, #3684, .T. ) ;
#5977 = CARTESIAN_POINT ( 'NONE',  ( -63.99999999999997158, -34.00000000000038369, 106.8499999999999801 ) ) ;
#5978 = VERTEX_POINT ( 'NONE', #7405 ) ;
#5979 = DIRECTION ( 'NONE',  ( 0.000000000000000000, 0.000000000000000000, 1.000000000000000000 ) ) ;
#5980 = CONICAL_SURFACE ( 'NONE', #7465, 3.149999999999986144, 0.7853981633974507215 ) ;
#5981 = CARTESIAN_POINT ( 'NONE',  ( -298.9999999999999432, -29.00000000000000355, -3.999999999999996447 ) ) ;
#5982 = ORIENTED_EDGE ( 'NONE', *, *, #6853, .T. ) ;
#5983 = AXIS2_PLACEMENT_3D ( 'NONE', #850, #1443, #3259 ) ;
#5984 = CARTESIAN_POINT ( 'NONE',  ( -243.4350288425443978, -34.00000000000027001, 72.83502884254419030 ) ) ;
#5985 = FACE_OUTER_BOUND ( 'NONE', #3454, .T. ) ;
#5986 = CARTESIAN_POINT ( 'NONE',  ( -243.4350288425439146, -34.00000000000017764, 50.06497115745530380 ) ) ;
#5987 = EDGE_LOOP ( 'NONE', ( #6580, #2099, #7762, #211 ) ) ;
#5988 = CARTESIAN_POINT ( 'NONE',  ( -243.4350288425443978, -34.00000000000027001, 76.93502884254417040 ) ) ;
#5989 = CARTESIAN_POINT ( 'NONE',  ( -262.0000000000000000, -30.00000000000010303, 29.24999999999981171 ) ) ;
#5990 = AXIS2_PLACEMENT_3D ( 'NONE', #1134, #4722, #6521 ) ;
#5991 = VECTOR ( 'NONE', #210, 1000.000000000000000 ) ;
#5992 = LINE ( 'NONE', #4104, #1387 ) ;
#5993 = DIRECTION ( 'NONE',  ( 0.000000000000000000, 0.000000000000000000, 1.000000000000000000 ) ) ;
#5994 = CYLINDRICAL_SURFACE ( 'NONE', #2924, 1.699999999999979305 ) ;
#5995 = ORIENTED_EDGE ( 'NONE', *, *, #26, .T. ) ;
#5996 = ADVANCED_FACE ( 'NONE', ( #2014, #6778, #3130, #2491, #6705, #2644, #6819, #140, #5492, #7333, #3171, #1431, #3210, #6092, #840, #5528, #1391, #5573, #4314, #1319, #3795, #181 ), #7291, .T. ) ;
#5997 = DIRECTION ( 'NONE',  ( -0.000000000000000000, -1.000000000000000000, -0.000000000000000000 ) ) ;
#5998 = ADVANCED_FACE ( 'NONE', ( #3246 ), #7086, .F. ) ;
#5999 = CARTESIAN_POINT ( 'NONE',  ( 299.2928932188134468, 30.00000000000000711, 1.000000000000002665 ) ) ;
#6000 = CARTESIAN_POINT ( 'NONE',  ( -215.5000000000001990, 34.00000000000006395, 16.99999999999999289 ) ) ;
#6001 = DIRECTION ( 'NONE',  ( 0.000000000000000000, 0.000000000000000000, -1.000000000000000000 ) ) ;
#6002 = EDGE_LOOP ( 'NONE', ( #6161, #187, #4323, #1920 ) ) ;
#6003 = DIRECTION ( 'NONE',  ( 0.000000000000000000, 3.469446951953612611E-15, 1.000000000000000000 ) ) ;
#6004 = EDGE_LOOP ( 'NONE', ( #5104, #7698 ) ) ;
#6005 = CARTESIAN_POINT ( 'NONE',  ( 63.99999999999997158, -34.00000000000038369, 108.2999999999999972 ) ) ;
#6006 = ORIENTED_EDGE ( 'NONE', *, *, #5303, .F. ) ;
#6007 = EDGE_CURVE ( 'NONE', #4044, #5013, #933, .T. ) ;
#6008 = ORIENTED_EDGE ( 'NONE', *, *, #4859, .F. ) ;
#6009 = FACE_BOUND ( 'NONE', #2133, .T. ) ;
#6010 = ORIENTED_EDGE ( 'NONE', *, *, #7689, .T. ) ;
#6011 = CARTESIAN_POINT ( 'NONE',  ( 216.5649711574557443, -34.00000000000027001, 76.93502884254469620 ) ) ;
#6012 = EDGE_LOOP ( 'NONE', ( #1232, #65, #5691, #2978 ) ) ;
#6013 = CYLINDRICAL_SURFACE ( 'NONE', #3340, 2.250000000000001776 ) ;
#6014 = EDGE_LOOP ( 'NONE', ( #4361, #1901, #7782, #258 ) ) ;
#6015 = VECTOR ( 'NONE', #6923, 1000.000000000000000 ) ;
#6016 = EDGE_CURVE ( 'NONE', #1602, #2017, #693, .T. ) ;
#6017 = LINE ( 'NONE', #627, #4016 ) ;
#6018 = B_SPLINE_SURFACE_WITH_KNOTS ( 'NONE', 1, 3, ( 
 ( #2774, #5185, #884, #1514, #2732, #5730, #3918, #5857, #7616, #1553 ),
 ( #6320, #3293, #6438, #2226, #4040, #2695, #927, #6397, #4629, #5142 ),
 ( #1053, #7535, #7020, #2142, #2065, #3370, #1590, #5767, #2185, #4475 ),
 ( #4589, #1343, #1851, #1716, #1925, #6078, #6147, #4884, #4674, #4851 ) ),
 .UNSPECIFIED., .F., .F., .F.,
 ( 2, 1, 1, 2 ),
 ( 4, 2, 2, 2, 4 ),
 ( -0.01000000000000000021, 0.000000000000000000, 1.000000000000000000, 1.010099999999999998 ),
 ( 0.000000000000000000, 0.2500000000000000000, 0.5000000000000000000, 0.7500000000000000000, 1.000000000000000000 ),
 .UNSPECIFIED. ) ;
#6019 = EDGE_CURVE ( 'NONE', #7530, #4865, #4352, .T. ) ;
#6020 = VECTOR ( 'NONE', #4998, 1000.000000000000000 ) ;
#6021 = DIRECTION ( 'NONE',  ( 0.000000000000000000, -1.000000000000000000, 3.498359009886561105E-15 ) ) ;
#6022 = AXIS2_PLACEMENT_3D ( 'NONE', #6967, #6885, #1537 ) ;
#6023 = EDGE_LOOP ( 'NONE', ( #1661, #4898, #4151, #6236 ) ) ;
#6024 = DIRECTION ( 'NONE',  ( 0.000000000000000000, 0.000000000000000000, -1.000000000000000000 ) ) ;
#6025 = DIRECTION ( 'NONE',  ( -0.000000000000000000, -1.000000000000000000, -0.000000000000000000 ) ) ;
#6026 = VECTOR ( 'NONE', #6495, 1000.000000000000000 ) ;
#6027 = CARTESIAN_POINT ( 'NONE',  ( -262.0000000000000000, -34.00000000000033396, 90.79999999999979821 ) ) ;
#6028 = CARTESIAN_POINT ( 'NONE',  ( -298.9999999999999432, -29.00000000000000000, 0.000000000000000000 ) ) ;
#6029 = LINE ( 'NONE', #7761, #279 ) ;
#6030 = AXIS2_PLACEMENT_3D ( 'NONE', #4999, #7389, #642 ) ;
#6031 = CIRCLE ( 'NONE', #851, 2.249999999999998668 ) ;
#6032 = EDGE_LOOP ( 'NONE', ( #688, #2643, #4166, #4540 ) ) ;
#6033 = CARTESIAN_POINT ( 'NONE',  ( 63.99999999999997158, 34.00000000000038369, 109.9999999999999858 ) ) ;
#6034 = CONICAL_SURFACE ( 'NONE', #378, 4.699999999999999289, 0.7853981633974490562 ) ;
#6035 = DIRECTION ( 'NONE',  ( 0.000000000000000000, 0.000000000000000000, -1.000000000000000000 ) ) ;
#6036 = ADVANCED_FACE ( 'NONE', ( #1354 ), #3755, .F. ) ;
#6037 = DIRECTION ( 'NONE',  ( -0.000000000000000000, 1.000000000000000000, -3.504141421473150331E-15 ) ) ;
#6039 = EDGE_CURVE ( 'NONE', #7686, #3919, #3449, .T. ) ;
#6038 = DIRECTION ( 'NONE',  ( 0.000000000000000000, 2.952720810173286943E-15, 1.000000000000000000 ) ) ;
#6040 = ORIENTED_EDGE ( 'NONE', *, *, #2365, .F. ) ;
#6041 = DIRECTION ( 'NONE',  ( -0.000000000000000000, -1.000000000000000000, -0.000000000000000000 ) ) ;
#6042 = ORIENTED_EDGE ( 'NONE', *, *, #2487, .T. ) ;
#6043 = FACE_OUTER_BOUND ( 'NONE', #3448, .T. ) ;
#6044 = VECTOR ( 'NONE', #5489, 1000.000000000000000 ) ;
#6045 = ORIENTED_EDGE ( 'NONE', *, *, #3938, .F. ) ;
#6046 = ORIENTED_EDGE ( 'NONE', *, *, #98, .T. ) ;
#6047 = VECTOR ( 'NONE', #1377, 1000.000000000000114 ) ;
#6048 = CARTESIAN_POINT ( 'NONE',  ( 0.000000000000000000, -30.00000000000000000, -1.049507702965968292E-13 ) ) ;
#6049 = EDGE_CURVE ( 'NONE', #28, #7579, #336, .T. ) ;
#6050 = ORIENTED_EDGE ( 'NONE', *, *, #4186, .T. ) ;
#6051 = DIRECTION ( 'NONE',  ( -0.000000000000000000, -1.000000000000000000, -0.000000000000000000 ) ) ;
#6052 = ORIENTED_EDGE ( 'NONE', *, *, #2872, .T. ) ;
#6053 = EDGE_CURVE ( 'NONE', #7094, #1077, #876, .T. ) ;
#6054 = FACE_OUTER_BOUND ( 'NONE', #7114, .T. ) ;
#6055 = ORIENTED_EDGE ( 'NONE', *, *, #1370, .F. ) ;
#6056 = CIRCLE ( 'NONE', #3033, 2.250000000000001776 ) ;
#6057 = CARTESIAN_POINT ( 'NONE',  ( -25.00000000000000000, 31.55000000000010729, 28.99999999999999645 ) ) ;
#6058 = AXIS2_PLACEMENT_3D ( 'NONE', #4094, #5315, #555 ) ;
#6059 = DIRECTION ( 'NONE',  ( 0.000000000000000000, -3.504141421473150331E-15, -1.000000000000000000 ) ) ;
#6060 = ORIENTED_EDGE ( 'NONE', *, *, #5016, .T. ) ;
#6061 = DIRECTION ( 'NONE',  ( -0.000000000000000000, -1.000000000000000000, -0.000000000000000000 ) ) ;
#6062 = DIRECTION ( 'NONE',  ( 0.000000000000000000, -3.083952846180988111E-15, -1.000000000000000000 ) ) ;
#6063 = EDGE_CURVE ( 'NONE', #234, #7454, #7727, .T. ) ;
#6064 = AXIS2_PLACEMENT_3D ( 'NONE', #4462, #5096, #215 ) ;
#6065 = EDGE_CURVE ( 'NONE', #4351, #2766, #5839, .T. ) ;
#6066 = DIRECTION ( 'NONE',  ( -0.000000000000000000, -1.000000000000000000, -0.000000000000000000 ) ) ;
#6067 = DIRECTION ( 'NONE',  ( -0.000000000000000000, 1.000000000000000000, -3.498359009886561105E-15 ) ) ;
#6068 = DIRECTION ( 'NONE',  ( -0.000000000000000000, -1.000000000000000000, -0.000000000000000000 ) ) ;
#6069 = CONICAL_SURFACE ( 'NONE', #1287, 3.149999999999999911, 0.7853981633974507215 ) ;
#6070 = VECTOR ( 'NONE', #6187, 1000.000000000000000 ) ;
#6071 = ADVANCED_FACE ( 'NONE', ( #7525 ), #6709, .F. ) ;
#6072 = ORIENTED_EDGE ( 'NONE', *, *, #1849, .T. ) ;
#6073 = LINE ( 'NONE', #4294, #6020 ) ;
#6074 = AXIS2_PLACEMENT_3D ( 'NONE', #5240, #1565, #395 ) ;
#6075 = AXIS2_PLACEMENT_3D ( 'NONE', #6913, #2200, #7628 ) ;
#6076 = CYLINDRICAL_SURFACE ( 'NONE', #1247, 1.699999999999979305 ) ;
#6077 = CYLINDRICAL_SURFACE ( 'NONE', #6784, 2.250000000000001776 ) ;
#6078 = CARTESIAN_POINT ( 'NONE',  ( -299.1708543776412057, -29.76736030196529725, 0.4102809675120654420 ) ) ;
#6079 = CARTESIAN_POINT ( 'NONE',  ( 118.9999999999999716, 34.00000000000038369, 109.9999999999999858 ) ) ;
#6080 = VERTEX_POINT ( 'NONE', #5680 ) ;
#6081 = DIRECTION ( 'NONE',  ( -1.000000000000000000, 0.000000000000000000, 0.000000000000000000 ) ) ;
#6082 = ORIENTED_EDGE ( 'NONE', *, *, #3976, .F. ) ;
#6083 = AXIS2_PLACEMENT_3D ( 'NONE', #1764, #6059, #6674 ) ;
#6084 = DIRECTION ( 'NONE',  ( -0.000000000000000000, 1.000000000000000000, -3.504141421473150331E-15 ) ) ;
#6085 = AXIS2_PLACEMENT_3D ( 'NONE', #5067, #888, #3884 ) ;
#6086 = VERTEX_POINT ( 'NONE', #1466 ) ;
#6087 = EDGE_CURVE ( 'NONE', #2648, #4587, #1506, .T. ) ;
#6088 = ORIENTED_EDGE ( 'NONE', *, *, #5771, .F. ) ;
#6089 = CIRCLE ( 'NONE', #1060, 3.149999999999999911 ) ;
#6090 = LINE ( 'NONE', #7139, #1768 ) ;
#6091 = ORIENTED_EDGE ( 'NONE', *, *, #3016, .F. ) ;
#6092 = FACE_BOUND ( 'NONE', #2063, .T. ) ;
#6093 = ORIENTED_EDGE ( 'NONE', *, *, #7117, .T. ) ;
#6094 = DIRECTION ( 'NONE',  ( -0.000000000000000000, -1.000000000000000000, -0.000000000000000000 ) ) ;
#6095 = EDGE_LOOP ( 'NONE', ( #25, #456, #5233, #4347 ) ) ;
#6096 = VECTOR ( 'NONE', #1939, 1000.000000000000000 ) ;
#6097 = EDGE_CURVE ( 'NONE', #3257, #6799, #1926, .T. ) ;
#6098 = EDGE_LOOP ( 'NONE', ( #5191, #7049, #7223, #3934 ) ) ;
#6099 = CARTESIAN_POINT ( 'NONE',  ( 284.0000000000000000, -34.00000000000038369, 111.6999999999999602 ) ) ;
#6100 = DIRECTION ( 'NONE',  ( -1.000000000000000000, 0.000000000000000000, 0.000000000000000000 ) ) ;
#6101 = VERTEX_POINT ( 'NONE', #3910 ) ;
#6102 = CARTESIAN_POINT ( 'NONE',  ( 25.00000000000000000, 30.00000000000011013, 31.25000000000000000 ) ) ;
#6103 = DIRECTION ( 'NONE',  ( 0.000000000000000000, 1.000000000000000000, -3.504141421473150331E-15 ) ) ;
#6104 = DIRECTION ( 'NONE',  ( -1.000000000000000000, 0.000000000000000000, 3.491481338843133355E-15 ) ) ;
#6105 = CARTESIAN_POINT ( 'NONE',  ( -262.0000000000000000, -31.55000000000032756, 97.74999999999975842 ) ) ;
#6106 = CIRCLE ( 'NONE', #3217, 2.250000000000001776 ) ;
#6107 = DIRECTION ( 'NONE',  ( -0.000000000000000000, 1.000000000000000000, 3.498359009886561105E-15 ) ) ;
#6108 = ORIENTED_EDGE ( 'NONE', *, *, #602, .T. ) ;
#6109 = FACE_OUTER_BOUND ( 'NONE', #2416, .T. ) ;
#6110 = AXIS2_PLACEMENT_3D ( 'NONE', #6392, #2222, #6433 ) ;
#6111 = DIRECTION ( 'NONE',  ( -0.000000000000000000, -1.000000000000000000, -0.000000000000000000 ) ) ;
#6112 = EDGE_CURVE ( 'NONE', #7415, #5925, #5261, .T. ) ;
#6113 = CARTESIAN_POINT ( 'NONE',  ( -197.9999999999999716, -31.55000000000032756, 97.74999999999978684 ) ) ;
#6114 = DIRECTION ( 'NONE',  ( 0.000000000000000000, -0.7071067811865497932, -0.7071067811865452413 ) ) ;
#6115 = CARTESIAN_POINT ( 'NONE',  ( -299.8737863883541763, 29.19526214587564183, 0.4963810196291025267 ) ) ;
#6116 = FACE_OUTER_BOUND ( 'NONE', #3410, .T. ) ;
#6117 = VERTEX_POINT ( 'NONE', #4541 ) ;
#6118 = CARTESIAN_POINT ( 'NONE',  ( -284.0000000000000000, 34.00000000000039790, 113.1499999999999773 ) ) ;
#6119 = ORIENTED_EDGE ( 'NONE', *, *, #2128, .T. ) ;
#6120 = VERTEX_POINT ( 'NONE', #1546 ) ;
#6121 = CARTESIAN_POINT ( 'NONE',  ( -302.9983342119907661, 29.17085437764120215, -2.072733599874579280 ) ) ;
#6122 = CARTESIAN_POINT ( 'NONE',  ( -243.4350288425439146, -34.00000000000017764, 50.06497115745530380 ) ) ;
#6123 = VERTEX_POINT ( 'NONE', #6859 ) ;
#6124 = DIRECTION ( 'NONE',  ( 1.000000000000000000, 0.000000000000000000, 0.000000000000000000 ) ) ;
#6125 = ORIENTED_EDGE ( 'NONE', *, *, #1488, .F. ) ;
#6126 = CARTESIAN_POINT ( 'NONE',  ( -299.0488155364688510, 30.31920933717077560, -3.908822290408305200 ) ) ;
#6127 = EDGE_LOOP ( 'NONE', ( #7403, #332, #7627, #2339 ) ) ;
#6128 = EDGE_LOOP ( 'NONE', ( #7455, #6744 ) ) ;
#6129 = DIRECTION ( 'NONE',  ( 0.000000000000000000, -1.000000000000000000, 3.498359009886561105E-15 ) ) ;
#6130 = ADVANCED_FACE ( 'NONE', ( #2055 ), #2724, .F. ) ;
#6131 = LINE ( 'NONE', #6750, #7713 ) ;
#6132 = EDGE_LOOP ( 'NONE', ( #4624, #1112, #1746, #3843 ) ) ;
#6133 = CARTESIAN_POINT ( 'NONE',  ( 299.2928932188134468, -34.00000000000041922, 119.9999999999999858 ) ) ;
#6134 = EDGE_CURVE ( 'NONE', #2180, #4820, #2190, .T. ) ;
#6135 = CARTESIAN_POINT ( 'NONE',  ( -244.4999999999997442, 34.00000000000039080, 109.9999999999999858 ) ) ;
#6136 = CIRCLE ( 'NONE', #111, 1.950000000000007283 ) ;
#6137 = CARTESIAN_POINT ( 'NONE',  ( -299.2928932188133331, -30.00000000000000000, 0.000000000000000000 ) ) ;
#6138 = CARTESIAN_POINT ( 'NONE',  ( -197.9999999999999716, -34.00000000000011369, 31.49999999999978684 ) ) ;
#6139 = FACE_BOUND ( 'NONE', #5886, .T. ) ;
#6140 = EDGE_CURVE ( 'NONE', #2929, #6814, #3989, .T. ) ;
#6141 = ORIENTED_EDGE ( 'NONE', *, *, #5246, .T. ) ;
#6142 = DIRECTION ( 'NONE',  ( 0.000000000000000000, 0.000000000000000000, -1.000000000000000000 ) ) ;
#6143 = VECTOR ( 'NONE', #4615, 1000.000000000000000 ) ;
#6144 = FACE_OUTER_BOUND ( 'NONE', #3013, .T. ) ;
#6145 = DIRECTION ( 'NONE',  ( 0.000000000000000000, -3.469446951953614978E-15, -1.000000000000000000 ) ) ;
#6146 = VECTOR ( 'NONE', #2151, 1000.000000000000000 ) ;
#6147 = CARTESIAN_POINT ( 'NONE',  ( -299.1952621458755743, -29.83848541826474943, 0.5167272264360794898 ) ) ;
#6148 = CARTESIAN_POINT ( 'NONE',  ( -301.5180949018543970, 29.09763107293782269, -3.368931941771300398 ) ) ;
#6149 = CARTESIAN_POINT ( 'NONE',  ( -243.4350288425443978, -31.85000000000027498, 76.93502884254417040 ) ) ;
#6150 = ORIENTED_EDGE ( 'NONE', *, *, #5791, .T. ) ;
#6151 = FACE_OUTER_BOUND ( 'NONE', #994, .T. ) ;
#6152 = CYLINDRICAL_SURFACE ( 'NONE', #3630, 2.249999999999988010 ) ;
#6153 = VECTOR ( 'NONE', #1052, 1000.000000000000000 ) ;
#6154 = ADVANCED_FACE ( 'NONE', ( #2764 ), #5801, .F. ) ;
#6155 = ORIENTED_EDGE ( 'NONE', *, *, #290, .T. ) ;
#6156 = DIRECTION ( 'NONE',  ( 0.000000000000000000, 0.000000000000000000, -1.000000000000000000 ) ) ;
#6157 = DIRECTION ( 'NONE',  ( -0.000000000000000000, 1.000000000000000000, -3.504141421473150331E-15 ) ) ;
#6158 = VERTEX_POINT ( 'NONE', #3874 ) ;
#6159 = CIRCLE ( 'NONE', #4023, 2.249999999999974243 ) ;
#6160 = CARTESIAN_POINT ( 'NONE',  ( 276.5000000000000568, 24.00000000000017408, 49.00000000000030553 ) ) ;
#6161 = ORIENTED_EDGE ( 'NONE', *, *, #4024, .F. ) ;
#6162 = CYLINDRICAL_SURFACE ( 'NONE', #5362, 1.950000000000007283 ) ;
#6163 = ADVANCED_FACE ( 'NONE', ( #1584 ), #7567, .F. ) ;
#6164 = ORIENTED_EDGE ( 'NONE', *, *, #2283, .F. ) ;
#6165 = ORIENTED_EDGE ( 'NONE', *, *, #3818, .F. ) ;
#6166 = CARTESIAN_POINT ( 'NONE',  ( -299.2617993877991012, 29.04881553646891490, 3.689675518239730699E-15 ) ) ;
#6167 = DIRECTION ( 'NONE',  ( 0.000000000000000000, -3.469446951953631938E-15, -1.000000000000000000 ) ) ;
#6168 = EDGE_LOOP ( 'NONE', ( #3309, #1654 ) ) ;
#6169 = FACE_OUTER_BOUND ( 'NONE', #7358, .T. ) ;
#6170 = CARTESIAN_POINT ( 'NONE',  ( -174.0000000000000000, 34.00000000000038369, 109.9999999999999858 ) ) ;
#6171 = AXIS2_PLACEMENT_3D ( 'NONE', #1198, #3668, #3233 ) ;
#6172 = EDGE_CURVE ( 'NONE', #2004, #6912, #375, .T. ) ;
#6173 = CIRCLE ( 'NONE', #6791, 4.700000000000009948 ) ;
#6174 = LINE ( 'NONE', #3700, #268 ) ;
#6175 = DIRECTION ( 'NONE',  ( -0.000000000000000000, 1.000000000000000000, -3.504141421473150331E-15 ) ) ;
#6176 = FACE_BOUND ( 'NONE', #2384, .T. ) ;
#6177 = ORIENTED_EDGE ( 'NONE', *, *, #963, .T. ) ;
#6178 = AXIS2_PLACEMENT_3D ( 'NONE', #1937, #837, #1352 ) ;
#6179 = DIRECTION ( 'NONE',  ( 0.000000000000000000, 0.000000000000000000, -1.000000000000000000 ) ) ;
#6180 = EDGE_CURVE ( 'NONE', #5310, #2519, #5971, .T. ) ;
#6181 = DIRECTION ( 'NONE',  ( 3.700743415417188731E-15, 0.000000000000000000, 1.000000000000000000 ) ) ;
#6182 = VECTOR ( 'NONE', #7103, 1000.000000000000114 ) ;
#6183 = EDGE_CURVE ( 'NONE', #3754, #5888, #7687, .T. ) ;
#6184 = CONICAL_SURFACE ( 'NONE', #7692, 4.699999999999995737, 0.7853981633974482790 ) ;
#6185 = DIRECTION ( 'NONE',  ( 0.000000000000000000, 0.000000000000000000, -1.000000000000000000 ) ) ;
#6186 = CARTESIAN_POINT ( 'NONE',  ( 174.0000000000000000, 32.55000000000037375, 108.2999999999999829 ) ) ;
#6187 = DIRECTION ( 'NONE',  ( -0.000000000000000000, 1.000000000000000000, -3.504141421473150331E-15 ) ) ;
#6188 = DIRECTION ( 'NONE',  ( -0.000000000000000000, 1.000000000000000000, -3.498359009886561105E-15 ) ) ;
#6189 = ORIENTED_EDGE ( 'NONE', *, *, #6617, .T. ) ;
#6190 = DIRECTION ( 'NONE',  ( 0.000000000000000000, 0.000000000000000000, -1.000000000000000000 ) ) ;
#6191 = ORIENTED_EDGE ( 'NONE', *, *, #4279, .T. ) ;
#6192 = CIRCLE ( 'NONE', #4690, 1.950000000000007283 ) ;
#6193 = ORIENTED_EDGE ( 'NONE', *, *, #3842, .T. ) ;
#6194 = CARTESIAN_POINT ( 'NONE',  ( -63.99999999999997158, -30.00000000000039080, 111.6999999999999886 ) ) ;
#6195 = CARTESIAN_POINT ( 'NONE',  ( -25.00000000000000000, -31.55000000000030624, 88.99999999999972999 ) ) ;
#6196 = VERTEX_POINT ( 'NONE', #3008 ) ;
#6197 = VECTOR ( 'NONE', #7505, 1000.000000000000000 ) ;
#6198 = DIRECTION ( 'NONE',  ( 0.000000000000000000, 0.000000000000000000, -1.000000000000000000 ) ) ;
#6199 = ORIENTED_EDGE ( 'NONE', *, *, #1512, .T. ) ;
#6200 = FACE_OUTER_BOUND ( 'NONE', #2720, .T. ) ;
#6201 = ORIENTED_EDGE ( 'NONE', *, *, #5552, .F. ) ;
#6202 = AXIS2_PLACEMENT_3D ( 'NONE', #4042, #3336, #469 ) ;
#6203 = ORIENTED_EDGE ( 'NONE', *, *, #6237, .F. ) ;
#6204 = CIRCLE ( 'NONE', #3924, 4.699999999999981526 ) ;
#6205 = FACE_OUTER_BOUND ( 'NONE', #1837, .T. ) ;
#6206 = EDGE_CURVE ( 'NONE', #1323, #6348, #5885, .T. ) ;
#6207 = CYLINDRICAL_SURFACE ( 'NONE', #3578, 5.000000000000004441 ) ;
#6208 = EDGE_LOOP ( 'NONE', ( #3, #4969, #7526, #7648 ) ) ;
#6209 = FACE_OUTER_BOUND ( 'NONE', #5129, .T. ) ;
#6210 = VECTOR ( 'NONE', #2698, 1000.000000000000000 ) ;
#6211 = DIRECTION ( 'NONE',  ( 0.000000000000000000, -3.469446951953614978E-15, -1.000000000000000000 ) ) ;
#6212 = VECTOR ( 'NONE', #254, 1000.000000000000000 ) ;
#6213 = LINE ( 'NONE', #3073, #2640 ) ;
#6214 = DIRECTION ( 'NONE',  ( 0.000000000000000000, 0.000000000000000000, -1.000000000000000000 ) ) ;
#6215 = VERTEX_POINT ( 'NONE', #5924 ) ;
#6216 = CARTESIAN_POINT ( 'NONE',  ( 0.000000000000000000, 31.55000000000011440, 31.24999999999999645 ) ) ;
#6217 = ORIENTED_EDGE ( 'NONE', *, *, #5303, .T. ) ;
#6218 = CONICAL_SURFACE ( 'NONE', #1314, 3.149999999999999911, 0.7853981633974507215 ) ;
#6219 = CARTESIAN_POINT ( 'NONE',  ( 243.4350288425443978, -34.00000000000027001, 76.93502884254417040 ) ) ;
#6220 = CARTESIAN_POINT ( 'NONE',  ( 63.99999999999997158, 34.00000000000036948, 106.8499999999999801 ) ) ;
#6221 = CARTESIAN_POINT ( 'NONE',  ( 299.0000000000000568, -28.99999999999999645, -4.040000000000008917 ) ) ;
#6222 = FACE_OUTER_BOUND ( 'NONE', #4786, .T. ) ;
#6223 = EDGE_CURVE ( 'NONE', #4985, #4312, #6471, .T. ) ;
#6224 = CARTESIAN_POINT ( 'NONE',  ( -303.8698633833415101, 29.24407768234454608, -0.3087394217964246623 ) ) ;
#6225 = CARTESIAN_POINT ( 'NONE',  ( 215.4999999999999716, 30.00000000000017408, 49.00000000000006395 ) ) ;
#6226 = ORIENTED_EDGE ( 'NONE', *, *, #1880, .F. ) ;
#6227 = ADVANCED_FACE ( 'NONE', ( #1087 ), #6508, .F. ) ;
#6228 = DIRECTION ( 'NONE',  ( 0.000000000000000000, 0.000000000000000000, -1.000000000000000000 ) ) ;
#6229 = ORIENTED_EDGE ( 'NONE', *, *, #7331, .F. ) ;
#6230 = ORIENTED_EDGE ( 'NONE', *, *, #4534, .T. ) ;
#6231 = PLANE ( 'NONE',  #2134 ) ;
#6232 = CIRCLE ( 'NONE', #2844, 2.250000000000001776 ) ;
#6233 = LINE ( 'NONE', #724, #5808 ) ;
#6234 = EDGE_LOOP ( 'NONE', ( #6627, #2652, #5216, #4292 ) ) ;
#6235 = CARTESIAN_POINT ( 'NONE',  ( -25.00000000000000000, -31.55000000000010019, 28.99999999999975486 ) ) ;
#6236 = ORIENTED_EDGE ( 'NONE', *, *, #107, .F. ) ;
#6237 = EDGE_CURVE ( 'NONE', #6668, #3695, #1120, .T. ) ;
#6238 = CARTESIAN_POINT ( 'NONE',  ( -298.9999999999999432, 29.00000000000000355, -4.039999999999994706 ) ) ;
#6239 = ORIENTED_EDGE ( 'NONE', *, *, #1914, .T. ) ;
#6240 = EDGE_LOOP ( 'NONE', ( #4333, #4573 ) ) ;
#6241 = ORIENTED_EDGE ( 'NONE', *, *, #6852, .F. ) ;
#6242 = CARTESIAN_POINT ( 'NONE',  ( -299.5219866587632396, 29.09763107293783335, 0.1077730963901904621 ) ) ;
#6243 = DIRECTION ( 'NONE',  ( 0.000000000000000000, 1.000000000000000000, -0.000000000000000000 ) ) ;
#6244 = EDGE_LOOP ( 'NONE', ( #5635, #7711 ) ) ;
#6245 = CARTESIAN_POINT ( 'NONE',  ( 299.0976310729378724, 29.50361898037090214, 0.1262136116457459600 ) ) ;
#6246 = FACE_OUTER_BOUND ( 'NONE', #6481, .T. ) ;
#6247 = ADVANCED_FACE ( 'NONE', ( #7734 ), #536, .F. ) ;
#6248 = EDGE_CURVE ( 'NONE', #6858, #4781, #810, .T. ) ;
#6249 = DIRECTION ( 'NONE',  ( 1.000000000000000000, 0.000000000000000000, -0.000000000000000000 ) ) ;
#6250 = DIRECTION ( 'NONE',  ( 0.000000000000000000, -1.000000000000000000, 3.498359009886561105E-15 ) ) ;
#6251 = ORIENTED_EDGE ( 'NONE', *, *, #6872, .T. ) ;
#6252 = CARTESIAN_POINT ( 'NONE',  ( 262.0000000000000000, -34.00000000000011369, 26.79999999999980176 ) ) ;
#6253 = ORIENTED_EDGE ( 'NONE', *, *, #3002, .F. ) ;
#6254 = EDGE_CURVE ( 'NONE', #4671, #4644, #433, .T. ) ;
#6255 = DIRECTION ( 'NONE',  ( -0.000000000000000000, 1.000000000000000000, -3.504141421473150331E-15 ) ) ;
#6256 = AXIS2_PLACEMENT_3D ( 'NONE', #6423, #3434, #5841 ) ;
#6257 = LINE ( 'NONE', #5082, #5659 ) ;
#6258 = FACE_OUTER_BOUND ( 'NONE', #7506, .T. ) ;
#6259 = CARTESIAN_POINT ( 'NONE',  ( -302.9983342119908798, 29.17085437764119149, -2.072733599874527322 ) ) ;
#6260 = CYLINDRICAL_SURFACE ( 'NONE', #3586, 1.950000000000007283 ) ;
#6261 = ORIENTED_EDGE ( 'NONE', *, *, #7072, .T. ) ;
#6262 = FACE_OUTER_BOUND ( 'NONE', #2157, .T. ) ;
#6263 = EDGE_CURVE ( 'NONE', #7285, #1862, #4230, .T. ) ;
#6264 = DIRECTION ( 'NONE',  ( -0.000000000000000000, -1.000000000000000000, -0.000000000000000000 ) ) ;
#6265 = VERTEX_POINT ( 'NONE', #7054 ) ;
#6266 = EDGE_CURVE ( 'NONE', #6774, #2175, #2888, .T. ) ;
#6267 = DIRECTION ( 'NONE',  ( -0.000000000000000000, 1.000000000000000000, -3.504141421473150331E-15 ) ) ;
#6268 = DIRECTION ( 'NONE',  ( 0.000000000000000000, 4.405646923115719615E-15, 1.000000000000000000 ) ) ;
#6269 = ORIENTED_EDGE ( 'NONE', *, *, #4756, .T. ) ;
#6270 = CARTESIAN_POINT ( 'NONE',  ( 0.000000000000000000, 34.00000000000010658, 28.99999999999998934 ) ) ;
#6271 = ORIENTED_EDGE ( 'NONE', *, *, #1732, .T. ) ;
#6272 = CARTESIAN_POINT ( 'NONE',  ( -299.0488155364689078, 29.25117326983117039, 0.06537581946908931074 ) ) ;
#6273 = AXIS2_PLACEMENT_3D ( 'NONE', #2513, #7316, #88 ) ;
#6274 = VERTEX_POINT ( 'NONE', #1709 ) ;
#6275 = ADVANCED_FACE ( 'NONE', ( #1745 ), #5406, .F. ) ;
#6276 = CARTESIAN_POINT ( 'NONE',  ( 284.0000000000000000, -32.55000000000038085, 108.3000000000000114 ) ) ;
#6277 = CARTESIAN_POINT ( 'NONE',  ( -216.5649711574550906, -34.00000000000017764, 48.11497115745585518 ) ) ;
#6278 = EDGE_CURVE ( 'NONE', #4619, #1047, #3824, .T. ) ;
#6279 = ORIENTED_EDGE ( 'NONE', *, *, #7370, .T. ) ;
#6280 = CARTESIAN_POINT ( 'NONE',  ( 197.9999999999999716, -34.00000000000011369, 31.49999999999978684 ) ) ;
#6281 = EDGE_LOOP ( 'NONE', ( #1472, #1200, #1566, #259 ) ) ;
#6282 = CARTESIAN_POINT ( 'NONE',  ( 299.1952621458756880, 33.40388339730544942, -1.538239661069354502 ) ) ;
#6283 = CARTESIAN_POINT ( 'NONE',  ( -262.0000000000000000, -34.00000000000011369, 26.79999999999980176 ) ) ;
#6284 = CIRCLE ( 'NONE', #5781, 4.699999999999995737 ) ;
#6285 = ADVANCED_FACE ( 'NONE', ( #1820 ), #7130, .F. ) ;
#6286 = DIRECTION ( 'NONE',  ( -1.000000000000000000, -0.000000000000000000, 0.000000000000000000 ) ) ;
#6287 = VECTOR ( 'NONE', #493, 1000.000000000000000 ) ;
#6288 = LINE ( 'NONE', #896, #1789 ) ;
#6289 = EDGE_CURVE ( 'NONE', #4781, #6858, #2194, .T. ) ;
#6290 = EDGE_LOOP ( 'NONE', ( #3150, #2599, #6639, #5772 ) ) ;
#6291 = DIRECTION ( 'NONE',  ( 0.000000000000000000, 0.000000000000000000, -1.000000000000000000 ) ) ;
#6292 = ORIENTED_EDGE ( 'NONE', *, *, #2440, .T. ) ;
#6293 = DIRECTION ( 'NONE',  ( 0.000000000000000000, -1.000000000000000000, 3.498359009886561105E-15 ) ) ;
#6294 = CIRCLE ( 'NONE', #2907, 1.950000000000007283 ) ;
#6295 = CARTESIAN_POINT ( 'NONE',  ( -299.2928932188133331, 30.00000000000000355, 0.000000000000000000 ) ) ;
#6296 = ADVANCED_FACE ( 'NONE', ( #5967 ), #6587, .T. ) ;
#6297 = CARTESIAN_POINT ( 'NONE',  ( -303.3689319417712227, -29.19526214587563828, -1.518094901854544432 ) ) ;
#6298 = CARTESIAN_POINT ( 'NONE',  ( 300.3087394217964174, 29.04881553646891490, -3.869863383341581642 ) ) ;
#6299 = VECTOR ( 'NONE', #5357, 1000.000000000000000 ) ;
#6300 = ORIENTED_EDGE ( 'NONE', *, *, #7631, .F. ) ;
#6301 = FACE_OUTER_BOUND ( 'NONE', #7563, .T. ) ;
#6302 = CARTESIAN_POINT ( 'NONE',  ( -243.4350288425443978, -34.00000000000027001, 78.88502884254418746 ) ) ;
#6303 = CONICAL_SURFACE ( 'NONE', #7058, 4.099999999999992539, 0.7853981633974450594 ) ;
#6304 = DIRECTION ( 'NONE',  ( 0.000000000000000000, -3.083952846180992055E-15, -1.000000000000000000 ) ) ;
#6305 = ORIENTED_EDGE ( 'NONE', *, *, #6480, .F. ) ;
#6306 = DIRECTION ( 'NONE',  ( -0.000000000000000000, 1.000000000000000000, -0.000000000000000000 ) ) ;
#6307 = CARTESIAN_POINT ( 'NONE',  ( -25.00000000000000000, 34.00000000000021316, 58.99999999999999289 ) ) ;
#6308 = VERTEX_POINT ( 'NONE', #2370 ) ;
#6309 = DIRECTION ( 'NONE',  ( -0.000000000000000000, -1.000000000000000000, -0.000000000000000000 ) ) ;
#6310 = EDGE_LOOP ( 'NONE', ( #5344, #6008 ) ) ;
#6311 = ADVANCED_FACE ( 'NONE', ( #1201 ), #4193, .T. ) ;
#6312 = CIRCLE ( 'NONE', #278, 2.249999999999995115 ) ;
#6313 = CARTESIAN_POINT ( 'NONE',  ( 25.00000000000000000, 34.00000000000030553, 86.74999999999998579 ) ) ;
#6314 = AXIS2_PLACEMENT_3D ( 'NONE', #4250, #2994, #5287 ) ;
#6315 = ORIENTED_EDGE ( 'NONE', *, *, #2966, .T. ) ;
#6316 = ORIENTED_EDGE ( 'NONE', *, *, #2522, .T. ) ;
#6317 = VECTOR ( 'NONE', #636, 1000.000000000000000 ) ;
#6318 = AXIS2_PLACEMENT_3D ( 'NONE', #940, #2078, #5741 ) ;
#6319 = DIRECTION ( 'NONE',  ( -0.000000000000000000, 1.000000000000000000, -3.498359009886561105E-15 ) ) ;
#6320 = CARTESIAN_POINT ( 'NONE',  ( -298.9999999999999432, -28.99999999999999645, -4.000000000000008882 ) ) ;
#6321 = ORIENTED_EDGE ( 'NONE', *, *, #7439, .F. ) ;
#6322 = LINE ( 'NONE', #4632, #4825 ) ;
#6323 = ORIENTED_EDGE ( 'NONE', *, *, #5855, .T. ) ;
#6324 = CARTESIAN_POINT ( 'NONE',  ( 299.2440776823445390, 29.93462418053092122, 0.7488267301688338318 ) ) ;
#6325 = EDGE_CURVE ( 'NONE', #7470, #5310, #5444, .T. ) ;
#6326 = CARTESIAN_POINT ( 'NONE',  ( 299.2617993877991580, -29.04881553646891135, 3.689675518239730699E-15 ) ) ;
#6327 = EDGE_CURVE ( 'NONE', #2612, #2441, #3205, .T. ) ;
#6328 = AXIS2_PLACEMENT_3D ( 'NONE', #2501, #4948, #7342 ) ;
#6329 = AXIS2_PLACEMENT_3D ( 'NONE', #1097, #5309, #3058 ) ;
#6330 = DIRECTION ( 'NONE',  ( -0.000000000000000000, -1.000000000000000000, -0.000000000000000000 ) ) ;
#6331 = CARTESIAN_POINT ( 'NONE',  ( -25.00000000000000000, 34.00000000000020606, 56.74999999999999289 ) ) ;
#6332 = ORIENTED_EDGE ( 'NONE', *, *, #474, .F. ) ;
#6333 = CARTESIAN_POINT ( 'NONE',  ( -63.99999999999997158, 32.55000000000038085, 109.9999999999999858 ) ) ;
#6334 = ORIENTED_EDGE ( 'NONE', *, *, #731, .F. ) ;
#6335 = DIRECTION ( 'NONE',  ( 0.000000000000000000, 0.000000000000000000, -1.000000000000000000 ) ) ;
#6336 = AXIS2_PLACEMENT_3D ( 'NONE', #1281, #726, #7448 ) ;
#6337 = CARTESIAN_POINT ( 'NONE',  ( -25.00000000000000000, 34.00000000000029843, 84.29999999999998295 ) ) ;
#6338 = CARTESIAN_POINT ( 'NONE',  ( -299.9346241805308750, -29.24407768234454963, 0.7488267301688306121 ) ) ;
#6339 = AXIS2_PLACEMENT_3D ( 'NONE', #6548, #7171, #612 ) ;
#6340 = DIRECTION ( 'NONE',  ( 0.000000000000000000, 1.000000000000000000, -3.504141421473150331E-15 ) ) ;
#6341 = ORIENTED_EDGE ( 'NONE', *, *, #6347, .F. ) ;
#6342 = CYLINDRICAL_SURFACE ( 'NONE', #873, 1.700000000000007061 ) ;
#6343 = CYLINDRICAL_SURFACE ( 'NONE', #7146, 6.999999999999957367 ) ;
#6344 = EDGE_CURVE ( 'NONE', #4522, #1168, #1618, .T. ) ;
#6345 = AXIS2_PLACEMENT_3D ( 'NONE', #3184, #3767, #6211 ) ;
#6346 = DIRECTION ( 'NONE',  ( 0.000000000000000000, 3.469446951953612611E-15, 1.000000000000000000 ) ) ;
#6347 = EDGE_CURVE ( 'NONE', #4274, #2294, #1421, .T. ) ;
#6348 = VERTEX_POINT ( 'NONE', #5483 ) ;
#6349 = DIRECTION ( 'NONE',  ( 0.000000000000000000, -3.469446951953608667E-15, -1.000000000000000000 ) ) ;
#6350 = CARTESIAN_POINT ( 'NONE',  ( -284.0000000000000000, 34.00000000000038369, 109.9999999999999858 ) ) ;
#6351 = VERTEX_POINT ( 'NONE', #2481 ) ;
#6352 = CARTESIAN_POINT ( 'NONE',  ( 25.00000000000000000, 34.00000000000031264, 88.99999999999998579 ) ) ;
#6353 = ORIENTED_EDGE ( 'NONE', *, *, #3769, .F. ) ;
#6354 = CIRCLE ( 'NONE', #587, 4.099999999999992539 ) ;
#6355 = DIRECTION ( 'NONE',  ( -0.000000000000000000, 1.000000000000000000, -3.504141421473150331E-15 ) ) ;
#6356 = EDGE_LOOP ( 'NONE', ( #772, #7364, #5927, #5410 ) ) ;
#6357 = ORIENTED_EDGE ( 'NONE', *, *, #2547, .T. ) ;
#6358 = VECTOR ( 'NONE', #377, 1000.000000000000000 ) ;
#6359 = DIRECTION ( 'NONE',  ( 0.000000000000000000, 0.000000000000000000, -1.000000000000000000 ) ) ;
#6360 = DIRECTION ( 'NONE',  ( -1.000000000000000000, 1.213737100369038503E-30, 3.469446951953611724E-16 ) ) ;
#6361 = VERTEX_POINT ( 'NONE', #7321 ) ;
#6362 = CARTESIAN_POINT ( 'NONE',  ( -243.4350288425443978, -34.00000000000027001, 76.93502884254417040 ) ) ;
#6363 = ORIENTED_EDGE ( 'NONE', *, *, #2816, .F. ) ;
#6364 = CARTESIAN_POINT ( 'NONE',  ( 299.0000000000000568, 29.00000000000000355, -4.039999999999994706 ) ) ;
#6365 = CYLINDRICAL_SURFACE ( 'NONE', #198, 32.00000000000000000 ) ;
#6366 = DIRECTION ( 'NONE',  ( 0.000000000000000000, 0.000000000000000000, -1.000000000000000000 ) ) ;
#6367 = CC_DESIGN_PERSON_AND_ORGANIZATION_ASSIGNMENT ( #1194, #1151, ( #2863 ) ) ;
#6368 = DIRECTION ( 'NONE',  ( 0.000000000000000000, -4.081702296416033352E-15, -1.000000000000000000 ) ) ;
#6369 = DIRECTION ( 'NONE',  ( -0.000000000000000000, 1.000000000000000000, 3.498359009886561105E-15 ) ) ;
#6370 = ORIENTED_EDGE ( 'NONE', *, *, #6327, .F. ) ;
#6371 = DIRECTION ( 'NONE',  ( -0.000000000000000000, -1.000000000000000000, -0.000000000000000000 ) ) ;
#6372 = ORIENTED_EDGE ( 'NONE', *, *, #3037, .T. ) ;
#6373 = PLANE ( 'NONE',  #7379 ) ;
#6374 = EDGE_CURVE ( 'NONE', #720, #130, #2596, .T. ) ;
#6375 = ADVANCED_FACE ( 'NONE', ( #3087 ), #6218, .F. ) ;
#6376 = CARTESIAN_POINT ( 'NONE',  ( 299.1220388411722979, -29.61454671997491062, 0.2003331576018080873 ) ) ;
#6377 = CARTESIAN_POINT ( 'NONE',  ( -118.9999999999999716, 34.00000000000036948, 106.8499999999999801 ) ) ;
#6378 = CARTESIAN_POINT ( 'NONE',  ( -118.9999999999999716, 34.00000000000039790, 113.1499999999999915 ) ) ;
#6379 = EDGE_LOOP ( 'NONE', ( #4509, #3305 ) ) ;
#6380 = DIRECTION ( 'NONE',  ( -0.000000000000000000, 1.000000000000000000, 3.498359009886561105E-15 ) ) ;
#6381 = FACE_OUTER_BOUND ( 'NONE', #854, .T. ) ;
#6382 = DIRECTION ( 'NONE',  ( -0.000000000000000000, -1.000000000000000000, -0.000000000000000000 ) ) ;
#6383 = EDGE_LOOP ( 'NONE', ( #7755, #3367, #516, #3129 ) ) ;
#6384 = CARTESIAN_POINT ( 'NONE',  ( 25.00000000000000000, 30.00000000000019895, 56.75000000000000711 ) ) ;
#6385 = CIRCLE ( 'NONE', #7508, 3.149999999999999911 ) ;
#6386 = CONICAL_SURFACE ( 'NONE', #3000, 3.149999999999999911, 0.7853981633974482790 ) ;
#6387 = CARTESIAN_POINT ( 'NONE',  ( -197.9999999999999716, -30.00000000000011013, 31.49999999999978684 ) ) ;
#6388 = EDGE_LOOP ( 'NONE', ( #3444, #5681 ) ) ;
#6389 = CARTESIAN_POINT ( 'NONE',  ( 243.4350288425443978, -31.85000000000027498, 76.93502884254417040 ) ) ;
#6390 = ORIENTED_EDGE ( 'NONE', *, *, #4441, .F. ) ;
#6391 = EDGE_CURVE ( 'NONE', #5338, #1086, #1815, .T. ) ;
#6392 = CARTESIAN_POINT ( 'NONE',  ( 25.00000000000000000, -31.55000000000010019, 28.99999999999975131 ) ) ;
#6393 = VERTEX_POINT ( 'NONE', #752 ) ;
#6394 = VECTOR ( 'NONE', #4111, 1000.000000000000000 ) ;
#6395 = ORIENTED_EDGE ( 'NONE', *, *, #224, .T. ) ;
#6396 = DIRECTION ( 'NONE',  ( -0.000000000000000000, 1.000000000000000000, -3.498359009886561105E-15 ) ) ;
#6397 = CARTESIAN_POINT ( 'NONE',  ( -299.2440776823444253, -33.86986338334158120, -0.3087394217963991827 ) ) ;
#6398 = ORIENTED_EDGE ( 'NONE', *, *, #7072, .F. ) ;
#6399 = AXIS2_PLACEMENT_3D ( 'NONE', #2556, #1885, #1376 ) ;
#6400 = EDGE_CURVE ( 'NONE', #1929, #1968, #5845, .T. ) ;
#6401 = DIRECTION ( 'NONE',  ( -0.000000000000000000, -1.000000000000000000, -0.000000000000000000 ) ) ;
#6402 = ORIENTED_EDGE ( 'NONE', *, *, #2396, .F. ) ;
#6403 = CARTESIAN_POINT ( 'NONE',  ( 299.0976310729378724, 29.48327277356391463, 0.1615145817352580671 ) ) ;
#6404 = CARTESIAN_POINT ( 'NONE',  ( 197.9999999999999716, -30.00000000000011013, 31.49999999999978684 ) ) ;
#6405 = CIRCLE ( 'NONE', #2503, 2.249999999999974243 ) ;
#6406 = CARTESIAN_POINT ( 'NONE',  ( -174.0000000000000000, 32.55000000000037375, 108.2999999999999829 ) ) ;
#6407 = CARTESIAN_POINT ( 'NONE',  ( 5.755839955992555710E-16, 34.00000000000029843, 84.29999999999998295 ) ) ;
#6408 = DIRECTION ( 'NONE',  ( 0.000000000000000000, 4.081702296416033352E-15, 1.000000000000000000 ) ) ;
#6409 = VERTEX_POINT ( 'NONE', #6769 ) ;
#6410 = DIRECTION ( 'NONE',  ( 0.000000000000000000, 0.000000000000000000, -1.000000000000000000 ) ) ;
#6411 = CYLINDRICAL_SURFACE ( 'NONE', #5709, 1.950000000000007283 ) ;
#6412 = VECTOR ( 'NONE', #5974, 1000.000000000000000 ) ;
#6413 = ORIENTED_EDGE ( 'NONE', *, *, #4186, .F. ) ;
#6414 = EDGE_CURVE ( 'NONE', #4929, #4587, #4958, .T. ) ;
#6415 = CARTESIAN_POINT ( 'NONE',  ( -25.00000000000000000, 34.00000000000030553, 86.74999999999998579 ) ) ;
#6416 = AXIS2_PLACEMENT_3D ( 'NONE', #5627, #4298, #679 ) ;
#6417 = CARTESIAN_POINT ( 'NONE',  ( 299.0976310729379293, -29.48327277356390752, 0.1615145817352436064 ) ) ;
#6418 = CARTESIAN_POINT ( 'NONE',  ( -299.9999999999999432, -29.26848119778568957, 0.8690774982247551073 ) ) ;
#6419 = CARTESIAN_POINT ( 'NONE',  ( 302.9983342119908230, 29.17085437764118794, -2.072733599874649890 ) ) ;
#6420 = ORIENTED_EDGE ( 'NONE', *, *, #4418, .T. ) ;
#6421 = FACE_OUTER_BOUND ( 'NONE', #5177, .T. ) ;
#6422 = CONICAL_SURFACE ( 'NONE', #5173, 3.149999999999986144, 0.7853981633974411736 ) ;
#6423 = CARTESIAN_POINT ( 'NONE',  ( -262.0000000000000000, -30.00000000000011013, 31.49999999999978684 ) ) ;
#6424 = EDGE_CURVE ( 'NONE', #3245, #4404, #2518, .T. ) ;
#6425 = LINE ( 'NONE', #5843, #6886 ) ;
#6426 = EDGE_LOOP ( 'NONE', ( #1386, #7504, #464, #2210 ) ) ;
#6427 = CIRCLE ( 'NONE', #2913, 2.250000000000001776 ) ;
#6428 = CARTESIAN_POINT ( 'NONE',  ( -244.4999999999997442, 34.00000000000006395, 16.99999999999999289 ) ) ;
#6429 = CARTESIAN_POINT ( 'NONE',  ( 174.0000000000000000, 34.00000000000038369, 109.9999999999999858 ) ) ;
#6430 = ORIENTED_EDGE ( 'NONE', *, *, #2872, .F. ) ;
#6431 = CARTESIAN_POINT ( 'NONE',  ( -298.9999999999999432, 29.00000000000000355, 0.000000000000000000 ) ) ;
#6432 = ORIENTED_EDGE ( 'NONE', *, *, #4039, .T. ) ;
#6433 = DIRECTION ( 'NONE',  ( 0.000000000000000000, 0.000000000000000000, -1.000000000000000000 ) ) ;
#6434 = ORIENTED_EDGE ( 'NONE', *, *, #5099, .T. ) ;
#6435 = VECTOR ( 'NONE', #4742, 1000.000000000000000 ) ;
#6436 = VERTEX_POINT ( 'NONE', #716 ) ;
#6437 = DIRECTION ( 'NONE',  ( 0.000000000000000000, 2.952720810173291281E-15, 1.000000000000000000 ) ) ;
#6438 = CARTESIAN_POINT ( 'NONE',  ( -299.0488155364689078, -30.30873942179640679, -3.869863383341584750 ) ) ;
#6439 = ORIENTED_EDGE ( 'NONE', *, *, #6579, .F. ) ;
#6440 = VECTOR ( 'NONE', #2676, 999.9999999999998863 ) ;
#6441 = DIRECTION ( 'NONE',  ( 8.659560562354940254E-17, -0.7071067811865470176, 0.7071067811865481278 ) ) ;
#6442 = ORIENTED_EDGE ( 'NONE', *, *, #6254, .F. ) ;
#6443 = DIRECTION ( 'NONE',  ( -0.000000000000000000, -1.000000000000000000, -0.000000000000000000 ) ) ;
#6444 = DIRECTION ( 'NONE',  ( -0.000000000000000000, 1.000000000000000000, -3.504141421473150331E-15 ) ) ;
#6445 = CIRCLE ( 'NONE', #2415, 1.699999999999979305 ) ;
#6446 = CIRCLE ( 'NONE', #4440, 1.950000000000007283 ) ;
#6447 = EDGE_CURVE ( 'NONE', #6980, #3172, #3077, .T. ) ;
#6448 = LINE ( 'NONE', #2273, #4648 ) ;
#6449 = CARTESIAN_POINT ( 'NONE',  ( -299.2928932188133331, 30.00000000000000711, 1.000000000000007772 ) ) ;
#6450 = CARTESIAN_POINT ( 'NONE',  ( 118.9999999999999716, 32.55000000000038085, 109.9999999999999858 ) ) ;
#6451 = ORIENTED_EDGE ( 'NONE', *, *, #442, .F. ) ;
#6452 = CARTESIAN_POINT ( 'NONE',  ( 299.0000000000000568, -29.00000000000000000, 0.000000000000000000 ) ) ;
#6453 = CIRCLE ( 'NONE', #5069, 4.699999999999995737 ) ;
#6454 = CIRCLE ( 'NONE', #795, 1.950000000000007283 ) ;
#6455 = DIRECTION ( 'NONE',  ( -0.000000000000000000, -1.000000000000000000, -0.000000000000000000 ) ) ;
#6456 = LINE ( 'NONE', #1071, #5275 ) ;
#6457 = CIRCLE ( 'NONE', #4325, 1.950000000000007283 ) ;
#6458 = CARTESIAN_POINT ( 'NONE',  ( -299.2928932188133331, -34.00000000000041922, 119.9999999999999858 ) ) ;
#6459 = CARTESIAN_POINT ( 'NONE',  ( 300.0000000000000568, 29.29289321881346098, 1.000000000000000888 ) ) ;
#6460 = CARTESIAN_POINT ( 'NONE',  ( 300.3192093371707756, 29.04881553646891490, -3.908822290408314082 ) ) ;
#6461 = ORIENTED_EDGE ( 'NONE', *, *, #5690, .F. ) ;
#6462 = DATE_TIME_ROLE ( 'classification_date' ) ;
#6463 = DIRECTION ( 'NONE',  ( -0.000000000000000000, -1.000000000000000000, -0.000000000000000000 ) ) ;
#6464 = CARTESIAN_POINT ( 'NONE',  ( 63.99999999999997158, -34.00000000000038369, 111.6999999999999744 ) ) ;
#6465 = EDGE_LOOP ( 'NONE', ( #318, #2772 ) ) ;
#6466 = ADVANCED_FACE ( 'NONE', ( #6116 ), #4925, .F. ) ;
#6467 = CARTESIAN_POINT ( 'NONE',  ( 299.0976310729378156, -29.52198665876327510, 0.1077730963901767508 ) ) ;
#6469 = EDGE_CURVE ( 'NONE', #1782, #979, #4341, .T. ) ;
#6468 = LINE ( 'NONE', #1085, #4807 ) ;
#6470 = VERTEX_POINT ( 'NONE', #1346 ) ;
#6471 = LINE ( 'NONE', #1781, #4578 ) ;
#6472 = ORIENTED_EDGE ( 'NONE', *, *, #6485, .T. ) ;
#6473 = CARTESIAN_POINT ( 'NONE',  ( 262.0000000000000000, -34.00000000000011369, 33.74999999999975842 ) ) ;
#6474 = ORIENTED_EDGE ( 'NONE', *, *, #4450, .F. ) ;
#6475 = AXIS2_PLACEMENT_3D ( 'NONE', #4873, #1254, #3656 ) ;
#6476 = ORIENTED_EDGE ( 'NONE', *, *, #7331, .T. ) ;
#6477 = CARTESIAN_POINT ( 'NONE',  ( -197.9999999999999716, -34.00000000000011369, 26.79999999999977689 ) ) ;
#6478 = LINE ( 'NONE', #2856, #6182 ) ;
#6479 = AXIS2_PLACEMENT_3D ( 'NONE', #4866, #6094, #4830 ) ;
#6480 = EDGE_CURVE ( 'NONE', #5305, #7031, #3458, .T. ) ;
#6481 = EDGE_LOOP ( 'NONE', ( #7665, #7312, #3237, #1003 ) ) ;
#6482 = CARTESIAN_POINT ( 'NONE',  ( -299.9999999999999432, 30.00000000000000355, 1.000000000000000888 ) ) ;
#6483 = VERTEX_POINT ( 'NONE', #4966 ) ;
#6484 = CARTESIAN_POINT ( 'NONE',  ( 25.00000000000000000, 31.55000000000031335, 89.00000000000000000 ) ) ;
#6485 = EDGE_CURVE ( 'NONE', #2668, #6655, #4262, .T. ) ;
#6486 = DIRECTION ( 'NONE',  ( 0.000000000000000000, -3.083952846180988111E-15, 1.000000000000000000 ) ) ;
#6487 = AXIS2_PLACEMENT_3D ( 'NONE', #5683, #6896, #3366 ) ;
#6488 = CYLINDRICAL_SURFACE ( 'NONE', #2119, 1.700000000000007061 ) ;
#6489 = CARTESIAN_POINT ( 'NONE',  ( -216.5649711574557443, -31.85000000000027498, 76.93502884254469620 ) ) ;
#6490 = CARTESIAN_POINT ( 'NONE',  ( -118.9999999999999716, 34.00000000000036948, 106.8499999999999801 ) ) ;
#6491 = VERTEX_POINT ( 'NONE', #685 ) ;
#6492 = CARTESIAN_POINT ( 'NONE',  ( 276.5000000000000568, 30.00000000000022382, 77.99999999999982947 ) ) ;
#6493 = DIRECTION ( 'NONE',  ( 0.000000000000000000, 0.000000000000000000, -1.000000000000000000 ) ) ;
#6494 = EDGE_CURVE ( 'NONE', #7536, #4389, #4453, .T. ) ;
#6495 = DIRECTION ( 'NONE',  ( -1.000000000000000000, 0.000000000000000000, 0.000000000000000000 ) ) ;
#6496 = EDGE_CURVE ( 'NONE', #1273, #2733, #2677, .T. ) ;
#6497 = CARTESIAN_POINT ( 'NONE',  ( -25.00000000000000000, -30.00000000000010658, 31.24999999999974420 ) ) ;
#6498 = CARTESIAN_POINT ( 'NONE',  ( -299.8737863883541763, -29.19526214587563828, 0.4963810196290983079 ) ) ;
#6499 = CARTESIAN_POINT ( 'NONE',  ( -25.00000000000000000, -34.00000000000010658, 26.74999999999976552 ) ) ;
#6500 = ADVANCED_FACE ( 'NONE', ( #3504 ), #6411, .F. ) ;
#6501 = VERTEX_POINT ( 'NONE', #4099 ) ;
#6502 = APPROVAL_DATE_TIME ( #4146, #3153 ) ;
#6503 = CARTESIAN_POINT ( 'NONE',  ( -25.00000000000000000, -34.00000000000010658, 24.29999999999975557 ) ) ;
#6504 = CARTESIAN_POINT ( 'NONE',  ( -25.00000000000000000, 34.00000000000031264, 88.99999999999998579 ) ) ;
#6505 = DIRECTION ( 'NONE',  ( 0.000000000000000000, -3.469446951953612611E-15, -1.000000000000000000 ) ) ;
#6506 = DIRECTION ( 'NONE',  ( -0.000000000000000000, 1.000000000000000000, 3.498359009886561105E-15 ) ) ;
#6507 = ORIENTED_EDGE ( 'NONE', *, *, #3831, .F. ) ;
#6508 = CYLINDRICAL_SURFACE ( 'NONE', #7593, 2.249999999999998668 ) ;
#6509 = ORIENTED_EDGE ( 'NONE', *, *, #6754, .T. ) ;
#6510 = CARTESIAN_POINT ( 'NONE',  ( 140.0000000000000000, 30.00000000000013856, 38.49999999999997158 ) ) ;
#6511 = ORIENTED_EDGE ( 'NONE', *, *, #1704, .F. ) ;
#6512 = ADVANCED_FACE ( 'NONE', ( #2323 ), #1729, .F. ) ;
#6513 = VECTOR ( 'NONE', #5290, 999.9999999999998863 ) ;
#6514 = ORIENTED_EDGE ( 'NONE', *, *, #7662, .T. ) ;
#6515 = DIRECTION ( 'NONE',  ( -0.000000000000000000, 1.000000000000000000, -3.498359009886561105E-15 ) ) ;
#6516 = CARTESIAN_POINT ( 'NONE',  ( 0.000000000000000000, 30.00000000000020606, 59.00000000000000711 ) ) ;
#6517 = VERTEX_POINT ( 'NONE', #7629 ) ;
#6518 = CYLINDRICAL_SURFACE ( 'NONE', #309, 1.950000000000007283 ) ;
#6519 = ORIENTED_EDGE ( 'NONE', *, *, #1548, .T. ) ;
#6520 = CARTESIAN_POINT ( 'NONE',  ( 0.000000000000000000, 30.00000000000021316, 61.25000000000000000 ) ) ;
#6521 = DIRECTION ( 'NONE',  ( 0.000000000000000000, 0.000000000000000000, -1.000000000000000000 ) ) ;
#6522 = AXIS2_PLACEMENT_3D ( 'NONE', #1813, #4185, #1114 ) ;
#6523 = ADVANCED_FACE ( 'NONE', ( #5905 ), #4730, .F. ) ;
#6524 = CIRCLE ( 'NONE', #1983, 4.699999999999995737 ) ;
#6525 = CARTESIAN_POINT ( 'NONE',  ( -25.00000000000000000, 30.00000000000031619, 89.00000000000000000 ) ) ;
#6526 = CARTESIAN_POINT ( 'NONE',  ( -301.5180949018543970, -29.09763107293782625, -3.368931941771294625 ) ) ;
#6527 = DIRECTION ( 'NONE',  ( 0.000000000000000000, -3.558407130208821635E-15, 1.000000000000000000 ) ) ;
#6528 = VERTEX_POINT ( 'NONE', #519 ) ;
#6529 = CARTESIAN_POINT ( 'NONE',  ( -174.0000000000000000, -34.00000000000038369, 109.9999999999999858 ) ) ;
#6530 = CARTESIAN_POINT ( 'NONE',  ( 140.0000000000000000, 24.00000000000013145, 38.49999999999999289 ) ) ;
#6531 = CIRCLE ( 'NONE', #3515, 2.250000000000001776 ) ;
#6532 = EDGE_CURVE ( 'NONE', #1792, #7536, #3423, .T. ) ;
#6533 = CARTESIAN_POINT ( 'NONE',  ( 284.0000000000000000, -34.00000000000038369, 113.1499999999999773 ) ) ;
#6534 = DIRECTION ( 'NONE',  ( -0.000000000000000000, -1.000000000000000000, -0.000000000000000000 ) ) ;
#6535 = VECTOR ( 'NONE', #2539, 1000.000000000000000 ) ;
#6536 = CARTESIAN_POINT ( 'NONE',  ( -299.2440776823445390, -30.00000000000000711, 0.7382006122008466509 ) ) ;
#6537 = CARTESIAN_POINT ( 'NONE',  ( -63.99999999999997158, 30.00000000000039435, 111.6999999999999886 ) ) ;
#6538 = VERTEX_POINT ( 'NONE', #1691 ) ;
#6539 = CARTESIAN_POINT ( 'NONE',  ( 25.00000000000000000, 34.00000000000022737, 63.69999999999999574 ) ) ;
#6540 = ADVANCED_FACE ( 'NONE', ( #1456 ), #5980, .F. ) ;
#6541 = AXIS2_PLACEMENT_3D ( 'NONE', #4497, #3397, #5095 ) ;
#6542 = EDGE_CURVE ( 'NONE', #2017, #2422, #4089, .T. ) ;
#6543 = DIRECTION ( 'NONE',  ( -0.000000000000000000, 1.000000000000000000, -3.504141421473150331E-15 ) ) ;
#6544 = CARTESIAN_POINT ( 'NONE',  ( 243.4350288425443978, -31.85000000000027498, 76.93502884254417040 ) ) ;
#6545 = DIRECTION ( 'NONE',  ( 0.000000000000000000, 0.000000000000000000, -1.000000000000000000 ) ) ;
#6546 = ORIENTED_EDGE ( 'NONE', *, *, #3355, .F. ) ;
#6547 = AXIS2_PLACEMENT_3D ( 'NONE', #4921, #7318, #6145 ) ;
#6548 = CARTESIAN_POINT ( 'NONE',  ( 118.9999999999999716, -30.00000000000038369, 109.9999999999999858 ) ) ;
#6549 = ORIENTED_EDGE ( 'NONE', *, *, #4176, .F. ) ;
#6550 = CARTESIAN_POINT ( 'NONE',  ( 299.1256331943130817, -29.02441201959609529, 0.04040000000000366909 ) ) ;
#6551 = ORIENTED_EDGE ( 'NONE', *, *, #2893, .F. ) ;
#6552 = CIRCLE ( 'NONE', #4170, 1.700000000000007061 ) ;
#6553 = EDGE_LOOP ( 'NONE', ( #3045, #7021 ) ) ;
#6554 = DIRECTION ( 'NONE',  ( 0.000000000000000000, 4.405646923115700682E-15, 1.000000000000000000 ) ) ;
#6555 = EDGE_CURVE ( 'NONE', #3654, #234, #2633, .T. ) ;
#6556 = ORIENTED_EDGE ( 'NONE', *, *, #241, .T. ) ;
#6557 = LINE ( 'NONE', #6482, #924 ) ;
#6558 = EDGE_LOOP ( 'NONE', ( #6867, #4915, #4304, #1043 ) ) ;
#6559 = CARTESIAN_POINT ( 'NONE',  ( 243.4350288425443978, -34.00000000000027001, 81.03502884254416472 ) ) ;
#6560 = CARTESIAN_POINT ( 'NONE',  ( 0.000000000000000000, 34.00000000000010658, 28.99999999999998934 ) ) ;
#6561 = CIRCLE ( 'NONE', #7050, 4.699999999999999289 ) ;
#6562 = EDGE_LOOP ( 'NONE', ( #5183, #6551, #3382, #426 ) ) ;
#6563 = CIRCLE ( 'NONE', #3555, 1.699999999999979305 ) ;
#6564 = LINE ( 'NONE', #3101, #5283 ) ;
#6565 = EDGE_CURVE ( 'NONE', #3215, #5527, #1069, .T. ) ;
#6566 = CARTESIAN_POINT ( 'NONE',  ( 216.5649711574550906, -31.85000000000017550, 48.11497115745585518 ) ) ;
#6567 = CARTESIAN_POINT ( 'NONE',  ( 25.00000000000000000, -34.00000000000010658, 24.29999999999975202 ) ) ;
#6568 = VERTEX_POINT ( 'NONE', #1604 ) ;
#6569 = DIRECTION ( 'NONE',  ( 0.000000000000000000, 2.952720810173286943E-15, 1.000000000000000000 ) ) ;
#6570 = EDGE_CURVE ( 'NONE', #6823, #4404, #5084, .T. ) ;
#6571 = CARTESIAN_POINT ( 'NONE',  ( -243.4350288425443978, -34.00000000000027001, 76.93502884254417040 ) ) ;
#6572 = CIRCLE ( 'NONE', #37, 2.250000000000001776 ) ;
#6573 = CIRCLE ( 'NONE', #1171, 3.149999999999999911 ) ;
#6574 = AXIS2_PLACEMENT_3D ( 'NONE', #1573, #2208, #5787 ) ;
#6575 = CIRCLE ( 'NONE', #7576, 4.099999999999992539 ) ;
#6576 = CARTESIAN_POINT ( 'NONE',  ( -118.9999999999999716, -30.00000000000039080, 111.6999999999999744 ) ) ;
#6577 = CARTESIAN_POINT ( 'NONE',  ( 25.00000000000000000, 34.00000000000010658, 28.99999999999998934 ) ) ;
#6578 = CARTESIAN_POINT ( 'NONE',  ( 299.0000000000000568, -28.99999999999999645, -4.000000000000008882 ) ) ;
#6579 = EDGE_CURVE ( 'NONE', #7530, #1273, #4009, .T. ) ;
#6580 = ORIENTED_EDGE ( 'NONE', *, *, #5952, .T. ) ;
#6581 = CARTESIAN_POINT ( 'NONE',  ( -284.0000000000000000, 34.00000000000036948, 106.8499999999999943 ) ) ;
#6582 = CONICAL_SURFACE ( 'NONE', #4070, 4.099999999999992539, 0.7853981633974450594 ) ;
#6583 = DIRECTION ( 'NONE',  ( -0.000000000000000000, 1.000000000000000000, -3.504141421473150331E-15 ) ) ;
#6584 = DIRECTION ( 'NONE',  ( 0.000000000000000000, -3.083952846181006649E-15, 1.000000000000000000 ) ) ;
#6585 = LINE ( 'NONE', #4817, #2021 ) ;
#6586 = EDGE_LOOP ( 'NONE', ( #1494, #694, #4037, #2887 ) ) ;
#6587 = PLANE ( 'NONE',  #3958 ) ;
#6588 = ORIENTED_EDGE ( 'NONE', *, *, #3724, .T. ) ;
#6589 = CARTESIAN_POINT ( 'NONE',  ( 301.5382396610693263, -29.09763107293781914, -3.403883397305470737 ) ) ;
#6590 = VERTEX_POINT ( 'NONE', #1021 ) ;
#6591 = EDGE_CURVE ( 'NONE', #3602, #1320, #4455, .T. ) ;
#6592 = AXIS2_PLACEMENT_3D ( 'NONE', #4500, #5721, #5849 ) ;
#6593 = ORIENTED_EDGE ( 'NONE', *, *, #6969, .F. ) ;
#6594 = CARTESIAN_POINT ( 'NONE',  ( 118.9999999999999716, 34.00000000000038369, 109.9999999999999858 ) ) ;
#6595 = EDGE_LOOP ( 'NONE', ( #2093, #3221 ) ) ;
#6596 = DIRECTION ( 'NONE',  ( 0.000000000000000000, 0.000000000000000000, -1.000000000000000000 ) ) ;
#6597 = ORIENTED_EDGE ( 'NONE', *, *, #5752, .T. ) ;
#6598 = DIRECTION ( 'NONE',  ( -0.000000000000000000, -1.000000000000000000, -0.000000000000000000 ) ) ;
#6599 = ORIENTED_EDGE ( 'NONE', *, *, #4538, .T. ) ;
#6600 = CIRCLE ( 'NONE', #6345, 31.99999999999999289 ) ;
#6601 = CARTESIAN_POINT ( 'NONE',  ( 304.0000000000000568, -29.26848545057899997, 0.3455015305021140182 ) ) ;
#6602 = CARTESIAN_POINT ( 'NONE',  ( 0.000000000000000000, 34.00000000000022737, 63.69999999999999574 ) ) ;
#6603 = ORIENTED_EDGE ( 'NONE', *, *, #5939, .T. ) ;
#6604 = CARTESIAN_POINT ( 'NONE',  ( -63.99999999999997158, -32.55000000000038085, 108.2999999999999829 ) ) ;
#6605 = CARTESIAN_POINT ( 'NONE',  ( -216.5649711574557443, -31.85000000000027498, 76.93502884254469620 ) ) ;
#6606 = AXIS2_PLACEMENT_3D ( 'NONE', #2191, #4596, #2824 ) ;
#6607 = ADVANCED_FACE ( 'NONE', ( #4646 ), #4334, .F. ) ;
#6608 = ADVANCED_FACE ( 'NONE', ( #7033 ), #6260, .F. ) ;
#6609 = AXIS2_PLACEMENT_3D ( 'NONE', #687, #4378, #6737 ) ;
#6610 = DIRECTION ( 'NONE',  ( 0.000000000000000000, -4.081702296415999431E-15, 1.000000000000000000 ) ) ;
#6611 = DIRECTION ( 'NONE',  ( -0.000000000000000000, -1.000000000000000000, -0.000000000000000000 ) ) ;
#6612 = CARTESIAN_POINT ( 'NONE',  ( -243.4350288425439146, -31.85000000000017550, 50.06497115745530380 ) ) ;
#6613 = ORIENTED_EDGE ( 'NONE', *, *, #1361, .F. ) ;
#6614 = CALENDAR_DATE ( 2026, 30, 6 ) ;
#6615 = DIRECTION ( 'NONE',  ( -0.000000000000000000, 1.000000000000000000, -3.504141421473150331E-15 ) ) ;
#6616 = ADVANCED_FACE ( 'NONE', ( #864 ), #2328, .F. ) ;
#6617 = EDGE_CURVE ( 'NONE', #2348, #6120, #7079, .T. ) ;
#6618 = CARTESIAN_POINT ( 'NONE',  ( 299.1952621458757449, 29.89222690360981005, 0.4780133412367183476 ) ) ;
#6619 = EDGE_CURVE ( 'NONE', #4491, #2348, #4220, .T. ) ;
#6620 = LINE ( 'NONE', #3043, #7039 ) ;
#6621 = DIRECTION ( 'NONE',  ( 0.000000000000000000, 0.000000000000000000, -1.000000000000000000 ) ) ;
#6622 = ORIENTED_EDGE ( 'NONE', *, *, #565, .T. ) ;
#6623 = CARTESIAN_POINT ( 'NONE',  ( 299.2928932188134468, 30.00000000000000355, 0.000000000000000000 ) ) ;
#6624 = ORIENTED_EDGE ( 'NONE', *, *, #4984, .T. ) ;
#6625 = CARTESIAN_POINT ( 'NONE',  ( 299.6145467199750101, -29.12203884117227659, 0.2003331576018226867 ) ) ;
#6626 = ORIENTED_EDGE ( 'NONE', *, *, #337, .F. ) ;
#6627 = ORIENTED_EDGE ( 'NONE', *, *, #1189, .F. ) ;
#6628 = CARTESIAN_POINT ( 'NONE',  ( 197.9999999999999716, -34.00000000000011369, 26.79999999999977689 ) ) ;
#6629 = ORIENTED_EDGE ( 'NONE', *, *, #2203, .F. ) ;
#6630 = CARTESIAN_POINT ( 'NONE',  ( -63.99999999999997158, 30.00000000000038014, 108.3000000000000114 ) ) ;
#6631 = ORIENTED_EDGE ( 'NONE', *, *, #7779, .T. ) ;
#6632 = CARTESIAN_POINT ( 'NONE',  ( -183.4999999999999432, 24.00000000000027001, 77.99999999999980105 ) ) ;
#6633 = ORIENTED_EDGE ( 'NONE', *, *, #2464, .F. ) ;
#6634 = CARTESIAN_POINT ( 'NONE',  ( 300.3087394217965311, -29.04881553646890779, -3.869863383341575869 ) ) ;
#6636 = EDGE_CURVE ( 'NONE', #5582, #6196, #2469, .T. ) ;
#6635 = B_SPLINE_SURFACE_WITH_KNOTS ( 'NONE', 1, 3, ( 
 ( #4711, #4117, #2890, #6589, #1163, #64, #3606, #1203, #5301, #4747 ),
 ( #5447, #4233, #538, #2342, #7772, #4782, #5341, #5887, #7132, #1747 ),
 ( #7248, #5926, #2300, #1783, #6625, #499, #649, #1122, #2410, #4154 ),
 ( #3523, #6550, #7690, #3048, #5969, #5378, #2975, #4821, #7215, #7098 ) ),
 .UNSPECIFIED., .F., .F., .F.,
 ( 2, 1, 1, 2 ),
 ( 4, 2, 2, 2, 4 ),
 ( -0.01000000000000000021, 0.000000000000000000, 1.000000000000000000, 1.010099999999999998 ),
 ( 0.000000000000000000, 0.2500000000000000000, 0.5000000000000000000, 0.7500000000000000000, 1.000000000000000000 ),
 .UNSPECIFIED. ) ;
#6637 = VECTOR ( 'NONE', #3777, 1000.000000000000114 ) ;
#6638 = DIRECTION ( 'NONE',  ( 0.000000000000000000, -3.965082230804150336E-15, -1.000000000000000000 ) ) ;
#6639 = ORIENTED_EDGE ( 'NONE', *, *, #1179, .T. ) ;
#6640 = CARTESIAN_POINT ( 'NONE',  ( 174.0000000000000000, -34.00000000000038369, 109.9999999999999858 ) ) ;
#6641 = DIRECTION ( 'NONE',  ( 0.000000000000000000, 0.000000000000000000, -1.000000000000000000 ) ) ;
#6642 = AXIS2_PLACEMENT_3D ( 'NONE', #3984, #6264, #3280 ) ;
#6643 = CARTESIAN_POINT ( 'NONE',  ( 216.5649711574557443, -31.85000000000027498, 76.93502884254469620 ) ) ;
#6644 = PLANE ( 'NONE',  #3932 ) ;
#6645 = ADVANCED_FACE ( 'NONE', ( #599 ), #2696, .F. ) ;
#6646 = FACE_BOUND ( 'NONE', #1397, .T. ) ;
#6647 = VECTOR ( 'NONE', #6953, 1000.000000000000000 ) ;
#6648 = VERTEX_POINT ( 'NONE', #7304 ) ;
#6649 = DIRECTION ( 'NONE',  ( 0.000000000000000000, 4.081702296416033352E-15, 1.000000000000000000 ) ) ;
#6650 = AXIS2_PLACEMENT_3D ( 'NONE', #39, #2427, #1870 ) ;
#6651 = CARTESIAN_POINT ( 'NONE',  ( 215.4999999999999716, 24.00000000000006395, 17.00000000000007105 ) ) ;
#6652 = DIRECTION ( 'NONE',  ( 0.000000000000000000, -3.558407130208821635E-15, 1.000000000000000000 ) ) ;
#6653 = LINE ( 'NONE', #3669, #5320 ) ;
#6654 = CARTESIAN_POINT ( 'NONE',  ( 284.0000000000000000, -34.00000000000038369, 108.3000000000000114 ) ) ;
#6655 = VERTEX_POINT ( 'NONE', #115 ) ;
#6656 = DIRECTION ( 'NONE',  ( -0.000000000000000000, -1.000000000000000000, -0.000000000000000000 ) ) ;
#6657 = ORIENTED_EDGE ( 'NONE', *, *, #4502, .T. ) ;
#6658 = EDGE_CURVE ( 'NONE', #6501, #51, #4337, .T. ) ;
#6659 = AXIS2_PLACEMENT_3D ( 'NONE', #3866, #6922, #5672 ) ;
#6660 = CARTESIAN_POINT ( 'NONE',  ( 243.4350288425443978, -30.00000000000026290, 74.98502884254416756 ) ) ;
#6661 = AXIS2_PLACEMENT_3D ( 'NONE', #7605, #4663, #5717 ) ;
#6662 = ORIENTED_EDGE ( 'NONE', *, *, #5793, .T. ) ;
#6663 = ORIENTED_EDGE ( 'NONE', *, *, #2332, .F. ) ;
#6664 = ADVANCED_FACE ( 'NONE', ( #4801 ), #3071, .F. ) ;
#6665 = DIRECTION ( 'NONE',  ( 0.000000000000000000, -3.498359009886561105E-15, 1.000000000000000000 ) ) ;
#6666 = ORIENTED_EDGE ( 'NONE', *, *, #6714, .F. ) ;
#6667 = CARTESIAN_POINT ( 'NONE',  ( 262.0000000000000000, -34.00000000000011369, 31.49999999999978684 ) ) ;
#6668 = VERTEX_POINT ( 'NONE', #2991 ) ;
#6669 = LINE ( 'NONE', #3021, #1447 ) ;
#6670 = EDGE_LOOP ( 'NONE', ( #7002, #4901, #6855, #6938 ) ) ;
#6671 = VECTOR ( 'NONE', #4911, 1000.000000000000000 ) ;
#6672 = LINE ( 'NONE', #6099, #1876 ) ;
#6673 = AXIS2_PLACEMENT_3D ( 'NONE', #514, #7709, #2319 ) ;
#6674 = DIRECTION ( 'NONE',  ( 0.000000000000000000, 1.000000000000000000, -3.504141421473150331E-15 ) ) ;
#6675 = ORIENTED_EDGE ( 'NONE', *, *, #540, .T. ) ;
#6676 = LINE ( 'NONE', #42, #2039 ) ;
#6677 = CARTESIAN_POINT ( 'NONE',  ( 262.0000000000000000, -34.00000000000011369, 31.49999999999978684 ) ) ;
#6678 = EDGE_CURVE ( 'NONE', #4820, #3583, #5427, .T. ) ;
#6679 = AXIS2_PLACEMENT_3D ( 'NONE', #1503, #7643, #3951 ) ;
#6680 = DIRECTION ( 'NONE',  ( -0.000000000000000000, -1.000000000000000000, -0.000000000000000000 ) ) ;
#6681 = CARTESIAN_POINT ( 'NONE',  ( 197.9999999999999716, -34.00000000000011369, 31.49999999999978684 ) ) ;
#6682 = CARTESIAN_POINT ( 'NONE',  ( 243.4350288425439146, -31.85000000000017550, 50.06497115745530380 ) ) ;
#6683 = CIRCLE ( 'NONE', #5563, 1.700000000000007061 ) ;
#6684 = AXIS2_PLACEMENT_3D ( 'NONE', #1192, #5432, #2961 ) ;
#6685 = EDGE_LOOP ( 'NONE', ( #7152, #6119, #5914, #5768 ) ) ;
#6686 = DIRECTION ( 'NONE',  ( 0.000000000000000000, 2.952720810173291281E-15, 1.000000000000000000 ) ) ;
#6687 = VECTOR ( 'NONE', #4521, 1000.000000000000000 ) ;
#6688 = DIRECTION ( 'NONE',  ( 8.659560562354932858E-17, -0.7071067811865474617, 0.7071067811865474617 ) ) ;
#6689 = DIRECTION ( 'NONE',  ( 0.000000000000000000, 3.083952846180988111E-15, 1.000000000000000000 ) ) ;
#6690 = CARTESIAN_POINT ( 'NONE',  ( 299.1952621458756880, 33.36893194177128663, -1.518094901854516010 ) ) ;
#6691 = CARTESIAN_POINT ( 'NONE',  ( -299.9739726766682679, 29.24407768234454608, 0.7382521156407211294 ) ) ;
#6692 = CARTESIAN_POINT ( 'NONE',  ( 25.00000000000000000, 30.00000000000020606, 59.00000000000000711 ) ) ;
#6693 = ORIENTED_EDGE ( 'NONE', *, *, #4882, .F. ) ;
#6694 = AXIS2_PLACEMENT_3D ( 'NONE', #5943, #2428, #3653 ) ;
#6695 = CARTESIAN_POINT ( 'NONE',  ( -63.99999999999997158, -32.55000000000038085, 111.6999999999999886 ) ) ;
#6696 = AXIS2_PLACEMENT_3D ( 'NONE', #471, #4088, #551 ) ;
#6697 = ORIENTED_EDGE ( 'NONE', *, *, #473, .T. ) ;
#6698 = EDGE_CURVE ( 'NONE', #7018, #7249, #5714, .T. ) ;
#6699 = VERTEX_POINT ( 'NONE', #1220 ) ;
#6700 = CIRCLE ( 'NONE', #7328, 2.249999999999998668 ) ;
#6701 = EDGE_CURVE ( 'NONE', #1162, #1359, #4092, .T. ) ;
#6702 = CARTESIAN_POINT ( 'NONE',  ( -262.0000000000000000, -34.00000000000033396, 100.1999999999997613 ) ) ;
#6703 = LINE ( 'NONE', #7486, #1528 ) ;
#6704 = ORIENTED_EDGE ( 'NONE', *, *, #953, .F. ) ;
#6705 = FACE_BOUND ( 'NONE', #4463, .T. ) ;
#6706 = VERTEX_POINT ( 'NONE', #5989 ) ;
#6707 = CYLINDRICAL_SURFACE ( 'NONE', #2967, 1.699999999999993072 ) ;
#6708 = ORIENTED_EDGE ( 'NONE', *, *, #2261, .T. ) ;
#6709 = CONICAL_SURFACE ( 'NONE', #6830, 3.149999999999999911, 0.7853981633974507215 ) ;
#6710 = VERTEX_POINT ( 'NONE', #80 ) ;
#6711 = EDGE_LOOP ( 'NONE', ( #4342, #453, #7581, #3726 ) ) ;
#6712 = ADVANCED_FACE ( 'NONE', ( #1875 ), #2833, .F. ) ;
#6713 = CARTESIAN_POINT ( 'NONE',  ( 25.00000000000000000, 30.00000000000020606, 59.00000000000000711 ) ) ;
#6714 = EDGE_CURVE ( 'NONE', #3844, #2309, #2066, .T. ) ;
#6715 = CARTESIAN_POINT ( 'NONE',  ( -139.9999999999999716, 30.00000000000013856, 38.50000000000000711 ) ) ;
#6716 = ORIENTED_EDGE ( 'NONE', *, *, #7307, .F. ) ;
#6717 = CARTESIAN_POINT ( 'NONE',  ( -0.000000000000000000, 30.00000000000011369, 31.50000000000004263 ) ) ;
#6718 = PLANE ( 'NONE',  #1569 ) ;
#6719 = VECTOR ( 'NONE', #2502, 1000.000000000000000 ) ;
#6720 = LINE ( 'NONE', #1335, #7679 ) ;
#6721 = CARTESIAN_POINT ( 'NONE',  ( -25.00000000000000000, 34.00000000000032685, 93.69999999999997442 ) ) ;
#6722 = ADVANCED_FACE ( 'NONE', ( #2955 ), #6968, .F. ) ;
#6723 = VECTOR ( 'NONE', #934, 1000.000000000000000 ) ;
#6724 = FACE_BOUND ( 'NONE', #2023, .T. ) ;
#6725 = ADVANCED_FACE ( 'NONE', ( #7154 ), #5, .F. ) ;
#6726 = ORIENTED_EDGE ( 'NONE', *, *, #5422, .F. ) ;
#6727 = DIRECTION ( 'NONE',  ( 0.000000000000000000, 0.000000000000000000, -1.000000000000000000 ) ) ;
#6728 = VECTOR ( 'NONE', #3163, 1000.000000000000114 ) ;
#6729 = APPLICATION_CONTEXT ( 'configuration controlled 3d designs of mechanical parts and assemblies' ) ;
#6730 = DIRECTION ( 'NONE',  ( -0.000000000000000000, -1.000000000000000000, -0.000000000000000000 ) ) ;
#6731 = CARTESIAN_POINT ( 'NONE',  ( 299.2928932188134468, -34.03999999999999915, 0.9999999999999169553 ) ) ;
#6732 = EDGE_CURVE ( 'NONE', #4977, #4929, #3107, .T. ) ;
#6733 = CARTESIAN_POINT ( 'NONE',  ( -299.2928932188133331, 29.00000000000000355, 1.000000000000005995 ) ) ;
#6734 = CARTESIAN_POINT ( 'NONE',  ( -303.9088222904082386, 29.24407768234454608, -0.3192093371707960814 ) ) ;
#6735 = DIRECTION ( 'NONE',  ( -0.000000000000000000, -1.000000000000000000, -0.000000000000000000 ) ) ;
#6736 = ORIENTED_EDGE ( 'NONE', *, *, #763, .F. ) ;
#6737 = DIRECTION ( 'NONE',  ( 0.000000000000000000, 4.081702296415999431E-15, 1.000000000000000000 ) ) ;
#6738 = VERTEX_POINT ( 'NONE', #5392 ) ;
#6739 = VERTEX_POINT ( 'NONE', #4908 ) ;
#6740 = DIRECTION ( 'NONE',  ( 0.000000000000000000, 0.000000000000000000, -1.000000000000000000 ) ) ;
#6741 = CARTESIAN_POINT ( 'NONE',  ( -243.4350288425439146, -34.00000000000017764, 50.06497115745530380 ) ) ;
#6742 = VERTEX_POINT ( 'NONE', #5946 ) ;
#6743 = CARTESIAN_POINT ( 'NONE',  ( -276.4999999999999432, 24.00000000000027001, 77.99999999999980105 ) ) ;
#6744 = ORIENTED_EDGE ( 'NONE', *, *, #1559, .F. ) ;
#6745 = EDGE_CURVE ( 'NONE', #5417, #2348, #5361, .T. ) ;
#6746 = CARTESIAN_POINT ( 'NONE',  ( -299.2440776823444253, 29.97397267666832121, 0.7382521156407213514 ) ) ;
#6747 = EDGE_LOOP ( 'NONE', ( #6903, #252, #3635, #1931 ) ) ;
#6748 = VERTEX_POINT ( 'NONE', #1805 ) ;
#6749 = CARTESIAN_POINT ( 'NONE',  ( -299.8922269036098669, 29.19526214587563473, 0.4780133412367196799 ) ) ;
#6750 = CARTESIAN_POINT ( 'NONE',  ( 25.00000000000000000, 34.00000000000012079, 33.69999999999998863 ) ) ;
#6751 = ORIENTED_EDGE ( 'NONE', *, *, #7038, .T. ) ;
#6752 = FACE_OUTER_BOUND ( 'NONE', #5021, .T. ) ;
#6753 = FACE_OUTER_BOUND ( 'NONE', #877, .T. ) ;
#6754 = EDGE_CURVE ( 'NONE', #6409, #2945, #5092, .T. ) ;
#6755 = EDGE_CURVE ( 'NONE', #4389, #5705, #3030, .T. ) ;
#6756 = AXIS2_PLACEMENT_3D ( 'NONE', #5370, #7638, #5879 ) ;
#6757 = CARTESIAN_POINT ( 'NONE',  ( 299.0000000000000568, 29.29289321881346098, 1.000000000000004663 ) ) ;
#6758 = DIRECTION ( 'NONE',  ( -0.000000000000000000, 1.000000000000000000, -3.498359009886561105E-15 ) ) ;
#6759 = DIRECTION ( 'NONE',  ( -0.000000000000000000, -1.000000000000000000, -0.000000000000000000 ) ) ;
#6760 = EDGE_CURVE ( 'NONE', #3930, #4491, #3732, .T. ) ;
#6761 = ORIENTED_EDGE ( 'NONE', *, *, #2731, .T. ) ;
#6762 = VECTOR ( 'NONE', #5949, 1000.000000000000000 ) ;
#6763 = LINE ( 'NONE', #5437, #5131 ) ;
#6764 = DIRECTION ( 'NONE',  ( 0.000000000000000000, 3.469446951953608667E-15, 1.000000000000000000 ) ) ;
#6765 = DIRECTION ( 'NONE',  ( -0.000000000000000000, 1.000000000000000000, -3.504141421473150331E-15 ) ) ;
#6766 = AXIS2_PLACEMENT_3D ( 'NONE', #5823, #4683, #4725 ) ;
#6767 = FACE_OUTER_BOUND ( 'NONE', #2788, .T. ) ;
#6768 = DIRECTION ( 'NONE',  ( 0.000000000000000000, 0.000000000000000000, -1.000000000000000000 ) ) ;
#6769 = CARTESIAN_POINT ( 'NONE',  ( -216.5649711574557443, -31.85000000000027498, 78.88502884254471326 ) ) ;
#6770 = EDGE_LOOP ( 'NONE', ( #7656, #1434, #1976, #3759 ) ) ;
#6771 = DIRECTION ( 'NONE',  ( 0.000000000000000000, -1.000000000000000000, 3.498359009886561105E-15 ) ) ;
#6772 = ORIENTED_EDGE ( 'NONE', *, *, #5657, .F. ) ;
#6773 = AXIS2_PLACEMENT_3D ( 'NONE', #2730, #2773, #1094 ) ;
#6774 = VERTEX_POINT ( 'NONE', #6135 ) ;
#6775 = CARTESIAN_POINT ( 'NONE',  ( 262.0000000000000000, -30.00000000000033040, 95.49999999999977263 ) ) ;
#6776 = FACE_OUTER_BOUND ( 'NONE', #2474, .T. ) ;
#6777 = EDGE_LOOP ( 'NONE', ( #5057, #4116, #2164, #5854 ) ) ;
#6778 = FACE_BOUND ( 'NONE', #6128, .T. ) ;
#6779 = ORIENTED_EDGE ( 'NONE', *, *, #1341, .T. ) ;
#6780 = CARTESIAN_POINT ( 'NONE',  ( 25.00000000000000000, 34.00000000000019895, 54.29999999999999005 ) ) ;
#6781 = ORIENTED_EDGE ( 'NONE', *, *, #7125, .T. ) ;
#6782 = ORIENTED_EDGE ( 'NONE', *, *, #5820, .T. ) ;
#6783 = PRODUCT_DEFINITION_FORMATION_WITH_SPECIFIED_SOURCE ( '�', '', #7774, .NOT_KNOWN. ) ;
#6784 = AXIS2_PLACEMENT_3D ( 'NONE', #3083, #2514, #6689 ) ;
#6785 = EDGE_LOOP ( 'NONE', ( #3204, #6461 ) ) ;
#6786 = CARTESIAN_POINT ( 'NONE',  ( -244.4999999999999716, 34.00000000000027001, 78.00000000000000000 ) ) ;
#6787 = CARTESIAN_POINT ( 'NONE',  ( 216.5649711574550906, -30.00000000000016698, 48.11497115745585518 ) ) ;
#6788 = ORIENTED_EDGE ( 'NONE', *, *, #2728, .F. ) ;
#6789 = CARTESIAN_POINT ( 'NONE',  ( 0.000000000000000000, 34.00000000000021316, 58.99999999999999289 ) ) ;
#6790 = DIRECTION ( 'NONE',  ( -0.000000000000000000, -1.000000000000000000, -0.000000000000000000 ) ) ;
#6791 = AXIS2_PLACEMENT_3D ( 'NONE', #3508, #3589, #1695 ) ;
#6792 = ADVANCED_FACE ( 'NONE', ( #4397 ), #774, .F. ) ;
#6793 = VECTOR ( 'NONE', #476, 1000.000000000000000 ) ;
#6794 = EDGE_CURVE ( 'NONE', #918, #5705, #2446, .T. ) ;
#6795 = DIRECTION ( 'NONE',  ( 0.000000000000000000, -0.7071067811865457964, -0.7071067811865492381 ) ) ;
#6796 = DIRECTION ( 'NONE',  ( 0.000000000000000000, 0.000000000000000000, -1.000000000000000000 ) ) ;
#6797 = EDGE_LOOP ( 'NONE', ( #2663, #1753 ) ) ;
#6798 = CYLINDRICAL_SURFACE ( 'NONE', #5822, 1.700000000000007061 ) ;
#6799 = VERTEX_POINT ( 'NONE', #1367 ) ;
#6800 = CIRCLE ( 'NONE', #3417, 2.250000000000001776 ) ;
#6801 = DIRECTION ( 'NONE',  ( 0.000000000000000000, -0.7071067811865470176, -0.7071067811865481278 ) ) ;
#6802 = DIRECTION ( 'NONE',  ( 0.000000000000000000, -0.7071067811865474617, -0.7071067811865474617 ) ) ;
#6803 = VECTOR ( 'NONE', #2515, 1000.000000000000000 ) ;
#6804 = EDGE_CURVE ( 'NONE', #3365, #757, #3885, .T. ) ;
#6805 = CIRCLE ( 'NONE', #2404, 32.00000000000001421 ) ;
#6806 = CYLINDRICAL_SURFACE ( 'NONE', #5298, 31.99999999999999289 ) ;
#6807 = CARTESIAN_POINT ( 'NONE',  ( -25.00000000000000000, -34.00000000000031264, 88.99999999999972999 ) ) ;
#6808 = CARTESIAN_POINT ( 'NONE',  ( -300.3087394217963038, 29.04881553646891135, -3.869863383341582086 ) ) ;
#6809 = DIRECTION ( 'NONE',  ( -1.000000000000000000, 0.000000000000000000, -3.686287386450711920E-15 ) ) ;
#6810 = EDGE_LOOP ( 'NONE', ( #32, #2884, #7446, #72 ) ) ;
#6811 = FACE_OUTER_BOUND ( 'NONE', #1054, .T. ) ;
#6812 = ORIENTED_EDGE ( 'NONE', *, *, #902, .F. ) ;
#6813 = CIRCLE ( 'NONE', #3052, 4.700000000000009948 ) ;
#6814 = VERTEX_POINT ( 'NONE', #2106 ) ;
#6815 = DIRECTION ( 'NONE',  ( 0.000000000000000000, 0.000000000000000000, -1.000000000000000000 ) ) ;
#6816 = CIRCLE ( 'NONE', #3062, 2.250000000000001776 ) ;
#6817 = CARTESIAN_POINT ( 'NONE',  ( -284.0000000000000000, 34.00000000000038369, 109.9999999999999858 ) ) ;
#6818 = ORIENTED_EDGE ( 'NONE', *, *, #7125, .F. ) ;
#6819 = FACE_BOUND ( 'NONE', #1364, .T. ) ;
#6820 = EDGE_CURVE ( 'NONE', #3494, #5831, #5585, .T. ) ;
#6821 = ORIENTED_EDGE ( 'NONE', *, *, #2711, .F. ) ;
#6822 = CARTESIAN_POINT ( 'NONE',  ( -298.9999999999999432, 29.00000000000000355, 5.204170427930421283E-15 ) ) ;
#6823 = VERTEX_POINT ( 'NONE', #5542 ) ;
#6824 = VECTOR ( 'NONE', #2310, 1000.000000000000000 ) ;
#6825 = ORIENTED_EDGE ( 'NONE', *, *, #1717, .T. ) ;
#6826 = CARTESIAN_POINT ( 'NONE',  ( -25.00000000000000000, 31.55000000000031335, 89.00000000000000000 ) ) ;
#6827 = FACE_OUTER_BOUND ( 'NONE', #3802, .T. ) ;
#6828 = ORIENTED_EDGE ( 'NONE', *, *, #4809, .F. ) ;
#6829 = CARTESIAN_POINT ( 'NONE',  ( 25.00000000000000000, 34.00000000000029843, 84.29999999999998295 ) ) ;
#6830 = AXIS2_PLACEMENT_3D ( 'NONE', #3286, #6894, #5134 ) ;
#6831 = CARTESIAN_POINT ( 'NONE',  ( -197.9999999999999716, -34.00000000000011369, 31.49999999999978684 ) ) ;
#6832 = APPLICATION_CONTEXT ( 'configuration controlled 3d designs of mechanical parts and assemblies' ) ;
#6833 = VECTOR ( 'NONE', #4376, 999.9999999999998863 ) ;
#6834 = CARTESIAN_POINT ( 'NONE',  ( -304.0000000000003979, 29.29289321881345742, 119.9999999999999858 ) ) ;
#6835 = DIRECTION ( 'NONE',  ( -0.000000000000000000, 1.000000000000000000, -3.504141421473150331E-15 ) ) ;
#6836 = ORIENTED_EDGE ( 'NONE', *, *, #2311, .F. ) ;
#6837 = LINE ( 'NONE', #898, #6687 ) ;
#6838 = ORIENTED_EDGE ( 'NONE', *, *, #7196, .T. ) ;
#6839 = VECTOR ( 'NONE', #972, 1000.000000000000114 ) ;
#6840 = CARTESIAN_POINT ( 'NONE',  ( 63.99999999999997158, -34.00000000000038369, 109.9999999999999858 ) ) ;
#6841 = ADVANCED_FACE ( 'NONE', ( #153 ), #3962, .F. ) ;
#6842 = AXIS2_PLACEMENT_3D ( 'NONE', #3060, #5937, #4241 ) ;
#6843 = CARTESIAN_POINT ( 'NONE',  ( 216.5649711574557443, -34.00000000000027001, 78.88502884254471326 ) ) ;
#6844 = CARTESIAN_POINT ( 'NONE',  ( -303.4038833973053784, -29.19526214587563828, -1.538239661069380704 ) ) ;
#6845 = CARTESIAN_POINT ( 'NONE',  ( -299.9595999999999094, 29.29289321881345742, 1.000000000000001110 ) ) ;
#6846 = DIRECTION ( 'NONE',  ( 0.000000000000000000, 0.000000000000000000, -1.000000000000000000 ) ) ;
#6847 = ORIENTED_EDGE ( 'NONE', *, *, #2657, .T. ) ;
#6848 = CARTESIAN_POINT ( 'NONE',  ( -299.2928932188133331, 29.00000000000000355, 1.000000000000005995 ) ) ;
#6849 = DIRECTION ( 'NONE',  ( 0.000000000000000000, -1.000000000000000000, -3.469446951953598806E-15 ) ) ;
#6850 = CC_DESIGN_PERSON_AND_ORGANIZATION_ASSIGNMENT ( #7044, #7726, ( #6783 ) ) ;
#6851 = AXIS2_PLACEMENT_3D ( 'NONE', #7736, #1856, #1822 ) ;
#6852 = EDGE_CURVE ( 'NONE', #2277, #1408, #737, .T. ) ;
#6853 = EDGE_CURVE ( 'NONE', #5576, #6470, #4724, .T. ) ;
#6854 = CARTESIAN_POINT ( 'NONE',  ( -299.9999999999999432, -34.00000000000041922, 119.9999999999999858 ) ) ;
#6855 = ORIENTED_EDGE ( 'NONE', *, *, #3302, .T. ) ;
#6856 = CARTESIAN_POINT ( 'NONE',  ( -284.0000000000000000, 34.00000000000039790, 113.1499999999999773 ) ) ;
#6857 = DIRECTION ( 'NONE',  ( -0.000000000000000000, 1.000000000000000000, 3.498359009886561105E-15 ) ) ;
#6858 = VERTEX_POINT ( 'NONE', #5695 ) ;
#6859 = CARTESIAN_POINT ( 'NONE',  ( -197.9999999999999716, -30.00000000000032330, 93.24999999999977263 ) ) ;
#6860 = EDGE_LOOP ( 'NONE', ( #1588, #579, #6042, #1689 ) ) ;
#6861 = CARTESIAN_POINT ( 'NONE',  ( -299.2928932188133331, 30.00000000000000711, 1.000000000000000888 ) ) ;
#6862 = ORIENTED_EDGE ( 'NONE', *, *, #6542, .T. ) ;
#6863 = ORIENTED_EDGE ( 'NONE', *, *, #4993, .F. ) ;
#6864 = EDGE_LOOP ( 'NONE', ( #5663, #4972, #458, #5035 ) ) ;
#6865 = DIRECTION ( 'NONE',  ( 0.000000000000000000, 3.083952846180988111E-15, 1.000000000000000000 ) ) ;
#6866 = DIRECTION ( 'NONE',  ( 0.000000000000000000, -1.000000000000000000, 3.498359009886561105E-15 ) ) ;
#6867 = ORIENTED_EDGE ( 'NONE', *, *, #6112, .F. ) ;
#6868 = DIRECTION ( 'NONE',  ( 0.000000000000000000, 0.000000000000000000, 1.000000000000000000 ) ) ;
#6869 = ORIENTED_EDGE ( 'NONE', *, *, #5815, .T. ) ;
#6870 = CARTESIAN_POINT ( 'NONE',  ( 63.99999999999997158, -30.00000000000038369, 109.9999999999999858 ) ) ;
#6871 = DIRECTION ( 'NONE',  ( -0.000000000000000000, 1.000000000000000000, 3.498359009886561105E-15 ) ) ;
#6872 = EDGE_CURVE ( 'NONE', #5417, #3930, #6600, .T. ) ;
#6873 = CYLINDRICAL_SURFACE ( 'NONE', #1024, 1.699999999999979305 ) ;
#6874 = CARTESIAN_POINT ( 'NONE',  ( 303.3689319417713364, 29.19526214587563473, -1.518094901854524448 ) ) ;
#6875 = ORIENTED_EDGE ( 'NONE', *, *, #4834, .T. ) ;
#6876 = DIRECTION ( 'NONE',  ( 0.000000000000000000, -0.000000000000000000, -1.000000000000000000 ) ) ;
#6877 = ORIENTED_EDGE ( 'NONE', *, *, #5802, .T. ) ;
#6878 = CARTESIAN_POINT ( 'NONE',  ( 276.5000000000000568, 34.00000000000017764, 49.00000000000027001 ) ) ;
#6879 = ADVANCED_FACE ( 'NONE', ( #6753 ), #7344, .F. ) ;
#6880 = CARTESIAN_POINT ( 'NONE',  ( -159.9999999999999716, 30.00000000000016342, 45.49999999999996447 ) ) ;
#6881 = CARTESIAN_POINT ( 'NONE',  ( -300.3192093371706619, -29.04881553646891135, -3.908822290408314082 ) ) ;
#6882 = LINE ( 'NONE', #3315, #6440 ) ;
#6883 = CIRCLE ( 'NONE', #5274, 4.700000000000009948 ) ;
#6884 = ORIENTED_EDGE ( 'NONE', *, *, #3015, .F. ) ;
#6885 = DIRECTION ( 'NONE',  ( -0.000000000000000000, 1.000000000000000000, 3.498359009886561105E-15 ) ) ;
#6886 = VECTOR ( 'NONE', #7483, 1000.000000000000000 ) ;
#6887 = FACE_OUTER_BOUND ( 'NONE', #6974, .T. ) ;
#6888 = ORIENTED_EDGE ( 'NONE', *, *, #7185, .F. ) ;
#6889 = EDGE_CURVE ( 'NONE', #1162, #6215, #193, .T. ) ;
#6890 = CARTESIAN_POINT ( 'NONE',  ( 243.4350288425443978, -30.00000000000027001, 76.93502884254417040 ) ) ;
#6892 = EDGE_CURVE ( 'NONE', #914, #5049, #3223, .T. ) ;
#6891 = CARTESIAN_POINT ( 'NONE',  ( 299.0000000000000568, 29.29289321881346098, 1.000000000000004663 ) ) ;
#6893 = ORIENTED_EDGE ( 'NONE', *, *, #194, .F. ) ;
#6894 = DIRECTION ( 'NONE',  ( -0.000000000000000000, 1.000000000000000000, -3.498359009886561105E-15 ) ) ;
#6895 = ORIENTED_EDGE ( 'NONE', *, *, #4838, .T. ) ;
#6896 = DIRECTION ( 'NONE',  ( 1.000000000000000000, 0.000000000000000000, 3.700743415417188731E-15 ) ) ;
#6897 = VECTOR ( 'NONE', #4093, 1000.000000000000000 ) ;
#6898 = EDGE_LOOP ( 'NONE', ( #3056, #7521 ) ) ;
#6899 = EDGE_CURVE ( 'NONE', #3011, #4237, #5853, .T. ) ;
#6900 = ORIENTED_EDGE ( 'NONE', *, *, #5226, .F. ) ;
#6901 = DIRECTION ( 'NONE',  ( 0.000000000000000000, -1.000000000000000000, 3.498359009886561105E-15 ) ) ;
#6902 = DIRECTION ( 'NONE',  ( -0.000000000000000000, 1.000000000000000000, -3.504141421473150331E-15 ) ) ;
#6903 = ORIENTED_EDGE ( 'NONE', *, *, #3658, .F. ) ;
#6904 = DIRECTION ( 'NONE',  ( 0.000000000000000000, -3.083952846180992055E-15, -1.000000000000000000 ) ) ;
#6905 = ORIENTED_EDGE ( 'NONE', *, *, #5460, .F. ) ;
#6906 = CARTESIAN_POINT ( 'NONE',  ( 299.0000000000000568, 29.00000000000000355, -3.999999999999994671 ) ) ;
#6907 = DIRECTION ( 'NONE',  ( 0.000000000000000000, 0.000000000000000000, -1.000000000000000000 ) ) ;
#6908 = VECTOR ( 'NONE', #5050, 999.9999999999998863 ) ;
#6909 = DIRECTION ( 'NONE',  ( 0.000000000000000000, -1.000000000000000000, 3.498359009886561105E-15 ) ) ;
#6910 = VECTOR ( 'NONE', #2405, 1000.000000000000000 ) ;
#6911 = DIRECTION ( 'NONE',  ( -0.000000000000000000, -1.000000000000000000, -0.000000000000000000 ) ) ;
#6912 = VERTEX_POINT ( 'NONE', #3852 ) ;
#6913 = CARTESIAN_POINT ( 'NONE',  ( -262.0000000000000000, -31.55000000000010729, 31.49999999999978684 ) ) ;
#6914 = ADVANCED_FACE ( 'NONE', ( #4363 ), #6718, .T. ) ;
#6915 = ORIENTED_EDGE ( 'NONE', *, *, #148, .T. ) ;
#6916 = DIRECTION ( 'NONE',  ( 0.000000000000000000, 4.081702296416033352E-15, 1.000000000000000000 ) ) ;
#6917 = VECTOR ( 'NONE', #1650, 1000.000000000000000 ) ;
#6918 = CARTESIAN_POINT ( 'NONE',  ( 299.1708543776412625, -29.79966684239817454, 0.3854532800250708990 ) ) ;
#6919 = DIRECTION ( 'NONE',  ( 0.000000000000000000, 0.000000000000000000, -1.000000000000000000 ) ) ;
#6920 = CARTESIAN_POINT ( 'NONE',  ( 299.6598532479883943, 29.02441216419454051, -4.039999999999996483 ) ) ;
#6921 = ORIENTED_EDGE ( 'NONE', *, *, #3516, .T. ) ;
#6922 = DIRECTION ( 'NONE',  ( 0.000000000000000000, -1.000000000000000000, 3.498359009886561105E-15 ) ) ;
#6923 = DIRECTION ( 'NONE',  ( 8.659560562354940254E-17, -0.7071067811865470176, 0.7071067811865481278 ) ) ;
#6924 = AXIS2_PLACEMENT_3D ( 'NONE', #509, #5862, #5979 ) ;
#6925 = CARTESIAN_POINT ( 'NONE',  ( -215.4999999999999716, 24.00000000000017408, 49.00000000000002842 ) ) ;
#6926 = ORIENTED_EDGE ( 'NONE', *, *, #3702, .F. ) ;
#6927 = DIRECTION ( 'NONE',  ( -0.000000000000000000, -1.000000000000000000, -0.000000000000000000 ) ) ;
#6928 = DIRECTION ( 'NONE',  ( 0.000000000000000000, -3.469446951953612611E-15, -1.000000000000000000 ) ) ;
#6929 = EDGE_LOOP ( 'NONE', ( #4520, #4425, #3268, #6451 ) ) ;
#6930 = DIRECTION ( 'NONE',  ( 0.000000000000000000, 3.083952846180992055E-15, 1.000000000000000000 ) ) ;
#6931 = ORIENTED_EDGE ( 'NONE', *, *, #4904, .T. ) ;
#6932 = AXIS2_PLACEMENT_3D ( 'NONE', #967, #6902, #5063 ) ;
#6933 = CARTESIAN_POINT ( 'NONE',  ( -25.00000000000000000, -30.00000000000009948, 28.99999999999975486 ) ) ;
#6934 = VECTOR ( 'NONE', #1076, 1000.000000000000000 ) ;
#6935 = EDGE_LOOP ( 'NONE', ( #6626, #3801 ) ) ;
#6936 = ADVANCED_FACE ( 'NONE', ( #6246 ), #7418, .F. ) ;
#6937 = APPROVAL ( #4773, '未' ) ;
#6938 = ORIENTED_EDGE ( 'NONE', *, *, #1341, .F. ) ;
#6939 = CIRCLE ( 'NONE', #5951, 2.250000000000001776 ) ;
#6940 = CONICAL_SURFACE ( 'NONE', #1178, 4.700000000000002842, 0.7853981633974482790 ) ;
#6941 = CARTESIAN_POINT ( 'NONE',  ( -159.9999999999999716, 24.00000000000015987, 45.49999999999998579 ) ) ;
#6942 = DIRECTION ( 'NONE',  ( 0.000000000000000000, -3.083952846180997183E-15, -1.000000000000000000 ) ) ;
#6943 = ORIENTED_EDGE ( 'NONE', *, *, #7255, .F. ) ;
#6944 = CARTESIAN_POINT ( 'NONE',  ( 216.5649711574550906, -34.00000000000017764, 50.06497115745585802 ) ) ;
#6945 = VERTEX_POINT ( 'NONE', #5653 ) ;
#6946 = DIRECTION ( 'NONE',  ( -0.000000000000000000, 1.000000000000000000, 3.498359009886561105E-15 ) ) ;
#6947 = CARTESIAN_POINT ( 'NONE',  ( 5.755839955992558669E-16, 34.00000000000019895, 54.29999999999999005 ) ) ;
#6948 = CIRCLE ( 'NONE', #6694, 32.00000000000005684 ) ;
#6949 = VECTOR ( 'NONE', #3258, 1000.000000000000000 ) ;
#6950 = EDGE_CURVE ( 'NONE', #2687, #2247, #7602, .T. ) ;
#6951 = EDGE_CURVE ( 'NONE', #6361, #7646, #7583, .T. ) ;
#6952 = EDGE_CURVE ( 'NONE', #4066, #1981, #3953, .T. ) ;
#6953 = DIRECTION ( 'NONE',  ( -0.000000000000000000, -1.000000000000000000, -0.000000000000000000 ) ) ;
#6954 = AXIS2_PLACEMENT_3D ( 'NONE', #3256, #5499, #3882 ) ;
#6955 = DIRECTION ( 'NONE',  ( 0.000000000000000000, 0.000000000000000000, -1.000000000000000000 ) ) ;
#6956 = CARTESIAN_POINT ( 'NONE',  ( 118.9999999999999716, 34.00000000000036948, 106.8499999999999801 ) ) ;
#6957 = EDGE_LOOP ( 'NONE', ( #6663, #185, #428, #2819 ) ) ;
#6958 = CARTESIAN_POINT ( 'NONE',  ( 174.0000000000000000, 30.00000000000038725, 110.0000000000000000 ) ) ;
#6959 = EDGE_LOOP ( 'NONE', ( #3182, #5340, #6877, #3487 ) ) ;
#6960 = CYLINDRICAL_SURFACE ( 'NONE', #3133, 2.249999999999995115 ) ;
#6961 = VECTOR ( 'NONE', #1666, 1000.000000000000114 ) ;
#6962 = CARTESIAN_POINT ( 'NONE',  ( 299.0976310729378724, -31.51809490185446805, -3.368931941771312832 ) ) ;
#6963 = DIRECTION ( 'NONE',  ( 8.659560562354955045E-17, 0.7071067811865434649, -0.7071067811865516806 ) ) ;
#6964 = CARTESIAN_POINT ( 'NONE',  ( 140.0000000000000000, 24.00000000000015987, 45.49999999999995026 ) ) ;
#6965 = ORIENTED_EDGE ( 'NONE', *, *, #4013, .F. ) ;
#6966 = CARTESIAN_POINT ( 'NONE',  ( 262.0000000000000000, -30.00000000000011013, 31.49999999999978684 ) ) ;
#6967 = CARTESIAN_POINT ( 'NONE',  ( -25.00000000000000000, -30.00000000000009948, 28.99999999999975486 ) ) ;
#6968 = CONICAL_SURFACE ( 'NONE', #5354, 4.700000000000009948, 0.7853981633974482790 ) ;
#6969 = EDGE_CURVE ( 'NONE', #2493, #921, #195, .T. ) ;
#6970 = DIRECTION ( 'NONE',  ( -0.000000000000000000, 1.000000000000000000, -3.498359009886561105E-15 ) ) ;
#6971 = ORIENTED_EDGE ( 'NONE', *, *, #1570, .T. ) ;
#6972 = DIRECTION ( 'NONE',  ( 0.000000000000000000, 0.000000000000000000, -1.000000000000000000 ) ) ;
#6973 = DIRECTION ( 'NONE',  ( 0.000000000000000000, 3.083952846180997183E-15, 1.000000000000000000 ) ) ;
#6974 = EDGE_LOOP ( 'NONE', ( #5493, #348, #2146, #5399 ) ) ;
#6975 = DIRECTION ( 'NONE',  ( 0.000000000000000000, 0.000000000000000000, -1.000000000000000000 ) ) ;
#6976 = VERTEX_POINT ( 'NONE', #3496 ) ;
#6977 = VECTOR ( 'NONE', #1469, 1000.000000000000000 ) ;
#6978 = CARTESIAN_POINT ( 'NONE',  ( 243.4350288425439146, -31.85000000000017550, 52.01497115745531374 ) ) ;
#6979 = ORIENTED_EDGE ( 'NONE', *, *, #718, .F. ) ;
#6980 = VERTEX_POINT ( 'NONE', #3459 ) ;
#6981 = VECTOR ( 'NONE', #3203, 1000.000000000000114 ) ;
#6982 = CARTESIAN_POINT ( 'NONE',  ( 0.000000000000000000, 34.00000000000031264, 88.99999999999998579 ) ) ;
#6983 = CARTESIAN_POINT ( 'NONE',  ( -25.00000000000000000, 30.00000000000020606, 59.00000000000000711 ) ) ;
#6984 = EDGE_CURVE ( 'NONE', #4790, #5852, #203, .T. ) ;
#6985 = ORIENTED_EDGE ( 'NONE', *, *, #2470, .F. ) ;
#6986 = CARTESIAN_POINT ( 'NONE',  ( -25.00000000000000000, -34.00000000000010658, 33.69999999999976126 ) ) ;
#6987 = ORIENTED_EDGE ( 'NONE', *, *, #5016, .F. ) ;
#6988 = CARTESIAN_POINT ( 'NONE',  ( 299.1708543776413194, 29.79966684239818164, 0.3854532800250867197 ) ) ;
#6989 = CARTESIAN_POINT ( 'NONE',  ( 299.2617993877992149, 29.04881553646891490, 3.665958595716611867E-15 ) ) ;
#6990 = CARTESIAN_POINT ( 'NONE',  ( 174.0000000000000000, -30.00000000000037659, 108.2999999999999829 ) ) ;
#6991 = DIRECTION ( 'NONE',  ( -0.000000000000000000, -1.000000000000000000, -0.000000000000000000 ) ) ;
#6992 = DIRECTION ( 'NONE',  ( 0.000000000000000000, 1.000000000000000000, -3.504141421473150331E-15 ) ) ;
#6993 = ORIENTED_EDGE ( 'NONE', *, *, #368, .T. ) ;
#6994 = CARTESIAN_POINT ( 'NONE',  ( 262.0000000000000000, -34.00000000000011369, 31.49999999999978684 ) ) ;
#6995 = ADVANCED_FACE ( 'NONE', ( #2862 ), #7610, .F. ) ;
#6996 = CARTESIAN_POINT ( 'NONE',  ( 300.0000000000000568, 30.00000000000000711, 0.9999999999999974465 ) ) ;
#6997 = ORIENTED_EDGE ( 'NONE', *, *, #5324, .F. ) ;
#6998 = FACE_BOUND ( 'NONE', #1580, .T. ) ;
#6999 = CARTESIAN_POINT ( 'NONE',  ( 299.1952621458756312, -29.83848541826474232, 0.5167272264360698308 ) ) ;
#7000 = DIRECTION ( 'NONE',  ( -0.000000000000000000, -1.000000000000000000, -0.000000000000000000 ) ) ;
#7001 = CARTESIAN_POINT ( 'NONE',  ( 299.0000000000000568, 29.00000000000000711, 3.686287386450715076E-15 ) ) ;
#7002 = ORIENTED_EDGE ( 'NONE', *, *, #1070, .F. ) ;
#7003 = LINE ( 'NONE', #7600, #4277 ) ;
#7004 = CARTESIAN_POINT ( 'NONE',  ( 118.9999999999999716, -32.55000000000038085, 108.2999999999999972 ) ) ;
#7005 = DIRECTION ( 'NONE',  ( -0.000000000000000000, -1.000000000000000000, -0.000000000000000000 ) ) ;
#7006 = ORIENTED_EDGE ( 'NONE', *, *, #5788, .F. ) ;
#7007 = CYLINDRICAL_SURFACE ( 'NONE', #520, 1.950000000000007283 ) ;
#7008 = AXIS2_PLACEMENT_3D ( 'NONE', #4608, #5205, #1606 ) ;
#7009 = AXIS2_PLACEMENT_3D ( 'NONE', #5091, #3903, #867 ) ;
#7010 = LINE ( 'NONE', #7052, #660 ) ;
#7011 = ORIENTED_EDGE ( 'NONE', *, *, #4771, .T. ) ;
#7012 = DIRECTION ( 'NONE',  ( -0.000000000000000000, 1.000000000000000000, 3.498359009886561105E-15 ) ) ;
#7013 = ORIENTED_EDGE ( 'NONE', *, *, #5961, .F. ) ;
#7014 = DIRECTION ( 'NONE',  ( -0.000000000000000000, -1.000000000000000000, -0.000000000000000000 ) ) ;
#7015 = ORIENTED_EDGE ( 'NONE', *, *, #1488, .T. ) ;
#7016 = ADVANCED_FACE ( 'NONE', ( #3968 ), #6365, .F. ) ;
#7017 = CONICAL_SURFACE ( 'NONE', #858, 3.149999999999999911, 0.7853981633974507215 ) ;
#7018 = VERTEX_POINT ( 'NONE', #350 ) ;
#7019 = CARTESIAN_POINT ( 'NONE',  ( 118.9999999999999716, -34.00000000000038369, 109.9999999999999858 ) ) ;
#7020 = CARTESIAN_POINT ( 'NONE',  ( -299.0488155364689078, -29.26174788435928065, 0.02602732333167584455 ) ) ;
#7021 = ORIENTED_EDGE ( 'NONE', *, *, #7473, .F. ) ;
#7022 = VECTOR ( 'NONE', #6688, 1000.000000000000114 ) ;
#7023 = FACE_OUTER_BOUND ( 'NONE', #6685, .T. ) ;
#7024 = ORIENTED_EDGE ( 'NONE', *, *, #5906, .T. ) ;
#7025 = DIRECTION ( 'NONE',  ( 0.000000000000000000, 0.000000000000000000, 1.000000000000000000 ) ) ;
#7026 = DIRECTION ( 'NONE',  ( -0.000000000000000000, 1.000000000000000000, 3.498359009886561105E-15 ) ) ;
#7027 = VECTOR ( 'NONE', #7534, 1000.000000000000000 ) ;
#7028 = FACE_OUTER_BOUND ( 'NONE', #3642, .T. ) ;
#7029 = DIRECTION ( 'NONE',  ( -0.000000000000000000, 1.000000000000000000, -3.504141421473150331E-15 ) ) ;
#7030 = CARTESIAN_POINT ( 'NONE',  ( 118.9999999999999716, 34.00000000000036948, 106.8499999999999801 ) ) ;
#7031 = VERTEX_POINT ( 'NONE', #4554 ) ;
#7032 = FACE_OUTER_BOUND ( 'NONE', #1585, .T. ) ;
#7033 = FACE_OUTER_BOUND ( 'NONE', #1541, .T. ) ;
#7034 = VECTOR ( 'NONE', #5345, 1000.000000000000000 ) ;
#7035 = VERTEX_POINT ( 'NONE', #3376 ) ;
#7036 = CARTESIAN_POINT ( 'NONE',  ( 63.99999999999997158, -34.00000000000038369, 113.1499999999999915 ) ) ;
#7037 = EDGE_CURVE ( 'NONE', #939, #6945, #4466, .T. ) ;
#7038 = EDGE_CURVE ( 'NONE', #28, #3396, #1080, .T. ) ;
#7039 = VECTOR ( 'NONE', #1230, 1000.000000000000000 ) ;
#7040 = DIRECTION ( 'NONE',  ( -0.000000000000000000, 1.000000000000000000, -3.504141421473150331E-15 ) ) ;
#7041 = DIRECTION ( 'NONE',  ( -0.000000000000000000, -1.000000000000000000, -0.000000000000000000 ) ) ;
#7042 = CARTESIAN_POINT ( 'NONE',  ( 302.0727335998745389, 29.12203884117227659, -2.998334211990964171 ) ) ;
#7043 = EDGE_LOOP ( 'NONE', ( #3877, #1784, #4630, #4431 ) ) ;
#7044 = PERSON_AND_ORGANIZATION ( #5168, #4399 ) ;
#7045 = AXIS2_PLACEMENT_3D ( 'NONE', #5954, #7040, #5365 ) ;
#7046 = DIRECTION ( 'NONE',  ( -0.000000000000000000, -1.000000000000000000, -0.000000000000000000 ) ) ;
#7047 = EDGE_CURVE ( 'NONE', #4820, #2180, #4598, .T. ) ;
#7048 = CARTESIAN_POINT ( 'NONE',  ( 0.000000000000000000, 31.55000000000010729, 28.99999999999999645 ) ) ;
#7049 = ORIENTED_EDGE ( 'NONE', *, *, #5952, .F. ) ;
#7050 = AXIS2_PLACEMENT_3D ( 'NONE', #5738, #819, #314 ) ;
#7051 = CYLINDRICAL_SURFACE ( 'NONE', #7157, 2.249999999999995115 ) ;
#7052 = CARTESIAN_POINT ( 'NONE',  ( -299.2928932188133331, -34.00000000000000000, -1.189166956519693626E-13 ) ) ;
#7053 = VERTEX_POINT ( 'NONE', #3923 ) ;
#7054 = CARTESIAN_POINT ( 'NONE',  ( 140.0000000000000000, 30.00000000000011369, 45.49999999999992895 ) ) ;
#7055 = ORIENTED_EDGE ( 'NONE', *, *, #2977, .F. ) ;
#7056 = CYLINDRICAL_SURFACE ( 'NONE', #7233, 2.250000000000001776 ) ;
#7057 = ORIENTED_EDGE ( 'NONE', *, *, #2131, .F. ) ;
#7058 = AXIS2_PLACEMENT_3D ( 'NONE', #4028, #5799, #3398 ) ;
#7059 = ORIENTED_EDGE ( 'NONE', *, *, #5896, .F. ) ;
#7060 = DIRECTION ( 'NONE',  ( 0.000000000000000000, 0.000000000000000000, -1.000000000000000000 ) ) ;
#7061 = ADVANCED_FACE ( 'NONE', ( #4680 ), #2902, .F. ) ;
#7062 = CARTESIAN_POINT ( 'NONE',  ( 244.4999999999999716, 34.00000000000027001, 78.00000000000005684 ) ) ;
#7063 = VECTOR ( 'NONE', #7696, 1000.000000000000000 ) ;
#7064 = ORIENTED_EDGE ( 'NONE', *, *, #7748, .F. ) ;
#7065 = AXIS2_PLACEMENT_3D ( 'NONE', #3863, #4340, #2002 ) ;
#7066 = CARTESIAN_POINT ( 'NONE',  ( -25.00000000000000000, 30.00000000000010303, 29.00000000000000355 ) ) ;
#7067 = ORIENTED_EDGE ( 'NONE', *, *, #3302, .F. ) ;
#7068 = CARTESIAN_POINT ( 'NONE',  ( -243.4350288425443978, -31.85000000000027498, 78.88502884254418746 ) ) ;
#7069 = DIRECTION ( 'NONE',  ( -0.000000000000000000, -1.000000000000000000, -0.000000000000000000 ) ) ;
#7070 = CIRCLE ( 'NONE', #4693, 4.699999999999981526 ) ;
#7071 = LINE ( 'NONE', #1685, #6897 ) ;
#7072 = EDGE_CURVE ( 'NONE', #1782, #6351, #6106, .T. ) ;
#7073 = FACE_OUTER_BOUND ( 'NONE', #2542, .T. ) ;
#7074 = DIRECTION ( 'NONE',  ( -0.000000000000000000, 1.000000000000000000, -3.498359009886561105E-15 ) ) ;
#7075 = ORIENTED_EDGE ( 'NONE', *, *, #489, .F. ) ;
#7076 = LINE ( 'NONE', #7192, #7315 ) ;
#7077 = VECTOR ( 'NONE', #3806, 1000.000000000000000 ) ;
#7078 = VECTOR ( 'NONE', #3457, 1000.000000000000000 ) ;
#7079 = LINE ( 'NONE', #7715, #3460 ) ;
#7080 = CARTESIAN_POINT ( 'NONE',  ( 25.00000000000000000, 34.00000000000021316, 58.99999999999999289 ) ) ;
#7081 = LINE ( 'NONE', #4733, #2275 ) ;
#7082 = DIRECTION ( 'NONE',  ( -0.000000000000000000, 1.000000000000000000, -3.504141421473150331E-15 ) ) ;
#7083 = EDGE_CURVE ( 'NONE', #5978, #6158, #2232, .T. ) ;
#7084 = CARTESIAN_POINT ( 'NONE',  ( -118.9999999999999716, 34.00000000000037659, 108.2999999999999972 ) ) ;
#7085 = ORIENTED_EDGE ( 'NONE', *, *, #576, .F. ) ;
#7086 = CONICAL_SURFACE ( 'NONE', #2684, 4.699999999999981526, 0.7853981633974482790 ) ;
#7087 = APPLICATION_PROTOCOL_DEFINITION ( 'international standard', 'config_control_design', 1994, #6832 ) ;
#7088 = FACE_OUTER_BOUND ( 'NONE', #5103, .T. ) ;
#7089 = CARTESIAN_POINT ( 'NONE',  ( 118.9999999999999716, 32.55000000000038796, 111.6999999999999744 ) ) ;
#7090 = ORIENTED_EDGE ( 'NONE', *, *, #4255, .F. ) ;
#7091 = VECTOR ( 'NONE', #5631, 1000.000000000000000 ) ;
#7092 = DIRECTION ( 'NONE',  ( 0.000000000000000000, 4.405646923115719615E-15, 1.000000000000000000 ) ) ;
#7093 = CARTESIAN_POINT ( 'NONE',  ( 244.4999999999998010, 30.00000000000006040, 17.00000000000006395 ) ) ;
#7094 = VERTEX_POINT ( 'NONE', #430 ) ;
#7095 = DIRECTION ( 'NONE',  ( 0.000000000000000000, 3.083952846180992055E-15, 1.000000000000000000 ) ) ;
#7096 = ORIENTED_EDGE ( 'NONE', *, *, #7349, .T. ) ;
#7097 = EDGE_CURVE ( 'NONE', #3432, #1077, #7104, .T. ) ;
#7098 = CARTESIAN_POINT ( 'NONE',  ( 299.9596000000000231, -29.29289321881345387, 1.000000000000001110 ) ) ;
#7099 = ORIENTED_EDGE ( 'NONE', *, *, #2691, .T. ) ;
#7100 = ORIENTED_EDGE ( 'NONE', *, *, #5333, .T. ) ;
#7101 = FACE_BOUND ( 'NONE', #3363, .T. ) ;
#7102 = B_SPLINE_CURVE_WITH_KNOTS ( 'NONE', 3,
 ( #7259, #7751, #6634, #2949, #1, #7227, #2498, #1137, #6601, #5355 ),
 .UNSPECIFIED., .F., .F.,
 ( 4, 2, 2, 2, 4 ),
 ( 0.000000000000000000, 0.2500000000000000000, 0.5000000000000000000, 0.7500000000000000000, 1.000000000000000000 ),
 .UNSPECIFIED. ) ;
#7103 = DIRECTION ( 'NONE',  ( 0.000000000000000000, 0.7071067811865500152, 0.7071067811865451302 ) ) ;
#7104 = CIRCLE ( 'NONE', #5723, 4.699999999999981526 ) ;
#7105 = EDGE_LOOP ( 'NONE', ( #2920, #4853, #3095, #4377 ) ) ;
#7106 = DIRECTION ( 'NONE',  ( 0.000000000000000000, -3.083952846180992055E-15, -1.000000000000000000 ) ) ;
#7107 = EDGE_LOOP ( 'NONE', ( #7129, #3126 ) ) ;
#7108 = DIRECTION ( 'NONE',  ( 0.000000000000000000, 0.000000000000000000, -1.000000000000000000 ) ) ;
#7109 = DIRECTION ( 'NONE',  ( 0.000000000000000000, 3.469446951953635488E-15, 1.000000000000000000 ) ) ;
#7110 = AXIS2_PLACEMENT_3D ( 'NONE', #2137, #1090, #962 ) ;
#7111 = CARTESIAN_POINT ( 'NONE',  ( 197.9999999999999716, -34.00000000000033396, 95.49999999999977263 ) ) ;
#7112 = CARTESIAN_POINT ( 'NONE',  ( -174.0000000000000000, 30.00000000000038725, 110.0000000000000000 ) ) ;
#7113 = DIRECTION ( 'NONE',  ( 0.000000000000000000, 0.000000000000000000, -1.000000000000000000 ) ) ;
#7114 = EDGE_LOOP ( 'NONE', ( #7361, #5933, #2202, #6588 ) ) ;
#7115 = CARTESIAN_POINT ( 'NONE',  ( -25.00000000000000000, 30.00000000000009592, 26.75000000000000711 ) ) ;
#7116 = DIRECTION ( 'NONE',  ( 0.000000000000000000, 0.000000000000000000, -1.000000000000000000 ) ) ;
#7117 = EDGE_CURVE ( 'NONE', #1086, #5338, #4345, .T. ) ;
#7118 = CARTESIAN_POINT ( 'NONE',  ( 243.4350288425439146, -30.00000000000016698, 48.11497115745530095 ) ) ;
#7119 = DIRECTION ( 'NONE',  ( 0.000000000000000000, 0.7071067811865483499, 0.7071067811865467956 ) ) ;
#7120 = CARTESIAN_POINT ( 'NONE',  ( -299.7673603019651409, -29.17085437764118794, 0.4102809675120713817 ) ) ;
#7121 = LINE ( 'NONE', #7084, #5684 ) ;
#7122 = EDGE_LOOP ( 'NONE', ( #5817, #2529, #335, #3331 ) ) ;
#7123 = CALENDAR_DATE ( 2026, 30, 6 ) ;
#7124 = CARTESIAN_POINT ( 'NONE',  ( -244.4999999999997442, 24.00000000000039080, 110.0000000000000284 ) ) ;
#7125 = EDGE_CURVE ( 'NONE', #6123, #2219, #821, .T. ) ;
#7126 = FACE_OUTER_BOUND ( 'NONE', #6095, .T. ) ;
#7127 = DIRECTION ( 'NONE',  ( 0.000000000000000000, 0.000000000000000000, -1.000000000000000000 ) ) ;
#7128 = CARTESIAN_POINT ( 'NONE',  ( -159.9999999999999716, 30.00000000000013856, 38.50000000000000711 ) ) ;
#7129 = ORIENTED_EDGE ( 'NONE', *, *, #6391, .F. ) ;
#7130 = CYLINDRICAL_SURFACE ( 'NONE', #2566, 2.249999999999998668 ) ;
#7131 = EDGE_LOOP ( 'NONE', ( #4981, #6279, #2821, #4564 ) ) ;
#7132 = CARTESIAN_POINT ( 'NONE',  ( 304.0000000000000568, -29.26848105603641770, 0.3453836900929618259 ) ) ;
#7133 = ORIENTED_EDGE ( 'NONE', *, *, #1861, .T. ) ;
#7134 = PRODUCT_DEFINITION_SHAPE ( 'NONE', 'NONE',  #2863 ) ;
#7135 = EDGE_CURVE ( 'NONE', #5852, #6668, #1723, .T. ) ;
#7136 = AXIS2_PLACEMENT_3D ( 'NONE', #1883, #1921, #6727 ) ;
#7137 = ORIENTED_EDGE ( 'NONE', *, *, #5172, .F. ) ;
#7138 = ADVANCED_FACE ( 'NONE', ( #6054 ), #4793, .F. ) ;
#7139 = CARTESIAN_POINT ( 'NONE',  ( 299.0000000000000568, -29.00000000000000355, 3.686287386450715076E-15 ) ) ;
#7140 = ORIENTED_EDGE ( 'NONE', *, *, #6049, .F. ) ;
#7141 = DIRECTION ( 'NONE',  ( 0.000000000000000000, 4.405646923115719615E-15, 1.000000000000000000 ) ) ;
#7142 = EDGE_LOOP ( 'NONE', ( #216, #1392, #3640, #2257 ) ) ;
#7143 = CARTESIAN_POINT ( 'NONE',  ( 183.4999999999999432, 24.00000000000017408, 49.00000000000030553 ) ) ;
#7144 = LINE ( 'NONE', #6632, #7347 ) ;
#7145 = CIRCLE ( 'NONE', #5763, 1.700000000000007061 ) ;
#7146 = AXIS2_PLACEMENT_3D ( 'NONE', #5713, #7481, #7601 ) ;
#7147 = EDGE_CURVE ( 'NONE', #5015, #2853, #5473, .T. ) ;
#7148 = EDGE_CURVE ( 'NONE', #5458, #4512, #3716, .T. ) ;
#7149 = DIRECTION ( 'NONE',  ( 0.000000000000000000, -0.7071067811865497932, -0.7071067811865452413 ) ) ;
#7150 = DIRECTION ( 'NONE',  ( -0.000000000000000000, 1.000000000000000000, -3.498359009886561105E-15 ) ) ;
#7151 = DIRECTION ( 'NONE',  ( 8.659560562354904508E-17, -0.7071067811865497932, 0.7071067811865452413 ) ) ;
#7152 = ORIENTED_EDGE ( 'NONE', *, *, #1498, .T. ) ;
#7153 = DIRECTION ( 'NONE',  ( -0.000000000000000000, -1.000000000000000000, -0.000000000000000000 ) ) ;
#7154 = FACE_OUTER_BOUND ( 'NONE', #722, .T. ) ;
#7155 = VECTOR ( 'NONE', #7149, 1000.000000000000000 ) ;
#7156 = FACE_OUTER_BOUND ( 'NONE', #247, .T. ) ;
#7157 = AXIS2_PLACEMENT_3D ( 'NONE', #1662, #2171, #5130 ) ;
#7158 = DIRECTION ( 'NONE',  ( 0.000000000000000000, 4.081702296416066484E-15, 1.000000000000000000 ) ) ;
#7159 = ADVANCED_FACE ( 'NONE', ( #7257 ), #1793, .F. ) ;
#7160 = DIRECTION ( 'NONE',  ( -0.000000000000000000, 1.000000000000000000, -3.504141421473150331E-15 ) ) ;
#7161 = EDGE_LOOP ( 'NONE', ( #5944, #3839, #5064, #4678 ) ) ;
#7162 = SECURITY_CLASSIFICATION_LEVEL ( 'unclassified' ) ;
#7163 = CARTESIAN_POINT ( 'NONE',  ( -183.4999999999999432, 30.00000000000016698, 77.99999999999977263 ) ) ;
#7164 = AXIS2_PLACEMENT_3D ( 'NONE', #6848, #1459, #908 ) ;
#7165 = VECTOR ( 'NONE', #2295, 1000.000000000000000 ) ;
#7166 = CARTESIAN_POINT ( 'NONE',  ( -25.00000000000000000, 30.00000000000011013, 31.25000000000000000 ) ) ;
#7167 = CARTESIAN_POINT ( 'NONE',  ( -215.5000000000001705, 34.00000000000038369, 109.9999999999999858 ) ) ;
#7168 = LINE ( 'NONE', #578, #6435 ) ;
#7169 = ORIENTED_EDGE ( 'NONE', *, *, #5802, .F. ) ;
#7170 = CONICAL_SURFACE ( 'NONE', #2139, 4.700000000000009948, 0.7853981633974482790 ) ;
#7171 = DIRECTION ( 'NONE',  ( -0.000000000000000000, 1.000000000000000000, 3.498359009886561105E-15 ) ) ;
#7172 = ORIENTED_EDGE ( 'NONE', *, *, #98, .F. ) ;
#7173 = DIRECTION ( 'NONE',  ( 0.000000000000000000, -1.000000000000000000, 3.491481338843133355E-15 ) ) ;
#7174 = EDGE_LOOP ( 'NONE', ( #1104, #2931, #1091, #844 ) ) ;
#7175 = CIRCLE ( 'NONE', #4036, 3.149999999999999911 ) ;
#7176 = VERTEX_POINT ( 'NONE', #623 ) ;
#7177 = DIRECTION ( 'NONE',  ( 0.000000000000000000, 3.498359009886561105E-15, 1.000000000000000000 ) ) ;
#7178 = VERTEX_POINT ( 'NONE', #5981 ) ;
#7179 = CARTESIAN_POINT ( 'NONE',  ( 25.00000000000000000, -30.00000000000009948, 28.99999999999975131 ) ) ;
#7180 = EDGE_LOOP ( 'NONE', ( #6055, #4581, #2900, #1206 ) ) ;
#7181 = EDGE_CURVE ( 'NONE', #245, #4545, #7144, .T. ) ;
#7182 = DIRECTION ( 'NONE',  ( 0.000000000000000000, 0.000000000000000000, -1.000000000000000000 ) ) ;
#7183 = AXIS2_PLACEMENT_3D ( 'NONE', #353, #2741, #2621 ) ;
#7184 = EDGE_LOOP ( 'NONE', ( #6549, #1121 ) ) ;
#7185 = EDGE_CURVE ( 'NONE', #3727, #2297, #6669, .T. ) ;
#7186 = EDGE_CURVE ( 'NONE', #753, #6976, #4165, .T. ) ;
#7187 = VECTOR ( 'NONE', #6360, 1000.000000000000000 ) ;
#7188 = CIRCLE ( 'NONE', #155, 1.700000000000007061 ) ;
#7189 = DIRECTION ( 'NONE',  ( -0.000000000000000000, 1.000000000000000000, -3.498359009886561105E-15 ) ) ;
#7190 = CARTESIAN_POINT ( 'NONE',  ( 243.4350288425439146, -30.00000000000017408, 50.06497115745530380 ) ) ;
#7191 = ORIENTED_EDGE ( 'NONE', *, *, #902, .T. ) ;
#7192 = CARTESIAN_POINT ( 'NONE',  ( 284.0000000000000000, -34.00000000000038369, 113.1499999999999773 ) ) ;
#7193 = DIRECTION ( 'NONE',  ( 1.000000000000000000, -0.000000000000000000, -0.000000000000000000 ) ) ;
#7194 = ADVANCED_FACE ( 'NONE', ( #1213 ), #2836, .F. ) ;
#7195 = AXIS2_PLACEMENT_3D ( 'NONE', #2031, #1446, #3148 ) ;
#7196 = EDGE_CURVE ( 'NONE', #1128, #6748, #3686, .T. ) ;
#7197 = ADVANCED_FACE ( 'NONE', ( #3098 ), #459, .F. ) ;
#7198 = VECTOR ( 'NONE', #5463, 1000.000000000000000 ) ;
#7199 = AXIS2_PLACEMENT_3D ( 'NONE', #356, #2744, #5156 ) ;
#7200 = DIRECTION ( 'NONE',  ( 0.000000000000000000, -4.081702296415999431E-15, 1.000000000000000000 ) ) ;
#7201 = DIRECTION ( 'NONE',  ( -0.000000000000000000, -1.000000000000000000, -0.000000000000000000 ) ) ;
#7202 = DIRECTION ( 'NONE',  ( 0.000000000000000000, 4.081702296416066484E-15, 1.000000000000000000 ) ) ;
#7203 = EDGE_CURVE ( 'NONE', #1290, #4107, #3847, .T. ) ;
#7204 = ORIENTED_EDGE ( 'NONE', *, *, #2040, .T. ) ;
#7205 = DIRECTION ( 'NONE',  ( 0.000000000000000000, 3.083952846180992055E-15, 1.000000000000000000 ) ) ;
#7206 = AXIS2_PLACEMENT_3D ( 'NONE', #2347, #549, #3019 ) ;
#7207 = ADVANCED_FACE ( 'NONE', ( #5385 ), #6013, .F. ) ;
#7208 = FACE_OUTER_BOUND ( 'NONE', #7360, .T. ) ;
#7209 = DIRECTION ( 'NONE',  ( -1.000000000000000000, 0.000000000000000000, -3.686287386450711920E-15 ) ) ;
#7210 = AXIS2_PLACEMENT_3D ( 'NONE', #647, #3484, #497 ) ;
#7211 = DIRECTION ( 'NONE',  ( 0.000000000000000000, 0.000000000000000000, -1.000000000000000000 ) ) ;
#7212 = ORIENTED_EDGE ( 'NONE', *, *, #7349, .F. ) ;
#7213 = CARTESIAN_POINT ( 'NONE',  ( -244.4999999999997442, 34.00000000000039080, 109.9999999999999858 ) ) ;
#7214 = ORIENTED_EDGE ( 'NONE', *, *, #5855, .F. ) ;
#7215 = CARTESIAN_POINT ( 'NONE',  ( 299.9596000000000231, -29.26848119921735147, 0.8743668056868860727 ) ) ;
#7216 = ORIENTED_EDGE ( 'NONE', *, *, #5470, .F. ) ;
#7217 = EDGE_CURVE ( 'NONE', #7031, #5305, #73, .T. ) ;
#7218 = AXIS2_PLACEMENT_3D ( 'NONE', #6235, #2528, #5053 ) ;
#7219 = ORIENTED_EDGE ( 'NONE', *, *, #4403, .T. ) ;
#7220 = FACE_OUTER_BOUND ( 'NONE', #2832, .T. ) ;
#7221 = EDGE_LOOP ( 'NONE', ( #848, #6363 ) ) ;
#7222 = DIRECTION ( 'NONE',  ( -0.000000000000000000, -1.000000000000000000, -0.000000000000000000 ) ) ;
#7223 = ORIENTED_EDGE ( 'NONE', *, *, #5505, .F. ) ;
#7224 = CARTESIAN_POINT ( 'NONE',  ( -262.0000000000000000, -31.55000000000010729, 31.49999999999978684 ) ) ;
#7225 = ORIENTED_EDGE ( 'NONE', *, *, #7543, .F. ) ;
#7226 = EDGE_CURVE ( 'NONE', #2467, #3365, #3091, .T. ) ;
#7227 = CARTESIAN_POINT ( 'NONE',  ( 302.9983342119909366, -29.17085437764118083, -2.072733599874579280 ) ) ;
#7228 = FACE_OUTER_BOUND ( 'NONE', #3760, .T. ) ;
#7229 = ORIENTED_EDGE ( 'NONE', *, *, #1048, .F. ) ;
#7230 = CYLINDRICAL_SURFACE ( 'NONE', #3064, 2.249999999999974243 ) ;
#7231 = CARTESIAN_POINT ( 'NONE',  ( 63.99999999999997158, 34.00000000000038369, 109.9999999999999858 ) ) ;
#7232 = VECTOR ( 'NONE', #4757, 1000.000000000000000 ) ;
#7233 = AXIS2_PLACEMENT_3D ( 'NONE', #5851, #1669, #5761 ) ;
#7234 = ADVANCED_FACE ( 'NONE', ( #5457 ), #71, .F. ) ;
#7235 = DIRECTION ( 'NONE',  ( -0.000000000000000000, -1.000000000000000000, -0.000000000000000000 ) ) ;
#7236 = DIRECTION ( 'NONE',  ( 0.000000000000000000, -3.558407130208821635E-15, 1.000000000000000000 ) ) ;
#7237 = CARTESIAN_POINT ( 'NONE',  ( 299.2928932188134468, 30.00000000000000711, 1.000000000000002665 ) ) ;
#7238 = ORIENTED_EDGE ( 'NONE', *, *, #7560, .F. ) ;
#7239 = FACE_BOUND ( 'NONE', #7460, .T. ) ;
#7240 = ADVANCED_FACE ( 'NONE', ( #4275 ), #321, .F. ) ;
#7241 = CARTESIAN_POINT ( 'NONE',  ( -197.9999999999999716, -31.55000000000010729, 29.24999999999978328 ) ) ;
#7242 = CARTESIAN_POINT ( 'NONE',  ( -197.9999999999999716, -34.00000000000033396, 95.49999999999977263 ) ) ;
#7243 = CARTESIAN_POINT ( 'NONE',  ( -243.4350288425439146, -30.00000000000017764, 52.01497115745531374 ) ) ;
#7244 = CARTESIAN_POINT ( 'NONE',  ( 25.00000000000000000, -34.00000000000031264, 88.99999999999972999 ) ) ;
#7245 = ORIENTED_EDGE ( 'NONE', *, *, #2261, .F. ) ;
#7246 = DIRECTION ( 'NONE',  ( -0.000000000000000000, -1.000000000000000000, -0.000000000000000000 ) ) ;
#7247 = ORIENTED_EDGE ( 'NONE', *, *, #1803, .T. ) ;
#7248 = CARTESIAN_POINT ( 'NONE',  ( 299.0000000000000568, -29.00000000000000355, 3.686287386450715076E-15 ) ) ;
#7249 = VERTEX_POINT ( 'NONE', #7450 ) ;
#7250 = VERTEX_POINT ( 'NONE', #4316 ) ;
#7251 = EDGE_CURVE ( 'NONE', #4979, #4198, #4980, .T. ) ;
#7252 = FACE_OUTER_BOUND ( 'NONE', #5199, .T. ) ;
#7253 = ORIENTED_EDGE ( 'NONE', *, *, #2711, .T. ) ;
#7254 = CARTESIAN_POINT ( 'NONE',  ( 216.5649711574550906, -34.00000000000017764, 50.06497115745585802 ) ) ;
#7255 = EDGE_CURVE ( 'NONE', #3713, #1359, #2531, .T. ) ;
#7256 = ORIENTED_EDGE ( 'NONE', *, *, #4217, .T. ) ;
#7257 = FACE_OUTER_BOUND ( 'NONE', #4368, .T. ) ;
#7258 = ORIENTED_EDGE ( 'NONE', *, *, #3264, .F. ) ;
#7259 = CARTESIAN_POINT ( 'NONE',  ( 299.0000000000000568, -28.99999999999999645, -4.000000000000008882 ) ) ;
#7260 = B_SPLINE_SURFACE_WITH_KNOTS ( 'NONE', 1, 3, ( 
 ( #7433, #2042, #4452, #6844, #750, #1453, #862, #6881, #4528, #3273 ),
 ( #281, #3898, #1533, #6297, #3158, #5556, #167, #4964, #1962, #4373 ),
 ( #4105, #6418, #484, #6498, #1734, #4734, #2285, #3509, #402, #5327 ),
 ( #3353, #2796, #6338, #1651, #7120, #5747, #1026, #5164, #985, #1610 ) ),
 .UNSPECIFIED., .F., .F., .F.,
 ( 2, 1, 1, 2 ),
 ( 4, 2, 2, 2, 4 ),
 ( -0.01000000000000000021, 0.000000000000000000, 1.000000000000000000, 1.010099999999999998 ),
 ( 0.000000000000000000, 0.2500000000000000000, 0.5000000000000000000, 0.7500000000000000000, 1.000000000000000000 ),
 .UNSPECIFIED. ) ;
#7261 = AXIS2_PLACEMENT_3D ( 'NONE', #87, #7388, #6179 ) ;
#7262 = FACE_OUTER_BOUND ( 'NONE', #2216, .T. ) ;
#7263 = ORIENTED_EDGE ( 'NONE', *, *, #3860, .T. ) ;
#7264 = DIRECTION ( 'NONE',  ( -0.000000000000000000, 1.000000000000000000, -3.504141421473150331E-15 ) ) ;
#7265 = DIRECTION ( 'NONE',  ( 0.000000000000000000, 0.000000000000000000, -1.000000000000000000 ) ) ;
#7266 = CARTESIAN_POINT ( 'NONE',  ( 174.0000000000000000, 34.00000000000039790, 113.1499999999999773 ) ) ;
#7267 = CARTESIAN_POINT ( 'NONE',  ( -174.0000000000000000, 34.00000000000037659, 108.2999999999999829 ) ) ;
#7268 = DIRECTION ( 'NONE',  ( -0.000000000000000000, -1.000000000000000000, -0.000000000000000000 ) ) ;
#7269 = VECTOR ( 'NONE', #1264, 1000.000000000000000 ) ;
#7270 = VERTEX_POINT ( 'NONE', #878 ) ;
#7271 = ADVANCED_FACE ( 'NONE', ( #6200 ), #6162, .F. ) ;
#7272 = DIRECTION ( 'NONE',  ( -0.000000000000000000, -1.000000000000000000, -0.000000000000000000 ) ) ;
#7273 = EDGE_CURVE ( 'NONE', #5108, #5764, #4354, .T. ) ;
#7274 = AXIS2_PLACEMENT_3D ( 'NONE', #2465, #4903, #3691 ) ;
#7275 = LINE ( 'NONE', #4881, #2882 ) ;
#7276 = CARTESIAN_POINT ( 'NONE',  ( 299.0488155364690215, -30.31920933717075428, -3.908822290408323408 ) ) ;
#7277 = FACE_OUTER_BOUND ( 'NONE', #4697, .T. ) ;
#7278 = CARTESIAN_POINT ( 'NONE',  ( -25.00000000000000000, 34.00000000000010658, 28.99999999999998934 ) ) ;
#7279 = CARTESIAN_POINT ( 'NONE',  ( -25.00000000000000000, -34.00000000000010658, 28.99999999999975486 ) ) ;
#7280 = ORIENTED_EDGE ( 'NONE', *, *, #1559, .T. ) ;
#7281 = LINE ( 'NONE', #246, #465 ) ;
#7282 = VECTOR ( 'NONE', #4894, 1000.000000000000114 ) ;
#7283 = ORIENTED_EDGE ( 'NONE', *, *, #6374, .T. ) ;
#7284 = ADVANCED_FACE ( 'NONE', ( #3289 ), #3066, .F. ) ;
#7285 = VERTEX_POINT ( 'NONE', #7293 ) ;
#7286 = ADVANCED_FACE ( 'NONE', ( #1902 ), #6707, .F. ) ;
#7287 = VECTOR ( 'NONE', #3861, 1000.000000000000000 ) ;
#7288 = CARTESIAN_POINT ( 'NONE',  ( 63.99999999999997158, 30.00000000000038725, 110.0000000000000000 ) ) ;
#7289 = DIRECTION ( 'NONE',  ( -0.000000000000000000, 1.000000000000000000, -3.498359009886561105E-15 ) ) ;
#7290 = ORIENTED_EDGE ( 'NONE', *, *, #6579, .T. ) ;
#7291 = PLANE ( 'NONE',  #1686 ) ;
#7292 = ORIENTED_EDGE ( 'NONE', *, *, #5203, .F. ) ;
#7293 = CARTESIAN_POINT ( 'NONE',  ( 197.9999999999999716, -31.55000000000032756, 93.24999999999977263 ) ) ;
#7294 = ORIENTED_EDGE ( 'NONE', *, *, #880, .T. ) ;
#7295 = AXIS2_PLACEMENT_3D ( 'NONE', #3928, #6286, #5197 ) ;
#7296 = ORIENTED_EDGE ( 'NONE', *, *, #2311, .T. ) ;
#7297 = EDGE_CURVE ( 'NONE', #3027, #3858, #6354, .T. ) ;
#7298 = CARTESIAN_POINT ( 'NONE',  ( -243.4350288425439146, -34.00000000000017764, 54.16497115745529811 ) ) ;
#7299 = EDGE_CURVE ( 'NONE', #3869, #622, #4970, .T. ) ;
#7300 = AXIS2_PLACEMENT_3D ( 'NONE', #6741, #2686, #7402 ) ;
#7301 = DIRECTION ( 'NONE',  ( -0.000000000000000000, -1.000000000000000000, -0.000000000000000000 ) ) ;
#7302 = ORIENTED_EDGE ( 'NONE', *, *, #808, .T. ) ;
#7303 = CARTESIAN_POINT ( 'NONE',  ( -262.0000000000000000, -30.00000000000033751, 97.74999999999975842 ) ) ;
#7304 = CARTESIAN_POINT ( 'NONE',  ( 0.000000000000000000, 30.00000000000032330, 91.25000000000000000 ) ) ;
#7305 = AXIS2_PLACEMENT_3D ( 'NONE', #1402, #4594, #932 ) ;
#7306 = AXIS2_PLACEMENT_3D ( 'NONE', #7244, #3085, #6001 ) ;
#7307 = EDGE_CURVE ( 'NONE', #3990, #7249, #7570, .T. ) ;
#7308 = FACE_OUTER_BOUND ( 'NONE', #1030, .T. ) ;
#7309 = FACE_OUTER_BOUND ( 'NONE', #3211, .T. ) ;
#7310 = FACE_OUTER_BOUND ( 'NONE', #3647, .T. ) ;
#7311 = CIRCLE ( 'NONE', #1659, 1.950000000000007283 ) ;
#7312 = ORIENTED_EDGE ( 'NONE', *, *, #4013, .T. ) ;
#7313 = FACE_BOUND ( 'NONE', #212, .T. ) ;
#7314 = AXIS2_PLACEMENT_3D ( 'NONE', #1770, #2993, #5395 ) ;
#7315 = VECTOR ( 'NONE', #4097, 1000.000000000000000 ) ;
#7316 = DIRECTION ( 'NONE',  ( -0.000000000000000000, 1.000000000000000000, -3.498359009886561105E-15 ) ) ;
#7317 = ADVANCED_FACE ( 'NONE', ( #922 ), #1627, .T. ) ;
#7318 = DIRECTION ( 'NONE',  ( 0.000000000000000000, -1.000000000000000000, 3.498359009886561105E-15 ) ) ;
#7319 = CARTESIAN_POINT ( 'NONE',  ( 174.0000000000000000, -32.55000000000038085, 109.9999999999999858 ) ) ;
#7320 = DIRECTION ( 'NONE',  ( 0.000000000000000000, 4.081702296416066484E-15, 1.000000000000000000 ) ) ;
#7321 = CARTESIAN_POINT ( 'NONE',  ( 2.755455298081555625E-16, 31.55000000000020322, 56.74999999999999289 ) ) ;
#7322 = ORIENTED_EDGE ( 'NONE', *, *, #2386, .F. ) ;
#7323 = VECTOR ( 'NONE', #4006, 1000.000000000000114 ) ;
#7324 = DIRECTION ( 'NONE',  ( -0.000000000000000000, -1.000000000000000000, -0.000000000000000000 ) ) ;
#7325 = CIRCLE ( 'NONE', #297, 31.99999999999999289 ) ;
#7326 = EDGE_LOOP ( 'NONE', ( #1484, #2321, #1310, #7497 ) ) ;
#7327 = VERTEX_POINT ( 'NONE', #6978 ) ;
#7328 = AXIS2_PLACEMENT_3D ( 'NONE', #1210, #1863, #7106 ) ;
#7329 = FACE_OUTER_BOUND ( 'NONE', #5622, .T. ) ;
#7331 = EDGE_CURVE ( 'NONE', #544, #1473, #7352, .T. ) ;
#7330 = DIRECTION ( 'NONE',  ( 0.000000000000000000, 4.405646923115719615E-15, 1.000000000000000000 ) ) ;
#7332 = EDGE_LOOP ( 'NONE', ( #5045, #4415, #2898, #2811 ) ) ;
#7333 = FACE_BOUND ( 'NONE', #5279, .T. ) ;
#7334 = ORIENTED_EDGE ( 'NONE', *, *, #5793, .F. ) ;
#7335 = CARTESIAN_POINT ( 'NONE',  ( -299.1220388411722411, 32.07273359987456729, -2.998334211990904663 ) ) ;
#7336 = ORIENTED_EDGE ( 'NONE', *, *, #5608, .F. ) ;
#7337 = ORIENTED_EDGE ( 'NONE', *, *, #7765, .F. ) ;
#7338 = CARTESIAN_POINT ( 'NONE',  ( 118.9999999999999716, -34.00000000000038369, 111.6999999999999744 ) ) ;
#7339 = AXIS2_PLACEMENT_3D ( 'NONE', #2972, #3636, #5339 ) ;
#7340 = PLANE ( 'NONE',  #2936 ) ;
#7341 = ORIENTED_EDGE ( 'NONE', *, *, #2570, .T. ) ;
#7342 = DIRECTION ( 'NONE',  ( 0.000000000000000000, 0.000000000000000000, -1.000000000000000000 ) ) ;
#7343 = DIRECTION ( 'NONE',  ( 0.000000000000000000, -3.083952846181025582E-15, 1.000000000000000000 ) ) ;
#7344 = CONICAL_SURFACE ( 'NONE', #584, 3.149999999999999911, 0.7853981633974507215 ) ;
#7345 = DIRECTION ( 'NONE',  ( 0.000000000000000000, 2.952720810173286943E-15, 1.000000000000000000 ) ) ;
#7346 = CARTESIAN_POINT ( 'NONE',  ( 300.3087394217964743, 29.04881553646891845, -3.869863383341576757 ) ) ;
#7347 = VECTOR ( 'NONE', #7747, 1000.000000000000000 ) ;
#7348 = FACE_BOUND ( 'NONE', #5749, .T. ) ;
#7349 = EDGE_CURVE ( 'NONE', #4120, #2775, #3471, .T. ) ;
#7350 = ORIENTED_EDGE ( 'NONE', *, *, #1861, .F. ) ;
#7351 = CARTESIAN_POINT ( 'NONE',  ( -139.9999999999999716, 24.00000000000013145, 38.50000000000002842 ) ) ;
#7352 = CIRCLE ( 'NONE', #7482, 1.699999999999979305 ) ;
#7353 = LINE ( 'NONE', #6651, #7269 ) ;
#7354 = CARTESIAN_POINT ( 'NONE',  ( 299.0976310729378724, -31.53823966106930499, -3.403883397305483172 ) ) ;
#7355 = CARTESIAN_POINT ( 'NONE',  ( -244.4999999999999716, 24.00000000000027001, 78.00000000000004263 ) ) ;
#7356 = DIRECTION ( 'NONE',  ( 0.000000000000000000, 3.083952846180992055E-15, 1.000000000000000000 ) ) ;
#7357 = DIRECTION ( 'NONE',  ( -0.000000000000000000, 1.000000000000000000, -3.504141421473150331E-15 ) ) ;
#7358 = EDGE_LOOP ( 'NONE', ( #2971, #7238, #4906, #6230 ) ) ;
#7359 = LINE ( 'NONE', #2679, #7693 ) ;
#7360 = EDGE_LOOP ( 'NONE', ( #5118, #6875, #5850, #6091 ) ) ;
#7361 = ORIENTED_EDGE ( 'NONE', *, *, #2056, .F. ) ;
#7362 = LINE ( 'NONE', #1316, #6044 ) ;
#7363 = DIRECTION ( 'NONE',  ( 0.000000000000000000, 2.952720810173289309E-15, 1.000000000000000000 ) ) ;
#7364 = ORIENTED_EDGE ( 'NONE', *, *, #5468, .T. ) ;
#7365 = DIRECTION ( 'NONE',  ( 1.000000000000000000, 0.000000000000000000, -0.000000000000000000 ) ) ;
#7366 = ORIENTED_EDGE ( 'NONE', *, *, #6755, .F. ) ;
#7367 = CARTESIAN_POINT ( 'NONE',  ( -299.1952621458755743, 29.87378638835426514, 0.4963810196291031929 ) ) ;
#7368 = ORIENTED_EDGE ( 'NONE', *, *, #3144, .F. ) ;
#7369 = EDGE_CURVE ( 'NONE', #2454, #4504, #2585, .T. ) ;
#7370 = EDGE_CURVE ( 'NONE', #3727, #2045, #5180, .T. ) ;
#7371 = ORIENTED_EDGE ( 'NONE', *, *, #4268, .T. ) ;
#7372 = ORIENTED_EDGE ( 'NONE', *, *, #7722, .T. ) ;
#7373 = CARTESIAN_POINT ( 'NONE',  ( 299.1708543776412057, -32.99833421199086558, -2.072733599874617916 ) ) ;
#7374 = DIRECTION ( 'NONE',  ( -0.000000000000000000, 1.000000000000000000, -3.498359009886561105E-15 ) ) ;
#7375 = EDGE_LOOP ( 'NONE', ( #2851, #2769, #1241, #1903 ) ) ;
#7376 = DIRECTION ( 'NONE',  ( 0.000000000000000000, 1.000000000000000000, 3.491481338843133355E-15 ) ) ;
#7377 = DIRECTION ( 'NONE',  ( -0.000000000000000000, 1.000000000000000000, -3.504141421473150331E-15 ) ) ;
#7378 = EDGE_CURVE ( 'NONE', #4603, #4979, #5868, .T. ) ;
#7379 = AXIS2_PLACEMENT_3D ( 'NONE', #3350, #2204, #5120 ) ;
#7380 = DIRECTION ( 'NONE',  ( 0.000000000000000000, 0.000000000000000000, 1.000000000000000000 ) ) ;
#7381 = CARTESIAN_POINT ( 'NONE',  ( 243.4350288425439146, -34.00000000000017764, 50.06497115745530380 ) ) ;
#7382 = ORIENTED_EDGE ( 'NONE', *, *, #7621, .T. ) ;
#7383 = DIRECTION ( 'NONE',  ( -0.000000000000000000, 1.000000000000000000, -3.504141421473150331E-15 ) ) ;
#7384 = ORIENTED_EDGE ( 'NONE', *, *, #7425, .T. ) ;
#7385 = EDGE_CURVE ( 'NONE', #3844, #6699, #7490, .T. ) ;
#7386 = CIRCLE ( 'NONE', #4258, 2.249999999999998668 ) ;
#7387 = EDGE_CURVE ( 'NONE', #557, #2144, #1953, .T. ) ;
#7388 = DIRECTION ( 'NONE',  ( -0.000000000000000000, -1.000000000000000000, -0.000000000000000000 ) ) ;
#7389 = DIRECTION ( 'NONE',  ( -0.000000000000000000, -1.000000000000000000, -0.000000000000000000 ) ) ;
#7390 = ADVANCED_FACE ( 'NONE', ( #5805 ), #5241, .F. ) ;
#7391 = CARTESIAN_POINT ( 'NONE',  ( -299.2928932188133331, 34.00000000000041922, 119.9999999999999858 ) ) ;
#7392 = CONICAL_SURFACE ( 'NONE', #4002, 3.149999999999999911, 0.7853981633974507215 ) ;
#7393 = CARTESIAN_POINT ( 'NONE',  ( 299.2928932188134468, -34.00000000000000711, 0.9999999999999731326 ) ) ;
#7394 = CARTESIAN_POINT ( 'NONE',  ( -299.7996668423980964, 29.17085437764119149, 0.3854532800250873303 ) ) ;
#7395 = DIRECTION ( 'NONE',  ( -0.000000000000000000, -1.000000000000000000, -0.000000000000000000 ) ) ;
#7396 = ORIENTED_EDGE ( 'NONE', *, *, #5529, .T. ) ;
#7397 = LINE ( 'NONE', #132, #4975 ) ;
#7398 = ORIENTED_EDGE ( 'NONE', *, *, #312, .F. ) ;
#7399 = AXIS2_PLACEMENT_3D ( 'NONE', #1474, #1947, #5649 ) ;
#7400 = EDGE_LOOP ( 'NONE', ( #2600, #1934 ) ) ;
#7401 = DIRECTION ( 'NONE',  ( 3.491481338843133355E-15, 0.000000000000000000, -1.000000000000000000 ) ) ;
#7402 = DIRECTION ( 'NONE',  ( 0.000000000000000000, 0.000000000000000000, -1.000000000000000000 ) ) ;
#7403 = ORIENTED_EDGE ( 'NONE', *, *, #2332, .T. ) ;
#7404 = AXIS2_PLACEMENT_3D ( 'NONE', #1936, #3835, #2011 ) ;
#7405 = CARTESIAN_POINT ( 'NONE',  ( -299.2928932188133331, -34.00000000000000000, 0.9999999999999783507 ) ) ;
#7406 = ORIENTED_EDGE ( 'NONE', *, *, #4618, .F. ) ;
#7407 = CARTESIAN_POINT ( 'NONE',  ( -299.0976310729377587, 29.50361898037090569, 0.1262136116457464874 ) ) ;
#7408 = ORIENTED_EDGE ( 'NONE', *, *, #3770, .T. ) ;
#7409 = ORIENTED_EDGE ( 'NONE', *, *, #6140, .F. ) ;
#7410 = CIRCLE ( 'NONE', #758, 1.700000000000007061 ) ;
#7411 = ORIENTED_EDGE ( 'NONE', *, *, #1228, .T. ) ;
#7412 = DIRECTION ( 'NONE',  ( 8.659560562354904508E-17, -0.7071067811865497932, 0.7071067811865452413 ) ) ;
#7413 = EDGE_CURVE ( 'NONE', #500, #3215, #4472, .T. ) ;
#7414 = DIRECTION ( 'NONE',  ( 0.000000000000000000, 3.349810850162163119E-15, 1.000000000000000000 ) ) ;
#7415 = VERTEX_POINT ( 'NONE', #3329 ) ;
#7416 = DIRECTION ( 'NONE',  ( 8.659560562354955045E-17, 0.7071067811865434649, -0.7071067811865516806 ) ) ;
#7417 = EDGE_CURVE ( 'NONE', #6123, #914, #2812, .T. ) ;
#7418 = CYLINDRICAL_SURFACE ( 'NONE', #5983, 2.249999999999988010 ) ;
#7419 = AXIS2_PLACEMENT_3D ( 'NONE', #5249, #1147, #2358 ) ;
#7420 = AXIS2_PLACEMENT_3D ( 'NONE', #4481, #6330, #1599 ) ;
#7421 = CYLINDRICAL_SURFACE ( 'NONE', #7420, 1.700000000000007061 ) ;
#7422 = DIRECTION ( 'NONE',  ( -0.000000000000000000, 1.000000000000000000, -3.504141421473150331E-15 ) ) ;
#7423 = VERTEX_POINT ( 'NONE', #7611 ) ;
#7424 = CARTESIAN_POINT ( 'NONE',  ( -118.9999999999999716, 32.55000000000037375, 108.2999999999999972 ) ) ;
#7425 = EDGE_CURVE ( 'NONE', #176, #939, #4625, .T. ) ;
#7426 = ORIENTED_EDGE ( 'NONE', *, *, #2977, .T. ) ;
#7427 = ADVANCED_FACE ( 'NONE', ( #5263 ), #7056, .F. ) ;
#7428 = AXIS2_PLACEMENT_3D ( 'NONE', #6195, #3284, #760 ) ;
#7429 = CARTESIAN_POINT ( 'NONE',  ( -299.0488155364689078, 30.30873942179639613, -3.869863383341573648 ) ) ;
#7430 = AXIS2_PLACEMENT_3D ( 'NONE', #5122, #5667, #2120 ) ;
#7431 = AXIS2_PLACEMENT_3D ( 'NONE', #1735, #2286, #1844 ) ;
#7432 = FACE_OUTER_BOUND ( 'NONE', #5407, .T. ) ;
#7433 = CARTESIAN_POINT ( 'NONE',  ( -304.0399999999999068, -29.29289321881345742, 0.9999999999999488187 ) ) ;
#7434 = CARTESIAN_POINT ( 'NONE',  ( -299.9346241805308750, 29.24407768234454608, 0.7488267301688363853 ) ) ;
#7435 = DIRECTION ( 'NONE',  ( 0.000000000000000000, -3.498359009886561105E-15, -1.000000000000000000 ) ) ;
#7436 = EDGE_LOOP ( 'NONE', ( #1465, #7682, #1275, #2725 ) ) ;
#7437 = FACE_OUTER_BOUND ( 'NONE', #725, .T. ) ;
#7438 = ORIENTED_EDGE ( 'NONE', *, *, #2470, .T. ) ;
#7439 = EDGE_CURVE ( 'NONE', #2815, #2497, #1508, .T. ) ;
#7440 = CIRCLE ( 'NONE', #553, 4.700000000000009948 ) ;
#7441 = DIRECTION ( 'NONE',  ( 0.000000000000000000, 3.498359009886561105E-15, 1.000000000000000000 ) ) ;
#7442 = ORIENTED_EDGE ( 'NONE', *, *, #3016, .T. ) ;
#7443 = CARTESIAN_POINT ( 'NONE',  ( -301.5180949018543970, 29.09763107293782269, -3.368931941771288407 ) ) ;
#7444 = AXIS2_PLACEMENT_3D ( 'NONE', #1836, #4171, #1872 ) ;
#7445 = DIRECTION ( 'NONE',  ( 0.000000000000000000, -4.081702296415999431E-15, 1.000000000000000000 ) ) ;
#7446 = ORIENTED_EDGE ( 'NONE', *, *, #3789, .T. ) ;
#7447 = AXIS2_PLACEMENT_3D ( 'NONE', #2910, #7712, #4729 ) ;
#7448 = DIRECTION ( 'NONE',  ( 0.000000000000000000, 0.000000000000000000, -1.000000000000000000 ) ) ;
#7449 = EDGE_LOOP ( 'NONE', ( #959, #2777 ) ) ;
#7450 = CARTESIAN_POINT ( 'NONE',  ( 262.0000000000000000, -31.55000000000010729, 33.74999999999975842 ) ) ;
#7451 = EDGE_CURVE ( 'NONE', #1320, #3827, #2213, .T. ) ;
#7452 = ORIENTED_EDGE ( 'NONE', *, *, #7752, .T. ) ;
#7453 = AXIS2_PLACEMENT_3D ( 'NONE', #7701, #4753, #6596 ) ;
#7454 = VERTEX_POINT ( 'NONE', #5102 ) ;
#7455 = ORIENTED_EDGE ( 'NONE', *, *, #1798, .F. ) ;
#7456 = CARTESIAN_POINT ( 'NONE',  ( 299.0976310729379861, -31.51809490185448226, -3.368931941771311056 ) ) ;
#7457 = DIRECTION ( 'NONE',  ( -0.000000000000000000, -1.000000000000000000, -0.000000000000000000 ) ) ;
#7458 = ORIENTED_EDGE ( 'NONE', *, *, #5176, .F. ) ;
#7459 = CARTESIAN_POINT ( 'NONE',  ( -299.9999999999999432, -29.29289321881345742, 0.000000000000000000 ) ) ;
#7460 = EDGE_LOOP ( 'NONE', ( #857, #7406 ) ) ;
#7461 = CARTESIAN_POINT ( 'NONE',  ( 299.0000000000000568, 29.00000000000000355, 5.204170427930421283E-15 ) ) ;
#7462 = AXIS2_PLACEMENT_3D ( 'NONE', #4828, #6051, #657 ) ;
#7463 = DIRECTION ( 'NONE',  ( 0.000000000000000000, 4.405646923115700682E-15, 1.000000000000000000 ) ) ;
#7464 = EDGE_CURVE ( 'NONE', #5405, #6706, #5728, .T. ) ;
#7465 = AXIS2_PLACEMENT_3D ( 'NONE', #4135, #244, #5830 ) ;
#7466 = CARTESIAN_POINT ( 'NONE',  ( 243.4350288425439146, -34.00000000000017764, 54.16497115745529811 ) ) ;
#7467 = DIRECTION ( 'NONE',  ( 0.000000000000000000, -1.000000000000000000, 3.491481338843133355E-15 ) ) ;
#7468 = EDGE_LOOP ( 'NONE', ( #2500, #4846, #5519, #6772 ) ) ;
#7469 = CARTESIAN_POINT ( 'NONE',  ( 243.4350288425443978, -30.00000000000027001, 76.93502884254417040 ) ) ;
#7470 = VERTEX_POINT ( 'NONE', #6660 ) ;
#7471 = VECTOR ( 'NONE', #3809, 1000.000000000000114 ) ;
#7472 = FACE_BOUND ( 'NONE', #6388, .T. ) ;
#7473 = EDGE_CURVE ( 'NONE', #2490, #1634, #2340, .T. ) ;
#7474 = AXIS2_PLACEMENT_3D ( 'NONE', #5193, #7622, #5312 ) ;
#7475 = CARTESIAN_POINT ( 'NONE',  ( 299.2684811992173763, -29.95959999999999823, 0.8743668056868694194 ) ) ;
#7476 = CYLINDRICAL_SURFACE ( 'NONE', #2923, 2.249999999999974243 ) ;
#7477 = DIRECTION ( 'NONE',  ( -0.000000000000000000, 1.000000000000000000, -3.504141421473150331E-15 ) ) ;
#7478 = DIRECTION ( 'NONE',  ( 0.000000000000000000, 3.469446951953631938E-15, 1.000000000000000000 ) ) ;
#7479 = ORIENTED_EDGE ( 'NONE', *, *, #4859, .T. ) ;
#7480 = CARTESIAN_POINT ( 'NONE',  ( -174.0000000000000000, -34.00000000000038369, 109.9999999999999858 ) ) ;
#7481 = DIRECTION ( 'NONE',  ( -0.000000000000000000, 1.000000000000000000, -3.504141421473150331E-15 ) ) ;
#7482 = AXIS2_PLACEMENT_3D ( 'NONE', #1586, #5724, #460 ) ;
#7483 = DIRECTION ( 'NONE',  ( -0.000000000000000000, 1.000000000000000000, -3.504141421473150331E-15 ) ) ;
#7484 = ORIENTED_EDGE ( 'NONE', *, *, #3946, .T. ) ;
#7485 = CARTESIAN_POINT ( 'NONE',  ( 2.755455298081546257E-16, 30.00000000000019895, 56.75000000000000711 ) ) ;
#7486 = CARTESIAN_POINT ( 'NONE',  ( 25.00000000000000000, 34.00000000000032685, 93.69999999999997442 ) ) ;
#7487 = EDGE_LOOP ( 'NONE', ( #1462, #3717 ) ) ;
#7488 = DIRECTION ( 'NONE',  ( 0.000000000000000000, 3.083952846180992055E-15, 1.000000000000000000 ) ) ;
#7489 = ORIENTED_EDGE ( 'NONE', *, *, #7722, .F. ) ;
#7490 = LINE ( 'NONE', #6313, #2076 ) ;
#7491 = VERTEX_POINT ( 'NONE', #2372 ) ;
#7492 = EDGE_CURVE ( 'NONE', #6265, #5025, #5477, .T. ) ;
#7493 = VERTEX_POINT ( 'NONE', #2933 ) ;
#7494 = FACE_OUTER_BOUND ( 'NONE', #1787, .T. ) ;
#7495 = EDGE_CURVE ( 'NONE', #7646, #292, #1215, .T. ) ;
#7496 = CARTESIAN_POINT ( 'NONE',  ( 25.00000000000000000, 30.00000000000009592, 26.75000000000000355 ) ) ;
#7497 = ORIENTED_EDGE ( 'NONE', *, *, #5346, .F. ) ;
#7498 = DIRECTION ( 'NONE',  ( -0.000000000000000000, -1.000000000000000000, -0.000000000000000000 ) ) ;
#7499 = VERTEX_POINT ( 'NONE', #3564 ) ;
#7500 = CARTESIAN_POINT ( 'NONE',  ( 299.0244120195961273, 29.12563319431311726, 0.04040000000000518871 ) ) ;
#7501 = DIRECTION ( 'NONE',  ( -0.000000000000000000, -1.000000000000000000, -0.000000000000000000 ) ) ;
#7502 = DIRECTION ( 'NONE',  ( -0.000000000000000000, -1.000000000000000000, -0.000000000000000000 ) ) ;
#7503 = CARTESIAN_POINT ( 'NONE',  ( -299.9999999999999432, 29.29289321881345742, 1.000000000000000888 ) ) ;
#7504 = ORIENTED_EDGE ( 'NONE', *, *, #1283, .F. ) ;
#7505 = DIRECTION ( 'NONE',  ( -1.000000000000000000, -6.068685501845197767E-32, 1.734723475976807403E-17 ) ) ;
#7506 = EDGE_LOOP ( 'NONE', ( #3900, #2112, #3009, #6315 ) ) ;
#7507 = CARTESIAN_POINT ( 'NONE',  ( -299.2684854505789644, 34.00000000000000000, 0.3455015305021084671 ) ) ;
#7508 = AXIS2_PLACEMENT_3D ( 'NONE', #6033, #488, #3514 ) ;
#7509 = CARTESIAN_POINT ( 'NONE',  ( 299.1708543776412625, -29.76736030196529015, 0.4102809675120577260 ) ) ;
#7510 = DIRECTION ( 'NONE',  ( 8.659560562354932858E-17, -0.7071067811865474617, 0.7071067811865474617 ) ) ;
#7511 = ADVANCED_FACE ( 'NONE', ( #6043 ), #6635, .F. ) ;
#7512 = CARTESIAN_POINT ( 'NONE',  ( 303.4038833973054921, 29.19526214587564183, -1.538239661069380704 ) ) ;
#7513 = CONICAL_SURFACE ( 'NONE', #733, 4.699999999999995737, 0.7853981633974482790 ) ;
#7514 = VECTOR ( 'NONE', #1033, 1000.000000000000000 ) ;
#7515 = ORIENTED_EDGE ( 'NONE', *, *, #3568, .F. ) ;
#7516 = EDGE_CURVE ( 'NONE', #7270, #7035, #2453, .T. ) ;
#7517 = DIRECTION ( 'NONE',  ( 0.000000000000000000, 4.081702296415999431E-15, 1.000000000000000000 ) ) ;
#7518 = CYLINDRICAL_SURFACE ( 'NONE', #1600, 1.000000000000004441 ) ;
#7519 = AXIS2_PLACEMENT_3D ( 'NONE', #7080, #3426, #1692 ) ;
#7520 = LINE ( 'NONE', #5048, #4380 ) ;
#7521 = ORIENTED_EDGE ( 'NONE', *, *, #1607, .F. ) ;
#7522 = CARTESIAN_POINT ( 'NONE',  ( 25.00000000000000000, 30.00000000000021316, 61.25000000000000000 ) ) ;
#7523 = LINE ( 'NONE', #958, #5554 ) ;
#7524 = ORIENTED_EDGE ( 'NONE', *, *, #6344, .F. ) ;
#7525 = FACE_OUTER_BOUND ( 'NONE', #2576, .T. ) ;
#7526 = ORIENTED_EDGE ( 'NONE', *, *, #4101, .T. ) ;
#7527 = EDGE_CURVE ( 'NONE', #3919, #6393, #4196, .T. ) ;
#7528 = CARTESIAN_POINT ( 'NONE',  ( 262.0000000000000000, -34.00000000000033396, 95.49999999999977263 ) ) ;
#7529 = CIRCLE ( 'NONE', #240, 1.699999999999979305 ) ;
#7530 = VERTEX_POINT ( 'NONE', #3010 ) ;
#7531 = EDGE_CURVE ( 'NONE', #3637, #6470, #5408, .T. ) ;
#7532 = EDGE_LOOP ( 'NONE', ( #6979, #3502 ) ) ;
#7533 = VECTOR ( 'NONE', #4628, 1000.000000000000114 ) ;
#7534 = DIRECTION ( 'NONE',  ( -0.000000000000000000, -1.000000000000000000, -0.000000000000000000 ) ) ;
#7535 = CARTESIAN_POINT ( 'NONE',  ( -299.0244120210276719, -29.13092250177530218, -8.687555074692373833E-15 ) ) ;
#7536 = VERTEX_POINT ( 'NONE', #3089 ) ;
#7537 = ADVANCED_FACE ( 'NONE', ( #1311 ), #1577, .F. ) ;
#7538 = LINE ( 'NONE', #1009, #2948 ) ;
#7539 = VERTEX_POINT ( 'NONE', #96 ) ;
#7540 = CARTESIAN_POINT ( 'NONE',  ( 299.2928932188134468, 34.03999999999999915, 0.9999999999999622524 ) ) ;
#7541 = DIRECTION ( 'NONE',  ( -0.000000000000000000, 1.000000000000000000, -3.504141421473150331E-15 ) ) ;
#7542 = CIRCLE ( 'NONE', #5409, 4.699999999999995737 ) ;
#7543 = EDGE_CURVE ( 'NONE', #1022, #1331, #1893, .T. ) ;
#7544 = DIRECTION ( 'NONE',  ( -1.000000000000000000, -0.000000000000000000, -0.000000000000000000 ) ) ;
#7545 = CARTESIAN_POINT ( 'NONE',  ( -197.9999999999999716, -30.00000000000011724, 33.74999999999978684 ) ) ;
#7546 = CONICAL_SURFACE ( 'NONE', #1884, 4.700000000000002842, 0.7853981633974482790 ) ;
#7547 = FACE_OUTER_BOUND ( 'NONE', #2590, .T. ) ;
#7548 = ORIENTED_EDGE ( 'NONE', *, *, #346, .F. ) ;
#7549 = LINE ( 'NONE', #2155, #911 ) ;
#7550 = EDGE_LOOP ( 'NONE', ( #5412, #833, #6931, #4626 ) ) ;
#7551 = EDGE_CURVE ( 'NONE', #5720, #3966, #1711, .T. ) ;
#7552 = FACE_BOUND ( 'NONE', #2346, .T. ) ;
#7553 = AXIS2_PLACEMENT_3D ( 'NONE', #5074, #6991, #6955 ) ;
#7554 = FACE_OUTER_BOUND ( 'NONE', #3287, .T. ) ;
#7555 = DIRECTION ( 'NONE',  ( 0.000000000000000000, 4.405646923115700682E-15, 1.000000000000000000 ) ) ;
#7556 = CARTESIAN_POINT ( 'NONE',  ( 303.0303208856867627, 29.17085437764118794, -2.097315468673647043 ) ) ;
#7557 = AXIS2_PLACEMENT_3D ( 'NONE', #5901, #7029, #2987 ) ;
#7558 = ORIENTED_EDGE ( 'NONE', *, *, #6852, .T. ) ;
#7559 = DIRECTION ( 'NONE',  ( -0.000000000000000000, -1.000000000000000000, -0.000000000000000000 ) ) ;
#7560 = EDGE_CURVE ( 'NONE', #4627, #6361, #6232, .T. ) ;
#7561 = VECTOR ( 'NONE', #4488, 1000.000000000000000 ) ;
#7562 = CARTESIAN_POINT ( 'NONE',  ( -25.00000000000000000, 30.00000000000010303, 29.00000000000000355 ) ) ;
#7563 = EDGE_LOOP ( 'NONE', ( #6442, #1426, #4407, #7368 ) ) ;
#7564 = CARTESIAN_POINT ( 'NONE',  ( -174.0000000000000000, 34.00000000000039790, 113.1499999999999773 ) ) ;
#7565 = FACE_OUTER_BOUND ( 'NONE', #141, .T. ) ;
#7566 = VERTEX_POINT ( 'NONE', #6695 ) ;
#7567 = CYLINDRICAL_SURFACE ( 'NONE', #1812, 2.250000000000001776 ) ;
#7568 = ORIENTED_EDGE ( 'NONE', *, *, #3264, .T. ) ;
#7569 = AXIS2_PLACEMENT_3D ( 'NONE', #4180, #6067, #7158 ) ;
#7570 = LINE ( 'NONE', #6473, #954 ) ;
#7571 = ORIENTED_EDGE ( 'NONE', *, *, #4098, .F. ) ;
#7572 = B_SPLINE_SURFACE_WITH_KNOTS ( 'NONE', 1, 3, ( 
 ( #5251, #4018, #325, #7512, #7556, #4572, #5123, #6460, #6920, #2121 ),
 ( #4655, #5710, #2084, #1574, #6419, #7042, #1028, #6298, #7598, #4529 ),
 ( #1493, #5748, #447, #3431, #3354, #5210, #5837, #3274, #1652, #7001 ),
 ( #1534, #2209, #2752, #906, #3941, #5668, #363, #282, #403, #4064 ) ),
 .UNSPECIFIED., .F., .F., .F.,
 ( 2, 1, 1, 2 ),
 ( 4, 2, 2, 2, 4 ),
 ( -0.01000000000000000021, 0.000000000000000000, 1.000000000000000000, 1.010099999999999998 ),
 ( 0.000000000000000000, 0.2500000000000000000, 0.5000000000000000000, 0.7500000000000000000, 1.000000000000000000 ),
 .UNSPECIFIED. ) ;
#7573 = ORIENTED_EDGE ( 'NONE', *, *, #4371, .F. ) ;
#7574 = AXIS2_PLACEMENT_3D ( 'NONE', #5955, #6611, #567 ) ;
#7575 = ADVANCED_FACE ( 'NONE', ( #6811 ), #3787, .F. ) ;
#7576 = AXIS2_PLACEMENT_3D ( 'NONE', #4054, #4134, #6024 ) ;
#7577 = CYLINDRICAL_SURFACE ( 'NONE', #2380, 32.00000000000005684 ) ;
#7578 = CARTESIAN_POINT ( 'NONE',  ( -25.00000000000000000, -30.00000000000009237, 26.74999999999976552 ) ) ;
#7579 = VERTEX_POINT ( 'NONE', #5634 ) ;
#7580 = CARTESIAN_POINT ( 'NONE',  ( 262.0000000000000000, -31.55000000000032756, 93.24999999999980105 ) ) ;
#7581 = ORIENTED_EDGE ( 'NONE', *, *, #7217, .T. ) ;
#7582 = CARTESIAN_POINT ( 'NONE',  ( 299.2440776823445390, 33.86986338334156699, -0.3087394217964312682 ) ) ;
#7583 = LINE ( 'NONE', #6947, #6839 ) ;
#7584 = AXIS2_PLACEMENT_3D ( 'NONE', #7657, #7620, #5311 ) ;
#7585 = CARTESIAN_POINT ( 'NONE',  ( -63.99999999999997158, -34.00000000000038369, 109.9999999999999858 ) ) ;
#7586 = CIRCLE ( 'NONE', #5834, 2.249999999999974243 ) ;
#7587 = LINE ( 'NONE', #2197, #3790 ) ;
#7588 = DIRECTION ( 'NONE',  ( 0.000000000000000000, 0.7071067811865500152, 0.7071067811865451302 ) ) ;
#7589 = ORIENTED_EDGE ( 'NONE', *, *, #2881, .F. ) ;
#7590 = DIRECTION ( 'NONE',  ( 1.000000000000000000, 0.000000000000000000, 3.491481338843133355E-15 ) ) ;
#7591 = EDGE_LOOP ( 'NONE', ( #151, #498, #5838, #3047 ) ) ;
#7592 = FACE_BOUND ( 'NONE', #2727, .T. ) ;
#7593 = AXIS2_PLACEMENT_3D ( 'NONE', #4152, #3561, #7095 ) ;
#7594 = CARTESIAN_POINT ( 'NONE',  ( 299.1952621458756880, -33.36893194177127242, -1.518094901854546652 ) ) ;
#7595 = CARTESIAN_POINT ( 'NONE',  ( 25.00000000000000000, 31.55000000000010019, 26.74999999999999645 ) ) ;
#7596 = ADVANCED_FACE ( 'NONE', ( #3714 ), #4889, .F. ) ;
#7597 = AXIS2_PLACEMENT_3D ( 'NONE', #3603, #2408, #6809 ) ;
#7598 = CARTESIAN_POINT ( 'NONE',  ( 299.6546163099071123, 29.02441216277704683, -3.999999999999996447 ) ) ;
#7599 = ORIENTED_EDGE ( 'NONE', *, *, #7660, .F. ) ;
#7600 = CARTESIAN_POINT ( 'NONE',  ( 2.755455298081542313E-16, 34.00000000000020606, 56.74999999999999289 ) ) ;
#7601 = DIRECTION ( 'NONE',  ( 0.000000000000000000, 3.469446951953635488E-15, 1.000000000000000000 ) ) ;
#7602 = CIRCLE ( 'NONE', #2574, 2.249999999999988010 ) ;
#7603 = FACE_OUTER_BOUND ( 'NONE', #3678, .T. ) ;
#7604 = VERTEX_POINT ( 'NONE', #6118 ) ;
#7605 = CARTESIAN_POINT ( 'NONE',  ( 25.00000000000000000, 34.00000000000010658, 28.99999999999998934 ) ) ;
#7606 = DIRECTION ( 'NONE',  ( 0.000000000000000000, 0.000000000000000000, 1.000000000000000000 ) ) ;
#7607 = ORIENTED_EDGE ( 'NONE', *, *, #6701, .T. ) ;
#7608 = DIRECTION ( 'NONE',  ( 0.000000000000000000, -4.081702296416033352E-15, 1.000000000000000000 ) ) ;
#7609 = EDGE_LOOP ( 'NONE', ( #1385, #5758, #6052, #3964 ) ) ;
#7610 = CONICAL_SURFACE ( 'NONE', #7741, 3.149999999999986144, 0.7853981633974411736 ) ;
#7611 = CARTESIAN_POINT ( 'NONE',  ( 304.0000000000005116, -29.29289321881345387, 119.9999999999999858 ) ) ;
#7612 = ORIENTED_EDGE ( 'NONE', *, *, #2535, .T. ) ;
#7613 = ORIENTED_EDGE ( 'NONE', *, *, #3488, .F. ) ;
#7614 = AXIS2_PLACEMENT_3D ( 'NONE', #3747, #4457, #2005 ) ;
#7615 = CARTESIAN_POINT ( 'NONE',  ( 262.0000000000000000, -31.55000000000032756, 95.49999999999977263 ) ) ;
#7616 = CARTESIAN_POINT ( 'NONE',  ( -299.2684810546188601, -34.03999999999999915, 0.3401467520116461252 ) ) ;
#7617 = ORIENTED_EDGE ( 'NONE', *, *, #2028, .F. ) ;
#7618 = DIRECTION ( 'NONE',  ( 0.000000000000000000, 0.000000000000000000, 1.000000000000000000 ) ) ;
#7619 = ORIENTED_EDGE ( 'NONE', *, *, #4281, .F. ) ;
#7620 = DIRECTION ( 'NONE',  ( -0.000000000000000000, -1.000000000000000000, -0.000000000000000000 ) ) ;
#7621 = EDGE_CURVE ( 'NONE', #5582, #5058, #7281, .T. ) ;
#7622 = DIRECTION ( 'NONE',  ( -0.000000000000000000, 1.000000000000000000, 3.498359009886561105E-15 ) ) ;
#7623 = EDGE_CURVE ( 'NONE', #4512, #5458, #4732, .T. ) ;
#7624 = CARTESIAN_POINT ( 'NONE',  ( -298.9999999999999432, -29.00000000000000000, 0.000000000000000000 ) ) ;
#7625 = CARTESIAN_POINT ( 'NONE',  ( 262.0000000000000000, -34.00000000000033396, 95.49999999999977263 ) ) ;
#7626 = CARTESIAN_POINT ( 'NONE',  ( -25.00000000000000000, -30.00000000000031974, 91.24999999999971578 ) ) ;
#7627 = ORIENTED_EDGE ( 'NONE', *, *, #5422, .T. ) ;
#7628 = DIRECTION ( 'NONE',  ( 0.000000000000000000, 0.000000000000000000, -1.000000000000000000 ) ) ;
#7629 = CARTESIAN_POINT ( 'NONE',  ( -304.0000000000003979, -29.29289321881345742, 119.9999999999999858 ) ) ;
#7630 = ORIENTED_EDGE ( 'NONE', *, *, #36, .F. ) ;
#7631 = EDGE_CURVE ( 'NONE', #130, #7491, #7397, .T. ) ;
#7632 = CARTESIAN_POINT ( 'NONE',  ( -284.0000000000000000, 34.00000000000039080, 111.6999999999999602 ) ) ;
#7633 = DIRECTION ( 'NONE',  ( 0.000000000000000000, -0.7071067811865474617, -0.7071067811865474617 ) ) ;
#7634 = CARTESIAN_POINT ( 'NONE',  ( -276.4999999999999432, 34.00000000000027001, 77.99999999999975842 ) ) ;
#7635 = CARTESIAN_POINT ( 'NONE',  ( 118.9999999999999716, -32.55000000000038085, 109.9999999999999858 ) ) ;
#7636 = ORIENTED_EDGE ( 'NONE', *, *, #3156, .F. ) ;
#7637 = CYLINDRICAL_SURFACE ( 'NONE', #7164, 4.999999999999997335 ) ;
#7638 = DIRECTION ( 'NONE',  ( -0.000000000000000000, 1.000000000000000000, 3.498359009886561105E-15 ) ) ;
#7639 = ADVANCED_FACE ( 'NONE', ( #7437 ), #4303, .F. ) ;
#7640 = LINE ( 'NONE', #2251, #3260 ) ;
#7641 = ORIENTED_EDGE ( 'NONE', *, *, #346, .T. ) ;
#7642 = FACE_OUTER_BOUND ( 'NONE', #5534, .T. ) ;
#7643 = DIRECTION ( 'NONE',  ( -0.000000000000000000, -1.000000000000000000, -0.000000000000000000 ) ) ;
#7644 = ORIENTED_EDGE ( 'NONE', *, *, #425, .T. ) ;
#7645 = DIRECTION ( 'NONE',  ( -0.000000000000000000, 1.000000000000000000, -3.498359009886561105E-15 ) ) ;
#7646 = VERTEX_POINT ( 'NONE', #2635 ) ;
#7647 = DIRECTION ( 'NONE',  ( 0.000000000000000000, -3.965082230804154280E-15, -1.000000000000000000 ) ) ;
#7648 = ORIENTED_EDGE ( 'NONE', *, *, #1300, .F. ) ;
#7649 = EDGE_CURVE ( 'NONE', #6648, #468, #3828, .T. ) ;
#7650 = EDGE_LOOP ( 'NONE', ( #1202, #5532, #5265, #4752 ) ) ;
#7651 = DIRECTION ( 'NONE',  ( -0.000000000000000000, -1.000000000000000000, -0.000000000000000000 ) ) ;
#7652 = DIRECTION ( 'NONE',  ( 0.000000000000000000, 0.000000000000000000, -1.000000000000000000 ) ) ;
#7653 = ORIENTED_EDGE ( 'NONE', *, *, #838, .T. ) ;
#7654 = VECTOR ( 'NONE', #3418, 1000.000000000000000 ) ;
#7655 = CARTESIAN_POINT ( 'NONE',  ( -216.5649711574557443, -34.00000000000027001, 76.93502884254469620 ) ) ;
#7656 = ORIENTED_EDGE ( 'NONE', *, *, #5391, .F. ) ;
#7657 = CARTESIAN_POINT ( 'NONE',  ( 284.0000000000000000, -34.00000000000038369, 109.9999999999999858 ) ) ;
#7658 = CARTESIAN_POINT ( 'NONE',  ( 215.4999999999999432, 24.00000000000027001, 78.00000000000009948 ) ) ;
#7659 = AXIS2_PLACEMENT_3D ( 'NONE', #2855, #3332, #2225 ) ;
#7660 = EDGE_CURVE ( 'NONE', #7493, #6738, #174, .T. ) ;
#7661 = DIRECTION ( 'NONE',  ( -0.000000000000000000, -1.000000000000000000, -0.000000000000000000 ) ) ;
#7662 = EDGE_CURVE ( 'NONE', #727, #3088, #3605, .T. ) ;
#7663 = CARTESIAN_POINT ( 'NONE',  ( -63.99999999999997158, 32.55000000000038085, 109.9999999999999858 ) ) ;
#7664 = LINE ( 'NONE', #2908, #786 ) ;
#7665 = ORIENTED_EDGE ( 'NONE', *, *, #2203, .T. ) ;
#7666 = DIRECTION ( 'NONE',  ( 0.000000000000000000, 0.000000000000000000, -1.000000000000000000 ) ) ;
#7667 = LOCAL_TIME ( 23, 14, 47.00000000000000000, #605 ) ;
#7668 = CARTESIAN_POINT ( 'NONE',  ( -284.0000000000000000, -34.00000000000038369, 109.9999999999999858 ) ) ;
#7669 = AXIS2_PLACEMENT_3D ( 'NONE', #6890, #957, #3440 ) ;
#7670 = FACE_OUTER_BOUND ( 'NONE', #296, .T. ) ;
#7671 = VECTOR ( 'NONE', #4015, 1000.000000000000000 ) ;
#7672 = EDGE_CURVE ( 'NONE', #699, #3053, #3224, .T. ) ;
#7673 = CARTESIAN_POINT ( 'NONE',  ( 304.0000000000005116, -30.00000000000000000, 119.9999999999999858 ) ) ;
#7674 = LINE ( 'NONE', #2244, #4692 ) ;
#7675 = LINE ( 'NONE', #485, #6934 ) ;
#7676 = ADVANCED_FACE ( 'NONE', ( #6151 ), #3674, .F. ) ;
#7677 = EDGE_LOOP ( 'NONE', ( #7064, #5010, #1950, #1829 ) ) ;
#7678 = PERSON_AND_ORGANIZATION_ROLE ( 'classification_officer' ) ;
#7679 = VECTOR ( 'NONE', #1368, 1000.000000000000000 ) ;
#7680 = CARTESIAN_POINT ( 'NONE',  ( 63.99999999999997158, -34.00000000000038369, 109.9999999999999858 ) ) ;
#7681 = CARTESIAN_POINT ( 'NONE',  ( 299.0488155364689078, 29.26179938779914735, 5.191464933721605200E-15 ) ) ;
#7682 = ORIENTED_EDGE ( 'NONE', *, *, #6636, .F. ) ;
#7683 = CIRCLE ( 'NONE', #5550, 1.699999999999979305 ) ;
#7684 = CARTESIAN_POINT ( 'NONE',  ( 300.0000000000000568, -30.00000000000000000, 1.000000000000000888 ) ) ;
#7685 = CARTESIAN_POINT ( 'NONE',  ( 262.0000000000000000, -30.00000000000010303, 29.24999999999981171 ) ) ;
#7686 = VERTEX_POINT ( 'NONE', #4968 ) ;
#7687 = LINE ( 'NONE', #4666, #6961 ) ;
#7688 = EDGE_LOOP ( 'NONE', ( #804, #629 ) ) ;
#7689 = EDGE_CURVE ( 'NONE', #1323, #4522, #7359, .T. ) ;
#7690 = CARTESIAN_POINT ( 'NONE',  ( 299.2511732698312130, -29.04881553646890779, 0.06537581946908796460 ) ) ;
#7691 = ORIENTED_EDGE ( 'NONE', *, *, #4429, .F. ) ;
#7692 = AXIS2_PLACEMENT_3D ( 'NONE', #2642, #5051, #1317 ) ;
#7693 = VECTOR ( 'NONE', #3277, 1000.000000000000000 ) ;
#7694 = ORIENTED_EDGE ( 'NONE', *, *, #4199, .T. ) ;
#7695 = FACE_BOUND ( 'NONE', #6595, .T. ) ;
#7696 = DIRECTION ( 'NONE',  ( -1.000000000000000000, -0.000000000000000000, -0.000000000000000000 ) ) ;
#7697 = CIRCLE ( 'NONE', #4305, 2.249999999999998668 ) ;
#7698 = ORIENTED_EDGE ( 'NONE', *, *, #2791, .F. ) ;
#7699 = AXIS2_PLACEMENT_3D ( 'NONE', #609, #2406, #7211 ) ;
#7700 = ADVANCED_FACE ( 'NONE', ( #6301 ), #2782, .F. ) ;
#7701 = CARTESIAN_POINT ( 'NONE',  ( 216.5649711574550906, -31.85000000000017550, 50.06497115745585802 ) ) ;
#7702 = ORIENTED_EDGE ( 'NONE', *, *, #1361, .T. ) ;
#7703 = DIRECTION ( 'NONE',  ( -1.000000000000000000, 0.000000000000000000, 0.000000000000000000 ) ) ;
#7704 = CARTESIAN_POINT ( 'NONE',  ( 262.0000000000000000, -34.00000000000033396, 95.49999999999977263 ) ) ;
#7705 = AXIS2_PLACEMENT_3D ( 'NONE', #7720, #7000, #5250 ) ;
#7706 = CIRCLE ( 'NONE', #7199, 1.950000000000007283 ) ;
#7707 = DIRECTION ( 'NONE',  ( -0.000000000000000000, -1.000000000000000000, -0.000000000000000000 ) ) ;
#7708 = B_SPLINE_SURFACE_WITH_KNOTS ( 'NONE', 1, 3, ( 
 ( #6731, #4883, #4257, #3741, #2593, #4963, #7354, #7276, #5000, #6221 ),
 ( #827, #1886, #1572, #7594, #1025, #2712, #6962, #904, #4609, #2748 ),
 ( #3978, #3939, #5835, #5786, #6918, #6376, #2082, #1452, #3429, #2207 ),
 ( #2673, #7475, #984, #6999, #7509, #947, #6417, #5707, #401, #3897 ) ),
 .UNSPECIFIED., .F., .F., .F.,
 ( 2, 1, 1, 2 ),
 ( 4, 2, 2, 2, 4 ),
 ( -0.01000000000000000021, 0.000000000000000000, 1.000000000000000000, 1.010099999999999998 ),
 ( 0.000000000000000000, 0.2500000000000000000, 0.5000000000000000000, 0.7500000000000000000, 1.000000000000000000 ),
 .UNSPECIFIED. ) ;
#7709 = DIRECTION ( 'NONE',  ( -0.000000000000000000, 1.000000000000000000, -3.498359009886561105E-15 ) ) ;
#7710 = CARTESIAN_POINT ( 'NONE',  ( 215.5000000000001705, 30.00000000000016698, 110.0000000000000568 ) ) ;
#7711 = ORIENTED_EDGE ( 'NONE', *, *, #7551, .F. ) ;
#7712 = DIRECTION ( 'NONE',  ( -0.000000000000000000, -1.000000000000000000, -0.000000000000000000 ) ) ;
#7713 = VECTOR ( 'NONE', #4905, 1000.000000000000114 ) ;
#7714 = CONICAL_SURFACE ( 'NONE', #5579, 4.700000000000002842, 0.7853981633974482790 ) ;
#7715 = CARTESIAN_POINT ( 'NONE',  ( 244.4999999999997442, 34.00000000000039080, 110.0000000000000426 ) ) ;
#7716 = ADVANCED_FACE ( 'NONE', ( #1495 ), #286, .F. ) ;
#7717 = CYLINDRICAL_SURFACE ( 'NONE', #5636, 1.950000000000007283 ) ;
#7718 = VECTOR ( 'NONE', #6441, 1000.000000000000000 ) ;
#7719 = CARTESIAN_POINT ( 'NONE',  ( 63.99999999999997158, 34.00000000000039790, 113.1499999999999915 ) ) ;
#7720 = CARTESIAN_POINT ( 'NONE',  ( -118.9999999999999716, -34.00000000000038369, 109.9999999999999858 ) ) ;
#7721 = DIRECTION ( 'NONE',  ( 0.000000000000000000, -1.000000000000000000, 3.498359009886561105E-15 ) ) ;
#7722 = EDGE_CURVE ( 'NONE', #6648, #879, #4029, .T. ) ;
#7723 = VERTEX_POINT ( 'NONE', #4531 ) ;
#7724 = AXIS2_PLACEMENT_3D ( 'NONE', #1972, #7012, #7608 ) ;
#7725 = ADVANCED_FACE ( 'NONE', ( #3433 ), #5090, .F. ) ;
#7726 = PERSON_AND_ORGANIZATION_ROLE ( 'design_supplier' ) ;
#7727 = B_SPLINE_CURVE_WITH_KNOTS ( 'NONE', 3,
 ( #457, #920, #2810, #3445, #2220, #6431 ),
 .UNSPECIFIED., .F., .F.,
 ( 4, 2, 4 ),
 ( 0.000000000000000000, 0.5000000000000000000, 1.000000000000000000 ),
 .UNSPECIFIED. ) ;
#7728 = DIRECTION ( 'NONE',  ( 0.000000000000000000, 0.000000000000000000, -1.000000000000000000 ) ) ;
#7729 = ADVANCED_FACE ( 'NONE', ( #6421 ), #6342, .F. ) ;
#7730 = CARTESIAN_POINT ( 'NONE',  ( 2.755455298081537875E-16, 30.00000000000030909, 86.75000000000000000 ) ) ;
#7731 = CARTESIAN_POINT ( 'NONE',  ( 25.00000000000000000, 34.00000000000020606, 56.74999999999999289 ) ) ;
#7732 = DIRECTION ( 'NONE',  ( -0.000000000000000000, -1.000000000000000000, -0.000000000000000000 ) ) ;
#7733 = ORIENTED_EDGE ( 'NONE', *, *, #7147, .T. ) ;
#7734 = FACE_OUTER_BOUND ( 'NONE', #1119, .T. ) ;
#7735 = ORIENTED_EDGE ( 'NONE', *, *, #4983, .F. ) ;
#7736 = CARTESIAN_POINT ( 'NONE',  ( -118.9999999999999716, -30.00000000000038369, 109.9999999999999858 ) ) ;
#7737 = ORIENTED_EDGE ( 'NONE', *, *, #6134, .T. ) ;
#7738 = AXIS2_PLACEMENT_3D ( 'NONE', #6831, #7501, #2544 ) ;
#7739 = ORIENTED_EDGE ( 'NONE', *, *, #2060, .F. ) ;
#7740 = FACE_BOUND ( 'NONE', #923, .T. ) ;
#7741 = AXIS2_PLACEMENT_3D ( 'NONE', #472, #3339, #5273 ) ;
#7742 = ORIENTED_EDGE ( 'NONE', *, *, #3453, .F. ) ;
#7743 = CARTESIAN_POINT ( 'NONE',  ( 25.00000000000000000, -31.55000000000030624, 91.24999999999971578 ) ) ;
#7744 = ORIENTED_EDGE ( 'NONE', *, *, #4255, .T. ) ;
#7745 = CARTESIAN_POINT ( 'NONE',  ( 0.000000000000000000, 0.000000000000000000, 0.000000000000000000 ) ) ;
#7746 = ADVANCED_FACE ( 'NONE', ( #366 ), #7637, .T. ) ;
#7747 = DIRECTION ( 'NONE',  ( -0.000000000000000000, 1.000000000000000000, -3.504141421473150331E-15 ) ) ;
#7748 = EDGE_CURVE ( 'NONE', #2036, #6361, #7003, .T. ) ;
#7749 = AXIS2_PLACEMENT_3D ( 'NONE', #5044, #719, #5601 ) ;
#7750 = EDGE_CURVE ( 'NONE', #6980, #550, #1616, .T. ) ;
#7751 = CARTESIAN_POINT ( 'NONE',  ( 299.6544984694979235, -29.02440776823445390, -3.999999999999995559 ) ) ;
#7752 = EDGE_CURVE ( 'NONE', #3990, #3330, #4525, .T. ) ;
#7753 = CARTESIAN_POINT ( 'NONE',  ( -298.9999999999999432, -29.00000000000000355, -3.999999999999996447 ) ) ;
#7754 = DIRECTION ( 'NONE',  ( 0.000000000000000000, 0.000000000000000000, -1.000000000000000000 ) ) ;
#7755 = ORIENTED_EDGE ( 'NONE', *, *, #1144, .F. ) ;
#7756 = DIRECTION ( 'NONE',  ( 8.659560562354940254E-17, -0.7071067811865470176, 0.7071067811865481278 ) ) ;
#7757 = CARTESIAN_POINT ( 'NONE',  ( 25.00000000000000000, 30.00000000000031619, 89.00000000000000000 ) ) ;
#7758 = CARTESIAN_POINT ( 'NONE',  ( 284.0000000000000000, -32.55000000000038085, 111.6999999999999602 ) ) ;
#7759 = CARTESIAN_POINT ( 'NONE',  ( -284.0000000000000000, 32.55000000000038796, 111.6999999999999602 ) ) ;
#7760 = CARTESIAN_POINT ( 'NONE',  ( 0.000000000000000000, 34.00000000000012079, 33.69999999999999574 ) ) ;
#7761 = CARTESIAN_POINT ( 'NONE',  ( 183.4999999999999432, 34.00000000000017764, 49.00000000000027001 ) ) ;
#7762 = ORIENTED_EDGE ( 'NONE', *, *, #1370, .T. ) ;
#7763 = CARTESIAN_POINT ( 'NONE',  ( -139.9999999999999716, 30.00000000000016342, 45.49999999999996447 ) ) ;
#7764 = DIRECTION ( 'NONE',  ( 0.000000000000000000, 0.000000000000000000, 1.000000000000000000 ) ) ;
#7765 = EDGE_CURVE ( 'NONE', #2668, #2175, #3318, .T. ) ;
#7766 = DIRECTION ( 'NONE',  ( -0.000000000000000000, -1.000000000000000000, -0.000000000000000000 ) ) ;
#7768 = EDGE_CURVE ( 'NONE', #720, #1128, #390, .T. ) ;
#7767 = CARTESIAN_POINT ( 'NONE',  ( -216.5649711574557443, -34.00000000000027001, 76.93502884254469620 ) ) ;
#7769 = ORIENTED_EDGE ( 'NONE', *, *, #7417, .F. ) ;
#7770 = DIRECTION ( 'NONE',  ( 0.000000000000000000, 0.000000000000000000, -1.000000000000000000 ) ) ;
#7771 = EDGE_LOOP ( 'NONE', ( #3562, #357, #2996, #4784, #692, #3644, #793, #6997 ) ) ;
#7772 = CARTESIAN_POINT ( 'NONE',  ( 302.0727335998747094, -29.12203884117227659, -2.998334211990850040 ) ) ;
#7773 = VERTEX_POINT ( 'NONE', #1536 ) ;
#7774 = PRODUCT ( 'part_yaobu_3', 'part_yaobu_3', '', ( #639 ) ) ;
#7775 = CONICAL_SURFACE ( 'NONE', #3377, 4.700000000000009948, 0.7853981633974482790 ) ;
#7776 = EDGE_LOOP ( 'NONE', ( #6781, #1401, #381, #7769 ) ) ;
#7777 = FACE_BOUND ( 'NONE', #1827, .T. ) ;
#7778 = EDGE_CURVE ( 'NONE', #1359, #1162, #3650, .T. ) ;
#7779 = EDGE_CURVE ( 'NONE', #6086, #2648, #3944, .T. ) ;
#7780 = EDGE_LOOP ( 'NONE', ( #4613, #1550, #968, #7214, #2846, #2565, #839, #2655 ) ) ;
#7781 = CARTESIAN_POINT ( 'NONE',  ( 216.5649711574550906, -34.00000000000017764, 50.06497115745585802 ) ) ;
#7782 = ORIENTED_EDGE ( 'NONE', *, *, #4904, .F. ) ;
#7783 = CARTESIAN_POINT ( 'NONE',  ( 299.0000000000000568, 29.00000000000000355, 5.204170427930421283E-15 ) ) ;
#7784 = AXIS2_PLACEMENT_3D ( 'NONE', #5093, #331, #2719 ) ;
#7785 = EDGE_LOOP ( 'NONE', ( #3512, #5155, #4381, #6921 ) ) ;
ENDSEC;
END-ISO-10303-21;
