ISO-10303-21;
HEADER;
FILE_DESCRIPTION (( 'STEP AP203' ),
    '1' );
FILE_NAME ('part_shengjiang_falan.STEP',
    '2026-06-30T15:25:00',
    ( '' ),
    ( '' ),
    'SwSTEP 2.0',
    'SolidWorks 2025',
    '' );
FILE_SCHEMA (( 'CONFIG_CONTROL_DESIGN' ));
ENDSEC;

DATA;
#1 = DIRECTION ( 'NONE',  ( 0.000000000000000000, 0.7071067811865843211, 0.7071067811865108244 ) ) ;
#2 = LINE ( 'NONE', #960, #568 ) ;
#3 = CARTESIAN_POINT ( 'NONE',  ( -1.777322800125650214E-12, -155.5999999999999943, -144.5000000000009663 ) ) ;
#4 = VERTEX_POINT ( 'NONE', #1946 ) ;
#5 = ORIENTED_EDGE ( 'NONE', *, *, #377, .F. ) ;
#6 = DIRECTION ( 'NONE',  ( 0.000000000000000000, 0.000000000000000000, 1.000000000000000000 ) ) ;
#7 = CARTESIAN_POINT ( 'NONE',  ( 1.981123745982779824E-13, -155.5999999999999943, -154.4000000000000057 ) ) ;
#8 = CARTESIAN_POINT ( 'NONE',  ( -13.49999999999997513, -151.5999999999999943, -144.5000000000000000 ) ) ;
#9 = DIRECTION ( 'NONE',  ( 0.000000000000000000, 0.000000000000000000, -1.000000000000000000 ) ) ;
#10 = EDGE_CURVE ( 'NONE', #1545, #342, #1288, .T. ) ;
#11 = VERTEX_POINT ( 'NONE', #1763 ) ;
#12 = EDGE_CURVE ( 'NONE', #1567, #1219, #828, .T. ) ;
#13 = ORIENTED_EDGE ( 'NONE', *, *, #1103, .T. ) ;
#14 = CLOSED_SHELL ( 'NONE', ( #712, #614, #419, #2021, #684, #711, #323, #1237, #73, #589, #1212, #701, #1843, #91, #1225, #1350, #946, #1969, #1153, #805, #230, #1389, #1053, #506, #1200, #1355, #655, #164, #433, #1249, #599, #311, #1155, #382, #635, #28, #1860, #215, #911, #255, #177, #519, #1951, #1821, #104, #1509, #758, #1804, #1975, #1133, #265, #816, #368, #1872, #1857, #888, #1637, #1077, #898, #379, #1899, #391, #1238, #1754, #1385, #818, #1154, #1145, #821 ) ) ;
#15 = EDGE_CURVE ( 'NONE', #1231, #830, #1770, .T. ) ;
#16 = CC_DESIGN_PERSON_AND_ORGANIZATION_ASSIGNMENT ( #1313, #237, ( #536 ) ) ;
#17 = FACE_OUTER_BOUND ( 'NONE', #2007, .T. ) ;
#18 = AXIS2_PLACEMENT_3D ( 'NONE', #561, #730, #1043 ) ;
#19 = ORIENTED_EDGE ( 'NONE', *, *, #150, .T. ) ;
#20 = DIRECTION ( 'NONE',  ( -1.526596967048220987E-16, 1.000000000000000000, 0.000000000000000000 ) ) ;
#21 = CYLINDRICAL_SURFACE ( 'NONE', #1263, 2.250000000000001776 ) ;
#22 = DIRECTION ( 'NONE',  ( 0.000000000000000000, 0.000000000000000000, -1.000000000000000000 ) ) ;
#23 = CIRCLE ( 'NONE', #1157, 2.250000000000001776 ) ;
#24 = CARTESIAN_POINT ( 'NONE',  ( 10.52220865598002320, -155.5999999999999943, -140.6749999999999829 ) ) ;
#25 = ORIENTED_EDGE ( 'NONE', *, *, #1457, .F. ) ;
#26 = ORIENTED_EDGE ( 'NONE', *, *, #195, .T. ) ;
#27 = DIRECTION ( 'NONE',  ( 0.000000000000000000, 0.000000000000000000, 1.000000000000000000 ) ) ;
#28 = ADVANCED_FACE ( 'NONE', ( #241, #857, #88, #201, #1585, #351, #974, #814, #1805, #582, #277 ), #564, .T. ) ;
#29 = AXIS2_PLACEMENT_3D ( 'NONE', #1097, #338, #634 ) ;
#30 = ORIENTED_EDGE ( 'NONE', *, *, #847, .F. ) ;
#31 = VECTOR ( 'NONE', #362, 1000.000000000000114 ) ;
#32 = ORIENTED_EDGE ( 'NONE', *, *, #922, .T. ) ;
#33 = CARTESIAN_POINT ( 'NONE',  ( 1.740371884754885334E-13, -155.2999999999999545, -144.5000000000000000 ) ) ;
#34 = DIRECTION ( 'NONE',  ( 8.659560562355019140E-17, -0.7071067811865404673, 0.7071067811865546782 ) ) ;
#35 = DIRECTION ( 'NONE',  ( -1.000000000000000000, 0.000000000000000000, 0.000000000000000000 ) ) ;
#36 = CARTESIAN_POINT ( 'NONE',  ( 1.740829863844999752E-13, -155.5999999999999943, -144.5000000000000000 ) ) ;
#37 = ORIENTED_EDGE ( 'NONE', *, *, #736, .T. ) ;
#38 = ORIENTED_EDGE ( 'NONE', *, *, #847, .T. ) ;
#39 = CARTESIAN_POINT ( 'NONE',  ( -13.49999999999997513, -155.5999999999999943, -141.4999999999729710 ) ) ;
#40 = EDGE_CURVE ( 'NONE', #1320, #11, #1362, .T. ) ;
#41 = CARTESIAN_POINT ( 'NONE',  ( 17.50000000000017408, -151.5999999999999943, -144.5000000000000000 ) ) ;
#42 = AXIS2_PLACEMENT_3D ( 'NONE', #1452, #219, #496 ) ;
#43 = EDGE_LOOP ( 'NONE', ( #1292, #560, #1977, #441 ) ) ;
#44 = DIRECTION ( 'NONE',  ( 0.000000000000000000, 0.000000000000000000, -1.000000000000000000 ) ) ;
#45 = APPROVAL ( #1005, '未' ) ;
#46 = AXIS2_PLACEMENT_3D ( 'NONE', #1764, #83, #1932 ) ;
#47 = FACE_OUTER_BOUND ( 'NONE', #318, .T. ) ;
#48 = CARTESIAN_POINT ( 'NONE',  ( 1.981491140022524206E-13, -151.5999999999999943, -159.2000000000000171 ) ) ;
#49 = DIRECTION ( 'NONE',  ( -1.526596967048189925E-16, 1.000000000000000000, -0.000000000000000000 ) ) ;
#50 = ORIENTED_EDGE ( 'NONE', *, *, #337, .T. ) ;
#51 = ORIENTED_EDGE ( 'NONE', *, *, #139, .F. ) ;
#52 = AXIS2_PLACEMENT_3D ( 'NONE', #1340, #899, #1507 ) ;
#53 = VERTEX_POINT ( 'NONE', #438 ) ;
#54 = ORIENTED_EDGE ( 'NONE', *, *, #444, .F. ) ;
#55 = FACE_BOUND ( 'NONE', #1250, .T. ) ;
#56 = EDGE_CURVE ( 'NONE', #1099, #854, #1871, .T. ) ;
#57 = DIRECTION ( 'NONE',  ( -0.000000000000000000, 1.000000000000000000, -0.000000000000000000 ) ) ;
#58 = CARTESIAN_POINT ( 'NONE',  ( 1.734723475976807094E-13, -151.5999999999999943, -144.5000000000000000 ) ) ;
#59 = DIRECTION ( 'NONE',  ( -0.000000000000000000, 1.000000000000000000, -0.000000000000000000 ) ) ;
#60 = CARTESIAN_POINT ( 'NONE',  ( 10.52220865598002320, -151.9000000000000057, -138.4249999999999829 ) ) ;
#61 = ORIENTED_EDGE ( 'NONE', *, *, #1017, .F. ) ;
#62 = EDGE_LOOP ( 'NONE', ( #1959, #1270, #1386, #1282 ) ) ;
#63 = AXIS2_PLACEMENT_3D ( 'NONE', #187, #646, #1847 ) ;
#64 = DIRECTION ( 'NONE',  ( -0.000000000000000000, 1.000000000000000000, -0.000000000000000000 ) ) ;
#65 = ORIENTED_EDGE ( 'NONE', *, *, #56, .F. ) ;
#66 = AXIS2_PLACEMENT_3D ( 'NONE', #1499, #756, #593 ) ;
#67 = VECTOR ( 'NONE', #521, 1000.000000000000114 ) ;
#68 = DIRECTION ( 'NONE',  ( -0.000000000000000000, 1.000000000000000000, -0.000000000000000000 ) ) ;
#69 = CARTESIAN_POINT ( 'NONE',  ( -1.776860495958972140E-12, -171.5999999999999659, -148.0750000000009550 ) ) ;
#70 = EDGE_CURVE ( 'NONE', #700, #1464, #447, .T. ) ;
#71 = VECTOR ( 'NONE', #1863, 1000.000000000000000 ) ;
#72 = DIRECTION ( 'NONE',  ( 1.526596967048189925E-16, -1.000000000000000000, 0.000000000000000000 ) ) ;
#73 = ADVANCED_FACE ( 'NONE', ( #1209 ), #1735, .F. ) ;
#74 = EDGE_LOOP ( 'NONE', ( #487, #962 ) ) ;
#75 = CARTESIAN_POINT ( 'NONE',  ( 6.750000000001023182, -151.5999999999999943, -154.2913429511000061 ) ) ;
#76 = FACE_BOUND ( 'NONE', #674, .T. ) ;
#77 = PERSON ( '未', '未', '未', ('未'), ('未'), ('未') ) ;
#78 = CARTESIAN_POINT ( 'NONE',  ( -6.750000000000976996, -155.5999999999999943, -156.1913429511000118 ) ) ;
#79 = CARTESIAN_POINT ( 'NONE',  ( 13.50000000000002487, -151.9000000000000341, -144.5000000000000000 ) ) ;
#80 = CARTESIAN_POINT ( 'NONE',  ( -13.49999999999997513, -155.5999999999999943, -142.9000000000000057 ) ) ;
#81 = ORIENTED_EDGE ( 'NONE', *, *, #1331, .F. ) ;
#82 = EDGE_CURVE ( 'NONE', #1592, #1593, #1536, .T. ) ;
#83 = DIRECTION ( 'NONE',  ( 0.000000000000000000, -1.000000000000000000, 0.000000000000000000 ) ) ;
#84 = AXIS2_PLACEMENT_3D ( 'NONE', #293, #1835, #604 ) ;
#85 = EDGE_LOOP ( 'NONE', ( #5, #1629, #388, #1745 ) ) ;
#86 = CARTESIAN_POINT ( 'NONE',  ( 13.50000000000002487, -151.5999999999999943, -146.4000000000000057 ) ) ;
#87 = CARTESIAN_POINT ( 'NONE',  ( 6.750000000001023182, -155.5999999999999943, -156.1913429511000118 ) ) ;
#88 = FACE_BOUND ( 'NONE', #585, .T. ) ;
#89 = LOCAL_TIME ( 23, 25, 0.000000000000000000, #1517 ) ;
#90 = VERTEX_POINT ( 'NONE', #717 ) ;
#91 = ADVANCED_FACE ( 'NONE', ( #889 ), #699, .T. ) ;
#92 = VERTEX_POINT ( 'NONE', #1039 ) ;
#93 = AXIS2_PLACEMENT_3D ( 'NONE', #1927, #694, #1147 ) ;
#94 = CIRCLE ( 'NONE', #743, 3.000000000027008618 ) ;
#95 = DIRECTION ( 'NONE',  ( 0.000000000000000000, 0.000000000000000000, -1.000000000000000000 ) ) ;
#96 = AXIS2_PLACEMENT_3D ( 'NONE', #221, #1915, #372 ) ;
#97 = CARTESIAN_POINT ( 'NONE',  ( 6.750000000000023093, -155.5999999999999943, -132.8086570488999882 ) ) ;
#98 = ORIENTED_EDGE ( 'NONE', *, *, #1158, .F. ) ;
#99 = AXIS2_PLACEMENT_3D ( 'NONE', #779, #786, #1374 ) ;
#100 = VERTEX_POINT ( 'NONE', #248 ) ;
#101 = CARTESIAN_POINT ( 'NONE',  ( 10.52220865598002320, -151.5999999999999943, -135.8750000000000000 ) ) ;
#102 = DIRECTION ( 'NONE',  ( 0.000000000000000000, 0.000000000000000000, -1.000000000000000000 ) ) ;
#103 = DIRECTION ( 'NONE',  ( 0.000000000000000000, 0.000000000000000000, -1.000000000000000000 ) ) ;
#104 = ADVANCED_FACE ( 'NONE', ( #268 ), #124, .F. ) ;
#105 = FACE_OUTER_BOUND ( 'NONE', #1532, .T. ) ;
#106 = CC_DESIGN_PERSON_AND_ORGANIZATION_ASSIGNMENT ( #1549, #602, ( #1193 ) ) ;
#107 = DIRECTION ( 'NONE',  ( 0.000000000000000000, 0.000000000000000000, 1.000000000000000000 ) ) ;
#108 = DESIGN_CONTEXT ( 'detailed design', #958, 'design' ) ;
#109 = CONICAL_SURFACE ( 'NONE', #1938, 3.000000000027008618, 0.7853981633974489451 ) ;
#110 = VERTEX_POINT ( 'NONE', #866 ) ;
#111 = ORIENTED_EDGE ( 'NONE', *, *, #1646, .T. ) ;
#112 = DIRECTION ( 'NONE',  ( -0.000000000000000000, -1.000000000000000000, -0.000000000000000000 ) ) ;
#113 = CARTESIAN_POINT ( 'NONE',  ( 13.50000000000002487, -155.5999999999999943, -142.9000000000000057 ) ) ;
#114 = CARTESIAN_POINT ( 'NONE',  ( -6.749999999999976907, -151.8999999999999773, -132.8086570488999882 ) ) ;
#115 = CARTESIAN_POINT ( 'NONE',  ( 6.750000000000023093, -155.5999999999999943, -129.8086570488729876 ) ) ;
#116 = CARTESIAN_POINT ( 'NONE',  ( 13.50000000000002487, -155.5999999999999943, -144.5000000000000000 ) ) ;
#117 = CARTESIAN_POINT ( 'NONE',  ( 1.734723475976807094E-13, -151.5999999999999943, -144.5000000000000000 ) ) ;
#118 = EDGE_LOOP ( 'NONE', ( #1413, #511 ) ) ;
#119 = EDGE_LOOP ( 'NONE', ( #752, #463, #1566, #203 ) ) ;
#120 = APPROVAL_PERSON_ORGANIZATION ( #1833, #1664, #763 ) ;
#121 = CARTESIAN_POINT ( 'NONE',  ( -1.777322800125650214E-12, -155.5999999999999943, -139.5250000000009152 ) ) ;
#122 = AXIS2_PLACEMENT_3D ( 'NONE', #1779, #1904, #35 ) ;
#123 = DIRECTION ( 'NONE',  ( 0.000000000000000000, 0.000000000000000000, 1.000000000000000000 ) ) ;
#124 = CYLINDRICAL_SURFACE ( 'NONE', #411, 1.599999999999990319 ) ;
#125 = AXIS2_PLACEMENT_3D ( 'NONE', #1572, #188, #802 ) ;
#126 = DIRECTION ( 'NONE',  ( 0.7071067811865393571, -0.7071067811865555663, 0.000000000000000000 ) ) ;
#127 = EDGE_LOOP ( 'NONE', ( #1791, #648 ) ) ;
#128 = ORIENTED_EDGE ( 'NONE', *, *, #1625, .T. ) ;
#129 = DIRECTION ( 'NONE',  ( 0.000000000000000000, -1.000000000000000000, 0.000000000000000000 ) ) ;
#130 = ORIENTED_EDGE ( 'NONE', *, *, #1287, .F. ) ;
#131 = CONICAL_SURFACE ( 'NONE', #587, 1.899999999999985034, 0.7853981633974418397 ) ;
#132 = DIRECTION ( 'NONE',  ( 0.000000000000000000, 0.000000000000000000, -1.000000000000000000 ) ) ;
#133 = LINE ( 'NONE', #755, #1113 ) ;
#134 = DIRECTION ( 'NONE',  ( 0.000000000000000000, 0.000000000000000000, -1.000000000000000000 ) ) ;
#135 = CIRCLE ( 'NONE', #1999, 1.899999999999985034 ) ;
#136 = VERTEX_POINT ( 'NONE', #1026 ) ;
#137 = VERTEX_POINT ( 'NONE', #1992 ) ;
#138 = CARTESIAN_POINT ( 'NONE',  ( 6.750000000001023182, -151.5999999999999943, -154.2913429511000061 ) ) ;
#139 = EDGE_CURVE ( 'NONE', #700, #650, #603, .T. ) ;
#140 = CIRCLE ( 'NONE', #824, 3.975000000000006306 ) ;
#141 = CARTESIAN_POINT ( 'NONE',  ( 13.50000000000002487, -154.1999999999729596, -146.0999999999999659 ) ) ;
#142 = DIRECTION ( 'NONE',  ( 0.000000000000000000, -1.000000000000000000, 0.000000000000000000 ) ) ;
#143 = CARTESIAN_POINT ( 'NONE',  ( 17.20000000000017693, -155.5999999999999943, -144.5000000000000000 ) ) ;
#144 = VECTOR ( 'NONE', #1195, 1000.000000000000114 ) ;
#145 = AXIS2_PLACEMENT_3D ( 'NONE', #772, #324, #612 ) ;
#146 = ORIENTED_EDGE ( 'NONE', *, *, #204, .T. ) ;
#147 = ORIENTED_EDGE ( 'NONE', *, *, #195, .F. ) ;
#148 = LINE ( 'NONE', #1082, #1618 ) ;
#149 = EDGE_CURVE ( 'NONE', #596, #1948, #675, .T. ) ;
#150 = EDGE_CURVE ( 'NONE', #757, #1099, #133, .T. ) ;
#151 = APPROVAL_DATE_TIME ( #1224, #45 ) ;
#152 = AXIS2_PLACEMENT_3D ( 'NONE', #2002, #1407, #1074 ) ;
#153 = CARTESIAN_POINT ( 'NONE',  ( -1.777322800125650214E-12, -171.5999999999999659, -144.5000000000009663 ) ) ;
#154 = CIRCLE ( 'NONE', #1451, 2.549999999999996714 ) ;
#155 = FACE_OUTER_BOUND ( 'NONE', #1514, .T. ) ;
#156 = CYLINDRICAL_SURFACE ( 'NONE', #96, 1.599999999999990319 ) ;
#157 = VERTEX_POINT ( 'NONE', #1480 ) ;
#158 = AXIS2_PLACEMENT_3D ( 'NONE', #668, #553, #1785 ) ;
#159 = EDGE_LOOP ( 'NONE', ( #1118, #182, #718, #1304 ) ) ;
#160 = CARTESIAN_POINT ( 'NONE',  ( 13.50000000000002487, -155.5999999999999943, -141.4999999999729710 ) ) ;
#161 = CIRCLE ( 'NONE', #1303, 3.000000000027008618 ) ;
#162 = COORDINATED_UNIVERSAL_TIME_OFFSET ( 8, 0, .AHEAD. ) ;
#163 = DIRECTION ( 'NONE',  ( 0.000000000000000000, 0.000000000000000000, -1.000000000000000000 ) ) ;
#164 = ADVANCED_FACE ( 'NONE', ( #1183 ), #1375, .F. ) ;
#165 = DIRECTION ( 'NONE',  ( -0.000000000000000000, -1.000000000000000000, -0.000000000000000000 ) ) ;
#166 = EDGE_CURVE ( 'NONE', #1448, #830, #1799, .T. ) ;
#167 = CARTESIAN_POINT ( 'NONE',  ( -1.777322800125650214E-12, -156.6000000000000227, -144.5000000000009663 ) ) ;
#168 = ORIENTED_EDGE ( 'NONE', *, *, #1789, .T. ) ;
#169 = ORIENTED_EDGE ( 'NONE', *, *, #309, .F. ) ;
#170 = CARTESIAN_POINT ( 'NONE',  ( 6.750000000000023093, -155.5999999999999943, -135.8086570489269889 ) ) ;
#171 = ORIENTED_EDGE ( 'NONE', *, *, #276, .F. ) ;
#172 = CONICAL_SURFACE ( 'NONE', #629, 3.574999999999994849, 0.7853981633974365106 ) ;
#173 = DIRECTION ( 'NONE',  ( 0.000000000000000000, -1.000000000000000000, 0.000000000000000000 ) ) ;
#174 = CARTESIAN_POINT ( 'NONE',  ( 10.52220865598002320, -151.5999999999999943, -135.8750000000000000 ) ) ;
#175 = DIRECTION ( 'NONE',  ( -0.000000000000000000, -1.000000000000000000, -0.000000000000000000 ) ) ;
#176 = CARTESIAN_POINT ( 'NONE',  ( 6.750000000001023182, -155.5999999999999943, -156.1913429511000118 ) ) ;
#177 = ADVANCED_FACE ( 'NONE', ( #260 ), #1173, .F. ) ;
#178 = ORIENTED_EDGE ( 'NONE', *, *, #1349, .F. ) ;
#179 = ORIENTED_EDGE ( 'NONE', *, *, #2010, .F. ) ;
#180 = AXIS2_PLACEMENT_3D ( 'NONE', #1836, #1973, #1046 ) ;
#181 = DIRECTION ( 'NONE',  ( 0.000000000000000000, 0.7071067811865521247, 0.7071067811865430208 ) ) ;
#182 = ORIENTED_EDGE ( 'NONE', *, *, #1319, .T. ) ;
#183 = ORIENTED_EDGE ( 'NONE', *, *, #1276, .F. ) ;
#184 = CARTESIAN_POINT ( 'NONE',  ( -13.49999999999997513, -151.5999999999999943, -144.5000000000000000 ) ) ;
#185 = LOCAL_TIME ( 23, 25, 0.000000000000000000, #1013 ) ;
#186 = FACE_OUTER_BOUND ( 'NONE', #1474, .T. ) ;
#187 = CARTESIAN_POINT ( 'NONE',  ( -1.777322800125650214E-12, -171.1999999999999602, -144.5000000000009663 ) ) ;
#188 = DIRECTION ( 'NONE',  ( 1.526596967048189925E-16, -1.000000000000000000, 0.000000000000000000 ) ) ;
#189 = EDGE_CURVE ( 'NONE', #854, #673, #1635, .T. ) ;
#190 = ORIENTED_EDGE ( 'NONE', *, *, #1081, .T. ) ;
#191 = ORIENTED_EDGE ( 'NONE', *, *, #1376, .T. ) ;
#192 = CARTESIAN_POINT ( 'NONE',  ( 1.978368290684698220E-13, -155.5999999999999943, -156.6500000000000057 ) ) ;
#193 = CIRCLE ( 'NONE', #1094, 1.899999999999985922 ) ;
#194 = ORIENTED_EDGE ( 'NONE', *, *, #531, .T. ) ;
#195 = EDGE_CURVE ( 'NONE', #1475, #1264, #2, .T. ) ;
#196 = CONICAL_SURFACE ( 'NONE', #1035, 17.50000000000000000, 0.7853981633974367327 ) ;
#197 = ORIENTED_EDGE ( 'NONE', *, *, #2009, .T. ) ;
#198 = DIRECTION ( 'NONE',  ( 1.526596967048189925E-16, -1.000000000000000000, 0.000000000000000000 ) ) ;
#199 = DIRECTION ( 'NONE',  ( -1.000000000000000000, 0.000000000000000000, 0.000000000000000000 ) ) ;
#200 = CARTESIAN_POINT ( 'NONE',  ( 6.750000000000023093, -151.8999999999999773, -132.8086570488999882 ) ) ;
#201 = FACE_BOUND ( 'NONE', #1501, .T. ) ;
#202 = EDGE_LOOP ( 'NONE', ( #1493, #1285, #1422, #1283 ) ) ;
#203 = ORIENTED_EDGE ( 'NONE', *, *, #1916, .T. ) ;
#204 = EDGE_CURVE ( 'NONE', #1851, #700, #2015, .T. ) ;
#205 = EDGE_LOOP ( 'NONE', ( #1733, #1709 ) ) ;
#206 = CIRCLE ( 'NONE', #724, 3.000000000027008618 ) ;
#207 = DIRECTION ( 'NONE',  ( 8.659560562354482961E-17, 0.7071067811865843211, -0.7071067811865108244 ) ) ;
#208 = LINE ( 'NONE', #1299, #578 ) ;
#209 = CARTESIAN_POINT ( 'NONE',  ( -10.52220865597997523, -155.2999999999999545, -138.4249999999999829 ) ) ;
#210 = ORIENTED_EDGE ( 'NONE', *, *, #1820, .F. ) ;
#211 = ORIENTED_EDGE ( 'NONE', *, *, #1170, .T. ) ;
#212 = DIRECTION ( 'NONE',  ( 0.000000000000000000, 0.7071067811865526798, 0.7071067811865424657 ) ) ;
#213 = VECTOR ( 'NONE', #303, 1000.000000000000000 ) ;
#214 = ORIENTED_EDGE ( 'NONE', *, *, #869, .F. ) ;
#215 = ADVANCED_FACE ( 'NONE', ( #1246 ), #1095, .T. ) ;
#216 = DIRECTION ( 'NONE',  ( 1.526596967048189925E-16, -1.000000000000000000, 0.000000000000000000 ) ) ;
#217 = EDGE_CURVE ( 'NONE', #1677, #979, #336, .T. ) ;
#218 = VECTOR ( 'NONE', #1855, 1000.000000000000000 ) ;
#219 = DIRECTION ( 'NONE',  ( 1.526596967048362242E-16, -1.000000000000000000, -0.000000000000000000 ) ) ;
#220 = CARTESIAN_POINT ( 'NONE',  ( 13.50000000000002487, -151.5999999999999943, -144.5000000000000000 ) ) ;
#221 = CARTESIAN_POINT ( 'NONE',  ( -13.49999999999997513, -155.5999999999999943, -144.5000000000000000 ) ) ;
#222 = VERTEX_POINT ( 'NONE', #476 ) ;
#223 = CIRCLE ( 'NONE', #350, 1.599999999999990319 ) ;
#224 = DIRECTION ( 'NONE',  ( 8.659560562354877391E-17, 0.7071067811865521247, -0.7071067811865430208 ) ) ;
#225 = ORIENTED_EDGE ( 'NONE', *, *, #1887, .T. ) ;
#226 = CONICAL_SURFACE ( 'NONE', #1130, 3.574999999999994849, 0.7853981633974365106 ) ;
#227 = AXIS2_PLACEMENT_3D ( 'NONE', #36, #813, #1281 ) ;
#228 = PERSON_AND_ORGANIZATION_ROLE ( 'creator' ) ;
#229 = DIRECTION ( 'NONE',  ( 0.000000000000000000, -1.000000000000000000, 0.000000000000000000 ) ) ;
#230 = ADVANCED_FACE ( 'NONE', ( #615 ), #1240, .F. ) ;
#231 = DIRECTION ( 'NONE',  ( -0.000000000000000000, -1.000000000000000000, -0.000000000000000000 ) ) ;
#232 = EDGE_CURVE ( 'NONE', #11, #1119, #2011, .T. ) ;
#233 = PRODUCT_RELATED_PRODUCT_CATEGORY ( 'detail', '', ( #536 ) ) ;
#234 = ORIENTED_EDGE ( 'NONE', *, *, #780, .F. ) ;
#235 = DIRECTION ( 'NONE',  ( 0.000000000000000000, 0.7071067811865560104, 0.7071067811865391350 ) ) ;
#236 = ORIENTED_EDGE ( 'NONE', *, *, #780, .T. ) ;
#237 = PERSON_AND_ORGANIZATION_ROLE ( 'design_owner' ) ;
#238 = CARTESIAN_POINT ( 'NONE',  ( -10.52220865597997523, -155.5999999999999943, -135.8750000000000000 ) ) ;
#239 = LINE ( 'NONE', #982, #259 ) ;
#240 = EDGE_CURVE ( 'NONE', #157, #1851, #252, .T. ) ;
#241 = FACE_BOUND ( 'NONE', #500, .T. ) ;
#242 = CIRCLE ( 'NONE', #1690, 1.599999999999990319 ) ;
#243 = ORIENTED_EDGE ( 'NONE', *, *, #12, .T. ) ;
#244 = VERTEX_POINT ( 'NONE', #1867 ) ;
#245 = DIRECTION ( 'NONE',  ( 1.526596967048189925E-16, -1.000000000000000000, 0.000000000000000000 ) ) ;
#246 = CARTESIAN_POINT ( 'NONE',  ( -13.49999999999997513, -154.1999999999729596, -142.9000000000000057 ) ) ;
#247 = LINE ( 'NONE', #1315, #357 ) ;
#248 = CARTESIAN_POINT ( 'NONE',  ( -10.52220865597997523, -155.2999999999999545, -136.1749999999999829 ) ) ;
#249 = LOCAL_TIME ( 23, 25, 0.000000000000000000, #162 ) ;
#250 = VERTEX_POINT ( 'NONE', #1705 ) ;
#251 = ORIENTED_EDGE ( 'NONE', *, *, #482, .F. ) ;
#252 = CIRCLE ( 'NONE', #63, 3.975000000000006306 ) ;
#253 = DIRECTION ( 'NONE',  ( 0.000000000000000000, 0.000000000000000000, -1.000000000000000000 ) ) ;
#254 = CIRCLE ( 'NONE', #1950, 3.000000000027008618 ) ;
#255 = ADVANCED_FACE ( 'NONE', ( #155 ), #520, .F. ) ;
#256 = AXIS2_PLACEMENT_3D ( 'NONE', #1469, #1600, #1156 ) ;
#257 = DIRECTION ( 'NONE',  ( -1.526596967048189925E-16, 1.000000000000000000, -0.000000000000000000 ) ) ;
#258 = CARTESIAN_POINT ( 'NONE',  ( 1.734723475976807094E-13, -151.5999999999999943, -144.5000000000000000 ) ) ;
#259 = VECTOR ( 'NONE', #850, 1000.000000000000000 ) ;
#260 = FACE_OUTER_BOUND ( 'NONE', #1807, .T. ) ;
#261 = DIRECTION ( 'NONE',  ( -0.000000000000000000, -1.000000000000000000, -0.000000000000000000 ) ) ;
#262 = ORIENTED_EDGE ( 'NONE', *, *, #540, .T. ) ;
#263 = ORIENTED_EDGE ( 'NONE', *, *, #1052, .F. ) ;
#264 = DIRECTION ( 'NONE',  ( -0.000000000000000000, 1.000000000000000000, -0.000000000000000000 ) ) ;
#265 = ADVANCED_FACE ( 'NONE', ( #1086 ), #1877, .F. ) ;
#266 = APPLICATION_PROTOCOL_DEFINITION ( 'international standard', 'config_control_design', 1994, #958 ) ;
#267 = DIRECTION ( 'NONE',  ( 1.526596967048189925E-16, -1.000000000000000000, 0.000000000000000000 ) ) ;
#268 = FACE_OUTER_BOUND ( 'NONE', #820, .T. ) ;
#269 = FACE_OUTER_BOUND ( 'NONE', #903, .T. ) ;
#270 = ORIENTED_EDGE ( 'NONE', *, *, #771, .F. ) ;
#271 = ORIENTED_EDGE ( 'NONE', *, *, #1557, .F. ) ;
#272 = CARTESIAN_POINT ( 'NONE',  ( -6.750000000000976996, -155.5999999999999943, -157.7913429511000061 ) ) ;
#273 = EDGE_CURVE ( 'NONE', #2018, #1231, #1774, .T. ) ;
#274 = EDGE_CURVE ( 'NONE', #673, #1553, #1543, .T. ) ;
#275 = FACE_OUTER_BOUND ( 'NONE', #844, .T. ) ;
#276 = EDGE_CURVE ( 'NONE', #1593, #1592, #901, .T. ) ;
#277 = FACE_BOUND ( 'NONE', #205, .T. ) ;
#278 = CYLINDRICAL_SURFACE ( 'NONE', #1204, 1.599999999999990319 ) ;
#279 = EDGE_LOOP ( 'NONE', ( #451, #1614 ) ) ;
#280 = ORIENTED_EDGE ( 'NONE', *, *, #1017, .T. ) ;
#281 = CARTESIAN_POINT ( 'NONE',  ( -1.776713538343074791E-12, -155.5999999999999943, -149.4750000000009891 ) ) ;
#282 = AXIS2_PLACEMENT_3D ( 'NONE', #114, #722, #731 ) ;
#283 = AXIS2_PLACEMENT_3D ( 'NONE', #1488, #413, #885 ) ;
#284 = DIRECTION ( 'NONE',  ( -0.000000000000000000, -1.000000000000000000, -0.000000000000000000 ) ) ;
#285 = DIRECTION ( 'NONE',  ( -0.000000000000000000, -1.000000000000000000, -0.000000000000000000 ) ) ;
#286 = EDGE_CURVE ( 'NONE', #1513, #480, #782, .T. ) ;
#287 = FACE_OUTER_BOUND ( 'NONE', #43, .T. ) ;
#288 = EDGE_CURVE ( 'NONE', #1869, #1286, #1707, .T. ) ;
#289 = EDGE_CURVE ( 'NONE', #4, #707, #1529, .T. ) ;
#290 = ORIENTED_EDGE ( 'NONE', *, *, #217, .T. ) ;
#291 = ORIENTED_EDGE ( 'NONE', *, *, #1885, .T. ) ;
#292 = ORIENTED_EDGE ( 'NONE', *, *, #289, .T. ) ;
#293 = CARTESIAN_POINT ( 'NONE',  ( 13.50000000000002487, -151.9000000000000341, -144.5000000000000000 ) ) ;
#294 = CARTESIAN_POINT ( 'NONE',  ( -1.777322800125650214E-12, -171.5999999999999659, -144.5000000000009663 ) ) ;
#295 = DIRECTION ( 'NONE',  ( -1.526596967048189925E-16, 1.000000000000000000, -0.000000000000000000 ) ) ;
#296 = EDGE_LOOP ( 'NONE', ( #409, #178, #1696, #719 ) ) ;
#297 = ORIENTED_EDGE ( 'NONE', *, *, #232, .T. ) ;
#298 = DIRECTION ( 'NONE',  ( -0.7071067811865191510, 0.7071067811865761055, 0.000000000000000000 ) ) ;
#299 = AXIS2_PLACEMENT_3D ( 'NONE', #1617, #64, #1449 ) ;
#300 = VECTOR ( 'NONE', #1, 1000.000000000000000 ) ;
#301 = DIRECTION ( 'NONE',  ( -0.000000000000000000, -1.000000000000000000, -0.000000000000000000 ) ) ;
#302 = CIRCLE ( 'NONE', #1534, 2.549999999999996714 ) ;
#303 = DIRECTION ( 'NONE',  ( 0.000000000000000000, 0.7071067811865843211, 0.7071067811865108244 ) ) ;
#304 = DIRECTION ( 'NONE',  ( 0.000000000000000000, -1.000000000000000000, 0.000000000000000000 ) ) ;
#305 = ORIENTED_EDGE ( 'NONE', *, *, #1830, .T. ) ;
#306 = EDGE_CURVE ( 'NONE', #979, #2016, #1091, .T. ) ;
#307 = ORIENTED_EDGE ( 'NONE', *, *, #1440, .F. ) ;
#308 = CARTESIAN_POINT ( 'NONE',  ( 1.978368290684698220E-13, -155.5999999999999943, -156.6500000000000057 ) ) ;
#309 = EDGE_CURVE ( 'NONE', #100, #690, #737, .T. ) ;
#310 = EDGE_CURVE ( 'NONE', #740, #480, #23, .T. ) ;
#311 = ADVANCED_FACE ( 'NONE', ( #393 ), #518, .T. ) ;
#312 = CALENDAR_DATE ( 2026, 30, 6 ) ;
#313 = DIRECTION ( 'NONE',  ( 0.000000000000000000, -0.7071067811865470176, -0.7071067811865479058 ) ) ;
#314 = CARTESIAN_POINT ( 'NONE',  ( 1.978368290684698220E-13, -155.5999999999999943, -156.6500000000000057 ) ) ;
#315 = FACE_OUTER_BOUND ( 'NONE', #804, .T. ) ;
#316 = ORIENTED_EDGE ( 'NONE', *, *, #240, .T. ) ;
#317 = CIRCLE ( 'NONE', #1165, 17.20000000000001705 ) ;
#318 = EDGE_LOOP ( 'NONE', ( #251, #1564, #1628, #530 ) ) ;
#319 = CARTESIAN_POINT ( 'NONE',  ( 10.52220865598002320, -151.9000000000000057, -140.6749999999999829 ) ) ;
#320 = VECTOR ( 'NONE', #695, 1000.000000000000000 ) ;
#321 = CIRCLE ( 'NONE', #1616, 1.599999999999990319 ) ;
#322 = ORIENTED_EDGE ( 'NONE', *, *, #276, .T. ) ;
#323 = ADVANCED_FACE ( 'NONE', ( #680 ), #1982, .F. ) ;
#324 = DIRECTION ( 'NONE',  ( -0.000000000000000000, 1.000000000000000000, -0.000000000000000000 ) ) ;
#325 = CIRCLE ( 'NONE', #1717, 1.599999999999990319 ) ;
#326 = DIRECTION ( 'NONE',  ( 0.000000000000000000, 0.000000000000000000, -1.000000000000000000 ) ) ;
#327 = DIRECTION ( 'NONE',  ( -1.526596967048189925E-16, 1.000000000000000000, -0.000000000000000000 ) ) ;
#328 = ORIENTED_EDGE ( 'NONE', *, *, #835, .T. ) ;
#329 = VERTEX_POINT ( 'NONE', #826 ) ;
#330 = DIRECTION ( 'NONE',  ( 0.000000000000000000, 0.000000000000000000, -1.000000000000000000 ) ) ;
#331 = EDGE_LOOP ( 'NONE', ( #778, #1164, #1645, #1242 ) ) ;
#332 = ORIENTED_EDGE ( 'NONE', *, *, #691, .T. ) ;
#333 = FACE_OUTER_BOUND ( 'NONE', #1382, .T. ) ;
#334 = EDGE_CURVE ( 'NONE', #2018, #1448, #508, .T. ) ;
#335 = DIRECTION ( 'NONE',  ( -0.000000000000000000, -1.000000000000000000, -0.000000000000000000 ) ) ;
#336 = LINE ( 'NONE', #1694, #213 ) ;
#337 = EDGE_CURVE ( 'NONE', #830, #1448, #154, .T. ) ;
#338 = DIRECTION ( 'NONE',  ( -0.000000000000000000, -1.000000000000000000, -0.000000000000000000 ) ) ;
#339 = ORIENTED_EDGE ( 'NONE', *, *, #993, .T. ) ;
#340 = ORIENTED_EDGE ( 'NONE', *, *, #1712, .F. ) ;
#341 = CARTESIAN_POINT ( 'NONE',  ( 6.750000000001023182, -151.5999999999999943, -158.0913429511000174 ) ) ;
#342 = VERTEX_POINT ( 'NONE', #1314 ) ;
#343 = LINE ( 'NONE', #955, #456 ) ;
#344 = CONICAL_SURFACE ( 'NONE', #18, 3.000000000027008618, 0.7853981633974482790 ) ;
#345 = ORIENTED_EDGE ( 'NONE', *, *, #1723, .F. ) ;
#346 = CARTESIAN_POINT ( 'NONE',  ( -10.52220865597997523, -155.2999999999999545, -136.1749999999999829 ) ) ;
#347 = CARTESIAN_POINT ( 'NONE',  ( -6.750000000000976996, -151.8999999999999773, -156.1913429511000118 ) ) ;
#348 = CARTESIAN_POINT ( 'NONE',  ( -10.52220865597997523, -151.9000000000000057, -138.4249999999999829 ) ) ;
#349 = CARTESIAN_POINT ( 'NONE',  ( 13.50000000000002487, -151.5999999999999943, -146.4000000000000057 ) ) ;
#350 = AXIS2_PLACEMENT_3D ( 'NONE', #79, #1583, #1419 ) ;
#351 = FACE_BOUND ( 'NONE', #1327, .T. ) ;
#352 = EDGE_CURVE ( 'NONE', #559, #1708, #208, .T. ) ;
#353 = EDGE_LOOP ( 'NONE', ( #1861, #190, #440, #1563 ) ) ;
#354 = CARTESIAN_POINT ( 'NONE',  ( 6.750000000001023182, -155.5999999999999943, -154.5913429511000174 ) ) ;
#355 = CIRCLE ( 'NONE', #1884, 17.20000000000000284 ) ;
#356 = ORIENTED_EDGE ( 'NONE', *, *, #2010, .T. ) ;
#357 = VECTOR ( 'NONE', #1788, 1000.000000000000114 ) ;
#358 = EDGE_LOOP ( 'NONE', ( #1533, #1306, #1122, #586 ) ) ;
#359 = FACE_BOUND ( 'NONE', #678, .T. ) ;
#360 = LINE ( 'NONE', #980, #1900 ) ;
#361 = FACE_OUTER_BOUND ( 'NONE', #913, .T. ) ;
#362 = DIRECTION ( 'NONE',  ( 0.000000000000000000, -0.7071067811865729968, -0.7071067811865220376 ) ) ;
#363 = ORIENTED_EDGE ( 'NONE', *, *, #1512, .F. ) ;
#364 = EDGE_CURVE ( 'NONE', #110, #1978, #223, .T. ) ;
#365 = ORIENTED_EDGE ( 'NONE', *, *, #491, .F. ) ;
#366 = EDGE_CURVE ( 'NONE', #1286, #1901, #1116, .T. ) ;
#367 = DIRECTION ( 'NONE',  ( -0.000000000000000000, 1.000000000000000000, -0.000000000000000000 ) ) ;
#368 = ADVANCED_FACE ( 'NONE', ( #981 ), #1761, .F. ) ;
#369 = ORIENTED_EDGE ( 'NONE', *, *, #364, .T. ) ;
#370 = CARTESIAN_POINT ( 'NONE',  ( -10.52220865597997523, -151.5999999999999943, -138.4249999999999829 ) ) ;
#371 = DIRECTION ( 'NONE',  ( -0.000000000000000000, -1.000000000000000000, -0.000000000000000000 ) ) ;
#372 = DIRECTION ( 'NONE',  ( 0.000000000000000000, 0.000000000000000000, -1.000000000000000000 ) ) ;
#373 = CARTESIAN_POINT ( 'NONE',  ( 13.50000000000002487, -154.1999999999729596, -144.5000000000000000 ) ) ;
#374 = CARTESIAN_POINT ( 'NONE',  ( 6.750000000000023093, -151.5999999999999943, -132.8086570488999882 ) ) ;
#375 = VECTOR ( 'NONE', #1666, 1000.000000000000000 ) ;
#376 = EDGE_LOOP ( 'NONE', ( #686, #211, #30, #608 ) ) ;
#377 = EDGE_CURVE ( 'NONE', #1657, #809, #1029, .T. ) ;
#378 = AXIS2_PLACEMENT_3D ( 'NONE', #1203, #577, #1659 ) ;
#379 = ADVANCED_FACE ( 'NONE', ( #361 ), #546, .F. ) ;
#380 = EDGE_CURVE ( 'NONE', #620, #729, #1768, .T. ) ;
#381 = FACE_OUTER_BOUND ( 'NONE', #1730, .T. ) ;
#382 = ADVANCED_FACE ( 'NONE', ( #1445 ), #1453, .T. ) ;
#383 = DIRECTION ( 'NONE',  ( 0.000000000000000000, 0.000000000000000000, -1.000000000000000000 ) ) ;
#384 = DIRECTION ( 'NONE',  ( 0.000000000000000000, 0.7071067811865521247, 0.7071067811865430208 ) ) ;
#385 = DIRECTION ( 'NONE',  ( 0.000000000000000000, 0.000000000000000000, 1.000000000000000000 ) ) ;
#386 = CARTESIAN_POINT ( 'NONE',  ( 1.978368290684698220E-13, -151.5999999999999943, -154.1000000000000227 ) ) ;
#387 = CARTESIAN_POINT ( 'NONE',  ( -1.777322800125650214E-12, -171.5999999999999659, -140.9250000000009777 ) ) ;
#388 = ORIENTED_EDGE ( 'NONE', *, *, #1830, .F. ) ;
#389 = CONICAL_SURFACE ( 'NONE', #1777, 3.000000000027008618, 0.7853981633974489451 ) ;
#390 = DIRECTION ( 'NONE',  ( 0.000000000000000000, 0.000000000000000000, 1.000000000000000000 ) ) ;
#391 = ADVANCED_FACE ( 'NONE', ( #1602 ), #1608, .F. ) ;
#392 = PERSON_AND_ORGANIZATION ( #77, #572 ) ;
#393 = FACE_OUTER_BOUND ( 'NONE', #769, .T. ) ;
#394 = VECTOR ( 'NONE', #588, 1000.000000000000114 ) ;
#395 = DIRECTION ( 'NONE',  ( 8.659560562354932858E-17, -0.7071067811865474617, 0.7071067811865474617 ) ) ;
#396 = ORIENTED_EDGE ( 'NONE', *, *, #738, .F. ) ;
#397 = DIRECTION ( 'NONE',  ( 8.659560562354937789E-17, -0.7071067811865470176, 0.7071067811865479058 ) ) ;
#398 = ORIENTED_EDGE ( 'NONE', *, *, #1027, .F. ) ;
#399 = ORIENTED_EDGE ( 'NONE', *, *, #288, .F. ) ;
#400 = AXIS2_PLACEMENT_3D ( 'NONE', #988, #825, #1444 ) ;
#401 = APPROVAL_DATE_TIME ( #1207, #1848 ) ;
#402 = DIRECTION ( 'NONE',  ( -0.000000000000000000, -1.000000000000000000, -0.000000000000000000 ) ) ;
#403 = LINE ( 'NONE', #80, #1002 ) ;
#404 = VECTOR ( 'NONE', #1852, 1000.000000000000000 ) ;
#405 = DIRECTION ( 'NONE',  ( 0.000000000000000000, 0.000000000000000000, -1.000000000000000000 ) ) ;
#406 = VECTOR ( 'NONE', #1594, 1000.000000000000000 ) ;
#407 = CC_DESIGN_DATE_AND_TIME_ASSIGNMENT ( #1943, #1159, ( #616 ) ) ;
#408 = VERTEX_POINT ( 'NONE', #69 ) ;
#409 = ORIENTED_EDGE ( 'NONE', *, *, #1686, .F. ) ;
#410 = CARTESIAN_POINT ( 'NONE',  ( 13.50000000000002487, -154.1999999999729596, -144.5000000000000000 ) ) ;
#411 = AXIS2_PLACEMENT_3D ( 'NONE', #116, #285, #1498 ) ;
#412 = CARTESIAN_POINT ( 'NONE',  ( 1.735181455066921512E-13, -151.8999999999999773, -144.5000000000000000 ) ) ;
#413 = DIRECTION ( 'NONE',  ( -0.000000000000000000, -1.000000000000000000, -0.000000000000000000 ) ) ;
#414 = DIRECTION ( 'NONE',  ( 0.000000000000000000, 0.000000000000000000, -1.000000000000000000 ) ) ;
#415 = CONICAL_SURFACE ( 'NONE', #541, 2.549999999999996714, 0.7853981633974121968 ) ;
#416 = DIRECTION ( 'NONE',  ( 1.000000000000000000, 1.526596967048189925E-16, 0.000000000000000000 ) ) ;
#417 = DIRECTION ( 'NONE',  ( -0.000000000000000000, 1.000000000000000000, -0.000000000000000000 ) ) ;
#418 = ORIENTED_EDGE ( 'NONE', *, *, #306, .T. ) ;
#419 = ADVANCED_FACE ( 'NONE', ( #1611 ), #867, .F. ) ;
#420 = ORIENTED_EDGE ( 'NONE', *, *, #1998, .F. ) ;
#421 = AXIS2_PLACEMENT_3D ( 'NONE', #314, #1268, #791 ) ;
#422 = AXIS2_PLACEMENT_3D ( 'NONE', #78, #1191, #848 ) ;
#423 = CARTESIAN_POINT ( 'NONE',  ( -10.52220865597997523, -155.2999999999999545, -140.6749999999999829 ) ) ;
#424 = CIRCLE ( 'NONE', #803, 2.549999999999996714 ) ;
#425 = COORDINATED_UNIVERSAL_TIME_OFFSET ( 8, 0, .AHEAD. ) ;
#426 = CARTESIAN_POINT ( 'NONE',  ( -13.49999999999997513, -155.5999999999999943, -144.5000000000000000 ) ) ;
#427 = CARTESIAN_POINT ( 'NONE',  ( 1.978368290684698220E-13, -155.5999999999999943, -156.6500000000000057 ) ) ;
#428 = VECTOR ( 'NONE', #395, 1000.000000000000114 ) ;
#429 = VECTOR ( 'NONE', #1795, 1000.000000000000000 ) ;
#430 = DIRECTION ( 'NONE',  ( -0.000000000000000000, 1.000000000000000000, -0.000000000000000000 ) ) ;
#431 = CARTESIAN_POINT ( 'NONE',  ( -6.749999999999976907, -151.5999999999999943, -130.9086570489000110 ) ) ;
#432 = ORIENTED_EDGE ( 'NONE', *, *, #1007, .T. ) ;
#433 = ADVANCED_FACE ( 'NONE', ( #1160 ), #1006, .F. ) ;
#434 = EDGE_LOOP ( 'NONE', ( #1258, #1492 ) ) ;
#435 = FACE_OUTER_BOUND ( 'NONE', #548, .T. ) ;
#436 = DIRECTION ( 'NONE',  ( 1.000000000000000000, 0.000000000000000000, 0.000000000000000000 ) ) ;
#437 = DIRECTION ( 'NONE',  ( -0.000000000000000000, -1.000000000000000000, -0.000000000000000000 ) ) ;
#438 = CARTESIAN_POINT ( 'NONE',  ( -6.750000000000976996, -151.5999999999999943, -154.2913429511000345 ) ) ;
#439 = DIRECTION ( 'NONE',  ( -0.000000000000000000, 1.000000000000000000, -0.000000000000000000 ) ) ;
#440 = ORIENTED_EDGE ( 'NONE', *, *, #1674, .T. ) ;
#441 = ORIENTED_EDGE ( 'NONE', *, *, #1473, .T. ) ;
#442 = CARTESIAN_POINT ( 'NONE',  ( 10.52220865598002320, -151.9000000000000057, -138.4249999999999829 ) ) ;
#443 = DIRECTION ( 'NONE',  ( 8.659560562354482961E-17, 0.7071067811865843211, -0.7071067811865108244 ) ) ;
#444 = EDGE_CURVE ( 'NONE', #90, #244, #2014, .T. ) ;
#445 = AXIS2_PLACEMENT_3D ( 'NONE', #545, #537, #1141 ) ;
#446 = CARTESIAN_POINT ( 'NONE',  ( -1.777322800125650214E-12, -171.5999999999999659, -140.5250000000009436 ) ) ;
#447 = LINE ( 'NONE', #1490, #375 ) ;
#448 = DIRECTION ( 'NONE',  ( 0.000000000000000000, 1.000000000000000000, 0.000000000000000000 ) ) ;
#449 = VECTOR ( 'NONE', #313, 1000.000000000000114 ) ;
#450 = EDGE_LOOP ( 'NONE', ( #1960, #1100, #565, #345 ) ) ;
#451 = ORIENTED_EDGE ( 'NONE', *, *, #1573, .T. ) ;
#452 = DIRECTION ( 'NONE',  ( 0.000000000000000000, 0.000000000000000000, -1.000000000000000000 ) ) ;
#453 = APPROVAL_STATUS ( 'not_yet_approved' ) ;
#454 = EDGE_CURVE ( 'NONE', #1920, #1356, #1123, .T. ) ;
#455 = DIRECTION ( 'NONE',  ( 0.000000000000000000, 1.000000000000000000, 0.000000000000000000 ) ) ;
#456 = VECTOR ( 'NONE', #1691, 1000.000000000000000 ) ;
#457 = DIRECTION ( 'NONE',  ( 0.000000000000000000, 0.000000000000000000, -1.000000000000000000 ) ) ;
#458 = CARTESIAN_POINT ( 'NONE',  ( 10.52220865598002320, -155.2999999999999545, -140.6749999999999829 ) ) ;
#459 = EDGE_LOOP ( 'NONE', ( #1669, #363, #1401, #918 ) ) ;
#460 = EDGE_LOOP ( 'NONE', ( #270, #891, #297, #685 ) ) ;
#461 = CARTESIAN_POINT ( 'NONE',  ( 13.50000000000002487, -155.5999999999999943, -144.5000000000000000 ) ) ;
#462 = VECTOR ( 'NONE', #1546, 1000.000000000000114 ) ;
#463 = ORIENTED_EDGE ( 'NONE', *, *, #1538, .F. ) ;
#464 = DIRECTION ( 'NONE',  ( 1.000000000000000000, 0.000000000000000000, 0.000000000000000000 ) ) ;
#465 = DIRECTION ( 'NONE',  ( -0.000000000000000000, -1.000000000000000000, -0.000000000000000000 ) ) ;
#466 = EDGE_CURVE ( 'NONE', #250, #1426, #1834, .T. ) ;
#467 = FACE_OUTER_BOUND ( 'NONE', #1731, .T. ) ;
#468 = ORIENTED_EDGE ( 'NONE', *, *, #1557, .T. ) ;
#469 = ORIENTED_EDGE ( 'NONE', *, *, #149, .F. ) ;
#470 = CC_DESIGN_PERSON_AND_ORGANIZATION_ASSIGNMENT ( #1610, #228, ( #616 ) ) ;
#471 = CARTESIAN_POINT ( 'NONE',  ( -6.749999999999976907, -154.1999999999729596, -132.8086570488999882 ) ) ;
#472 = ORIENTED_EDGE ( 'NONE', *, *, #886, .T. ) ;
#473 = CALENDAR_DATE ( 2026, 30, 6 ) ;
#474 = CARTESIAN_POINT ( 'NONE',  ( 6.750000000000023093, -155.5999999999999943, -135.8086570489269889 ) ) ;
#475 = CONICAL_SURFACE ( 'NONE', #1598, 2.250000000000001776, 0.7853981633974121968 ) ;
#476 = CARTESIAN_POINT ( 'NONE',  ( 17.50000000000017408, -155.2999999999999545, -144.5000000000000000 ) ) ;
#477 = DIRECTION ( 'NONE',  ( 0.000000000000000000, 0.000000000000000000, 1.000000000000000000 ) ) ;
#478 = VECTOR ( 'NONE', #1085, 1000.000000000000114 ) ;
#479 = ORIENTED_EDGE ( 'NONE', *, *, #1802, .T. ) ;
#480 = VERTEX_POINT ( 'NONE', #1503 ) ;
#481 = CARTESIAN_POINT ( 'NONE',  ( -6.750000000000976996, -154.1999999999729596, -156.1913429511000118 ) ) ;
#482 = EDGE_CURVE ( 'NONE', #250, #620, #1161, .T. ) ;
#483 = AXIS2_PLACEMENT_3D ( 'NONE', #8, #633, #916 ) ;
#484 = DIRECTION ( 'NONE',  ( -0.000000000000000000, 1.000000000000000000, -0.000000000000000000 ) ) ;
#485 = DIRECTION ( 'NONE',  ( -0.000000000000000000, 1.000000000000000000, -0.000000000000000000 ) ) ;
#486 = DIRECTION ( 'NONE',  ( -0.000000000000000000, -1.000000000000000000, -0.000000000000000000 ) ) ;
#487 = ORIENTED_EDGE ( 'NONE', *, *, #601, .T. ) ;
#488 = ORIENTED_EDGE ( 'NONE', *, *, #309, .T. ) ;
#489 = CARTESIAN_POINT ( 'NONE',  ( -6.750000000000976996, -155.5999999999999943, -153.1913429510730111 ) ) ;
#490 = VECTOR ( 'NONE', #1471, 1000.000000000000114 ) ;
#491 = EDGE_CURVE ( 'NONE', #110, #829, #1180, .T. ) ;
#492 = AXIS2_PLACEMENT_3D ( 'NONE', #872, #1485, #1732 ) ;
#493 = ORIENTED_EDGE ( 'NONE', *, *, #482, .T. ) ;
#494 = EDGE_CURVE ( 'NONE', #1708, #1264, #254, .T. ) ;
#495 = DIRECTION ( 'NONE',  ( 0.000000000000000000, -1.000000000000000000, 0.000000000000000000 ) ) ;
#496 = DIRECTION ( 'NONE',  ( -1.000000000000000000, 0.000000000000000000, 0.000000000000000000 ) ) ;
#497 = CARTESIAN_POINT ( 'NONE',  ( 6.750000000001023182, -151.5999999999999943, -156.1913429511000118 ) ) ;
#498 = CARTESIAN_POINT ( 'NONE',  ( 10.52220865598002320, -155.5999999999999943, -138.4249999999999829 ) ) ;
#499 = ORIENTED_EDGE ( 'NONE', *, *, #882, .F. ) ;
#500 = EDGE_LOOP ( 'NONE', ( #1910, #1050 ) ) ;
#501 = CIRCLE ( 'NONE', #1626, 1.900000000000012790 ) ;
#502 = DIRECTION ( 'NONE',  ( -0.000000000000000000, -1.000000000000000000, -0.000000000000000000 ) ) ;
#503 = ORIENTED_EDGE ( 'NONE', *, *, #945, .T. ) ;
#504 = EDGE_LOOP ( 'NONE', ( #432, #236 ) ) ;
#505 = LINE ( 'NONE', #346, #478 ) ;
#506 = ADVANCED_FACE ( 'NONE', ( #1653 ), #1125, .F. ) ;
#507 = CARTESIAN_POINT ( 'NONE',  ( -6.750000000000976996, -151.5999999999999943, -156.1913429511000118 ) ) ;
#508 = LINE ( 'NONE', #48, #1846 ) ;
#509 = CYLINDRICAL_SURFACE ( 'NONE', #29, 2.250000000000001776 ) ;
#510 = CONICAL_SURFACE ( 'NONE', #672, 1.900000000000012790, 0.7853981633973962095 ) ;
#511 = ORIENTED_EDGE ( 'NONE', *, *, #654, .F. ) ;
#512 = ORIENTED_EDGE ( 'NONE', *, *, #189, .F. ) ;
#513 = LINE ( 'NONE', #697, #1964 ) ;
#514 = ORIENTED_EDGE ( 'NONE', *, *, #1261, .F. ) ;
#515 = CIRCLE ( 'NONE', #1672, 2.250000000000001776 ) ;
#516 = VERTEX_POINT ( 'NONE', #238 ) ;
#517 = DIRECTION ( 'NONE',  ( -0.000000000000000000, 1.000000000000000000, -0.000000000000000000 ) ) ;
#518 = CYLINDRICAL_SURFACE ( 'NONE', #741, 3.975000000000006306 ) ;
#519 = ADVANCED_FACE ( 'NONE', ( #703 ), #1163, .F. ) ;
#520 = CONICAL_SURFACE ( 'NONE', #1025, 3.000000000027008618, 0.7853981633974489451 ) ;
#521 = DIRECTION ( 'NONE',  ( 0.000000000000000000, -0.7071067811865470176, -0.7071067811865479058 ) ) ;
#522 = ORIENTED_EDGE ( 'NONE', *, *, #1440, .T. ) ;
#523 = ORIENTED_EDGE ( 'NONE', *, *, #1647, .T. ) ;
#524 = FACE_OUTER_BOUND ( 'NONE', #1134, .T. ) ;
#525 = ORIENTED_EDGE ( 'NONE', *, *, #1213, .T. ) ;
#526 = CIRCLE ( 'NONE', #1925, 2.549999999999996714 ) ;
#527 = DIRECTION ( 'NONE',  ( -1.000000000000000000, 0.000000000000000000, 0.000000000000000000 ) ) ;
#528 = DIRECTION ( 'NONE',  ( 1.526596967048189925E-16, -1.000000000000000000, 0.000000000000000000 ) ) ;
#529 = CARTESIAN_POINT ( 'NONE',  ( 1.740829863844999752E-13, -155.5999999999999943, -144.5000000000000000 ) ) ;
#530 = ORIENTED_EDGE ( 'NONE', *, *, #380, .F. ) ;
#531 = EDGE_CURVE ( 'NONE', #1553, #673, #1062, .T. ) ;
#532 = ORIENTED_EDGE ( 'NONE', *, *, #1931, .F. ) ;
#533 = DIRECTION ( 'NONE',  ( -1.000000000000000000, 0.000000000000000000, 0.000000000000000000 ) ) ;
#534 = CARTESIAN_POINT ( 'NONE',  ( -1.777322800125650214E-12, -171.5999999999999659, -144.5000000000009663 ) ) ;
#535 = DIRECTION ( 'NONE',  ( -0.000000000000000000, -1.000000000000000000, -0.000000000000000000 ) ) ;
#536 = PRODUCT ( 'part_shengjiang_falan', 'part_shengjiang_falan', '', ( #1022 ) ) ;
#537 = DIRECTION ( 'NONE',  ( -0.000000000000000000, -1.000000000000000000, -0.000000000000000000 ) ) ;
#538 = AXIS2_PLACEMENT_3D ( 'NONE', #1675, #430, #107 ) ;
#539 = ORIENTED_EDGE ( 'NONE', *, *, #861, .F. ) ;
#540 = EDGE_CURVE ( 'NONE', #1901, #1472, #870, .T. ) ;
#541 = AXIS2_PLACEMENT_3D ( 'NONE', #1337, #264, #1961 ) ;
#542 = CARTESIAN_POINT ( 'NONE',  ( -13.49999999999997513, -151.5999999999999943, -146.4000000000000057 ) ) ;
#543 = CARTESIAN_POINT ( 'NONE',  ( 6.750000000000023093, -155.5999999999999943, -132.8086570488999882 ) ) ;
#544 = CARTESIAN_POINT ( 'NONE',  ( 13.50000000000002487, -155.5999999999999943, -147.5000000000270006 ) ) ;
#545 = CARTESIAN_POINT ( 'NONE',  ( 6.750000000001023182, -154.1999999999729596, -156.1913429511000118 ) ) ;
#546 = CONICAL_SURFACE ( 'NONE', #93, 1.899999999999985034, 0.7853981633974418397 ) ;
#547 = DIRECTION ( 'NONE',  ( 0.000000000000000000, 0.000000000000000000, -1.000000000000000000 ) ) ;
#548 = EDGE_LOOP ( 'NONE', ( #871, #1773, #1895, #942 ) ) ;
#549 = ORIENTED_EDGE ( 'NONE', *, *, #858, .T. ) ;
#550 = EDGE_CURVE ( 'NONE', #759, #829, #934, .T. ) ;
#551 = CIRCLE ( 'NONE', #256, 1.899999999999985034 ) ;
#552 = CIRCLE ( 'NONE', #1548, 17.20000000000000284 ) ;
#553 = DIRECTION ( 'NONE',  ( -0.000000000000000000, -1.000000000000000000, -0.000000000000000000 ) ) ;
#554 = DIRECTION ( 'NONE',  ( -0.000000000000000000, -1.000000000000000000, -0.000000000000000000 ) ) ;
#555 = CIRCLE ( 'NONE', #1680, 1.599999999999990319 ) ;
#556 = DIRECTION ( 'NONE',  ( -0.000000000000000000, -1.000000000000000000, -0.000000000000000000 ) ) ;
#557 = EDGE_CURVE ( 'NONE', #92, #222, #1711, .T. ) ;
#558 = DIRECTION ( 'NONE',  ( 1.526596967048189925E-16, -1.000000000000000000, 0.000000000000000000 ) ) ;
#559 = VERTEX_POINT ( 'NONE', #246 ) ;
#560 = ORIENTED_EDGE ( 'NONE', *, *, #1752, .T. ) ;
#561 = CARTESIAN_POINT ( 'NONE',  ( 6.750000000001023182, -155.5999999999999943, -156.1913429511000118 ) ) ;
#562 = CIRCLE ( 'NONE', #2013, 1.599999999999990319 ) ;
#563 = CYLINDRICAL_SURFACE ( 'NONE', #1661, 2.250000000000001776 ) ;
#564 = PLANE ( 'NONE',  #1149 ) ;
#565 = ORIENTED_EDGE ( 'NONE', *, *, #240, .F. ) ;
#566 = EDGE_LOOP ( 'NONE', ( #339, #1012, #637, #539 ) ) ;
#567 = DIRECTION ( 'NONE',  ( 1.000000000000000000, 0.000000000000000000, 0.000000000000000000 ) ) ;
#568 = VECTOR ( 'NONE', #623, 1000.000000000000114 ) ;
#569 = LINE ( 'NONE', #915, #1047 ) ;
#570 = DIRECTION ( 'NONE',  ( 0.000000000000000000, -0.7071067811865470176, -0.7071067811865479058 ) ) ;
#571 = FACE_OUTER_BOUND ( 'NONE', #785, .T. ) ;
#572 = ORGANIZATION ( '未', '未', '' ) ;
#573 = EDGE_CURVE ( 'NONE', #1636, #627, #424, .T. ) ;
#574 = ORIENTED_EDGE ( 'NONE', *, *, #1521, .F. ) ;
#575 = ORIENTED_EDGE ( 'NONE', *, *, #1722, .T. ) ;
#576 = AXIS2_PLACEMENT_3D ( 'NONE', #497, #1106, #605 ) ;
#577 = DIRECTION ( 'NONE',  ( -1.526596967048189925E-16, 1.000000000000000000, -0.000000000000000000 ) ) ;
#578 = VECTOR ( 'NONE', #670, 1000.000000000000114 ) ;
#579 = CARTESIAN_POINT ( 'NONE',  ( 13.50000000000002487, -155.5999999999999943, -141.4999999999729710 ) ) ;
#580 = AXIS2_PLACEMENT_3D ( 'NONE', #60, #1603, #385 ) ;
#581 = AXIS2_PLACEMENT_3D ( 'NONE', #770, #502, #330 ) ;
#582 = FACE_BOUND ( 'NONE', #127, .T. ) ;
#583 = DIRECTION ( 'NONE',  ( -0.000000000000000000, -1.000000000000000000, -0.000000000000000000 ) ) ;
#584 = VECTOR ( 'NONE', #2019, 1000.000000000000000 ) ;
#585 = EDGE_LOOP ( 'NONE', ( #38, #1839 ) ) ;
#586 = ORIENTED_EDGE ( 'NONE', *, *, #1559, .F. ) ;
#587 = AXIS2_PLACEMENT_3D ( 'NONE', #1110, #639, #6 ) ;
#588 = DIRECTION ( 'NONE',  ( 8.659560562354621012E-17, 0.7071067811865729968, -0.7071067811865220376 ) ) ;
#589 = ADVANCED_FACE ( 'NONE', ( #1044 ), #1325, .F. ) ;
#590 = DIRECTION ( 'NONE',  ( -0.000000000000000000, -1.000000000000000000, -0.000000000000000000 ) ) ;
#591 = DIRECTION ( 'NONE',  ( 0.000000000000000000, 0.000000000000000000, -1.000000000000000000 ) ) ;
#592 = DIRECTION ( 'NONE',  ( -0.000000000000000000, -1.000000000000000000, -0.000000000000000000 ) ) ;
#593 = DIRECTION ( 'NONE',  ( 0.000000000000000000, 0.000000000000000000, 1.000000000000000000 ) ) ;
#594 = ORIENTED_EDGE ( 'NONE', *, *, #1625, .F. ) ;
#595 = CONICAL_SURFACE ( 'NONE', #1280, 2.549999999999996714, 0.7853981633974121968 ) ;
#596 = VERTEX_POINT ( 'NONE', #1766 ) ;
#597 = AXIS2_PLACEMENT_3D ( 'NONE', #1505, #1642, #414 ) ;
#598 = CARTESIAN_POINT ( 'NONE',  ( 6.750000000001023182, -154.1999999999729596, -156.1913429511000118 ) ) ;
#599 = ADVANCED_FACE ( 'NONE', ( #381 ), #995, .F. ) ;
#600 = EDGE_CURVE ( 'NONE', #696, #729, #551, .T. ) ;
#601 = EDGE_CURVE ( 'NONE', #53, #707, #193, .T. ) ;
#602 = PERSON_AND_ORGANIZATION_ROLE ( 'design_supplier' ) ;
#603 = CIRCLE ( 'NONE', #860, 3.975000000000006306 ) ;
#604 = DIRECTION ( 'NONE',  ( 0.000000000000000000, 0.000000000000000000, 1.000000000000000000 ) ) ;
#605 = DIRECTION ( 'NONE',  ( -1.000000000000000000, 0.000000000000000000, 0.000000000000000000 ) ) ;
#606 = CARTESIAN_POINT ( 'NONE',  ( 6.750000000000023093, -155.5999999999999943, -132.8086570488999882 ) ) ;
#607 = EDGE_LOOP ( 'NONE', ( #1424, #19, #1753, #1658 ) ) ;
#608 = ORIENTED_EDGE ( 'NONE', *, *, #1069, .F. ) ;
#609 = CARTESIAN_POINT ( 'NONE',  ( -10.52220865597997523, -151.9000000000000057, -140.6749999999999829 ) ) ;
#610 = ORIENTED_EDGE ( 'NONE', *, *, #1686, .T. ) ;
#611 = AXIS2_PLACEMENT_3D ( 'NONE', #1823, #1347, #103 ) ;
#612 = DIRECTION ( 'NONE',  ( 0.000000000000000000, 0.000000000000000000, 1.000000000000000000 ) ) ;
#613 = VECTOR ( 'NONE', #1985, 1000.000000000000000 ) ;
#614 = ADVANCED_FACE ( 'NONE', ( #1443 ), #226, .T. ) ;
#615 = FACE_OUTER_BOUND ( 'NONE', #607, .T. ) ;
#616 = PRODUCT_DEFINITION ( '�', '', #1193, #108 ) ;
#617 = CONICAL_SURFACE ( 'NONE', #1205, 2.250000000000001776, 0.7853981633974121968 ) ;
#618 = CARTESIAN_POINT ( 'NONE',  ( -1.777322800125650214E-12, -171.5999999999999659, -140.9250000000009777 ) ) ;
#619 = ORIENTED_EDGE ( 'NONE', *, *, #1186, .F. ) ;
#620 = VERTEX_POINT ( 'NONE', #1621 ) ;
#621 = DIRECTION ( 'NONE',  ( -0.000000000000000000, -1.000000000000000000, -0.000000000000000000 ) ) ;
#622 = CARTESIAN_POINT ( 'NONE',  ( 6.750000000000023093, -151.8999999999999773, -131.2086570488999939 ) ) ;
#623 = DIRECTION ( 'NONE',  ( 0.000000000000000000, -0.7071067811865470176, -0.7071067811865479058 ) ) ;
#624 = DIRECTION ( 'NONE',  ( 1.526596967048189925E-16, -1.000000000000000000, 0.000000000000000000 ) ) ;
#625 = EDGE_CURVE ( 'NONE', #1264, #1708, #1033, .T. ) ;
#626 = EDGE_LOOP ( 'NONE', ( #418, #927 ) ) ;
#627 = VERTEX_POINT ( 'NONE', #810 ) ;
#628 = CARTESIAN_POINT ( 'NONE',  ( -13.49999999999997513, -151.5999999999999943, -144.5000000000000000 ) ) ;
#629 = AXIS2_PLACEMENT_3D ( 'NONE', #1673, #455, #897 ) ;
#630 = COORDINATED_UNIVERSAL_TIME_OFFSET ( 8, 0, .AHEAD. ) ;
#631 = FACE_OUTER_BOUND ( 'NONE', #642, .T. ) ;
#632 = AXIS2_PLACEMENT_3D ( 'NONE', #764, #1093, #1713 ) ;
#633 = DIRECTION ( 'NONE',  ( 1.526596967048189925E-16, -1.000000000000000000, 0.000000000000000000 ) ) ;
#634 = DIRECTION ( 'NONE',  ( 0.000000000000000000, 0.000000000000000000, -1.000000000000000000 ) ) ;
#635 = ADVANCED_FACE ( 'NONE', ( #1124, #1747, #359, #55, #1297, #1759, #1597, #76, #1620, #819 ), #1734, .T. ) ;
#636 = ORIENTED_EDGE ( 'NONE', *, *, #1941, .F. ) ;
#637 = ORIENTED_EDGE ( 'NONE', *, *, #1312, .T. ) ;
#638 = EDGE_CURVE ( 'NONE', #650, #1441, #343, .T. ) ;
#639 = DIRECTION ( 'NONE',  ( -0.000000000000000000, 1.000000000000000000, -0.000000000000000000 ) ) ;
#640 = AXIS2_PLACEMENT_3D ( 'NONE', #1958, #558, #1018 ) ;
#641 = SECURITY_CLASSIFICATION ( '', '', #1844 ) ;
#642 = EDGE_LOOP ( 'NONE', ( #183, #1627, #817, #1176 ) ) ;
#643 = AXIS2_PLACEMENT_3D ( 'NONE', #543, #1279, #1462 ) ;
#644 = DIRECTION ( 'NONE',  ( 1.000000000000000000, 0.000000000000000000, 0.000000000000000000 ) ) ;
#645 = CARTESIAN_POINT ( 'NONE',  ( -10.52220865597997523, -155.5999999999999943, -138.4249999999999829 ) ) ;
#646 = DIRECTION ( 'NONE',  ( 0.000000000000000000, 1.000000000000000000, 0.000000000000000000 ) ) ;
#647 = DIRECTION ( 'NONE',  ( -0.000000000000000000, -1.000000000000000000, -0.000000000000000000 ) ) ;
#648 = ORIENTED_EDGE ( 'NONE', *, *, #947, .F. ) ;
#649 = VECTOR ( 'NONE', #647, 1000.000000000000000 ) ;
#650 = VERTEX_POINT ( 'NONE', #1537 ) ;
#651 = DIRECTION ( 'NONE',  ( 1.526596967048189925E-16, -1.000000000000000000, 0.000000000000000000 ) ) ;
#652 = ORIENTED_EDGE ( 'NONE', *, *, #366, .T. ) ;
#653 = DIRECTION ( 'NONE',  ( -0.000000000000000000, -1.000000000000000000, -0.000000000000000000 ) ) ;
#654 = EDGE_CURVE ( 'NONE', #964, #1554, #1359, .T. ) ;
#655 = ADVANCED_FACE ( 'NONE', ( #269 ), #1993, .F. ) ;
#656 = ORIENTED_EDGE ( 'NONE', *, *, #691, .F. ) ;
#657 = FACE_OUTER_BOUND ( 'NONE', #1373, .T. ) ;
#658 = CYLINDRICAL_SURFACE ( 'NONE', #1368, 3.975000000000006306 ) ;
#659 = CARTESIAN_POINT ( 'NONE',  ( 10.52220865598002320, -151.5999999999999943, -138.4249999999999829 ) ) ;
#660 = CARTESIAN_POINT ( 'NONE',  ( 1.735181455066921512E-13, -151.8999999999999773, -144.5000000000000000 ) ) ;
#661 = EDGE_LOOP ( 'NONE', ( #1167, #1428, #1111, #1500 ) ) ;
#662 = ORIENTED_EDGE ( 'NONE', *, *, #1274, .T. ) ;
#663 = AXIS2_PLACEMENT_3D ( 'NONE', #905, #653, #383 ) ;
#664 = CARTESIAN_POINT ( 'NONE',  ( 6.750000000001023182, -155.5999999999999943, -156.1913429511000118 ) ) ;
#665 = VERTEX_POINT ( 'NONE', #618 ) ;
#666 = EDGE_LOOP ( 'NONE', ( #1881, #292, #1256, #271 ) ) ;
#667 = AXIS2_PLACEMENT_3D ( 'NONE', #192, #807, #1425 ) ;
#668 = CARTESIAN_POINT ( 'NONE',  ( -13.49999999999997513, -155.5999999999999943, -144.5000000000000000 ) ) ;
#669 = DIRECTION ( 'NONE',  ( -0.000000000000000000, 1.000000000000000000, -0.000000000000000000 ) ) ;
#670 = DIRECTION ( 'NONE',  ( 8.659560562354937789E-17, -0.7071067811865470176, 0.7071067811865479058 ) ) ;
#671 = LINE ( 'NONE', #1291, #31 ) ;
#672 = AXIS2_PLACEMENT_3D ( 'NONE', #1112, #788, #1277 ) ;
#673 = VERTEX_POINT ( 'NONE', #1048 ) ;
#674 = EDGE_LOOP ( 'NONE', ( #472, #523 ) ) ;
#675 = CIRCLE ( 'NONE', #2004, 1.599999999999990319 ) ;
#676 = DIRECTION ( 'NONE',  ( 0.000000000000000000, 0.000000000000000000, -1.000000000000000000 ) ) ;
#677 = CONICAL_SURFACE ( 'NONE', #833, 3.000000000027008618, 0.7853981633974489451 ) ;
#678 = EDGE_LOOP ( 'NONE', ( #1898, #1579 ) ) ;
#679 = CYLINDRICAL_SURFACE ( 'NONE', #1880, 1.599999999999990319 ) ;
#680 = FACE_OUTER_BOUND ( 'NONE', #1784, .T. ) ;
#681 = AXIS2_PLACEMENT_3D ( 'NONE', #774, #165, #457 ) ;
#682 =( GEOMETRIC_REPRESENTATION_CONTEXT ( 3 ) GLOBAL_UNCERTAINTY_ASSIGNED_CONTEXT ( ( #1858 ) ) GLOBAL_UNIT_ASSIGNED_CONTEXT ( ( #1477, #884, #1321 ) ) REPRESENTATION_CONTEXT ( 'NONE', 'WORKASPACE' ) );
#683 = DIRECTION ( 'NONE',  ( 0.000000000000000000, -1.000000000000000000, 0.000000000000000000 ) ) ;
#684 = ADVANCED_FACE ( 'NONE', ( #727 ), #1063, .F. ) ;
#685 = ORIENTED_EDGE ( 'NONE', *, *, #1034, .F. ) ;
#686 = ORIENTED_EDGE ( 'NONE', *, *, #1312, .F. ) ;
#687 = CARTESIAN_POINT ( 'NONE',  ( 13.50000000000002487, -151.5999999999999943, -144.5000000000000000 ) ) ;
#688 = CARTESIAN_POINT ( 'NONE',  ( 1.978368290684698220E-13, -155.3000000000000114, -156.6500000000000057 ) ) ;
#689 = CYLINDRICAL_SURFACE ( 'NONE', #1615, 1.599999999999990319 ) ;
#690 = VERTEX_POINT ( 'NONE', #1974 ) ;
#691 = EDGE_CURVE ( 'NONE', #1677, #1273, #1813, .T. ) ;
#692 = CARTESIAN_POINT ( 'NONE',  ( -6.750000000000976996, -155.5999999999999943, -153.1913429510730111 ) ) ;
#693 = EDGE_LOOP ( 'NONE', ( #1854, #619, #1136, #1736 ) ) ;
#694 = DIRECTION ( 'NONE',  ( -0.000000000000000000, 1.000000000000000000, -0.000000000000000000 ) ) ;
#695 = DIRECTION ( 'NONE',  ( -0.000000000000000000, -1.000000000000000000, -0.000000000000000000 ) ) ;
#696 = VERTEX_POINT ( 'NONE', #1068 ) ;
#697 = CARTESIAN_POINT ( 'NONE',  ( -6.749999999999976907, -151.5999999999999943, -134.7086570488999655 ) ) ;
#698 = EDGE_CURVE ( 'NONE', #1273, #1475, #1826, .T. ) ;
#699 = CONICAL_SURFACE ( 'NONE', #52, 17.20000000000000284, 0.7853981633974078669 ) ;
#700 = VERTEX_POINT ( 'NONE', #1341 ) ;
#701 = ADVANCED_FACE ( 'NONE', ( #571 ), #1301, .F. ) ;
#702 = DIRECTION ( 'NONE',  ( 1.000000000000000000, 0.000000000000000000, 0.000000000000000000 ) ) ;
#703 = FACE_OUTER_BOUND ( 'NONE', #296, .T. ) ;
#704 = DIRECTION ( 'NONE',  ( 0.000000000000000000, 0.000000000000000000, -1.000000000000000000 ) ) ;
#705 = ORIENTED_EDGE ( 'NONE', *, *, #454, .F. ) ;
#706 = ORIENTED_EDGE ( 'NONE', *, *, #1752, .F. ) ;
#707 = VERTEX_POINT ( 'NONE', #1683 ) ;
#708 = CARTESIAN_POINT ( 'NONE',  ( 1.981491140022524206E-13, -151.5999999999999943, -159.2000000000000171 ) ) ;
#709 = AXIS2_PLACEMENT_3D ( 'NONE', #1218, #879, #1210 ) ;
#710 = AXIS2_PLACEMENT_3D ( 'NONE', #176, #1247, #1408 ) ;
#711 = ADVANCED_FACE ( 'NONE', ( #1196 ), #873, .F. ) ;
#712 = ADVANCED_FACE ( 'NONE', ( #1667 ), #1850, .T. ) ;
#713 = DIRECTION ( 'NONE',  ( -1.000000000000000000, 0.000000000000000000, 0.000000000000000000 ) ) ;
#714 = CIRCLE ( 'NONE', #1750, 2.250000000000001776 ) ;
#715 = LINE ( 'NONE', #798, #300 ) ;
#716 = CIRCLE ( 'NONE', #99, 1.599999999999990319 ) ;
#717 = CARTESIAN_POINT ( 'NONE',  ( 17.20000000000019114, -151.5999999999999943, -144.5000000000000000 ) ) ;
#718 = ORIENTED_EDGE ( 'NONE', *, *, #1465, .T. ) ;
#719 = ORIENTED_EDGE ( 'NONE', *, *, #761, .T. ) ;
#720 = DIRECTION ( 'NONE',  ( 0.000000000000000000, -1.000000000000000000, 0.000000000000000000 ) ) ;
#721 = CARTESIAN_POINT ( 'NONE',  ( 13.50000000000002487, -151.9000000000000341, -142.9000000000000057 ) ) ;
#722 = DIRECTION ( 'NONE',  ( -0.000000000000000000, 1.000000000000000000, -0.000000000000000000 ) ) ;
#723 = CARTESIAN_POINT ( 'NONE',  ( 10.52220865598002320, -151.5999999999999943, -138.4249999999999829 ) ) ;
#724 = AXIS2_PLACEMENT_3D ( 'NONE', #461, #1001, #676 ) ;
#725 = CARTESIAN_POINT ( 'NONE',  ( -6.749999999999976907, -155.5999999999999943, -129.8086570488729876 ) ) ;
#726 = CIRCLE ( 'NONE', #1765, 3.000000000027008618 ) ;
#727 = FACE_OUTER_BOUND ( 'NONE', #661, .T. ) ;
#728 = ORIENTED_EDGE ( 'NONE', *, *, #1465, .F. ) ;
#729 = VERTEX_POINT ( 'NONE', #431 ) ;
#730 = DIRECTION ( 'NONE',  ( -0.000000000000000000, -1.000000000000000000, -0.000000000000000000 ) ) ;
#731 = DIRECTION ( 'NONE',  ( 0.000000000000000000, 0.000000000000000000, 1.000000000000000000 ) ) ;
#732 = DIRECTION ( 'NONE',  ( -0.000000000000000000, 1.000000000000000000, -0.000000000000000000 ) ) ;
#733 = CARTESIAN_POINT ( 'NONE',  ( -1.777322800125650214E-12, -156.6000000000000227, -144.5000000000009663 ) ) ;
#734 = EDGE_CURVE ( 'NONE', #244, #90, #317, .T. ) ;
#735 = DIRECTION ( 'NONE',  ( -1.000000000000000000, 0.000000000000000000, 0.000000000000000000 ) ) ;
#736 = EDGE_CURVE ( 'NONE', #90, #137, #1363, .T. ) ;
#737 = CIRCLE ( 'NONE', #1878, 2.250000000000001776 ) ;
#738 = EDGE_CURVE ( 'NONE', #1342, #222, #1352, .T. ) ;
#739 = ORIENTED_EDGE ( 'NONE', *, *, #886, .F. ) ;
#740 = VERTEX_POINT ( 'NONE', #458 ) ;
#741 = AXIS2_PLACEMENT_3D ( 'NONE', #534, #1739, #1430 ) ;
#742 = LINE ( 'NONE', #272, #895 ) ;
#743 = AXIS2_PLACEMENT_3D ( 'NONE', #606, #1510, #1229 ) ;
#744 = LINE ( 'NONE', #579, #940 ) ;
#745 = CIRCLE ( 'NONE', #581, 1.599999999999990319 ) ;
#746 = DIRECTION ( 'NONE',  ( 1.526596967048189925E-16, -1.000000000000000000, 0.000000000000000000 ) ) ;
#747 = CARTESIAN_POINT ( 'NONE',  ( -6.749999999999976907, -154.1999999999729596, -132.8086570488999882 ) ) ;
#748 = ORIENTED_EDGE ( 'NONE', *, *, #1712, .T. ) ;
#749 = ORIENTED_EDGE ( 'NONE', *, *, #232, .F. ) ;
#750 = APPLICATION_CONTEXT ( 'configuration controlled 3d designs of mechanical parts and assemblies' ) ;
#751 = CARTESIAN_POINT ( 'NONE',  ( -13.49999999999997513, -154.1999999999729596, -146.0999999999999659 ) ) ;
#752 = ORIENTED_EDGE ( 'NONE', *, *, #40, .F. ) ;
#753 = AXIS2_PLACEMENT_3D ( 'NONE', #374, #1606, #1466 ) ;
#754 = FACE_OUTER_BOUND ( 'NONE', #376, .T. ) ;
#755 = CARTESIAN_POINT ( 'NONE',  ( -6.750000000000976996, -155.5999999999999943, -154.5913429511000174 ) ) ;
#756 = DIRECTION ( 'NONE',  ( -0.000000000000000000, 1.000000000000000000, -0.000000000000000000 ) ) ;
#757 = VERTEX_POINT ( 'NONE', #1676 ) ;
#758 = ADVANCED_FACE ( 'NONE', ( #287 ), #278, .F. ) ;
#759 = VERTEX_POINT ( 'NONE', #2003 ) ;
#760 = CARTESIAN_POINT ( 'NONE',  ( 6.750000000001023182, -154.1999999999729596, -154.5913429511000174 ) ) ;
#761 = EDGE_CURVE ( 'NONE', #1586, #1084, #94, .T. ) ;
#762 = ORIENTED_EDGE ( 'NONE', *, *, #1185, .T. ) ;
#763 = APPROVAL_ROLE ( '' ) ;
#764 = CARTESIAN_POINT ( 'NONE',  ( 6.750000000001023182, -151.5999999999999943, -156.1913429511000118 ) ) ;
#765 = DIRECTION ( 'NONE',  ( -0.000000000000000000, -1.000000000000000000, -0.000000000000000000 ) ) ;
#766 = CARTESIAN_POINT ( 'NONE',  ( 6.750000000000023093, -151.5999999999999943, -132.8086570488999882 ) ) ;
#767 = CIRCLE ( 'NONE', #1605, 3.574999999999994849 ) ;
#768 = ORIENTED_EDGE ( 'NONE', *, *, #466, .F. ) ;
#769 = EDGE_LOOP ( 'NONE', ( #316, #146, #859, #1720 ) ) ;
#770 = CARTESIAN_POINT ( 'NONE',  ( -13.49999999999997513, -154.1999999999729596, -144.5000000000000000 ) ) ;
#771 = EDGE_CURVE ( 'NONE', #1320, #1426, #1455, .T. ) ;
#772 = CARTESIAN_POINT ( 'NONE',  ( -6.750000000000976996, -151.8999999999999773, -156.1913429511000118 ) ) ;
#773 = AXIS2_PLACEMENT_3D ( 'NONE', #822, #1609, #44 ) ;
#774 = CARTESIAN_POINT ( 'NONE',  ( -6.750000000000976996, -155.5999999999999943, -156.1913429511000118 ) ) ;
#775 = DIRECTION ( 'NONE',  ( 0.000000000000000000, 0.000000000000000000, -1.000000000000000000 ) ) ;
#776 = CIRCLE ( 'NONE', #909, 1.599999999999990319 ) ;
#777 = ORIENTED_EDGE ( 'NONE', *, *, #638, .F. ) ;
#778 = ORIENTED_EDGE ( 'NONE', *, *, #204, .F. ) ;
#779 = CARTESIAN_POINT ( 'NONE',  ( -13.49999999999997513, -154.1999999999729596, -144.5000000000000000 ) ) ;
#780 = EDGE_CURVE ( 'NONE', #1342, #329, #355, .T. ) ;
#781 = DIRECTION ( 'NONE',  ( -1.526596967048189925E-16, 1.000000000000000000, -0.000000000000000000 ) ) ;
#782 = LINE ( 'NONE', #1398, #1194 ) ;
#783 = CARTESIAN_POINT ( 'NONE',  ( 1.978368290684698220E-13, -151.5999999999999943, -154.1000000000000227 ) ) ;
#784 = ORIENTED_EDGE ( 'NONE', *, *, #550, .T. ) ;
#785 = EDGE_LOOP ( 'NONE', ( #920, #1275, #1716, #1718 ) ) ;
#786 = DIRECTION ( 'NONE',  ( -0.000000000000000000, -1.000000000000000000, -0.000000000000000000 ) ) ;
#787 = ORIENTED_EDGE ( 'NONE', *, *, #1476, .T. ) ;
#788 = DIRECTION ( 'NONE',  ( -0.000000000000000000, 1.000000000000000000, -0.000000000000000000 ) ) ;
#789 = AXIS2_PLACEMENT_3D ( 'NONE', #33, #20, #644 ) ;
#790 = FACE_OUTER_BOUND ( 'NONE', #1414, .T. ) ;
#791 = DIRECTION ( 'NONE',  ( 0.000000000000000000, 0.000000000000000000, -1.000000000000000000 ) ) ;
#792 = DIRECTION ( 'NONE',  ( 8.659560562354830553E-17, 0.7071067811865560104, -0.7071067811865391350 ) ) ;
#793 = ORIENTED_EDGE ( 'NONE', *, *, #1261, .T. ) ;
#794 = ORIENTED_EDGE ( 'NONE', *, *, #1226, .T. ) ;
#795 = EDGE_CURVE ( 'NONE', #408, #1851, #1269, .T. ) ;
#796 = CARTESIAN_POINT ( 'NONE',  ( 6.750000000000023093, -151.5999999999999943, -132.8086570488999882 ) ) ;
#797 = ORIENTED_EDGE ( 'NONE', *, *, #550, .F. ) ;
#798 = CARTESIAN_POINT ( 'NONE',  ( 13.50000000000002487, -151.5999999999999943, -142.5999999999999659 ) ) ;
#799 = AXIS2_PLACEMENT_3D ( 'NONE', #896, #1955, #1981 ) ;
#800 = DIRECTION ( 'NONE',  ( 0.000000000000000000, 0.000000000000000000, 1.000000000000000000 ) ) ;
#801 = DIRECTION ( 'NONE',  ( 1.526596967048189925E-16, -1.000000000000000000, 0.000000000000000000 ) ) ;
#802 = DIRECTION ( 'NONE',  ( -1.000000000000000000, 0.000000000000000000, 0.000000000000000000 ) ) ;
#803 = AXIS2_PLACEMENT_3D ( 'NONE', #1641, #257, #436 ) ;
#804 = EDGE_LOOP ( 'NONE', ( #1460, #1966, #787, #280 ) ) ;
#805 = ADVANCED_FACE ( 'NONE', ( #1868 ), #389, .F. ) ;
#806 = ORIENTED_EDGE ( 'NONE', *, *, #698, .T. ) ;
#807 = DIRECTION ( 'NONE',  ( -1.526596967048189925E-16, 1.000000000000000000, -0.000000000000000000 ) ) ;
#808 = ORIENTED_EDGE ( 'NONE', *, *, #698, .F. ) ;
#809 = VERTEX_POINT ( 'NONE', #1255 ) ;
#810 = CARTESIAN_POINT ( 'NONE',  ( 10.52220865598002320, -155.5999999999999943, -140.9749999999999943 ) ) ;
#811 = CARTESIAN_POINT ( 'NONE',  ( -6.749999999999976907, -155.5999999999999943, -132.8086570488999882 ) ) ;
#812 = CARTESIAN_POINT ( 'NONE',  ( 10.52220865598002320, -155.5999999999999943, -138.4249999999999829 ) ) ;
#813 = DIRECTION ( 'NONE',  ( -1.526596967048220987E-16, 1.000000000000000000, 0.000000000000000000 ) ) ;
#814 = FACE_BOUND ( 'NONE', #1400, .T. ) ;
#815 = VERTEX_POINT ( 'NONE', #1117 ) ;
#816 = ADVANCED_FACE ( 'NONE', ( #315 ), #509, .F. ) ;
#817 = ORIENTED_EDGE ( 'NONE', *, *, #306, .F. ) ;
#818 = ADVANCED_FACE ( 'NONE', ( #467 ), #196, .T. ) ;
#819 = FACE_OUTER_BOUND ( 'NONE', #434, .T. ) ;
#820 = EDGE_LOOP ( 'NONE', ( #1220, #762, #549, #1187 ) ) ;
#821 = ADVANCED_FACE ( 'NONE', ( #1552 ), #1516, .T. ) ;
#822 = CARTESIAN_POINT ( 'NONE',  ( -13.49999999999997513, -155.5999999999999943, -144.5000000000000000 ) ) ;
#823 = EDGE_CURVE ( 'NONE', #1286, #1869, #1132, .T. ) ;
#824 = AXIS2_PLACEMENT_3D ( 'NONE', #1038, #1489, #1518 ) ;
#825 = DIRECTION ( 'NONE',  ( -0.000000000000000000, -1.000000000000000000, -0.000000000000000000 ) ) ;
#826 = CARTESIAN_POINT ( 'NONE',  ( -17.19999999999982876, -155.5999999999999943, -144.5000000000000000 ) ) ;
#827 = DIRECTION ( 'NONE',  ( 0.000000000000000000, 0.000000000000000000, -1.000000000000000000 ) ) ;
#828 = CIRCLE ( 'NONE', #1599, 1.599999999999990319 ) ;
#829 = VERTEX_POINT ( 'NONE', #349 ) ;
#830 = VERTEX_POINT ( 'NONE', #783 ) ;
#831 = DIRECTION ( 'NONE',  ( -0.000000000000000000, -1.000000000000000000, -0.000000000000000000 ) ) ;
#832 = ORIENTED_EDGE ( 'NONE', *, *, #1069, .T. ) ;
#833 = AXIS2_PLACEMENT_3D ( 'NONE', #1197, #1353, #1922 ) ;
#834 = DIRECTION ( 'NONE',  ( 0.000000000000000000, 0.000000000000000000, 1.000000000000000000 ) ) ;
#835 = EDGE_CURVE ( 'NONE', #1554, #964, #1417, .T. ) ;
#836 = DIRECTION ( 'NONE',  ( -0.000000000000000000, -1.000000000000000000, -0.000000000000000000 ) ) ;
#837 = DIRECTION ( 'NONE',  ( 0.000000000000000000, 0.000000000000000000, 1.000000000000000000 ) ) ;
#838 = VECTOR ( 'NONE', #1682, 999.9999999999998863 ) ;
#839 = CIRCLE ( 'NONE', #1060, 2.549999999999996714 ) ;
#840 = CARTESIAN_POINT ( 'NONE',  ( -6.749999999999976907, -155.5999999999999943, -135.8086570489269889 ) ) ;
#841 = ORIENTED_EDGE ( 'NONE', *, *, #947, .T. ) ;
#842 = LINE ( 'NONE', #354, #406 ) ;
#843 = AXIS2_PLACEMENT_3D ( 'NONE', #766, #417, #1040 ) ;
#844 = EDGE_LOOP ( 'NONE', ( #1755, #130, #1271, #1152 ) ) ;
#845 = AXIS2_PLACEMENT_3D ( 'NONE', #1780, #999, #865 ) ;
#846 = AXIS2_PLACEMENT_3D ( 'NONE', #410, #1639, #253 ) ;
#847 = EDGE_CURVE ( 'NONE', #627, #1636, #526, .T. ) ;
#848 = DIRECTION ( 'NONE',  ( 0.000000000000000000, 0.000000000000000000, -1.000000000000000000 ) ) ;
#849 = DIRECTION ( 'NONE',  ( 0.000000000000000000, 0.000000000000000000, -1.000000000000000000 ) ) ;
#850 = DIRECTION ( 'NONE',  ( -0.000000000000000000, -1.000000000000000000, -0.000000000000000000 ) ) ;
#851 = CIRCLE ( 'NONE', #1724, 1.900000000000012790 ) ;
#852 = ORIENTED_EDGE ( 'NONE', *, *, #1595, .F. ) ;
#853 = CARTESIAN_POINT ( 'NONE',  ( 6.750000000001023182, -151.9000000000000057, -156.1913429511000118 ) ) ;
#854 = VERTEX_POINT ( 'NONE', #1859 ) ;
#855 = VECTOR ( 'NONE', #397, 1000.000000000000114 ) ;
#856 = CARTESIAN_POINT ( 'NONE',  ( 6.750000000001023182, -155.5999999999999943, -153.1913429510730111 ) ) ;
#857 = FACE_OUTER_BOUND ( 'NONE', #504, .T. ) ;
#858 = EDGE_CURVE ( 'NONE', #110, #1219, #1087, .T. ) ;
#859 = ORIENTED_EDGE ( 'NONE', *, *, #139, .T. ) ;
#860 = AXIS2_PLACEMENT_3D ( 'NONE', #733, #592, #1217 ) ;
#861 = EDGE_CURVE ( 'NONE', #1544, #740, #1561, .T. ) ;
#862 = ORIENTED_EDGE ( 'NONE', *, *, #380, .T. ) ;
#863 = CYLINDRICAL_SURFACE ( 'NONE', #422, 1.599999999999990319 ) ;
#864 = CARTESIAN_POINT ( 'NONE',  ( 6.750000000000023093, -154.1999999999729596, -132.8086570488999882 ) ) ;
#865 = DIRECTION ( 'NONE',  ( 0.000000000000000000, 0.000000000000000000, 1.000000000000000000 ) ) ;
#866 = CARTESIAN_POINT ( 'NONE',  ( 13.50000000000002487, -151.9000000000000341, -146.0999999999999659 ) ) ;
#867 = CONICAL_SURFACE ( 'NONE', #1506, 2.250000000000001776, 0.7853981633974583820 ) ;
#868 = ORIENTED_EDGE ( 'NONE', *, *, #531, .F. ) ;
#869 = EDGE_CURVE ( 'NONE', #596, #1592, #1107, .T. ) ;
#870 = CIRCLE ( 'NONE', #1923, 1.599999999999990319 ) ;
#871 = ORIENTED_EDGE ( 'NONE', *, *, #734, .F. ) ;
#872 = CARTESIAN_POINT ( 'NONE',  ( -1.777322800125650214E-12, -171.1999999999999602, -144.5000000000009663 ) ) ;
#873 = CONICAL_SURFACE ( 'NONE', #843, 1.900000000000012790, 0.7853981633974873588 ) ;
#874 = VECTOR ( 'NONE', #1584, 1000.000000000000000 ) ;
#875 = DIRECTION ( 'NONE',  ( 0.000000000000000000, 0.000000000000000000, 1.000000000000000000 ) ) ;
#876 = CARTESIAN_POINT ( 'NONE',  ( -6.750000000000976996, -151.5999999999999943, -156.1913429511000118 ) ) ;
#877 = CYLINDRICAL_SURFACE ( 'NONE', #1832, 17.50000000000000000 ) ;
#878 = DIRECTION ( 'NONE',  ( -0.000000000000000000, -1.000000000000000000, -0.000000000000000000 ) ) ;
#879 = DIRECTION ( 'NONE',  ( -0.000000000000000000, 1.000000000000000000, -0.000000000000000000 ) ) ;
#880 = ORIENTED_EDGE ( 'NONE', *, *, #454, .T. ) ;
#881 = ORIENTED_EDGE ( 'NONE', *, *, #1349, .T. ) ;
#882 = EDGE_CURVE ( 'NONE', #1441, #1464, #1096, .T. ) ;
#883 = CARTESIAN_POINT ( 'NONE',  ( 6.750000000000023093, -154.1999999999729596, -134.4086570488999826 ) ) ;
#884 =( NAMED_UNIT ( * ) PLANE_ANGLE_UNIT ( ) SI_UNIT ( $, .RADIAN. ) );
#885 = DIRECTION ( 'NONE',  ( 0.000000000000000000, 0.000000000000000000, -1.000000000000000000 ) ) ;
#886 = EDGE_CURVE ( 'NONE', #1450, #1394, #1004, .T. ) ;
#887 = FACE_OUTER_BOUND ( 'NONE', #159, .T. ) ;
#888 = ADVANCED_FACE ( 'NONE', ( #1420 ), #1581, .T. ) ;
#889 = FACE_OUTER_BOUND ( 'NONE', #1908, .T. ) ;
#890 = CARTESIAN_POINT ( 'NONE',  ( -1.777322800125650214E-12, -156.6000000000000227, -144.5000000000009663 ) ) ;
#891 = ORIENTED_EDGE ( 'NONE', *, *, #40, .T. ) ;
#892 = EDGE_LOOP ( 'NONE', ( #398, #332, #806, #128 ) ) ;
#893 = CARTESIAN_POINT ( 'NONE',  ( 6.750000000000023093, -151.5999999999999943, -134.7086570488999939 ) ) ;
#894 = PERSON_AND_ORGANIZATION ( #77, #572 ) ;
#895 = VECTOR ( 'NONE', #1817, 1000.000000000000000 ) ;
#896 = CARTESIAN_POINT ( 'NONE',  ( 6.750000000000023093, -155.5999999999999943, -132.8086570488999882 ) ) ;
#897 = DIRECTION ( 'NONE',  ( 0.000000000000000000, 0.000000000000000000, 1.000000000000000000 ) ) ;
#898 = ADVANCED_FACE ( 'NONE', ( #1695 ), #617, .F. ) ;
#899 = DIRECTION ( 'NONE',  ( -1.526596967048220987E-16, 1.000000000000000000, 0.000000000000000000 ) ) ;
#900 = CARTESIAN_POINT ( 'NONE',  ( -6.749999999999976907, -155.5999999999999943, -132.8086570488999882 ) ) ;
#901 = CIRCLE ( 'NONE', #576, 1.900000000000012790 ) ;
#902 = ORIENTED_EDGE ( 'NONE', *, *, #10, .F. ) ;
#903 = EDGE_LOOP ( 'NONE', ( #493, #1364, #1988, #768 ) ) ;
#904 = VECTOR ( 'NONE', #590, 1000.000000000000000 ) ;
#905 = CARTESIAN_POINT ( 'NONE',  ( -6.749999999999976907, -155.5999999999999943, -132.8086570488999882 ) ) ;
#906 = AXIS2_PLACEMENT_3D ( 'NONE', #1624, #1591, #1300 ) ;
#907 = DATE_TIME_ROLE ( 'classification_date' ) ;
#908 = CYLINDRICAL_SURFACE ( 'NONE', #1182, 1.599999999999990319 ) ;
#909 = AXIS2_PLACEMENT_3D ( 'NONE', #598, #112, #452 ) ;
#910 = CARTESIAN_POINT ( 'NONE',  ( 6.750000000001023182, -151.9000000000000057, -156.1913429511000118 ) ) ;
#911 = ADVANCED_FACE ( 'NONE', ( #1542 ), #156, .F. ) ;
#912 = ORIENTED_EDGE ( 'NONE', *, *, #869, .T. ) ;
#913 = EDGE_LOOP ( 'NONE', ( #1070, #636, #468, #1808 ) ) ;
#914 = CIRCLE ( 'NONE', #42, 17.50000000000000000 ) ;
#915 = CARTESIAN_POINT ( 'NONE',  ( 10.52220865598002320, -155.2999999999999545, -136.1749999999999829 ) ) ;
#916 = DIRECTION ( 'NONE',  ( -1.000000000000000000, 0.000000000000000000, 0.000000000000000000 ) ) ;
#917 = DIRECTION ( 'NONE',  ( 0.000000000000000000, 0.000000000000000000, -1.000000000000000000 ) ) ;
#918 = ORIENTED_EDGE ( 'NONE', *, *, #274, .T. ) ;
#919 = CONICAL_SURFACE ( 'NONE', #663, 3.000000000027008618, 0.7853981633974489451 ) ;
#920 = ORIENTED_EDGE ( 'NONE', *, *, #993, .F. ) ;
#921 = DIRECTION ( 'NONE',  ( 0.000000000000000000, 0.000000000000000000, -1.000000000000000000 ) ) ;
#922 = EDGE_CURVE ( 'NONE', #2018, #1230, #1008, .T. ) ;
#923 = LINE ( 'NONE', #474, #449 ) ;
#924 = CARTESIAN_POINT ( 'NONE',  ( -6.749999999999976907, -155.5999999999999943, -132.8086570488999882 ) ) ;
#925 = DIRECTION ( 'NONE',  ( 0.000000000000000000, 0.000000000000000000, -1.000000000000000000 ) ) ;
#926 = EDGE_LOOP ( 'NONE', ( #1638, #748, #32, #522 ) ) ;
#927 = ORIENTED_EDGE ( 'NONE', *, *, #1523, .T. ) ;
#928 = AXIS2_PLACEMENT_3D ( 'NONE', #1470, #875, #1954 ) ;
#929 = DIRECTION ( 'NONE',  ( -1.526596967048189925E-16, 1.000000000000000000, -0.000000000000000000 ) ) ;
#930 = EDGE_CURVE ( 'NONE', #1545, #964, #1148, .T. ) ;
#931 = AXIS2_PLACEMENT_3D ( 'NONE', #58, #528, #1139 ) ;
#932 = ORIENTED_EDGE ( 'NONE', *, *, #1226, .F. ) ;
#933 = EDGE_CURVE ( 'NONE', #137, #992, #1235, .T. ) ;
#934 = CIRCLE ( 'NONE', #1201, 1.900000000000012790 ) ;
#935 = CARTESIAN_POINT ( 'NONE',  ( 17.20000000000017693, -155.5999999999999943, -144.5000000000000000 ) ) ;
#936 = VECTOR ( 'NONE', #126, 1000.000000000000114 ) ;
#937 = CARTESIAN_POINT ( 'NONE',  ( -1.776836003022989349E-12, -171.5999999999999659, -148.4750000000009607 ) ) ;
#938 = CIRCLE ( 'NONE', #1957, 2.250000000000001776 ) ;
#939 = DIRECTION ( 'NONE',  ( 1.000000000000000000, 0.000000000000000000, 0.000000000000000000 ) ) ;
#940 = VECTOR ( 'NONE', #1208, 1000.000000000000000 ) ;
#941 = EDGE_LOOP ( 'NONE', ( #1102, #191, #1524, #1202 ) ) ;
#942 = ORIENTED_EDGE ( 'NONE', *, *, #736, .F. ) ;
#943 = DIRECTION ( 'NONE',  ( 0.000000000000000000, 0.000000000000000000, -1.000000000000000000 ) ) ;
#944 = CARTESIAN_POINT ( 'NONE',  ( -13.49999999999997513, -151.9000000000000341, -146.0999999999999659 ) ) ;
#945 = EDGE_CURVE ( 'NONE', #1869, #1472, #239, .T. ) ;
#946 = ADVANCED_FACE ( 'NONE', ( #1309 ), #1446, .F. ) ;
#947 = EDGE_CURVE ( 'NONE', #1084, #1586, #161, .T. ) ;
#948 = CARTESIAN_POINT ( 'NONE',  ( 10.52220865598002320, -155.2999999999999545, -138.4249999999999829 ) ) ;
#949 = DIRECTION ( 'NONE',  ( 1.000000000000000000, 0.000000000000000000, 0.000000000000000000 ) ) ;
#950 = ORIENTED_EDGE ( 'NONE', *, *, #1486, .F. ) ;
#951 = ORIENTED_EDGE ( 'NONE', *, *, #1758, .F. ) ;
#952 = DIRECTION ( 'NONE',  ( -0.000000000000000000, 1.000000000000000000, -0.000000000000000000 ) ) ;
#953 = AXIS2_PLACEMENT_3D ( 'NONE', #1418, #68, #959 ) ;
#954 = ORIENTED_EDGE ( 'NONE', *, *, #1427, .T. ) ;
#955 = CARTESIAN_POINT ( 'NONE',  ( -1.777322800125650214E-12, -156.6000000000000227, -140.5250000000009436 ) ) ;
#956 = ORIENTED_EDGE ( 'NONE', *, *, #930, .F. ) ;
#957 = CARTESIAN_POINT ( 'NONE',  ( -6.749999999999976907, -154.1999999999729596, -131.2086570488999939 ) ) ;
#958 = APPLICATION_CONTEXT ( 'configuration controlled 3d designs of mechanical parts and assemblies' ) ;
#959 = DIRECTION ( 'NONE',  ( 0.000000000000000000, 0.000000000000000000, 1.000000000000000000 ) ) ;
#960 = CARTESIAN_POINT ( 'NONE',  ( -13.49999999999997513, -155.5999999999999943, -147.5000000000270006 ) ) ;
#961 = DIRECTION ( 'NONE',  ( 1.526596967048362242E-16, -1.000000000000000000, -0.000000000000000000 ) ) ;
#962 = ORIENTED_EDGE ( 'NONE', *, *, #1939, .T. ) ;
#963 = AXIS2_PLACEMENT_3D ( 'NONE', #442, #1829, #1841 ) ;
#964 = VERTEX_POINT ( 'NONE', #856 ) ;
#965 = CARTESIAN_POINT ( 'NONE',  ( -17.49999999999982947, -151.5999999999999943, -144.5000000000000000 ) ) ;
#966 = APPROVAL_PERSON_ORGANIZATION ( #392, #45, #1632 ) ;
#967 = AXIS2_PLACEMENT_3D ( 'NONE', #1571, #175, #1856 ) ;
#968 = ORIENTED_EDGE ( 'NONE', *, *, #1055, .F. ) ;
#969 = VECTOR ( 'NONE', #1935, 1000.000000000000000 ) ;
#970 = CARTESIAN_POINT ( 'NONE',  ( 6.750000000000023093, -151.8999999999999773, -134.4086570488999826 ) ) ;
#971 = CARTESIAN_POINT ( 'NONE',  ( -10.52220865597997523, -155.2999999999999545, -138.4249999999999829 ) ) ;
#972 = CARTESIAN_POINT ( 'NONE',  ( 6.750000000001023182, -151.5999999999999943, -158.0913429511000174 ) ) ;
#973 = AXIS2_PLACEMENT_3D ( 'NONE', #890, #448, #1814 ) ;
#974 = FACE_BOUND ( 'NONE', #118, .T. ) ;
#975 = VECTOR ( 'NONE', #1075, 1000.000000000000000 ) ;
#976 = EDGE_LOOP ( 'NONE', ( #50, #1793 ) ) ;
#977 = DIRECTION ( 'NONE',  ( -0.000000000000000000, -1.000000000000000000, -0.000000000000000000 ) ) ;
#978 = EDGE_LOOP ( 'NONE', ( #1576, #652, #262, #1438 ) ) ;
#979 = VERTEX_POINT ( 'NONE', #1162 ) ;
#980 = CARTESIAN_POINT ( 'NONE',  ( -13.49999999999997513, -151.5999999999999943, -146.4000000000000057 ) ) ;
#981 = FACE_OUTER_BOUND ( 'NONE', #941, .T. ) ;
#982 = CARTESIAN_POINT ( 'NONE',  ( 6.750000000000023093, -155.5999999999999943, -134.4086570488999826 ) ) ;
#983 = ORIENTED_EDGE ( 'NONE', *, *, #1647, .F. ) ;
#984 = VERTEX_POINT ( 'NONE', #1936 ) ;
#985 = DIRECTION ( 'NONE',  ( 8.659560562354937789E-17, -0.7071067811865470176, 0.7071067811865479058 ) ) ;
#986 = AXIS2_PLACEMENT_3D ( 'NONE', #723, #1654, #1330 ) ;
#987 = EDGE_CURVE ( 'NONE', #342, #1554, #247, .T. ) ;
#988 = CARTESIAN_POINT ( 'NONE',  ( -6.749999999999976907, -155.5999999999999943, -132.8086570488999882 ) ) ;
#989 = DIRECTION ( 'NONE',  ( 0.000000000000000000, 0.000000000000000000, 1.000000000000000000 ) ) ;
#990 = CIRCLE ( 'NONE', #145, 1.599999999999990319 ) ;
#991 = CARTESIAN_POINT ( 'NONE',  ( 10.52220865598002320, -155.5999999999999943, -138.4249999999999829 ) ) ;
#992 = VERTEX_POINT ( 'NONE', #1463 ) ;
#993 = EDGE_CURVE ( 'NONE', #1544, #1513, #1481, .T. ) ;
#994 = EDGE_CURVE ( 'NONE', #809, #1657, #2020, .T. ) ;
#995 = CYLINDRICAL_SURFACE ( 'NONE', #773, 1.599999999999990319 ) ;
#996 = DIRECTION ( 'NONE',  ( -0.000000000000000000, 1.000000000000000000, -0.000000000000000000 ) ) ;
#997 = DIRECTION ( 'NONE',  ( -0.000000000000000000, 1.000000000000000000, -0.000000000000000000 ) ) ;
#998 = AXIS2_PLACEMENT_3D ( 'NONE', #220, #997, #837 ) ;
#999 = DIRECTION ( 'NONE',  ( -0.000000000000000000, 1.000000000000000000, -0.000000000000000000 ) ) ;
#1000 = DIRECTION ( 'NONE',  ( 0.000000000000000000, 0.7071067811865729968, 0.7071067811865220376 ) ) ;
#1001 = DIRECTION ( 'NONE',  ( -0.000000000000000000, -1.000000000000000000, -0.000000000000000000 ) ) ;
#1002 = VECTOR ( 'NONE', #1945, 1000.000000000000000 ) ;
#1003 = VERTEX_POINT ( 'NONE', #544 ) ;
#1004 = CIRCLE ( 'NONE', #125, 1.900000000000012790 ) ;
#1005 = APPROVAL_STATUS ( 'not_yet_approved' ) ;
#1006 = CYLINDRICAL_SURFACE ( 'NONE', #643, 1.599999999999990319 ) ;
#1007 = EDGE_CURVE ( 'NONE', #329, #1342, #552, .T. ) ;
#1008 = LINE ( 'NONE', #1015, #320 ) ;
#1009 = ORIENTED_EDGE ( 'NONE', *, *, #1646, .F. ) ;
#1010 = ORIENTED_EDGE ( 'NONE', *, *, #600, .F. ) ;
#1011 = CIRCLE ( 'NONE', #400, 3.000000000027008618 ) ;
#1012 = ORIENTED_EDGE ( 'NONE', *, *, #286, .T. ) ;
#1013 = COORDINATED_UNIVERSAL_TIME_OFFSET ( 8, 0, .AHEAD. ) ;
#1014 = DIRECTION ( 'NONE',  ( 1.526596967048189925E-16, -1.000000000000000000, 0.000000000000000000 ) ) ;
#1015 = CARTESIAN_POINT ( 'NONE',  ( 1.978368290684698220E-13, -155.5999999999999943, -158.9000000000000057 ) ) ;
#1016 = CIRCLE ( 'NONE', #84, 1.599999999999990319 ) ;
#1017 = EDGE_CURVE ( 'NONE', #690, #100, #938, .T. ) ;
#1018 = DIRECTION ( 'NONE',  ( -1.000000000000000000, 0.000000000000000000, 0.000000000000000000 ) ) ;
#1019 = VERTEX_POINT ( 'NONE', #1140 ) ;
#1020 = EDGE_LOOP ( 'NONE', ( #950, #111, #1199, #1294 ) ) ;
#1021 = VECTOR ( 'NONE', #301, 1000.000000000000000 ) ;
#1022 = MECHANICAL_CONTEXT ( 'NONE', #750, 'mechanical' ) ;
#1023 = DIRECTION ( 'NONE',  ( 1.000000000000000000, 0.000000000000000000, 0.000000000000000000 ) ) ;
#1024 = FACE_OUTER_BOUND ( 'NONE', #1031, .T. ) ;
#1025 = AXIS2_PLACEMENT_3D ( 'NONE', #1370, #465, #1727 ) ;
#1026 = CARTESIAN_POINT ( 'NONE',  ( -10.52220865597997523, -155.5999999999999943, -140.9749999999999943 ) ) ;
#1027 = EDGE_CURVE ( 'NONE', #1677, #559, #403, .T. ) ;
#1028 = CARTESIAN_POINT ( 'NONE',  ( 6.750000000001023182, -155.5999999999999943, -156.1913429511000118 ) ) ;
#1029 = CIRCLE ( 'NONE', #1296, 2.250000000000001776 ) ;
#1030 = EDGE_LOOP ( 'NONE', ( #1042, #610, #841, #81 ) ) ;
#1031 = EDGE_LOOP ( 'NONE', ( #1214, #307, #1987, #210 ) ) ;
#1032 = CARTESIAN_POINT ( 'NONE',  ( 1.978368290684698220E-13, -155.3000000000000114, -156.6500000000000057 ) ) ;
#1033 = CIRCLE ( 'NONE', #158, 3.000000000027008618 ) ;
#1034 = EDGE_CURVE ( 'NONE', #1426, #1119, #1762, .T. ) ;
#1035 = AXIS2_PLACEMENT_3D ( 'NONE', #660, #961, #1706 ) ;
#1036 = CONICAL_SURFACE ( 'NONE', #1650, 2.549999999999996714, 0.7853981633974121968 ) ;
#1037 = DIRECTION ( 'NONE',  ( 1.526596967048362242E-16, -1.000000000000000000, -0.000000000000000000 ) ) ;
#1038 = CARTESIAN_POINT ( 'NONE',  ( -1.777322800125650214E-12, -156.6000000000000227, -144.5000000000009663 ) ) ;
#1039 = CARTESIAN_POINT ( 'NONE',  ( -17.49999999999982947, -155.2999999999999545, -144.5000000000000000 ) ) ;
#1040 = DIRECTION ( 'NONE',  ( 0.000000000000000000, 0.000000000000000000, 1.000000000000000000 ) ) ;
#1041 = ORIENTED_EDGE ( 'NONE', *, *, #994, .F. ) ;
#1042 = ORIENTED_EDGE ( 'NONE', *, *, #540, .F. ) ;
#1043 = DIRECTION ( 'NONE',  ( 0.000000000000000000, 0.000000000000000000, -1.000000000000000000 ) ) ;
#1044 = FACE_OUTER_BOUND ( 'NONE', #666, .T. ) ;
#1045 = FACE_OUTER_BOUND ( 'NONE', #459, .T. ) ;
#1046 = DIRECTION ( 'NONE',  ( 0.000000000000000000, 0.000000000000000000, -1.000000000000000000 ) ) ;
#1047 = VECTOR ( 'NONE', #1215, 1000.000000000000114 ) ;
#1048 = CARTESIAN_POINT ( 'NONE',  ( -6.750000000000976996, -155.5999999999999943, -159.1913429511270124 ) ) ;
#1049 = ORIENTED_EDGE ( 'NONE', *, *, #823, .T. ) ;
#1050 = ORIENTED_EDGE ( 'NONE', *, *, #1367, .T. ) ;
#1051 = LINE ( 'NONE', #1329, #394 ) ;
#1052 = EDGE_CURVE ( 'NONE', #1230, #815, #1612, .T. ) ;
#1053 = ADVANCED_FACE ( 'NONE', ( #1479 ), #689, .F. ) ;
#1054 = CARTESIAN_POINT ( 'NONE',  ( 13.50000000000002487, -155.5999999999999943, -144.5000000000000000 ) ) ;
#1055 = EDGE_CURVE ( 'NONE', #596, #342, #1128, .T. ) ;
#1056 = DIRECTION ( 'NONE',  ( 1.526596967048189925E-16, -1.000000000000000000, 0.000000000000000000 ) ) ;
#1057 = CARTESIAN_POINT ( 'NONE',  ( 17.50000000000017408, -151.8999999999999773, -144.5000000000000000 ) ) ;
#1058 = ORIENTED_EDGE ( 'NONE', *, *, #364, .F. ) ;
#1059 = ORIENTED_EDGE ( 'NONE', *, *, #1456, .F. ) ;
#1060 = AXIS2_PLACEMENT_3D ( 'NONE', #1346, #245, #713 ) ;
#1061 = DIRECTION ( 'NONE',  ( -0.000000000000000000, -1.000000000000000000, -0.000000000000000000 ) ) ;
#1062 = CIRCLE ( 'NONE', #611, 3.000000000027008618 ) ;
#1063 = CONICAL_SURFACE ( 'NONE', #66, 2.549999999999996714, 0.7853981633974121968 ) ;
#1064 = DATE_AND_TIME ( #312, #249 ) ;
#1065 = DIRECTION ( 'NONE',  ( 0.000000000000000000, -1.000000000000000000, 0.000000000000000000 ) ) ;
#1066 = AXIS2_PLACEMENT_3D ( 'NONE', #1032, #129, #1651 ) ;
#1067 = CARTESIAN_POINT ( 'NONE',  ( -6.750000000000976996, -151.5999999999999943, -158.0913429510999890 ) ) ;
#1068 = CARTESIAN_POINT ( 'NONE',  ( -6.749999999999976907, -151.5999999999999943, -134.7086570488999655 ) ) ;
#1069 = EDGE_CURVE ( 'NONE', #740, #627, #671, .T. ) ;
#1070 = ORIENTED_EDGE ( 'NONE', *, *, #289, .F. ) ;
#1071 = ORIENTED_EDGE ( 'NONE', *, *, #1223, .F. ) ;
#1072 = CARTESIAN_POINT ( 'NONE',  ( -6.749999999999976907, -151.8999999999999773, -132.8086570488999882 ) ) ;
#1073 = CARTESIAN_POINT ( 'NONE',  ( 10.52220865598002320, -155.2999999999999545, -138.4249999999999829 ) ) ;
#1074 = DIRECTION ( 'NONE',  ( 0.000000000000000000, 0.000000000000000000, 1.000000000000000000 ) ) ;
#1075 = DIRECTION ( 'NONE',  ( -0.000000000000000000, -1.000000000000000000, -0.000000000000000000 ) ) ;
#1076 = VECTOR ( 'NONE', #235, 1000.000000000000000 ) ;
#1077 = ADVANCED_FACE ( 'NONE', ( #105 ), #1036, .F. ) ;
#1078 = ORIENTED_EDGE ( 'NONE', *, *, #1427, .F. ) ;
#1079 = ORIENTED_EDGE ( 'NONE', *, *, #987, .T. ) ;
#1080 = CONICAL_SURFACE ( 'NONE', #1665, 2.250000000000001776, 0.7853981633974121968 ) ;
#1081 = EDGE_CURVE ( 'NONE', #1567, #1596, #744, .T. ) ;
#1082 = CARTESIAN_POINT ( 'NONE',  ( -17.19999999999982876, -155.5999999999999943, -144.5000000000000000 ) ) ;
#1083 = AXIS2_PLACEMENT_3D ( 'NONE', #294, #142, #1551 ) ;
#1084 = VERTEX_POINT ( 'NONE', #115 ) ;
#1085 = DIRECTION ( 'NONE',  ( 8.659560562354621012E-17, -0.7071067811865729968, 0.7071067811865220376 ) ) ;
#1086 = FACE_OUTER_BOUND ( 'NONE', #926, .T. ) ;
#1087 = LINE ( 'NONE', #1879, #975 ) ;
#1088 = ORIENTED_EDGE ( 'NONE', *, *, #1476, .F. ) ;
#1089 = ORIENTED_EDGE ( 'NONE', *, *, #166, .F. ) ;
#1090 = DIRECTION ( 'NONE',  ( -0.000000000000000000, -1.000000000000000000, -0.000000000000000000 ) ) ;
#1091 = CIRCLE ( 'NONE', #483, 1.900000000000012790 ) ;
#1092 = EDGE_CURVE ( 'NONE', #1286, #1450, #1227, .T. ) ;
#1093 = DIRECTION ( 'NONE',  ( -0.000000000000000000, 1.000000000000000000, -0.000000000000000000 ) ) ;
#1094 = AXIS2_PLACEMENT_3D ( 'NONE', #1137, #216, #1953 ) ;
#1095 = PLANE ( 'NONE',  #1083 ) ;
#1096 = CIRCLE ( 'NONE', #1889, 4.975000000000035172 ) ;
#1097 = CARTESIAN_POINT ( 'NONE',  ( -10.52220865597997523, -155.5999999999999943, -138.4249999999999829 ) ) ;
#1098 = AXIS2_PLACEMENT_3D ( 'NONE', #1252, #621, #943 ) ;
#1099 = VERTEX_POINT ( 'NONE', #1811 ) ;
#1100 = ORIENTED_EDGE ( 'NONE', *, *, #795, .T. ) ;
#1101 = LINE ( 'NONE', #1719, #462 ) ;
#1102 = ORIENTED_EDGE ( 'NONE', *, *, #286, .F. ) ;
#1103 = EDGE_CURVE ( 'NONE', #1356, #1920, #1989, .T. ) ;
#1104 = DIRECTION ( 'NONE',  ( 0.000000000000000000, 0.000000000000000000, -1.000000000000000000 ) ) ;
#1105 = FACE_OUTER_BOUND ( 'NONE', #1020, .T. ) ;
#1106 = DIRECTION ( 'NONE',  ( 1.526596967048189925E-16, -1.000000000000000000, 0.000000000000000000 ) ) ;
#1107 = LINE ( 'NONE', #972, #874 ) ;
#1108 = ORIENTED_EDGE ( 'NONE', *, *, #1213, .F. ) ;
#1109 = ORIENTED_EDGE ( 'NONE', *, *, #1457, .T. ) ;
#1110 = CARTESIAN_POINT ( 'NONE',  ( -6.749999999999976907, -151.5999999999999943, -132.8086570488999882 ) ) ;
#1111 = ORIENTED_EDGE ( 'NONE', *, *, #337, .F. ) ;
#1112 = CARTESIAN_POINT ( 'NONE',  ( 13.50000000000002487, -151.5999999999999943, -144.5000000000000000 ) ) ;
#1113 = VECTOR ( 'NONE', #1655, 1000.000000000000000 ) ;
#1114 = CARTESIAN_POINT ( 'NONE',  ( 6.750000000001023182, -151.9000000000000057, -154.5913429511000174 ) ) ;
#1115 = AXIS2_PLACEMENT_3D ( 'NONE', #1703, #484, #1528 ) ;
#1116 = LINE ( 'NONE', #1914, #969 ) ;
#1117 = CARTESIAN_POINT ( 'NONE',  ( 1.978368290684698220E-13, -155.5999999999999943, -159.1999999999999886 ) ) ;
#1118 = ORIENTED_EDGE ( 'NONE', *, *, #273, .T. ) ;
#1119 = VERTEX_POINT ( 'NONE', #1983 ) ;
#1120 = ORIENTED_EDGE ( 'NONE', *, *, #1887, .F. ) ;
#1121 = CC_DESIGN_APPROVAL ( #1848, ( #616 ) ) ;
#1122 = ORIENTED_EDGE ( 'NONE', *, *, #557, .T. ) ;
#1123 = CIRCLE ( 'NONE', #1262, 2.549999999999996714 ) ;
#1124 = FACE_BOUND ( 'NONE', #626, .T. ) ;
#1125 = CONICAL_SURFACE ( 'NONE', #283, 3.000000000027008618, 0.7853981633974495002 ) ;
#1126 = CARTESIAN_POINT ( 'NONE',  ( -6.749999999999976907, -151.5999999999999943, -132.8086570488999882 ) ) ;
#1127 = DIRECTION ( 'NONE',  ( 0.000000000000000000, 0.000000000000000000, -1.000000000000000000 ) ) ;
#1128 = LINE ( 'NONE', #1956, #1266 ) ;
#1129 = PRODUCT_DEFINITION_SHAPE ( 'NONE', 'NONE',  #616 ) ;
#1130 = AXIS2_PLACEMENT_3D ( 'NONE', #1776, #1924, #390 ) ;
#1131 = EDGE_LOOP ( 'NONE', ( #784, #225 ) ) ;
#1132 = CIRCLE ( 'NONE', #1986, 1.599999999999990319 ) ;
#1133 = ADVANCED_FACE ( 'NONE', ( #1045 ), #109, .F. ) ;
#1134 = EDGE_LOOP ( 'NONE', ( #179, #1670, #1888, #983 ) ) ;
#1135 = CIRCLE ( 'NONE', #846, 1.599999999999990319 ) ;
#1136 = ORIENTED_EDGE ( 'NONE', *, *, #638, .T. ) ;
#1137 = CARTESIAN_POINT ( 'NONE',  ( -6.750000000000976996, -151.5999999999999943, -156.1913429511000118 ) ) ;
#1138 = CARTESIAN_POINT ( 'NONE',  ( 6.750000000001023182, -151.5999999999999943, -156.1913429511000118 ) ) ;
#1139 = DIRECTION ( 'NONE',  ( 1.000000000000000000, 0.000000000000000000, 0.000000000000000000 ) ) ;
#1140 = CARTESIAN_POINT ( 'NONE',  ( -10.52220865597997523, -151.5999999999999943, -135.8750000000000000 ) ) ;
#1141 = DIRECTION ( 'NONE',  ( 0.000000000000000000, 0.000000000000000000, -1.000000000000000000 ) ) ;
#1142 = FACE_OUTER_BOUND ( 'NONE', #460, .T. ) ;
#1143 = CARTESIAN_POINT ( 'NONE',  ( 6.750000000000023093, -155.5999999999999943, -129.8086570488729876 ) ) ;
#1144 = VERTEX_POINT ( 'NONE', #1963 ) ;
#1145 = ADVANCED_FACE ( 'NONE', ( #275 ), #172, .T. ) ;
#1146 = FACE_OUTER_BOUND ( 'NONE', #1293, .T. ) ;
#1147 = DIRECTION ( 'NONE',  ( 0.000000000000000000, 0.000000000000000000, 1.000000000000000000 ) ) ;
#1148 = LINE ( 'NONE', #1769, #428 ) ;
#1149 = AXIS2_PLACEMENT_3D ( 'NONE', #1519, #746, #416 ) ;
#1150 = DIRECTION ( 'NONE',  ( 0.000000000000000000, 0.000000000000000000, -1.000000000000000000 ) ) ;
#1151 = CIRCLE ( 'NONE', #963, 2.250000000000001776 ) ;
#1152 = ORIENTED_EDGE ( 'NONE', *, *, #1495, .F. ) ;
#1153 = ADVANCED_FACE ( 'NONE', ( #887 ), #563, .F. ) ;
#1154 = ADVANCED_FACE ( 'NONE', ( #1024 ), #1631, .F. ) ;
#1155 = ADVANCED_FACE ( 'NONE', ( #1361 ), #877, .T. ) ;
#1156 = DIRECTION ( 'NONE',  ( -1.000000000000000000, 0.000000000000000000, 0.000000000000000000 ) ) ;
#1157 = AXIS2_PLACEMENT_3D ( 'NONE', #948, #1560, #22 ) ;
#1158 = EDGE_CURVE ( 'NONE', #1003, #1596, #726, .T. ) ;
#1159 = DATE_TIME_ROLE ( 'creation_date' ) ;
#1160 = FACE_OUTER_BOUND ( 'NONE', #978, .T. ) ;
#1161 = CIRCLE ( 'NONE', #282, 1.599999999999990319 ) ;
#1162 = CARTESIAN_POINT ( 'NONE',  ( -13.49999999999997513, -151.5999999999999943, -142.5999999999999659 ) ) ;
#1163 = CONICAL_SURFACE ( 'NONE', #799, 3.000000000027008618, 0.7853981633974489451 ) ;
#1164 = ORIENTED_EDGE ( 'NONE', *, *, #1495, .T. ) ;
#1165 = AXIS2_PLACEMENT_3D ( 'NONE', #117, #295, #735 ) ;
#1166 = LINE ( 'NONE', #692, #855 ) ;
#1167 = ORIENTED_EDGE ( 'NONE', *, *, #273, .F. ) ;
#1168 = EDGE_LOOP ( 'NONE', ( #469, #912, #171, #1862 ) ) ;
#1169 = AXIS2_PLACEMENT_3D ( 'NONE', #628, #1873, #1883 ) ;
#1170 = EDGE_CURVE ( 'NONE', #480, #1636, #569, .T. ) ;
#1171 = CARTESIAN_POINT ( 'NONE',  ( 13.50000000000002487, -151.5999999999999943, -144.5000000000000000 ) ) ;
#1172 = DIRECTION ( 'NONE',  ( 0.000000000000000000, 0.000000000000000000, -1.000000000000000000 ) ) ;
#1173 = CYLINDRICAL_SURFACE ( 'NONE', #1442, 1.599999999999990319 ) ;
#1174 = ORIENTED_EDGE ( 'NONE', *, *, #10, .T. ) ;
#1175 = CIRCLE ( 'NONE', #1433, 1.899999999999985922 ) ;
#1176 = ORIENTED_EDGE ( 'NONE', *, *, #217, .F. ) ;
#1177 = CIRCLE ( 'NONE', #299, 2.250000000000001776 ) ;
#1178 = CONICAL_SURFACE ( 'NONE', #1335, 1.899999999999985034, 0.7853981633974418397 ) ;
#1179 = LINE ( 'NONE', #1797, #1775 ) ;
#1180 = LINE ( 'NONE', #86, #1412 ) ;
#1181 = CARTESIAN_POINT ( 'NONE',  ( 10.52220865598002320, -151.5999999999999943, -138.4249999999999829 ) ) ;
#1182 = AXIS2_PLACEMENT_3D ( 'NONE', #1054, #284, #132 ) ;
#1183 = FACE_OUTER_BOUND ( 'NONE', #1030, .T. ) ;
#1184 = VECTOR ( 'NONE', #570, 1000.000000000000114 ) ;
#1185 = EDGE_CURVE ( 'NONE', #1978, #110, #1016, .T. ) ;
#1186 = EDGE_CURVE ( 'NONE', #650, #700, #140, .T. ) ;
#1187 = ORIENTED_EDGE ( 'NONE', *, *, #1494, .T. ) ;
#1188 = ORIENTED_EDGE ( 'NONE', *, *, #1007, .F. ) ;
#1189 = LINE ( 'NONE', #423, #1853 ) ;
#1190 = CC_DESIGN_APPROVAL ( #1664, ( #641 ) ) ;
#1191 = DIRECTION ( 'NONE',  ( -0.000000000000000000, -1.000000000000000000, -0.000000000000000000 ) ) ;
#1192 = FACE_OUTER_BOUND ( 'NONE', #1310, .T. ) ;
#1193 = PRODUCT_DEFINITION_FORMATION_WITH_SPECIFIED_SOURCE ( '�', '', #536, .NOT_KNOWN. ) ;
#1194 = VECTOR ( 'NONE', #1228, 1000.000000000000000 ) ;
#1195 = DIRECTION ( 'NONE',  ( 8.659560562354937789E-17, -0.7071067811865470176, 0.7071067811865479058 ) ) ;
#1196 = FACE_OUTER_BOUND ( 'NONE', #1917, .T. ) ;
#1197 = CARTESIAN_POINT ( 'NONE',  ( -6.749999999999976907, -155.5999999999999943, -132.8086570488999882 ) ) ;
#1198 = EDGE_CURVE ( 'NONE', #157, #650, #1972, .T. ) ;
#1199 = ORIENTED_EDGE ( 'NONE', *, *, #466, .T. ) ;
#1200 = ADVANCED_FACE ( 'NONE', ( #1192 ), #908, .F. ) ;
#1201 = AXIS2_PLACEMENT_3D ( 'NONE', #1171, #1971, #1496 ) ;
#1202 = ORIENTED_EDGE ( 'NONE', *, *, #310, .T. ) ;
#1203 = CARTESIAN_POINT ( 'NONE',  ( -1.777322800125650214E-12, -155.5999999999999943, -144.5000000000009663 ) ) ;
#1204 = AXIS2_PLACEMENT_3D ( 'NONE', #1371, #583, #917 ) ;
#1205 = AXIS2_PLACEMENT_3D ( 'NONE', #1905, #304, #925 ) ;
#1206 = CONICAL_SURFACE ( 'NONE', #1098, 3.000000000027008618, 0.7853981633974495002 ) ;
#1207 = DATE_AND_TIME ( #1652, #1876 ) ;
#1208 = DIRECTION ( 'NONE',  ( 8.659560562354942719E-17, -0.7071067811865466846, 0.7071067811865483499 ) ) ;
#1209 = FACE_OUTER_BOUND ( 'NONE', #85, .T. ) ;
#1210 = DIRECTION ( 'NONE',  ( 0.000000000000000000, 0.000000000000000000, 1.000000000000000000 ) ) ;
#1211 = ORIENTED_EDGE ( 'NONE', *, *, #82, .F. ) ;
#1212 = ADVANCED_FACE ( 'NONE', ( #754 ), #1080, .F. ) ;
#1213 = EDGE_CURVE ( 'NONE', #1978, #759, #715, .T. ) ;
#1214 = ORIENTED_EDGE ( 'NONE', *, *, #1885, .F. ) ;
#1215 = DIRECTION ( 'NONE',  ( 8.659560562354621012E-17, -0.7071067811865729968, 0.7071067811865220376 ) ) ;
#1216 = CONICAL_SURFACE ( 'NONE', #953, 1.900000000000012790, 0.7853981633973962095 ) ;
#1217 = DIRECTION ( 'NONE',  ( 0.000000000000000000, 0.000000000000000000, -1.000000000000000000 ) ) ;
#1218 = CARTESIAN_POINT ( 'NONE',  ( -13.49999999999997513, -151.9000000000000341, -144.5000000000000000 ) ) ;
#1219 = VERTEX_POINT ( 'NONE', #141 ) ;
#1220 = ORIENTED_EDGE ( 'NONE', *, *, #2009, .F. ) ;
#1221 = CARTESIAN_POINT ( 'NONE',  ( -6.749999999999976907, -155.5999999999999943, -131.2086570488999939 ) ) ;
#1222 = AXIS2_PLACEMENT_3D ( 'NONE', #1866, #1397, #1902 ) ;
#1223 = EDGE_CURVE ( 'NONE', #222, #92, #1796, .T. ) ;
#1224 = DATE_AND_TIME ( #473, #89 ) ;
#1225 = ADVANCED_FACE ( 'NONE', ( #1891 ), #1800, .F. ) ;
#1226 = EDGE_CURVE ( 'NONE', #136, #516, #302, .T. ) ;
#1227 = LINE ( 'NONE', #1801, #1388 ) ;
#1228 = DIRECTION ( 'NONE',  ( -0.000000000000000000, -1.000000000000000000, -0.000000000000000000 ) ) ;
#1229 = DIRECTION ( 'NONE',  ( 0.000000000000000000, 0.000000000000000000, -1.000000000000000000 ) ) ;
#1230 = VERTEX_POINT ( 'NONE', #1378 ) ;
#1231 = VERTEX_POINT ( 'NONE', #1540 ) ;
#1232 = VECTOR ( 'NONE', #384, 999.9999999999998863 ) ;
#1233 = CARTESIAN_POINT ( 'NONE',  ( 13.50000000000002487, -155.5999999999999943, -147.5000000000270006 ) ) ;
#1234 = AXIS2_PLACEMENT_3D ( 'NONE', #747, #486, #775 ) ;
#1235 = CIRCLE ( 'NONE', #906, 17.50000000000000000 ) ;
#1236 = PERSON_AND_ORGANIZATION ( #77, #572 ) ;
#1237 = ADVANCED_FACE ( 'NONE', ( #657 ), #510, .F. ) ;
#1238 = ADVANCED_FACE ( 'NONE', ( #333 ), #475, .F. ) ;
#1239 = CARTESIAN_POINT ( 'NONE',  ( -17.49999999999982947, -151.8999999999999773, -144.5000000000000000 ) ) ;
#1240 = CYLINDRICAL_SURFACE ( 'NONE', #967, 1.599999999999990319 ) ;
#1241 = CARTESIAN_POINT ( 'NONE',  ( 1.740829863844999752E-13, -155.5999999999999943, -144.5000000000000000 ) ) ;
#1242 = ORIENTED_EDGE ( 'NONE', *, *, #1186, .T. ) ;
#1243 = ORIENTED_EDGE ( 'NONE', *, *, #1521, .T. ) ;
#1244 = CARTESIAN_POINT ( 'NONE',  ( 10.52220865598002320, -151.9000000000000057, -136.1749999999999829 ) ) ;
#1245 = LINE ( 'NONE', #7, #1021 ) ;
#1246 = FACE_OUTER_BOUND ( 'NONE', #1949, .T. ) ;
#1247 = DIRECTION ( 'NONE',  ( -0.000000000000000000, -1.000000000000000000, -0.000000000000000000 ) ) ;
#1248 = ORIENTED_EDGE ( 'NONE', *, *, #352, .F. ) ;
#1249 = ADVANCED_FACE ( 'NONE', ( #1265 ), #1942, .F. ) ;
#1250 = EDGE_LOOP ( 'NONE', ( #13, #880 ) ) ;
#1251 = EDGE_CURVE ( 'NONE', #4, #757, #990, .T. ) ;
#1252 = CARTESIAN_POINT ( 'NONE',  ( 13.50000000000002487, -155.5999999999999943, -144.5000000000000000 ) ) ;
#1253 = LINE ( 'NONE', #1387, #1874 ) ;
#1254 = CARTESIAN_POINT ( 'NONE',  ( -10.52220865597997523, -155.2999999999999545, -138.4249999999999829 ) ) ;
#1255 = CARTESIAN_POINT ( 'NONE',  ( -10.52220865597997523, -151.9000000000000057, -136.1749999999999829 ) ) ;
#1256 = ORIENTED_EDGE ( 'NONE', *, *, #601, .F. ) ;
#1257 = CC_DESIGN_APPROVAL ( #45, ( #1193 ) ) ;
#1258 = ORIENTED_EDGE ( 'NONE', *, *, #444, .T. ) ;
#1259 = AXIS2_PLACEMENT_3D ( 'NONE', #924, #765, #1541 ) ;
#1260 = DIRECTION ( 'NONE',  ( 0.000000000000000000, 0.000000000000000000, -1.000000000000000000 ) ) ;
#1261 = EDGE_CURVE ( 'NONE', #100, #516, #505, .T. ) ;
#1262 = AXIS2_PLACEMENT_3D ( 'NONE', #659, #1014, #1810 ) ;
#1263 = AXIS2_PLACEMENT_3D ( 'NONE', #645, #335, #102 ) ;
#1264 = VERTEX_POINT ( 'NONE', #1875 ) ;
#1265 = FACE_OUTER_BOUND ( 'NONE', #1684, .T. ) ;
#1266 = VECTOR ( 'NONE', #556, 1000.000000000000000 ) ;
#1267 = DIRECTION ( 'NONE',  ( 1.526596967048189925E-16, -1.000000000000000000, 0.000000000000000000 ) ) ;
#1268 = DIRECTION ( 'NONE',  ( -0.000000000000000000, -1.000000000000000000, -0.000000000000000000 ) ) ;
#1269 = LINE ( 'NONE', #1894, #1746 ) ;
#1270 = ORIENTED_EDGE ( 'NONE', *, *, #1931, .T. ) ;
#1271 = ORIENTED_EDGE ( 'NONE', *, *, #1723, .T. ) ;
#1272 = LINE ( 'NONE', #1233, #404 ) ;
#1273 = VERTEX_POINT ( 'NONE', #944 ) ;
#1274 = EDGE_CURVE ( 'NONE', #809, #1019, #1253, .T. ) ;
#1275 = ORIENTED_EDGE ( 'NONE', *, *, #1595, .T. ) ;
#1276 = EDGE_CURVE ( 'NONE', #1273, #1677, #2005, .T. ) ;
#1277 = DIRECTION ( 'NONE',  ( 0.000000000000000000, 0.000000000000000000, 1.000000000000000000 ) ) ;
#1278 = DIRECTION ( 'NONE',  ( 0.000000000000000000, 0.000000000000000000, 1.000000000000000000 ) ) ;
#1279 = DIRECTION ( 'NONE',  ( -0.000000000000000000, -1.000000000000000000, -0.000000000000000000 ) ) ;
#1280 = AXIS2_PLACEMENT_3D ( 'NONE', #1767, #517, #1748 ) ;
#1281 = DIRECTION ( 'NONE',  ( -1.000000000000000000, 0.000000000000000000, 0.000000000000000000 ) ) ;
#1282 = ORIENTED_EDGE ( 'NONE', *, *, #1223, .T. ) ;
#1283 = ORIENTED_EDGE ( 'NONE', *, *, #1512, .T. ) ;
#1284 = FACE_OUTER_BOUND ( 'NONE', #119, .T. ) ;
#1285 = ORIENTED_EDGE ( 'NONE', *, *, #1941, .T. ) ;
#1286 = VERTEX_POINT ( 'NONE', #622 ) ;
#1287 = EDGE_CURVE ( 'NONE', #665, #408, #767, .T. ) ;
#1288 = CIRCLE ( 'NONE', #445, 1.599999999999990319 ) ;
#1289 = DIRECTION ( 'NONE',  ( 0.000000000000000000, 0.7071067811865729968, 0.7071067811865220376 ) ) ;
#1290 = DIRECTION ( 'NONE',  ( 0.000000000000000000, 0.000000000000000000, -1.000000000000000000 ) ) ;
#1291 = CARTESIAN_POINT ( 'NONE',  ( 10.52220865598002320, -155.2999999999999545, -140.6749999999999829 ) ) ;
#1292 = ORIENTED_EDGE ( 'NONE', *, *, #1789, .F. ) ;
#1293 = EDGE_LOOP ( 'NONE', ( #1059, #1041, #662, #420 ) ) ;
#1294 = ORIENTED_EDGE ( 'NONE', *, *, #1538, .T. ) ;
#1295 = AXIS2_PLACEMENT_3D ( 'NONE', #412, #1037, #702 ) ;
#1296 = AXIS2_PLACEMENT_3D ( 'NONE', #348, #1749, #989 ) ;
#1297 = FACE_BOUND ( 'NONE', #74, .T. ) ;
#1298 = DIRECTION ( 'NONE',  ( -0.000000000000000000, 1.000000000000000000, -0.000000000000000000 ) ) ;
#1299 = CARTESIAN_POINT ( 'NONE',  ( -13.49999999999997513, -155.5999999999999943, -141.4999999999729710 ) ) ;
#1300 = DIRECTION ( 'NONE',  ( -1.000000000000000000, 0.000000000000000000, 0.000000000000000000 ) ) ;
#1301 = CONICAL_SURFACE ( 'NONE', #1547, 2.549999999999996714, 0.7853981633974121968 ) ;
#1302 = EDGE_LOOP ( 'NONE', ( #1343, #1334, #832, #1911 ) ) ;
#1303 = AXIS2_PLACEMENT_3D ( 'NONE', #1928, #231, #1751 ) ;
#1304 = ORIENTED_EDGE ( 'NONE', *, *, #922, .F. ) ;
#1305 = DIRECTION ( 'NONE',  ( 1.526596967048189925E-16, -1.000000000000000000, 0.000000000000000000 ) ) ;
#1306 = ORIENTED_EDGE ( 'NONE', *, *, #1511, .T. ) ;
#1307 = DIRECTION ( 'NONE',  ( 0.000000000000000000, 0.000000000000000000, 1.000000000000000000 ) ) ;
#1308 = DIRECTION ( 'NONE',  ( 8.659560562354621012E-17, 0.7071067811865729968, -0.7071067811865220376 ) ) ;
#1309 = FACE_OUTER_BOUND ( 'NONE', #566, .T. ) ;
#1310 = EDGE_LOOP ( 'NONE', ( #369, #197, #243, #1328 ) ) ;
#1311 = EDGE_CURVE ( 'NONE', #244, #992, #1558, .T. ) ;
#1312 = EDGE_CURVE ( 'NONE', #480, #740, #515, .T. ) ;
#1313 = PERSON_AND_ORGANIZATION ( #77, #572 ) ;
#1314 = CARTESIAN_POINT ( 'NONE',  ( 6.750000000001023182, -154.1999999999729596, -157.7913429511000061 ) ) ;
#1315 = CARTESIAN_POINT ( 'NONE',  ( 6.750000000001023182, -155.5999999999999943, -159.1913429511270124 ) ) ;
#1316 = ORIENTED_EDGE ( 'NONE', *, *, #491, .T. ) ;
#1317 = CARTESIAN_POINT ( 'NONE',  ( -6.749999999999976907, -151.5999999999999943, -132.8086570488999882 ) ) ;
#1318 = ORIENTED_EDGE ( 'NONE', *, *, #334, .F. ) ;
#1319 = EDGE_CURVE ( 'NONE', #1231, #1144, #1245, .T. ) ;
#1320 = VERTEX_POINT ( 'NONE', #957 ) ;
#1321 =( NAMED_UNIT ( * ) SI_UNIT ( $, .STERADIAN. ) SOLID_ANGLE_UNIT ( ) );
#1322 = CONICAL_SURFACE ( 'NONE', #1295, 17.50000000000000000, 0.7853981633974367327 ) ;
#1323 = DIRECTION ( 'NONE',  ( 1.000000000000000000, 0.000000000000000000, 0.000000000000000000 ) ) ;
#1324 = ORIENTED_EDGE ( 'NONE', *, *, #1556, .T. ) ;
#1325 = CONICAL_SURFACE ( 'NONE', #1644, 1.899999999999985034, 0.7853981633974418397 ) ;
#1326 = AXIS2_PLACEMENT_3D ( 'NONE', #167, #1740, #1715 ) ;
#1327 = EDGE_LOOP ( 'NONE', ( #1996, #868 ) ) ;
#1328 = ORIENTED_EDGE ( 'NONE', *, *, #858, .F. ) ;
#1329 = CARTESIAN_POINT ( 'NONE',  ( -10.52220865597997523, -151.5999999999999943, -140.9749999999999943 ) ) ;
#1330 = DIRECTION ( 'NONE',  ( -1.000000000000000000, 0.000000000000000000, 0.000000000000000000 ) ) ;
#1331 = EDGE_CURVE ( 'NONE', #1472, #1586, #923, .T. ) ;
#1332 = DIRECTION ( 'NONE',  ( -0.000000000000000000, -1.000000000000000000, -0.000000000000000000 ) ) ;
#1333 = DIRECTION ( 'NONE',  ( -0.000000000000000000, 1.000000000000000000, -0.000000000000000000 ) ) ;
#1334 = ORIENTED_EDGE ( 'NONE', *, *, #310, .F. ) ;
#1335 = AXIS2_PLACEMENT_3D ( 'NONE', #1126, #669, #1913 ) ;
#1336 = ORIENTED_EDGE ( 'NONE', *, *, #1700, .T. ) ;
#1337 = CARTESIAN_POINT ( 'NONE',  ( 1.978368290684698220E-13, -151.5999999999999943, -156.6500000000000057 ) ) ;
#1338 = DIRECTION ( 'NONE',  ( 0.000000000000000000, 0.000000000000000000, -1.000000000000000000 ) ) ;
#1339 = DIRECTION ( 'NONE',  ( 0.000000000000000000, 0.7071067811865200392, 0.7071067811865751063 ) ) ;
#1340 = CARTESIAN_POINT ( 'NONE',  ( 1.740829863844999752E-13, -155.5999999999999943, -144.5000000000000000 ) ) ;
#1341 = CARTESIAN_POINT ( 'NONE',  ( -1.776836003022989349E-12, -156.6000000000000227, -148.4750000000009607 ) ) ;
#1342 = VERTEX_POINT ( 'NONE', #935 ) ;
#1343 = ORIENTED_EDGE ( 'NONE', *, *, #1170, .F. ) ;
#1344 = LINE ( 'NONE', #1968, #429 ) ;
#1345 = CIRCLE ( 'NONE', #378, 4.975000000000035172 ) ;
#1346 = CARTESIAN_POINT ( 'NONE',  ( -10.52220865597997523, -151.5999999999999943, -138.4249999999999829 ) ) ;
#1347 = DIRECTION ( 'NONE',  ( -0.000000000000000000, -1.000000000000000000, -0.000000000000000000 ) ) ;
#1348 = DIRECTION ( 'NONE',  ( 0.000000000000000000, 0.000000000000000000, -1.000000000000000000 ) ) ;
#1349 = EDGE_CURVE ( 'NONE', #1472, #1901, #1569, .T. ) ;
#1350 = ADVANCED_FACE ( 'NONE', ( #631 ), #1842, .F. ) ;
#1351 = DIRECTION ( 'NONE',  ( -1.000000000000000000, 0.000000000000000000, 0.000000000000000000 ) ) ;
#1352 = LINE ( 'NONE', #143, #613 ) ;
#1353 = DIRECTION ( 'NONE',  ( -0.000000000000000000, -1.000000000000000000, -0.000000000000000000 ) ) ;
#1354 = AXIS2_PLACEMENT_3D ( 'NONE', #971, #1623, #1290 ) ;
#1355 = ADVANCED_FACE ( 'NONE', ( #1142 ), #677, .F. ) ;
#1356 = VERTEX_POINT ( 'NONE', #101 ) ;
#1357 = ORIENTED_EDGE ( 'NONE', *, *, #1952, .T. ) ;
#1358 = CARTESIAN_POINT ( 'NONE',  ( 6.750000000000023093, -151.5999999999999943, -130.9086570488999826 ) ) ;
#1359 = CIRCLE ( 'NONE', #1580, 3.000000000027008618 ) ;
#1360 = CARTESIAN_POINT ( 'NONE',  ( -6.749999999999976907, -155.5999999999999943, -134.4086570488999826 ) ) ;
#1361 = FACE_OUTER_BOUND ( 'NONE', #358, .T. ) ;
#1362 = LINE ( 'NONE', #725, #144 ) ;
#1363 = LINE ( 'NONE', #1057, #936 ) ;
#1364 = ORIENTED_EDGE ( 'NONE', *, *, #1486, .T. ) ;
#1365 = ORIENTED_EDGE ( 'NONE', *, *, #1287, .T. ) ;
#1366 = CARTESIAN_POINT ( 'NONE',  ( 1.978368290684698220E-13, -155.3000000000000114, -156.6500000000000057 ) ) ;
#1367 = EDGE_CURVE ( 'NONE', #1464, #1441, #1345, .T. ) ;
#1368 = AXIS2_PLACEMENT_3D ( 'NONE', #1601, #1298, #1278 ) ;
#1369 = DIRECTION ( 'NONE',  ( -0.000000000000000000, -1.000000000000000000, -0.000000000000000000 ) ) ;
#1370 = CARTESIAN_POINT ( 'NONE',  ( -13.49999999999997513, -155.5999999999999943, -144.5000000000000000 ) ) ;
#1371 = CARTESIAN_POINT ( 'NONE',  ( 6.750000000001023182, -155.5999999999999943, -156.1913429511000118 ) ) ;
#1372 = ORIENTED_EDGE ( 'NONE', *, *, #1185, .F. ) ;
#1373 = EDGE_LOOP ( 'NONE', ( #1058, #1316, #797, #1108 ) ) ;
#1374 = DIRECTION ( 'NONE',  ( 0.000000000000000000, 0.000000000000000000, -1.000000000000000000 ) ) ;
#1375 = CONICAL_SURFACE ( 'NONE', #1803, 3.000000000027008618, 0.7853981633974489451 ) ;
#1376 = EDGE_CURVE ( 'NONE', #1513, #1544, #1151, .T. ) ;
#1377 = PERSON_AND_ORGANIZATION_ROLE ( 'classification_officer' ) ;
#1378 = CARTESIAN_POINT ( 'NONE',  ( 1.978368290684698220E-13, -155.3000000000000114, -158.9000000000000057 ) ) ;
#1379 = DIRECTION ( 'NONE',  ( 0.000000000000000000, -1.000000000000000000, 0.000000000000000000 ) ) ;
#1380 = DIRECTION ( 'NONE',  ( 0.000000000000000000, 0.000000000000000000, 1.000000000000000000 ) ) ;
#1381 = VECTOR ( 'NONE', #1289, 1000.000000000000114 ) ;
#1382 = EDGE_LOOP ( 'NONE', ( #514, #61, #1109, #1078 ) ) ;
#1383 = ORIENTED_EDGE ( 'NONE', *, *, #1912, .F. ) ;
#1384 = DIRECTION ( 'NONE',  ( 1.000000000000000000, 0.000000000000000000, 0.000000000000000000 ) ) ;
#1385 = ADVANCED_FACE ( 'NONE', ( #1990 ), #415, .F. ) ;
#1386 = ORIENTED_EDGE ( 'NONE', *, *, #1559, .T. ) ;
#1387 = CARTESIAN_POINT ( 'NONE',  ( -10.52220865597997523, -151.5999999999999943, -135.8750000000000000 ) ) ;
#1388 = VECTOR ( 'NONE', #1339, 999.9999999999998863 ) ;
#1389 = ADVANCED_FACE ( 'NONE', ( #1809 ), #344, .F. ) ;
#1390 = EDGE_CURVE ( 'NONE', #4, #854, #742, .T. ) ;
#1391 = DIRECTION ( 'NONE',  ( -0.000000000000000000, 1.000000000000000000, -0.000000000000000000 ) ) ;
#1392 = CC_DESIGN_PERSON_AND_ORGANIZATION_ASSIGNMENT ( #894, #1377, ( #641 ) ) ;
#1393 = CARTESIAN_POINT ( 'NONE',  ( -6.750000000000976996, -155.5999999999999943, -156.1913429511000118 ) ) ;
#1394 = VERTEX_POINT ( 'NONE', #893 ) ;
#1395 = ORIENTED_EDGE ( 'NONE', *, *, #494, .T. ) ;
#1396 = CARTESIAN_POINT ( 'NONE',  ( 10.52220865598002320, -155.5999999999999943, -135.8750000000000000 ) ) ;
#1397 = DIRECTION ( 'NONE',  ( -0.000000000000000000, -1.000000000000000000, -0.000000000000000000 ) ) ;
#1398 = CARTESIAN_POINT ( 'NONE',  ( 10.52220865598002320, -155.5999999999999943, -136.1749999999999829 ) ) ;
#1399 = DIRECTION ( 'NONE',  ( -0.000000000000000000, -1.000000000000000000, -0.000000000000000000 ) ) ;
#1400 = EDGE_LOOP ( 'NONE', ( #98, #1783 ) ) ;
#1401 = ORIENTED_EDGE ( 'NONE', *, *, #189, .T. ) ;
#1402 = CARTESIAN_POINT ( 'NONE',  ( 13.50000000000002487, -154.1999999999729596, -142.9000000000000057 ) ) ;
#1403 = ORIENTED_EDGE ( 'NONE', *, *, #625, .T. ) ;
#1404 = CARTESIAN_POINT ( 'NONE',  ( -10.52220865597997523, -155.5999999999999943, -138.4249999999999829 ) ) ;
#1405 = CIRCLE ( 'NONE', #1459, 2.549999999999996714 ) ;
#1406 = FACE_OUTER_BOUND ( 'NONE', #331, .T. ) ;
#1407 = DIRECTION ( 'NONE',  ( -0.000000000000000000, 1.000000000000000000, -0.000000000000000000 ) ) ;
#1408 = DIRECTION ( 'NONE',  ( 0.000000000000000000, 0.000000000000000000, -1.000000000000000000 ) ) ;
#1409 = ORIENTED_EDGE ( 'NONE', *, *, #82, .T. ) ;
#1410 = ORIENTED_EDGE ( 'NONE', *, *, #654, .T. ) ;
#1411 = LINE ( 'NONE', #965, #71 ) ;
#1412 = VECTOR ( 'NONE', #443, 1000.000000000000000 ) ;
#1413 = ORIENTED_EDGE ( 'NONE', *, *, #835, .F. ) ;
#1414 = EDGE_LOOP ( 'NONE', ( #1870, #575, #488, #1088 ) ) ;
#1415 = AXIS2_PLACEMENT_3D ( 'NONE', #41, #1439, #1921 ) ;
#1416 = DIRECTION ( 'NONE',  ( 0.000000000000000000, 0.7071067811865729968, 0.7071067811865220376 ) ) ;
#1417 = CIRCLE ( 'NONE', #710, 3.000000000027008618 ) ;
#1418 = CARTESIAN_POINT ( 'NONE',  ( -13.49999999999997513, -151.5999999999999943, -144.5000000000000000 ) ) ;
#1419 = DIRECTION ( 'NONE',  ( 0.000000000000000000, 0.000000000000000000, 1.000000000000000000 ) ) ;
#1420 = FACE_OUTER_BOUND ( 'NONE', #1840, .T. ) ;
#1421 = CIRCLE ( 'NONE', #1066, 2.250000000000001776 ) ;
#1422 = ORIENTED_EDGE ( 'NONE', *, *, #1390, .T. ) ;
#1423 = VECTOR ( 'NONE', #181, 999.9999999999998863 ) ;
#1424 = ORIENTED_EDGE ( 'NONE', *, *, #1251, .T. ) ;
#1425 = DIRECTION ( 'NONE',  ( 1.000000000000000000, 0.000000000000000000, 0.000000000000000000 ) ) ;
#1426 = VERTEX_POINT ( 'NONE', #1979 ) ;
#1427 = EDGE_CURVE ( 'NONE', #516, #136, #1405, .T. ) ;
#1428 = ORIENTED_EDGE ( 'NONE', *, *, #334, .T. ) ;
#1429 = LINE ( 'NONE', #174, #1381 ) ;
#1430 = DIRECTION ( 'NONE',  ( 0.000000000000000000, 0.000000000000000000, 1.000000000000000000 ) ) ;
#1431 = CONICAL_SURFACE ( 'NONE', #1562, 3.000000000027008618, 0.7853981633974482790 ) ;
#1432 = DIRECTION ( 'NONE',  ( -0.000000000000000000, 1.000000000000000000, -0.000000000000000000 ) ) ;
#1433 = AXIS2_PLACEMENT_3D ( 'NONE', #507, #1582, #1570 ) ;
#1434 = EDGE_LOOP ( 'NONE', ( #51, #1743, #499, #777 ) ) ;
#1435 = ORIENTED_EDGE ( 'NONE', *, *, #1523, .F. ) ;
#1436 = LINE ( 'NONE', #1771, #1692 ) ;
#1437 = AXIS2_PLACEMENT_3D ( 'NONE', #1138, #996, #800 ) ;
#1438 = ORIENTED_EDGE ( 'NONE', *, *, #945, .F. ) ;
#1439 = DIRECTION ( 'NONE',  ( -1.526596967048189925E-16, 1.000000000000000000, 0.000000000000000000 ) ) ;
#1440 = EDGE_CURVE ( 'NONE', #1230, #1144, #714, .T. ) ;
#1441 = VERTEX_POINT ( 'NONE', #121 ) ;
#1442 = AXIS2_PLACEMENT_3D ( 'NONE', #1790, #878, #405 ) ;
#1443 = FACE_OUTER_BOUND ( 'NONE', #450, .T. ) ;
#1444 = DIRECTION ( 'NONE',  ( 0.000000000000000000, 0.000000000000000000, -1.000000000000000000 ) ) ;
#1445 = FACE_OUTER_BOUND ( 'NONE', #62, .T. ) ;
#1446 = CYLINDRICAL_SURFACE ( 'NONE', #1679, 2.250000000000001776 ) ;
#1447 = EDGE_LOOP ( 'NONE', ( #728, #291, #1578, #263 ) ) ;
#1448 = VERTEX_POINT ( 'NONE', #708 ) ;
#1449 = DIRECTION ( 'NONE',  ( 0.000000000000000000, 0.000000000000000000, 1.000000000000000000 ) ) ;
#1450 = VERTEX_POINT ( 'NONE', #1358 ) ;
#1451 = AXIS2_PLACEMENT_3D ( 'NONE', #1590, #801, #199 ) ;
#1452 = CARTESIAN_POINT ( 'NONE',  ( 1.735181455066921512E-13, -151.8999999999999773, -144.5000000000000000 ) ) ;
#1453 = CYLINDRICAL_SURFACE ( 'NONE', #931, 17.50000000000000000 ) ;
#1454 = CARTESIAN_POINT ( 'NONE',  ( 1.978368290684698220E-13, -155.3000000000000114, -158.9000000000000057 ) ) ;
#1455 = CIRCLE ( 'NONE', #1234, 1.599999999999990319 ) ;
#1456 = EDGE_CURVE ( 'NONE', #1657, #984, #1051, .T. ) ;
#1457 = EDGE_CURVE ( 'NONE', #690, #136, #1189, .T. ) ;
#1458 = ORIENTED_EDGE ( 'NONE', *, *, #1660, .T. ) ;
#1459 = AXIS2_PLACEMENT_3D ( 'NONE', #1525, #1515, #567 ) ;
#1460 = ORIENTED_EDGE ( 'NONE', *, *, #1722, .F. ) ;
#1461 = CALENDAR_DATE ( 2026, 30, 6 ) ;
#1462 = DIRECTION ( 'NONE',  ( 0.000000000000000000, 0.000000000000000000, -1.000000000000000000 ) ) ;
#1463 = CARTESIAN_POINT ( 'NONE',  ( -17.49999999999982947, -151.8999999999999773, -144.5000000000000000 ) ) ;
#1464 = VERTEX_POINT ( 'NONE', #281 ) ;
#1465 = EDGE_CURVE ( 'NONE', #1144, #1230, #1421, .T. ) ;
#1466 = DIRECTION ( 'NONE',  ( 0.000000000000000000, 0.000000000000000000, 1.000000000000000000 ) ) ;
#1467 = ORIENTED_EDGE ( 'NONE', *, *, #557, .F. ) ;
#1468 = VECTOR ( 'NONE', #34, 1000.000000000000114 ) ;
#1469 = CARTESIAN_POINT ( 'NONE',  ( -6.749999999999976907, -151.5999999999999943, -132.8086570488999882 ) ) ;
#1470 = CARTESIAN_POINT ( 'NONE',  ( 0.000000000000000000, 0.000000000000000000, 0.000000000000000000 ) ) ;
#1471 = DIRECTION ( 'NONE',  ( 0.000000000000000000, -0.7071067811865404673, -0.7071067811865546782 ) ) ;
#1472 = VERTEX_POINT ( 'NONE', #883 ) ;
#1473 = EDGE_CURVE ( 'NONE', #342, #1545, #776, .T. ) ;
#1474 = EDGE_LOOP ( 'NONE', ( #214, #706, #479, #1211 ) ) ;
#1475 = VERTEX_POINT ( 'NONE', #751 ) ;
#1476 = EDGE_CURVE ( 'NONE', #1657, #690, #1344, .T. ) ;
#1477 =( LENGTH_UNIT ( ) NAMED_UNIT ( * ) SI_UNIT ( .MILLI., .METRE. ) );
#1478 = AXIS2_PLACEMENT_3D ( 'NONE', #812, #371, #1127 ) ;
#1479 = FACE_OUTER_BOUND ( 'NONE', #1522, .T. ) ;
#1480 = CARTESIAN_POINT ( 'NONE',  ( -1.777322800125650214E-12, -171.1999999999999602, -140.5250000000009436 ) ) ;
#1481 = CIRCLE ( 'NONE', #580, 2.250000000000001776 ) ;
#1482 = ORIENTED_EDGE ( 'NONE', *, *, #15, .T. ) ;
#1483 = VECTOR ( 'NONE', #1061, 1000.000000000000000 ) ;
#1484 = EDGE_LOOP ( 'NONE', ( #1815, #749 ) ) ;
#1485 = DIRECTION ( 'NONE',  ( 0.000000000000000000, 1.000000000000000000, 0.000000000000000000 ) ) ;
#1486 = EDGE_CURVE ( 'NONE', #620, #1320, #1997, .T. ) ;
#1487 = PERSON_AND_ORGANIZATION ( #77, #572 ) ;
#1488 = CARTESIAN_POINT ( 'NONE',  ( 13.50000000000002487, -155.5999999999999943, -144.5000000000000000 ) ) ;
#1489 = DIRECTION ( 'NONE',  ( -0.000000000000000000, -1.000000000000000000, -0.000000000000000000 ) ) ;
#1490 = CARTESIAN_POINT ( 'NONE',  ( -1.776836003022989349E-12, -156.6000000000000227, -148.4750000000009607 ) ) ;
#1491 = CARTESIAN_POINT ( 'NONE',  ( 10.52220865598002320, -151.5999999999999943, -138.4249999999999829 ) ) ;
#1492 = ORIENTED_EDGE ( 'NONE', *, *, #734, .T. ) ;
#1493 = ORIENTED_EDGE ( 'NONE', *, *, #150, .F. ) ;
#1494 = EDGE_CURVE ( 'NONE', #1219, #1567, #1135, .T. ) ;
#1495 = EDGE_CURVE ( 'NONE', #1851, #157, #1648, .T. ) ;
#1496 = DIRECTION ( 'NONE',  ( -1.000000000000000000, 0.000000000000000000, 0.000000000000000000 ) ) ;
#1497 = DIRECTION ( 'NONE',  ( 1.000000000000000000, 0.000000000000000000, 0.000000000000000000 ) ) ;
#1498 = DIRECTION ( 'NONE',  ( 0.000000000000000000, 0.000000000000000000, -1.000000000000000000 ) ) ;
#1499 = CARTESIAN_POINT ( 'NONE',  ( 1.978368290684698220E-13, -151.5999999999999943, -156.6500000000000057 ) ) ;
#1500 = ORIENTED_EDGE ( 'NONE', *, *, #15, .F. ) ;
#1501 = EDGE_LOOP ( 'NONE', ( #794, #954 ) ) ;
#1502 = DIRECTION ( 'NONE',  ( 0.000000000000000000, 0.000000000000000000, -1.000000000000000000 ) ) ;
#1503 = CARTESIAN_POINT ( 'NONE',  ( 10.52220865598002320, -155.2999999999999545, -136.1749999999999829 ) ) ;
#1504 = AXIS2_PLACEMENT_3D ( 'NONE', #1893, #485, #1714 ) ;
#1505 = CARTESIAN_POINT ( 'NONE',  ( 1.978368290684698220E-13, -155.3000000000000114, -156.6500000000000057 ) ) ;
#1506 = AXIS2_PLACEMENT_3D ( 'NONE', #688, #229, #849 ) ;
#1507 = DIRECTION ( 'NONE',  ( -1.000000000000000000, 0.000000000000000000, 0.000000000000000000 ) ) ;
#1508 = VECTOR ( 'NONE', #1822, 1000.000000000000000 ) ;
#1509 = ADVANCED_FACE ( 'NONE', ( #1688 ), #1206, .F. ) ;
#1510 = DIRECTION ( 'NONE',  ( -0.000000000000000000, -1.000000000000000000, -0.000000000000000000 ) ) ;
#1511 = EDGE_CURVE ( 'NONE', #992, #92, #1411, .T. ) ;
#1512 = EDGE_CURVE ( 'NONE', #854, #1099, #321, .T. ) ;
#1513 = VERTEX_POINT ( 'NONE', #1244 ) ;
#1514 = EDGE_LOOP ( 'NONE', ( #1248, #594, #26, #1403 ) ) ;
#1515 = DIRECTION ( 'NONE',  ( -1.526596967048189925E-16, 1.000000000000000000, -0.000000000000000000 ) ) ;
#1516 = CONICAL_SURFACE ( 'NONE', #1326, 3.975000000000006306, 0.7853981633974530530 ) ;
#1517 = COORDINATED_UNIVERSAL_TIME_OFFSET ( 8, 0, .AHEAD. ) ;
#1518 = DIRECTION ( 'NONE',  ( 0.000000000000000000, 0.000000000000000000, -1.000000000000000000 ) ) ;
#1519 = CARTESIAN_POINT ( 'NONE',  ( 1.740829863844999752E-13, -155.5999999999999943, -144.5000000000000000 ) ) ;
#1520 = DIRECTION ( 'NONE',  ( -0.000000000000000000, -1.000000000000000000, -0.000000000000000000 ) ) ;
#1521 = EDGE_CURVE ( 'NONE', #559, #1475, #745, .T. ) ;
#1522 = EDGE_LOOP ( 'NONE', ( #1816, #168, #1174, #968 ) ) ;
#1523 = EDGE_CURVE ( 'NONE', #2016, #979, #1890, .T. ) ;
#1524 = ORIENTED_EDGE ( 'NONE', *, *, #861, .T. ) ;
#1525 = CARTESIAN_POINT ( 'NONE',  ( -10.52220865597997523, -155.5999999999999943, -138.4249999999999829 ) ) ;
#1526 = PERSON_AND_ORGANIZATION_ROLE ( 'creator' ) ;
#1527 = VECTOR ( 'NONE', #985, 1000.000000000000114 ) ;
#1528 = DIRECTION ( 'NONE',  ( 0.000000000000000000, 0.000000000000000000, 1.000000000000000000 ) ) ;
#1529 = LINE ( 'NONE', #1067, #838 ) ;
#1530 = VECTOR ( 'NONE', #732, 1000.000000000000000 ) ;
#1531 = DIRECTION ( 'NONE',  ( 0.000000000000000000, 0.000000000000000000, -1.000000000000000000 ) ) ;
#1532 = EDGE_LOOP ( 'NONE', ( #852, #1995, #1357, #705 ) ) ;
#1533 = ORIENTED_EDGE ( 'NONE', *, *, #933, .T. ) ;
#1534 = AXIS2_PLACEMENT_3D ( 'NONE', #1404, #781, #464 ) ;
#1535 = CARTESIAN_POINT ( 'NONE',  ( 6.750000000001023182, -155.5999999999999943, -159.1913429511270124 ) ) ;
#1536 = CIRCLE ( 'NONE', #1838, 1.900000000000012790 ) ;
#1537 = CARTESIAN_POINT ( 'NONE',  ( -1.777322800125650214E-12, -156.6000000000000227, -140.5250000000009436 ) ) ;
#1538 = EDGE_CURVE ( 'NONE', #1426, #1320, #555, .T. ) ;
#1539 = AXIS2_PLACEMENT_3D ( 'NONE', #184, #1333, #1806 ) ;
#1540 = CARTESIAN_POINT ( 'NONE',  ( 1.981123745982779824E-13, -151.9000000000000057, -154.4000000000000057 ) ) ;
#1541 = DIRECTION ( 'NONE',  ( 0.000000000000000000, 0.000000000000000000, -1.000000000000000000 ) ) ;
#1542 = FACE_OUTER_BOUND ( 'NONE', #892, .T. ) ;
#1543 = CIRCLE ( 'NONE', #681, 3.000000000027008618 ) ;
#1544 = VERTEX_POINT ( 'NONE', #319 ) ;
#1545 = VERTEX_POINT ( 'NONE', #760 ) ;
#1546 = DIRECTION ( 'NONE',  ( 8.659560562354621012E-17, 0.7071067811865729968, -0.7071067811865220376 ) ) ;
#1547 = AXIS2_PLACEMENT_3D ( 'NONE', #1491, #439, #1380 ) ;
#1548 = AXIS2_PLACEMENT_3D ( 'NONE', #529, #72, #1323 ) ;
#1549 = PERSON_AND_ORGANIZATION ( #77, #572 ) ;
#1550 = DIRECTION ( 'NONE',  ( -0.000000000000000000, -1.000000000000000000, -0.000000000000000000 ) ) ;
#1551 = DIRECTION ( 'NONE',  ( 0.000000000000000000, -0.000000000000000000, -1.000000000000000000 ) ) ;
#1552 = FACE_OUTER_BOUND ( 'NONE', #693, .T. ) ;
#1553 = VERTEX_POINT ( 'NONE', #489 ) ;
#1554 = VERTEX_POINT ( 'NONE', #1535 ) ;
#1555 = CARTESIAN_POINT ( 'NONE',  ( -6.750000000000976996, -151.5999999999999943, -154.2913429511000345 ) ) ;
#1556 = EDGE_CURVE ( 'NONE', #329, #92, #148, .T. ) ;
#1557 = EDGE_CURVE ( 'NONE', #757, #53, #1710, .T. ) ;
#1558 = LINE ( 'NONE', #1239, #218 ) ;
#1559 = EDGE_CURVE ( 'NONE', #137, #222, #1897, .T. ) ;
#1560 = DIRECTION ( 'NONE',  ( 0.000000000000000000, -1.000000000000000000, 0.000000000000000000 ) ) ;
#1561 = LINE ( 'NONE', #24, #649 ) ;
#1562 = AXIS2_PLACEMENT_3D ( 'NONE', #664, #831, #547 ) ;
#1563 = ORIENTED_EDGE ( 'NONE', *, *, #1660, .F. ) ;
#1564 = ORIENTED_EDGE ( 'NONE', *, *, #1758, .T. ) ;
#1565 = DIRECTION ( 'NONE',  ( -0.000000000000000000, -1.000000000000000000, -0.000000000000000000 ) ) ;
#1566 = ORIENTED_EDGE ( 'NONE', *, *, #1034, .T. ) ;
#1567 = VERTEX_POINT ( 'NONE', #1402 ) ;
#1568 = CARTESIAN_POINT ( 'NONE',  ( 6.750000000000023093, -154.1999999999729596, -132.8086570488999882 ) ) ;
#1569 = CIRCLE ( 'NONE', #1702, 1.599999999999990319 ) ;
#1570 = DIRECTION ( 'NONE',  ( -1.000000000000000000, 0.000000000000000000, 0.000000000000000000 ) ) ;
#1571 = CARTESIAN_POINT ( 'NONE',  ( -6.750000000000976996, -155.5999999999999943, -156.1913429511000118 ) ) ;
#1572 = CARTESIAN_POINT ( 'NONE',  ( 6.750000000000023093, -151.5999999999999943, -132.8086570488999882 ) ) ;
#1573 = EDGE_CURVE ( 'NONE', #815, #1864, #1929, .T. ) ;
#1574 = ORIENTED_EDGE ( 'NONE', *, *, #1494, .F. ) ;
#1575 = LOCAL_TIME ( 23, 25, 0.000000000000000000, #630 ) ;
#1576 = ORIENTED_EDGE ( 'NONE', *, *, #288, .T. ) ;
#1577 = DIRECTION ( 'NONE',  ( 0.000000000000000000, 0.000000000000000000, 1.000000000000000000 ) ) ;
#1578 = ORIENTED_EDGE ( 'NONE', *, *, #1573, .F. ) ;
#1579 = ORIENTED_EDGE ( 'NONE', *, *, #600, .T. ) ;
#1580 = AXIS2_PLACEMENT_3D ( 'NONE', #1028, #1656, #134 ) ;
#1581 = CONICAL_SURFACE ( 'NONE', #227, 17.20000000000000284, 0.7853981633974078669 ) ;
#1582 = DIRECTION ( 'NONE',  ( 1.526596967048189925E-16, -1.000000000000000000, 0.000000000000000000 ) ) ;
#1583 = DIRECTION ( 'NONE',  ( -0.000000000000000000, 1.000000000000000000, -0.000000000000000000 ) ) ;
#1584 = DIRECTION ( 'NONE',  ( 8.659560562354871228E-17, 0.7071067811865526798, -0.7071067811865424657 ) ) ;
#1585 = FACE_BOUND ( 'NONE', #279, .T. ) ;
#1586 = VERTEX_POINT ( 'NONE', #170 ) ;
#1587 = EDGE_LOOP ( 'NONE', ( #956, #1896, #1079, #328 ) ) ;
#1588 = ORIENTED_EDGE ( 'NONE', *, *, #366, .F. ) ;
#1589 = CARTESIAN_POINT ( 'NONE',  ( 6.750000000000023093, -154.1999999999729596, -131.2086570488999939 ) ) ;
#1590 = CARTESIAN_POINT ( 'NONE',  ( 1.978368290684698220E-13, -151.5999999999999943, -156.6500000000000057 ) ) ;
#1591 = DIRECTION ( 'NONE',  ( 1.526596967048362242E-16, -1.000000000000000000, -0.000000000000000000 ) ) ;
#1592 = VERTEX_POINT ( 'NONE', #341 ) ;
#1593 = VERTEX_POINT ( 'NONE', #138 ) ;
#1594 = DIRECTION ( 'NONE',  ( -0.000000000000000000, -1.000000000000000000, -0.000000000000000000 ) ) ;
#1595 = EDGE_CURVE ( 'NONE', #1544, #1920, #1101, .T. ) ;
#1596 = VERTEX_POINT ( 'NONE', #160 ) ;
#1597 = FACE_BOUND ( 'NONE', #1131, .T. ) ;
#1598 = AXIS2_PLACEMENT_3D ( 'NONE', #1693, #173, #1737 ) ;
#1599 = AXIS2_PLACEMENT_3D ( 'NONE', #373, #1937, #1150 ) ;
#1600 = DIRECTION ( 'NONE',  ( 1.526596967048189925E-16, -1.000000000000000000, 0.000000000000000000 ) ) ;
#1601 = CARTESIAN_POINT ( 'NONE',  ( -1.777322800125650214E-12, -171.5999999999999659, -144.5000000000009663 ) ) ;
#1602 = FACE_OUTER_BOUND ( 'NONE', #1685, .T. ) ;
#1603 = DIRECTION ( 'NONE',  ( -0.000000000000000000, 1.000000000000000000, -0.000000000000000000 ) ) ;
#1604 = ORIENTED_EDGE ( 'NONE', *, *, #738, .T. ) ;
#1605 = AXIS2_PLACEMENT_3D ( 'NONE', #153, #2012, #1721 ) ;
#1606 = DIRECTION ( 'NONE',  ( -0.000000000000000000, 1.000000000000000000, -0.000000000000000000 ) ) ;
#1607 = ORIENTED_EDGE ( 'NONE', *, *, #1998, .T. ) ;
#1608 = CONICAL_SURFACE ( 'NONE', #998, 1.900000000000012790, 0.7853981633973962095 ) ;
#1609 = DIRECTION ( 'NONE',  ( -0.000000000000000000, -1.000000000000000000, -0.000000000000000000 ) ) ;
#1610 = PERSON_AND_ORGANIZATION ( #77, #572 ) ;
#1611 = FACE_OUTER_BOUND ( 'NONE', #1447, .T. ) ;
#1612 = LINE ( 'NONE', #1454, #490 ) ;
#1613 = AXIS2_PLACEMENT_3D ( 'NONE', #1633, #1787, #1023 ) ;
#1614 = ORIENTED_EDGE ( 'NONE', *, *, #1820, .T. ) ;
#1615 = AXIS2_PLACEMENT_3D ( 'NONE', #87, #1634, #704 ) ;
#1616 = AXIS2_PLACEMENT_3D ( 'NONE', #481, #1090, #921 ) ;
#1617 = CARTESIAN_POINT ( 'NONE',  ( 1.978368290684698220E-13, -151.9000000000000057, -156.6500000000000057 ) ) ;
#1618 = VECTOR ( 'NONE', #298, 999.9999999999998863 ) ;
#1619 = ORIENTED_EDGE ( 'NONE', *, *, #1311, .F. ) ;
#1620 = FACE_BOUND ( 'NONE', #976, .T. ) ;
#1621 = CARTESIAN_POINT ( 'NONE',  ( -6.749999999999976907, -151.8999999999999773, -131.2086570488999939 ) ) ;
#1622 = FACE_OUTER_BOUND ( 'NONE', #202, .T. ) ;
#1623 = DIRECTION ( 'NONE',  ( 0.000000000000000000, -1.000000000000000000, 0.000000000000000000 ) ) ;
#1624 = CARTESIAN_POINT ( 'NONE',  ( 1.735181455066921512E-13, -151.8999999999999773, -144.5000000000000000 ) ) ;
#1625 = EDGE_CURVE ( 'NONE', #1475, #559, #716, .T. ) ;
#1626 = AXIS2_PLACEMENT_3D ( 'NONE', #687, #198, #527 ) ;
#1627 = ORIENTED_EDGE ( 'NONE', *, *, #1912, .T. ) ;
#1628 = ORIENTED_EDGE ( 'NONE', *, *, #1725, .F. ) ;
#1629 = ORIENTED_EDGE ( 'NONE', *, *, #1456, .T. ) ;
#1630 = VECTOR ( 'NONE', #212, 1000.000000000000000 ) ;
#1631 = CONICAL_SURFACE ( 'NONE', #597, 2.250000000000001776, 0.7853981633974583820 ) ;
#1632 = APPROVAL_ROLE ( '' ) ;
#1633 = CARTESIAN_POINT ( 'NONE',  ( 1.740371884754885334E-13, -155.2999999999999545, -144.5000000000000000 ) ) ;
#1634 = DIRECTION ( 'NONE',  ( -0.000000000000000000, -1.000000000000000000, -0.000000000000000000 ) ) ;
#1635 = LINE ( 'NONE', #1965, #1184 ) ;
#1636 = VERTEX_POINT ( 'NONE', #1396 ) ;
#1637 = ADVANCED_FACE ( 'NONE', ( #17 ), #131, .F. ) ;
#1638 = ORIENTED_EDGE ( 'NONE', *, *, #1319, .F. ) ;
#1639 = DIRECTION ( 'NONE',  ( -0.000000000000000000, -1.000000000000000000, -0.000000000000000000 ) ) ;
#1640 = CARTESIAN_POINT ( 'NONE',  ( 1.978368290684698220E-13, -151.9000000000000057, -158.9000000000000057 ) ) ;
#1641 = CARTESIAN_POINT ( 'NONE',  ( 10.52220865598002320, -155.5999999999999943, -138.4249999999999829 ) ) ;
#1642 = DIRECTION ( 'NONE',  ( 0.000000000000000000, -1.000000000000000000, 0.000000000000000000 ) ) ;
#1643 = DIRECTION ( 'NONE',  ( -0.000000000000000000, 1.000000000000000000, -0.000000000000000000 ) ) ;
#1644 = AXIS2_PLACEMENT_3D ( 'NONE', #876, #59, #834 ) ;
#1645 = ORIENTED_EDGE ( 'NONE', *, *, #1198, .T. ) ;
#1646 = EDGE_CURVE ( 'NONE', #620, #250, #325, .T. ) ;
#1647 = EDGE_CURVE ( 'NONE', #1394, #1450, #851, .T. ) ;
#1648 = CIRCLE ( 'NONE', #492, 3.975000000000006306 ) ;
#1649 = ORIENTED_EDGE ( 'NONE', *, *, #930, .T. ) ;
#1650 = AXIS2_PLACEMENT_3D ( 'NONE', #1181, #1663, #123 ) ;
#1651 = DIRECTION ( 'NONE',  ( 0.000000000000000000, 0.000000000000000000, -1.000000000000000000 ) ) ;
#1652 = CALENDAR_DATE ( 2026, 30, 6 ) ;
#1653 = FACE_OUTER_BOUND ( 'NONE', #353, .T. ) ;
#1654 = DIRECTION ( 'NONE',  ( 1.526596967048189925E-16, -1.000000000000000000, 0.000000000000000000 ) ) ;
#1655 = DIRECTION ( 'NONE',  ( -0.000000000000000000, -1.000000000000000000, -0.000000000000000000 ) ) ;
#1656 = DIRECTION ( 'NONE',  ( -0.000000000000000000, -1.000000000000000000, -0.000000000000000000 ) ) ;
#1657 = VERTEX_POINT ( 'NONE', #609 ) ;
#1658 = ORIENTED_EDGE ( 'NONE', *, *, #1390, .F. ) ;
#1659 = DIRECTION ( 'NONE',  ( 1.000000000000000000, 0.000000000000000000, 0.000000000000000000 ) ) ;
#1660 = EDGE_CURVE ( 'NONE', #1219, #1003, #1272, .T. ) ;
#1661 = AXIS2_PLACEMENT_3D ( 'NONE', #427, #1369, #1348 ) ;
#1662 = APPROVAL_DATE_TIME ( #1064, #1664 ) ;
#1663 = DIRECTION ( 'NONE',  ( -0.000000000000000000, 1.000000000000000000, -0.000000000000000000 ) ) ;
#1664 = APPROVAL ( #453, '未' ) ;
#1665 = AXIS2_PLACEMENT_3D ( 'NONE', #2001, #1065, #95 ) ;
#1666 = DIRECTION ( 'NONE',  ( 8.659560562354974766E-17, 0.7071067811865441310, -0.7071067811865507924 ) ) ;
#1667 = FACE_OUTER_BOUND ( 'NONE', #1434, .T. ) ;
#1668 = VECTOR ( 'NONE', #1000, 1000.000000000000114 ) ;
#1669 = ORIENTED_EDGE ( 'NONE', *, *, #1818, .F. ) ;
#1670 = ORIENTED_EDGE ( 'NONE', *, *, #823, .F. ) ;
#1671 = DIRECTION ( 'NONE',  ( 0.000000000000000000, -0.7071067811865729968, -0.7071067811865220376 ) ) ;
#1672 = AXIS2_PLACEMENT_3D ( 'NONE', #1073, #495, #1104 ) ;
#1673 = CARTESIAN_POINT ( 'NONE',  ( -1.777322800125650214E-12, -171.5999999999999659, -144.5000000000009663 ) ) ;
#1674 = EDGE_CURVE ( 'NONE', #1596, #1003, #206, .T. ) ;
#1675 = CARTESIAN_POINT ( 'NONE',  ( -10.52220865597997523, -151.5999999999999943, -138.4249999999999829 ) ) ;
#1676 = CARTESIAN_POINT ( 'NONE',  ( -6.750000000000976996, -151.8999999999999773, -154.5913429511000174 ) ) ;
#1677 = VERTEX_POINT ( 'NONE', #1940 ) ;
#1678 = EDGE_LOOP ( 'NONE', ( #1383, #656, #290, #1435 ) ) ;
#1679 = AXIS2_PLACEMENT_3D ( 'NONE', #991, #535, #1172 ) ;
#1680 = AXIS2_PLACEMENT_3D ( 'NONE', #471, #1565, #1260 ) ;
#1681 = DIRECTION ( 'NONE',  ( 0.000000000000000000, 0.000000000000000000, -1.000000000000000000 ) ) ;
#1682 = DIRECTION ( 'NONE',  ( 8.659560562354877391E-17, 0.7071067811865521247, -0.7071067811865430208 ) ) ;
#1683 = CARTESIAN_POINT ( 'NONE',  ( -6.750000000000976996, -151.5999999999999943, -158.0913429510999890 ) ) ;
#1684 = EDGE_LOOP ( 'NONE', ( #574, #1882, #1395, #147 ) ) ;
#1685 = EDGE_LOOP ( 'NONE', ( #365, #1372, #525, #1120 ) ) ;
#1686 = EDGE_CURVE ( 'NONE', #1901, #1084, #1782, .T. ) ;
#1687 = CC_DESIGN_PERSON_AND_ORGANIZATION_ASSIGNMENT ( #1236, #1526, ( #1193 ) ) ;
#1688 = FACE_OUTER_BOUND ( 'NONE', #1827, .T. ) ;
#1689 = ADVANCED_BREP_SHAPE_REPRESENTATION ( 'part_shengjiang_falan', ( #1704, #928 ), #682 ) ;
#1690 = AXIS2_PLACEMENT_3D ( 'NONE', #853, #367, #1577 ) ;
#1691 = DIRECTION ( 'NONE',  ( 0.000000000000000000, 0.7071067811865441310, 0.7071067811865507924 ) ) ;
#1692 = VECTOR ( 'NONE', #977, 1000.000000000000000 ) ;
#1693 = CARTESIAN_POINT ( 'NONE',  ( -10.52220865597997523, -155.2999999999999545, -138.4249999999999829 ) ) ;
#1694 = CARTESIAN_POINT ( 'NONE',  ( -13.49999999999997513, -151.5999999999999943, -142.5999999999999659 ) ) ;
#1695 = FACE_OUTER_BOUND ( 'NONE', #1302, .T. ) ;
#1696 = ORIENTED_EDGE ( 'NONE', *, *, #1331, .T. ) ;
#1697 = ORIENTED_EDGE ( 'NONE', *, *, #1158, .T. ) ;
#1698 = VECTOR ( 'NONE', #1391, 1000.000000000000000 ) ;
#1699 = CARTESIAN_POINT ( 'NONE',  ( 17.50000000000017408, -151.5999999999999943, -144.5000000000000000 ) ) ;
#1700 = EDGE_CURVE ( 'NONE', #408, #665, #1792, .T. ) ;
#1701 = DATE_AND_TIME ( #1865, #1575 ) ;
#1702 = AXIS2_PLACEMENT_3D ( 'NONE', #1568, #1550, #163 ) ;
#1703 = CARTESIAN_POINT ( 'NONE',  ( -13.49999999999997513, -151.9000000000000341, -144.5000000000000000 ) ) ;
#1704 = MANIFOLD_SOLID_BREP ( '\X2\501289d2\X0\3', #14 ) ;
#1705 = CARTESIAN_POINT ( 'NONE',  ( -6.749999999999976907, -151.8999999999999773, -134.4086570488999826 ) ) ;
#1706 = DIRECTION ( 'NONE',  ( 1.000000000000000000, 0.000000000000000000, 0.000000000000000000 ) ) ;
#1707 = CIRCLE ( 'NONE', #1504, 1.599999999999990319 ) ;
#1708 = VERTEX_POINT ( 'NONE', #39 ) ;
#1709 = ORIENTED_EDGE ( 'NONE', *, *, #494, .F. ) ;
#1710 = LINE ( 'NONE', #1555, #1423 ) ;
#1711 = CIRCLE ( 'NONE', #1613, 17.50000000000000000 ) ;
#1712 = EDGE_CURVE ( 'NONE', #1231, #2018, #1177, .T. ) ;
#1713 = DIRECTION ( 'NONE',  ( 0.000000000000000000, 0.000000000000000000, 1.000000000000000000 ) ) ;
#1714 = DIRECTION ( 'NONE',  ( 0.000000000000000000, 0.000000000000000000, 1.000000000000000000 ) ) ;
#1715 = DIRECTION ( 'NONE',  ( 0.000000000000000000, 0.000000000000000000, 1.000000000000000000 ) ) ;
#1716 = ORIENTED_EDGE ( 'NONE', *, *, #1103, .F. ) ;
#1717 = AXIS2_PLACEMENT_3D ( 'NONE', #1072, #952, #27 ) ;
#1718 = ORIENTED_EDGE ( 'NONE', *, *, #1952, .F. ) ;
#1719 = CARTESIAN_POINT ( 'NONE',  ( 10.52220865598002320, -151.5999999999999943, -140.9749999999999943 ) ) ;
#1720 = ORIENTED_EDGE ( 'NONE', *, *, #1198, .F. ) ;
#1721 = DIRECTION ( 'NONE',  ( 0.000000000000000000, 0.000000000000000000, -1.000000000000000000 ) ) ;
#1722 = EDGE_CURVE ( 'NONE', #809, #100, #1436, .T. ) ;
#1723 = EDGE_CURVE ( 'NONE', #665, #157, #1919, .T. ) ;
#1724 = AXIS2_PLACEMENT_3D ( 'NONE', #796, #651, #2008 ) ;
#1725 = EDGE_CURVE ( 'NONE', #729, #696, #135, .T. ) ;
#1726 = DIRECTION ( 'NONE',  ( 0.000000000000000000, 0.000000000000000000, -1.000000000000000000 ) ) ;
#1727 = DIRECTION ( 'NONE',  ( 0.000000000000000000, 0.000000000000000000, -1.000000000000000000 ) ) ;
#1728 = DIRECTION ( 'NONE',  ( 1.000000000000000000, 0.000000000000000000, 0.000000000000000000 ) ) ;
#1729 = CIRCLE ( 'NONE', #667, 2.549999999999968736 ) ;
#1730 = EDGE_LOOP ( 'NONE', ( #1930, #1828, #1243, #808 ) ) ;
#1731 = EDGE_LOOP ( 'NONE', ( #1619, #54, #37, #532 ) ) ;
#1732 = DIRECTION ( 'NONE',  ( 0.000000000000000000, 0.000000000000000000, -1.000000000000000000 ) ) ;
#1733 = ORIENTED_EDGE ( 'NONE', *, *, #625, .F. ) ;
#1734 = PLANE ( 'NONE',  #1415 ) ;
#1735 = CONICAL_SURFACE ( 'NONE', #538, 2.549999999999996714, 0.7853981633974121968 ) ;
#1736 = ORIENTED_EDGE ( 'NONE', *, *, #1367, .F. ) ;
#1737 = DIRECTION ( 'NONE',  ( 0.000000000000000000, 0.000000000000000000, -1.000000000000000000 ) ) ;
#1738 = CARTESIAN_POINT ( 'NONE',  ( 1.981491140022523953E-13, -155.5999999999999943, -154.1000000000000512 ) ) ;
#1739 = DIRECTION ( 'NONE',  ( -0.000000000000000000, 1.000000000000000000, -0.000000000000000000 ) ) ;
#1740 = DIRECTION ( 'NONE',  ( 0.000000000000000000, 1.000000000000000000, 0.000000000000000000 ) ) ;
#1741 = EDGE_LOOP ( 'NONE', ( #322, #1409 ) ) ;
#1742 = APPROVAL_PERSON_ORGANIZATION ( #1487, #1848, #1786 ) ;
#1743 = ORIENTED_EDGE ( 'NONE', *, *, #70, .T. ) ;
#1744 = EDGE_LOOP ( 'NONE', ( #305, #1607 ) ) ;
#1745 = ORIENTED_EDGE ( 'NONE', *, *, #1274, .F. ) ;
#1746 = VECTOR ( 'NONE', #792, 1000.000000000000000 ) ;
#1747 = FACE_BOUND ( 'NONE', #1741, .T. ) ;
#1748 = DIRECTION ( 'NONE',  ( 0.000000000000000000, 0.000000000000000000, 1.000000000000000000 ) ) ;
#1749 = DIRECTION ( 'NONE',  ( -0.000000000000000000, 1.000000000000000000, -0.000000000000000000 ) ) ;
#1750 = AXIS2_PLACEMENT_3D ( 'NONE', #1366, #720, #1502 ) ;
#1751 = DIRECTION ( 'NONE',  ( 0.000000000000000000, 0.000000000000000000, -1.000000000000000000 ) ) ;
#1752 = EDGE_CURVE ( 'NONE', #1948, #596, #242, .T. ) ;
#1753 = ORIENTED_EDGE ( 'NONE', *, *, #56, .T. ) ;
#1754 = ADVANCED_FACE ( 'NONE', ( #524 ), #1831, .F. ) ;
#1755 = ORIENTED_EDGE ( 'NONE', *, *, #795, .F. ) ;
#1756 = DIRECTION ( 'NONE',  ( -1.000000000000000000, 0.000000000000000000, 0.000000000000000000 ) ) ;
#1757 = EDGE_LOOP ( 'NONE', ( #902, #1649, #1410, #2006 ) ) ;
#1758 = EDGE_CURVE ( 'NONE', #250, #696, #513, .T. ) ;
#1759 = FACE_BOUND ( 'NONE', #1744, .T. ) ;
#1760 = CARTESIAN_POINT ( 'NONE',  ( -1.776836003022989349E-12, -171.1999999999999602, -148.4750000000009607 ) ) ;
#1761 = CYLINDRICAL_SURFACE ( 'NONE', #1478, 2.250000000000001776 ) ;
#1762 = LINE ( 'NONE', #840, #67 ) ;
#1763 = CARTESIAN_POINT ( 'NONE',  ( -6.749999999999976907, -155.5999999999999943, -129.8086570488729876 ) ) ;
#1764 = CARTESIAN_POINT ( 'NONE',  ( -1.777322800125650214E-12, -171.5999999999999659, -144.5000000000009663 ) ) ;
#1765 = AXIS2_PLACEMENT_3D ( 'NONE', #1991, #1845, #591 ) ;
#1766 = CARTESIAN_POINT ( 'NONE',  ( 6.750000000001023182, -151.9000000000000057, -157.7913429511000061 ) ) ;
#1767 = CARTESIAN_POINT ( 'NONE',  ( -10.52220865597997523, -151.5999999999999943, -138.4249999999999829 ) ) ;
#1768 = LINE ( 'NONE', #1944, #1232 ) ;
#1769 = CARTESIAN_POINT ( 'NONE',  ( 6.750000000001023182, -155.5999999999999943, -153.1913429510730111 ) ) ;
#1770 = LINE ( 'NONE', #386, #1668 ) ;
#1771 = CARTESIAN_POINT ( 'NONE',  ( -10.52220865597997523, -155.5999999999999943, -136.1749999999999829 ) ) ;
#1772 = CC_DESIGN_SECURITY_CLASSIFICATION ( #641, ( #1193 ) ) ;
#1773 = ORIENTED_EDGE ( 'NONE', *, *, #1311, .T. ) ;
#1774 = CIRCLE ( 'NONE', #152, 2.250000000000001776 ) ;
#1775 = VECTOR ( 'NONE', #1962, 999.9999999999998863 ) ;
#1776 = CARTESIAN_POINT ( 'NONE',  ( -1.777322800125650214E-12, -171.5999999999999659, -144.5000000000009663 ) ) ;
#1777 = AXIS2_PLACEMENT_3D ( 'NONE', #1393, #1399, #9 ) ;
#1778 = LINE ( 'NONE', #113, #1508 ) ;
#1779 = CARTESIAN_POINT ( 'NONE',  ( 1.734723475976807094E-13, -151.5999999999999943, -144.5000000000000000 ) ) ;
#1780 = CARTESIAN_POINT ( 'NONE',  ( -10.52220865597997523, -151.9000000000000057, -138.4249999999999829 ) ) ;
#1781 = EDGE_LOOP ( 'NONE', ( #1318, #340, #1482, #1089 ) ) ;
#1782 = LINE ( 'NONE', #1143, #1527 ) ;
#1783 = ORIENTED_EDGE ( 'NONE', *, *, #1674, .F. ) ;
#1784 = EDGE_LOOP ( 'NONE', ( #169, #793, #932, #25 ) ) ;
#1785 = DIRECTION ( 'NONE',  ( 0.000000000000000000, 0.000000000000000000, -1.000000000000000000 ) ) ;
#1786 = APPROVAL_ROLE ( '' ) ;
#1787 = DIRECTION ( 'NONE',  ( -1.526596967048220987E-16, 1.000000000000000000, 0.000000000000000000 ) ) ;
#1788 = DIRECTION ( 'NONE',  ( 0.000000000000000000, -0.7071067811865474617, -0.7071067811865474617 ) ) ;
#1789 = EDGE_CURVE ( 'NONE', #1948, #1545, #842, .T. ) ;
#1790 = CARTESIAN_POINT ( 'NONE',  ( 6.750000000000023093, -155.5999999999999943, -132.8086570488999882 ) ) ;
#1791 = ORIENTED_EDGE ( 'NONE', *, *, #761, .F. ) ;
#1792 = CIRCLE ( 'NONE', #46, 3.574999999999994849 ) ;
#1793 = ORIENTED_EDGE ( 'NONE', *, *, #166, .T. ) ;
#1794 = CONICAL_SURFACE ( 'NONE', #1437, 1.900000000000012790, 0.7853981633974410625 ) ;
#1795 = DIRECTION ( 'NONE',  ( -0.000000000000000000, -1.000000000000000000, -0.000000000000000000 ) ) ;
#1796 = CIRCLE ( 'NONE', #789, 17.50000000000000000 ) ;
#1797 = CARTESIAN_POINT ( 'NONE',  ( 6.750000000000023093, -151.5999999999999943, -134.7086570488999939 ) ) ;
#1798 = DIRECTION ( 'NONE',  ( 0.000000000000000000, 0.000000000000000000, -1.000000000000000000 ) ) ;
#1799 = CIRCLE ( 'NONE', #640, 2.549999999999996714 ) ;
#1800 = CONICAL_SURFACE ( 'NONE', #632, 1.900000000000012790, 0.7853981633974410625 ) ;
#1801 = CARTESIAN_POINT ( 'NONE',  ( 6.750000000000023093, -151.5999999999999943, -130.9086570488999826 ) ) ;
#1802 = EDGE_CURVE ( 'NONE', #1948, #1593, #1947, .T. ) ;
#1803 = AXIS2_PLACEMENT_3D ( 'NONE', #97, #1332, #1984 ) ;
#1804 = ADVANCED_FACE ( 'NONE', ( #1909 ), #1431, .F. ) ;
#1805 = FACE_BOUND ( 'NONE', #1484, .T. ) ;
#1806 = DIRECTION ( 'NONE',  ( 0.000000000000000000, 0.000000000000000000, 1.000000000000000000 ) ) ;
#1807 = EDGE_LOOP ( 'NONE', ( #1588, #1049, #503, #881 ) ) ;
#1808 = ORIENTED_EDGE ( 'NONE', *, *, #1939, .F. ) ;
#1809 = FACE_OUTER_BOUND ( 'NONE', #1757, .T. ) ;
#1810 = DIRECTION ( 'NONE',  ( -1.000000000000000000, 0.000000000000000000, 0.000000000000000000 ) ) ;
#1811 = CARTESIAN_POINT ( 'NONE',  ( -6.750000000000976996, -154.1999999999729596, -154.5913429511000174 ) ) ;
#1812 = DIRECTION ( 'NONE',  ( 0.000000000000000000, 0.000000000000000000, 1.000000000000000000 ) ) ;
#1813 = CIRCLE ( 'NONE', #709, 1.599999999999990319 ) ;
#1814 = DIRECTION ( 'NONE',  ( 0.000000000000000000, 0.000000000000000000, 1.000000000000000000 ) ) ;
#1815 = ORIENTED_EDGE ( 'NONE', *, *, #1916, .F. ) ;
#1816 = ORIENTED_EDGE ( 'NONE', *, *, #149, .T. ) ;
#1817 = DIRECTION ( 'NONE',  ( -0.000000000000000000, -1.000000000000000000, -0.000000000000000000 ) ) ;
#1818 = EDGE_CURVE ( 'NONE', #1099, #1553, #1166, .T. ) ;
#1819 = AXIS2_PLACEMENT_3D ( 'NONE', #308, #929, #1384 ) ;
#1820 = EDGE_CURVE ( 'NONE', #1864, #815, #1729, .T. ) ;
#1821 = ADVANCED_FACE ( 'NONE', ( #1284 ), #919, .F. ) ;
#1822 = DIRECTION ( 'NONE',  ( -0.000000000000000000, -1.000000000000000000, -0.000000000000000000 ) ) ;
#1823 = CARTESIAN_POINT ( 'NONE',  ( -6.750000000000976996, -155.5999999999999943, -156.1913429511000118 ) ) ;
#1824 = CARTESIAN_POINT ( 'NONE',  ( -6.750000000000976996, -155.5999999999999943, -156.1913429511000118 ) ) ;
#1825 = CARTESIAN_POINT ( 'NONE',  ( 6.750000000001023182, -151.5999999999999943, -156.1913429511000118 ) ) ;
#1826 = LINE ( 'NONE', #1837, #1886 ) ;
#1827 = EDGE_LOOP ( 'NONE', ( #1849, #1574, #1458, #1697 ) ) ;
#1828 = ORIENTED_EDGE ( 'NONE', *, *, #1027, .T. ) ;
#1829 = DIRECTION ( 'NONE',  ( -0.000000000000000000, 1.000000000000000000, -0.000000000000000000 ) ) ;
#1830 = EDGE_CURVE ( 'NONE', #1019, #984, #1994, .T. ) ;
#1831 = CONICAL_SURFACE ( 'NONE', #753, 1.900000000000012790, 0.7853981633974873588 ) ;
#1832 = AXIS2_PLACEMENT_3D ( 'NONE', #258, #267, #1497 ) ;
#1833 = PERSON_AND_ORGANIZATION ( #77, #572 ) ;
#1834 = LINE ( 'NONE', #1360, #904 ) ;
#1835 = DIRECTION ( 'NONE',  ( -0.000000000000000000, 1.000000000000000000, -0.000000000000000000 ) ) ;
#1836 = CARTESIAN_POINT ( 'NONE',  ( -6.750000000000976996, -154.1999999999729596, -156.1913429511000118 ) ) ;
#1837 = CARTESIAN_POINT ( 'NONE',  ( -13.49999999999997513, -155.5999999999999943, -146.0999999999999659 ) ) ;
#1838 = AXIS2_PLACEMENT_3D ( 'NONE', #1825, #1056, #1351 ) ;
#1839 = ORIENTED_EDGE ( 'NONE', *, *, #573, .T. ) ;
#1840 = EDGE_LOOP ( 'NONE', ( #396, #1188, #1324, #1071 ) ) ;
#1841 = DIRECTION ( 'NONE',  ( 0.000000000000000000, 0.000000000000000000, 1.000000000000000000 ) ) ;
#1842 = CONICAL_SURFACE ( 'NONE', #1539, 1.900000000000012790, 0.7853981633973962095 ) ;
#1843 = ADVANCED_FACE ( 'NONE', ( #47 ), #1178, .F. ) ;
#1844 = SECURITY_CLASSIFICATION_LEVEL ( 'unclassified' ) ;
#1845 = DIRECTION ( 'NONE',  ( -0.000000000000000000, -1.000000000000000000, -0.000000000000000000 ) ) ;
#1846 = VECTOR ( 'NONE', #1308, 1000.000000000000114 ) ;
#1847 = DIRECTION ( 'NONE',  ( 0.000000000000000000, 0.000000000000000000, -1.000000000000000000 ) ) ;
#1848 = APPROVAL ( #1970, '未' ) ;
#1849 = ORIENTED_EDGE ( 'NONE', *, *, #1081, .F. ) ;
#1850 = CONICAL_SURFACE ( 'NONE', #973, 3.975000000000006306, 0.7853981633974530530 ) ;
#1851 = VERTEX_POINT ( 'NONE', #1760 ) ;
#1852 = DIRECTION ( 'NONE',  ( 0.000000000000000000, -0.7071067811865466846, -0.7071067811865483499 ) ) ;
#1853 = VECTOR ( 'NONE', #1671, 1000.000000000000114 ) ;
#1854 = ORIENTED_EDGE ( 'NONE', *, *, #70, .F. ) ;
#1855 = DIRECTION ( 'NONE',  ( -0.7071067811865392461, -0.7071067811865557884, 8.659560562354833018E-17 ) ) ;
#1856 = DIRECTION ( 'NONE',  ( 0.000000000000000000, 0.000000000000000000, -1.000000000000000000 ) ) ;
#1857 = ADVANCED_FACE ( 'NONE', ( #186 ), #1794, .F. ) ;
#1858 = UNCERTAINTY_MEASURE_WITH_UNIT (LENGTH_MEASURE( 1.000000000000000082E-05 ), #1477, 'distance_accuracy_value', 'NONE');
#1859 = CARTESIAN_POINT ( 'NONE',  ( -6.750000000000976996, -154.1999999999729596, -157.7913429511000061 ) ) ;
#1860 = ADVANCED_FACE ( 'NONE', ( #1406 ), #658, .T. ) ;
#1861 = ORIENTED_EDGE ( 'NONE', *, *, #12, .F. ) ;
#1862 = ORIENTED_EDGE ( 'NONE', *, *, #1802, .F. ) ;
#1863 = DIRECTION ( 'NONE',  ( 1.526596967048189925E-16, -1.000000000000000000, 0.000000000000000000 ) ) ;
#1864 = VERTEX_POINT ( 'NONE', #1738 ) ;
#1865 = CALENDAR_DATE ( 2026, 30, 6 ) ;
#1866 = CARTESIAN_POINT ( 'NONE',  ( -13.49999999999997513, -155.5999999999999943, -144.5000000000000000 ) ) ;
#1867 = CARTESIAN_POINT ( 'NONE',  ( -17.19999999999984297, -151.5999999999999943, -144.5000000000000000 ) ) ;
#1868 = FACE_OUTER_BOUND ( 'NONE', #1967, .T. ) ;
#1869 = VERTEX_POINT ( 'NONE', #970 ) ;
#1870 = ORIENTED_EDGE ( 'NONE', *, *, #377, .T. ) ;
#1871 = CIRCLE ( 'NONE', #180, 1.599999999999990319 ) ;
#1872 = ADVANCED_FACE ( 'NONE', ( #1926 ), #1216, .F. ) ;
#1873 = DIRECTION ( 'NONE',  ( 1.526596967048189925E-16, -1.000000000000000000, 0.000000000000000000 ) ) ;
#1874 = VECTOR ( 'NONE', #1416, 1000.000000000000114 ) ;
#1875 = CARTESIAN_POINT ( 'NONE',  ( -13.49999999999997513, -155.5999999999999943, -147.5000000000270006 ) ) ;
#1876 = LOCAL_TIME ( 23, 25, 0.000000000000000000, #425 ) ;
#1877 = CYLINDRICAL_SURFACE ( 'NONE', #421, 2.250000000000001776 ) ;
#1878 = AXIS2_PLACEMENT_3D ( 'NONE', #1254, #1379, #326 ) ;
#1879 = CARTESIAN_POINT ( 'NONE',  ( 13.50000000000002487, -155.5999999999999943, -146.0999999999999659 ) ) ;
#1880 = AXIS2_PLACEMENT_3D ( 'NONE', #811, #836, #1726 ) ;
#1881 = ORIENTED_EDGE ( 'NONE', *, *, #1251, .F. ) ;
#1882 = ORIENTED_EDGE ( 'NONE', *, *, #352, .T. ) ;
#1883 = DIRECTION ( 'NONE',  ( -1.000000000000000000, 0.000000000000000000, 0.000000000000000000 ) ) ;
#1884 = AXIS2_PLACEMENT_3D ( 'NONE', #1241, #624, #939 ) ;
#1885 = EDGE_CURVE ( 'NONE', #1144, #1864, #1934, .T. ) ;
#1886 = VECTOR ( 'NONE', #261, 1000.000000000000000 ) ;
#1887 = EDGE_CURVE ( 'NONE', #829, #759, #501, .T. ) ;
#1888 = ORIENTED_EDGE ( 'NONE', *, *, #1092, .T. ) ;
#1889 = AXIS2_PLACEMENT_3D ( 'NONE', #3, #49, #1728 ) ;
#1890 = CIRCLE ( 'NONE', #1169, 1.900000000000012790 ) ;
#1891 = FACE_OUTER_BOUND ( 'NONE', #1168, .T. ) ;
#1892 = CARTESIAN_POINT ( 'NONE',  ( 1.981123745982779824E-13, -155.3000000000000114, -154.4000000000000057 ) ) ;
#1893 = CARTESIAN_POINT ( 'NONE',  ( 6.750000000000023093, -151.8999999999999773, -132.8086570488999882 ) ) ;
#1894 = CARTESIAN_POINT ( 'NONE',  ( -1.776884988894955132E-12, -171.5999999999999659, -148.0750000000009550 ) ) ;
#1895 = ORIENTED_EDGE ( 'NONE', *, *, #933, .F. ) ;
#1896 = ORIENTED_EDGE ( 'NONE', *, *, #1473, .F. ) ;
#1897 = LINE ( 'NONE', #1699, #584 ) ;
#1898 = ORIENTED_EDGE ( 'NONE', *, *, #1725, .T. ) ;
#1899 = ADVANCED_FACE ( 'NONE', ( #1146 ), #595, .F. ) ;
#1900 = VECTOR ( 'NONE', #207, 1000.000000000000000 ) ;
#1901 = VERTEX_POINT ( 'NONE', #1589 ) ;
#1902 = DIRECTION ( 'NONE',  ( 0.000000000000000000, 0.000000000000000000, -1.000000000000000000 ) ) ;
#1903 = CARTESIAN_POINT ( 'NONE',  ( 10.52220865598002320, -151.5999999999999943, -140.9749999999999943 ) ) ;
#1904 = DIRECTION ( 'NONE',  ( -1.526596967048189925E-16, 1.000000000000000000, -0.000000000000000000 ) ) ;
#1905 = CARTESIAN_POINT ( 'NONE',  ( 10.52220865598002320, -155.2999999999999545, -138.4249999999999829 ) ) ;
#1906 = AXIS2_PLACEMENT_3D ( 'NONE', #370, #1267, #533 ) ;
#1907 = ORIENTED_EDGE ( 'NONE', *, *, #1556, .F. ) ;
#1908 = EDGE_LOOP ( 'NONE', ( #234, #1604, #1467, #1907 ) ) ;
#1909 = FACE_OUTER_BOUND ( 'NONE', #1587, .T. ) ;
#1910 = ORIENTED_EDGE ( 'NONE', *, *, #882, .T. ) ;
#1911 = ORIENTED_EDGE ( 'NONE', *, *, #573, .F. ) ;
#1912 = EDGE_CURVE ( 'NONE', #1273, #2016, #360, .T. ) ;
#1913 = DIRECTION ( 'NONE',  ( 0.000000000000000000, 0.000000000000000000, 1.000000000000000000 ) ) ;
#1914 = CARTESIAN_POINT ( 'NONE',  ( 6.750000000000023093, -155.5999999999999943, -131.2086570488999939 ) ) ;
#1915 = DIRECTION ( 'NONE',  ( -0.000000000000000000, -1.000000000000000000, -0.000000000000000000 ) ) ;
#1916 = EDGE_CURVE ( 'NONE', #1119, #11, #1011, .T. ) ;
#1917 = EDGE_LOOP ( 'NONE', ( #399, #356, #739, #1933 ) ) ;
#1918 = ORIENTED_EDGE ( 'NONE', *, *, #1818, .T. ) ;
#1919 = LINE ( 'NONE', #387, #1076 ) ;
#1920 = VERTEX_POINT ( 'NONE', #1903 ) ;
#1921 = DIRECTION ( 'NONE',  ( -1.000000000000000000, -1.526596967048189925E-16, 0.000000000000000000 ) ) ;
#1922 = DIRECTION ( 'NONE',  ( 0.000000000000000000, 0.000000000000000000, -1.000000000000000000 ) ) ;
#1923 = AXIS2_PLACEMENT_3D ( 'NONE', #864, #554, #1338 ) ;
#1924 = DIRECTION ( 'NONE',  ( 0.000000000000000000, 1.000000000000000000, 0.000000000000000000 ) ) ;
#1925 = AXIS2_PLACEMENT_3D ( 'NONE', #498, #327, #949 ) ;
#1926 = FACE_OUTER_BOUND ( 'NONE', #1678, .T. ) ;
#1927 = CARTESIAN_POINT ( 'NONE',  ( -6.750000000000976996, -151.5999999999999943, -156.1913429511000118 ) ) ;
#1928 = CARTESIAN_POINT ( 'NONE',  ( 6.750000000000023093, -155.5999999999999943, -132.8086570488999882 ) ) ;
#1929 = CIRCLE ( 'NONE', #1819, 2.549999999999968736 ) ;
#1930 = ORIENTED_EDGE ( 'NONE', *, *, #1276, .T. ) ;
#1931 = EDGE_CURVE ( 'NONE', #992, #137, #914, .T. ) ;
#1932 = DIRECTION ( 'NONE',  ( 0.000000000000000000, 0.000000000000000000, -1.000000000000000000 ) ) ;
#1933 = ORIENTED_EDGE ( 'NONE', *, *, #1092, .F. ) ;
#1934 = LINE ( 'NONE', #1892, #1468 ) ;
#1935 = DIRECTION ( 'NONE',  ( -0.000000000000000000, -1.000000000000000000, -0.000000000000000000 ) ) ;
#1936 = CARTESIAN_POINT ( 'NONE',  ( -10.52220865597997523, -151.5999999999999943, -140.9749999999999943 ) ) ;
#1937 = DIRECTION ( 'NONE',  ( -0.000000000000000000, -1.000000000000000000, -0.000000000000000000 ) ) ;
#1938 = AXIS2_PLACEMENT_3D ( 'NONE', #1824, #437, #1681 ) ;
#1939 = EDGE_CURVE ( 'NONE', #707, #53, #1175, .T. ) ;
#1940 = CARTESIAN_POINT ( 'NONE',  ( -13.49999999999997513, -151.9000000000000341, -142.9000000000000057 ) ) ;
#1941 = EDGE_CURVE ( 'NONE', #757, #4, #562, .T. ) ;
#1942 = CONICAL_SURFACE ( 'NONE', #1222, 3.000000000027008618, 0.7853981633974489451 ) ;
#1943 = DATE_AND_TIME ( #1461, #185 ) ;
#1944 = CARTESIAN_POINT ( 'NONE',  ( -6.749999999999976907, -151.5999999999999943, -130.9086570489000110 ) ) ;
#1945 = DIRECTION ( 'NONE',  ( -0.000000000000000000, -1.000000000000000000, -0.000000000000000000 ) ) ;
#1946 = CARTESIAN_POINT ( 'NONE',  ( -6.750000000000976996, -151.8999999999999773, -157.7913429511000061 ) ) ;
#1947 = LINE ( 'NONE', #75, #1630 ) ;
#1948 = VERTEX_POINT ( 'NONE', #1114 ) ;
#1949 = EDGE_LOOP ( 'NONE', ( #1365, #1336 ) ) ;
#1950 = AXIS2_PLACEMENT_3D ( 'NONE', #426, #402, #1798 ) ;
#1951 = ADVANCED_FACE ( 'NONE', ( #1105 ), #679, .F. ) ;
#1952 = EDGE_CURVE ( 'NONE', #1513, #1356, #1429, .T. ) ;
#1953 = DIRECTION ( 'NONE',  ( -1.000000000000000000, 0.000000000000000000, 0.000000000000000000 ) ) ;
#1954 = DIRECTION ( 'NONE',  ( 1.000000000000000000, 0.000000000000000000, 0.000000000000000000 ) ) ;
#1955 = DIRECTION ( 'NONE',  ( -0.000000000000000000, -1.000000000000000000, -0.000000000000000000 ) ) ;
#1956 = CARTESIAN_POINT ( 'NONE',  ( 6.750000000001023182, -155.5999999999999943, -157.7913429511000061 ) ) ;
#1957 = AXIS2_PLACEMENT_3D ( 'NONE', #209, #683, #827 ) ;
#1958 = CARTESIAN_POINT ( 'NONE',  ( 1.978368290684698220E-13, -151.5999999999999943, -156.6500000000000057 ) ) ;
#1959 = ORIENTED_EDGE ( 'NONE', *, *, #1511, .F. ) ;
#1960 = ORIENTED_EDGE ( 'NONE', *, *, #1700, .F. ) ;
#1961 = DIRECTION ( 'NONE',  ( 0.000000000000000000, 0.000000000000000000, 1.000000000000000000 ) ) ;
#1962 = DIRECTION ( 'NONE',  ( 8.659560562355271822E-17, 0.7071067811865200392, -0.7071067811865751063 ) ) ;
#1963 = CARTESIAN_POINT ( 'NONE',  ( 1.981123745982779824E-13, -155.3000000000000114, -154.4000000000000057 ) ) ;
#1964 = VECTOR ( 'NONE', #224, 999.9999999999998863 ) ;
#1965 = CARTESIAN_POINT ( 'NONE',  ( -6.750000000000976996, -155.5999999999999943, -159.1913429511270124 ) ) ;
#1966 = ORIENTED_EDGE ( 'NONE', *, *, #994, .T. ) ;
#1967 = EDGE_LOOP ( 'NONE', ( #65, #1918, #194, #512 ) ) ;
#1968 = CARTESIAN_POINT ( 'NONE',  ( -10.52220865597997523, -155.5999999999999943, -140.6749999999999829 ) ) ;
#1969 = ADVANCED_FACE ( 'NONE', ( #790 ), #21, .F. ) ;
#1970 = APPROVAL_STATUS ( 'not_yet_approved' ) ;
#1971 = DIRECTION ( 'NONE',  ( 1.526596967048189925E-16, -1.000000000000000000, 0.000000000000000000 ) ) ;
#1972 = LINE ( 'NONE', #446, #1530 ) ;
#1973 = DIRECTION ( 'NONE',  ( -0.000000000000000000, -1.000000000000000000, -0.000000000000000000 ) ) ;
#1974 = CARTESIAN_POINT ( 'NONE',  ( -10.52220865597997523, -155.2999999999999545, -140.6749999999999829 ) ) ;
#1975 = ADVANCED_FACE ( 'NONE', ( #1622 ), #863, .F. ) ;
#1976 = CC_DESIGN_DATE_AND_TIME_ASSIGNMENT ( #1701, #907, ( #641 ) ) ;
#1977 = ORIENTED_EDGE ( 'NONE', *, *, #1055, .T. ) ;
#1978 = VERTEX_POINT ( 'NONE', #721 ) ;
#1979 = CARTESIAN_POINT ( 'NONE',  ( -6.749999999999976907, -154.1999999999729596, -134.4086570488999826 ) ) ;
#1980 = APPLICATION_PROTOCOL_DEFINITION ( 'international standard', 'config_control_design', 1994, #750 ) ;
#1981 = DIRECTION ( 'NONE',  ( 0.000000000000000000, 0.000000000000000000, -1.000000000000000000 ) ) ;
#1982 = CONICAL_SURFACE ( 'NONE', #1354, 2.250000000000001776, 0.7853981633974121968 ) ;
#1983 = CARTESIAN_POINT ( 'NONE',  ( -6.749999999999976907, -155.5999999999999943, -135.8086570489269889 ) ) ;
#1984 = DIRECTION ( 'NONE',  ( 0.000000000000000000, 0.000000000000000000, -1.000000000000000000 ) ) ;
#1985 = DIRECTION ( 'NONE',  ( 0.7071067811865188180, 0.7071067811865762165, 8.659560562354582801E-17 ) ) ;
#1986 = AXIS2_PLACEMENT_3D ( 'NONE', #200, #1432, #477 ) ;
#1987 = ORIENTED_EDGE ( 'NONE', *, *, #1052, .T. ) ;
#1988 = ORIENTED_EDGE ( 'NONE', *, *, #771, .T. ) ;
#1989 = CIRCLE ( 'NONE', #986, 2.549999999999996714 ) ;
#1990 = FACE_OUTER_BOUND ( 'NONE', #1781, .T. ) ;
#1991 = CARTESIAN_POINT ( 'NONE',  ( 13.50000000000002487, -155.5999999999999943, -144.5000000000000000 ) ) ;
#1992 = CARTESIAN_POINT ( 'NONE',  ( 17.50000000000017408, -151.8999999999999773, -144.5000000000000000 ) ) ;
#1993 = CYLINDRICAL_SURFACE ( 'NONE', #2017, 1.599999999999990319 ) ;
#1994 = CIRCLE ( 'NONE', #1906, 2.549999999999996714 ) ;
#1995 = ORIENTED_EDGE ( 'NONE', *, *, #1376, .F. ) ;
#1996 = ORIENTED_EDGE ( 'NONE', *, *, #274, .F. ) ;
#1997 = LINE ( 'NONE', #1221, #1483 ) ;
#1998 = EDGE_CURVE ( 'NONE', #984, #1019, #839, .T. ) ;
#1999 = AXIS2_PLACEMENT_3D ( 'NONE', #1317, #1305, #1756 ) ;
#2000 = SHAPE_DEFINITION_REPRESENTATION ( #1129, #1689 ) ;
#2001 = CARTESIAN_POINT ( 'NONE',  ( 10.52220865598002320, -155.2999999999999545, -138.4249999999999829 ) ) ;
#2002 = CARTESIAN_POINT ( 'NONE',  ( 1.978368290684698220E-13, -151.9000000000000057, -156.6500000000000057 ) ) ;
#2003 = CARTESIAN_POINT ( 'NONE',  ( 13.50000000000002487, -151.5999999999999943, -142.5999999999999659 ) ) ;
#2004 = AXIS2_PLACEMENT_3D ( 'NONE', #910, #1643, #1812 ) ;
#2005 = CIRCLE ( 'NONE', #1115, 1.599999999999990319 ) ;
#2006 = ORIENTED_EDGE ( 'NONE', *, *, #987, .F. ) ;
#2007 = EDGE_LOOP ( 'NONE', ( #951, #1009, #862, #1010 ) ) ;
#2008 = DIRECTION ( 'NONE',  ( -1.000000000000000000, 0.000000000000000000, 0.000000000000000000 ) ) ;
#2009 = EDGE_CURVE ( 'NONE', #1978, #1567, #1778, .T. ) ;
#2010 = EDGE_CURVE ( 'NONE', #1869, #1394, #1179, .T. ) ;
#2011 = CIRCLE ( 'NONE', #1259, 3.000000000027008618 ) ;
#2012 = DIRECTION ( 'NONE',  ( 0.000000000000000000, -1.000000000000000000, 0.000000000000000000 ) ) ;
#2013 = AXIS2_PLACEMENT_3D ( 'NONE', #347, #57, #1307 ) ;
#2014 = CIRCLE ( 'NONE', #122, 17.20000000000001705 ) ;
#2015 = LINE ( 'NONE', #937, #1698 ) ;
#2016 = VERTEX_POINT ( 'NONE', #542 ) ;
#2017 = AXIS2_PLACEMENT_3D ( 'NONE', #900, #1520, #1531 ) ;
#2018 = VERTEX_POINT ( 'NONE', #1640 ) ;
#2019 = DIRECTION ( 'NONE',  ( 1.526596967048189925E-16, -1.000000000000000000, 0.000000000000000000 ) ) ;
#2020 = CIRCLE ( 'NONE', #845, 2.250000000000001776 ) ;
#2021 = ADVANCED_FACE ( 'NONE', ( #435 ), #1322, .T. ) ;
ENDSEC;
END-ISO-10303-21;
