ISO-10303-21;
HEADER;
FILE_DESCRIPTION (( 'STEP AP203' ),
    '1' );
FILE_NAME ('part_yaobu_2.STEP',
    '2026-06-30T15:16:27',
    ( '' ),
    ( '' ),
    'SwSTEP 2.0',
    'SolidWorks 2025',
    '' );
FILE_SCHEMA (( 'CONFIG_CONTROL_DESIGN' ));
ENDSEC;

DATA;
#1 = ORIENTED_EDGE ( 'NONE', *, *, #1229, .F. ) ;
#2 = DIRECTION ( 'NONE',  ( -1.000000000000000000, 3.469446951953614583E-15, 1.541976423090495880E-16 ) ) ;
#3 = CARTESIAN_POINT ( 'NONE',  ( 40.00000000000004974, 9.999999999999987566, -23.35000000000001563 ) ) ;
#4 = EDGE_CURVE ( 'NONE', #1526, #349, #542, .T. ) ;
#5 = FACE_OUTER_BOUND ( 'NONE', #14, .T. ) ;
#6 = DIRECTION ( 'NONE',  ( 0.000000000000000000, 0.000000000000000000, -1.000000000000000000 ) ) ;
#7 = CARTESIAN_POINT ( 'NONE',  ( -36.00000000000019895, 50.00000000000000000, -44.99999999999998579 ) ) ;
#8 = CARTESIAN_POINT ( 'NONE',  ( -40.00000000000003553, 9.999999999999987566, 24.99999999999998579 ) ) ;
#9 = CARTESIAN_POINT ( 'NONE',  ( -40.00000000000002132, 0.9999999999999800160, -44.99999999999998579 ) ) ;
#10 = ORIENTED_EDGE ( 'NONE', *, *, #2094, .T. ) ;
#11 = ADVANCED_FACE ( 'NONE', ( #136 ), #1174, .F. ) ;
#12 = ORIENTED_EDGE ( 'NONE', *, *, #1913, .F. ) ;
#13 = LINE ( 'NONE', #1336, #838 ) ;
#14 = EDGE_LOOP ( 'NONE', ( #806, #10, #1438, #1994 ) ) ;
#15 = CARTESIAN_POINT ( 'NONE',  ( -35.00000000000001421, -1.040834085586084257E-14, -44.99999999999998579 ) ) ;
#16 = CARTESIAN_POINT ( 'NONE',  ( -36.00000000000015632, 39.99999999999998579, 23.34999999999998721 ) ) ;
#17 = CARTESIAN_POINT ( 'NONE',  ( -35.00000000000002132, 0.9999999999999974465, -44.99999999999998579 ) ) ;
#18 = CARTESIAN_POINT ( 'NONE',  ( 34.99999999999999289, -4.000000000000000000, 44.99999999999998579 ) ) ;
#19 = FACE_OUTER_BOUND ( 'NONE', #599, .T. ) ;
#20 = FACE_OUTER_BOUND ( 'NONE', #1728, .T. ) ;
#21 = DIRECTION ( 'NONE',  ( 1.000000000000000000, 3.469446951953614583E-15, -1.541976423090495880E-16 ) ) ;
#22 = ORIENTED_EDGE ( 'NONE', *, *, #1771, .F. ) ;
#23 = AXIS2_PLACEMENT_3D ( 'NONE', #1533, #504, #530 ) ;
#24 = ORIENTED_EDGE ( 'NONE', *, *, #1991, .F. ) ;
#25 = CIRCLE ( 'NONE', #2124, 1.649999999999988365 ) ;
#26 = CARTESIAN_POINT ( 'NONE',  ( -40.00000000000004974, 9.999999999999987566, -26.65000000000001279 ) ) ;
#27 = ORIENTED_EDGE ( 'NONE', *, *, #966, .F. ) ;
#28 = DIRECTION ( 'NONE',  ( 0.000000000000000000, 0.000000000000000000, -1.000000000000000000 ) ) ;
#29 = EDGE_CURVE ( 'NONE', #805, #431, #482, .T. ) ;
#30 = CARTESIAN_POINT ( 'NONE',  ( -24.99999999999998934, -4.000000000000000000, 30.00000000000000355 ) ) ;
#31 = CIRCLE ( 'NONE', #473, 1.649999999999998579 ) ;
#32 = DIRECTION ( 'NONE',  ( -0.000000000000000000, -1.000000000000000000, -0.000000000000000000 ) ) ;
#33 = LINE ( 'NONE', #1063, #1808 ) ;
#34 = AXIS2_PLACEMENT_3D ( 'NONE', #378, #929, #907 ) ;
#35 = CYLINDRICAL_SURFACE ( 'NONE', #1664, 1.649999999999998579 ) ;
#36 = CARTESIAN_POINT ( 'NONE',  ( 36.00000000000012790, 39.99999999999998579, -25.00000000000001421 ) ) ;
#37 = CARTESIAN_POINT ( 'NONE',  ( 39.99999999999997868, -1.527438034335171010E-13, -6.167905692361980955E-15 ) ) ;
#38 = ORIENTED_EDGE ( 'NONE', *, *, #1692, .T. ) ;
#39 = EDGE_LOOP ( 'NONE', ( #1016, #848, #1361, #305 ) ) ;
#40 = CARTESIAN_POINT ( 'NONE',  ( 25.00000000000001066, -4.000000000000001776, 3.469446951953614189E-15 ) ) ;
#41 = VERTEX_POINT ( 'NONE', #1481 ) ;
#42 = CARTESIAN_POINT ( 'NONE',  ( 40.00000000000015632, 39.99999999999998579, -23.35000000000001563 ) ) ;
#43 = DIRECTION ( 'NONE',  ( 0.000000000000000000, 0.000000000000000000, -1.000000000000000000 ) ) ;
#44 = EDGE_CURVE ( 'NONE', #1228, #53, #968, .T. ) ;
#45 = CARTESIAN_POINT ( 'NONE',  ( 40.00000000000009948, 24.99999999999998579, -1.650000000000013456 ) ) ;
#46 = CARTESIAN_POINT ( 'NONE',  ( 40.00000000000003553, 9.999999999999987566, 23.34999999999998721 ) ) ;
#47 = DIRECTION ( 'NONE',  ( 0.000000000000000000, 0.000000000000000000, -1.000000000000000000 ) ) ;
#48 = CARTESIAN_POINT ( 'NONE',  ( 36.00000000000000711, 0.9999999999999904521, 44.99999999999998579 ) ) ;
#49 = DIRECTION ( 'NONE',  ( -0.000000000000000000, -0.000000000000000000, -1.000000000000000000 ) ) ;
#50 = ORIENTED_EDGE ( 'NONE', *, *, #640, .F. ) ;
#51 = ORIENTED_EDGE ( 'NONE', *, *, #560, .T. ) ;
#52 = ORIENTED_EDGE ( 'NONE', *, *, #1598, .T. ) ;
#53 = VERTEX_POINT ( 'NONE', #1163 ) ;
#54 = CARTESIAN_POINT ( 'NONE',  ( 1.061040757772015493E-14, -4.000000000000000000, -28.35000000000000853 ) ) ;
#55 = ORIENTED_EDGE ( 'NONE', *, *, #1773, .F. ) ;
#56 = DIRECTION ( 'NONE',  ( 0.000000000000000000, 1.000000000000000000, 0.000000000000000000 ) ) ;
#57 = ADVANCED_FACE ( 'NONE', ( #1837 ), #2154, .F. ) ;
#58 = CYLINDRICAL_SURFACE ( 'NONE', #615, 1.649999999999998579 ) ;
#59 = CARTESIAN_POINT ( 'NONE',  ( -24.99999999999998934, -4.000000000000000000, 3.469446951953614189E-15 ) ) ;
#60 = ADVANCED_FACE ( 'NONE', ( #1011 ), #344, .F. ) ;
#61 = ORIENTED_EDGE ( 'NONE', *, *, #1542, .F. ) ;
#62 = PERSON_AND_ORGANIZATION ( #766, #921 ) ;
#63 = VECTOR ( 'NONE', #886, 1000.000000000000000 ) ;
#64 = CC_DESIGN_DATE_AND_TIME_ASSIGNMENT ( #927, #405, ( #871 ) ) ;
#65 = ORIENTED_EDGE ( 'NONE', *, *, #636, .T. ) ;
#66 = CARTESIAN_POINT ( 'NONE',  ( -40.00000000000015632, 39.99999999999998579, -26.65000000000001279 ) ) ;
#67 = CIRCLE ( 'NONE', #1286, 5.000000000000007994 ) ;
#68 = AXIS2_PLACEMENT_3D ( 'NONE', #819, #975, #282 ) ;
#69 = CARTESIAN_POINT ( 'NONE',  ( -40.00000000000002132, -4.000000000000000000, -45.00000000000000000 ) ) ;
#70 = CYLINDRICAL_SURFACE ( 'NONE', #801, 1.649999999999998579 ) ;
#71 = AXIS2_PLACEMENT_3D ( 'NONE', #1914, #586, #740 ) ;
#72 = AXIS2_PLACEMENT_3D ( 'NONE', #683, #1158, #318 ) ;
#73 = DIRECTION ( 'NONE',  ( -0.000000000000000000, -0.000000000000000000, 1.000000000000000000 ) ) ;
#74 = ADVANCED_FACE ( 'NONE', ( #158 ), #1651, .F. ) ;
#75 = ORIENTED_EDGE ( 'NONE', *, *, #690, .F. ) ;
#76 = APPROVAL_DATE_TIME ( #93, #1370 ) ;
#77 = ORIENTED_EDGE ( 'NONE', *, *, #250, .F. ) ;
#78 = DIRECTION ( 'NONE',  ( -0.000000000000000000, -1.000000000000000000, -0.000000000000000000 ) ) ;
#79 = FACE_OUTER_BOUND ( 'NONE', #987, .T. ) ;
#80 = ORIENTED_EDGE ( 'NONE', *, *, #851, .T. ) ;
#81 = ORIENTED_EDGE ( 'NONE', *, *, #1108, .T. ) ;
#82 = DIRECTION ( 'NONE',  ( 0.000000000000000000, 0.000000000000000000, -1.000000000000000000 ) ) ;
#83 = DIRECTION ( 'NONE',  ( -0.000000000000000000, -1.000000000000000000, -0.000000000000000000 ) ) ;
#84 = ORIENTED_EDGE ( 'NONE', *, *, #371, .F. ) ;
#85 = EDGE_CURVE ( 'NONE', #1388, #1647, #1689, .T. ) ;
#86 = DATE_AND_TIME ( #1401, #1579 ) ;
#87 = EDGE_LOOP ( 'NONE', ( #693, #197, #373, #1879 ) ) ;
#88 = DIRECTION ( 'NONE',  ( 0.000000000000000000, 0.000000000000000000, 1.000000000000000000 ) ) ;
#89 = CARTESIAN_POINT ( 'NONE',  ( 0.000000000000000000, -4.000000000000000000, 0.000000000000000000 ) ) ;
#90 = LINE ( 'NONE', #1076, #2100 ) ;
#91 = DIRECTION ( 'NONE',  ( 1.000000000000000000, -0.000000000000000000, 1.541976423090495880E-16 ) ) ;
#92 = ORIENTED_EDGE ( 'NONE', *, *, #460, .F. ) ;
#93 = DATE_AND_TIME ( #1578, #702 ) ;
#94 = CARTESIAN_POINT ( 'NONE',  ( -40.00000000000004974, 9.999999999999987566, -25.00000000000001421 ) ) ;
#95 = CIRCLE ( 'NONE', #1313, 1.649999999999988365 ) ;
#96 = ORIENTED_EDGE ( 'NONE', *, *, #231, .T. ) ;
#97 = ADVANCED_FACE ( 'NONE', ( #812, #1358, #492, #1343, #1816, #304 ), #692, .T. ) ;
#98 = CIRCLE ( 'NONE', #262, 1.649999999999988365 ) ;
#99 = DIRECTION ( 'NONE',  ( 0.000000000000000000, 0.000000000000000000, -1.000000000000000000 ) ) ;
#100 = CARTESIAN_POINT ( 'NONE',  ( 25.00000000000001066, -4.000000000000000000, 30.00000000000000355 ) ) ;
#101 = VECTOR ( 'NONE', #1726, 1000.000000000000000 ) ;
#102 = CARTESIAN_POINT ( 'NONE',  ( -24.99999999999998934, -4.000000000000001776, 3.469446951953614189E-15 ) ) ;
#103 = AXIS2_PLACEMENT_3D ( 'NONE', #1725, #674, #661 ) ;
#104 = AXIS2_PLACEMENT_3D ( 'NONE', #1002, #1654, #1527 ) ;
#105 = ORIENTED_EDGE ( 'NONE', *, *, #450, .T. ) ;
#106 = AXIS2_PLACEMENT_3D ( 'NONE', #1827, #1166, #1346 ) ;
#107 = VERTEX_POINT ( 'NONE', #185 ) ;
#108 = ORIENTED_EDGE ( 'NONE', *, *, #1289, .T. ) ;
#109 = CARTESIAN_POINT ( 'NONE',  ( 25.00000000000001066, -4.000000000000001776, 31.64999999999999147 ) ) ;
#110 = CYLINDRICAL_SURFACE ( 'NONE', #232, 1.649999999999988365 ) ;
#111 = CARTESIAN_POINT ( 'NONE',  ( -40.00000000000015632, 39.99999999999998579, -25.00000000000001421 ) ) ;
#112 = ORIENTED_EDGE ( 'NONE', *, *, #1172, .F. ) ;
#113 = LINE ( 'NONE', #2103, #198 ) ;
#114 = VERTEX_POINT ( 'NONE', #860 ) ;
#115 = DIRECTION ( 'NONE',  ( -4.205390244792263185E-15, 1.000000000000000000, 0.000000000000000000 ) ) ;
#116 = DIRECTION ( 'NONE',  ( 1.000000000000000000, -0.000000000000000000, 1.541976423090495880E-16 ) ) ;
#117 = CYLINDRICAL_SURFACE ( 'NONE', #974, 1.649999999999998579 ) ;
#118 = EDGE_CURVE ( 'NONE', #1799, #484, #1602, .T. ) ;
#119 = ORIENTED_EDGE ( 'NONE', *, *, #699, .T. ) ;
#120 = EDGE_LOOP ( 'NONE', ( #2056, #1563, #96, #571 ) ) ;
#121 = DIRECTION ( 'NONE',  ( -0.000000000000000000, -1.000000000000000000, -0.000000000000000000 ) ) ;
#122 = AXIS2_PLACEMENT_3D ( 'NONE', #2068, #1939, #1275 ) ;
#123 = CARTESIAN_POINT ( 'NONE',  ( 25.00000000000001066, -4.000000000000001776, 30.00000000000000355 ) ) ;
#124 = CIRCLE ( 'NONE', #2016, 1.649999999999998579 ) ;
#125 = DIRECTION ( 'NONE',  ( 0.000000000000000000, 0.000000000000000000, 1.000000000000000000 ) ) ;
#126 = AXIS2_PLACEMENT_3D ( 'NONE', #1778, #73, #2107 ) ;
#127 = VECTOR ( 'NONE', #1098, 1000.000000000000000 ) ;
#128 = EDGE_LOOP ( 'NONE', ( #1639, #1609, #296, #1133 ) ) ;
#129 = CIRCLE ( 'NONE', #1430, 1.649999999999998579 ) ;
#130 = AXIS2_PLACEMENT_3D ( 'NONE', #1184, #1329, #480 ) ;
#131 = CC_DESIGN_APPROVAL ( #1370, ( #1643 ) ) ;
#132 = ORIENTED_EDGE ( 'NONE', *, *, #1134, .T. ) ;
#133 = CARTESIAN_POINT ( 'NONE',  ( -40.00000000000002132, 0.9999999999999800160, -44.99999999999998579 ) ) ;
#134 = DIRECTION ( 'NONE',  ( 1.000000000000000000, -0.000000000000000000, 1.541976423090495880E-16 ) ) ;
#135 = DIRECTION ( 'NONE',  ( -1.000000000000000000, 0.000000000000000000, 1.541976423090495387E-16 ) ) ;
#136 = FACE_OUTER_BOUND ( 'NONE', #1316, .T. ) ;
#137 = ORIENTED_EDGE ( 'NONE', *, *, #1117, .F. ) ;
#138 = EDGE_CURVE ( 'NONE', #1386, #670, #2143, .T. ) ;
#139 = VERTEX_POINT ( 'NONE', #145 ) ;
#140 = DIRECTION ( 'NONE',  ( 3.700743415417188731E-15, -1.000000000000000000, 0.000000000000000000 ) ) ;
#141 = CARTESIAN_POINT ( 'NONE',  ( -24.99999999999998934, 0.000000000000000000, 3.469446951953614189E-15 ) ) ;
#142 = CARTESIAN_POINT ( 'NONE',  ( -40.00000000000015632, 39.99999999999998579, -25.00000000000001421 ) ) ;
#143 = PLANE ( 'NONE',  #1530 ) ;
#144 = ADVANCED_FACE ( 'NONE', ( #652 ), #876, .T. ) ;
#145 = CARTESIAN_POINT ( 'NONE',  ( -24.99999999999998934, -4.000000000000001776, 31.64999999999999147 ) ) ;
#146 = ORIENTED_EDGE ( 'NONE', *, *, #1036, .F. ) ;
#147 =( NAMED_UNIT ( * ) PLANE_ANGLE_UNIT ( ) SI_UNIT ( $, .RADIAN. ) );
#148 = EDGE_LOOP ( 'NONE', ( #22, #2126 ) ) ;
#149 = CARTESIAN_POINT ( 'NONE',  ( 40.00000000000015632, 39.99999999999998579, -25.00000000000001421 ) ) ;
#150 = CARTESIAN_POINT ( 'NONE',  ( -35.00000000000001421, -4.000000000000000000, -44.99999999999998579 ) ) ;
#151 = EDGE_CURVE ( 'NONE', #1079, #708, #1051, .T. ) ;
#152 = CYLINDRICAL_SURFACE ( 'NONE', #741, 1.649999999999998579 ) ;
#153 = FACE_BOUND ( 'NONE', #1270, .T. ) ;
#154 = AXIS2_PLACEMENT_3D ( 'NONE', #123, #983, #1130 ) ;
#155 = LINE ( 'NONE', #2128, #1116 ) ;
#156 = CC_DESIGN_DATE_AND_TIME_ASSIGNMENT ( #1729, #721, ( #1643 ) ) ;
#157 = VECTOR ( 'NONE', #1298, 1000.000000000000000 ) ;
#158 = FACE_OUTER_BOUND ( 'NONE', #1952, .T. ) ;
#159 = ORIENTED_EDGE ( 'NONE', *, *, #371, .T. ) ;
#160 = CIRCLE ( 'NONE', #1667, 1.649999999999998579 ) ;
#161 = ORIENTED_EDGE ( 'NONE', *, *, #2087, .T. ) ;
#162 = AXIS2_PLACEMENT_3D ( 'NONE', #1593, #2097, #1407 ) ;
#163 = CARTESIAN_POINT ( 'NONE',  ( 0.000000000000000000, 0.000000000000000000, 0.000000000000000000 ) ) ;
#164 = AXIS2_PLACEMENT_3D ( 'NONE', #202, #1349, #842 ) ;
#165 = ORIENTED_EDGE ( 'NONE', *, *, #356, .F. ) ;
#166 = DIRECTION ( 'NONE',  ( 1.000000000000000000, 3.469446951953614583E-15, -1.541976423090495880E-16 ) ) ;
#167 = FACE_OUTER_BOUND ( 'NONE', #120, .T. ) ;
#168 = AXIS2_PLACEMENT_3D ( 'NONE', #1000, #2157, #1217 ) ;
#169 = LINE ( 'NONE', #1504, #1152 ) ;
#170 = CARTESIAN_POINT ( 'NONE',  ( 40.00000000000009948, 24.99999999999998579, -1.464877601935970260E-14 ) ) ;
#171 = ADVANCED_FACE ( 'NONE', ( #780 ), #1716, .F. ) ;
#172 = CARTESIAN_POINT ( 'NONE',  ( -24.99999999999998934, -4.000000000000001776, -1.649999999999984812 ) ) ;
#173 = DIRECTION ( 'NONE',  ( 0.000000000000000000, 0.000000000000000000, -1.000000000000000000 ) ) ;
#174 = CARTESIAN_POINT ( 'NONE',  ( -24.99999999999998934, -4.000000000000000000, -29.99999999999999645 ) ) ;
#175 = ORIENTED_EDGE ( 'NONE', *, *, #760, .T. ) ;
#176 = ORIENTED_EDGE ( 'NONE', *, *, #767, .T. ) ;
#177 = DIRECTION ( 'NONE',  ( 1.000000000000000000, 3.469446951953614583E-15, -1.541976423090495880E-16 ) ) ;
#178 = ORIENTED_EDGE ( 'NONE', *, *, #792, .T. ) ;
#179 = DIRECTION ( 'NONE',  ( 0.000000000000000000, 0.000000000000000000, -1.000000000000000000 ) ) ;
#180 = DIRECTION ( 'NONE',  ( -3.469446951953614583E-15, -1.000000000000000000, 0.000000000000000000 ) ) ;
#181 = DIRECTION ( 'NONE',  ( 1.541976423090495880E-16, 8.758115402030106693E-47, 1.000000000000000000 ) ) ;
#182 = CARTESIAN_POINT ( 'NONE',  ( 25.00000000000001066, 0.000000000000000000, -1.649999999999984812 ) ) ;
#183 = CARTESIAN_POINT ( 'NONE',  ( -24.99999999999998934, -4.000000000000001776, 30.00000000000000355 ) ) ;
#184 = CARTESIAN_POINT ( 'NONE',  ( -40.00000000000010658, 29.99999999999998934, 44.99999999999997868 ) ) ;
#185 = CARTESIAN_POINT ( 'NONE',  ( -40.00000000000018474, 49.99999999999998579, -44.99999999999998579 ) ) ;
#186 = EDGE_LOOP ( 'NONE', ( #954, #299, #1785, #1754 ) ) ;
#187 = ADVANCED_FACE ( 'NONE', ( #947, #1227, #717, #1895, #2042, #385 ), #1078, .F. ) ;
#188 = EDGE_LOOP ( 'NONE', ( #580, #559, #1909, #808 ) ) ;
#189 = ORIENTED_EDGE ( 'NONE', *, *, #258, .T. ) ;
#190 = CARTESIAN_POINT ( 'NONE',  ( 1.040834085586084257E-14, -4.000000000000000000, -29.99999999999999645 ) ) ;
#191 = DIRECTION ( 'NONE',  ( 0.000000000000000000, 0.000000000000000000, -1.000000000000000000 ) ) ;
#192 = DIRECTION ( 'NONE',  ( 1.000000000000000000, 0.000000000000000000, 0.000000000000000000 ) ) ;
#193 = CARTESIAN_POINT ( 'NONE',  ( -40.00000000000014211, 39.99999999999998579, 26.64999999999998792 ) ) ;
#194 = CARTESIAN_POINT ( 'NONE',  ( 2.020667218593120429E-16, -4.000000000000001776, 1.649999999999989697 ) ) ;
#195 = DIRECTION ( 'NONE',  ( -4.205390244792263185E-15, -1.000000000000000000, 0.000000000000000000 ) ) ;
#196 = LINE ( 'NONE', #2055, #433 ) ;
#197 = ORIENTED_EDGE ( 'NONE', *, *, #276, .F. ) ;
#198 = VECTOR ( 'NONE', #592, 1000.000000000000000 ) ;
#199 = ORIENTED_EDGE ( 'NONE', *, *, #2083, .F. ) ;
#200 = ADVANCED_FACE ( 'NONE', ( #891, #1214, #1601, #1434, #1034, #728 ), #2114, .F. ) ;
#201 = ORIENTED_EDGE ( 'NONE', *, *, #1094, .F. ) ;
#202 = CARTESIAN_POINT ( 'NONE',  ( -24.99999999999998934, 0.000000000000000000, 30.00000000000000355 ) ) ;
#203 = LINE ( 'NONE', #854, #63 ) ;
#204 = AXIS2_PLACEMENT_3D ( 'NONE', #236, #2060, #549 ) ;
#205 = DIRECTION ( 'NONE',  ( -1.000000000000000000, 0.000000000000000000, -0.000000000000000000 ) ) ;
#206 = CARTESIAN_POINT ( 'NONE',  ( 40.00000000000003553, 9.999999999999987566, 26.64999999999998792 ) ) ;
#207 = CIRCLE ( 'NONE', #240, 1.649999999999988365 ) ;
#208 = DIRECTION ( 'NONE',  ( -4.205390244792263185E-15, -1.000000000000000000, 0.000000000000000000 ) ) ;
#209 = CARTESIAN_POINT ( 'NONE',  ( 34.99999999999999289, 0.9999999999999940048, -44.99999999999998579 ) ) ;
#210 = EDGE_LOOP ( 'NONE', ( #2133, #1599, #1475, #1931 ) ) ;
#211 = EDGE_LOOP ( 'NONE', ( #361, #980 ) ) ;
#212 = EDGE_LOOP ( 'NONE', ( #679, #1678 ) ) ;
#213 = EDGE_CURVE ( 'NONE', #746, #1287, #1112, .T. ) ;
#214 = LINE ( 'NONE', #896, #1747 ) ;
#215 = VERTEX_POINT ( 'NONE', #532 ) ;
#216 = LINE ( 'NONE', #365, #1642 ) ;
#217 = EDGE_CURVE ( 'NONE', #235, #573, #196, .T. ) ;
#218 = DIRECTION ( 'NONE',  ( -1.000000000000000000, -3.469446951953587368E-15, 0.000000000000000000 ) ) ;
#219 = FACE_OUTER_BOUND ( 'NONE', #570, .T. ) ;
#220 = DIRECTION ( 'NONE',  ( 1.000000000000000000, -0.000000000000000000, 1.541976423090495880E-16 ) ) ;
#221 = ADVANCED_FACE ( 'NONE', ( #1066 ), #1701, .F. ) ;
#222 = VERTEX_POINT ( 'NONE', #1615 ) ;
#223 = EDGE_LOOP ( 'NONE', ( #1793, #359, #494, #933 ) ) ;
#224 = CARTESIAN_POINT ( 'NONE',  ( -40.00000000000000711, -4.000000000000000000, 45.00000000000000000 ) ) ;
#225 = ORIENTED_EDGE ( 'NONE', *, *, #1111, .T. ) ;
#226 = CYLINDRICAL_SURFACE ( 'NONE', #1610, 1.649999999999988365 ) ;
#227 = CARTESIAN_POINT ( 'NONE',  ( -40.00000000000001421, -1.527438034335172019E-13, -44.99999999999998579 ) ) ;
#228 = ADVANCED_FACE ( 'NONE', ( #1384 ), #110, .F. ) ;
#229 = DIRECTION ( 'NONE',  ( -1.000000000000000000, -0.000000000000000000, 1.541976423090495880E-16 ) ) ;
#230 = LINE ( 'NONE', #368, #1525 ) ;
#231 = EDGE_CURVE ( 'NONE', #1239, #926, #230, .T. ) ;
#232 = AXIS2_PLACEMENT_3D ( 'NONE', #1727, #902, #1738 ) ;
#233 = VERTEX_POINT ( 'NONE', #771 ) ;
#234 = AXIS2_PLACEMENT_3D ( 'NONE', #1225, #540, #208 ) ;
#235 = VERTEX_POINT ( 'NONE', #1550 ) ;
#236 = CARTESIAN_POINT ( 'NONE',  ( 0.000000000000000000, 0.000000000000000000, 0.000000000000000000 ) ) ;
#237 = VECTOR ( 'NONE', #1099, 1000.000000000000000 ) ;
#238 = CIRCLE ( 'NONE', #2065, 1.649999999999998579 ) ;
#239 = DIRECTION ( 'NONE',  ( 3.469446951953614583E-15, -1.000000000000000000, 0.000000000000000000 ) ) ;
#240 = AXIS2_PLACEMENT_3D ( 'NONE', #40, #1325, #822 ) ;
#241 = LINE ( 'NONE', #924, #237 ) ;
#242 = EDGE_CURVE ( 'NONE', #622, #1971, #594, .T. ) ;
#243 = ORIENTED_EDGE ( 'NONE', *, *, #1633, .T. ) ;
#244 = ORIENTED_EDGE ( 'NONE', *, *, #1423, .T. ) ;
#245 = FACE_OUTER_BOUND ( 'NONE', #642, .T. ) ;
#246 = CARTESIAN_POINT ( 'NONE',  ( -36.00000000000015632, 39.99999999999998579, -25.00000000000001421 ) ) ;
#247 = DIRECTION ( 'NONE',  ( 0.000000000000000000, 0.000000000000000000, 1.000000000000000000 ) ) ;
#248 = VERTEX_POINT ( 'NONE', #264 ) ;
#249 = PERSON_AND_ORGANIZATION ( #766, #921 ) ;
#250 = EDGE_CURVE ( 'NONE', #1323, #509, #501, .T. ) ;
#251 = CARTESIAN_POINT ( 'NONE',  ( 40.00000000000015632, 49.99999999999998579, -6.167905692362007777E-15 ) ) ;
#252 = VERTEX_POINT ( 'NONE', #1878 ) ;
#253 = CARTESIAN_POINT ( 'NONE',  ( -35.00000000000002132, 0.9999999999999974465, 44.99999999999998579 ) ) ;
#254 = CARTESIAN_POINT ( 'NONE',  ( -40.00000000000003553, 9.999999999999987566, 24.99999999999998579 ) ) ;
#255 = EDGE_LOOP ( 'NONE', ( #710, #2093 ) ) ;
#256 = LINE ( 'NONE', #2110, #1394 ) ;
#257 = VERTEX_POINT ( 'NONE', #150 ) ;
#258 = EDGE_CURVE ( 'NONE', #1508, #926, #761, .T. ) ;
#259 = LINE ( 'NONE', #1732, #1569 ) ;
#260 = VECTOR ( 'NONE', #1645, 1000.000000000000000 ) ;
#261 = ORIENTED_EDGE ( 'NONE', *, *, #1189, .F. ) ;
#262 = AXIS2_PLACEMENT_3D ( 'NONE', #183, #1496, #689 ) ;
#263 = CARTESIAN_POINT ( 'NONE',  ( 40.00000000000004974, 9.999999999999987566, -26.65000000000001279 ) ) ;
#264 = CARTESIAN_POINT ( 'NONE',  ( -36.00000000000009948, 24.99999999999998579, 1.649999999999983480 ) ) ;
#265 = CIRCLE ( 'NONE', #469, 1.649999999999998579 ) ;
#266 = DIRECTION ( 'NONE',  ( 0.000000000000000000, 1.000000000000000000, 0.000000000000000000 ) ) ;
#267 = AXIS2_PLACEMENT_3D ( 'NONE', #830, #538, #1198 ) ;
#268 = EDGE_CURVE ( 'NONE', #776, #1583, #1303, .T. ) ;
#269 = VECTOR ( 'NONE', #1448, 1000.000000000000000 ) ;
#270 = ORIENTED_EDGE ( 'NONE', *, *, #1762, .F. ) ;
#271 =( GEOMETRIC_REPRESENTATION_CONTEXT ( 3 ) GLOBAL_UNCERTAINTY_ASSIGNED_CONTEXT ( ( #1847 ) ) GLOBAL_UNIT_ASSIGNED_CONTEXT ( ( #1860, #147, #1485 ) ) REPRESENTATION_CONTEXT ( 'NONE', 'WORKASPACE' ) );
#272 = EDGE_CURVE ( 'NONE', #573, #1260, #2141, .T. ) ;
#273 = ORIENTED_EDGE ( 'NONE', *, *, #608, .T. ) ;
#274 = CARTESIAN_POINT ( 'NONE',  ( -36.00000000000005684, 9.999999999999987566, -25.00000000000001421 ) ) ;
#275 = DIRECTION ( 'NONE',  ( 1.000000000000000000, -0.000000000000000000, 1.541976423090495880E-16 ) ) ;
#276 = EDGE_CURVE ( 'NONE', #397, #720, #956, .T. ) ;
#277 = DIRECTION ( 'NONE',  ( 0.000000000000000000, 0.000000000000000000, -1.000000000000000000 ) ) ;
#278 = ORIENTED_EDGE ( 'NONE', *, *, #258, .F. ) ;
#279 = ORIENTED_EDGE ( 'NONE', *, *, #1374, .T. ) ;
#280 = DIRECTION ( 'NONE',  ( 0.000000000000000000, 0.000000000000000000, 1.000000000000000000 ) ) ;
#281 = CARTESIAN_POINT ( 'NONE',  ( -40.00000000000017764, 49.99999999999998579, 44.99999999999998579 ) ) ;
#282 = DIRECTION ( 'NONE',  ( 0.000000000000000000, 0.000000000000000000, 1.000000000000000000 ) ) ;
#283 = EDGE_CURVE ( 'NONE', #1386, #776, #1223, .T. ) ;
#284 = VERTEX_POINT ( 'NONE', #459 ) ;
#285 = DIRECTION ( 'NONE',  ( -4.205390244792263185E-15, -1.000000000000000000, 0.000000000000000000 ) ) ;
#286 = EDGE_CURVE ( 'NONE', #1870, #1247, #1489, .T. ) ;
#287 = VERTEX_POINT ( 'NONE', #281 ) ;
#288 = CARTESIAN_POINT ( 'NONE',  ( 40.00000000000009948, 24.99999999999998579, 1.649999999999984146 ) ) ;
#289 = VECTOR ( 'NONE', #116, 1000.000000000000000 ) ;
#290 = CARTESIAN_POINT ( 'NONE',  ( -40.00000000000003553, 9.999999999999987566, 26.64999999999998792 ) ) ;
#291 = CIRCLE ( 'NONE', #1921, 1.649999999999998579 ) ;
#292 = PLANE ( 'NONE',  #1319 ) ;
#293 = VECTOR ( 'NONE', #91, 1000.000000000000000 ) ;
#294 = EDGE_CURVE ( 'NONE', #328, #1508, #1974, .T. ) ;
#295 = VECTOR ( 'NONE', #1171, 1000.000000000000000 ) ;
#296 = ORIENTED_EDGE ( 'NONE', *, *, #1277, .T. ) ;
#297 = AXIS2_PLACEMENT_3D ( 'NONE', #1327, #166, #497 ) ;
#298 = AXIS2_PLACEMENT_3D ( 'NONE', #1057, #348, #1540 ) ;
#299 = ORIENTED_EDGE ( 'NONE', *, *, #1179, .T. ) ;
#300 = ORIENTED_EDGE ( 'NONE', *, *, #1117, .T. ) ;
#301 = DIRECTION ( 'NONE',  ( 1.000000000000000000, 3.469446951953614583E-15, -1.541976423090495880E-16 ) ) ;
#302 = DIRECTION ( 'NONE',  ( 0.000000000000000000, 0.000000000000000000, 1.000000000000000000 ) ) ;
#303 = FACE_OUTER_BOUND ( 'NONE', #188, .T. ) ;
#304 = FACE_OUTER_BOUND ( 'NONE', #1387, .T. ) ;
#305 = ORIENTED_EDGE ( 'NONE', *, *, #680, .F. ) ;
#306 = EDGE_CURVE ( 'NONE', #1927, #1561, #1392, .T. ) ;
#307 = ORIENTED_EDGE ( 'NONE', *, *, #1946, .F. ) ;
#308 = CARTESIAN_POINT ( 'NONE',  ( 40.00000000000014211, 39.99999999999998579, 24.99999999999998579 ) ) ;
#309 = CARTESIAN_POINT ( 'NONE',  ( 40.00000000000014211, 39.99999999999998579, 23.34999999999998721 ) ) ;
#310 = CC_DESIGN_PERSON_AND_ORGANIZATION_ASSIGNMENT ( #2080, #1068, ( #1643 ) ) ;
#311 = CARTESIAN_POINT ( 'NONE',  ( 36.00000000000007105, 24.99999999999998579, -1.650000000000014122 ) ) ;
#312 = DIRECTION ( 'NONE',  ( -3.469446951953614583E-15, -1.000000000000000000, 0.000000000000000000 ) ) ;
#313 = DIRECTION ( 'NONE',  ( 0.000000000000000000, 0.000000000000000000, 1.000000000000000000 ) ) ;
#314 = EDGE_LOOP ( 'NONE', ( #1576, #449, #1326, #404 ) ) ;
#315 = EDGE_LOOP ( 'NONE', ( #1059, #967, #1141, #390 ) ) ;
#316 = VERTEX_POINT ( 'NONE', #817 ) ;
#317 = ADVANCED_FACE ( 'NONE', ( #1449 ), #1796, .F. ) ;
#318 = DIRECTION ( 'NONE',  ( 0.000000000000000000, 0.000000000000000000, -1.000000000000000000 ) ) ;
#319 = CARTESIAN_POINT ( 'NONE',  ( 39.99999999999998579, -1.527438034335171262E-13, 44.99999999999998579 ) ) ;
#320 = DESIGN_CONTEXT ( 'detailed design', #597, 'design' ) ;
#321 = FACE_OUTER_BOUND ( 'NONE', #2104, .T. ) ;
#322 = AXIS2_PLACEMENT_3D ( 'NONE', #2031, #520, #1806 ) ;
#323 = CARTESIAN_POINT ( 'NONE',  ( 40.00000000000014211, 39.99999999999998579, 26.64999999999998792 ) ) ;
#324 = AXIS2_PLACEMENT_3D ( 'NONE', #410, #2061, #2105 ) ;
#325 = CARTESIAN_POINT ( 'NONE',  ( 40.00000000000003553, 9.999999999999987566, 24.99999999999998579 ) ) ;
#326 = CARTESIAN_POINT ( 'NONE',  ( 36.00000000000002842, 9.999999999999987566, 23.34999999999998721 ) ) ;
#327 = AXIS2_PLACEMENT_3D ( 'NONE', #1506, #1173, #1213 ) ;
#328 = VERTEX_POINT ( 'NONE', #2121 ) ;
#329 = ORIENTED_EDGE ( 'NONE', *, *, #1589, .T. ) ;
#330 = AXIS2_PLACEMENT_3D ( 'NONE', #1988, #442, #1126 ) ;
#331 = ORIENTED_EDGE ( 'NONE', *, *, #1131, .T. ) ;
#332 = AXIS2_PLACEMENT_3D ( 'NONE', #274, #301, #2113 ) ;
#333 = CARTESIAN_POINT ( 'NONE',  ( 2.020667218593119443E-16, -4.000000000000000000, 1.649999999999989253 ) ) ;
#334 = CIRCLE ( 'NONE', #104, 1.649999999999988365 ) ;
#335 = ORIENTED_EDGE ( 'NONE', *, *, #2011, .F. ) ;
#336 = CYLINDRICAL_SURFACE ( 'NONE', #1457, 1.649999999999998579 ) ;
#337 = CARTESIAN_POINT ( 'NONE',  ( 1.040834085586084257E-14, -4.000000000000001776, -29.99999999999999645 ) ) ;
#338 = APPROVAL_PERSON_ORGANIZATION ( #249, #837, #905 ) ;
#339 = LINE ( 'NONE', #1210, #697 ) ;
#340 = DIRECTION ( 'NONE',  ( 1.000000000000000000, -0.000000000000000000, 1.541976423090495880E-16 ) ) ;
#341 = EDGE_CURVE ( 'NONE', #1388, #1067, #1641, .T. ) ;
#342 = DIRECTION ( 'NONE',  ( -0.000000000000000000, -1.000000000000000000, -0.000000000000000000 ) ) ;
#343 = FACE_OUTER_BOUND ( 'NONE', #2137, .T. ) ;
#344 = CYLINDRICAL_SURFACE ( 'NONE', #1777, 1.649999999999988365 ) ;
#345 = VERTEX_POINT ( 'NONE', #1802 ) ;
#346 = ADVANCED_FACE ( 'NONE', ( #964 ), #645, .F. ) ;
#347 = ORIENTED_EDGE ( 'NONE', *, *, #1674, .T. ) ;
#348 = DIRECTION ( 'NONE',  ( -0.000000000000000000, -1.000000000000000000, -0.000000000000000000 ) ) ;
#349 = VERTEX_POINT ( 'NONE', #1138 ) ;
#350 = CYLINDRICAL_SURFACE ( 'NONE', #1534, 1.649999999999988365 ) ;
#351 = FACE_OUTER_BOUND ( 'NONE', #1512, .T. ) ;
#352 = FACE_BOUND ( 'NONE', #1399, .T. ) ;
#353 = CARTESIAN_POINT ( 'NONE',  ( 40.00000000000014211, 39.99999999999998579, 24.99999999999998579 ) ) ;
#354 = CARTESIAN_POINT ( 'NONE',  ( 40.00000000000019185, 45.00000000000026290, 44.99999999999998579 ) ) ;
#355 = DIRECTION ( 'NONE',  ( 3.700743415417188731E-15, -1.000000000000000000, 0.000000000000000000 ) ) ;
#356 = EDGE_CURVE ( 'NONE', #1964, #1252, #435, .T. ) ;
#357 = DIRECTION ( 'NONE',  ( 1.000000000000000000, 3.469446951953614583E-15, -1.541976423090495880E-16 ) ) ;
#358 = ORIENTED_EDGE ( 'NONE', *, *, #1478, .T. ) ;
#359 = ORIENTED_EDGE ( 'NONE', *, *, #356, .T. ) ;
#360 = LINE ( 'NONE', #1015, #1190 ) ;
#361 = ORIENTED_EDGE ( 'NONE', *, *, #450, .F. ) ;
#362 = DIRECTION ( 'NONE',  ( 0.000000000000000000, 0.000000000000000000, -1.000000000000000000 ) ) ;
#363 = DIRECTION ( 'NONE',  ( 0.000000000000000000, 0.000000000000000000, 1.000000000000000000 ) ) ;
#364 = EDGE_LOOP ( 'NONE', ( #1415, #12, #1774, #61 ) ) ;
#365 = CARTESIAN_POINT ( 'NONE',  ( -40.00000000000014211, 39.99999999999998579, 26.64999999999998792 ) ) ;
#366 = DIRECTION ( 'NONE',  ( -4.205390244792263185E-15, -1.000000000000000000, 0.000000000000000000 ) ) ;
#367 = DIRECTION ( 'NONE',  ( 0.000000000000000000, 0.000000000000000000, 1.000000000000000000 ) ) ;
#368 = CARTESIAN_POINT ( 'NONE',  ( 25.00000000000001066, -4.000000000000000000, 28.35000000000001563 ) ) ;
#369 = CLOSED_SHELL ( 'NONE', ( #598, #171, #11, #434, #454, #1934, #1849, #1752, #2004, #1465, #1140, #951, #1696, #1334, #1234, #57, #1468, #568, #1269, #187, #1942, #602, #1923, #1792, #2021, #782, #898, #2044, #1301, #1350, #1160, #596, #200, #97, #74, #1809, #346, #144, #904, #317, #1056, #1145, #1155, #1619, #663, #885, #1880, #719, #1756, #1100, #832, #1989, #1410, #1199, #925, #221, #1573, #60, #991, #667, #1968, #228, #515, #827 ) ) ;
#370 = EDGE_LOOP ( 'NONE', ( #1903, #1037 ) ) ;
#371 = EDGE_CURVE ( 'NONE', #1146, #1763, #1920, .T. ) ;
#372 = CIRCLE ( 'NONE', #1604, 1.649999999999988365 ) ;
#373 = ORIENTED_EDGE ( 'NONE', *, *, #1797, .F. ) ;
#374 = DIRECTION ( 'NONE',  ( 0.000000000000000000, 1.000000000000000000, 0.000000000000000000 ) ) ;
#375 = EDGE_CURVE ( 'NONE', #1763, #1146, #95, .T. ) ;
#376 = ORIENTED_EDGE ( 'NONE', *, *, #498, .T. ) ;
#377 = AXIS2_PLACEMENT_3D ( 'NONE', #481, #1798, #2115 ) ;
#378 = CARTESIAN_POINT ( 'NONE',  ( 25.00000000000001066, -4.000000000000000000, 3.469446951953614189E-15 ) ) ;
#379 = FACE_OUTER_BOUND ( 'NONE', #1345, .T. ) ;
#380 = ORIENTED_EDGE ( 'NONE', *, *, #656, .T. ) ;
#381 = CARTESIAN_POINT ( 'NONE',  ( -40.00000000000004974, 14.99999999999998934, 44.99999999999998579 ) ) ;
#382 = DIRECTION ( 'NONE',  ( 1.000000000000000000, -0.000000000000000000, 1.541976423090495880E-16 ) ) ;
#383 = CARTESIAN_POINT ( 'NONE',  ( -24.99999999999998934, 0.000000000000000000, -29.99999999999999645 ) ) ;
#384 = FACE_OUTER_BOUND ( 'NONE', #186, .T. ) ;
#385 = FACE_BOUND ( 'NONE', #632, .T. ) ;
#386 = ORIENTED_EDGE ( 'NONE', *, *, #1976, .F. ) ;
#387 = PERSON_AND_ORGANIZATION ( #766, #921 ) ;
#388 = EDGE_LOOP ( 'NONE', ( #55, #1825, #1818, #2081 ) ) ;
#389 = FACE_BOUND ( 'NONE', #1300, .T. ) ;
#390 = ORIENTED_EDGE ( 'NONE', *, *, #138, .F. ) ;
#391 = CYLINDRICAL_SURFACE ( 'NONE', #2028, 1.649999999999998579 ) ;
#392 = DIRECTION ( 'NONE',  ( -0.000000000000000000, -0.000000000000000000, 1.000000000000000000 ) ) ;
#393 = DIRECTION ( 'NONE',  ( -1.000000000000000000, 0.000000000000000000, 0.000000000000000000 ) ) ;
#394 = DIRECTION ( 'NONE',  ( -0.000000000000000000, -1.000000000000000000, -0.000000000000000000 ) ) ;
#395 = VERTEX_POINT ( 'NONE', #290 ) ;
#396 = PERSON_AND_ORGANIZATION ( #766, #921 ) ;
#397 = VERTEX_POINT ( 'NONE', #1123 ) ;
#398 = DIRECTION ( 'NONE',  ( 1.541976423090495880E-16, 8.758115402030106693E-47, 1.000000000000000000 ) ) ;
#399 = DIRECTION ( 'NONE',  ( -0.000000000000000000, -1.000000000000000000, -0.000000000000000000 ) ) ;
#400 = EDGE_CURVE ( 'NONE', #1799, #1069, #1623, .T. ) ;
#401 = DIRECTION ( 'NONE',  ( -1.000000000000000000, 3.469446951953614583E-15, 1.541976423090495880E-16 ) ) ;
#402 = CARTESIAN_POINT ( 'NONE',  ( 40.00000000000029843, 15.00000000000026645, 44.99999999999997158 ) ) ;
#403 = VECTOR ( 'NONE', #1649, 1000.000000000000000 ) ;
#404 = ORIENTED_EDGE ( 'NONE', *, *, #1589, .F. ) ;
#405 = DATE_TIME_ROLE ( 'creation_date' ) ;
#406 = AXIS2_PLACEMENT_3D ( 'NONE', #1996, #1029, #536 ) ;
#407 = VERTEX_POINT ( 'NONE', #1821 ) ;
#408 = FACE_BOUND ( 'NONE', #1663, .T. ) ;
#409 = CIRCLE ( 'NONE', #1749, 1.649999999999998579 ) ;
#410 = CARTESIAN_POINT ( 'NONE',  ( 25.00000000000001066, 0.000000000000000000, 30.00000000000000355 ) ) ;
#411 = ORIENTED_EDGE ( 'NONE', *, *, #483, .F. ) ;
#412 = AXIS2_PLACEMENT_3D ( 'NONE', #1241, #401, #1110 ) ;
#413 = DIRECTION ( 'NONE',  ( 0.000000000000000000, 0.000000000000000000, -1.000000000000000000 ) ) ;
#414 = CIRCLE ( 'NONE', #948, 1.649999999999988365 ) ;
#415 = AXIS2_PLACEMENT_3D ( 'NONE', #489, #32, #1850 ) ;
#416 = CARTESIAN_POINT ( 'NONE',  ( 0.000000000000000000, -4.000000000000001776, -1.649999999999989919 ) ) ;
#417 = EDGE_CURVE ( 'NONE', #1054, #1287, #1662, .T. ) ;
#418 = ORIENTED_EDGE ( 'NONE', *, *, #1515, .T. ) ;
#419 = PERSON_AND_ORGANIZATION_ROLE ( 'design_owner' ) ;
#420 = VERTEX_POINT ( 'NONE', #309 ) ;
#421 = CARTESIAN_POINT ( 'NONE',  ( -40.00000000000004974, 9.999999999999987566, -26.65000000000001279 ) ) ;
#422 = DIRECTION ( 'NONE',  ( 1.541976423090495387E-16, -5.349805401075656121E-31, 1.000000000000000000 ) ) ;
#423 = EDGE_CURVE ( 'NONE', #2017, #2047, #940, .T. ) ;
#424 = ORIENTED_EDGE ( 'NONE', *, *, #523, .T. ) ;
#425 = CARTESIAN_POINT ( 'NONE',  ( 36.00000000000012790, 39.99999999999998579, -26.65000000000001279 ) ) ;
#426 = ORIENTED_EDGE ( 'NONE', *, *, #1179, .F. ) ;
#427 = FACE_OUTER_BOUND ( 'NONE', #2090, .T. ) ;
#428 = DIRECTION ( 'NONE',  ( 1.000000000000000000, 3.469446951953614583E-15, -1.541976423090495880E-16 ) ) ;
#429 = DIRECTION ( 'NONE',  ( -1.000000000000000000, -0.000000000000000000, 1.541976423090495880E-16 ) ) ;
#430 = CARTESIAN_POINT ( 'NONE',  ( 34.99999999999999289, 0.9999999999999940048, 44.99999999999998579 ) ) ;
#431 = VERTEX_POINT ( 'NONE', #1544 ) ;
#432 = EDGE_CURVE ( 'NONE', #2013, #1228, #2161, .T. ) ;
#433 = VECTOR ( 'NONE', #558, 1000.000000000000000 ) ;
#434 = ADVANCED_FACE ( 'NONE', ( #351 ), #1846, .F. ) ;
#435 = CIRCLE ( 'NONE', #1045, 1.649999999999988365 ) ;
#436 = ORIENTED_EDGE ( 'NONE', *, *, #1165, .F. ) ;
#437 = CIRCLE ( 'NONE', #730, 1.649999999999998579 ) ;
#438 = CARTESIAN_POINT ( 'NONE',  ( 36.00000000000002132, 9.999999999999987566, -25.00000000000001421 ) ) ;
#439 = CARTESIAN_POINT ( 'NONE',  ( 34.99999999999999289, 0.9999999999999940048, -44.99999999999998579 ) ) ;
#440 = VECTOR ( 'NONE', #1676, 1000.000000000000000 ) ;
#441 = CC_DESIGN_PERSON_AND_ORGANIZATION_ASSIGNMENT ( #62, #1929, ( #871 ) ) ;
#442 = DIRECTION ( 'NONE',  ( 0.000000000000000000, 0.000000000000000000, 1.000000000000000000 ) ) ;
#443 = AXIS2_PLACEMENT_3D ( 'NONE', #353, #382, #6 ) ;
#444 = CIRCLE ( 'NONE', #1673, 15.00000000000000000 ) ;
#445 = ORIENTED_EDGE ( 'NONE', *, *, #1229, .T. ) ;
#446 = VECTOR ( 'NONE', #1095, 1000.000000000000000 ) ;
#447 = LINE ( 'NONE', #610, #157 ) ;
#448 = EDGE_LOOP ( 'NONE', ( #1474, #1972, #108, #877 ) ) ;
#449 = ORIENTED_EDGE ( 'NONE', *, *, #217, .T. ) ;
#450 = EDGE_CURVE ( 'NONE', #41, #1418, #1805, .T. ) ;
#451 = CARTESIAN_POINT ( 'NONE',  ( 1.040834085586084257E-14, -4.000000000000000000, -29.99999999999999645 ) ) ;
#452 = CARTESIAN_POINT ( 'NONE',  ( 1.040834085586084257E-14, 0.000000000000000000, -29.99999999999999645 ) ) ;
#453 = FACE_BOUND ( 'NONE', #1306, .T. ) ;
#454 = ADVANCED_FACE ( 'NONE', ( #672 ), #1695, .F. ) ;
#455 = ORIENTED_EDGE ( 'NONE', *, *, #2039, .F. ) ;
#456 = ORIENTED_EDGE ( 'NONE', *, *, #934, .T. ) ;
#457 = ORIENTED_EDGE ( 'NONE', *, *, #1826, .F. ) ;
#458 = DIRECTION ( 'NONE',  ( -1.000000000000000000, 3.469446951953614583E-15, 1.541976423090495880E-16 ) ) ;
#459 = CARTESIAN_POINT ( 'NONE',  ( 1.061040757772015493E-14, 0.000000000000000000, 31.64999999999999147 ) ) ;
#460 = EDGE_CURVE ( 'NONE', #1647, #1260, #1378, .T. ) ;
#461 = CARTESIAN_POINT ( 'NONE',  ( -36.00000000000004263, 9.999999999999987566, 23.34999999999998721 ) ) ;
#462 = ORIENTED_EDGE ( 'NONE', *, *, #625, .F. ) ;
#463 = ORIENTED_EDGE ( 'NONE', *, *, #1085, .F. ) ;
#464 = DIRECTION ( 'NONE',  ( -0.000000000000000000, -1.000000000000000000, -0.000000000000000000 ) ) ;
#465 = AXIS2_PLACEMENT_3D ( 'NONE', #472, #506, #1154 ) ;
#466 = DIRECTION ( 'NONE',  ( 0.000000000000000000, 1.000000000000000000, 0.000000000000000000 ) ) ;
#467 = VECTOR ( 'NONE', #180, 1000.000000000000000 ) ;
#468 = DIRECTION ( 'NONE',  ( 1.000000000000000000, 0.000000000000000000, 0.000000000000000000 ) ) ;
#469 = AXIS2_PLACEMENT_3D ( 'NONE', #254, #576, #247 ) ;
#470 = AXIS2_PLACEMENT_3D ( 'NONE', #900, #2106, #1748 ) ;
#471 = EDGE_CURVE ( 'NONE', #509, #1323, #124, .T. ) ;
#472 = CARTESIAN_POINT ( 'NONE',  ( 1.040834085586084257E-14, -4.000000000000001776, 30.00000000000000355 ) ) ;
#473 = AXIS2_PLACEMENT_3D ( 'NONE', #308, #2035, #824 ) ;
#474 = CIRCLE ( 'NONE', #1717, 1.649999999999989253 ) ;
#475 = ORIENTED_EDGE ( 'NONE', *, *, #1547, .F. ) ;
#476 = CC_DESIGN_SECURITY_CLASSIFICATION ( #1643, ( #1852 ) ) ;
#477 = ORIENTED_EDGE ( 'NONE', *, *, #1094, .T. ) ;
#478 = DIRECTION ( 'NONE',  ( -3.469446951953614583E-15, -1.000000000000000000, -0.000000000000000000 ) ) ;
#479 = DIRECTION ( 'NONE',  ( 0.000000000000000000, 1.000000000000000000, 0.000000000000000000 ) ) ;
#480 = DIRECTION ( 'NONE',  ( 0.000000000000000000, -0.000000000000000000, 1.000000000000000000 ) ) ;
#481 = CARTESIAN_POINT ( 'NONE',  ( 40.00000000000016342, 49.99999999999998579, 44.99999999999998579 ) ) ;
#482 = LINE ( 'NONE', #9, #686 ) ;
#483 = EDGE_CURVE ( 'NONE', #233, #1025, #203, .T. ) ;
#484 = VERTEX_POINT ( 'NONE', #1018 ) ;
#485 = CARTESIAN_POINT ( 'NONE',  ( 0.000000000000000000, 0.000000000000000000, 0.000000000000000000 ) ) ;
#486 = ORIENTED_EDGE ( 'NONE', *, *, #1703, .F. ) ;
#487 = CARTESIAN_POINT ( 'NONE',  ( -40.00000000000014211, 39.99999999999998579, 24.99999999999998579 ) ) ;
#488 = DIRECTION ( 'NONE',  ( -0.000000000000000000, -1.000000000000000000, -0.000000000000000000 ) ) ;
#489 = CARTESIAN_POINT ( 'NONE',  ( 1.040834085586084257E-14, -4.000000000000000000, 30.00000000000000355 ) ) ;
#490 = CYLINDRICAL_SURFACE ( 'NONE', #1982, 1.649999999999998579 ) ;
#491 = CARTESIAN_POINT ( 'NONE',  ( -36.00000000000002842, 0.9999999999999940048, -44.99999999999998579 ) ) ;
#492 = FACE_BOUND ( 'NONE', #1702, .T. ) ;
#493 = ORIENTED_EDGE ( 'NONE', *, *, #529, .F. ) ;
#494 = ORIENTED_EDGE ( 'NONE', *, *, #1242, .T. ) ;
#495 = CARTESIAN_POINT ( 'NONE',  ( -36.00000000000012790, 30.00000000000000355, 44.99999999999997868 ) ) ;
#496 = ORIENTED_EDGE ( 'NONE', *, *, #400, .T. ) ;
#497 = DIRECTION ( 'NONE',  ( -4.205390244792263185E-15, 1.000000000000000000, 0.000000000000000000 ) ) ;
#498 = EDGE_CURVE ( 'NONE', #1437, #788, #1484, .T. ) ;
#499 = DIRECTION ( 'NONE',  ( 0.000000000000000000, 0.000000000000000000, 1.000000000000000000 ) ) ;
#500 = FACE_BOUND ( 'NONE', #211, .T. ) ;
#501 = CIRCLE ( 'NONE', #825, 1.649999999999998579 ) ;
#502 = LINE ( 'NONE', #845, #295 ) ;
#503 = VECTOR ( 'NONE', #1863, 1000.000000000000000 ) ;
#504 = DIRECTION ( 'NONE',  ( -0.000000000000000000, -1.000000000000000000, -0.000000000000000000 ) ) ;
#505 = FACE_OUTER_BOUND ( 'NONE', #1704, .T. ) ;
#506 = DIRECTION ( 'NONE',  ( -0.000000000000000000, -1.000000000000000000, -0.000000000000000000 ) ) ;
#507 = EDGE_LOOP ( 'NONE', ( #752, #839 ) ) ;
#508 = CIRCLE ( 'NONE', #470, 1.649999999999998579 ) ;
#509 = VERTEX_POINT ( 'NONE', #16 ) ;
#510 = AXIS2_PLACEMENT_3D ( 'NONE', #1195, #853, #362 ) ;
#511 = VECTOR ( 'NONE', #1516, 1000.000000000000000 ) ;
#512 = ORIENTED_EDGE ( 'NONE', *, *, #1075, .T. ) ;
#513 = DIRECTION ( 'NONE',  ( -4.205390244792263185E-15, -1.000000000000000000, 0.000000000000000000 ) ) ;
#514 = CARTESIAN_POINT ( 'NONE',  ( -36.00000000000015632, 39.99999999999998579, -26.65000000000001279 ) ) ;
#515 = ADVANCED_FACE ( 'NONE', ( #167 ), #1364, .F. ) ;
#516 = LINE ( 'NONE', #1656, #804 ) ;
#517 = CYLINDRICAL_SURFACE ( 'NONE', #267, 5.000000000000011546 ) ;
#518 = DIRECTION ( 'NONE',  ( -1.000000000000000000, -0.000000000000000000, 1.541976423090495880E-16 ) ) ;
#519 = DIRECTION ( 'NONE',  ( -0.000000000000000000, -0.000000000000000000, -1.000000000000000000 ) ) ;
#520 = DIRECTION ( 'NONE',  ( 0.000000000000000000, 1.000000000000000000, 0.000000000000000000 ) ) ;
#521 = ORIENTED_EDGE ( 'NONE', *, *, #341, .T. ) ;
#522 = VERTEX_POINT ( 'NONE', #526 ) ;
#523 = EDGE_CURVE ( 'NONE', #1964, #114, #1514, .T. ) ;
#524 = ORIENTED_EDGE ( 'NONE', *, *, #1454, .T. ) ;
#525 = CARTESIAN_POINT ( 'NONE',  ( 25.00000000000001066, -4.000000000000000000, -31.64999999999998437 ) ) ;
#526 = CARTESIAN_POINT ( 'NONE',  ( -40.00000000000014211, 39.99999999999998579, 23.34999999999998721 ) ) ;
#527 = DIRECTION ( 'NONE',  ( 0.000000000000000000, 0.000000000000000000, -1.000000000000000000 ) ) ;
#528 = CARTESIAN_POINT ( 'NONE',  ( 36.00000000000012790, 39.99999999999998579, 24.99999999999998579 ) ) ;
#529 = EDGE_CURVE ( 'NONE', #397, #708, #2024, .T. ) ;
#530 = DIRECTION ( 'NONE',  ( 0.000000000000000000, 0.000000000000000000, -1.000000000000000000 ) ) ;
#531 = DIRECTION ( 'NONE',  ( 1.000000000000000000, 0.000000000000000000, -0.000000000000000000 ) ) ;
#532 = CARTESIAN_POINT ( 'NONE',  ( 40.00000000000003553, 9.999999999999987566, 23.34999999999998721 ) ) ;
#533 = EDGE_LOOP ( 'NONE', ( #783, #165 ) ) ;
#534 = EDGE_LOOP ( 'NONE', ( #552, #1963, #1539, #445 ) ) ;
#535 = EDGE_LOOP ( 'NONE', ( #1746, #682, #1344, #1745 ) ) ;
#536 = DIRECTION ( 'NONE',  ( -4.205390244792263185E-15, -1.000000000000000000, 0.000000000000000000 ) ) ;
#537 = DIRECTION ( 'NONE',  ( 0.000000000000000000, 0.000000000000000000, -1.000000000000000000 ) ) ;
#538 = DIRECTION ( 'NONE',  ( -0.000000000000000000, -0.000000000000000000, 1.000000000000000000 ) ) ;
#539 = CARTESIAN_POINT ( 'NONE',  ( 25.00000000000001066, -4.000000000000000000, -29.99999999999999645 ) ) ;
#540 = DIRECTION ( 'NONE',  ( -1.000000000000000000, 3.469446951953614583E-15, 1.541976423090495880E-16 ) ) ;
#541 = CARTESIAN_POINT ( 'NONE',  ( 40.00000000000015632, 39.99999999999998579, -26.65000000000001279 ) ) ;
#542 = CIRCLE ( 'NONE', #1142, 1.649999999999998579 ) ;
#543 = ORIENTED_EDGE ( 'NONE', *, *, #1070, .F. ) ;
#544 = VECTOR ( 'NONE', #1169, 1000.000000000000000 ) ;
#545 = ORIENTED_EDGE ( 'NONE', *, *, #745, .T. ) ;
#546 = CIRCLE ( 'NONE', #1147, 1.649999999999998579 ) ;
#547 = ORIENTED_EDGE ( 'NONE', *, *, #272, .F. ) ;
#548 = VECTOR ( 'NONE', #687, 1000.000000000000000 ) ;
#549 = DIRECTION ( 'NONE',  ( 0.000000000000000000, -0.000000000000000000, 1.000000000000000000 ) ) ;
#550 = EDGE_CURVE ( 'NONE', #1027, #287, #1220, .T. ) ;
#551 = VECTOR ( 'NONE', #1862, 1000.000000000000000 ) ;
#552 = ORIENTED_EDGE ( 'NONE', *, *, #1542, .T. ) ;
#553 = CARTESIAN_POINT ( 'NONE',  ( -40.00000000000000000, -1.527438034335171515E-13, 44.99999999999998579 ) ) ;
#554 = VERTEX_POINT ( 'NONE', #514 ) ;
#555 = FACE_OUTER_BOUND ( 'NONE', #1194, .T. ) ;
#556 = CIRCLE ( 'NONE', #1896, 1.000000000000007772 ) ;
#557 = CARTESIAN_POINT ( 'NONE',  ( -40.00000000000004974, 9.999999999999987566, -23.35000000000001563 ) ) ;
#558 = DIRECTION ( 'NONE',  ( -6.938893903907173946E-15, -1.000000000000000000, 0.000000000000000000 ) ) ;
#559 = ORIENTED_EDGE ( 'NONE', *, *, #1734, .T. ) ;
#560 = EDGE_CURVE ( 'NONE', #2118, #1561, #1196, .T. ) ;
#561 = CALENDAR_DATE ( 2026, 30, 6 ) ;
#562 = VERTEX_POINT ( 'NONE', #1004 ) ;
#563 = LINE ( 'NONE', #1564, #2025 ) ;
#564 = CARTESIAN_POINT ( 'NONE',  ( 36.00000000000000711, 0.9999999999999904521, -44.99999999999998579 ) ) ;
#565 = CARTESIAN_POINT ( 'NONE',  ( 40.00000000000015632, 39.99999999999998579, -25.00000000000001421 ) ) ;
#566 = ORIENTED_EDGE ( 'NONE', *, *, #1427, .T. ) ;
#567 = FACE_OUTER_BOUND ( 'NONE', #1781, .T. ) ;
#568 = ADVANCED_FACE ( 'NONE', ( #379 ), #1060, .F. ) ;
#569 = FACE_OUTER_BOUND ( 'NONE', #1467, .T. ) ;
#570 = EDGE_LOOP ( 'NONE', ( #2111, #119, #512, #1072 ) ) ;
#571 = ORIENTED_EDGE ( 'NONE', *, *, #2054, .T. ) ;
#572 = DIRECTION ( 'NONE',  ( -1.000000000000000000, -0.000000000000000000, 1.541976423090495880E-16 ) ) ;
#573 = VERTEX_POINT ( 'NONE', #1683 ) ;
#574 = EDGE_CURVE ( 'NONE', #1437, #1205, #214, .T. ) ;
#575 = CARTESIAN_POINT ( 'NONE',  ( -35.00000000000001421, 0.000000000000000000, 45.00000000000000000 ) ) ;
#576 = DIRECTION ( 'NONE',  ( -1.000000000000000000, -0.000000000000000000, 1.541976423090495880E-16 ) ) ;
#577 = ORIENTED_EDGE ( 'NONE', *, *, #2108, .F. ) ;
#578 = PERSON_AND_ORGANIZATION_ROLE ( 'design_supplier' ) ;
#579 = AXIS2_PLACEMENT_3D ( 'NONE', #1212, #662, #1867 ) ;
#580 = ORIENTED_EDGE ( 'NONE', *, *, #745, .F. ) ;
#581 = CYLINDRICAL_SURFACE ( 'NONE', #34, 1.649999999999988365 ) ;
#582 = CIRCLE ( 'NONE', #126, 5.000000000000007994 ) ;
#583 = ORIENTED_EDGE ( 'NONE', *, *, #1834, .T. ) ;
#584 = AXIS2_PLACEMENT_3D ( 'NONE', #637, #985, #1320 ) ;
#585 = EDGE_LOOP ( 'NONE', ( #486, #2079 ) ) ;
#586 = DIRECTION ( 'NONE',  ( -1.000000000000000000, -0.000000000000000000, 1.541976423090495880E-16 ) ) ;
#587 = AXIS2_PLACEMENT_3D ( 'NONE', #438, #458, #2140 ) ;
#588 = VECTOR ( 'NONE', #899, 1000.000000000000000 ) ;
#589 = DIRECTION ( 'NONE',  ( -0.000000000000000000, -1.000000000000000000, -0.000000000000000000 ) ) ;
#590 = VERTEX_POINT ( 'NONE', #843 ) ;
#591 = PERSON_AND_ORGANIZATION ( #766, #921 ) ;
#592 = DIRECTION ( 'NONE',  ( -1.000000000000000000, -0.000000000000000000, 1.541976423090495880E-16 ) ) ;
#593 = CARTESIAN_POINT ( 'NONE',  ( -24.99999999999998934, 0.000000000000000000, -31.64999999999998437 ) ) ;
#594 = LINE ( 'NONE', #1441, #1451 ) ;
#595 = PLANE ( 'NONE',  #1118 ) ;
#596 = ADVANCED_FACE ( 'NONE', ( #1503 ), #1103, .F. ) ;
#597 = APPLICATION_CONTEXT ( 'configuration controlled 3d designs of mechanical parts and assemblies' ) ;
#598 = ADVANCED_FACE ( 'NONE', ( #79 ), #1592, .F. ) ;
#599 = EDGE_LOOP ( 'NONE', ( #1693, #300, #243, #1445 ) ) ;
#600 = CARTESIAN_POINT ( 'NONE',  ( 36.00000000000012790, 39.99999999999998579, -25.00000000000001421 ) ) ;
#601 = ORIENTED_EDGE ( 'NONE', *, *, #1131, .F. ) ;
#602 = ADVANCED_FACE ( 'NONE', ( #427 ), #1254, .F. ) ;
#603 = ORIENTED_EDGE ( 'NONE', *, *, #1509, .F. ) ;
#604 = DIRECTION ( 'NONE',  ( 0.000000000000000000, 0.000000000000000000, -1.000000000000000000 ) ) ;
#605 = CARTESIAN_POINT ( 'NONE',  ( 40.00000000000017053, 49.99999999999998579, 44.99999999999998579 ) ) ;
#606 = DIRECTION ( 'NONE',  ( -1.000000000000000000, -0.000000000000000000, 1.541976423090495880E-16 ) ) ;
#607 = ORIENTED_EDGE ( 'NONE', *, *, #995, .F. ) ;
#608 = EDGE_CURVE ( 'NONE', #1239, #328, #1452, .T. ) ;
#609 = AXIS2_PLACEMENT_3D ( 'NONE', #209, #49, #1907 ) ;
#610 = CARTESIAN_POINT ( 'NONE',  ( 40.00000000000009948, 24.99999999999998579, 1.649999999999983924 ) ) ;
#611 = ORIENTED_EDGE ( 'NONE', *, *, #2071, .F. ) ;
#612 = CIRCLE ( 'NONE', #942, 1.649999999999998579 ) ;
#613 = LINE ( 'NONE', #1458, #1144 ) ;
#614 = ORIENTED_EDGE ( 'NONE', *, *, #1625, .T. ) ;
#615 = AXIS2_PLACEMENT_3D ( 'NONE', #726, #1395, #846 ) ;
#616 = DIRECTION ( 'NONE',  ( 0.000000000000000000, 0.000000000000000000, 1.000000000000000000 ) ) ;
#617 = DIRECTION ( 'NONE',  ( 1.000000000000000000, 0.000000000000000000, -0.000000000000000000 ) ) ;
#618 = CARTESIAN_POINT ( 'NONE',  ( 34.99999999999999289, 0.9999999999999940048, -44.99999999999998579 ) ) ;
#619 = EDGE_CURVE ( 'NONE', #248, #1191, #688, .T. ) ;
#620 = VECTOR ( 'NONE', #1253, 1000.000000000000000 ) ;
#621 = AXIS2_PLACEMENT_3D ( 'NONE', #94, #572, #88 ) ;
#622 = VERTEX_POINT ( 'NONE', #2075 ) ;
#623 = VECTOR ( 'NONE', #1391, 1000.000000000000000 ) ;
#624 = ORIENTED_EDGE ( 'NONE', *, *, #656, .F. ) ;
#625 = EDGE_CURVE ( 'NONE', #349, #969, #259, .T. ) ;
#626 = EDGE_LOOP ( 'NONE', ( #1841, #1285 ) ) ;
#627 = CARTESIAN_POINT ( 'NONE',  ( -24.99999999999998934, -4.000000000000001776, -29.99999999999999645 ) ) ;
#628 = CARTESIAN_POINT ( 'NONE',  ( 40.00000000000014211, 39.99999999999998579, 26.64999999999998792 ) ) ;
#629 = DIRECTION ( 'NONE',  ( -1.000000000000000000, 3.469446951953614583E-15, 1.541976423090495880E-16 ) ) ;
#630 = CC_DESIGN_PERSON_AND_ORGANIZATION_ASSIGNMENT ( #1271, #419, ( #1943 ) ) ;
#631 = ORIENTED_EDGE ( 'NONE', *, *, #1905, .T. ) ;
#632 = EDGE_LOOP ( 'NONE', ( #1280, #1507 ) ) ;
#633 = VERTEX_POINT ( 'NONE', #564 ) ;
#634 = CARTESIAN_POINT ( 'NONE',  ( -40.00000000000004974, 9.999999999999987566, -25.00000000000001421 ) ) ;
#635 = DIRECTION ( 'NONE',  ( -1.541976423090495387E-16, 5.349805401075656121E-31, -1.000000000000000000 ) ) ;
#636 = EDGE_CURVE ( 'NONE', #1205, #215, #291, .T. ) ;
#637 = CARTESIAN_POINT ( 'NONE',  ( 34.99999999999999289, 0.9999999999999940048, -44.99999999999998579 ) ) ;
#638 = APPLICATION_CONTEXT ( 'configuration controlled 3d designs of mechanical parts and assemblies' ) ;
#639 = VERTEX_POINT ( 'NONE', #1686 ) ;
#640 = EDGE_CURVE ( 'NONE', #139, #562, #98, .T. ) ;
#641 = VERTEX_POINT ( 'NONE', #194 ) ;
#642 = EDGE_LOOP ( 'NONE', ( #225, #424, #161, #2112 ) ) ;
#643 = DIRECTION ( 'NONE',  ( 1.000000000000000000, -0.000000000000000000, 1.541976423090495880E-16 ) ) ;
#644 = VECTOR ( 'NONE', #1159, 1000.000000000000000 ) ;
#645 = PLANE ( 'NONE',  #1632 ) ;
#646 = VECTOR ( 'NONE', #1722, 1000.000000000000000 ) ;
#647 = PLANE ( 'NONE',  #130 ) ;
#648 = FACE_OUTER_BOUND ( 'NONE', #1157, .T. ) ;
#649 = EDGE_CURVE ( 'NONE', #215, #1205, #612, .T. ) ;
#650 = VECTOR ( 'NONE', #742, 1000.000000000000000 ) ;
#651 = CIRCLE ( 'NONE', #1119, 1.649999999999998579 ) ;
#652 = FACE_OUTER_BOUND ( 'NONE', #971, .T. ) ;
#653 = AXIS2_PLACEMENT_3D ( 'NONE', #1629, #121, #1973 ) ;
#654 = VERTEX_POINT ( 'NONE', #858 ) ;
#655 = DIRECTION ( 'NONE',  ( 0.000000000000000000, 0.000000000000000000, -1.000000000000000000 ) ) ;
#656 = EDGE_CURVE ( 'NONE', #316, #1324, #1518, .T. ) ;
#657 = EDGE_LOOP ( 'NONE', ( #1466, #928 ) ) ;
#658 = DIRECTION ( 'NONE',  ( -4.205390244792263185E-15, -1.000000000000000000, 0.000000000000000000 ) ) ;
#659 = DIRECTION ( 'NONE',  ( -6.938893903907173946E-15, -1.000000000000000000, 0.000000000000000000 ) ) ;
#660 = FACE_BOUND ( 'NONE', #1733, .T. ) ;
#661 = DIRECTION ( 'NONE',  ( 0.000000000000000000, 0.000000000000000000, 1.000000000000000000 ) ) ;
#662 = DIRECTION ( 'NONE',  ( -1.000000000000000000, 3.469446951953614583E-15, 1.541976423090495880E-16 ) ) ;
#663 = ADVANCED_FACE ( 'NONE', ( #2040 ), #1675, .F. ) ;
#664 = CARTESIAN_POINT ( 'NONE',  ( -40.00000000000000711, -4.000000000000000000, 45.00000000000000000 ) ) ;
#665 = DIRECTION ( 'NONE',  ( -4.205390244792263185E-15, 1.000000000000000000, 0.000000000000000000 ) ) ;
#666 = EDGE_LOOP ( 'NONE', ( #2069, #999, #1272, #813 ) ) ;
#667 = ADVANCED_FACE ( 'NONE', ( #19 ), #1892, .F. ) ;
#668 = ORIENTED_EDGE ( 'NONE', *, *, #1768, .T. ) ;
#669 = CARTESIAN_POINT ( 'NONE',  ( -35.00000000000002132, 0.9999999999999974465, 44.99999999999998579 ) ) ;
#670 = VERTEX_POINT ( 'NONE', #172 ) ;
#671 = CARTESIAN_POINT ( 'NONE',  ( -40.00000000000018474, 49.99999999999998579, 6.167905692362012510E-15 ) ) ;
#672 = FACE_OUTER_BOUND ( 'NONE', #1621, .T. ) ;
#673 = DIRECTION ( 'NONE',  ( -1.000000000000000000, 0.000000000000000000, 1.541976423090495387E-16 ) ) ;
#674 = DIRECTION ( 'NONE',  ( -1.000000000000000000, -0.000000000000000000, 1.541976423090495880E-16 ) ) ;
#675 = DIRECTION ( 'NONE',  ( 0.000000000000000000, 0.000000000000000000, -1.000000000000000000 ) ) ;
#676 = CARTESIAN_POINT ( 'NONE',  ( 25.00000000000001066, -4.000000000000001776, 28.35000000000001563 ) ) ;
#677 = DIRECTION ( 'NONE',  ( -1.000000000000000000, -0.000000000000000000, 1.541976423090495880E-16 ) ) ;
#678 = EDGE_LOOP ( 'NONE', ( #1156, #734 ) ) ;
#679 = ORIENTED_EDGE ( 'NONE', *, *, #1443, .F. ) ;
#680 = EDGE_CURVE ( 'NONE', #1839, #395, #1022, .T. ) ;
#681 = CARTESIAN_POINT ( 'NONE',  ( 36.00000000000002132, 9.999999999999987566, -23.35000000000001563 ) ) ;
#682 = ORIENTED_EDGE ( 'NONE', *, *, #423, .T. ) ;
#683 = CARTESIAN_POINT ( 'NONE',  ( 40.00000000000015632, 39.99999999999998579, -25.00000000000001421 ) ) ;
#684 = CARTESIAN_POINT ( 'NONE',  ( 34.99999999999999289, -1.387778780781445676E-14, 44.99999999999998579 ) ) ;
#685 = DIRECTION ( 'NONE',  ( 1.541976423090498592E-16, 7.709882115452480632E-17, 1.000000000000000000 ) ) ;
#686 = VECTOR ( 'NONE', #1520, 1000.000000000000000 ) ;
#687 = DIRECTION ( 'NONE',  ( -0.000000000000000000, -1.000000000000000000, -0.000000000000000000 ) ) ;
#688 = CIRCLE ( 'NONE', #1779, 1.649999999999998579 ) ;
#689 = DIRECTION ( 'NONE',  ( 0.000000000000000000, 0.000000000000000000, -1.000000000000000000 ) ) ;
#690 = EDGE_CURVE ( 'NONE', #1203, #114, #970, .T. ) ;
#691 = DIRECTION ( 'NONE',  ( -1.000000000000000000, 3.469446951953614583E-15, 1.541976423090495880E-16 ) ) ;
#692 = PLANE ( 'NONE',  #1347 ) ;
#693 = ORIENTED_EDGE ( 'NONE', *, *, #1946, .T. ) ;
#694 = AXIS2_PLACEMENT_3D ( 'NONE', #758, #2064, #1416 ) ;
#695 = VERTEX_POINT ( 'NONE', #1048 ) ;
#696 = CIRCLE ( 'NONE', #164, 1.649999999999988365 ) ;
#697 = VECTOR ( 'NONE', #685, 1000.000000000000000 ) ;
#698 = ORIENTED_EDGE ( 'NONE', *, *, #1721, .F. ) ;
#699 = EDGE_CURVE ( 'NONE', #1469, #1958, #1528, .T. ) ;
#700 = DIRECTION ( 'NONE',  ( 1.000000000000000000, -0.000000000000000000, 1.541976423090495880E-16 ) ) ;
#701 = CARTESIAN_POINT ( 'NONE',  ( -36.00000000000015632, 39.99999999999998579, 24.99999999999998579 ) ) ;
#702 = LOCAL_TIME ( 23, 16, 27.00000000000000000, #918 ) ;
#703 = CYLINDRICAL_SURFACE ( 'NONE', #2162, 1.649999999999988365 ) ;
#704 = CARTESIAN_POINT ( 'NONE',  ( 25.00000000000001066, -4.000000000000001776, -1.649999999999984812 ) ) ;
#705 = CARTESIAN_POINT ( 'NONE',  ( -40.00000000000004974, 9.999999999999987566, -25.00000000000001421 ) ) ;
#706 = CARTESIAN_POINT ( 'NONE',  ( 40.00000000000014921, 49.99999999999998579, -44.99999999999998579 ) ) ;
#707 = DIRECTION ( 'NONE',  ( -4.205390244792263185E-15, 1.000000000000000000, 0.000000000000000000 ) ) ;
#708 = VERTEX_POINT ( 'NONE', #354 ) ;
#709 = ORIENTED_EDGE ( 'NONE', *, *, #957, .T. ) ;
#710 = ORIENTED_EDGE ( 'NONE', *, *, #1446, .F. ) ;
#711 = CARTESIAN_POINT ( 'NONE',  ( 36.00000000000007105, 24.99999999999998579, -1.526556658859590243E-14 ) ) ;
#712 = DIRECTION ( 'NONE',  ( -0.000000000000000000, -1.000000000000000000, -0.000000000000000000 ) ) ;
#713 = LINE ( 'NONE', #54, #623 ) ;
#714 = DIRECTION ( 'NONE',  ( 1.000000000000000000, -0.000000000000000000, 1.541976423090495880E-16 ) ) ;
#715 = EDGE_CURVE ( 'NONE', #1115, #1422, #372, .T. ) ;
#716 = LINE ( 'NONE', #1065, #1711 ) ;
#717 = FACE_BOUND ( 'NONE', #148, .T. ) ;
#718 = ORIENTED_EDGE ( 'NONE', *, *, #1310, .T. ) ;
#719 = ADVANCED_FACE ( 'NONE', ( #1032 ), #35, .F. ) ;
#720 = VERTEX_POINT ( 'NONE', #787 ) ;
#721 = DATE_TIME_ROLE ( 'classification_date' ) ;
#722 = ORIENTED_EDGE ( 'NONE', *, *, #2011, .T. ) ;
#723 = DIRECTION ( 'NONE',  ( 1.000000000000000000, -0.000000000000000000, 1.541976423090495880E-16 ) ) ;
#724 = FACE_OUTER_BOUND ( 'NONE', #836, .T. ) ;
#725 = AXIS2_PLACEMENT_3D ( 'NONE', #1188, #677, #313 ) ;
#726 = CARTESIAN_POINT ( 'NONE',  ( 40.00000000000009948, 24.99999999999998579, -1.464877601935970260E-14 ) ) ;
#727 = EDGE_CURVE ( 'NONE', #861, #345, #613, .T. ) ;
#728 = FACE_OUTER_BOUND ( 'NONE', #897, .T. ) ;
#729 = VECTOR ( 'NONE', #1558, 1000.000000000000000 ) ;
#730 = AXIS2_PLACEMENT_3D ( 'NONE', #600, #1279, #285 ) ;
#731 = ORIENTED_EDGE ( 'NONE', *, *, #1817, .F. ) ;
#732 = CIRCLE ( 'NONE', #1951, 1.649999999999988365 ) ;
#733 = COORDINATED_UNIVERSAL_TIME_OFFSET ( 8, 0, .AHEAD. ) ;
#734 = ORIENTED_EDGE ( 'NONE', *, *, #423, .F. ) ;
#735 = CIRCLE ( 'NONE', #162, 1.649999999999998579 ) ;
#736 = FACE_BOUND ( 'NONE', #1626, .T. ) ;
#737 = DIRECTION ( 'NONE',  ( 1.000000000000000000, 0.000000000000000000, -1.541976423090495387E-16 ) ) ;
#738 = AXIS2_PLACEMENT_3D ( 'NONE', #1513, #1708, #513 ) ;
#739 = DIRECTION ( 'NONE',  ( 0.000000000000000000, 0.000000000000000000, -1.000000000000000000 ) ) ;
#740 = DIRECTION ( 'NONE',  ( 0.000000000000000000, 0.000000000000000000, 1.000000000000000000 ) ) ;
#741 = AXIS2_PLACEMENT_3D ( 'NONE', #142, #2009, #1491 ) ;
#742 = DIRECTION ( 'NONE',  ( -3.469446951953614583E-15, -1.000000000000000000, -0.000000000000000000 ) ) ;
#743 = ORIENTED_EDGE ( 'NONE', *, *, #1997, .F. ) ;
#744 = COORDINATED_UNIVERSAL_TIME_OFFSET ( 8, 0, .AHEAD. ) ;
#745 = EDGE_CURVE ( 'NONE', #1191, #937, #113, .T. ) ;
#746 = VERTEX_POINT ( 'NONE', #425 ) ;
#747 = DIRECTION ( 'NONE',  ( 0.000000000000000000, 0.000000000000000000, 1.000000000000000000 ) ) ;
#748 = EDGE_LOOP ( 'NONE', ( #961, #2156, #1013, #386 ) ) ;
#749 = ORIENTED_EDGE ( 'NONE', *, *, #699, .F. ) ;
#750 = LINE ( 'NONE', #421, #127 ) ;
#751 = CARTESIAN_POINT ( 'NONE',  ( -40.00000000000000711, 0.9999999999999800160, 44.99999999999998579 ) ) ;
#752 = ORIENTED_EDGE ( 'NONE', *, *, #1310, .F. ) ;
#753 = SECURITY_CLASSIFICATION_LEVEL ( 'unclassified' ) ;
#754 = EDGE_LOOP ( 'NONE', ( #1861, #1887 ) ) ;
#755 = CARTESIAN_POINT ( 'NONE',  ( 0.000000000000000000, -4.000000000000001776, 0.000000000000000000 ) ) ;
#756 = EDGE_CURVE ( 'NONE', #1115, #639, #155, .T. ) ;
#757 = DIRECTION ( 'NONE',  ( 0.000000000000000000, 0.000000000000000000, -1.000000000000000000 ) ) ;
#758 = CARTESIAN_POINT ( 'NONE',  ( 40.00000000000003553, 9.999999999999987566, 24.99999999999998579 ) ) ;
#759 = CARTESIAN_POINT ( 'NONE',  ( 36.00000000000000000, -8.813754755809102555E-17, 44.99999999999998579 ) ) ;
#760 = EDGE_CURVE ( 'NONE', #633, #345, #256, .T. ) ;
#761 = CIRCLE ( 'NONE', #154, 1.649999999999988365 ) ;
#762 = ORIENTED_EDGE ( 'NONE', *, *, #1446, .T. ) ;
#763 = AXIS2_PLACEMENT_3D ( 'NONE', #765, #1565, #737 ) ;
#764 = AXIS2_PLACEMENT_3D ( 'NONE', #2030, #519, #1549 ) ;
#765 = CARTESIAN_POINT ( 'NONE',  ( -40.00000000000002132, -1.396592535537253658E-14, -44.99999999999998579 ) ) ;
#766 = PERSON ( '未', '未', '未', ('未'), ('未'), ('未') ) ;
#767 = EDGE_CURVE ( 'NONE', #1469, #1499, #447, .T. ) ;
#768 = CIRCLE ( 'NONE', #584, 1.000000000000007772 ) ;
#769 = ORIENTED_EDGE ( 'NONE', *, *, #2116, .F. ) ;
#770 = FACE_OUTER_BOUND ( 'NONE', #1819, .T. ) ;
#771 = CARTESIAN_POINT ( 'NONE',  ( -36.00000000000002842, 0.9999999999999940048, 44.99999999999998579 ) ) ;
#772 = CIRCLE ( 'NONE', #1577, 1.649999999999988365 ) ;
#773 = EDGE_CURVE ( 'NONE', #222, #746, #437, .T. ) ;
#774 = CIRCLE ( 'NONE', #1402, 14.99999999999999645 ) ;
#775 = DIRECTION ( 'NONE',  ( -1.000000000000000000, -0.000000000000000000, 1.541976423090495880E-16 ) ) ;
#776 = VERTEX_POINT ( 'NONE', #960 ) ;
#777 = DIRECTION ( 'NONE',  ( -0.000000000000000000, -1.000000000000000000, -0.000000000000000000 ) ) ;
#778 = ORIENTED_EDGE ( 'NONE', *, *, #151, .T. ) ;
#779 = CARTESIAN_POINT ( 'NONE',  ( -40.00000000000014211, 39.99999999999998579, 23.34999999999998721 ) ) ;
#780 = FACE_OUTER_BOUND ( 'NONE', #1720, .T. ) ;
#781 = DIRECTION ( 'NONE',  ( 0.000000000000000000, 0.000000000000000000, 1.000000000000000000 ) ) ;
#782 = ADVANCED_FACE ( 'NONE', ( #996 ), #2166, .T. ) ;
#783 = ORIENTED_EDGE ( 'NONE', *, *, #1111, .F. ) ;
#784 = EDGE_CURVE ( 'NONE', #633, #2073, #1342, .T. ) ;
#785 = DIRECTION ( 'NONE',  ( 3.469446951953614583E-15, 1.000000000000000000, -0.000000000000000000 ) ) ;
#786 = EDGE_LOOP ( 'NONE', ( #1936, #1824 ) ) ;
#787 = CARTESIAN_POINT ( 'NONE',  ( 36.00000000000017053, 50.00000000000000000, 44.99999999999998579 ) ) ;
#788 = VERTEX_POINT ( 'NONE', #326 ) ;
#789 = LINE ( 'NONE', #1440, #1926 ) ;
#790 = CARTESIAN_POINT ( 'NONE',  ( -24.99999999999998934, -4.000000000000000000, 1.649999999999991696 ) ) ;
#791 = FACE_BOUND ( 'NONE', #255, .T. ) ;
#792 = EDGE_CURVE ( 'NONE', #1561, #1927, #1003, .T. ) ;
#793 = ORIENTED_EDGE ( 'NONE', *, *, #44, .F. ) ;
#794 = VECTOR ( 'NONE', #1967, 1000.000000000000000 ) ;
#795 = EDGE_LOOP ( 'NONE', ( #962, #1192, #1766, #1093 ) ) ;
#796 = AXIS2_PLACEMENT_3D ( 'NONE', #30, #2008, #1041 ) ;
#797 = ORIENTED_EDGE ( 'NONE', *, *, #1962, .F. ) ;
#798 = CIRCLE ( 'NONE', #2098, 1.649999999999998579 ) ;
#799 = CARTESIAN_POINT ( 'NONE',  ( 25.00000000000001066, 0.000000000000000000, -29.99999999999999645 ) ) ;
#800 = CARTESIAN_POINT ( 'NONE',  ( 1.040834085586084257E-14, 0.000000000000000000, -29.99999999999999645 ) ) ;
#801 = AXIS2_PLACEMENT_3D ( 'NONE', #922, #1585, #82 ) ;
#802 = CARTESIAN_POINT ( 'NONE',  ( -40.00000000000009948, 24.99999999999998579, -1.464877601935970260E-14 ) ) ;
#803 = AXIS2_PLACEMENT_3D ( 'NONE', #627, #464, #604 ) ;
#804 = VECTOR ( 'NONE', #1998, 1000.000000000000000 ) ;
#805 = VERTEX_POINT ( 'NONE', #491 ) ;
#806 = ORIENTED_EDGE ( 'NONE', *, *, #1762, .T. ) ;
#807 = EDGE_CURVE ( 'NONE', #1870, #1278, #1181, .T. ) ;
#808 = ORIENTED_EDGE ( 'NONE', *, *, #1435, .T. ) ;
#809 = DIRECTION ( 'NONE',  ( -1.000000000000000000, -0.000000000000000000, 1.541976423090495880E-16 ) ) ;
#810 = DIRECTION ( 'NONE',  ( 0.000000000000000000, 0.000000000000000000, -1.000000000000000000 ) ) ;
#811 = CARTESIAN_POINT ( 'NONE',  ( -40.00000000000015632, 39.99999999999998579, -25.00000000000001421 ) ) ;
#812 = FACE_BOUND ( 'NONE', #754, .T. ) ;
#813 = ORIENTED_EDGE ( 'NONE', *, *, #1064, .T. ) ;
#814 = EDGE_LOOP ( 'NONE', ( #92, #1333, #521, #583 ) ) ;
#815 = EDGE_CURVE ( 'NONE', #1763, #41, #1535, .T. ) ;
#816 = CARTESIAN_POINT ( 'NONE',  ( -40.00000000000009948, 24.99999999999998579, 1.649999999999983924 ) ) ;
#817 = CARTESIAN_POINT ( 'NONE',  ( -36.00000000000018474, 50.00000000000000000, 44.99999999999998579 ) ) ;
#818 = DIRECTION ( 'NONE',  ( 0.000000000000000000, 0.000000000000000000, 1.000000000000000000 ) ) ;
#819 = CARTESIAN_POINT ( 'NONE',  ( 25.00000000000001066, 0.000000000000000000, -29.99999999999999645 ) ) ;
#820 = ORIENTED_EDGE ( 'NONE', *, *, #400, .F. ) ;
#821 = ORIENTED_EDGE ( 'NONE', *, *, #44, .T. ) ;
#822 = DIRECTION ( 'NONE',  ( 0.000000000000000000, 0.000000000000000000, -1.000000000000000000 ) ) ;
#823 = ORIENTED_EDGE ( 'NONE', *, *, #4, .F. ) ;
#824 = DIRECTION ( 'NONE',  ( 0.000000000000000000, 0.000000000000000000, -1.000000000000000000 ) ) ;
#825 = AXIS2_PLACEMENT_3D ( 'NONE', #1869, #357, #707 ) ;
#826 = CARTESIAN_POINT ( 'NONE',  ( 34.99999999999996447, -4.000000000000014211, -44.99999999999998579 ) ) ;
#827 = ADVANCED_FACE ( 'NONE', ( #874 ), #1700, .F. ) ;
#828 = AXIS2_PLACEMENT_3D ( 'NONE', #539, #342, #675 ) ;
#829 = CARTESIAN_POINT ( 'NONE',  ( 36.00000000000012790, 39.99999999999998579, 26.64999999999998792 ) ) ;
#830 = CARTESIAN_POINT ( 'NONE',  ( -35.00000000000002132, 0.9999999999999974465, 44.99999999999998579 ) ) ;
#831 = AXIS2_PLACEMENT_3D ( 'NONE', #618, #1650, #1631 ) ;
#832 = ADVANCED_FACE ( 'NONE', ( #20 ), #1201, .F. ) ;
#833 = CIRCLE ( 'NONE', #917, 1.649999999999998579 ) ;
#834 = DIRECTION ( 'NONE',  ( 0.000000000000000000, 0.000000000000000000, -1.000000000000000000 ) ) ;
#835 = CIRCLE ( 'NONE', #880, 1.649999999999998579 ) ;
#836 = EDGE_LOOP ( 'NONE', ( #347, #1043, #65, #1521 ) ) ;
#837 = APPROVAL ( #1596, '未' ) ;
#838 = VECTOR ( 'NONE', #2046, 1000.000000000000000 ) ;
#839 = ORIENTED_EDGE ( 'NONE', *, *, #807, .F. ) ;
#840 = DIRECTION ( 'NONE',  ( 0.000000000000000000, 0.000000000000000000, 1.000000000000000000 ) ) ;
#841 = EDGE_LOOP ( 'NONE', ( #981, #916, #307, #1636, #1403, #998 ) ) ;
#842 = DIRECTION ( 'NONE',  ( 0.000000000000000000, 0.000000000000000000, 1.000000000000000000 ) ) ;
#843 = CARTESIAN_POINT ( 'NONE',  ( 25.00000000000001066, 0.000000000000000000, -31.64999999999998437 ) ) ;
#844 = FACE_OUTER_BOUND ( 'NONE', #2003, .T. ) ;
#845 = CARTESIAN_POINT ( 'NONE',  ( -40.00000000000019185, 49.99999999999998579, -44.99999999999998579 ) ) ;
#846 = DIRECTION ( 'NONE',  ( 0.000000000000000000, 0.000000000000000000, -1.000000000000000000 ) ) ;
#847 = DIRECTION ( 'NONE',  ( 0.000000000000000000, 0.000000000000000000, -1.000000000000000000 ) ) ;
#848 = ORIENTED_EDGE ( 'NONE', *, *, #1721, .T. ) ;
#849 = EDGE_LOOP ( 'NONE', ( #1955, #1679 ) ) ;
#850 = LINE ( 'NONE', #333, #1058 ) ;
#851 = EDGE_CURVE ( 'NONE', #233, #1661, #1877, .T. ) ;
#852 = ORIENTED_EDGE ( 'NONE', *, *, #1768, .F. ) ;
#853 = DIRECTION ( 'NONE',  ( 1.000000000000000000, -0.000000000000000000, 1.541976423090495880E-16 ) ) ;
#854 = CARTESIAN_POINT ( 'NONE',  ( -36.00000000000000711, 0.9999999999999940048, 44.99999999999998579 ) ) ;
#855 = EDGE_CURVE ( 'NONE', #746, #222, #546, .T. ) ;
#856 = CARTESIAN_POINT ( 'NONE',  ( -24.99999999999998934, -4.000000000000000000, 28.35000000000001563 ) ) ;
#857 = CARTESIAN_POINT ( 'NONE',  ( -24.99999999999998934, -4.000000000000000000, -31.64999999999998437 ) ) ;
#858 = CARTESIAN_POINT ( 'NONE',  ( -36.00000000000018474, 45.00000000000000000, 44.99999999999998579 ) ) ;
#859 = DIRECTION ( 'NONE',  ( -1.000000000000000000, -3.469446951953614583E-15, 1.541976423090495880E-16 ) ) ;
#860 = CARTESIAN_POINT ( 'NONE',  ( 25.00000000000001066, -4.000000000000001776, 1.649999999999991696 ) ) ;
#861 = VERTEX_POINT ( 'NONE', #706 ) ;
#862 = EDGE_CURVE ( 'NONE', #776, #1386, #1352, .T. ) ;
#863 = ORIENTED_EDGE ( 'NONE', *, *, #931, .T. ) ;
#864 = LINE ( 'NONE', #881, #1235 ) ;
#865 = EDGE_LOOP ( 'NONE', ( #1759, #566, #1739, #2084 ) ) ;
#866 = DIRECTION ( 'NONE',  ( -1.541976423090495880E-16, 8.758115402030106693E-47, -1.000000000000000000 ) ) ;
#867 = CARTESIAN_POINT ( 'NONE',  ( 1.040834085586084257E-14, -4.000000000000000000, 28.35000000000001563 ) ) ;
#868 = CARTESIAN_POINT ( 'NONE',  ( 25.00000000000001066, 0.000000000000000000, 1.649999999999991696 ) ) ;
#869 = VECTOR ( 'NONE', #1947, 1000.000000000000000 ) ;
#870 = CARTESIAN_POINT ( 'NONE',  ( 25.00000000000001066, 0.000000000000000000, 28.35000000000001563 ) ) ;
#871 = PRODUCT_DEFINITION ( '�', '', #1852, #320 ) ;
#872 = VECTOR ( 'NONE', #518, 1000.000000000000000 ) ;
#873 = DIRECTION ( 'NONE',  ( 0.000000000000000000, 0.000000000000000000, -1.000000000000000000 ) ) ;
#874 = FACE_OUTER_BOUND ( 'NONE', #1061, .T. ) ;
#875 = AXIS2_PLACEMENT_3D ( 'NONE', #184, #859, #355 ) ;
#876 = CYLINDRICAL_SURFACE ( 'NONE', #609, 5.000000000000011546 ) ;
#877 = ORIENTED_EDGE ( 'NONE', *, *, #1523, .T. ) ;
#878 = CIRCLE ( 'NONE', #412, 1.649999999999998579 ) ;
#879 = ORIENTED_EDGE ( 'NONE', *, *, #217, .F. ) ;
#880 = AXIS2_PLACEMENT_3D ( 'NONE', #1787, #1622, #280 ) ;
#881 = CARTESIAN_POINT ( 'NONE',  ( 40.00000000000018474, 45.00000000000026290, 44.99999999999997158 ) ) ;
#882 = CIRCLE ( 'NONE', #1755, 1.649999999999989919 ) ;
#883 = ORIENTED_EDGE ( 'NONE', *, *, #1797, .T. ) ;
#884 = DIRECTION ( 'NONE',  ( 0.000000000000000000, 0.000000000000000000, -1.000000000000000000 ) ) ;
#885 = ADVANCED_FACE ( 'NONE', ( #343 ), #1187, .F. ) ;
#886 = DIRECTION ( 'NONE',  ( -1.000000000000000000, -3.469446951953614978E-15, 1.541976423090495387E-16 ) ) ;
#887 = EDGE_LOOP ( 'NONE', ( #1414, #731 ) ) ;
#888 = CARTESIAN_POINT ( 'NONE',  ( -40.00000000000009948, 24.99999999999998579, 1.649999999999983924 ) ) ;
#889 = CARTESIAN_POINT ( 'NONE',  ( 40.00000000000015632, 39.99999999999998579, -26.65000000000001279 ) ) ;
#890 = DIRECTION ( 'NONE',  ( -1.000000000000000000, 0.000000000000000000, -0.000000000000000000 ) ) ;
#891 = FACE_BOUND ( 'NONE', #657, .T. ) ;
#892 = ORIENTED_EDGE ( 'NONE', *, *, #1786, .T. ) ;
#893 = ORIENTED_EDGE ( 'NONE', *, *, #2131, .T. ) ;
#894 = SHAPE_DEFINITION_REPRESENTATION ( #2072, #953 ) ;
#895 = ORIENTED_EDGE ( 'NONE', *, *, #2071, .T. ) ;
#896 = CARTESIAN_POINT ( 'NONE',  ( 40.00000000000003553, 9.999999999999987566, 26.64999999999998792 ) ) ;
#897 = EDGE_LOOP ( 'NONE', ( #722, #1828, #2045, #614, #1595, #1691 ) ) ;
#898 = ADVANCED_FACE ( 'NONE', ( #505 ), #1836, .T. ) ;
#899 = DIRECTION ( 'NONE',  ( -3.469446951953614583E-15, 1.000000000000000000, 0.000000000000000000 ) ) ;
#900 = CARTESIAN_POINT ( 'NONE',  ( -40.00000000000014211, 39.99999999999998579, 24.99999999999998579 ) ) ;
#901 = DIRECTION ( 'NONE',  ( 0.000000000000000000, 0.000000000000000000, -1.000000000000000000 ) ) ;
#902 = DIRECTION ( 'NONE',  ( -0.000000000000000000, -1.000000000000000000, -0.000000000000000000 ) ) ;
#903 = EDGE_LOOP ( 'NONE', ( #1362, #436 ) ) ;
#904 = ADVANCED_FACE ( 'NONE', ( #384 ), #2041, .F. ) ;
#905 = APPROVAL_ROLE ( '' ) ;
#906 = VERTEX_POINT ( 'NONE', #48 ) ;
#907 = DIRECTION ( 'NONE',  ( 0.000000000000000000, 0.000000000000000000, -1.000000000000000000 ) ) ;
#908 = ORIENTED_EDGE ( 'NONE', *, *, #2144, .T. ) ;
#909 = CARTESIAN_POINT ( 'NONE',  ( -24.99999999999998934, 0.000000000000000000, 31.64999999999999147 ) ) ;
#910 = CARTESIAN_POINT ( 'NONE',  ( 1.061040757772015493E-14, -4.000000000000001776, -28.35000000000000853 ) ) ;
#911 = CARTESIAN_POINT ( 'NONE',  ( 40.00000000000004974, 9.999999999999987566, -25.00000000000001421 ) ) ;
#912 = DIRECTION ( 'NONE',  ( -0.000000000000000000, -1.000000000000000000, -0.000000000000000000 ) ) ;
#913 = EDGE_CURVE ( 'NONE', #906, #633, #716, .T. ) ;
#914 = VECTOR ( 'NONE', #1351, 1000.000000000000000 ) ;
#915 = AXIS2_PLACEMENT_3D ( 'NONE', #1687, #901, #890 ) ;
#916 = ORIENTED_EDGE ( 'NONE', *, *, #1494, .F. ) ;
#917 = AXIS2_PLACEMENT_3D ( 'NONE', #1267, #1274, #413 ) ;
#918 = COORDINATED_UNIVERSAL_TIME_OFFSET ( 8, 0, .AHEAD. ) ;
#919 = ORIENTED_EDGE ( 'NONE', *, *, #1826, .T. ) ;
#920 = CARTESIAN_POINT ( 'NONE',  ( 34.99999999999999289, 0.9999999999999940048, 44.99999999999998579 ) ) ;
#921 = ORGANIZATION ( '未', '未', '' ) ;
#922 = CARTESIAN_POINT ( 'NONE',  ( 40.00000000000004974, 9.999999999999987566, -25.00000000000001421 ) ) ;
#923 = LOCAL_TIME ( 23, 16, 27.00000000000000000, #733 ) ;
#924 = CARTESIAN_POINT ( 'NONE',  ( 39.99999999999999289, 0.9999999999999800160, 44.99999999999998579 ) ) ;
#925 = ADVANCED_FACE ( 'NONE', ( #219 ), #58, .F. ) ;
#926 = VERTEX_POINT ( 'NONE', #676 ) ;
#927 = DATE_AND_TIME ( #1102, #923 ) ;
#928 = ORIENTED_EDGE ( 'NONE', *, *, #1108, .F. ) ;
#929 = DIRECTION ( 'NONE',  ( -0.000000000000000000, -1.000000000000000000, -0.000000000000000000 ) ) ;
#930 = DIRECTION ( 'NONE',  ( 1.000000000000000000, 3.469446951953614583E-15, -1.541976423090495880E-16 ) ) ;
#931 = EDGE_CURVE ( 'NONE', #1027, #2006, #1487, .T. ) ;
#932 = CARTESIAN_POINT ( 'NONE',  ( 25.00000000000001066, 0.000000000000000000, 30.00000000000000355 ) ) ;
#933 = ORIENTED_EDGE ( 'NONE', *, *, #690, .T. ) ;
#934 = EDGE_CURVE ( 'NONE', #695, #407, #25, .T. ) ;
#935 = APPROVAL_DATE_TIME ( #86, #837 ) ;
#936 = PLANE ( 'NONE',  #1783 ) ;
#937 = VERTEX_POINT ( 'NONE', #1603 ) ;
#938 = CARTESIAN_POINT ( 'NONE',  ( -24.99999999999998934, -4.000000000000000000, 31.64999999999999147 ) ) ;
#939 = DIRECTION ( 'NONE',  ( -1.000000000000000000, -3.469446951953614189E-15, 1.541976423090495880E-16 ) ) ;
#940 = CIRCLE ( 'NONE', #2153, 1.649999999999988365 ) ;
#941 = ORIENTED_EDGE ( 'NONE', *, *, #1523, .F. ) ;
#942 = AXIS2_PLACEMENT_3D ( 'NONE', #325, #2052, #873 ) ;
#943 = EDGE_LOOP ( 'NONE', ( #603, #1218, #1898, #1335 ) ) ;
#944 = AXIS2_PLACEMENT_3D ( 'NONE', #170, #1698, #1517 ) ;
#945 = ORIENTED_EDGE ( 'NONE', *, *, #272, .T. ) ;
#946 = DIRECTION ( 'NONE',  ( 3.700743415417188731E-15, -1.000000000000000000, 0.000000000000000000 ) ) ;
#947 = FACE_BOUND ( 'NONE', #1970, .T. ) ;
#948 = AXIS2_PLACEMENT_3D ( 'NONE', #799, #2119, #982 ) ;
#949 = DIRECTION ( 'NONE',  ( 0.000000000000000000, 0.000000000000000000, 1.000000000000000000 ) ) ;
#950 = APPROVAL ( #1246, '未' ) ;
#951 = ADVANCED_FACE ( 'NONE', ( #569 ), #1249, .F. ) ;
#952 = EDGE_LOOP ( 'NONE', ( #1911, #545, #81, #743 ) ) ;
#953 = ADVANCED_BREP_SHAPE_REPRESENTATION ( 'part_yaobu_2', ( #1908, #1495 ), #271 ) ;
#954 = ORIENTED_EDGE ( 'NONE', *, *, #1913, .T. ) ;
#955 = LINE ( 'NONE', #779, #1294 ) ;
#956 = LINE ( 'NONE', #605, #403 ) ;
#957 = EDGE_CURVE ( 'NONE', #395, #1135, #265, .T. ) ;
#958 = LINE ( 'NONE', #1472, #1635 ) ;
#959 = ORIENTED_EDGE ( 'NONE', *, *, #1444, .F. ) ;
#960 = CARTESIAN_POINT ( 'NONE',  ( -24.99999999999998934, 0.000000000000000000, 1.649999999999991696 ) ) ;
#961 = ORIENTED_EDGE ( 'NONE', *, *, #1616, .F. ) ;
#962 = ORIENTED_EDGE ( 'NONE', *, *, #29, .T. ) ;
#963 = DIRECTION ( 'NONE',  ( -1.541976423090495880E-16, -0.000000000000000000, -1.000000000000000000 ) ) ;
#964 = FACE_OUTER_BOUND ( 'NONE', #1221, .T. ) ;
#965 = FACE_OUTER_BOUND ( 'NONE', #841, .T. ) ;
#966 = EDGE_CURVE ( 'NONE', #1661, #2006, #1915, .T. ) ;
#967 = ORIENTED_EDGE ( 'NONE', *, *, #268, .T. ) ;
#968 = CIRCLE ( 'NONE', #465, 1.649999999999988365 ) ;
#969 = VERTEX_POINT ( 'NONE', #557 ) ;
#970 = CIRCLE ( 'NONE', #23, 1.649999999999988365 ) ;
#971 = EDGE_LOOP ( 'NONE', ( #547, #201, #631, #1587 ) ) ;
#972 = CARTESIAN_POINT ( 'NONE',  ( -35.00000000000001421, -1.040834085586084257E-14, 44.99999999999998579 ) ) ;
#973 = CARTESIAN_POINT ( 'NONE',  ( 40.00000000000015632, 39.99999999999998579, -25.00000000000001421 ) ) ;
#974 = AXIS2_PLACEMENT_3D ( 'NONE', #1150, #1311, #1480 ) ;
#975 = DIRECTION ( 'NONE',  ( 0.000000000000000000, 1.000000000000000000, 0.000000000000000000 ) ) ;
#976 = CIRCLE ( 'NONE', #510, 1.649999999999998579 ) ;
#977 = AXIS2_PLACEMENT_3D ( 'NONE', #69, #1555, #205 ) ;
#978 = DIRECTION ( 'NONE',  ( 1.000000000000000000, 3.469446951953614583E-15, -1.541976423090495880E-16 ) ) ;
#979 = EDGE_CURVE ( 'NONE', #1025, #1067, #582, .T. ) ;
#980 = ORIENTED_EDGE ( 'NONE', *, *, #2131, .F. ) ;
#981 = ORIENTED_EDGE ( 'NONE', *, *, #1153, .F. ) ;
#982 = DIRECTION ( 'NONE',  ( 0.000000000000000000, 0.000000000000000000, 1.000000000000000000 ) ) ;
#983 = DIRECTION ( 'NONE',  ( -0.000000000000000000, -1.000000000000000000, -0.000000000000000000 ) ) ;
#984 = FACE_BOUND ( 'NONE', #370, .T. ) ;
#985 = DIRECTION ( 'NONE',  ( -0.000000000000000000, -0.000000000000000000, -1.000000000000000000 ) ) ;
#986 = CARTESIAN_POINT ( 'NONE',  ( -36.00000000000005684, 9.999999999999987566, -25.00000000000001421 ) ) ;
#987 = EDGE_LOOP ( 'NONE', ( #1216, #1001, #1859, #820 ) ) ;
#988 = EDGE_CURVE ( 'NONE', #1971, #1681, #798, .T. ) ;
#989 = ORIENTED_EDGE ( 'NONE', *, *, #1494, .T. ) ;
#990 = DIRECTION ( 'NONE',  ( -1.000000000000000000, -0.000000000000000000, 1.541976423090495880E-16 ) ) ;
#991 = ADVANCED_FACE ( 'NONE', ( #2067 ), #2086, .F. ) ;
#992 = CARTESIAN_POINT ( 'NONE',  ( -24.99999999999998934, 0.000000000000000000, 30.00000000000000355 ) ) ;
#993 = FACE_BOUND ( 'NONE', #1429, .T. ) ;
#994 = CARTESIAN_POINT ( 'NONE',  ( -40.00000000000009948, 24.99999999999998579, -1.464877601935970260E-14 ) ) ;
#995 = EDGE_CURVE ( 'NONE', #562, #139, #1428, .T. ) ;
#996 = FACE_OUTER_BOUND ( 'NONE', #814, .T. ) ;
#997 = CARTESIAN_POINT ( 'NONE',  ( 25.00000000000001066, -4.000000000000000000, 3.469446951953614189E-15 ) ) ;
#998 = ORIENTED_EDGE ( 'NONE', *, *, #1026, .F. ) ;
#999 = ORIENTED_EDGE ( 'NONE', *, *, #862, .T. ) ;
#1000 = CARTESIAN_POINT ( 'NONE',  ( 25.00000000000001066, -4.000000000000001776, 30.00000000000000355 ) ) ;
#1001 = ORIENTED_EDGE ( 'NONE', *, *, #2152, .T. ) ;
#1002 = CARTESIAN_POINT ( 'NONE',  ( 1.040834085586084257E-14, 0.000000000000000000, 30.00000000000000355 ) ) ;
#1003 = CIRCLE ( 'NONE', #1840, 1.649999999999998579 ) ;
#1004 = CARTESIAN_POINT ( 'NONE',  ( -24.99999999999998934, -4.000000000000001776, 28.35000000000001563 ) ) ;
#1005 = AXIS2_PLACEMENT_3D ( 'NONE', #1436, #1572, #1586 ) ;
#1006 = DIRECTION ( 'NONE',  ( -1.541976423090495387E-16, -5.349805401075656121E-31, -1.000000000000000000 ) ) ;
#1007 = DIRECTION ( 'NONE',  ( 1.000000000000000000, 3.491481338843134144E-15, -1.541976423090495387E-16 ) ) ;
#1008 = CIRCLE ( 'NONE', #68, 1.649999999999988365 ) ;
#1009 = CIRCLE ( 'NONE', #944, 1.649999999999998579 ) ;
#1010 = CARTESIAN_POINT ( 'NONE',  ( 40.00000000000004974, 9.999999999999987566, -25.00000000000001421 ) ) ;
#1011 = FACE_OUTER_BOUND ( 'NONE', #223, .T. ) ;
#1012 = AXIS2_PLACEMENT_3D ( 'NONE', #451, #1640, #1966 ) ;
#1013 = ORIENTED_EDGE ( 'NONE', *, *, #1153, .T. ) ;
#1014 = ORIENTED_EDGE ( 'NONE', *, *, #608, .F. ) ;
#1015 = CARTESIAN_POINT ( 'NONE',  ( -34.99999999999999289, -4.000000000000010658, 44.99999999999998579 ) ) ;
#1016 = ORIENTED_EDGE ( 'NONE', *, *, #1557, .T. ) ;
#1017 = CARTESIAN_POINT ( 'NONE',  ( 1.040834085586084257E-14, 0.000000000000000000, -31.64999999999998437 ) ) ;
#1018 = CARTESIAN_POINT ( 'NONE',  ( 2.020667218593119443E-16, 0.000000000000000000, 1.649999999999989253 ) ) ;
#1019 = LINE ( 'NONE', #1161, #1295 ) ;
#1020 = LINE ( 'NONE', #857, #548 ) ;
#1021 = EDGE_CURVE ( 'NONE', #328, #1239, #1259, .T. ) ;
#1022 = LINE ( 'NONE', #2029, #872 ) ;
#1023 = CARTESIAN_POINT ( 'NONE',  ( 0.000000000000000000, -4.000000000000000000, 0.000000000000000000 ) ) ;
#1024 = DIRECTION ( 'NONE',  ( -3.469446951953614583E-15, 1.000000000000000000, 0.000000000000000000 ) ) ;
#1025 = VERTEX_POINT ( 'NONE', #751 ) ;
#1026 = EDGE_CURVE ( 'NONE', #1545, #906, #1268, .T. ) ;
#1027 = VERTEX_POINT ( 'NONE', #1243 ) ;
#1028 = DIRECTION ( 'NONE',  ( 0.000000000000000000, 0.000000000000000000, 1.000000000000000000 ) ) ;
#1029 = DIRECTION ( 'NONE',  ( -1.000000000000000000, 3.469446951953614583E-15, 1.541976423090495880E-16 ) ) ;
#1030 = PLANE ( 'NONE',  #1987 ) ;
#1031 = LINE ( 'NONE', #1532, #2022 ) ;
#1032 = FACE_OUTER_BOUND ( 'NONE', #1039, .T. ) ;
#1033 = CARTESIAN_POINT ( 'NONE',  ( 25.00000000000001066, -4.000000000000001776, -29.99999999999999645 ) ) ;
#1034 = FACE_BOUND ( 'NONE', #626, .T. ) ;
#1035 = ORIENTED_EDGE ( 'NONE', *, *, #1611, .F. ) ;
#1036 = EDGE_CURVE ( 'NONE', #2130, #969, #409, .T. ) ;
#1037 = ORIENTED_EDGE ( 'NONE', *, *, #1857, .F. ) ;
#1038 = DIRECTION ( 'NONE',  ( 0.000000000000000000, 0.000000000000000000, -1.000000000000000000 ) ) ;
#1039 = EDGE_LOOP ( 'NONE', ( #959, #2095, #1307, #919 ) ) ;
#1040 = FACE_OUTER_BOUND ( 'NONE', #1811, .T. ) ;
#1041 = DIRECTION ( 'NONE',  ( 0.000000000000000000, 0.000000000000000000, -1.000000000000000000 ) ) ;
#1042 = EDGE_CURVE ( 'NONE', #1260, #1486, #1888, .T. ) ;
#1043 = ORIENTED_EDGE ( 'NONE', *, *, #574, .T. ) ;
#1044 = DIRECTION ( 'NONE',  ( -1.000000000000000000, -0.000000000000000000, 1.541976423090495880E-16 ) ) ;
#1045 = AXIS2_PLACEMENT_3D ( 'NONE', #1318, #466, #1293 ) ;
#1046 = CARTESIAN_POINT ( 'NONE',  ( 40.00000000000029843, 15.00000000000026645, 44.99999999999998579 ) ) ;
#1047 = AXIS2_PLACEMENT_3D ( 'NONE', #1743, #1431, #1421 ) ;
#1048 = CARTESIAN_POINT ( 'NONE',  ( 25.00000000000001066, -4.000000000000001776, -28.35000000000000853 ) ) ;
#1049 = DIRECTION ( 'NONE',  ( 0.000000000000000000, 0.000000000000000000, 1.000000000000000000 ) ) ;
#1050 = AXIS2_PLACEMENT_3D ( 'NONE', #8, #1715, #1049 ) ;
#1051 = LINE ( 'NONE', #1397, #2058 ) ;
#1052 = ORIENTED_EDGE ( 'NONE', *, *, #1204, .T. ) ;
#1053 = AXIS2_PLACEMENT_3D ( 'NONE', #1442, #629, #1823 ) ;
#1054 = VERTEX_POINT ( 'NONE', #1761 ) ;
#1055 = VECTOR ( 'NONE', #398, 1000.000000000000000 ) ;
#1056 = ADVANCED_FACE ( 'NONE', ( #1417 ), #595, .F. ) ;
#1057 = CARTESIAN_POINT ( 'NONE',  ( 1.040834085586084257E-14, -4.000000000000001776, -29.99999999999999645 ) ) ;
#1058 = VECTOR ( 'NONE', #1511, 1000.000000000000000 ) ;
#1059 = ORIENTED_EDGE ( 'NONE', *, *, #283, .T. ) ;
#1060 = CYLINDRICAL_SURFACE ( 'NONE', #1426, 1.649999999999998579 ) ;
#1061 = EDGE_LOOP ( 'NONE', ( #1618, #908, #496, #38 ) ) ;
#1062 = LINE ( 'NONE', #1405, #1359 ) ;
#1063 = CARTESIAN_POINT ( 'NONE',  ( -40.00000000000017764, 49.99999999999998579, 44.99999999999998579 ) ) ;
#1064 = EDGE_CURVE ( 'NONE', #670, #1583, #1780, .T. ) ;
#1065 = CARTESIAN_POINT ( 'NONE',  ( 36.00000000000000711, 0.9999999999999940048, 44.99999999999998579 ) ) ;
#1066 = FACE_OUTER_BOUND ( 'NONE', #666, .T. ) ;
#1067 = VERTEX_POINT ( 'NONE', #1408 ) ;
#1068 = PERSON_AND_ORGANIZATION_ROLE ( 'classification_officer' ) ;
#1069 = VERTEX_POINT ( 'NONE', #416 ) ;
#1070 = EDGE_CURVE ( 'NONE', #906, #1486, #241, .T. ) ;
#1071 = FACE_BOUND ( 'NONE', #1584, .T. ) ;
#1072 = ORIENTED_EDGE ( 'NONE', *, *, #1688, .T. ) ;
#1073 = DIRECTION ( 'NONE',  ( -1.000000000000000000, -0.000000000000000000, 1.541976423090495880E-16 ) ) ;
#1074 = ORIENTED_EDGE ( 'NONE', *, *, #1444, .T. ) ;
#1075 = EDGE_CURVE ( 'NONE', #1958, #2020, #1769, .T. ) ;
#1076 = CARTESIAN_POINT ( 'NONE',  ( -36.00000000000018474, 50.00000000000000000, 44.99999999999998579 ) ) ;
#1077 = CARTESIAN_POINT ( 'NONE',  ( -40.00000000000004974, 9.999999999999987566, -25.00000000000001421 ) ) ;
#1078 = PLANE ( 'NONE',  #1706 ) ;
#1079 = VERTEX_POINT ( 'NONE', #1276 ) ;
#1080 = PERSON_AND_ORGANIZATION ( #766, #921 ) ;
#1081 = ORIENTED_EDGE ( 'NONE', *, *, #1976, .T. ) ;
#1082 = CARTESIAN_POINT ( 'NONE',  ( 0.000000000000000000, 0.000000000000000000, -1.649999999999989253 ) ) ;
#1083 = ORIENTED_EDGE ( 'NONE', *, *, #1633, .F. ) ;
#1084 = CARTESIAN_POINT ( 'NONE',  ( 1.040834085586084257E-14, 0.000000000000000000, 30.00000000000000355 ) ) ;
#1085 = EDGE_CURVE ( 'NONE', #1422, #1115, #2155, .T. ) ;
#1086 = AXIS2_PLACEMENT_3D ( 'NONE', #2148, #635, #1309 ) ;
#1087 = DIRECTION ( 'NONE',  ( 0.000000000000000000, 0.000000000000000000, 1.000000000000000000 ) ) ;
#1088 = AXIS2_PLACEMENT_3D ( 'NONE', #1328, #1529, #43 ) ;
#1089 = PRODUCT_RELATED_PRODUCT_CATEGORY ( 'detail', '', ( #1943 ) ) ;
#1090 = AXIS2_PLACEMENT_3D ( 'NONE', #1113, #266, #949 ) ;
#1091 = EDGE_LOOP ( 'NONE', ( #543, #426, #1897, #1901 ) ) ;
#1092 = VECTOR ( 'NONE', #1257, 1000.000000000000000 ) ;
#1093 = ORIENTED_EDGE ( 'NONE', *, *, #1935, .T. ) ;
#1094 = EDGE_CURVE ( 'NONE', #2073, #573, #1226, .T. ) ;
#1095 = DIRECTION ( 'NONE',  ( 1.000000000000000000, 0.000000000000000000, 0.000000000000000000 ) ) ;
#1096 = CIRCLE ( 'NONE', #298, 1.649999999999988365 ) ;
#1097 = ORIENTED_EDGE ( 'NONE', *, *, #1625, .F. ) ;
#1098 = DIRECTION ( 'NONE',  ( -1.000000000000000000, -0.000000000000000000, 1.541976423090495880E-16 ) ) ;
#1099 = DIRECTION ( 'NONE',  ( 1.000000000000000000, -3.469446951953614978E-15, -1.541976423090495387E-16 ) ) ;
#1100 = ADVANCED_FACE ( 'NONE', ( #303 ), #1162, .F. ) ;
#1101 = ORIENTED_EDGE ( 'NONE', *, *, #715, .F. ) ;
#1102 = CALENDAR_DATE ( 2026, 30, 6 ) ;
#1103 = PLANE ( 'NONE',  #763 ) ;
#1104 = EDGE_LOOP ( 'NONE', ( #1567, #1291, #895, #1944, #1107, #883 ) ) ;
#1105 = CYLINDRICAL_SURFACE ( 'NONE', #1925, 1.649999999999998579 ) ;
#1106 = DIRECTION ( 'NONE',  ( 1.000000000000000000, -0.000000000000000000, 1.541976423090495880E-16 ) ) ;
#1107 = ORIENTED_EDGE ( 'NONE', *, *, #1830, .T. ) ;
#1108 = EDGE_CURVE ( 'NONE', #937, #1554, #160, .T. ) ;
#1109 = DIRECTION ( 'NONE',  ( -4.205390244792263185E-15, 1.000000000000000000, 0.000000000000000000 ) ) ;
#1110 = DIRECTION ( 'NONE',  ( -4.205390244792263185E-15, -1.000000000000000000, 0.000000000000000000 ) ) ;
#1111 = EDGE_CURVE ( 'NONE', #1252, #1964, #732, .T. ) ;
#1112 = LINE ( 'NONE', #541, #1977 ) ;
#1113 = CARTESIAN_POINT ( 'NONE',  ( -24.99999999999998934, 0.000000000000000000, -29.99999999999999645 ) ) ;
#1114 = AXIS2_PLACEMENT_3D ( 'NONE', #141, #479, #1960 ) ;
#1115 = VERTEX_POINT ( 'NONE', #1624 ) ;
#1116 = VECTOR ( 'NONE', #777, 1000.000000000000000 ) ;
#1117 = EDGE_CURVE ( 'NONE', #1666, #590, #1008, .T. ) ;
#1118 = AXIS2_PLACEMENT_3D ( 'NONE', #1924, #422, #2099 ) ;
#1119 = AXIS2_PLACEMENT_3D ( 'NONE', #811, #606, #2142 ) ;
#1120 = DIRECTION ( 'NONE',  ( 0.000000000000000000, 0.000000000000000000, 1.000000000000000000 ) ) ;
#1121 = ORIENTED_EDGE ( 'NONE', *, *, #574, .F. ) ;
#1122 = CARTESIAN_POINT ( 'NONE',  ( -36.00000000000004263, 9.999999999999987566, 24.99999999999998579 ) ) ;
#1123 = CARTESIAN_POINT ( 'NONE',  ( 40.00000000000016342, 49.99999999999998579, 44.99999999999998579 ) ) ;
#1124 = CIRCLE ( 'NONE', #621, 1.649999999999998579 ) ;
#1125 = CIRCLE ( 'NONE', #168, 1.649999999999988365 ) ;
#1126 = DIRECTION ( 'NONE',  ( -1.000000000000000000, 0.000000000000000000, 0.000000000000000000 ) ) ;
#1127 = ORIENTED_EDGE ( 'NONE', *, *, #1250, .T. ) ;
#1128 = VERTEX_POINT ( 'NONE', #461 ) ;
#1129 = CARTESIAN_POINT ( 'NONE',  ( 36.00000000000007105, 24.99999999999998579, 1.649999999999983480 ) ) ;
#1130 = DIRECTION ( 'NONE',  ( 0.000000000000000000, 0.000000000000000000, -1.000000000000000000 ) ) ;
#1131 = EDGE_CURVE ( 'NONE', #257, #431, #67, .T. ) ;
#1132 = CARTESIAN_POINT ( 'NONE',  ( 35.99999999999999289, -1.387778780781445423E-13, -5.551115123125782702E-15 ) ) ;
#1133 = ORIENTED_EDGE ( 'NONE', *, *, #1703, .T. ) ;
#1134 = EDGE_CURVE ( 'NONE', #1666, #695, #958, .T. ) ;
#1135 = VERTEX_POINT ( 'NONE', #1815 ) ;
#1136 = ORIENTED_EDGE ( 'NONE', *, *, #1674, .F. ) ;
#1137 = LINE ( 'NONE', #1470, #1638 ) ;
#1138 = CARTESIAN_POINT ( 'NONE',  ( -36.00000000000005684, 9.999999999999987566, -23.35000000000001563 ) ) ;
#1139 = DIRECTION ( 'NONE',  ( -0.000000000000000000, -1.000000000000000000, -0.000000000000000000 ) ) ;
#1140 = ADVANCED_FACE ( 'NONE', ( #1657 ), #117, .F. ) ;
#1141 = ORIENTED_EDGE ( 'NONE', *, *, #1817, .T. ) ;
#1142 = AXIS2_PLACEMENT_3D ( 'NONE', #986, #978, #665 ) ;
#1143 = ORIENTED_EDGE ( 'NONE', *, *, #784, .F. ) ;
#1144 = VECTOR ( 'NONE', #2132, 1000.000000000000000 ) ;
#1145 = ADVANCED_FACE ( 'NONE', ( #153, #2136, #791, #453, #1450, #965 ), #143, .T. ) ;
#1146 = VERTEX_POINT ( 'NONE', #1803 ) ;
#1147 = AXIS2_PLACEMENT_3D ( 'NONE', #36, #691, #195 ) ;
#1148 = CARTESIAN_POINT ( 'NONE',  ( 40.00000000000024158, 30.00000000000026645, 44.99999999999996447 ) ) ;
#1149 = CARTESIAN_POINT ( 'NONE',  ( 40.00000000000004974, 9.999999999999987566, -25.00000000000001421 ) ) ;
#1150 = CARTESIAN_POINT ( 'NONE',  ( 40.00000000000014211, 39.99999999999998579, 24.99999999999998579 ) ) ;
#1151 = VECTOR ( 'NONE', #1502, 1000.000000000000000 ) ;
#1152 = VECTOR ( 'NONE', #181, 1000.000000000000000 ) ;
#1153 = EDGE_CURVE ( 'NONE', #1079, #1545, #1607, .T. ) ;
#1154 = DIRECTION ( 'NONE',  ( 0.000000000000000000, 0.000000000000000000, -1.000000000000000000 ) ) ;
#1155 = ADVANCED_FACE ( 'NONE', ( #1304 ), #1969, .F. ) ;
#1156 = ORIENTED_EDGE ( 'NONE', *, *, #1646, .F. ) ;
#1157 = EDGE_LOOP ( 'NONE', ( #1176, #1178, #1360, #1552 ) ) ;
#1158 = DIRECTION ( 'NONE',  ( 1.000000000000000000, -0.000000000000000000, 1.541976423090495880E-16 ) ) ;
#1159 = DIRECTION ( 'NONE',  ( -0.000000000000000000, -1.000000000000000000, -0.000000000000000000 ) ) ;
#1160 = ADVANCED_FACE ( 'NONE', ( #648 ), #292, .F. ) ;
#1161 = CARTESIAN_POINT ( 'NONE',  ( -36.00000000000002842, -8.813754755809102555E-17, -44.99999999999998579 ) ) ;
#1162 = CYLINDRICAL_SURFACE ( 'NONE', #1455, 1.649999999999998579 ) ;
#1163 = CARTESIAN_POINT ( 'NONE',  ( 1.061040757772015493E-14, -4.000000000000001776, 31.64999999999999147 ) ) ;
#1164 = ORIENTED_EDGE ( 'NONE', *, *, #1036, .T. ) ;
#1165 = EDGE_CURVE ( 'NONE', #1681, #1971, #651, .T. ) ;
#1166 = DIRECTION ( 'NONE',  ( -0.000000000000000000, -1.000000000000000000, -0.000000000000000000 ) ) ;
#1167 = ORIENTED_EDGE ( 'NONE', *, *, #966, .T. ) ;
#1168 = DIRECTION ( 'NONE',  ( 0.000000000000000000, 0.000000000000000000, -1.000000000000000000 ) ) ;
#1169 = DIRECTION ( 'NONE',  ( -3.469446951953614583E-15, 1.000000000000000000, 0.000000000000000000 ) ) ;
#1170 = DIRECTION ( 'NONE',  ( -0.000000000000000000, -1.000000000000000000, -0.000000000000000000 ) ) ;
#1171 = DIRECTION ( 'NONE',  ( 1.000000000000000000, 3.491481338843134144E-15, -1.541976423090495387E-16 ) ) ;
#1172 = EDGE_CURVE ( 'NONE', #633, #235, #768, .T. ) ;
#1173 = DIRECTION ( 'NONE',  ( 1.000000000000000000, -0.000000000000000000, 1.541976423090495880E-16 ) ) ;
#1174 = CYLINDRICAL_SURFACE ( 'NONE', #2014, 1.649999999999988365 ) ;
#1175 = EDGE_LOOP ( 'NONE', ( #1791, #577, #863, #27 ) ) ;
#1176 = ORIENTED_EDGE ( 'NONE', *, *, #550, .F. ) ;
#1177 = DIRECTION ( 'NONE',  ( -1.000000000000000000, 0.000000000000000000, -0.000000000000000000 ) ) ;
#1178 = ORIENTED_EDGE ( 'NONE', *, *, #2108, .T. ) ;
#1179 = EDGE_CURVE ( 'NONE', #1647, #906, #1288, .T. ) ;
#1180 = FACE_OUTER_BOUND ( 'NONE', #943, .T. ) ;
#1181 = CIRCLE ( 'NONE', #234, 1.649999999999998579 ) ;
#1182 = DIRECTION ( 'NONE',  ( 1.000000000000000000, 3.469446951953614583E-15, -1.541976423090495880E-16 ) ) ;
#1183 = AXIS2_PLACEMENT_3D ( 'NONE', #1258, #1940, #1906 ) ;
#1184 = CARTESIAN_POINT ( 'NONE',  ( 0.000000000000000000, -4.000000000000000000, 0.000000000000000000 ) ) ;
#1185 = DIRECTION ( 'NONE',  ( 1.541976423090495880E-16, 0.000000000000000000, 1.000000000000000000 ) ) ;
#1186 = CIRCLE ( 'NONE', #587, 1.649999999999998579 ) ;
#1187 = CYLINDRICAL_SURFACE ( 'NONE', #1050, 1.649999999999998579 ) ;
#1188 = CARTESIAN_POINT ( 'NONE',  ( -40.00000000000014211, 39.99999999999998579, 24.99999999999998579 ) ) ;
#1189 = EDGE_CURVE ( 'NONE', #107, #1324, #502, .T. ) ;
#1190 = VECTOR ( 'NONE', #1038, 1000.000000000000000 ) ;
#1191 = VERTEX_POINT ( 'NONE', #1713 ) ;
#1192 = ORIENTED_EDGE ( 'NONE', *, *, #1385, .F. ) ;
#1193 = PLANE ( 'NONE',  #1432 ) ;
#1194 = EDGE_LOOP ( 'NONE', ( #1659, #2043, #418, #1305 ) ) ;
#1195 = CARTESIAN_POINT ( 'NONE',  ( 40.00000000000009948, 24.99999999999998579, -1.464877601935970260E-14 ) ) ;
#1196 = LINE ( 'NONE', #3, #503 ) ;
#1197 = FACE_OUTER_BOUND ( 'NONE', #865, .T. ) ;
#1198 = DIRECTION ( 'NONE',  ( -1.000000000000000000, -3.469446951953606300E-15, 0.000000000000000000 ) ) ;
#1199 = ADVANCED_FACE ( 'NONE', ( #1833 ), #1367, .F. ) ;
#1200 = DIRECTION ( 'NONE',  ( 3.700743415417188731E-15, -1.000000000000000000, 0.000000000000000000 ) ) ;
#1201 = CYLINDRICAL_SURFACE ( 'NONE', #327, 1.649999999999998579 ) ;
#1202 = DIRECTION ( 'NONE',  ( -3.469446951953614583E-15, -1.000000000000000000, 0.000000000000000000 ) ) ;
#1203 = VERTEX_POINT ( 'NONE', #704 ) ;
#1204 = EDGE_CURVE ( 'NONE', #1499, #2020, #1009, .T. ) ;
#1205 = VERTEX_POINT ( 'NONE', #206 ) ;
#1206 = DIRECTION ( 'NONE',  ( 1.000000000000000000, 3.469446951953614583E-15, -1.541976423090495880E-16 ) ) ;
#1207 = ORIENTED_EDGE ( 'NONE', *, *, #2149, .F. ) ;
#1208 = CARTESIAN_POINT ( 'NONE',  ( -40.00000000000003553, 9.999999999999987566, 23.34999999999998721 ) ) ;
#1209 = CARTESIAN_POINT ( 'NONE',  ( -40.00000000000000000, -1.527438034335171515E-13, 44.99999999999998579 ) ) ;
#1210 = CARTESIAN_POINT ( 'NONE',  ( 39.99999999999999289, 0.9999999999999800160, 44.99999999999998579 ) ) ;
#1211 = CARTESIAN_POINT ( 'NONE',  ( 36.00000000000012790, 39.99999999999998579, 23.34999999999998721 ) ) ;
#1212 = CARTESIAN_POINT ( 'NONE',  ( 36.00000000000007105, 24.99999999999998579, -1.526556658859590243E-14 ) ) ;
#1213 = DIRECTION ( 'NONE',  ( 0.000000000000000000, 0.000000000000000000, -1.000000000000000000 ) ) ;
#1214 = FACE_BOUND ( 'NONE', #786, .T. ) ;
#1215 = VERTEX_POINT ( 'NONE', #193 ) ;
#1216 = ORIENTED_EDGE ( 'NONE', *, *, #118, .T. ) ;
#1217 = DIRECTION ( 'NONE',  ( 0.000000000000000000, 0.000000000000000000, -1.000000000000000000 ) ) ;
#1218 = ORIENTED_EDGE ( 'NONE', *, *, #471, .T. ) ;
#1219 = LINE ( 'NONE', #1420, #620 ) ;
#1220 = LINE ( 'NONE', #1209, #544 ) ;
#1221 = EDGE_LOOP ( 'NONE', ( #112, #1348, #477, #879 ) ) ;
#1222 = LINE ( 'NONE', #888, #1265 ) ;
#1223 = CIRCLE ( 'NONE', #1114, 1.649999999999988365 ) ;
#1224 = CARTESIAN_POINT ( 'NONE',  ( -36.00000000000015632, 39.99999999999998579, 26.64999999999998792 ) ) ;
#1225 = CARTESIAN_POINT ( 'NONE',  ( 36.00000000000012790, 39.99999999999998579, 24.99999999999998579 ) ) ;
#1226 = CIRCLE ( 'NONE', #831, 5.000000000000007994 ) ;
#1227 = FACE_BOUND ( 'NONE', #585, .T. ) ;
#1228 = VERTEX_POINT ( 'NONE', #1890 ) ;
#1229 = EDGE_CURVE ( 'NONE', #233, #1388, #1574, .T. ) ;
#1230 = AXIS2_PLACEMENT_3D ( 'NONE', #253, #392, #218 ) ;
#1231 = ORIENTED_EDGE ( 'NONE', *, *, #1834, .F. ) ;
#1232 = CIRCLE ( 'NONE', #2066, 1.649999999999988365 ) ;
#1233 = MECHANICAL_CONTEXT ( 'NONE', #638, 'mechanical' ) ;
#1234 = ADVANCED_FACE ( 'NONE', ( #1492 ), #490, .F. ) ;
#1235 = VECTOR ( 'NONE', #1375, 1000.000000000000000 ) ;
#1236 = ORIENTED_EDGE ( 'NONE', *, *, #2087, .F. ) ;
#1237 = LINE ( 'NONE', #224, #446 ) ;
#1238 = LOCAL_TIME ( 23, 16, 27.00000000000000000, #1917 ) ;
#1239 = VERTEX_POINT ( 'NONE', #870 ) ;
#1240 = FACE_OUTER_BOUND ( 'NONE', #2159, .T. ) ;
#1241 = CARTESIAN_POINT ( 'NONE',  ( 36.00000000000002132, 9.999999999999987566, -25.00000000000001421 ) ) ;
#1242 = EDGE_CURVE ( 'NONE', #1252, #1203, #1031, .T. ) ;
#1243 = CARTESIAN_POINT ( 'NONE',  ( -40.00000000000015632, 44.99999999999998579, 44.99999999999998579 ) ) ;
#1244 = DIRECTION ( 'NONE',  ( 0.000000000000000000, 0.000000000000000000, -1.000000000000000000 ) ) ;
#1245 = ORIENTED_EDGE ( 'NONE', *, *, #1515, .F. ) ;
#1246 = APPROVAL_STATUS ( 'not_yet_approved' ) ;
#1247 = VERTEX_POINT ( 'NONE', #323 ) ;
#1248 = DIRECTION ( 'NONE',  ( -4.205390244792263185E-15, 1.000000000000000000, 0.000000000000000000 ) ) ;
#1249 = CYLINDRICAL_SURFACE ( 'NONE', #1605, 1.649999999999998579 ) ;
#1250 = EDGE_CURVE ( 'NONE', #287, #316, #33, .T. ) ;
#1251 = EDGE_LOOP ( 'NONE', ( #2139, #1580 ) ) ;
#1252 = VERTEX_POINT ( 'NONE', #182 ) ;
#1253 = DIRECTION ( 'NONE',  ( 3.469446951953614583E-15, 1.000000000000000000, 0.000000000000000000 ) ) ;
#1254 = PLANE ( 'NONE',  #1047 ) ;
#1255 = ORIENTED_EDGE ( 'NONE', *, *, #375, .F. ) ;
#1256 = EDGE_CURVE ( 'NONE', #805, #233, #2051, .T. ) ;
#1257 = DIRECTION ( 'NONE',  ( -0.000000000000000000, -1.000000000000000000, -0.000000000000000000 ) ) ;
#1258 = CARTESIAN_POINT ( 'NONE',  ( 1.040834085586084257E-14, -4.000000000000000000, 30.00000000000000355 ) ) ;
#1259 = CIRCLE ( 'NONE', #1980, 1.649999999999988365 ) ;
#1260 = VERTEX_POINT ( 'NONE', #18 ) ;
#1261 = VECTOR ( 'NONE', #714, 1000.000000000000000 ) ;
#1262 = DATE_AND_TIME ( #1411, #1614 ) ;
#1263 = ORIENTED_EDGE ( 'NONE', *, *, #756, .T. ) ;
#1264 = CIRCLE ( 'NONE', #297, 1.649999999999998579 ) ;
#1265 = VECTOR ( 'NONE', #1044, 1000.000000000000000 ) ;
#1266 = ORIENTED_EDGE ( 'NONE', *, *, #483, .T. ) ;
#1267 = CARTESIAN_POINT ( 'NONE',  ( 40.00000000000014211, 39.99999999999998579, 24.99999999999998579 ) ) ;
#1268 = LINE ( 'NONE', #759, #650 ) ;
#1269 = ADVANCED_FACE ( 'NONE', ( #1672 ), #2038, .F. ) ;
#1270 = EDGE_LOOP ( 'NONE', ( #2015, #749 ) ) ;
#1271 = PERSON_AND_ORGANIZATION ( #766, #921 ) ;
#1272 = ORIENTED_EDGE ( 'NONE', *, *, #138, .T. ) ;
#1273 = CARTESIAN_POINT ( 'NONE',  ( -36.00000000000009948, 24.99999999999998579, -1.526556658859589612E-14 ) ) ;
#1274 = DIRECTION ( 'NONE',  ( 1.000000000000000000, -0.000000000000000000, 1.541976423090495880E-16 ) ) ;
#1275 = DIRECTION ( 'NONE',  ( -3.469446951953614583E-15, 1.000000000000000000, 0.000000000000000000 ) ) ;
#1276 = CARTESIAN_POINT ( 'NONE',  ( 36.00000000000015632, 45.00000000000024869, 44.99999999999998579 ) ) ;
#1277 = EDGE_CURVE ( 'NONE', #1278, #420, #1505, .T. ) ;
#1278 = VERTEX_POINT ( 'NONE', #1211 ) ;
#1279 = DIRECTION ( 'NONE',  ( -1.000000000000000000, 3.469446951953614583E-15, 1.541976423090495880E-16 ) ) ;
#1280 = ORIENTED_EDGE ( 'NONE', *, *, #306, .F. ) ;
#1281 = EDGE_LOOP ( 'NONE', ( #1035, #1541 ) ) ;
#1282 = CARTESIAN_POINT ( 'NONE',  ( -36.00000000000005684, 9.999999999999987566, -26.65000000000001279 ) ) ;
#1283 = DIRECTION ( 'NONE',  ( 0.000000000000000000, 0.000000000000000000, -1.000000000000000000 ) ) ;
#1284 = DIRECTION ( 'NONE',  ( 0.000000000000000000, 0.000000000000000000, 1.000000000000000000 ) ) ;
#1285 = ORIENTED_EDGE ( 'NONE', *, *, #1560, .F. ) ;
#1286 = AXIS2_PLACEMENT_3D ( 'NONE', #1961, #277, #468 ) ;
#1287 = VERTEX_POINT ( 'NONE', #889 ) ;
#1288 = CIRCLE ( 'NONE', #330, 1.000000000000007772 ) ;
#1289 = EDGE_CURVE ( 'NONE', #1422, #252, #1020, .T. ) ;
#1290 = VECTOR ( 'NONE', #239, 1000.000000000000000 ) ;
#1291 = ORIENTED_EDGE ( 'NONE', *, *, #1616, .T. ) ;
#1292 = CARTESIAN_POINT ( 'NONE',  ( 40.00000000000004974, 9.999999999999987566, -23.35000000000001563 ) ) ;
#1293 = DIRECTION ( 'NONE',  ( 0.000000000000000000, 0.000000000000000000, 1.000000000000000000 ) ) ;
#1294 = VECTOR ( 'NONE', #809, 1000.000000000000000 ) ;
#1295 = VECTOR ( 'NONE', #1822, 1000.000000000000000 ) ;
#1296 = DIRECTION ( 'NONE',  ( -1.000000000000000000, -0.000000000000000000, 1.541976423090495880E-16 ) ) ;
#1297 = ORIENTED_EDGE ( 'NONE', *, *, #1165, .T. ) ;
#1298 = DIRECTION ( 'NONE',  ( 1.000000000000000000, -0.000000000000000000, 1.541976423090495880E-16 ) ) ;
#1299 = ORIENTED_EDGE ( 'NONE', *, *, #1289, .F. ) ;
#1300 = EDGE_LOOP ( 'NONE', ( #1255, #84 ) ) ;
#1301 = ADVANCED_FACE ( 'NONE', ( #1354 ), #517, .T. ) ;
#1302 = LINE ( 'NONE', #972, #269 ) ;
#1303 = LINE ( 'NONE', #790, #1660 ) ;
#1304 = FACE_OUTER_BOUND ( 'NONE', #87, .T. ) ;
#1305 = ORIENTED_EDGE ( 'NONE', *, *, #306, .T. ) ;
#1306 = EDGE_LOOP ( 'NONE', ( #1653, #2088 ) ) ;
#1307 = ORIENTED_EDGE ( 'NONE', *, *, #625, .T. ) ;
#1308 = CYLINDRICAL_SURFACE ( 'NONE', #1012, 1.649999999999988365 ) ;
#1309 = DIRECTION ( 'NONE',  ( -1.000000000000000000, 0.000000000000000000, 1.541976423090495387E-16 ) ) ;
#1310 = EDGE_CURVE ( 'NONE', #1278, #1870, #1637, .T. ) ;
#1311 = DIRECTION ( 'NONE',  ( 1.000000000000000000, -0.000000000000000000, 1.541976423090495880E-16 ) ) ;
#1312 = CARTESIAN_POINT ( 'NONE',  ( -24.99999999999998934, -4.000000000000000000, -1.649999999999984812 ) ) ;
#1313 = AXIS2_PLACEMENT_3D ( 'NONE', #452, #1986, #2135 ) ;
#1314 = VERTEX_POINT ( 'NONE', #1046 ) ;
#1315 = VECTOR ( 'NONE', #1854, 1000.000000000000000 ) ;
#1316 = EDGE_LOOP ( 'NONE', ( #1981, #1263, #668, #1299 ) ) ;
#1317 = CARTESIAN_POINT ( 'NONE',  ( 40.00000000000024158, 30.00000000000026645, 44.99999999999996447 ) ) ;
#1318 = CARTESIAN_POINT ( 'NONE',  ( 25.00000000000001066, 0.000000000000000000, 3.469446951953614189E-15 ) ) ;
#1319 = AXIS2_PLACEMENT_3D ( 'NONE', #1975, #1644, #135 ) ;
#1320 = DIRECTION ( 'NONE',  ( -1.000000000000000000, 0.000000000000000000, 0.000000000000000000 ) ) ;
#1321 = VECTOR ( 'NONE', #643, 1000.000000000000000 ) ;
#1322 = EDGE_CURVE ( 'NONE', #788, #215, #1548, .T. ) ;
#1323 = VERTEX_POINT ( 'NONE', #1224 ) ;
#1324 = VERTEX_POINT ( 'NONE', #1380 ) ;
#1325 = DIRECTION ( 'NONE',  ( -0.000000000000000000, -1.000000000000000000, -0.000000000000000000 ) ) ;
#1326 = ORIENTED_EDGE ( 'NONE', *, *, #1866, .T. ) ;
#1327 = CARTESIAN_POINT ( 'NONE',  ( -36.00000000000009948, 24.99999999999998579, -1.526556658859589612E-14 ) ) ;
#1328 = CARTESIAN_POINT ( 'NONE',  ( 25.00000000000001066, -4.000000000000000000, -29.99999999999999645 ) ) ;
#1329 = DIRECTION ( 'NONE',  ( 0.000000000000000000, 1.000000000000000000, 0.000000000000000000 ) ) ;
#1330 = DIRECTION ( 'NONE',  ( 1.000000000000000000, 0.000000000000000000, 0.000000000000000000 ) ) ;
#1331 = DIRECTION ( 'NONE',  ( 0.000000000000000000, 0.000000000000000000, 1.000000000000000000 ) ) ;
#1332 = DIRECTION ( 'NONE',  ( 1.000000000000000000, 3.491481338843134144E-15, 0.000000000000000000 ) ) ;
#1333 = ORIENTED_EDGE ( 'NONE', *, *, #85, .F. ) ;
#1334 = ADVANCED_FACE ( 'NONE', ( #724 ), #1760, .F. ) ;
#1335 = ORIENTED_EDGE ( 'NONE', *, *, #1365, .T. ) ;
#1336 = CARTESIAN_POINT ( 'NONE',  ( 39.99999999999998579, -1.527438034335171262E-13, 44.99999999999998579 ) ) ;
#1337 = EDGE_LOOP ( 'NONE', ( #77, #2138 ) ) ;
#1338 = CARTESIAN_POINT ( 'NONE',  ( 25.00000000000001066, 0.000000000000000000, -28.35000000000000853 ) ) ;
#1339 = DIRECTION ( 'NONE',  ( -1.000000000000000000, -0.000000000000000000, 1.541976423090495880E-16 ) ) ;
#1340 = CYLINDRICAL_SURFACE ( 'NONE', #415, 1.649999999999988365 ) ;
#1341 = DIRECTION ( 'NONE',  ( -0.000000000000000000, -0.000000000000000000, 1.000000000000000000 ) ) ;
#1342 = LINE ( 'NONE', #1855, #729 ) ;
#1343 = FACE_BOUND ( 'NONE', #212, .T. ) ;
#1344 = ORIENTED_EDGE ( 'NONE', *, *, #1956, .T. ) ;
#1345 = EDGE_LOOP ( 'NONE', ( #2170, #892, #1297, #1620 ) ) ;
#1346 = DIRECTION ( 'NONE',  ( 0.000000000000000000, 0.000000000000000000, -1.000000000000000000 ) ) ;
#1347 = AXIS2_PLACEMENT_3D ( 'NONE', #1856, #21, #1024 ) ;
#1348 = ORIENTED_EDGE ( 'NONE', *, *, #784, .T. ) ;
#1349 = DIRECTION ( 'NONE',  ( 0.000000000000000000, 1.000000000000000000, 0.000000000000000000 ) ) ;
#1350 = ADVANCED_FACE ( 'NONE', ( #1424 ), #1922, .F. ) ;
#1351 = DIRECTION ( 'NONE',  ( -0.000000000000000000, -1.000000000000000000, -0.000000000000000000 ) ) ;
#1352 = CIRCLE ( 'NONE', #1571, 1.649999999999988365 ) ;
#1353 = FACE_BOUND ( 'NONE', #1281, .T. ) ;
#1354 = FACE_OUTER_BOUND ( 'NONE', #1858, .T. ) ;
#1355 = CIRCLE ( 'NONE', #1670, 1.649999999999988365 ) ;
#1356 = VECTOR ( 'NONE', #1820, 1000.000000000000000 ) ;
#1357 = DIRECTION ( 'NONE',  ( -0.000000000000000000, -1.000000000000000000, -0.000000000000000000 ) ) ;
#1358 = FACE_BOUND ( 'NONE', #1337, .T. ) ;
#1359 = VECTOR ( 'NONE', #1724, 1000.000000000000000 ) ;
#1360 = ORIENTED_EDGE ( 'NONE', *, *, #1461, .T. ) ;
#1361 = ORIENTED_EDGE ( 'NONE', *, *, #1560, .T. ) ;
#1362 = ORIENTED_EDGE ( 'NONE', *, *, #988, .F. ) ;
#1363 = LINE ( 'NONE', #42, #1151 ) ;
#1364 = CYLINDRICAL_SURFACE ( 'NONE', #2122, 1.649999999999988365 ) ;
#1365 = EDGE_CURVE ( 'NONE', #1215, #522, #1782, .T. ) ;
#1366 = CARTESIAN_POINT ( 'NONE',  ( -24.99999999999998934, -4.000000000000000000, 30.00000000000000355 ) ) ;
#1367 = CYLINDRICAL_SURFACE ( 'NONE', #443, 1.649999999999998579 ) ;
#1368 = DIRECTION ( 'NONE',  ( 0.000000000000000000, 0.000000000000000000, 1.000000000000000000 ) ) ;
#1369 = DIRECTION ( 'NONE',  ( 0.000000000000000000, 1.000000000000000000, 0.000000000000000000 ) ) ;
#1370 = APPROVAL ( #1764, '未' ) ;
#1371 = DIRECTION ( 'NONE',  ( -1.000000000000000000, 3.469446951953614583E-15, 1.541976423090495880E-16 ) ) ;
#1372 = ORIENTED_EDGE ( 'NONE', *, *, #1070, .T. ) ;
#1373 = EDGE_LOOP ( 'NONE', ( #718, #1881, #1784, #1522 ) ) ;
#1374 = EDGE_CURVE ( 'NONE', #522, #1215, #508, .T. ) ;
#1375 = DIRECTION ( 'NONE',  ( 1.000000000000000000, 3.469446951953614189E-15, -1.541976423090495880E-16 ) ) ;
#1376 = ORIENTED_EDGE ( 'NONE', *, *, #1935, .F. ) ;
#1377 = CARTESIAN_POINT ( 'NONE',  ( -40.00000000000015632, 39.99999999999998579, -26.65000000000001279 ) ) ;
#1378 = LINE ( 'NONE', #684, #2096 ) ;
#1379 = FACE_OUTER_BOUND ( 'NONE', #388, .T. ) ;
#1380 = CARTESIAN_POINT ( 'NONE',  ( -36.00000000000019895, 50.00000000000000000, -44.99999999999998579 ) ) ;
#1381 = EDGE_CURVE ( 'NONE', #1247, #420, #833, .T. ) ;
#1382 = CARTESIAN_POINT ( 'NONE',  ( 40.00000000000003553, 9.999999999999987566, 24.99999999999998579 ) ) ;
#1383 = CARTESIAN_POINT ( 'NONE',  ( -24.99999999999998934, 0.000000000000000000, 3.469446951953614189E-15 ) ) ;
#1384 = FACE_OUTER_BOUND ( 'NONE', #448, .T. ) ;
#1385 = EDGE_CURVE ( 'NONE', #107, #431, #1938, .T. ) ;
#1386 = VERTEX_POINT ( 'NONE', #2085 ) ;
#1387 = EDGE_LOOP ( 'NONE', ( #1207, #1770, #1941, #1376, #624, #2002 ) ) ;
#1388 = VERTEX_POINT ( 'NONE', #575 ) ;
#1389 = FACE_BOUND ( 'NONE', #1912, .T. ) ;
#1390 = ORIENTED_EDGE ( 'NONE', *, *, #432, .T. ) ;
#1391 = DIRECTION ( 'NONE',  ( -0.000000000000000000, -1.000000000000000000, -0.000000000000000000 ) ) ;
#1392 = CIRCLE ( 'NONE', #1804, 1.649999999999998579 ) ;
#1393 = CARTESIAN_POINT ( 'NONE',  ( -36.00000000000015632, 39.99999999999998579, -25.00000000000001421 ) ) ;
#1394 = VECTOR ( 'NONE', #785, 1000.000000000000000 ) ;
#1395 = DIRECTION ( 'NONE',  ( 1.000000000000000000, -0.000000000000000000, 1.541976423090495880E-16 ) ) ;
#1396 = AXIS2_PLACEMENT_3D ( 'NONE', #102, #589, #1750 ) ;
#1397 = CARTESIAN_POINT ( 'NONE',  ( 40.00000000000018474, 45.00000000000026290, 44.99999999999998579 ) ) ;
#1398 = CIRCLE ( 'NONE', #1456, 1.649999999999998579 ) ;
#1399 = EDGE_LOOP ( 'NONE', ( #793, #1719 ) ) ;
#1400 = AXIS2_PLACEMENT_3D ( 'NONE', #1122, #1460, #115 ) ;
#1401 = CALENDAR_DATE ( 2026, 30, 6 ) ;
#1402 = AXIS2_PLACEMENT_3D ( 'NONE', #495, #1206, #1524 ) ;
#1403 = ORIENTED_EDGE ( 'NONE', *, *, #913, .F. ) ;
#1404 = FACE_BOUND ( 'NONE', #533, .T. ) ;
#1405 = CARTESIAN_POINT ( 'NONE',  ( 40.00000000000029843, 15.00000000000026645, 44.99999999999998579 ) ) ;
#1406 = ORIENTED_EDGE ( 'NONE', *, *, #640, .T. ) ;
#1407 = DIRECTION ( 'NONE',  ( 0.000000000000000000, 0.000000000000000000, 1.000000000000000000 ) ) ;
#1408 = CARTESIAN_POINT ( 'NONE',  ( -34.99999999999999289, -4.000000000000010658, 44.99999999999998579 ) ) ;
#1409 = EDGE_LOOP ( 'NONE', ( #1143, #175, #2145, #1553 ) ) ;
#1410 = ADVANCED_FACE ( 'NONE', ( #555 ), #70, .F. ) ;
#1411 = CALENDAR_DATE ( 2026, 30, 6 ) ;
#1412 = ORIENTED_EDGE ( 'NONE', *, *, #1021, .F. ) ;
#1413 = FACE_BOUND ( 'NONE', #678, .T. ) ;
#1414 = ORIENTED_EDGE ( 'NONE', *, *, #1064, .F. ) ;
#1415 = ORIENTED_EDGE ( 'NONE', *, *, #85, .T. ) ;
#1416 = DIRECTION ( 'NONE',  ( 0.000000000000000000, 0.000000000000000000, -1.000000000000000000 ) ) ;
#1417 = FACE_OUTER_BOUND ( 'NONE', #1409, .T. ) ;
#1418 = VERTEX_POINT ( 'NONE', #910 ) ;
#1419 = EDGE_LOOP ( 'NONE', ( #455, #159, #2034, #105 ) ) ;
#1420 = CARTESIAN_POINT ( 'NONE',  ( 39.99999999999997158, -1.527438034335170757E-13, -44.99999999999998579 ) ) ;
#1421 = DIRECTION ( 'NONE',  ( -1.000000000000000000, 0.000000000000000000, 1.541976423090495387E-16 ) ) ;
#1422 = VERTEX_POINT ( 'NONE', #593 ) ;
#1423 = EDGE_CURVE ( 'NONE', #2017, #139, #1570, .T. ) ;
#1424 = FACE_OUTER_BOUND ( 'NONE', #534, .T. ) ;
#1425 = DIRECTION ( 'NONE',  ( 0.000000000000000000, 0.000000000000000000, 1.000000000000000000 ) ) ;
#1426 = AXIS2_PLACEMENT_3D ( 'NONE', #1874, #1339, #363 ) ;
#1427 = EDGE_CURVE ( 'NONE', #554, #622, #238, .T. ) ;
#1428 = CIRCLE ( 'NONE', #1005, 1.649999999999988365 ) ;
#1429 = EDGE_LOOP ( 'NONE', ( #607, #50 ) ) ;
#1430 = AXIS2_PLACEMENT_3D ( 'NONE', #711, #2, #658 ) ;
#1431 = DIRECTION ( 'NONE',  ( -1.541976423090495387E-16, 5.349805401075656121E-31, -1.000000000000000000 ) ) ;
#1432 = AXIS2_PLACEMENT_3D ( 'NONE', #669, #655, #1177 ) ;
#1433 = CYLINDRICAL_SURFACE ( 'NONE', #1714, 1.649999999999998579 ) ;
#1434 = FACE_BOUND ( 'NONE', #903, .T. ) ;
#1435 = EDGE_CURVE ( 'NONE', #1554, #937, #735, .T. ) ;
#1436 = CARTESIAN_POINT ( 'NONE',  ( -24.99999999999998934, -4.000000000000001776, 30.00000000000000355 ) ) ;
#1437 = VERTEX_POINT ( 'NONE', #1736 ) ;
#1438 = ORIENTED_EDGE ( 'NONE', *, *, #2167, .T. ) ;
#1439 = ORIENTED_EDGE ( 'NONE', *, *, #862, .F. ) ;
#1440 = CARTESIAN_POINT ( 'NONE',  ( 36.00000000000000000, -8.813754755809102555E-17, 44.99999999999998579 ) ) ;
#1441 = CARTESIAN_POINT ( 'NONE',  ( -40.00000000000015632, 39.99999999999998579, -23.35000000000001563 ) ) ;
#1442 = CARTESIAN_POINT ( 'NONE',  ( 36.00000000000009948, 30.00000000000025224, 44.99999999999996447 ) ) ;
#1443 = EDGE_CURVE ( 'NONE', #622, #554, #1398, .T. ) ;
#1444 = EDGE_CURVE ( 'NONE', #1526, #2130, #750, .T. ) ;
#1445 = ORIENTED_EDGE ( 'NONE', *, *, #1611, .T. ) ;
#1446 = EDGE_CURVE ( 'NONE', #1453, #2118, #878, .T. ) ;
#1447 = ORIENTED_EDGE ( 'NONE', *, *, #1454, .F. ) ;
#1448 = DIRECTION ( 'NONE',  ( 0.000000000000000000, 0.000000000000000000, -1.000000000000000000 ) ) ;
#1449 = FACE_OUTER_BOUND ( 'NONE', #2117, .T. ) ;
#1450 = FACE_BOUND ( 'NONE', #1992, .T. ) ;
#1451 = VECTOR ( 'NONE', #429, 1000.000000000000000 ) ;
#1452 = CIRCLE ( 'NONE', #324, 1.649999999999988365 ) ;
#1453 = VERTEX_POINT ( 'NONE', #1932 ) ;
#1454 = EDGE_CURVE ( 'NONE', #284, #2013, #1355, .T. ) ;
#1455 = AXIS2_PLACEMENT_3D ( 'NONE', #802, #1464, #125 ) ;
#1456 = AXIS2_PLACEMENT_3D ( 'NONE', #246, #428, #1556 ) ;
#1457 = AXIS2_PLACEMENT_3D ( 'NONE', #487, #990, #1028 ) ;
#1458 = CARTESIAN_POINT ( 'NONE',  ( 40.00000000000014921, 49.99999999999998579, -44.99999999999998579 ) ) ;
#1459 = EDGE_LOOP ( 'NONE', ( #2033, #278 ) ) ;
#1460 = DIRECTION ( 'NONE',  ( 1.000000000000000000, 3.469446951953614583E-15, -1.541976423090495880E-16 ) ) ;
#1461 = EDGE_CURVE ( 'NONE', #654, #316, #90, .T. ) ;
#1462 = DIRECTION ( 'NONE',  ( 0.000000000000000000, 1.000000000000000000, 0.000000000000000000 ) ) ;
#1463 = AXIS2_PLACEMENT_3D ( 'NONE', #2019, #177, #1843 ) ;
#1464 = DIRECTION ( 'NONE',  ( -1.000000000000000000, -0.000000000000000000, 1.541976423090495880E-16 ) ) ;
#1465 = ADVANCED_FACE ( 'NONE', ( #567 ), #1105, .F. ) ;
#1466 = ORIENTED_EDGE ( 'NONE', *, *, #1435, .F. ) ;
#1467 = EDGE_LOOP ( 'NONE', ( #762, #51, #178, #1245 ) ) ;
#1468 = ADVANCED_FACE ( 'NONE', ( #770 ), #1433, .F. ) ;
#1469 = VERTEX_POINT ( 'NONE', #1129 ) ;
#1470 = CARTESIAN_POINT ( 'NONE',  ( -35.00000000000001421, -1.040834085586084257E-14, -44.99999999999998579 ) ) ;
#1471 = CARTESIAN_POINT ( 'NONE',  ( 25.00000000000001066, -4.000000000000000000, 31.64999999999999147 ) ) ;
#1472 = CARTESIAN_POINT ( 'NONE',  ( 25.00000000000001066, -4.000000000000000000, -28.35000000000000853 ) ) ;
#1473 = DIRECTION ( 'NONE',  ( -0.000000000000000000, -1.000000000000000000, -0.000000000000000000 ) ) ;
#1474 = ORIENTED_EDGE ( 'NONE', *, *, #756, .F. ) ;
#1475 = ORIENTED_EDGE ( 'NONE', *, *, #417, .T. ) ;
#1476 = FACE_OUTER_BOUND ( 'NONE', #748, .T. ) ;
#1477 = DIRECTION ( 'NONE',  ( -0.000000000000000000, -1.000000000000000000, -0.000000000000000000 ) ) ;
#1478 = EDGE_CURVE ( 'NONE', #349, #1526, #1953, .T. ) ;
#1479 = FACE_BOUND ( 'NONE', #1459, .T. ) ;
#1480 = DIRECTION ( 'NONE',  ( 0.000000000000000000, 0.000000000000000000, -1.000000000000000000 ) ) ;
#1481 = CARTESIAN_POINT ( 'NONE',  ( 1.040834085586084257E-14, -4.000000000000001776, -31.64999999999998437 ) ) ;
#1482 = AXIS2_PLACEMENT_3D ( 'NONE', #59, #1776, #1244 ) ;
#1483 = ORIENTED_EDGE ( 'NONE', *, *, #1478, .F. ) ;
#1484 = CIRCLE ( 'NONE', #406, 1.649999999999998579 ) ;
#1485 =( NAMED_UNIT ( * ) SI_UNIT ( $, .STERADIAN. ) SOLID_ANGLE_UNIT ( ) );
#1486 = VERTEX_POINT ( 'NONE', #2134 ) ;
#1487 = CIRCLE ( 'NONE', #875, 15.00000000000000000 ) ;
#1488 = CARTESIAN_POINT ( 'NONE',  ( -36.00000000000007105, 15.00000000000000355, 44.99999999999998579 ) ) ;
#1489 = LINE ( 'NONE', #628, #289 ) ;
#1490 = VECTOR ( 'NONE', #340, 1000.000000000000000 ) ;
#1491 = DIRECTION ( 'NONE',  ( 0.000000000000000000, 0.000000000000000000, 1.000000000000000000 ) ) ;
#1492 = FACE_OUTER_BOUND ( 'NONE', #952, .T. ) ;
#1493 = CIRCLE ( 'NONE', #653, 1.649999999999988365 ) ;
#1494 = EDGE_CURVE ( 'NONE', #720, #1079, #789, .T. ) ;
#1495 = AXIS2_PLACEMENT_3D ( 'NONE', #163, #840, #1500 ) ;
#1496 = DIRECTION ( 'NONE',  ( -0.000000000000000000, -1.000000000000000000, -0.000000000000000000 ) ) ;
#1497 = CARTESIAN_POINT ( 'NONE',  ( -40.00000000000018474, 49.99999999999998579, -44.99999999999998579 ) ) ;
#1498 = ORIENTED_EDGE ( 'NONE', *, *, #649, .T. ) ;
#1499 = VERTEX_POINT ( 'NONE', #288 ) ;
#1500 = DIRECTION ( 'NONE',  ( 1.000000000000000000, 0.000000000000000000, 0.000000000000000000 ) ) ;
#1501 = ORIENTED_EDGE ( 'NONE', *, *, #1075, .F. ) ;
#1502 = DIRECTION ( 'NONE',  ( 1.000000000000000000, -0.000000000000000000, 1.541976423090495880E-16 ) ) ;
#1503 = FACE_OUTER_BOUND ( 'NONE', #795, .T. ) ;
#1504 = CARTESIAN_POINT ( 'NONE',  ( 36.00000000000017053, 50.00000000000000000, 44.99999999999998579 ) ) ;
#1505 = LINE ( 'NONE', #1851, #1490 ) ;
#1506 = CARTESIAN_POINT ( 'NONE',  ( 40.00000000000003553, 9.999999999999987566, 24.99999999999998579 ) ) ;
#1507 = ORIENTED_EDGE ( 'NONE', *, *, #792, .F. ) ;
#1508 = VERTEX_POINT ( 'NONE', #109 ) ;
#1509 = EDGE_CURVE ( 'NONE', #509, #522, #955, .T. ) ;
#1510 = EDGE_LOOP ( 'NONE', ( #1871, #769 ) ) ;
#1511 = DIRECTION ( 'NONE',  ( -0.000000000000000000, -1.000000000000000000, -0.000000000000000000 ) ) ;
#1512 = EDGE_LOOP ( 'NONE', ( #1634, #244, #1406, #1590 ) ) ;
#1513 = CARTESIAN_POINT ( 'NONE',  ( 36.00000000000002842, 9.999999999999987566, 24.99999999999998579 ) ) ;
#1514 = LINE ( 'NONE', #2049, #914 ) ;
#1515 = EDGE_CURVE ( 'NONE', #1453, #1927, #1775, .T. ) ;
#1516 = DIRECTION ( 'NONE',  ( -0.000000000000000000, -1.000000000000000000, -0.000000000000000000 ) ) ;
#1517 = DIRECTION ( 'NONE',  ( 0.000000000000000000, 0.000000000000000000, -1.000000000000000000 ) ) ;
#1518 = LINE ( 'NONE', #7, #1315 ) ;
#1519 = DIRECTION ( 'NONE',  ( 1.000000000000000000, -0.000000000000000000, 1.541976423090495880E-16 ) ) ;
#1520 = DIRECTION ( 'NONE',  ( -1.000000000000000000, -3.469446951953614978E-15, 1.541976423090495387E-16 ) ) ;
#1521 = ORIENTED_EDGE ( 'NONE', *, *, #1322, .F. ) ;
#1522 = ORIENTED_EDGE ( 'NONE', *, *, #1277, .F. ) ;
#1523 = EDGE_CURVE ( 'NONE', #252, #639, #2101, .T. ) ;
#1524 = DIRECTION ( 'NONE',  ( -3.700743415417189520E-15, 1.000000000000000000, 0.000000000000000000 ) ) ;
#1525 = VECTOR ( 'NONE', #912, 1000.000000000000000 ) ;
#1526 = VERTEX_POINT ( 'NONE', #1282 ) ;
#1527 = DIRECTION ( 'NONE',  ( 0.000000000000000000, 0.000000000000000000, 1.000000000000000000 ) ) ;
#1528 = CIRCLE ( 'NONE', #579, 1.649999999999998579 ) ;
#1529 = DIRECTION ( 'NONE',  ( -0.000000000000000000, -1.000000000000000000, -0.000000000000000000 ) ) ;
#1530 = AXIS2_PLACEMENT_3D ( 'NONE', #1132, #1949, #312 ) ;
#1531 = FACE_OUTER_BOUND ( 'NONE', #535, .T. ) ;
#1532 = CARTESIAN_POINT ( 'NONE',  ( 25.00000000000001066, -4.000000000000000000, -1.649999999999984812 ) ) ;
#1533 = CARTESIAN_POINT ( 'NONE',  ( 25.00000000000001066, -4.000000000000001776, 3.469446951953614189E-15 ) ) ;
#1534 = AXIS2_PLACEMENT_3D ( 'NONE', #190, #1995, #179 ) ;
#1535 = LINE ( 'NONE', #1868, #440 ) ;
#1536 = DIRECTION ( 'NONE',  ( 1.000000000000000000, 3.469446951953614189E-15, -1.541976423090495880E-16 ) ) ;
#1537 = CIRCLE ( 'NONE', #1463, 1.649999999999998579 ) ;
#1538 = ORIENTED_EDGE ( 'NONE', *, *, #231, .F. ) ;
#1539 = ORIENTED_EDGE ( 'NONE', *, *, #1256, .T. ) ;
#1540 = DIRECTION ( 'NONE',  ( 0.000000000000000000, 0.000000000000000000, -1.000000000000000000 ) ) ;
#1541 = ORIENTED_EDGE ( 'NONE', *, *, #934, .F. ) ;
#1542 = EDGE_CURVE ( 'NONE', #1388, #1730, #1302, .T. ) ;
#1543 = CARTESIAN_POINT ( 'NONE',  ( -24.99999999999998934, -4.000000000000001776, -29.99999999999999645 ) ) ;
#1544 = CARTESIAN_POINT ( 'NONE',  ( -40.00000000000003553, 0.9999999999999800160, -44.99999999999998579 ) ) ;
#1545 = VERTEX_POINT ( 'NONE', #1945 ) ;
#1546 = CARTESIAN_POINT ( 'NONE',  ( 1.040834085586084257E-14, 0.000000000000000000, 28.35000000000001563 ) ) ;
#1547 = EDGE_CURVE ( 'NONE', #590, #1666, #414, .T. ) ;
#1548 = LINE ( 'NONE', #46, #1261 ) ;
#1549 = DIRECTION ( 'NONE',  ( 1.000000000000000000, -3.469446951953587368E-15, 0.000000000000000000 ) ) ;
#1550 = CARTESIAN_POINT ( 'NONE',  ( 34.99999999999999289, -1.387778780781445676E-14, -44.99999999999998579 ) ) ;
#1551 = EDGE_CURVE ( 'NONE', #2118, #1453, #1186, .T. ) ;
#1552 = ORIENTED_EDGE ( 'NONE', *, *, #1250, .F. ) ;
#1553 = ORIENTED_EDGE ( 'NONE', *, *, #1830, .F. ) ;
#1554 = VERTEX_POINT ( 'NONE', #816 ) ;
#1555 = DIRECTION ( 'NONE',  ( 0.000000000000000000, 0.000000000000000000, -1.000000000000000000 ) ) ;
#1556 = DIRECTION ( 'NONE',  ( -4.205390244792263185E-15, 1.000000000000000000, 0.000000000000000000 ) ) ;
#1557 = EDGE_CURVE ( 'NONE', #1839, #1128, #2158, .T. ) ;
#1558 = DIRECTION ( 'NONE',  ( 1.000000000000000000, -3.469446951953614978E-15, -1.541976423090495387E-16 ) ) ;
#1559 = DIRECTION ( 'NONE',  ( 0.000000000000000000, 0.000000000000000000, -1.000000000000000000 ) ) ;
#1560 = EDGE_CURVE ( 'NONE', #1135, #395, #835, .T. ) ;
#1561 = VERTEX_POINT ( 'NONE', #1292 ) ;
#1562 = APPROVAL_DATE_TIME ( #1262, #950 ) ;
#1563 = ORIENTED_EDGE ( 'NONE', *, *, #1021, .T. ) ;
#1564 = CARTESIAN_POINT ( 'NONE',  ( -40.00000000000002132, 0.000000000000000000, -45.00000000000000000 ) ) ;
#1565 = DIRECTION ( 'NONE',  ( 1.541976423090495387E-16, 5.349805401075656121E-31, 1.000000000000000000 ) ) ;
#1566 = VECTOR ( 'NONE', #1979, 1000.000000000000000 ) ;
#1567 = ORIENTED_EDGE ( 'NONE', *, *, #529, .T. ) ;
#1568 = CARTESIAN_POINT ( 'NONE',  ( -24.99999999999998934, -4.000000000000000000, 3.469446951953614189E-15 ) ) ;
#1569 = VECTOR ( 'NONE', #1900, 1000.000000000000000 ) ;
#1570 = LINE ( 'NONE', #938, #1092 ) ;
#1571 = AXIS2_PLACEMENT_3D ( 'NONE', #1383, #1369, #367 ) ;
#1572 = DIRECTION ( 'NONE',  ( -0.000000000000000000, -1.000000000000000000, -0.000000000000000000 ) ) ;
#1573 = ADVANCED_FACE ( 'NONE', ( #1959 ), #1308, .F. ) ;
#1574 = CIRCLE ( 'NONE', #1751, 1.000000000000007772 ) ;
#1575 = CIRCLE ( 'NONE', #1893, 1.649999999999989919 ) ;
#1576 = ORIENTED_EDGE ( 'NONE', *, *, #1790, .F. ) ;
#1577 = AXIS2_PLACEMENT_3D ( 'NONE', #1543, #1682, #28 ) ;
#1578 = CALENDAR_DATE ( 2026, 30, 6 ) ;
#1579 = LOCAL_TIME ( 23, 16, 27.00000000000000000, #744 ) ;
#1580 = ORIENTED_EDGE ( 'NONE', *, *, #2144, .F. ) ;
#1581 = CARTESIAN_POINT ( 'NONE',  ( -24.99999999999998934, -4.000000000000001776, 3.469446951953614189E-15 ) ) ;
#1582 = APPROVAL_PERSON_ORGANIZATION ( #1080, #1370, #1740 ) ;
#1583 = VERTEX_POINT ( 'NONE', #1648 ) ;
#1584 = EDGE_LOOP ( 'NONE', ( #270, #1447 ) ) ;
#1585 = DIRECTION ( 'NONE',  ( 1.000000000000000000, -0.000000000000000000, 1.541976423090495880E-16 ) ) ;
#1586 = DIRECTION ( 'NONE',  ( 0.000000000000000000, 0.000000000000000000, -1.000000000000000000 ) ) ;
#1587 = ORIENTED_EDGE ( 'NONE', *, *, #1042, .F. ) ;
#1588 = PERSON_AND_ORGANIZATION_ROLE ( 'creator' ) ;
#1589 = EDGE_CURVE ( 'NONE', #1730, #257, #1137, .T. ) ;
#1590 = ORIENTED_EDGE ( 'NONE', *, *, #1956, .F. ) ;
#1591 = FACE_OUTER_BOUND ( 'NONE', #364, .T. ) ;
#1592 = CYLINDRICAL_SURFACE ( 'NONE', #1978, 1.649999999999989253 ) ;
#1593 = CARTESIAN_POINT ( 'NONE',  ( -40.00000000000009948, 24.99999999999998579, -1.464877601935970260E-14 ) ) ;
#1594 = CARTESIAN_POINT ( 'NONE',  ( 40.00000000000009948, 24.99999999999998579, -1.650000000000013456 ) ) ;
#1595 = ORIENTED_EDGE ( 'NONE', *, *, #1385, .T. ) ;
#1596 = APPROVAL_STATUS ( 'not_yet_approved' ) ;
#1597 = DIRECTION ( 'NONE',  ( -1.000000000000000000, -0.000000000000000000, 1.541976423090495880E-16 ) ) ;
#1598 = EDGE_CURVE ( 'NONE', #1025, #431, #1795, .T. ) ;
#1599 = ORIENTED_EDGE ( 'NONE', *, *, #1773, .T. ) ;
#1600 = DIRECTION ( 'NONE',  ( 1.000000000000000000, -0.000000000000000000, 1.541976423090495880E-16 ) ) ;
#1601 = FACE_BOUND ( 'NONE', #1794, .T. ) ;
#1602 = CIRCLE ( 'NONE', #322, 1.649999999999989253 ) ;
#1603 = CARTESIAN_POINT ( 'NONE',  ( -40.00000000000009948, 24.99999999999998579, -1.650000000000013456 ) ) ;
#1604 = AXIS2_PLACEMENT_3D ( 'NONE', #383, #2000, #1368 ) ;
#1605 = AXIS2_PLACEMENT_3D ( 'NONE', #911, #1106, #1933 ) ;
#1606 = ORIENTED_EDGE ( 'NONE', *, *, #1688, .F. ) ;
#1607 = CIRCLE ( 'NONE', #1053, 15.00000000000000000 ) ;
#1608 = VECTOR ( 'NONE', #963, 1000.000000000000000 ) ;
#1609 = ORIENTED_EDGE ( 'NONE', *, *, #807, .T. ) ;
#1610 = AXIS2_PLACEMENT_3D ( 'NONE', #1568, #2050, #537 ) ;
#1611 = EDGE_CURVE ( 'NONE', #407, #695, #1493, .T. ) ;
#1612 = ORIENTED_EDGE ( 'NONE', *, *, #1509, .T. ) ;
#1613 = DIRECTION ( 'NONE',  ( -1.000000000000000000, -0.000000000000000000, 1.541976423090495880E-16 ) ) ;
#1614 = LOCAL_TIME ( 23, 16, 27.00000000000000000, #2070 ) ;
#1615 = CARTESIAN_POINT ( 'NONE',  ( 36.00000000000012790, 39.99999999999998579, -23.35000000000001563 ) ) ;
#1616 = EDGE_CURVE ( 'NONE', #708, #1314, #444, .T. ) ;
#1617 = DIRECTION ( 'NONE',  ( 0.000000000000000000, 0.000000000000000000, -1.000000000000000000 ) ) ;
#1618 = ORIENTED_EDGE ( 'NONE', *, *, #2152, .F. ) ;
#1619 = ADVANCED_FACE ( 'NONE', ( #1476 ), #2147, .F. ) ;
#1620 = ORIENTED_EDGE ( 'NONE', *, *, #242, .F. ) ;
#1621 = EDGE_LOOP ( 'NONE', ( #1723, #132, #456, #1083 ) ) ;
#1622 = DIRECTION ( 'NONE',  ( -1.000000000000000000, -0.000000000000000000, 1.541976423090495880E-16 ) ) ;
#1623 = LINE ( 'NONE', #1788, #644 ) ;
#1624 = CARTESIAN_POINT ( 'NONE',  ( -24.99999999999998934, 0.000000000000000000, -28.35000000000000853 ) ) ;
#1625 = EDGE_CURVE ( 'NONE', #287, #107, #1873, .T. ) ;
#1626 = EDGE_LOOP ( 'NONE', ( #463, #1101 ) ) ;
#1627 = EDGE_CURVE ( 'NONE', #1958, #1469, #129, .T. ) ;
#1628 = ORIENTED_EDGE ( 'NONE', *, *, #2116, .T. ) ;
#1629 = CARTESIAN_POINT ( 'NONE',  ( 25.00000000000001066, -4.000000000000001776, -29.99999999999999645 ) ) ;
#1630 = DIRECTION ( 'NONE',  ( 0.000000000000000000, 0.000000000000000000, 1.000000000000000000 ) ) ;
#1631 = DIRECTION ( 'NONE',  ( -1.000000000000000000, 0.000000000000000000, 0.000000000000000000 ) ) ;
#1632 = AXIS2_PLACEMENT_3D ( 'NONE', #439, #1630, #617 ) ;
#1633 = EDGE_CURVE ( 'NONE', #590, #407, #2023, .T. ) ;
#1634 = ORIENTED_EDGE ( 'NONE', *, *, #1646, .T. ) ;
#1635 = VECTOR ( 'NONE', #1139, 1000.000000000000000 ) ;
#1636 = ORIENTED_EDGE ( 'NONE', *, *, #760, .F. ) ;
#1637 = CIRCLE ( 'NONE', #2125, 1.649999999999998579 ) ;
#1638 = VECTOR ( 'NONE', #1801, 1000.000000000000000 ) ;
#1639 = ORIENTED_EDGE ( 'NONE', *, *, #286, .F. ) ;
#1640 = DIRECTION ( 'NONE',  ( -0.000000000000000000, -1.000000000000000000, -0.000000000000000000 ) ) ;
#1641 = LINE ( 'NONE', #1655, #869 ) ;
#1642 = VECTOR ( 'NONE', #1073, 1000.000000000000000 ) ;
#1643 = SECURITY_CLASSIFICATION ( '', '', #753 ) ;
#1644 = DIRECTION ( 'NONE',  ( -1.541976423090495387E-16, -5.349805401075656121E-31, -1.000000000000000000 ) ) ;
#1645 = DIRECTION ( 'NONE',  ( 1.000000000000000000, 0.000000000000000000, 0.000000000000000000 ) ) ;
#1646 = EDGE_CURVE ( 'NONE', #2047, #2017, #696, .T. ) ;
#1647 = VERTEX_POINT ( 'NONE', #1845 ) ;
#1648 = CARTESIAN_POINT ( 'NONE',  ( -24.99999999999998934, -4.000000000000001776, 1.649999999999991696 ) ) ;
#1649 = DIRECTION ( 'NONE',  ( -1.000000000000000000, 3.491481338843134144E-15, 1.541976423090495387E-16 ) ) ;
#1650 = DIRECTION ( 'NONE',  ( -0.000000000000000000, -0.000000000000000000, -1.000000000000000000 ) ) ;
#1651 = PLANE ( 'NONE',  #2120 ) ;
#1652 = ORIENTED_EDGE ( 'NONE', *, *, #283, .F. ) ;
#1653 = ORIENTED_EDGE ( 'NONE', *, *, #855, .F. ) ;
#1654 = DIRECTION ( 'NONE',  ( 0.000000000000000000, 1.000000000000000000, 0.000000000000000000 ) ) ;
#1655 = CARTESIAN_POINT ( 'NONE',  ( -35.00000000000001421, -1.040834085586084257E-14, 44.99999999999998579 ) ) ;
#1656 = CARTESIAN_POINT ( 'NONE',  ( -40.00000000000002132, -4.000000000000000000, -45.00000000000000000 ) ) ;
#1657 = FACE_OUTER_BOUND ( 'NONE', #1373, .T. ) ;
#1658 = CARTESIAN_POINT ( 'NONE',  ( 40.00000000000024158, 30.00000000000026645, 44.99999999999996447 ) ) ;
#1659 = ORIENTED_EDGE ( 'NONE', *, *, #560, .F. ) ;
#1660 = VECTOR ( 'NONE', #1477, 1000.000000000000000 ) ;
#1661 = VERTEX_POINT ( 'NONE', #1488 ) ;
#1662 = CIRCLE ( 'NONE', #1883, 1.649999999999998579 ) ;
#1663 = EDGE_LOOP ( 'NONE', ( #1652, #1439 ) ) ;
#1664 = AXIS2_PLACEMENT_3D ( 'NONE', #705, #1876, #1120 ) ;
#1665 = DIRECTION ( 'NONE',  ( 0.000000000000000000, 0.000000000000000000, 1.000000000000000000 ) ) ;
#1666 = VERTEX_POINT ( 'NONE', #1338 ) ;
#1667 = AXIS2_PLACEMENT_3D ( 'NONE', #994, #1296, #1284 ) ;
#1668 = LINE ( 'NONE', #1208, #551 ) ;
#1669 = DIRECTION ( 'NONE',  ( 1.000000000000000000, -0.000000000000000000, 1.541976423090495880E-16 ) ) ;
#1670 = AXIS2_PLACEMENT_3D ( 'NONE', #1084, #56, #1904 ) ;
#1671 = FACE_BOUND ( 'NONE', #887, .T. ) ;
#1672 = FACE_OUTER_BOUND ( 'NONE', #39, .T. ) ;
#1673 = AXIS2_PLACEMENT_3D ( 'NONE', #1148, #1812, #140 ) ;
#1674 = EDGE_CURVE ( 'NONE', #788, #1437, #2127, .T. ) ;
#1675 = CYLINDRICAL_SURFACE ( 'NONE', #1948, 15.00000000000000000 ) ;
#1676 = DIRECTION ( 'NONE',  ( -0.000000000000000000, -1.000000000000000000, -0.000000000000000000 ) ) ;
#1677 = DIRECTION ( 'NONE',  ( -0.000000000000000000, -1.000000000000000000, -0.000000000000000000 ) ) ;
#1678 = ORIENTED_EDGE ( 'NONE', *, *, #1427, .F. ) ;
#1679 = ORIENTED_EDGE ( 'NONE', *, *, #636, .F. ) ;
#1680 = CARTESIAN_POINT ( 'NONE',  ( 1.061040757772015493E-14, -4.000000000000000000, 31.64999999999999147 ) ) ;
#1681 = VERTEX_POINT ( 'NONE', #1377 ) ;
#1682 = DIRECTION ( 'NONE',  ( -0.000000000000000000, -1.000000000000000000, -0.000000000000000000 ) ) ;
#1683 = CARTESIAN_POINT ( 'NONE',  ( 34.99999999999996447, -4.000000000000014211, -44.99999999999998579 ) ) ;
#1684 = CARTESIAN_POINT ( 'NONE',  ( -40.00000000000017764, 49.99999999999998579, 44.99999999999998579 ) ) ;
#1685 = DIRECTION ( 'NONE',  ( 0.000000000000000000, 0.000000000000000000, 1.000000000000000000 ) ) ;
#1686 = CARTESIAN_POINT ( 'NONE',  ( -24.99999999999998934, -4.000000000000001776, -28.35000000000000853 ) ) ;
#1687 = CARTESIAN_POINT ( 'NONE',  ( -35.00000000000002132, 0.9999999999999974465, -44.99999999999998579 ) ) ;
#1688 = EDGE_CURVE ( 'NONE', #2020, #1499, #976, .T. ) ;
#1689 = LINE ( 'NONE', #2001, #260 ) ;
#1690 = ORIENTED_EDGE ( 'NONE', *, *, #1866, .F. ) ;
#1691 = ORIENTED_EDGE ( 'NONE', *, *, #1598, .F. ) ;
#1692 = EDGE_CURVE ( 'NONE', #1069, #641, #1575, .T. ) ;
#1693 = ORIENTED_EDGE ( 'NONE', *, *, #1134, .F. ) ;
#1694 = CYLINDRICAL_SURFACE ( 'NONE', #72, 1.649999999999998579 ) ;
#1695 = CYLINDRICAL_SURFACE ( 'NONE', #1088, 1.649999999999988365 ) ;
#1696 = ADVANCED_FACE ( 'NONE', ( #2160 ), #1694, .F. ) ;
#1697 = LINE ( 'NONE', #856, #511 ) ;
#1698 = DIRECTION ( 'NONE',  ( 1.000000000000000000, -0.000000000000000000, 1.541976423090495880E-16 ) ) ;
#1699 = DIRECTION ( 'NONE',  ( -1.000000000000000000, -3.469446951953614189E-15, 1.541976423090495880E-16 ) ) ;
#1700 = CYLINDRICAL_SURFACE ( 'NONE', #2018, 1.649999999999989253 ) ;
#1701 = CYLINDRICAL_SURFACE ( 'NONE', #1482, 1.649999999999988365 ) ;
#1702 = EDGE_LOOP ( 'NONE', ( #1483, #823 ) ) ;
#1703 = EDGE_CURVE ( 'NONE', #420, #1247, #31, .T. ) ;
#1704 = EDGE_LOOP ( 'NONE', ( #1741, #797, #329, #331 ) ) ;
#1705 = APPLICATION_PROTOCOL_DEFINITION ( 'international standard', 'config_control_design', 1994, #638 ) ;
#1706 = AXIS2_PLACEMENT_3D ( 'NONE', #37, #1371, #1202 ) ;
#1707 = ORIENTED_EDGE ( 'NONE', *, *, #375, .T. ) ;
#1708 = DIRECTION ( 'NONE',  ( -1.000000000000000000, 3.469446951953614583E-15, 1.541976423090495880E-16 ) ) ;
#1709 = AXIS2_PLACEMENT_3D ( 'NONE', #337, #712, #191 ) ;
#1710 = DIRECTION ( 'NONE',  ( -4.205390244792263185E-15, 1.000000000000000000, 0.000000000000000000 ) ) ;
#1711 = VECTOR ( 'NONE', #2053, 1000.000000000000000 ) ;
#1712 = FACE_OUTER_BOUND ( 'NONE', #314, .T. ) ;
#1713 = CARTESIAN_POINT ( 'NONE',  ( -36.00000000000009948, 24.99999999999998579, -1.650000000000014122 ) ) ;
#1714 = AXIS2_PLACEMENT_3D ( 'NONE', #634, #1613, #616 ) ;
#1715 = DIRECTION ( 'NONE',  ( -1.000000000000000000, -0.000000000000000000, 1.541976423090495880E-16 ) ) ;
#1716 = CYLINDRICAL_SURFACE ( 'NONE', #1838, 1.649999999999988365 ) ;
#1717 = AXIS2_PLACEMENT_3D ( 'NONE', #485, #374, #1665 ) ;
#1718 = ORIENTED_EDGE ( 'NONE', *, *, #341, .F. ) ;
#1719 = ORIENTED_EDGE ( 'NONE', *, *, #2167, .F. ) ;
#1720 = EDGE_LOOP ( 'NONE', ( #273, #2109, #189, #1538 ) ) ;
#1721 = EDGE_CURVE ( 'NONE', #1128, #1135, #1668, .T. ) ;
#1722 = DIRECTION ( 'NONE',  ( -0.000000000000000000, -1.000000000000000000, -0.000000000000000000 ) ) ;
#1723 = ORIENTED_EDGE ( 'NONE', *, *, #1547, .T. ) ;
#1724 = DIRECTION ( 'NONE',  ( -1.000000000000000000, -3.469446951953614189E-15, 1.541976423090495880E-16 ) ) ;
#1725 = CARTESIAN_POINT ( 'NONE',  ( -40.00000000000003553, 9.999999999999987566, 24.99999999999998579 ) ) ;
#1726 = DIRECTION ( 'NONE',  ( -3.469446951953614583E-15, 1.000000000000000000, -0.000000000000000000 ) ) ;
#1727 = CARTESIAN_POINT ( 'NONE',  ( -24.99999999999998934, -4.000000000000000000, -29.99999999999999645 ) ) ;
#1728 = EDGE_LOOP ( 'NONE', ( #1121, #376, #1772, #1498 ) ) ;
#1729 = DATE_AND_TIME ( #561, #1238 ) ;
#1730 = VERTEX_POINT ( 'NONE', #15 ) ;
#1731 = LINE ( 'NONE', #251, #1055 ) ;
#1732 = CARTESIAN_POINT ( 'NONE',  ( -40.00000000000004974, 9.999999999999987566, -23.35000000000001563 ) ) ;
#1733 = EDGE_LOOP ( 'NONE', ( #941, #852 ) ) ;
#1734 = EDGE_CURVE ( 'NONE', #1191, #248, #1264, .T. ) ;
#1735 = FACE_OUTER_BOUND ( 'NONE', #315, .T. ) ;
#1736 = CARTESIAN_POINT ( 'NONE',  ( 36.00000000000002842, 9.999999999999987566, 26.64999999999998792 ) ) ;
#1737 = DIRECTION ( 'NONE',  ( 0.000000000000000000, 0.000000000000000000, 1.000000000000000000 ) ) ;
#1738 = DIRECTION ( 'NONE',  ( 0.000000000000000000, 0.000000000000000000, -1.000000000000000000 ) ) ;
#1739 = ORIENTED_EDGE ( 'NONE', *, *, #242, .T. ) ;
#1740 = APPROVAL_ROLE ( '' ) ;
#1741 = ORIENTED_EDGE ( 'NONE', *, *, #29, .F. ) ;
#1742 = FACE_OUTER_BOUND ( 'NONE', #1091, .T. ) ;
#1743 = CARTESIAN_POINT ( 'NONE',  ( 39.99999999999999289, -1.396592535537253658E-14, 44.99999999999998579 ) ) ;
#1744 = VECTOR ( 'NONE', #302, 1000.000000000000000 ) ;
#1745 = ORIENTED_EDGE ( 'NONE', *, *, #995, .T. ) ;
#1746 = ORIENTED_EDGE ( 'NONE', *, *, #1423, .F. ) ;
#1747 = VECTOR ( 'NONE', #1669, 1000.000000000000000 ) ;
#1748 = DIRECTION ( 'NONE',  ( 0.000000000000000000, 0.000000000000000000, 1.000000000000000000 ) ) ;
#1749 = AXIS2_PLACEMENT_3D ( 'NONE', #1077, #229, #1425 ) ;
#1750 = DIRECTION ( 'NONE',  ( 0.000000000000000000, 0.000000000000000000, -1.000000000000000000 ) ) ;
#1751 = AXIS2_PLACEMENT_3D ( 'NONE', #1865, #1341, #1330 ) ;
#1752 = ADVANCED_FACE ( 'NONE', ( #1040 ), #350, .F. ) ;
#1753 = AXIS2_PLACEMENT_3D ( 'NONE', #149, #700, #1168 ) ;
#1754 = ORIENTED_EDGE ( 'NONE', *, *, #1172, .T. ) ;
#1755 = AXIS2_PLACEMENT_3D ( 'NONE', #755, #1170, #527 ) ;
#1756 = ADVANCED_FACE ( 'NONE', ( #1180 ), #336, .F. ) ;
#1757 = ORIENTED_EDGE ( 'NONE', *, *, #680, .T. ) ;
#1758 = CARTESIAN_POINT ( 'NONE',  ( -36.00000000000004263, 9.999999999999987566, 26.64999999999998792 ) ) ;
#1759 = ORIENTED_EDGE ( 'NONE', *, *, #1786, .F. ) ;
#1760 = CYLINDRICAL_SURFACE ( 'NONE', #694, 1.649999999999998579 ) ;
#1761 = CARTESIAN_POINT ( 'NONE',  ( 40.00000000000015632, 39.99999999999998579, -23.35000000000001563 ) ) ;
#1762 = EDGE_CURVE ( 'NONE', #2013, #284, #334, .T. ) ;
#1763 = VERTEX_POINT ( 'NONE', #1017 ) ;
#1764 = APPROVAL_STATUS ( 'not_yet_approved' ) ;
#1765 = CC_DESIGN_PERSON_AND_ORGANIZATION_ASSIGNMENT ( #387, #1588, ( #1852 ) ) ;
#1766 = ORIENTED_EDGE ( 'NONE', *, *, #1189, .T. ) ;
#1767 = CARTESIAN_POINT ( 'NONE',  ( 40.00000000000009948, 24.99999999999998579, -1.464877601935970260E-14 ) ) ;
#1768 = EDGE_CURVE ( 'NONE', #639, #252, #772, .T. ) ;
#1769 = LINE ( 'NONE', #1594, #293 ) ;
#1770 = ORIENTED_EDGE ( 'NONE', *, *, #851, .F. ) ;
#1771 = EDGE_CURVE ( 'NONE', #1287, #1054, #1810, .T. ) ;
#1772 = ORIENTED_EDGE ( 'NONE', *, *, #1322, .T. ) ;
#1773 = EDGE_CURVE ( 'NONE', #222, #1054, #1363, .T. ) ;
#1774 = ORIENTED_EDGE ( 'NONE', *, *, #1790, .T. ) ;
#1775 = LINE ( 'NONE', #263, #1321 ) ;
#1776 = DIRECTION ( 'NONE',  ( -0.000000000000000000, -1.000000000000000000, -0.000000000000000000 ) ) ;
#1777 = AXIS2_PLACEMENT_3D ( 'NONE', #997, #1677, #847 ) ;
#1778 = CARTESIAN_POINT ( 'NONE',  ( -35.00000000000002132, 0.9999999999999974465, 44.99999999999998579 ) ) ;
#1779 = AXIS2_PLACEMENT_3D ( 'NONE', #1273, #1937, #1109 ) ;
#1780 = CIRCLE ( 'NONE', #1396, 1.649999999999988365 ) ;
#1781 = EDGE_LOOP ( 'NONE', ( #2032, #176, #1052, #1501 ) ) ;
#1782 = CIRCLE ( 'NONE', #71, 1.649999999999998579 ) ;
#1783 = AXIS2_PLACEMENT_3D ( 'NONE', #920, #747, #1930 ) ;
#1784 = ORIENTED_EDGE ( 'NONE', *, *, #1381, .T. ) ;
#1785 = ORIENTED_EDGE ( 'NONE', *, *, #913, .T. ) ;
#1786 = EDGE_CURVE ( 'NONE', #554, #1681, #1829, .T. ) ;
#1787 = CARTESIAN_POINT ( 'NONE',  ( -40.00000000000003553, 9.999999999999987566, 24.99999999999998579 ) ) ;
#1788 = CARTESIAN_POINT ( 'NONE',  ( 0.000000000000000000, -4.000000000000000000, -1.649999999999989253 ) ) ;
#1789 = DIRECTION ( 'NONE',  ( 0.000000000000000000, 0.000000000000000000, 1.000000000000000000 ) ) ;
#1790 = EDGE_CURVE ( 'NONE', #235, #1730, #563, .T. ) ;
#1791 = ORIENTED_EDGE ( 'NONE', *, *, #2149, .T. ) ;
#1792 = ADVANCED_FACE ( 'NONE', ( #1899, #1389, #736, #1413, #1919, #1071, #1404, #389, #408, #1591 ), #2074, .T. ) ;
#1793 = ORIENTED_EDGE ( 'NONE', *, *, #523, .F. ) ;
#1794 = EDGE_LOOP ( 'NONE', ( #457, #146 ) ) ;
#1795 = LINE ( 'NONE', #133, #1608 ) ;
#1796 = PLANE ( 'NONE',  #1086 ) ;
#1797 = EDGE_CURVE ( 'NONE', #861, #397, #1731, .T. ) ;
#1798 = DIRECTION ( 'NONE',  ( -3.491481338843134144E-15, -1.000000000000000000, 5.383781906156552198E-31 ) ) ;
#1799 = VERTEX_POINT ( 'NONE', #1082 ) ;
#1800 = ORIENTED_EDGE ( 'NONE', *, *, #2094, .F. ) ;
#1801 = DIRECTION ( 'NONE',  ( 6.938893903907173946E-15, -1.000000000000000000, 0.000000000000000000 ) ) ;
#1802 = CARTESIAN_POINT ( 'NONE',  ( 36.00000000000015632, 50.00000000000000000, -44.99999999999998579 ) ) ;
#1803 = CARTESIAN_POINT ( 'NONE',  ( 1.061040757772015493E-14, 0.000000000000000000, -28.35000000000000853 ) ) ;
#1804 = AXIS2_PLACEMENT_3D ( 'NONE', #1149, #134, #1283 ) ;
#1805 = CIRCLE ( 'NONE', #1709, 1.649999999999988365 ) ;
#1806 = DIRECTION ( 'NONE',  ( 0.000000000000000000, 0.000000000000000000, 1.000000000000000000 ) ) ;
#1807 = AXIS2_PLACEMENT_3D ( 'NONE', #430, #1087, #393 ) ;
#1808 = VECTOR ( 'NONE', #1007, 1000.000000000000000 ) ;
#1809 = ADVANCED_FACE ( 'NONE', ( #1742 ), #936, .T. ) ;
#1810 = CIRCLE ( 'NONE', #1753, 1.649999999999998579 ) ;
#1811 = EDGE_LOOP ( 'NONE', ( #1707, #1872, #893, #1844 ) ) ;
#1812 = DIRECTION ( 'NONE',  ( -1.000000000000000000, -3.469446951953614583E-15, 1.541976423090495880E-16 ) ) ;
#1813 = DIRECTION ( 'NONE',  ( 0.000000000000000000, 0.000000000000000000, 1.000000000000000000 ) ) ;
#1814 = VECTOR ( 'NONE', #818, 1000.000000000000000 ) ;
#1815 = CARTESIAN_POINT ( 'NONE',  ( -40.00000000000003553, 9.999999999999987566, 23.34999999999998721 ) ) ;
#1816 = FACE_BOUND ( 'NONE', #1510, .T. ) ;
#1817 = EDGE_CURVE ( 'NONE', #1583, #670, #1232, .T. ) ;
#1818 = ORIENTED_EDGE ( 'NONE', *, *, #213, .T. ) ;
#1819 = EDGE_LOOP ( 'NONE', ( #358, #1074, #1164, #462 ) ) ;
#1820 = DIRECTION ( 'NONE',  ( -0.000000000000000000, -1.000000000000000000, -0.000000000000000000 ) ) ;
#1821 = CARTESIAN_POINT ( 'NONE',  ( 25.00000000000001066, -4.000000000000001776, -31.64999999999998437 ) ) ;
#1822 = DIRECTION ( 'NONE',  ( 3.469446951953614583E-15, -1.000000000000000000, -0.000000000000000000 ) ) ;
#1823 = DIRECTION ( 'NONE',  ( -3.700743415417188731E-15, -1.000000000000000000, 0.000000000000000000 ) ) ;
#1824 = ORIENTED_EDGE ( 'NONE', *, *, #1374, .F. ) ;
#1825 = ORIENTED_EDGE ( 'NONE', *, *, #773, .T. ) ;
#1826 = EDGE_CURVE ( 'NONE', #969, #2130, #1124, .T. ) ;
#1827 = CARTESIAN_POINT ( 'NONE',  ( 1.040834085586084257E-14, -4.000000000000001776, 30.00000000000000355 ) ) ;
#1828 = ORIENTED_EDGE ( 'NONE', *, *, #931, .F. ) ;
#1829 = LINE ( 'NONE', #66, #1983 ) ;
#1830 = EDGE_CURVE ( 'NONE', #2073, #861, #1219, .T. ) ;
#1831 = DIRECTION ( 'NONE',  ( 0.000000000000000000, 1.000000000000000000, 0.000000000000000000 ) ) ;
#1832 = CARTESIAN_POINT ( 'NONE',  ( 40.00000000000004974, 9.999999999999987566, -26.65000000000001279 ) ) ;
#1833 = FACE_OUTER_BOUND ( 'NONE', #128, .T. ) ;
#1834 = EDGE_CURVE ( 'NONE', #1067, #1260, #1237, .T. ) ;
#1835 = DIRECTION ( 'NONE',  ( 1.000000000000000000, -0.000000000000000000, 1.541976423090495880E-16 ) ) ;
#1836 = PLANE ( 'NONE',  #915 ) ;
#1837 = FACE_OUTER_BOUND ( 'NONE', #2169, .T. ) ;
#1838 = AXIS2_PLACEMENT_3D ( 'NONE', #100, #394, #1559 ) ;
#1839 = VERTEX_POINT ( 'NONE', #1758 ) ;
#1840 = AXIS2_PLACEMENT_3D ( 'NONE', #1010, #1519, #2012 ) ;
#1841 = ORIENTED_EDGE ( 'NONE', *, *, #957, .F. ) ;
#1842 = VECTOR ( 'NONE', #939, 1000.000000000000000 ) ;
#1843 = DIRECTION ( 'NONE',  ( -4.205390244792263185E-15, 1.000000000000000000, 0.000000000000000000 ) ) ;
#1844 = ORIENTED_EDGE ( 'NONE', *, *, #815, .F. ) ;
#1845 = CARTESIAN_POINT ( 'NONE',  ( 34.99999999999999289, -1.387778780781445676E-14, 44.99999999999998579 ) ) ;
#1846 = CYLINDRICAL_SURFACE ( 'NONE', #796, 1.649999999999988365 ) ;
#1847 = UNCERTAINTY_MEASURE_WITH_UNIT (LENGTH_MEASURE( 1.000000000000000082E-05 ), #1860, 'distance_accuracy_value', 'NONE');
#1848 = AXIS2_PLACEMENT_3D ( 'NONE', #1317, #1985, #946 ) ;
#1849 = ADVANCED_FACE ( 'NONE', ( #245 ), #581, .F. ) ;
#1850 = DIRECTION ( 'NONE',  ( 0.000000000000000000, 0.000000000000000000, -1.000000000000000000 ) ) ;
#1851 = CARTESIAN_POINT ( 'NONE',  ( 40.00000000000014211, 39.99999999999998579, 23.34999999999998721 ) ) ;
#1852 = PRODUCT_DEFINITION_FORMATION_WITH_SPECIFIED_SOURCE ( '�', '', #1943, .NOT_KNOWN. ) ;
#1853 = CC_DESIGN_APPROVAL ( #837, ( #871 ) ) ;
#1854 = DIRECTION ( 'NONE',  ( -1.541976423090495880E-16, 8.758115402030106693E-47, -1.000000000000000000 ) ) ;
#1855 = CARTESIAN_POINT ( 'NONE',  ( 35.99999999999997868, 0.9999999999999870104, -44.99999999999998579 ) ) ;
#1856 = CARTESIAN_POINT ( 'NONE',  ( -36.00000000000002132, -1.387778780781446433E-13, 5.551115123125787435E-15 ) ) ;
#1857 = EDGE_CURVE ( 'NONE', #641, #1069, #882, .T. ) ;
#1858 = EDGE_LOOP ( 'NONE', ( #199, #2063, #52, #601 ) ) ;
#1859 = ORIENTED_EDGE ( 'NONE', *, *, #1857, .T. ) ;
#1860 =( LENGTH_UNIT ( ) NAMED_UNIT ( * ) SI_UNIT ( .MILLI., .METRE. ) );
#1861 = ORIENTED_EDGE ( 'NONE', *, *, #619, .F. ) ;
#1862 = DIRECTION ( 'NONE',  ( -1.000000000000000000, -0.000000000000000000, 1.541976423090495880E-16 ) ) ;
#1863 = DIRECTION ( 'NONE',  ( 1.000000000000000000, -0.000000000000000000, 1.541976423090495880E-16 ) ) ;
#1864 = CARTESIAN_POINT ( 'NONE',  ( 34.99999999999999289, -1.387778780781445676E-14, -44.99999999999998579 ) ) ;
#1865 = CARTESIAN_POINT ( 'NONE',  ( -35.00000000000002132, 0.9999999999999974465, 44.99999999999998579 ) ) ;
#1866 = EDGE_CURVE ( 'NONE', #573, #257, #516, .T. ) ;
#1867 = DIRECTION ( 'NONE',  ( -4.205390244792263185E-15, -1.000000000000000000, 0.000000000000000000 ) ) ;
#1868 = CARTESIAN_POINT ( 'NONE',  ( 1.040834085586084257E-14, -4.000000000000000000, -31.64999999999998437 ) ) ;
#1869 = CARTESIAN_POINT ( 'NONE',  ( -36.00000000000015632, 39.99999999999998579, 24.99999999999998579 ) ) ;
#1870 = VERTEX_POINT ( 'NONE', #829 ) ;
#1871 = ORIENTED_EDGE ( 'NONE', *, *, #1557, .F. ) ;
#1872 = ORIENTED_EDGE ( 'NONE', *, *, #2039, .T. ) ;
#1873 = LINE ( 'NONE', #671, #1954 ) ;
#1874 = CARTESIAN_POINT ( 'NONE',  ( -40.00000000000015632, 39.99999999999998579, -25.00000000000001421 ) ) ;
#1875 = CARTESIAN_POINT ( 'NONE',  ( -36.00000000000002842, 0.9999999999999940048, -44.99999999999998579 ) ) ;
#1876 = DIRECTION ( 'NONE',  ( -1.000000000000000000, -0.000000000000000000, 1.541976423090495880E-16 ) ) ;
#1877 = LINE ( 'NONE', #1894, #101 ) ;
#1878 = CARTESIAN_POINT ( 'NONE',  ( -24.99999999999998934, -4.000000000000001776, -31.64999999999998437 ) ) ;
#1879 = ORIENTED_EDGE ( 'NONE', *, *, #727, .T. ) ;
#1880 = ADVANCED_FACE ( 'NONE', ( #1197 ), #152, .F. ) ;
#1881 = ORIENTED_EDGE ( 'NONE', *, *, #286, .T. ) ;
#1882 = CARTESIAN_POINT ( 'NONE',  ( 39.99999999999997868, 0.9999999999999731326, -44.99999999999998579 ) ) ;
#1883 = AXIS2_PLACEMENT_3D ( 'NONE', #973, #275, #810 ) ;
#1884 = EDGE_LOOP ( 'NONE', ( #1800, #524, #1390, #821 ) ) ;
#1885 = CC_DESIGN_PERSON_AND_ORGANIZATION_ASSIGNMENT ( #396, #578, ( #1852 ) ) ;
#1886 = CARTESIAN_POINT ( 'NONE',  ( 25.00000000000001066, -4.000000000000000000, 30.00000000000000355 ) ) ;
#1887 = ORIENTED_EDGE ( 'NONE', *, *, #1734, .F. ) ;
#1888 = CIRCLE ( 'NONE', #1807, 5.000000000000007994 ) ;
#1889 = PLANE ( 'NONE',  #977 ) ;
#1890 = CARTESIAN_POINT ( 'NONE',  ( 1.040834085586084257E-14, -4.000000000000001776, 28.35000000000001563 ) ) ;
#1891 = VECTOR ( 'NONE', #1185, 1000.000000000000000 ) ;
#1892 = CYLINDRICAL_SURFACE ( 'NONE', #828, 1.649999999999988365 ) ;
#1893 = AXIS2_PLACEMENT_3D ( 'NONE', #2007, #2048, #884 ) ;
#1894 = CARTESIAN_POINT ( 'NONE',  ( -36.00000000000018474, 50.00000000000000000, 44.99999999999998579 ) ) ;
#1895 = FACE_BOUND ( 'NONE', #849, .T. ) ;
#1896 = AXIS2_PLACEMENT_3D ( 'NONE', #17, #2026, #192 ) ;
#1897 = ORIENTED_EDGE ( 'NONE', *, *, #460, .T. ) ;
#1898 = ORIENTED_EDGE ( 'NONE', *, *, #1991, .T. ) ;
#1899 = FACE_BOUND ( 'NONE', #1251, .T. ) ;
#1900 = DIRECTION ( 'NONE',  ( -1.000000000000000000, -0.000000000000000000, 1.541976423090495880E-16 ) ) ;
#1901 = ORIENTED_EDGE ( 'NONE', *, *, #1042, .T. ) ;
#1902 = LINE ( 'NONE', #553, #588 ) ;
#1903 = ORIENTED_EDGE ( 'NONE', *, *, #1692, .F. ) ;
#1904 = DIRECTION ( 'NONE',  ( 0.000000000000000000, 0.000000000000000000, 1.000000000000000000 ) ) ;
#1905 = EDGE_CURVE ( 'NONE', #2073, #1486, #339, .T. ) ;
#1906 = DIRECTION ( 'NONE',  ( 0.000000000000000000, 0.000000000000000000, -1.000000000000000000 ) ) ;
#1907 = DIRECTION ( 'NONE',  ( 1.000000000000000000, -3.469446951953606300E-15, 0.000000000000000000 ) ) ;
#1908 = MANIFOLD_SOLID_BREP ( 'M4x0.7 \X2\87ba7eb95b54\X0\2', #369 ) ;
#1909 = ORIENTED_EDGE ( 'NONE', *, *, #1997, .T. ) ;
#1910 = APPLICATION_PROTOCOL_DEFINITION ( 'international standard', 'config_control_design', 1994, #597 ) ;
#1911 = ORIENTED_EDGE ( 'NONE', *, *, #619, .T. ) ;
#1912 = EDGE_LOOP ( 'NONE', ( #1014, #1412 ) ) ;
#1913 = EDGE_CURVE ( 'NONE', #235, #1647, #2163, .T. ) ;
#1914 = CARTESIAN_POINT ( 'NONE',  ( -40.00000000000014211, 39.99999999999998579, 24.99999999999998579 ) ) ;
#1915 = LINE ( 'NONE', #402, #1842 ) ;
#1916 = EDGE_LOOP ( 'NONE', ( #75, #1236 ) ) ;
#1917 = COORDINATED_UNIVERSAL_TIME_OFFSET ( 8, 0, .AHEAD. ) ;
#1918 = EDGE_LOOP ( 'NONE', ( #475, #137 ) ) ;
#1919 = FACE_BOUND ( 'NONE', #1918, .T. ) ;
#1920 = CIRCLE ( 'NONE', #2092, 1.649999999999988365 ) ;
#1921 = AXIS2_PLACEMENT_3D ( 'NONE', #1382, #1835, #47 ) ;
#1922 = CYLINDRICAL_SURFACE ( 'NONE', #1230, 1.000000000000007772 ) ;
#1923 = ADVANCED_FACE ( 'NONE', ( #984, #1479, #660, #993, #1353, #352, #2150, #500, #1671, #321 ), #647, .F. ) ;
#1924 = CARTESIAN_POINT ( 'NONE',  ( 40.00000000000014921, 49.99999999999998579, -44.99999999999998579 ) ) ;
#1925 = AXIS2_PLACEMENT_3D ( 'NONE', #1767, #1600, #99 ) ;
#1926 = VECTOR ( 'NONE', #478, 1000.000000000000000 ) ;
#1927 = VERTEX_POINT ( 'NONE', #1832 ) ;
#1928 = VECTOR ( 'NONE', #1993, 1000.000000000000000 ) ;
#1929 = PERSON_AND_ORGANIZATION_ROLE ( 'creator' ) ;
#1930 = DIRECTION ( 'NONE',  ( 1.000000000000000000, 0.000000000000000000, -0.000000000000000000 ) ) ;
#1931 = ORIENTED_EDGE ( 'NONE', *, *, #213, .F. ) ;
#1932 = CARTESIAN_POINT ( 'NONE',  ( 36.00000000000002132, 9.999999999999987566, -26.65000000000001279 ) ) ;
#1933 = DIRECTION ( 'NONE',  ( 0.000000000000000000, 0.000000000000000000, -1.000000000000000000 ) ) ;
#1934 = ADVANCED_FACE ( 'NONE', ( #5 ), #1340, .F. ) ;
#1935 = EDGE_CURVE ( 'NONE', #1324, #805, #1019, .T. ) ;
#1936 = ORIENTED_EDGE ( 'NONE', *, *, #1365, .F. ) ;
#1937 = DIRECTION ( 'NONE',  ( 1.000000000000000000, 3.469446951953614583E-15, -1.541976423090495880E-16 ) ) ;
#1938 = LINE ( 'NONE', #227, #1290 ) ;
#1939 = DIRECTION ( 'NONE',  ( 1.000000000000000000, 3.469446951953614583E-15, -1.541976423090495880E-16 ) ) ;
#1940 = DIRECTION ( 'NONE',  ( -0.000000000000000000, -1.000000000000000000, -0.000000000000000000 ) ) ;
#1941 = ORIENTED_EDGE ( 'NONE', *, *, #1256, .F. ) ;
#1942 = ADVANCED_FACE ( 'NONE', ( #844 ), #1030, .F. ) ;
#1943 = PRODUCT ( 'part_yaobu_2', 'part_yaobu_2', '', ( #1233 ) ) ;
#1944 = ORIENTED_EDGE ( 'NONE', *, *, #1905, .F. ) ;
#1945 = CARTESIAN_POINT ( 'NONE',  ( 36.00000000000004263, 15.00000000000025224, 44.99999999999998579 ) ) ;
#1946 = EDGE_CURVE ( 'NONE', #345, #720, #169, .T. ) ;
#1947 = DIRECTION ( 'NONE',  ( 6.938893903907173946E-15, -1.000000000000000000, 0.000000000000000000 ) ) ;
#1948 = AXIS2_PLACEMENT_3D ( 'NONE', #1658, #1699, #1200 ) ;
#1949 = DIRECTION ( 'NONE',  ( -1.000000000000000000, 3.469446951953614583E-15, 1.541976423090495880E-16 ) ) ;
#1950 = AXIS2_PLACEMENT_3D ( 'NONE', #664, #1331, #531 ) ;
#1951 = AXIS2_PLACEMENT_3D ( 'NONE', #2123, #2151, #1789 ) ;
#1952 = EDGE_LOOP ( 'NONE', ( #380, #261, #1097, #1127 ) ) ;
#1953 = CIRCLE ( 'NONE', #332, 1.649999999999998579 ) ;
#1954 = VECTOR ( 'NONE', #866, 1000.000000000000000 ) ;
#1955 = ORIENTED_EDGE ( 'NONE', *, *, #649, .F. ) ;
#1956 = EDGE_CURVE ( 'NONE', #2047, #562, #1697, .T. ) ;
#1957 = CIRCLE ( 'NONE', #106, 1.649999999999988365 ) ;
#1958 = VERTEX_POINT ( 'NONE', #311 ) ;
#1959 = FACE_OUTER_BOUND ( 'NONE', #1419, .T. ) ;
#1960 = DIRECTION ( 'NONE',  ( 0.000000000000000000, 0.000000000000000000, 1.000000000000000000 ) ) ;
#1961 = CARTESIAN_POINT ( 'NONE',  ( -35.00000000000002132, 0.9999999999999974465, -44.99999999999998579 ) ) ;
#1962 = EDGE_CURVE ( 'NONE', #1730, #805, #556, .T. ) ;
#1963 = ORIENTED_EDGE ( 'NONE', *, *, #1962, .T. ) ;
#1964 = VERTEX_POINT ( 'NONE', #868 ) ;
#1965 = ORIENTED_EDGE ( 'NONE', *, *, #2083, .T. ) ;
#1966 = DIRECTION ( 'NONE',  ( 0.000000000000000000, 0.000000000000000000, -1.000000000000000000 ) ) ;
#1967 = DIRECTION ( 'NONE',  ( -0.000000000000000000, -1.000000000000000000, -0.000000000000000000 ) ) ;
#1968 = ADVANCED_FACE ( 'NONE', ( #1531 ), #703, .F. ) ;
#1969 = PLANE ( 'NONE',  #377 ) ;
#1970 = EDGE_LOOP ( 'NONE', ( #1606, #1990 ) ) ;
#1971 = VERTEX_POINT ( 'NONE', #2076 ) ;
#1972 = ORIENTED_EDGE ( 'NONE', *, *, #715, .T. ) ;
#1973 = DIRECTION ( 'NONE',  ( 0.000000000000000000, 0.000000000000000000, -1.000000000000000000 ) ) ;
#1974 = LINE ( 'NONE', #1471, #794 ) ;
#1975 = CARTESIAN_POINT ( 'NONE',  ( -40.00000000000017764, 49.99999999999998579, 44.99999999999998579 ) ) ;
#1976 = EDGE_CURVE ( 'NONE', #1314, #1545, #1062, .T. ) ;
#1977 = VECTOR ( 'NONE', #220, 1000.000000000000000 ) ;
#1978 = AXIS2_PLACEMENT_3D ( 'NONE', #89, #399, #757 ) ;
#1979 = DIRECTION ( 'NONE',  ( -0.000000000000000000, -1.000000000000000000, -0.000000000000000000 ) ) ;
#1980 = AXIS2_PLACEMENT_3D ( 'NONE', #932, #2078, #781 ) ;
#1981 = ORIENTED_EDGE ( 'NONE', *, *, #1085, .T. ) ;
#1982 = AXIS2_PLACEMENT_3D ( 'NONE', #2027, #2010, #1685 ) ;
#1983 = VECTOR ( 'NONE', #1597, 1000.000000000000000 ) ;
#1984 = ORIENTED_EDGE ( 'NONE', *, *, #979, .T. ) ;
#1985 = DIRECTION ( 'NONE',  ( -1.000000000000000000, -3.469446951953614189E-15, 1.541976423090495880E-16 ) ) ;
#1986 = DIRECTION ( 'NONE',  ( 0.000000000000000000, 1.000000000000000000, 0.000000000000000000 ) ) ;
#1987 = AXIS2_PLACEMENT_3D ( 'NONE', #1684, #1006, #673 ) ;
#1988 = CARTESIAN_POINT ( 'NONE',  ( 34.99999999999999289, 0.9999999999999940048, 44.99999999999998579 ) ) ;
#1989 = ADVANCED_FACE ( 'NONE', ( #1379 ), #391, .F. ) ;
#1990 = ORIENTED_EDGE ( 'NONE', *, *, #1204, .F. ) ;
#1991 = EDGE_CURVE ( 'NONE', #1323, #1215, #216, .T. ) ;
#1992 = EDGE_LOOP ( 'NONE', ( #1136, #2146 ) ) ;
#1993 = DIRECTION ( 'NONE',  ( -0.000000000000000000, -1.000000000000000000, -0.000000000000000000 ) ) ;
#1994 = ORIENTED_EDGE ( 'NONE', *, *, #432, .F. ) ;
#1995 = DIRECTION ( 'NONE',  ( -0.000000000000000000, -1.000000000000000000, -0.000000000000000000 ) ) ;
#1996 = CARTESIAN_POINT ( 'NONE',  ( 36.00000000000002842, 9.999999999999987566, 24.99999999999998579 ) ) ;
#1997 = EDGE_CURVE ( 'NONE', #248, #1554, #1222, .T. ) ;
#1998 = DIRECTION ( 'NONE',  ( -1.000000000000000000, -0.000000000000000000, -0.000000000000000000 ) ) ;
#1999 = DIRECTION ( 'NONE',  ( -0.000000000000000000, -1.000000000000000000, -0.000000000000000000 ) ) ;
#2000 = DIRECTION ( 'NONE',  ( 0.000000000000000000, 1.000000000000000000, 0.000000000000000000 ) ) ;
#2001 = CARTESIAN_POINT ( 'NONE',  ( -40.00000000000000711, 0.000000000000000000, 45.00000000000000000 ) ) ;
#2002 = ORIENTED_EDGE ( 'NONE', *, *, #1461, .F. ) ;
#2003 = EDGE_LOOP ( 'NONE', ( #80, #1167, #335, #411 ) ) ;
#2004 = ADVANCED_FACE ( 'NONE', ( #1735 ), #226, .F. ) ;
#2005 = LINE ( 'NONE', #1680, #1928 ) ;
#2006 = VERTEX_POINT ( 'NONE', #381 ) ;
#2007 = CARTESIAN_POINT ( 'NONE',  ( 0.000000000000000000, -4.000000000000001776, 0.000000000000000000 ) ) ;
#2008 = DIRECTION ( 'NONE',  ( -0.000000000000000000, -1.000000000000000000, -0.000000000000000000 ) ) ;
#2009 = DIRECTION ( 'NONE',  ( -1.000000000000000000, -0.000000000000000000, 1.541976423090495880E-16 ) ) ;
#2010 = DIRECTION ( 'NONE',  ( -1.000000000000000000, -0.000000000000000000, 1.541976423090495880E-16 ) ) ;
#2011 = EDGE_CURVE ( 'NONE', #1025, #2006, #1902, .T. ) ;
#2012 = DIRECTION ( 'NONE',  ( 0.000000000000000000, 0.000000000000000000, -1.000000000000000000 ) ) ;
#2013 = VERTEX_POINT ( 'NONE', #1546 ) ;
#2014 = AXIS2_PLACEMENT_3D ( 'NONE', #174, #1473, #834 ) ;
#2015 = ORIENTED_EDGE ( 'NONE', *, *, #1627, .F. ) ;
#2016 = AXIS2_PLACEMENT_3D ( 'NONE', #701, #1182, #1710 ) ;
#2017 = VERTEX_POINT ( 'NONE', #909 ) ;
#2018 = AXIS2_PLACEMENT_3D ( 'NONE', #1023, #1357, #173 ) ;
#2019 = CARTESIAN_POINT ( 'NONE',  ( -36.00000000000004263, 9.999999999999987566, 24.99999999999998579 ) ) ;
#2020 = VERTEX_POINT ( 'NONE', #45 ) ;
#2021 = ADVANCED_FACE ( 'NONE', ( #1712 ), #1889, .T. ) ;
#2022 = VECTOR ( 'NONE', #1999, 1000.000000000000000 ) ;
#2023 = LINE ( 'NONE', #525, #1356 ) ;
#2024 = LINE ( 'NONE', #319, #467 ) ;
#2025 = VECTOR ( 'NONE', #2091, 1000.000000000000000 ) ;
#2026 = DIRECTION ( 'NONE',  ( 0.000000000000000000, 0.000000000000000000, -1.000000000000000000 ) ) ;
#2027 = CARTESIAN_POINT ( 'NONE',  ( -40.00000000000009948, 24.99999999999998579, -1.464877601935970260E-14 ) ) ;
#2028 = AXIS2_PLACEMENT_3D ( 'NONE', #565, #723, #2062 ) ;
#2029 = CARTESIAN_POINT ( 'NONE',  ( -40.00000000000003553, 9.999999999999987566, 26.64999999999998792 ) ) ;
#2030 = CARTESIAN_POINT ( 'NONE',  ( 34.99999999999999289, 0.9999999999999940048, -44.99999999999998579 ) ) ;
#2031 = CARTESIAN_POINT ( 'NONE',  ( 0.000000000000000000, 0.000000000000000000, 0.000000000000000000 ) ) ;
#2032 = ORIENTED_EDGE ( 'NONE', *, *, #1627, .T. ) ;
#2033 = ORIENTED_EDGE ( 'NONE', *, *, #2054, .F. ) ;
#2034 = ORIENTED_EDGE ( 'NONE', *, *, #815, .T. ) ;
#2035 = DIRECTION ( 'NONE',  ( 1.000000000000000000, -0.000000000000000000, 1.541976423090495880E-16 ) ) ;
#2036 = DIRECTION ( 'NONE',  ( 0.000000000000000000, 0.000000000000000000, -1.000000000000000000 ) ) ;
#2037 = DIRECTION ( 'NONE',  ( -0.000000000000000000, -1.000000000000000000, -0.000000000000000000 ) ) ;
#2038 = CYLINDRICAL_SURFACE ( 'NONE', #103, 1.649999999999998579 ) ;
#2039 = EDGE_CURVE ( 'NONE', #1146, #1418, #713, .T. ) ;
#2040 = FACE_OUTER_BOUND ( 'NONE', #1175, .T. ) ;
#2041 = CYLINDRICAL_SURFACE ( 'NONE', #764, 1.000000000000007772 ) ;
#2042 = FACE_OUTER_BOUND ( 'NONE', #1104, .T. ) ;
#2043 = ORIENTED_EDGE ( 'NONE', *, *, #1551, .T. ) ;
#2044 = ADVANCED_FACE ( 'NONE', ( #1240 ), #1193, .F. ) ;
#2045 = ORIENTED_EDGE ( 'NONE', *, *, #550, .T. ) ;
#2046 = DIRECTION ( 'NONE',  ( -3.469446951953614583E-15, -1.000000000000000000, 0.000000000000000000 ) ) ;
#2047 = VERTEX_POINT ( 'NONE', #2171 ) ;
#2048 = DIRECTION ( 'NONE',  ( -0.000000000000000000, -1.000000000000000000, -0.000000000000000000 ) ) ;
#2049 = CARTESIAN_POINT ( 'NONE',  ( 25.00000000000001066, -4.000000000000000000, 1.649999999999991696 ) ) ;
#2050 = DIRECTION ( 'NONE',  ( -0.000000000000000000, -1.000000000000000000, -0.000000000000000000 ) ) ;
#2051 = LINE ( 'NONE', #1875, #1891 ) ;
#2052 = DIRECTION ( 'NONE',  ( 1.000000000000000000, -0.000000000000000000, 1.541976423090495880E-16 ) ) ;
#2053 = DIRECTION ( 'NONE',  ( -1.541976423090498592E-16, -7.709882115452480632E-17, -1.000000000000000000 ) ) ;
#2054 = EDGE_CURVE ( 'NONE', #926, #1508, #1125, .T. ) ;
#2055 = CARTESIAN_POINT ( 'NONE',  ( 34.99999999999999289, -1.387778780781445676E-14, -44.99999999999998579 ) ) ;
#2056 = ORIENTED_EDGE ( 'NONE', *, *, #294, .F. ) ;
#2057 = ORIENTED_EDGE ( 'NONE', *, *, #1026, .T. ) ;
#2058 = VECTOR ( 'NONE', #1536, 1000.000000000000000 ) ;
#2059 = ORIENTED_EDGE ( 'NONE', *, *, #250, .T. ) ;
#2060 = DIRECTION ( 'NONE',  ( 0.000000000000000000, 1.000000000000000000, 0.000000000000000000 ) ) ;
#2061 = DIRECTION ( 'NONE',  ( 0.000000000000000000, 1.000000000000000000, 0.000000000000000000 ) ) ;
#2062 = DIRECTION ( 'NONE',  ( 0.000000000000000000, 0.000000000000000000, -1.000000000000000000 ) ) ;
#2063 = ORIENTED_EDGE ( 'NONE', *, *, #979, .F. ) ;
#2064 = DIRECTION ( 'NONE',  ( 1.000000000000000000, -0.000000000000000000, 1.541976423090495880E-16 ) ) ;
#2065 = AXIS2_PLACEMENT_3D ( 'NONE', #1393, #930, #1248 ) ;
#2066 = AXIS2_PLACEMENT_3D ( 'NONE', #1581, #78, #2082 ) ;
#2067 = FACE_OUTER_BOUND ( 'NONE', #1884, .T. ) ;
#2068 = CARTESIAN_POINT ( 'NONE',  ( -40.00000000000000711, -1.527438034335171767E-13, 6.167905692361985689E-15 ) ) ;
#2069 = ORIENTED_EDGE ( 'NONE', *, *, #268, .F. ) ;
#2070 = COORDINATED_UNIVERSAL_TIME_OFFSET ( 8, 0, .AHEAD. ) ;
#2071 = EDGE_CURVE ( 'NONE', #1314, #1486, #13, .T. ) ;
#2072 = PRODUCT_DEFINITION_SHAPE ( 'NONE', 'NONE',  #871 ) ;
#2073 = VERTEX_POINT ( 'NONE', #1882 ) ;
#2074 = PLANE ( 'NONE',  #204 ) ;
#2075 = CARTESIAN_POINT ( 'NONE',  ( -36.00000000000015632, 39.99999999999998579, -23.35000000000001563 ) ) ;
#2076 = CARTESIAN_POINT ( 'NONE',  ( -40.00000000000015632, 39.99999999999998579, -23.35000000000001563 ) ) ;
#2077 = DIRECTION ( 'NONE',  ( -3.469446951953614583E-15, 1.000000000000000000, -0.000000000000000000 ) ) ;
#2078 = DIRECTION ( 'NONE',  ( 0.000000000000000000, 1.000000000000000000, 0.000000000000000000 ) ) ;
#2079 = ORIENTED_EDGE ( 'NONE', *, *, #1381, .F. ) ;
#2080 = PERSON_AND_ORGANIZATION ( #766, #921 ) ;
#2081 = ORIENTED_EDGE ( 'NONE', *, *, #1771, .T. ) ;
#2082 = DIRECTION ( 'NONE',  ( 0.000000000000000000, 0.000000000000000000, -1.000000000000000000 ) ) ;
#2083 = EDGE_CURVE ( 'NONE', #1067, #257, #360, .T. ) ;
#2084 = ORIENTED_EDGE ( 'NONE', *, *, #988, .T. ) ;
#2085 = CARTESIAN_POINT ( 'NONE',  ( -24.99999999999998934, 0.000000000000000000, -1.649999999999984812 ) ) ;
#2086 = CYLINDRICAL_SURFACE ( 'NONE', #1183, 1.649999999999988365 ) ;
#2087 = EDGE_CURVE ( 'NONE', #114, #1203, #207, .T. ) ;
#2088 = ORIENTED_EDGE ( 'NONE', *, *, #773, .F. ) ;
#2089 = APPROVAL_ROLE ( '' ) ;
#2090 = EDGE_LOOP ( 'NONE', ( #611, #1081, #2057, #1372 ) ) ;
#2091 = DIRECTION ( 'NONE',  ( -1.000000000000000000, -0.000000000000000000, -0.000000000000000000 ) ) ;
#2092 = AXIS2_PLACEMENT_3D ( 'NONE', #800, #1462, #1813 ) ;
#2093 = ORIENTED_EDGE ( 'NONE', *, *, #1551, .F. ) ;
#2094 = EDGE_CURVE ( 'NONE', #284, #53, #2005, .T. ) ;
#2095 = ORIENTED_EDGE ( 'NONE', *, *, #4, .T. ) ;
#2096 = VECTOR ( 'NONE', #659, 1000.000000000000000 ) ;
#2097 = DIRECTION ( 'NONE',  ( -1.000000000000000000, -0.000000000000000000, 1.541976423090495880E-16 ) ) ;
#2098 = AXIS2_PLACEMENT_3D ( 'NONE', #111, #775, #1737 ) ;
#2099 = DIRECTION ( 'NONE',  ( 1.000000000000000000, 0.000000000000000000, -1.541976423090495387E-16 ) ) ;
#2100 = VECTOR ( 'NONE', #2077, 1000.000000000000000 ) ;
#2101 = CIRCLE ( 'NONE', #803, 1.649999999999988365 ) ;
#2102 = ORIENTED_EDGE ( 'NONE', *, *, #276, .T. ) ;
#2103 = CARTESIAN_POINT ( 'NONE',  ( -40.00000000000009948, 24.99999999999998579, -1.650000000000013456 ) ) ;
#2104 = EDGE_LOOP ( 'NONE', ( #945, #1231, #1965, #1690 ) ) ;
#2105 = DIRECTION ( 'NONE',  ( 0.000000000000000000, 0.000000000000000000, 1.000000000000000000 ) ) ;
#2106 = DIRECTION ( 'NONE',  ( -1.000000000000000000, -0.000000000000000000, 1.541976423090495880E-16 ) ) ;
#2107 = DIRECTION ( 'NONE',  ( 1.000000000000000000, 0.000000000000000000, 0.000000000000000000 ) ) ;
#2108 = EDGE_CURVE ( 'NONE', #1027, #654, #864, .T. ) ;
#2109 = ORIENTED_EDGE ( 'NONE', *, *, #294, .T. ) ;
#2110 = CARTESIAN_POINT ( 'NONE',  ( 36.00000000000015632, 50.00000000000000000, -44.99999999999998579 ) ) ;
#2111 = ORIENTED_EDGE ( 'NONE', *, *, #767, .F. ) ;
#2112 = ORIENTED_EDGE ( 'NONE', *, *, #1242, .F. ) ;
#2113 = DIRECTION ( 'NONE',  ( -4.205390244792263185E-15, 1.000000000000000000, 0.000000000000000000 ) ) ;
#2114 = PLANE ( 'NONE',  #122 ) ;
#2115 = DIRECTION ( 'NONE',  ( 1.000000000000000000, -3.491481338843134144E-15, 0.000000000000000000 ) ) ;
#2116 = EDGE_CURVE ( 'NONE', #1128, #1839, #1537, .T. ) ;
#2117 = EDGE_LOOP ( 'NONE', ( #989, #778, #493, #2102 ) ) ;
#2118 = VERTEX_POINT ( 'NONE', #681 ) ;
#2119 = DIRECTION ( 'NONE',  ( 0.000000000000000000, 1.000000000000000000, 0.000000000000000000 ) ) ;
#2120 = AXIS2_PLACEMENT_3D ( 'NONE', #1497, #2168, #1332 ) ;
#2121 = CARTESIAN_POINT ( 'NONE',  ( 25.00000000000001066, 0.000000000000000000, 31.64999999999999147 ) ) ;
#2122 = AXIS2_PLACEMENT_3D ( 'NONE', #1886, #488, #2036 ) ;
#2123 = CARTESIAN_POINT ( 'NONE',  ( 25.00000000000001066, 0.000000000000000000, 3.469446951953614189E-15 ) ) ;
#2124 = AXIS2_PLACEMENT_3D ( 'NONE', #1033, #83, #1617 ) ;
#2125 = AXIS2_PLACEMENT_3D ( 'NONE', #528, #2165, #366 ) ;
#2126 = ORIENTED_EDGE ( 'NONE', *, *, #417, .F. ) ;
#2127 = CIRCLE ( 'NONE', #738, 1.649999999999998579 ) ;
#2128 = CARTESIAN_POINT ( 'NONE',  ( -24.99999999999998934, -4.000000000000000000, -28.35000000000000853 ) ) ;
#2129 = APPROVAL_PERSON_ORGANIZATION ( #591, #950, #2089 ) ;
#2130 = VERTEX_POINT ( 'NONE', #26 ) ;
#2131 = EDGE_CURVE ( 'NONE', #1418, #41, #1096, .T. ) ;
#2132 = DIRECTION ( 'NONE',  ( -1.000000000000000000, 3.491481338843134144E-15, 1.541976423090495387E-16 ) ) ;
#2133 = ORIENTED_EDGE ( 'NONE', *, *, #855, .T. ) ;
#2134 = CARTESIAN_POINT ( 'NONE',  ( 40.00000000000000711, 0.9999999999999765743, 44.99999999999998579 ) ) ;
#2135 = DIRECTION ( 'NONE',  ( 0.000000000000000000, 0.000000000000000000, 1.000000000000000000 ) ) ;
#2136 = FACE_BOUND ( 'NONE', #507, .T. ) ;
#2137 = EDGE_LOOP ( 'NONE', ( #698, #1628, #1757, #709 ) ) ;
#2138 = ORIENTED_EDGE ( 'NONE', *, *, #471, .F. ) ;
#2139 = ORIENTED_EDGE ( 'NONE', *, *, #118, .F. ) ;
#2140 = DIRECTION ( 'NONE',  ( -4.205390244792263185E-15, -1.000000000000000000, 0.000000000000000000 ) ) ;
#2141 = LINE ( 'NONE', #826, #1744 ) ;
#2142 = DIRECTION ( 'NONE',  ( 0.000000000000000000, 0.000000000000000000, 1.000000000000000000 ) ) ;
#2143 = LINE ( 'NONE', #1312, #1566 ) ;
#2144 = EDGE_CURVE ( 'NONE', #484, #1799, #474, .T. ) ;
#2145 = ORIENTED_EDGE ( 'NONE', *, *, #727, .F. ) ;
#2146 = ORIENTED_EDGE ( 'NONE', *, *, #498, .F. ) ;
#2147 = CYLINDRICAL_SURFACE ( 'NONE', #1848, 15.00000000000000000 ) ;
#2148 = CARTESIAN_POINT ( 'NONE',  ( 39.99999999999999289, -1.396592535537253658E-14, 44.99999999999998579 ) ) ;
#2149 = EDGE_CURVE ( 'NONE', #1661, #654, #774, .T. ) ;
#2150 = FACE_BOUND ( 'NONE', #1916, .T. ) ;
#2151 = DIRECTION ( 'NONE',  ( 0.000000000000000000, 1.000000000000000000, 0.000000000000000000 ) ) ;
#2152 = EDGE_CURVE ( 'NONE', #484, #641, #850, .T. ) ;
#2153 = AXIS2_PLACEMENT_3D ( 'NONE', #992, #1831, #499 ) ;
#2154 = CYLINDRICAL_SURFACE ( 'NONE', #725, 1.649999999999998579 ) ;
#2155 = CIRCLE ( 'NONE', #1090, 1.649999999999988365 ) ;
#2156 = ORIENTED_EDGE ( 'NONE', *, *, #151, .F. ) ;
#2157 = DIRECTION ( 'NONE',  ( -0.000000000000000000, -1.000000000000000000, -0.000000000000000000 ) ) ;
#2158 = CIRCLE ( 'NONE', #1400, 1.649999999999998579 ) ;
#2159 = EDGE_LOOP ( 'NONE', ( #1, #1266, #1984, #1718 ) ) ;
#2160 = FACE_OUTER_BOUND ( 'NONE', #210, .T. ) ;
#2161 = LINE ( 'NONE', #867, #646 ) ;
#2162 = AXIS2_PLACEMENT_3D ( 'NONE', #1366, #2037, #739 ) ;
#2163 = LINE ( 'NONE', #1864, #1814 ) ;
#2164 = CC_DESIGN_APPROVAL ( #950, ( #1852 ) ) ;
#2165 = DIRECTION ( 'NONE',  ( -1.000000000000000000, 3.469446951953614583E-15, 1.541976423090495880E-16 ) ) ;
#2166 = PLANE ( 'NONE',  #1950 ) ;
#2167 = EDGE_CURVE ( 'NONE', #53, #1228, #1957, .T. ) ;
#2168 = DIRECTION ( 'NONE',  ( 3.491481338843134144E-15, -1.000000000000000000, -5.383781906156552198E-31 ) ) ;
#2169 = EDGE_LOOP ( 'NONE', ( #2059, #1612, #279, #24 ) ) ;
#2170 = ORIENTED_EDGE ( 'NONE', *, *, #1443, .T. ) ;
#2171 = CARTESIAN_POINT ( 'NONE',  ( -24.99999999999998934, 0.000000000000000000, 28.35000000000001563 ) ) ;
ENDSEC;
END-ISO-10303-21;
