ISO-10303-21;
HEADER;
FILE_DESCRIPTION (( 'STEP AP203' ),
    '1' );
FILE_NAME ('part_danpan_dm_zhijia.STEP',
    '2026-06-30T15:13:50',
    ( '' ),
    ( '' ),
    'SwSTEP 2.0',
    'SolidWorks 2025',
    '' );
FILE_SCHEMA (( 'CONFIG_CONTROL_DESIGN' ));
ENDSEC;

DATA;
#1 = CARTESIAN_POINT ( 'NONE',  ( 9.350000000000006750, -37.65063509461096913, 1.734723475976807883E-15 ) ) ;
#2 = EDGE_CURVE ( 'NONE', #1891, #140, #1944, .T. ) ;
#3 = CARTESIAN_POINT ( 'NONE',  ( -24.99999999999999289, -16.00000000000000711, 0.000000000000000000 ) ) ;
#4 = EDGE_LOOP ( 'NONE', ( #1112, #2187, #1342, #485 ) ) ;
#5 = DIRECTION ( 'NONE',  ( 1.000000000000000000, 0.000000000000000000, 0.000000000000000000 ) ) ;
#6 = ORIENTED_EDGE ( 'NONE', *, *, #1191, .F. ) ;
#7 = FACE_OUTER_BOUND ( 'NONE', #829, .T. ) ;
#8 = DIRECTION ( 'NONE',  ( -0.000000000000000000, -0.000000000000000000, -1.000000000000000000 ) ) ;
#9 = ORIENTED_EDGE ( 'NONE', *, *, #958, .F. ) ;
#10 = CARTESIAN_POINT ( 'NONE',  ( -40.00000000000000000, 47.00000000000004263, 9.000000000000000000 ) ) ;
#11 = AXIS2_PLACEMENT_3D ( 'NONE', #1996, #856, #1849 ) ;
#12 = CYLINDRICAL_SURFACE ( 'NONE', #362, 1.249999999999994227 ) ;
#13 = ORIENTED_EDGE ( 'NONE', *, *, #1349, .F. ) ;
#14 = AXIS2_PLACEMENT_3D ( 'NONE', #1822, #625, #1782 ) ;
#15 = CIRCLE ( 'NONE', #1390, 3.149999999999999911 ) ;
#16 = EDGE_CURVE ( 'NONE', #655, #701, #1069, .T. ) ;
#17 = ADVANCED_FACE ( 'NONE', ( #364 ), #202, .T. ) ;
#18 = DIRECTION ( 'NONE',  ( 1.000000000000000000, 0.000000000000000000, 0.000000000000000000 ) ) ;
#19 = VECTOR ( 'NONE', #1895, 1000.000000000000000 ) ;
#20 = VERTEX_POINT ( 'NONE', #875 ) ;
#21 = LINE ( 'NONE', #1199, #1664 ) ;
#22 = CARTESIAN_POINT ( 'NONE',  ( 10.80000000000002736, 5.650635094610969134, 0.000000000000000000 ) ) ;
#23 = VERTEX_POINT ( 'NONE', #1663 ) ;
#24 = ORIENTED_EDGE ( 'NONE', *, *, #589, .T. ) ;
#25 = FACE_BOUND ( 'NONE', #1642, .T. ) ;
#26 = VERTEX_POINT ( 'NONE', #343 ) ;
#27 = FACE_BOUND ( 'NONE', #1226, .T. ) ;
#28 = EDGE_CURVE ( 'NONE', #1176, #1704, #653, .T. ) ;
#29 = VERTEX_POINT ( 'NONE', #1011 ) ;
#30 = DIRECTION ( 'NONE',  ( 1.000000000000000000, 0.000000000000000000, 0.000000000000000000 ) ) ;
#31 = CARTESIAN_POINT ( 'NONE',  ( -40.00000000000000000, -40.00000000000000000, 0.000000000000000000 ) ) ;
#32 = VERTEX_POINT ( 'NONE', #1852 ) ;
#33 = CARTESIAN_POINT ( 'NONE',  ( -15.65000000000000036, 5.650635094610959364, 1.734723475976807883E-15 ) ) ;
#34 = DIRECTION ( 'NONE',  ( -1.387778780781445429E-16, 1.000000000000000000, 0.000000000000000000 ) ) ;
#35 = ORIENTED_EDGE ( 'NONE', *, *, #806, .T. ) ;
#36 = DIRECTION ( 'NONE',  ( -0.000000000000000000, 0.000000000000000000, 1.000000000000000000 ) ) ;
#37 = APPROVAL_STATUS ( 'not_yet_approved' ) ;
#38 = DIRECTION ( 'NONE',  ( -1.000000000000000000, 0.000000000000000000, 0.000000000000000000 ) ) ;
#39 = EDGE_CURVE ( 'NONE', #470, #29, #1381, .T. ) ;
#40 = DIRECTION ( 'NONE',  ( -1.000000000000000000, 0.000000000000000000, 0.000000000000000000 ) ) ;
#41 = ORIENTED_EDGE ( 'NONE', *, *, #1752, .F. ) ;
#42 = CARTESIAN_POINT ( 'NONE',  ( -50.00000000000001421, 50.00000000000000711, -3.000000000000000000 ) ) ;
#43 = ADVANCED_FACE ( 'NONE', ( #663 ), #534, .F. ) ;
#44 = ADVANCED_FACE ( 'NONE', ( #315 ), #1335, .F. ) ;
#45 = DIRECTION ( 'NONE',  ( 1.000000000000000000, 0.000000000000000000, 0.000000000000000000 ) ) ;
#46 = ORIENTED_EDGE ( 'NONE', *, *, #2115, .T. ) ;
#47 = AXIS2_PLACEMENT_3D ( 'NONE', #1529, #1340, #497 ) ;
#48 = CIRCLE ( 'NONE', #1398, 3.149999999999999911 ) ;
#49 = CARTESIAN_POINT ( 'NONE',  ( 49.99999999999998579, 47.00000000000000711, 6.277862297221763825E-16 ) ) ;
#50 = DATE_TIME_ROLE ( 'creation_date' ) ;
#51 = AXIS2_PLACEMENT_3D ( 'NONE', #1416, #1073, #1238 ) ;
#52 = CIRCLE ( 'NONE', #2024, 1.699999999999987965 ) ;
#53 = VECTOR ( 'NONE', #1859, 1000.000000000000000 ) ;
#54 = DIRECTION ( 'NONE',  ( -0.000000000000000000, -0.000000000000000000, 1.000000000000000000 ) ) ;
#55 = CARTESIAN_POINT ( 'NONE',  ( 12.50000000000001421, 5.650635094610969134, -1.450000000000006839 ) ) ;
#56 = EDGE_LOOP ( 'NONE', ( #742, #1201, #1726, #632 ) ) ;
#57 = CARTESIAN_POINT ( 'NONE',  ( -41.24999999999999289, -40.00000000000000000, -3.000000000000000000 ) ) ;
#58 = EDGE_CURVE ( 'NONE', #1360, #188, #328, .T. ) ;
#59 = ORIENTED_EDGE ( 'NONE', *, *, #942, .F. ) ;
#60 = LINE ( 'NONE', #1025, #1211 ) ;
#61 = SHAPE_DEFINITION_REPRESENTATION ( #1932, #861 ) ;
#62 = DIRECTION ( 'NONE',  ( 0.000000000000000000, 0.000000000000000000, -1.000000000000000000 ) ) ;
#63 = DIRECTION ( 'NONE',  ( -1.000000000000000000, -0.000000000000000000, -0.000000000000000000 ) ) ;
#64 = ORIENTED_EDGE ( 'NONE', *, *, #218, .F. ) ;
#65 = FACE_BOUND ( 'NONE', #1124, .T. ) ;
#66 = EDGE_CURVE ( 'NONE', #1581, #658, #1513, .T. ) ;
#67 = EDGE_CURVE ( 'NONE', #623, #1796, #749, .T. ) ;
#68 = ORIENTED_EDGE ( 'NONE', *, *, #1857, .T. ) ;
#69 = ORIENTED_EDGE ( 'NONE', *, *, #839, .T. ) ;
#70 = FACE_BOUND ( 'NONE', #614, .T. ) ;
#71 = PERSON_AND_ORGANIZATION ( #961, #2093 ) ;
#72 = CARTESIAN_POINT ( 'NONE',  ( 10.80000000000002203, -37.65063509461096913, 0.000000000000000000 ) ) ;
#73 = CARTESIAN_POINT ( 'NONE',  ( -12.49999999999999289, -37.65063509461097624, -3.000000000000002665 ) ) ;
#74 = VERTEX_POINT ( 'NONE', #732 ) ;
#75 = CARTESIAN_POINT ( 'NONE',  ( -50.00000000000000000, -46.00000000000000000, -3.252606517456513302E-15 ) ) ;
#76 = EDGE_LOOP ( 'NONE', ( #877, #904, #1033, #1484 ) ) ;
#77 = CARTESIAN_POINT ( 'NONE',  ( -50.00000000000000000, -46.00000000000000000, 0.9999999999999976685 ) ) ;
#78 = CALENDAR_DATE ( 2026, 30, 6 ) ;
#79 = CIRCLE ( 'NONE', #1397, 1.699999999999987965 ) ;
#80 = EDGE_CURVE ( 'NONE', #1814, #1594, #2087, .T. ) ;
#81 = EDGE_CURVE ( 'NONE', #769, #1503, #233, .T. ) ;
#82 = DIRECTION ( 'NONE',  ( 1.000000000000000000, 0.000000000000000000, 0.000000000000000000 ) ) ;
#83 = AXIS2_PLACEMENT_3D ( 'NONE', #1317, #975, #5 ) ;
#84 = DIRECTION ( 'NONE',  ( -0.000000000000000000, 1.000000000000000000, 3.700743415417188731E-15 ) ) ;
#85 = VECTOR ( 'NONE', #780, 1000.000000000000000 ) ;
#86 = CIRCLE ( 'NONE', #1319, 1.699999999999986189 ) ;
#87 = VERTEX_POINT ( 'NONE', #2079 ) ;
#88 = CARTESIAN_POINT ( 'NONE',  ( -50.00000000000001421, 50.00000000000000711, 0.000000000000000000 ) ) ;
#89 = CARTESIAN_POINT ( 'NONE',  ( -24.99999999999999289, -16.00000000000000711, -3.000000000000002665 ) ) ;
#90 = AXIS2_PLACEMENT_3D ( 'NONE', #55, #1062, #2085 ) ;
#91 = VECTOR ( 'NONE', #1392, 1000.000000000000000 ) ;
#92 = DIRECTION ( 'NONE',  ( -0.000000000000000000, -0.000000000000000000, -1.000000000000000000 ) ) ;
#93 = UNCERTAINTY_MEASURE_WITH_UNIT (LENGTH_MEASURE( 1.000000000000000082E-05 ), #1496, 'distance_accuracy_value', 'NONE');
#94 = DIRECTION ( 'NONE',  ( -0.000000000000000000, 0.000000000000000000, 1.000000000000000000 ) ) ;
#95 = DIRECTION ( 'NONE',  ( -0.000000000000000000, -0.000000000000000000, -1.000000000000000000 ) ) ;
#96 = ADVANCED_FACE ( 'NONE', ( #741, #65, #381, #1580 ), #558, .T. ) ;
#97 = ORIENTED_EDGE ( 'NONE', *, *, #1191, .T. ) ;
#98 = VERTEX_POINT ( 'NONE', #407 ) ;
#99 = CARTESIAN_POINT ( 'NONE',  ( -40.00000000000000000, -47.00000000000000711, 7.750000000000338396 ) ) ;
#100 = DIRECTION ( 'NONE',  ( 1.000000000000000000, 0.000000000000000000, 0.000000000000000000 ) ) ;
#101 = ORIENTED_EDGE ( 'NONE', *, *, #510, .F. ) ;
#102 = DIRECTION ( 'NONE',  ( 1.000000000000000000, 0.000000000000000000, 0.000000000000000000 ) ) ;
#103 = ORIENTED_EDGE ( 'NONE', *, *, #1719, .T. ) ;
#104 = DIRECTION ( 'NONE',  ( -0.000000000000000000, -0.000000000000000000, -1.000000000000000000 ) ) ;
#105 = DIRECTION ( 'NONE',  ( -1.000000000000000000, 0.000000000000000000, 0.000000000000000000 ) ) ;
#106 = EDGE_LOOP ( 'NONE', ( #1750, #1027, #103, #862 ) ) ;
#107 = EDGE_CURVE ( 'NONE', #23, #1539, #612, .T. ) ;
#108 = CARTESIAN_POINT ( 'NONE',  ( -50.00000000000001421, 47.00000000000006395, 15.00000000000000000 ) ) ;
#109 = DIRECTION ( 'NONE',  ( 1.000000000000000000, 0.000000000000000000, 0.000000000000000000 ) ) ;
#110 = EDGE_CURVE ( 'NONE', #1020, #1289, #1414, .T. ) ;
#111 = DIRECTION ( 'NONE',  ( -0.000000000000000000, -0.000000000000000000, 1.000000000000000000 ) ) ;
#112 = DIRECTION ( 'NONE',  ( -0.000000000000000000, 0.000000000000000000, 1.000000000000000000 ) ) ;
#113 = DIRECTION ( 'NONE',  ( -0.000000000000000000, -0.000000000000000000, 1.000000000000000000 ) ) ;
#114 = ORIENTED_EDGE ( 'NONE', *, *, #586, .F. ) ;
#115 = APPROVAL_PERSON_ORGANIZATION ( #2091, #2178, #236 ) ;
#116 = CIRCLE ( 'NONE', #569, 1.249999999999987121 ) ;
#117 = ORIENTED_EDGE ( 'NONE', *, *, #781, .T. ) ;
#118 = LINE ( 'NONE', #1476, #827 ) ;
#119 = CARTESIAN_POINT ( 'NONE',  ( -50.00000000000001421, 50.00000000000001421, 0.9999999999999829026 ) ) ;
#120 = AXIS2_PLACEMENT_3D ( 'NONE', #449, #988, #100 ) ;
#121 = AXIS2_PLACEMENT_3D ( 'NONE', #461, #1126, #1942 ) ;
#122 = CIRCLE ( 'NONE', #758, 1.249999999999994227 ) ;
#123 = AXIS2_PLACEMENT_3D ( 'NONE', #1361, #1836, #1549 ) ;
#124 = ADVANCED_FACE ( 'NONE', ( #1048 ), #1928, .F. ) ;
#125 = DIRECTION ( 'NONE',  ( -1.000000000000000000, 0.000000000000000000, 0.000000000000000000 ) ) ;
#126 = VERTEX_POINT ( 'NONE', #75 ) ;
#127 = LINE ( 'NONE', #775, #398 ) ;
#128 = CARTESIAN_POINT ( 'NONE',  ( 1.530808498934175793E-16, -50.00000000000012079, 7.750000000000349054 ) ) ;
#129 = ORIENTED_EDGE ( 'NONE', *, *, #1631, .F. ) ;
#130 = ORIENTED_EDGE ( 'NONE', *, *, #1860, .T. ) ;
#131 = DIRECTION ( 'NONE',  ( -0.000000000000000000, 1.000000000000000000, -3.469446951953614583E-15 ) ) ;
#132 = DIRECTION ( 'NONE',  ( 1.000000000000000000, 0.000000000000000000, 0.000000000000000000 ) ) ;
#133 = EDGE_CURVE ( 'NONE', #1701, #188, #1744, .T. ) ;
#134 = EDGE_CURVE ( 'NONE', #920, #1479, #1395, .T. ) ;
#135 = CARTESIAN_POINT ( 'NONE',  ( -50.00000000000001421, 50.00000000000000711, -1.955116147873888697E-13 ) ) ;
#136 = VERTEX_POINT ( 'NONE', #921 ) ;
#137 = EDGE_CURVE ( 'NONE', #2053, #1360, #1065, .T. ) ;
#138 = CARTESIAN_POINT ( 'NONE',  ( 50.00000000000000000, -49.99999999999999289, -1.955116147873888193E-13 ) ) ;
#139 = DIRECTION ( 'NONE',  ( -0.000000000000000000, -0.000000000000000000, 1.000000000000000000 ) ) ;
#140 = VERTEX_POINT ( 'NONE', #1422 ) ;
#141 = CARTESIAN_POINT ( 'NONE',  ( 50.00000000000000000, -50.00000000000004974, 14.99999999999998934 ) ) ;
#142 = CARTESIAN_POINT ( 'NONE',  ( 21.85000000000000853, -16.00000000000000000, 1.734723475976807883E-15 ) ) ;
#143 = ORIENTED_EDGE ( 'NONE', *, *, #2154, .F. ) ;
#144 = DIRECTION ( 'NONE',  ( -0.000000000000000000, -0.000000000000000000, -1.000000000000000000 ) ) ;
#145 = CARTESIAN_POINT ( 'NONE',  ( -41.24999999999999289, 40.00000000000000000, 0.000000000000000000 ) ) ;
#146 = CYLINDRICAL_SURFACE ( 'NONE', #1492, 1.249999999999987121 ) ;
#147 = EDGE_CURVE ( 'NONE', #1014, #126, #1080, .T. ) ;
#148 = PRODUCT_RELATED_PRODUCT_CATEGORY ( 'detail', '', ( #1531 ) ) ;
#149 = EDGE_LOOP ( 'NONE', ( #2012, #447, #1491, #1275 ) ) ;
#150 = DIRECTION ( 'NONE',  ( -0.000000000000000000, 1.000000000000000000, -3.469446951953614583E-15 ) ) ;
#151 = CARTESIAN_POINT ( 'NONE',  ( 12.50000000000000888, -37.65063509461096913, 0.000000000000000000 ) ) ;
#152 = AXIS2_PLACEMENT_3D ( 'NONE', #387, #555, #62 ) ;
#153 = ORIENTED_EDGE ( 'NONE', *, *, #180, .F. ) ;
#154 = DIRECTION ( 'NONE',  ( 0.000000000000000000, 3.491481338843133355E-15, -1.000000000000000000 ) ) ;
#155 = ORIENTED_EDGE ( 'NONE', *, *, #316, .F. ) ;
#156 = AXIS2_PLACEMENT_3D ( 'NONE', #857, #1522, #1019 ) ;
#157 = VECTOR ( 'NONE', #2136, 1000.000000000000000 ) ;
#158 = VECTOR ( 'NONE', #293, 1000.000000000000000 ) ;
#159 = CARTESIAN_POINT ( 'NONE',  ( -40.00000000000000000, 40.00000000000000000, -3.000000000000000000 ) ) ;
#160 = ORIENTED_EDGE ( 'NONE', *, *, #1983, .T. ) ;
#161 = CIRCLE ( 'NONE', #1038, 3.149999999999999911 ) ;
#162 = CIRCLE ( 'NONE', #1209, 1.249999999999987121 ) ;
#163 = DIRECTION ( 'NONE',  ( -0.000000000000000000, 0.000000000000000000, 1.000000000000000000 ) ) ;
#164 = DIRECTION ( 'NONE',  ( -0.000000000000000000, 1.000000000000000000, 3.700743415417188731E-15 ) ) ;
#165 = EDGE_CURVE ( 'NONE', #845, #1383, #240, .T. ) ;
#166 = ORIENTED_EDGE ( 'NONE', *, *, #562, .T. ) ;
#167 = DIRECTION ( 'NONE',  ( -0.000000000000000000, -0.000000000000000000, 1.000000000000000000 ) ) ;
#168 = EDGE_CURVE ( 'NONE', #26, #2036, #1774, .T. ) ;
#169 = CARTESIAN_POINT ( 'NONE',  ( -50.00000000000000000, -49.99999999999999289, -1.955116147873888193E-13 ) ) ;
#170 = VERTEX_POINT ( 'NONE', #1435 ) ;
#171 = DIRECTION ( 'NONE',  ( 0.7071067811865487940, 0.000000000000000000, 0.7071067811865463515 ) ) ;
#172 = CARTESIAN_POINT ( 'NONE',  ( 40.00000000000000000, 50.00000000000004263, 8.999999999999989342 ) ) ;
#173 = ORIENTED_EDGE ( 'NONE', *, *, #207, .F. ) ;
#174 = CARTESIAN_POINT ( 'NONE',  ( -12.50000000000000000, 5.650635094610959364, 1.734723475976807883E-15 ) ) ;
#175 = EDGE_LOOP ( 'NONE', ( #1205, #269 ) ) ;
#176 = CARTESIAN_POINT ( 'NONE',  ( 15.65000000000001457, 5.650635094610969134, 1.734723475976807883E-15 ) ) ;
#177 = CYLINDRICAL_SURFACE ( 'NONE', #433, 1.699999999999987965 ) ;
#178 = ORIENTED_EDGE ( 'NONE', *, *, #1705, .T. ) ;
#179 = VERTEX_POINT ( 'NONE', #913 ) ;
#180 = EDGE_CURVE ( 'NONE', #126, #492, #1428, .T. ) ;
#181 = CARTESIAN_POINT ( 'NONE',  ( -40.00000000000000000, -40.00000000000000000, -3.000000000000001332 ) ) ;
#182 = ORIENTED_EDGE ( 'NONE', *, *, #868, .T. ) ;
#183 = FACE_OUTER_BOUND ( 'NONE', #76, .T. ) ;
#184 = DIRECTION ( 'NONE',  ( -0.000000000000000000, 0.000000000000000000, 1.000000000000000000 ) ) ;
#185 = ORIENTED_EDGE ( 'NONE', *, *, #1927, .F. ) ;
#186 = CARTESIAN_POINT ( 'NONE',  ( 49.99999999999998579, 50.00000000000001421, 0.9999999999999829026 ) ) ;
#187 = CARTESIAN_POINT ( 'NONE',  ( 14.19999999999999751, -37.65063509461096913, 0.000000000000000000 ) ) ;
#188 = VERTEX_POINT ( 'NONE', #581 ) ;
#189 = DIRECTION ( 'NONE',  ( -0.000000000000000000, -0.000000000000000000, 1.000000000000000000 ) ) ;
#190 = CC_DESIGN_SECURITY_CLASSIFICATION ( #1031, ( #2126 ) ) ;
#191 = CYLINDRICAL_SURFACE ( 'NONE', #295, 1.699999999999987965 ) ;
#192 = ADVANCED_FACE ( 'NONE', ( #1257 ), #590, .F. ) ;
#193 = ORIENTED_EDGE ( 'NONE', *, *, #980, .T. ) ;
#194 = AXIS2_PLACEMENT_3D ( 'NONE', #866, #876, #262 ) ;
#195 = VECTOR ( 'NONE', #1138, 1000.000000000000000 ) ;
#196 = FACE_OUTER_BOUND ( 'NONE', #809, .T. ) ;
#197 = CIRCLE ( 'NONE', #435, 1.249999999999987121 ) ;
#198 = VERTEX_POINT ( 'NONE', #1453 ) ;
#199 = DIRECTION ( 'NONE',  ( -0.000000000000000000, 1.000000000000000000, -3.469446951953614583E-15 ) ) ;
#200 = DIRECTION ( 'NONE',  ( -0.000000000000000000, 1.000000000000000000, 3.700743415417188731E-15 ) ) ;
#201 = VERTEX_POINT ( 'NONE', #108 ) ;
#202 = PLANE ( 'NONE',  #574 ) ;
#203 = CARTESIAN_POINT ( 'NONE',  ( -12.49999999999999289, -37.65063509461097624, -1.450000000000006839 ) ) ;
#204 = EDGE_LOOP ( 'NONE', ( #1293, #24, #1659, #1723 ) ) ;
#205 = FACE_OUTER_BOUND ( 'NONE', #1017, .T. ) ;
#206 = EDGE_CURVE ( 'NONE', #355, #845, #1122, .T. ) ;
#207 = EDGE_CURVE ( 'NONE', #1452, #1315, #1808, .T. ) ;
#208 = DIRECTION ( 'NONE',  ( 0.000000000000000000, -3.700743415417188731E-15, -1.000000000000000000 ) ) ;
#209 = CARTESIAN_POINT ( 'NONE',  ( -50.00000000000001421, 47.00000000000006395, 15.00000000000000000 ) ) ;
#210 = ORIENTED_EDGE ( 'NONE', *, *, #1063, .F. ) ;
#211 = DIRECTION ( 'NONE',  ( 0.000000000000000000, -3.700743415417188731E-15, -1.000000000000000000 ) ) ;
#212 = DIRECTION ( 'NONE',  ( 1.000000000000000000, 0.000000000000000000, 0.000000000000000000 ) ) ;
#213 = ORIENTED_EDGE ( 'NONE', *, *, #839, .F. ) ;
#214 = DIRECTION ( 'NONE',  ( -0.000000000000000000, 3.700743415417188731E-15, -1.000000000000000000 ) ) ;
#215 = APPROVAL_ROLE ( '' ) ;
#216 = CARTESIAN_POINT ( 'NONE',  ( -40.00000000000000000, 40.00000000000000000, -3.000000000000000000 ) ) ;
#217 = CARTESIAN_POINT ( 'NONE',  ( 50.00000000000000000, -46.00000000000000000, -3.252606517456513302E-15 ) ) ;
#218 = EDGE_CURVE ( 'NONE', #2018, #511, #197, .T. ) ;
#219 = VERTEX_POINT ( 'NONE', #2159 ) ;
#220 = ORIENTED_EDGE ( 'NONE', *, *, #757, .T. ) ;
#221 = CARTESIAN_POINT ( 'NONE',  ( 12.50000000000001421, 5.650635094610969134, -3.000000000000002665 ) ) ;
#222 = VERTEX_POINT ( 'NONE', #448 ) ;
#223 = FACE_OUTER_BOUND ( 'NONE', #966, .T. ) ;
#224 = VECTOR ( 'NONE', #1550, 1000.000000000000000 ) ;
#225 = AXIS2_PLACEMENT_3D ( 'NONE', #1850, #200, #513 ) ;
#226 = AXIS2_PLACEMENT_3D ( 'NONE', #928, #1967, #284 ) ;
#227 = CONICAL_SURFACE ( 'NONE', #1573, 3.149999999999999911, 0.7853981633974495002 ) ;
#228 = DIRECTION ( 'NONE',  ( -0.000000000000000000, -0.000000000000000000, 1.000000000000000000 ) ) ;
#229 = EDGE_CURVE ( 'NONE', #170, #1328, #1638, .T. ) ;
#230 = DIRECTION ( 'NONE',  ( 1.000000000000000000, 0.000000000000000000, 0.000000000000000000 ) ) ;
#231 = ORIENTED_EDGE ( 'NONE', *, *, #1971, .T. ) ;
#232 = EDGE_CURVE ( 'NONE', #592, #1704, #1467, .T. ) ;
#233 = LINE ( 'NONE', #42, #1144 ) ;
#234 = EDGE_LOOP ( 'NONE', ( #552, #557, #1872, #882 ) ) ;
#235 = CARTESIAN_POINT ( 'NONE',  ( -50.00000000000001421, 46.00000000000001421, -3.252606517456513302E-15 ) ) ;
#236 = APPROVAL_ROLE ( '' ) ;
#237 = CARTESIAN_POINT ( 'NONE',  ( 12.50000000000000888, -37.65063509461096913, -1.450000000000006839 ) ) ;
#238 = DIRECTION ( 'NONE',  ( -0.000000000000000000, -0.000000000000000000, 1.000000000000000000 ) ) ;
#239 = ORIENTED_EDGE ( 'NONE', *, *, #1705, .F. ) ;
#240 = LINE ( 'NONE', #1227, #759 ) ;
#241 = ORIENTED_EDGE ( 'NONE', *, *, #1365, .T. ) ;
#242 = EDGE_CURVE ( 'NONE', #179, #1261, #1992, .T. ) ;
#243 = DIRECTION ( 'NONE',  ( -0.000000000000000000, 1.000000000000000000, -3.469446951953614583E-15 ) ) ;
#244 = CARTESIAN_POINT ( 'NONE',  ( 25.00000000000000711, -16.00000000000000000, 1.734723475976807883E-15 ) ) ;
#245 = DIRECTION ( 'NONE',  ( -1.000000000000000000, 0.000000000000000000, 0.000000000000000000 ) ) ;
#246 = ORIENTED_EDGE ( 'NONE', *, *, #1621, .F. ) ;
#247 = DIRECTION ( 'NONE',  ( 1.000000000000000000, 0.000000000000000000, 0.000000000000000000 ) ) ;
#248 = FACE_OUTER_BOUND ( 'NONE', #674, .T. ) ;
#249 = ADVANCED_FACE ( 'NONE', ( #2142, #1146, #457, #971, #634, #1790, #2117, #305, #977, #598, #1781, #1964 ), #1266, .F. ) ;
#250 = VERTEX_POINT ( 'NONE', #1443 ) ;
#251 = EDGE_CURVE ( 'NONE', #2162, #370, #546, .T. ) ;
#252 = CARTESIAN_POINT ( 'NONE',  ( 40.00000000000000000, -40.00000000000000000, -3.000000000000001332 ) ) ;
#253 = CIRCLE ( 'NONE', #1767, 1.699999999999987965 ) ;
#254 = AXIS2_PLACEMENT_3D ( 'NONE', #1055, #2094, #1254 ) ;
#255 = CARTESIAN_POINT ( 'NONE',  ( 40.00000000000000000, 50.00000000000004263, 8.999999999999989342 ) ) ;
#256 = CARTESIAN_POINT ( 'NONE',  ( 50.00000000000000000, -46.00000000000000000, -3.000000000000003553 ) ) ;
#257 = CIRCLE ( 'NONE', #1601, 1.249999999999987121 ) ;
#258 = CIRCLE ( 'NONE', #2166, 1.249999999999987121 ) ;
#259 = VERTEX_POINT ( 'NONE', #99 ) ;
#260 = ORIENTED_EDGE ( 'NONE', *, *, #2137, .T. ) ;
#261 = DIRECTION ( 'NONE',  ( -0.000000000000000000, -0.000000000000000000, -1.000000000000000000 ) ) ;
#262 = DIRECTION ( 'NONE',  ( 0.000000000000000000, 5.551115123125840289E-15, 1.000000000000000000 ) ) ;
#263 = VECTOR ( 'NONE', #422, 1000.000000000000000 ) ;
#264 = AXIS2_PLACEMENT_3D ( 'NONE', #1724, #720, #1897 ) ;
#265 = CARTESIAN_POINT ( 'NONE',  ( 40.00000000000000000, -40.00000000000000000, 0.000000000000000000 ) ) ;
#266 = DIRECTION ( 'NONE',  ( 1.000000000000000000, 0.000000000000000000, 0.000000000000000000 ) ) ;
#267 = DIRECTION ( 'NONE',  ( 1.000000000000000000, 0.000000000000000000, 0.000000000000000000 ) ) ;
#268 = EDGE_CURVE ( 'NONE', #201, #222, #118, .T. ) ;
#269 = ORIENTED_EDGE ( 'NONE', *, *, #384, .F. ) ;
#270 = ORIENTED_EDGE ( 'NONE', *, *, #1588, .F. ) ;
#271 = CARTESIAN_POINT ( 'NONE',  ( 50.00000000000000000, -46.00000000000000000, -3.252606517456513302E-15 ) ) ;
#272 = CARTESIAN_POINT ( 'NONE',  ( -38.75000000000000711, 40.00000000000000000, 0.000000000000000000 ) ) ;
#273 = ORIENTED_EDGE ( 'NONE', *, *, #1051, .F. ) ;
#274 = CARTESIAN_POINT ( 'NONE',  ( -14.19999999999998153, -37.65063509461097624, 0.000000000000000000 ) ) ;
#275 = ORIENTED_EDGE ( 'NONE', *, *, #1828, .F. ) ;
#276 = DIRECTION ( 'NONE',  ( -0.000000000000000000, 1.000000000000000000, -3.469446951953614583E-15 ) ) ;
#277 = CARTESIAN_POINT ( 'NONE',  ( -9.349999999999994316, -37.65063509461097624, 1.734723475976807883E-15 ) ) ;
#278 = ORIENTED_EDGE ( 'NONE', *, *, #1971, .F. ) ;
#279 = EDGE_LOOP ( 'NONE', ( #363, #907 ) ) ;
#280 = CARTESIAN_POINT ( 'NONE',  ( 0.000000000000000000, 0.000000000000000000, -3.000000000000000000 ) ) ;
#281 = EDGE_CURVE ( 'NONE', #1289, #1466, #1106, .T. ) ;
#282 = CARTESIAN_POINT ( 'NONE',  ( 40.00000000000000000, 50.00000000000004263, 8.999999999999989342 ) ) ;
#283 = ORIENTED_EDGE ( 'NONE', *, *, #80, .F. ) ;
#284 = DIRECTION ( 'NONE',  ( 1.000000000000000000, 0.000000000000000000, 0.000000000000000000 ) ) ;
#285 = ORIENTED_EDGE ( 'NONE', *, *, #1375, .F. ) ;
#286 = DIRECTION ( 'NONE',  ( 0.000000000000000000, 5.551115123125840289E-15, 1.000000000000000000 ) ) ;
#287 = CARTESIAN_POINT ( 'NONE',  ( 26.69999999999999574, -16.00000000000000000, -3.000000000000002665 ) ) ;
#288 = ORIENTED_EDGE ( 'NONE', *, *, #1279, .T. ) ;
#289 = LOCAL_TIME ( 23, 13, 50.00000000000000000, #1231 ) ;
#290 = AXIS2_PLACEMENT_3D ( 'NONE', #393, #1553, #1883 ) ;
#291 = ADVANCED_FACE ( 'NONE', ( #1276 ), #1643, .F. ) ;
#292 = ORIENTED_EDGE ( 'NONE', *, *, #1742, .F. ) ;
#293 = DIRECTION ( 'NONE',  ( 0.000000000000000000, 0.000000000000000000, -1.000000000000000000 ) ) ;
#294 = CARTESIAN_POINT ( 'NONE',  ( -50.00000000000000000, -50.00000000000000000, 0.9999999999999829026 ) ) ;
#295 = AXIS2_PLACEMENT_3D ( 'NONE', #540, #1049, #45 ) ;
#296 = VECTOR ( 'NONE', #1866, 1000.000000000000000 ) ;
#297 = EDGE_CURVE ( 'NONE', #1789, #1020, #1770, .T. ) ;
#298 = CIRCLE ( 'NONE', #504, 1.699999999999986189 ) ;
#299 = VECTOR ( 'NONE', #883, 1000.000000000000000 ) ;
#300 = EDGE_CURVE ( 'NONE', #1499, #1159, #725, .T. ) ;
#301 = LINE ( 'NONE', #135, #2134 ) ;
#302 = CARTESIAN_POINT ( 'NONE',  ( 7.429674235981454113E-15, -16.00000000000000000, -3.000000000000000000 ) ) ;
#303 = DIRECTION ( 'NONE',  ( 0.7071067811865487940, 0.000000000000000000, 0.7071067811865463515 ) ) ;
#304 = VERTEX_POINT ( 'NONE', #1485 ) ;
#305 = FACE_BOUND ( 'NONE', #409, .T. ) ;
#306 = DIRECTION ( 'NONE',  ( -0.000000000000000000, 0.000000000000000000, 1.000000000000000000 ) ) ;
#307 = DIRECTION ( 'NONE',  ( -0.000000000000000000, -0.000000000000000000, -1.000000000000000000 ) ) ;
#308 = EDGE_CURVE ( 'NONE', #140, #1891, #1954, .T. ) ;
#309 = DIRECTION ( 'NONE',  ( 0.000000000000000000, -3.700743415417188731E-15, 1.000000000000000000 ) ) ;
#310 = FACE_OUTER_BOUND ( 'NONE', #670, .T. ) ;
#311 = ORIENTED_EDGE ( 'NONE', *, *, #229, .T. ) ;
#312 = CARTESIAN_POINT ( 'NONE',  ( -40.00000000000000000, -40.00000000000000000, -3.000000000000001332 ) ) ;
#313 = LINE ( 'NONE', #294, #85 ) ;
#314 = VERTEX_POINT ( 'NONE', #176 ) ;
#315 = FACE_OUTER_BOUND ( 'NONE', #514, .T. ) ;
#316 = EDGE_CURVE ( 'NONE', #2103, #1466, #846, .T. ) ;
#317 = PLANE ( 'NONE',  #331 ) ;
#318 = EDGE_LOOP ( 'NONE', ( #1059, #114, #1474, #1926 ) ) ;
#319 = EDGE_CURVE ( 'NONE', #1995, #1289, #1821, .T. ) ;
#320 = DIRECTION ( 'NONE',  ( -0.000000000000000000, -0.000000000000000000, 1.000000000000000000 ) ) ;
#321 = CARTESIAN_POINT ( 'NONE',  ( -9.350000000000001421, 5.650635094610959364, 1.734723475976807883E-15 ) ) ;
#322 = VERTEX_POINT ( 'NONE', #349 ) ;
#323 = FACE_OUTER_BOUND ( 'NONE', #1847, .T. ) ;
#324 = DIRECTION ( 'NONE',  ( 0.000000000000000000, -3.491481338843133355E-15, -1.000000000000000000 ) ) ;
#325 = AXIS2_PLACEMENT_3D ( 'NONE', #2038, #184, #1197 ) ;
#326 = CIRCLE ( 'NONE', #859, 1.699999999999987965 ) ;
#327 = ORIENTED_EDGE ( 'NONE', *, *, #617, .F. ) ;
#328 = LINE ( 'NONE', #1681, #473 ) ;
#329 = AXIS2_PLACEMENT_3D ( 'NONE', #445, #276, #452 ) ;
#330 = CIRCLE ( 'NONE', #542, 1.249999999999987121 ) ;
#331 = AXIS2_PLACEMENT_3D ( 'NONE', #974, #1516, #1665 ) ;
#332 = AXIS2_PLACEMENT_3D ( 'NONE', #1936, #1620, #424 ) ;
#333 = CARTESIAN_POINT ( 'NONE',  ( 0.000000000000000000, -46.99999999999999289, -1.850371707708594318E-13 ) ) ;
#334 = EDGE_LOOP ( 'NONE', ( #521, #1050, #1145, #1290 ) ) ;
#335 = DIRECTION ( 'NONE',  ( 0.000000000000000000, 0.000000000000000000, -1.000000000000000000 ) ) ;
#336 = DIRECTION ( 'NONE',  ( -1.000000000000000000, 0.000000000000000000, 0.000000000000000000 ) ) ;
#337 = EDGE_CURVE ( 'NONE', #1574, #1466, #646, .T. ) ;
#338 = ORIENTED_EDGE ( 'NONE', *, *, #718, .F. ) ;
#339 = CARTESIAN_POINT ( 'NONE',  ( 50.00000000000000000, -50.00000000000004974, 14.99999999999998934 ) ) ;
#340 = FACE_OUTER_BOUND ( 'NONE', #2019, .T. ) ;
#341 = ADVANCED_FACE ( 'NONE', ( #7 ), #227, .F. ) ;
#342 = EDGE_LOOP ( 'NONE', ( #246, #1858 ) ) ;
#343 = CARTESIAN_POINT ( 'NONE',  ( 0.000000000000000000, -50.00000000000010658, 10.25000000000032330 ) ) ;
#344 = DIRECTION ( 'NONE',  ( -0.000000000000000000, -0.000000000000000000, 1.000000000000000000 ) ) ;
#345 = ORIENTED_EDGE ( 'NONE', *, *, #1396, .T. ) ;
#346 = LINE ( 'NONE', #486, #1804 ) ;
#347 = CYLINDRICAL_SURFACE ( 'NONE', #47, 1.249999999999994227 ) ;
#348 = EDGE_LOOP ( 'NONE', ( #1973, #260, #1863, #990 ) ) ;
#349 = CARTESIAN_POINT ( 'NONE',  ( 40.00000000000000000, 47.00000000000003553, 7.750000000000012434 ) ) ;
#350 = LINE ( 'NONE', #1661, #641 ) ;
#351 = ORIENTED_EDGE ( 'NONE', *, *, #1646, .T. ) ;
#352 = ADVANCED_FACE ( 'NONE', ( #1676 ), #2031, .F. ) ;
#353 = ORIENTED_EDGE ( 'NONE', *, *, #1258, .F. ) ;
#354 = CARTESIAN_POINT ( 'NONE',  ( 0.000000000000000000, 50.00000000000006395, 14.99999999999998934 ) ) ;
#355 = VERTEX_POINT ( 'NONE', #339 ) ;
#356 = DIRECTION ( 'NONE',  ( 1.000000000000000000, 0.000000000000000000, 0.000000000000000000 ) ) ;
#357 = DIRECTION ( 'NONE',  ( 0.000000000000000000, 5.551115123125840289E-15, 1.000000000000000000 ) ) ;
#358 = EDGE_LOOP ( 'NONE', ( #97, #1647, #1469, #1212 ) ) ;
#359 = CARTESIAN_POINT ( 'NONE',  ( 12.50000000000000888, -37.65063509461096913, 1.734723475976807883E-15 ) ) ;
#360 = DIRECTION ( 'NONE',  ( -0.000000000000000000, -0.000000000000000000, 1.000000000000000000 ) ) ;
#361 = EDGE_CURVE ( 'NONE', #1415, #1796, #2135, .T. ) ;
#362 = AXIS2_PLACEMENT_3D ( 'NONE', #159, #144, #2180 ) ;
#363 = ORIENTED_EDGE ( 'NONE', *, *, #823, .F. ) ;
#364 = FACE_OUTER_BOUND ( 'NONE', #596, .T. ) ;
#365 = VECTOR ( 'NONE', #1547, 1000.000000000000000 ) ;
#366 = ADVANCED_FACE ( 'NONE', ( #1018, #821, #489, #1687 ), #1697, .F. ) ;
#367 = CIRCLE ( 'NONE', #1880, 1.249999999999987121 ) ;
#368 = CIRCLE ( 'NONE', #226, 20.00000000000000000 ) ;
#369 = DIRECTION ( 'NONE',  ( -0.000000000000000000, 1.000000000000000000, 3.700743415417188731E-15 ) ) ;
#370 = VERTEX_POINT ( 'NONE', #1356 ) ;
#371 = EDGE_CURVE ( 'NONE', #1783, #840, #2174, .T. ) ;
#372 = AXIS2_PLACEMENT_3D ( 'NONE', #2056, #369, #700 ) ;
#373 = AXIS2_PLACEMENT_3D ( 'NONE', #333, #2167, #1327 ) ;
#374 = ORIENTED_EDGE ( 'NONE', *, *, #601, .T. ) ;
#375 = CARTESIAN_POINT ( 'NONE',  ( 50.00000000000000000, -46.00000000000000000, -3.000000000000003553 ) ) ;
#376 = AXIS2_PLACEMENT_3D ( 'NONE', #432, #1617, #1778 ) ;
#377 = AXIS2_PLACEMENT_3D ( 'NONE', #1557, #893, #763 ) ;
#378 = DIRECTION ( 'NONE',  ( -0.000000000000000000, -0.000000000000000000, 1.000000000000000000 ) ) ;
#379 = DIRECTION ( 'NONE',  ( -0.000000000000000000, -0.000000000000000000, 1.000000000000000000 ) ) ;
#380 = EDGE_LOOP ( 'NONE', ( #35, #231 ) ) ;
#381 = FACE_BOUND ( 'NONE', #1641, .T. ) ;
#382 = CARTESIAN_POINT ( 'NONE',  ( -40.00000000000000000, 50.00000000000003553, 7.750000000000001776 ) ) ;
#383 = ORIENTED_EDGE ( 'NONE', *, *, #66, .F. ) ;
#384 = EDGE_CURVE ( 'NONE', #1539, #23, #162, .T. ) ;
#385 = CARTESIAN_POINT ( 'NONE',  ( 0.000000000000000000, 50.00000000000004263, 8.999999999999989342 ) ) ;
#386 = DATE_AND_TIME ( #78, #1386 ) ;
#387 = CARTESIAN_POINT ( 'NONE',  ( 50.00000000000000000, -46.00000000000000000, 0.9999999999999976685 ) ) ;
#388 = CARTESIAN_POINT ( 'NONE',  ( -40.00000000000000000, 47.00000000000004974, 10.24999999999998579 ) ) ;
#389 = EDGE_LOOP ( 'NONE', ( #1848, #710, #2128, #947 ) ) ;
#390 = DIRECTION ( 'NONE',  ( 0.000000000000000000, 0.000000000000000000, -1.000000000000000000 ) ) ;
#391 = ORIENTED_EDGE ( 'NONE', *, *, #562, .F. ) ;
#392 = DIRECTION ( 'NONE',  ( 1.000000000000000000, 0.000000000000000000, 0.000000000000000000 ) ) ;
#393 = CARTESIAN_POINT ( 'NONE',  ( 12.50000000000000888, -37.65063509461096913, 1.734723475976807883E-15 ) ) ;
#394 = CARTESIAN_POINT ( 'NONE',  ( -9.349999999999994316, -37.65063509461097624, 1.734723475976807883E-15 ) ) ;
#395 = EDGE_LOOP ( 'NONE', ( #1868, #1865, #1871, #517 ) ) ;
#396 = DIRECTION ( 'NONE',  ( 1.000000000000000000, 0.000000000000000000, 0.000000000000000000 ) ) ;
#397 = EDGE_LOOP ( 'NONE', ( #353, #832, #1042, #1228 ) ) ;
#398 = VECTOR ( 'NONE', #104, 1000.000000000000000 ) ;
#399 = DIRECTION ( 'NONE',  ( -1.000000000000000000, 0.000000000000000000, 0.000000000000000000 ) ) ;
#400 = SECURITY_CLASSIFICATION_LEVEL ( 'unclassified' ) ;
#401 = VECTOR ( 'NONE', #1511, 1000.000000000000000 ) ;
#402 = AXIS2_PLACEMENT_3D ( 'NONE', #815, #2027, #335 ) ;
#403 = AXIS2_PLACEMENT_3D ( 'NONE', #1608, #1810, #776 ) ;
#404 = DIRECTION ( 'NONE',  ( -0.000000000000000000, -0.000000000000000000, 1.000000000000000000 ) ) ;
#405 = DIRECTION ( 'NONE',  ( 0.000000000000000000, 0.000000000000000000, 1.000000000000000000 ) ) ;
#406 = EDGE_LOOP ( 'NONE', ( #1935, #1182, #1919, #1854 ) ) ;
#407 = CARTESIAN_POINT ( 'NONE',  ( -10.80000000000000604, -37.65063509461097624, -3.000000000000002665 ) ) ;
#408 = EDGE_CURVE ( 'NONE', #1465, #511, #21, .T. ) ;
#409 = EDGE_LOOP ( 'NONE', ( #1662, #1135 ) ) ;
#410 = CARTESIAN_POINT ( 'NONE',  ( 41.24999999999998579, 40.00000000000000000, -3.000000000000001332 ) ) ;
#411 = CALENDAR_DATE ( 2026, 30, 6 ) ;
#412 = DIRECTION ( 'NONE',  ( -0.000000000000000000, -0.000000000000000000, 1.000000000000000000 ) ) ;
#413 = DIRECTION ( 'NONE',  ( -0.000000000000000000, 1.000000000000000000, -3.469446951953614583E-15 ) ) ;
#414 = ORIENTED_EDGE ( 'NONE', *, *, #1118, .T. ) ;
#415 = EDGE_CURVE ( 'NONE', #658, #695, #2020, .T. ) ;
#416 = CARTESIAN_POINT ( 'NONE',  ( 40.00000000000000000, -47.00000000000001421, 9.000000000000325073 ) ) ;
#417 = CARTESIAN_POINT ( 'NONE',  ( 26.69999999999999574, -16.00000000000000000, -1.450000000000006839 ) ) ;
#418 = ADVANCED_FACE ( 'NONE', ( #1029 ), #1712, .F. ) ;
#419 = EDGE_LOOP ( 'NONE', ( #1167, #951 ) ) ;
#420 = DIRECTION ( 'NONE',  ( -1.000000000000000000, 0.000000000000000000, 0.000000000000000000 ) ) ;
#421 = FACE_OUTER_BOUND ( 'NONE', #397, .T. ) ;
#422 = DIRECTION ( 'NONE',  ( -0.000000000000000000, 3.700743415417188731E-15, 1.000000000000000000 ) ) ;
#423 = ORIENTED_EDGE ( 'NONE', *, *, #1259, .F. ) ;
#424 = DIRECTION ( 'NONE',  ( 0.000000000000000000, -5.551115123125840289E-15, -1.000000000000000000 ) ) ;
#425 = CARTESIAN_POINT ( 'NONE',  ( 14.20000000000000284, 5.650635094610969134, -3.000000000000002665 ) ) ;
#426 = ORIENTED_EDGE ( 'NONE', *, *, #58, .T. ) ;
#427 = ADVANCED_FACE ( 'NONE', ( #872 ), #1660, .F. ) ;
#428 = DIRECTION ( 'NONE',  ( 0.000000000000000000, 0.000000000000000000, 1.000000000000000000 ) ) ;
#429 = EDGE_CURVE ( 'NONE', #848, #845, #2006, .T. ) ;
#430 = DIRECTION ( 'NONE',  ( 0.000000000000000000, -1.000000000000000000, -3.686287386450711920E-15 ) ) ;
#431 = CIRCLE ( 'NONE', #1988, 1.249999999999994227 ) ;
#432 = CARTESIAN_POINT ( 'NONE',  ( 7.429674235981454113E-15, -16.00000000000000000, 0.000000000000000000 ) ) ;
#433 = AXIS2_PLACEMENT_3D ( 'NONE', #151, #2032, #1332 ) ;
#434 = AXIS2_PLACEMENT_3D ( 'NONE', #2144, #627, #1921 ) ;
#435 = AXIS2_PLACEMENT_3D ( 'NONE', #1811, #1974, #466 ) ;
#436 = ORIENTED_EDGE ( 'NONE', *, *, #589, .F. ) ;
#437 = EDGE_LOOP ( 'NONE', ( #1930, #1278, #1920, #68 ) ) ;
#438 = DIRECTION ( 'NONE',  ( 1.000000000000000000, 0.000000000000000000, 0.000000000000000000 ) ) ;
#439 = CARTESIAN_POINT ( 'NONE',  ( -50.00000000000000000, -50.00000000000000000, 0.9999999999999829026 ) ) ;
#440 = AXIS2_PLACEMENT_3D ( 'NONE', #1722, #881, #40 ) ;
#441 = CIRCLE ( 'NONE', #1456, 1.249999999999994227 ) ;
#442 = ORIENTED_EDGE ( 'NONE', *, *, #67, .T. ) ;
#443 = DIRECTION ( 'NONE',  ( 1.000000000000000000, 0.000000000000000000, 0.000000000000000000 ) ) ;
#444 = ADVANCED_FACE ( 'NONE', ( #323 ), #997, .F. ) ;
#445 = CARTESIAN_POINT ( 'NONE',  ( -40.00000000000000000, 50.00000000000004263, 8.999999999999989342 ) ) ;
#446 = FACE_OUTER_BOUND ( 'NONE', #842, .T. ) ;
#447 = ORIENTED_EDGE ( 'NONE', *, *, #803, .F. ) ;
#448 = CARTESIAN_POINT ( 'NONE',  ( 49.99999999999998579, 47.00000000000006395, 15.00000000000000000 ) ) ;
#449 = CARTESIAN_POINT ( 'NONE',  ( 12.50000000000000888, -37.65063509461096913, -3.000000000000002665 ) ) ;
#450 = FACE_OUTER_BOUND ( 'NONE', #2107, .T. ) ;
#451 = EDGE_CURVE ( 'NONE', #87, #2053, #1099, .T. ) ;
#452 = DIRECTION ( 'NONE',  ( 0.000000000000000000, 5.551115123125840289E-15, 1.000000000000000000 ) ) ;
#453 = CARTESIAN_POINT ( 'NONE',  ( -21.84999999999999432, -16.00000000000000711, 1.734723475976807883E-15 ) ) ;
#454 = EDGE_CURVE ( 'NONE', #695, #658, #2161, .T. ) ;
#455 = ORIENTED_EDGE ( 'NONE', *, *, #2026, .T. ) ;
#456 = ORIENTED_EDGE ( 'NONE', *, *, #308, .F. ) ;
#457 = FACE_BOUND ( 'NONE', #1413, .T. ) ;
#458 = CARTESIAN_POINT ( 'NONE',  ( 0.000000000000000000, 47.00000000000004974, 10.24999999999998579 ) ) ;
#459 = LINE ( 'NONE', #1805, #1455 ) ;
#460 = VERTEX_POINT ( 'NONE', #547 ) ;
#461 = CARTESIAN_POINT ( 'NONE',  ( -12.50000000000000000, 5.650635094610959364, 1.734723475976807883E-15 ) ) ;
#462 = DIRECTION ( 'NONE',  ( -1.000000000000000000, 0.000000000000000000, 0.000000000000000000 ) ) ;
#463 = ORIENTED_EDGE ( 'NONE', *, *, #165, .F. ) ;
#464 = CIRCLE ( 'NONE', #1708, 1.249999999999987121 ) ;
#465 = ORIENTED_EDGE ( 'NONE', *, *, #781, .F. ) ;
#466 = DIRECTION ( 'NONE',  ( 0.000000000000000000, 5.551115123125840289E-15, 1.000000000000000000 ) ) ;
#467 = PLANE ( 'NONE',  #1247 ) ;
#468 = CIRCLE ( 'NONE', #1881, 3.149999999999999911 ) ;
#469 = AXIS2_PLACEMENT_3D ( 'NONE', #950, #1615, #941 ) ;
#470 = VERTEX_POINT ( 'NONE', #1923 ) ;
#471 = EDGE_CURVE ( 'NONE', #250, #198, #1768, .T. ) ;
#472 = ADVANCED_FACE ( 'NONE', ( #1387 ), #1403, .F. ) ;
#473 = VECTOR ( 'NONE', #171, 1000.000000000000000 ) ;
#474 = CARTESIAN_POINT ( 'NONE',  ( 49.99999999999998579, 46.00000000000003553, -2.999999999999999112 ) ) ;
#475 = EDGE_LOOP ( 'NONE', ( #1269, #64 ) ) ;
#476 = DIRECTION ( 'NONE',  ( 1.000000000000000000, 0.000000000000000000, 0.000000000000000000 ) ) ;
#477 = DIRECTION ( 'NONE',  ( 1.000000000000000000, 0.000000000000000000, 0.000000000000000000 ) ) ;
#478 = ORIENTED_EDGE ( 'NONE', *, *, #1041, .F. ) ;
#479 = DIRECTION ( 'NONE',  ( -1.000000000000000000, 0.000000000000000000, 0.000000000000000000 ) ) ;
#480 = CARTESIAN_POINT ( 'NONE',  ( 41.24999999999998579, -40.00000000000000000, -3.000000000000001332 ) ) ;
#481 = EDGE_CURVE ( 'NONE', #2034, #470, #924, .T. ) ;
#482 = ORIENTED_EDGE ( 'NONE', *, *, #1828, .T. ) ;
#483 = ADVANCED_FACE ( 'NONE', ( #2076 ), #960, .F. ) ;
#484 = CARTESIAN_POINT ( 'NONE',  ( -40.00000000000000000, 50.00000000000003553, 7.750000000000001776 ) ) ;
#485 = ORIENTED_EDGE ( 'NONE', *, *, #868, .F. ) ;
#486 = CARTESIAN_POINT ( 'NONE',  ( -50.00000000000001421, 47.00000000000000711, 0.9999999999999940048 ) ) ;
#487 = DIRECTION ( 'NONE',  ( -0.000000000000000000, -0.000000000000000000, -1.000000000000000000 ) ) ;
#488 = ORIENTED_EDGE ( 'NONE', *, *, #647, .F. ) ;
#489 = FACE_BOUND ( 'NONE', #419, .T. ) ;
#490 = CARTESIAN_POINT ( 'NONE',  ( 12.50000000000000888, -37.65063509461096913, 1.734723475976807883E-15 ) ) ;
#491 = VERTEX_POINT ( 'NONE', #1224 ) ;
#492 = VERTEX_POINT ( 'NONE', #1894 ) ;
#493 = EDGE_CURVE ( 'NONE', #460, #491, #1246, .T. ) ;
#494 = CARTESIAN_POINT ( 'NONE',  ( -41.24999999999998579, 40.00000000000000000, -3.000000000000001332 ) ) ;
#495 = ORIENTED_EDGE ( 'NONE', *, *, #906, .F. ) ;
#496 = CARTESIAN_POINT ( 'NONE',  ( 49.99999999999998579, 50.00000000000006395, 14.99999999999998934 ) ) ;
#497 = DIRECTION ( 'NONE',  ( -1.000000000000000000, 0.000000000000000000, 0.000000000000000000 ) ) ;
#498 = ORIENTED_EDGE ( 'NONE', *, *, #300, .F. ) ;
#499 = DIRECTION ( 'NONE',  ( -0.000000000000000000, 1.000000000000000000, -3.713525943768164663E-15 ) ) ;
#500 = CARTESIAN_POINT ( 'NONE',  ( 49.99999999999998579, 50.00000000000006395, 14.99999999999998934 ) ) ;
#501 = ORIENTED_EDGE ( 'NONE', *, *, #1939, .F. ) ;
#502 = VERTEX_POINT ( 'NONE', #563 ) ;
#503 = VECTOR ( 'NONE', #873, 1000.000000000000000 ) ;
#504 = AXIS2_PLACEMENT_3D ( 'NONE', #621, #808, #267 ) ;
#505 = AXIS2_PLACEMENT_3D ( 'NONE', #1629, #1652, #1798 ) ;
#506 = DIRECTION ( 'NONE',  ( -0.000000000000000000, 3.700743415417188731E-15, 1.000000000000000000 ) ) ;
#507 = ORIENTED_EDGE ( 'NONE', *, *, #2145, .T. ) ;
#508 = CARTESIAN_POINT ( 'NONE',  ( 9.350000000000013856, 5.650635094610969134, 1.734723475976807883E-15 ) ) ;
#509 = CARTESIAN_POINT ( 'NONE',  ( -40.00000000000000000, -47.00000000000001421, 9.000000000000325073 ) ) ;
#510 = EDGE_CURVE ( 'NONE', #525, #1020, #1489, .T. ) ;
#511 = VERTEX_POINT ( 'NONE', #1903 ) ;
#512 = CARTESIAN_POINT ( 'NONE',  ( -40.00000000000000000, 50.00000000000004974, 10.24999999999997691 ) ) ;
#513 = DIRECTION ( 'NONE',  ( 0.000000000000000000, -5.551115123125840289E-15, 1.000000000000000000 ) ) ;
#514 = EDGE_LOOP ( 'NONE', ( #1376, #423, #1745, #1887 ) ) ;
#515 = VERTEX_POINT ( 'NONE', #531 ) ;
#516 = DIRECTION ( 'NONE',  ( 0.000000000000000000, 5.551115123125840289E-15, 1.000000000000000000 ) ) ;
#517 = ORIENTED_EDGE ( 'NONE', *, *, #1699, .F. ) ;
#518 = CARTESIAN_POINT ( 'NONE',  ( 50.00000000000000000, -46.99999999999999289, 0.9999999999999940048 ) ) ;
#519 = CARTESIAN_POINT ( 'NONE',  ( 49.99999999999998579, 47.00000000000001421, 0.9999999999999940048 ) ) ;
#520 = EDGE_CURVE ( 'NONE', #491, #460, #1388, .T. ) ;
#521 = ORIENTED_EDGE ( 'NONE', *, *, #823, .T. ) ;
#522 = DIRECTION ( 'NONE',  ( 0.000000000000000000, -5.551115123125840289E-15, 1.000000000000000000 ) ) ;
#523 = EDGE_CURVE ( 'NONE', #1159, #1499, #116, .T. ) ;
#524 = LINE ( 'NONE', #837, #503 ) ;
#525 = VERTEX_POINT ( 'NONE', #577 ) ;
#526 = CARTESIAN_POINT ( 'NONE',  ( -24.99999999999999289, -16.00000000000000711, -3.000000000000002665 ) ) ;
#527 = ADVANCED_FACE ( 'NONE', ( #1411 ), #1045, .F. ) ;
#528 = CARTESIAN_POINT ( 'NONE',  ( -50.00000000000000000, -47.00000000000004974, 15.00000000000000000 ) ) ;
#529 = ORIENTED_EDGE ( 'NONE', *, *, #1913, .T. ) ;
#530 = FACE_BOUND ( 'NONE', #2044, .T. ) ;
#531 = CARTESIAN_POINT ( 'NONE',  ( -50.00000000000001421, 50.00000000000006395, 14.99999999999998934 ) ) ;
#532 = CARTESIAN_POINT ( 'NONE',  ( -9.350000000000001421, 5.650635094610959364, 1.734723475976807883E-15 ) ) ;
#533 = EDGE_LOOP ( 'NONE', ( #1095, #762, #1534, #860 ) ) ;
#534 = CYLINDRICAL_SURFACE ( 'NONE', #2102, 1.249999999999994227 ) ;
#535 = CIRCLE ( 'NONE', #2169, 3.149999999999999911 ) ;
#536 = AXIS2_PLACEMENT_3D ( 'NONE', #987, #150, #659 ) ;
#537 = ADVANCED_FACE ( 'NONE', ( #1419 ), #1737, .F. ) ;
#538 = CIRCLE ( 'NONE', #325, 1.249999999999994227 ) ;
#539 = VECTOR ( 'NONE', #2037, 1000.000000000000000 ) ;
#540 = CARTESIAN_POINT ( 'NONE',  ( -12.50000000000000000, 5.650635094610959364, 0.000000000000000000 ) ) ;
#541 = ORIENTED_EDGE ( 'NONE', *, *, #942, .T. ) ;
#542 = AXIS2_PLACEMENT_3D ( 'NONE', #939, #1362, #516 ) ;
#543 = AXIS2_PLACEMENT_3D ( 'NONE', #2121, #593, #1437 ) ;
#544 = CARTESIAN_POINT ( 'NONE',  ( -28.14999999999999503, -16.00000000000000711, 1.734723475976807883E-15 ) ) ;
#545 = VECTOR ( 'NONE', #303, 1000.000000000000000 ) ;
#546 = CIRCLE ( 'NONE', #830, 1.249999999999987121 ) ;
#547 = CARTESIAN_POINT ( 'NONE',  ( -21.84999999999999432, -16.00000000000000711, 1.734723475976807883E-15 ) ) ;
#548 = CARTESIAN_POINT ( 'NONE',  ( -50.00000000000000000, -46.00000000000000000, 0.9999999999999976685 ) ) ;
#549 = EDGE_LOOP ( 'NONE', ( #374, #867 ) ) ;
#550 = DIRECTION ( 'NONE',  ( 0.000000000000000000, -1.000000000000000000, 3.700743415417188731E-15 ) ) ;
#551 = EDGE_CURVE ( 'NONE', #1133, #1581, #1802, .T. ) ;
#552 = ORIENTED_EDGE ( 'NONE', *, *, #1268, .F. ) ;
#553 = DIRECTION ( 'NONE',  ( 0.000000000000000000, 5.551115123125840289E-15, 1.000000000000000000 ) ) ;
#554 = APPROVAL_STATUS ( 'not_yet_approved' ) ;
#555 = DIRECTION ( 'NONE',  ( 1.000000000000000000, -0.000000000000000000, -0.000000000000000000 ) ) ;
#556 = LINE ( 'NONE', #1412, #1250 ) ;
#557 = ORIENTED_EDGE ( 'NONE', *, *, #1569, .T. ) ;
#558 = PLANE ( 'NONE',  #1181 ) ;
#559 = EDGE_LOOP ( 'NONE', ( #2002, #2176 ) ) ;
#560 = FACE_BOUND ( 'NONE', #673, .T. ) ;
#561 = APPROVAL_DATE_TIME ( #386, #1610 ) ;
#562 = EDGE_CURVE ( 'NONE', #778, #1581, #705, .T. ) ;
#563 = CARTESIAN_POINT ( 'NONE',  ( -10.80000000000001315, 5.650635094610959364, -3.000000000000002665 ) ) ;
#564 = CARTESIAN_POINT ( 'NONE',  ( 12.50000000000001421, 5.650635094610969134, 0.000000000000000000 ) ) ;
#565 = ORIENTED_EDGE ( 'NONE', *, *, #1913, .F. ) ;
#566 = DIRECTION ( 'NONE',  ( -0.000000000000000000, -0.000000000000000000, 1.000000000000000000 ) ) ;
#567 = VERTEX_POINT ( 'NONE', #1084 ) ;
#568 =( GEOMETRIC_REPRESENTATION_CONTEXT ( 3 ) GLOBAL_UNCERTAINTY_ASSIGNED_CONTEXT ( ( #93 ) ) GLOBAL_UNIT_ASSIGNED_CONTEXT ( ( #1496, #834, #2172 ) ) REPRESENTATION_CONTEXT ( 'NONE', 'WORKASPACE' ) );
#569 = AXIS2_PLACEMENT_3D ( 'NONE', #1377, #1075, #738 ) ;
#570 = CARTESIAN_POINT ( 'NONE',  ( -12.49999999999999289, -37.65063509461097624, 0.000000000000000000 ) ) ;
#571 = PERSON_AND_ORGANIZATION ( #961, #2093 ) ;
#572 = AXIS2_PLACEMENT_3D ( 'NONE', #1997, #957, #811 ) ;
#573 = AXIS2_PLACEMENT_3D ( 'NONE', #385, #1401, #553 ) ;
#574 = AXIS2_PLACEMENT_3D ( 'NONE', #1034, #2179, #1716 ) ;
#575 = VECTOR ( 'NONE', #1934, 1000.000000000000000 ) ;
#576 = AXIS2_PLACEMENT_3D ( 'NONE', #1096, #770, #1982 ) ;
#577 = CARTESIAN_POINT ( 'NONE',  ( 50.00000000000000000, -50.00000000000000000, 0.9999999999999829026 ) ) ;
#578 = DIRECTION ( 'NONE',  ( -1.000000000000000000, 0.000000000000000000, 0.000000000000000000 ) ) ;
#579 = EDGE_CURVE ( 'NONE', #188, #1701, #48, .T. ) ;
#580 = ORIENTED_EDGE ( 'NONE', *, *, #1761, .T. ) ;
#581 = CARTESIAN_POINT ( 'NONE',  ( 28.15000000000000924, -16.00000000000000000, 1.734723475976807883E-15 ) ) ;
#582 = CARTESIAN_POINT ( 'NONE',  ( -19.99999999999999289, -15.99999999999999645, 0.000000000000000000 ) ) ;
#583 = ORIENTED_EDGE ( 'NONE', *, *, #551, .F. ) ;
#584 = CARTESIAN_POINT ( 'NONE',  ( 0.000000000000000000, 50.00000000000004263, 8.999999999999989342 ) ) ;
#585 = DIRECTION ( 'NONE',  ( -0.000000000000000000, 1.000000000000000000, -3.469446951953614583E-15 ) ) ;
#586 = EDGE_CURVE ( 'NONE', #636, #1466, #2050, .T. ) ;
#587 = LINE ( 'NONE', #1264, #575 ) ;
#588 = EDGE_LOOP ( 'NONE', ( #1976, #173 ) ) ;
#589 = EDGE_CURVE ( 'NONE', #1700, #1421, #728, .T. ) ;
#590 = CYLINDRICAL_SURFACE ( 'NONE', #264, 1.699999999999987965 ) ;
#591 = LINE ( 'NONE', #2071, #929 ) ;
#592 = VERTEX_POINT ( 'NONE', #797 ) ;
#593 = DIRECTION ( 'NONE',  ( -0.000000000000000000, -0.000000000000000000, 1.000000000000000000 ) ) ;
#594 = CARTESIAN_POINT ( 'NONE',  ( 50.00000000000000000, -46.00000000000000000, 0.9999999999999976685 ) ) ;
#595 = CARTESIAN_POINT ( 'NONE',  ( 12.50000000000001421, 5.650635094610969134, 1.734723475976807883E-15 ) ) ;
#596 = EDGE_LOOP ( 'NONE', ( #1696, #768, #541, #1820 ) ) ;
#597 = ORIENTED_EDGE ( 'NONE', *, *, #1326, .T. ) ;
#598 = FACE_BOUND ( 'NONE', #549, .T. ) ;
#599 = LINE ( 'NONE', #1301, #1914 ) ;
#600 = ORIENTED_EDGE ( 'NONE', *, *, #1041, .T. ) ;
#601 = EDGE_CURVE ( 'NONE', #1479, #920, #326, .T. ) ;
#602 = AXIS2_PLACEMENT_3D ( 'NONE', #10, #1193, #2009 ) ;
#603 = DIRECTION ( 'NONE',  ( 1.000000000000000000, 0.000000000000000000, 0.000000000000000000 ) ) ;
#604 = ORIENTED_EDGE ( 'NONE', *, *, #945, .T. ) ;
#605 = CIRCLE ( 'NONE', #1530, 1.699999999999987965 ) ;
#606 = AXIS2_PLACEMENT_3D ( 'NONE', #302, #112, #266 ) ;
#607 = CYLINDRICAL_SURFACE ( 'NONE', #1493, 1.249999999999987121 ) ;
#608 = AXIS2_PLACEMENT_3D ( 'NONE', #2123, #1093, #1960 ) ;
#609 = CYLINDRICAL_SURFACE ( 'NONE', #1603, 1.249999999999994227 ) ;
#610 = CIRCLE ( 'NONE', #898, 20.00000000000000000 ) ;
#611 = AXIS2_PLACEMENT_3D ( 'NONE', #265, #1429, #443 ) ;
#612 = CIRCLE ( 'NONE', #1537, 1.249999999999987121 ) ;
#613 = ORIENTED_EDGE ( 'NONE', *, *, #1433, .T. ) ;
#614 = EDGE_LOOP ( 'NONE', ( #989, #946 ) ) ;
#615 = DIRECTION ( 'NONE',  ( -0.000000000000000000, -0.000000000000000000, 1.000000000000000000 ) ) ;
#616 = LINE ( 'NONE', #1486, #1952 ) ;
#617 = EDGE_CURVE ( 'NONE', #828, #1176, #127, .T. ) ;
#618 = ADVANCED_FACE ( 'NONE', ( #2146 ), #1639, .F. ) ;
#619 = DIRECTION ( 'NONE',  ( 0.000000000000000000, 5.551115123125840289E-15, 1.000000000000000000 ) ) ;
#620 = DIRECTION ( 'NONE',  ( 0.000000000000000000, 0.000000000000000000, 1.000000000000000000 ) ) ;
#621 = CARTESIAN_POINT ( 'NONE',  ( 25.00000000000000711, -16.00000000000000000, -1.450000000000006839 ) ) ;
#622 = EDGE_LOOP ( 'NONE', ( #1823, #1002, #1372, #6 ) ) ;
#623 = VERTEX_POINT ( 'NONE', #1287 ) ;
#624 = DIRECTION ( 'NONE',  ( 0.000000000000000000, 5.551115123125840289E-15, 1.000000000000000000 ) ) ;
#625 = DIRECTION ( 'NONE',  ( -0.000000000000000000, -0.000000000000000000, -1.000000000000000000 ) ) ;
#626 = ORIENTED_EDGE ( 'NONE', *, *, #1606, .T. ) ;
#627 = DIRECTION ( 'NONE',  ( -0.000000000000000000, -0.000000000000000000, 1.000000000000000000 ) ) ;
#628 = EDGE_LOOP ( 'NONE', ( #383, #583, #1013, #1160 ) ) ;
#629 = CARTESIAN_POINT ( 'NONE',  ( -50.00000000000001421, 46.00000000000001421, 0.9999999999999976685 ) ) ;
#630 = DIRECTION ( 'NONE',  ( 1.000000000000000000, 0.000000000000000000, 0.000000000000000000 ) ) ;
#631 = EDGE_CURVE ( 'NONE', #136, #1111, #2138, .T. ) ;
#632 = ORIENTED_EDGE ( 'NONE', *, *, #1690, .T. ) ;
#633 = EDGE_LOOP ( 'NONE', ( #436, #488, #1627, #1551 ) ) ;
#634 = FACE_BOUND ( 'NONE', #852, .T. ) ;
#635 = CARTESIAN_POINT ( 'NONE',  ( -50.00000000000000000, -45.99999999999997868, -2.999999999999999112 ) ) ;
#636 = VERTEX_POINT ( 'NONE', #1777 ) ;
#637 = DIRECTION ( 'NONE',  ( 0.000000000000000000, 0.000000000000000000, -1.000000000000000000 ) ) ;
#638 = DESIGN_CONTEXT ( 'detailed design', #665, 'design' ) ;
#639 = LINE ( 'NONE', #508, #296 ) ;
#640 = CARTESIAN_POINT ( 'NONE',  ( -10.80000000000001315, 5.650635094610959364, -1.450000000000006839 ) ) ;
#641 = VECTOR ( 'NONE', #8, 1000.000000000000000 ) ;
#642 = AXIS2_PLACEMENT_3D ( 'NONE', #1729, #1910, #1241 ) ;
#643 = AXIS2_PLACEMENT_3D ( 'NONE', #1671, #487, #336 ) ;
#644 = CIRCLE ( 'NONE', #469, 1.249999999999987121 ) ;
#645 = ORIENTED_EDGE ( 'NONE', *, *, #1609, .F. ) ;
#646 = LINE ( 'NONE', #1510, #53 ) ;
#647 = EDGE_CURVE ( 'NONE', #1651, #1700, #1137, .T. ) ;
#648 = FACE_OUTER_BOUND ( 'NONE', #1047, .T. ) ;
#649 = VECTOR ( 'NONE', #1468, 1000.000000000000000 ) ;
#650 = CONICAL_SURFACE ( 'NONE', #543, 3.149999999999999911, 0.7853981633974495002 ) ;
#651 = EDGE_LOOP ( 'NONE', ( #1195, #874 ) ) ;
#652 = VECTOR ( 'NONE', #761, 1000.000000000000000 ) ;
#653 = CIRCLE ( 'NONE', #123, 1.249999999999987121 ) ;
#654 = LINE ( 'NONE', #991, #1286 ) ;
#655 = VERTEX_POINT ( 'NONE', #1449 ) ;
#656 = DIRECTION ( 'NONE',  ( 1.000000000000000000, 0.000000000000000000, 0.000000000000000000 ) ) ;
#657 = CARTESIAN_POINT ( 'NONE',  ( -23.30000000000000782, -16.00000000000000711, -1.450000000000006839 ) ) ;
#658 = VERTEX_POINT ( 'NONE', #760 ) ;
#659 = DIRECTION ( 'NONE',  ( 0.000000000000000000, 5.551115123125840289E-15, 1.000000000000000000 ) ) ;
#660 = LINE ( 'NONE', #169, #1035 ) ;
#661 = EDGE_CURVE ( 'NONE', #1261, #179, #1838, .T. ) ;
#662 = EDGE_LOOP ( 'NONE', ( #2015, #1117, #1686, #1487 ) ) ;
#663 = FACE_OUTER_BOUND ( 'NONE', #334, .T. ) ;
#664 = ADVANCED_FACE ( 'NONE', ( #785 ), #1438, .F. ) ;
#665 = APPLICATION_CONTEXT ( 'configuration controlled 3d designs of mechanical parts and assemblies' ) ;
#666 = CARTESIAN_POINT ( 'NONE',  ( -24.99999999999999289, -16.00000000000000711, 0.000000000000000000 ) ) ;
#667 = ORIENTED_EDGE ( 'NONE', *, *, #1890, .T. ) ;
#668 = CARTESIAN_POINT ( 'NONE',  ( 40.00000000000000000, 40.00000000000000000, 0.000000000000000000 ) ) ;
#669 = DIRECTION ( 'NONE',  ( -0.000000000000000000, -0.000000000000000000, -1.000000000000000000 ) ) ;
#670 = EDGE_LOOP ( 'NONE', ( #2039, #1718, #1512, #1299 ) ) ;
#671 = DIRECTION ( 'NONE',  ( -0.000000000000000000, 1.000000000000000000, -3.469446951953614583E-15 ) ) ;
#672 = LINE ( 'NONE', #187, #1595 ) ;
#673 = EDGE_LOOP ( 'NONE', ( #800, #871 ) ) ;
#674 = EDGE_LOOP ( 'NONE', ( #501, #1851, #773, #1440 ) ) ;
#675 = LINE ( 'NONE', #1184, #756 ) ;
#676 = EDGE_CURVE ( 'NONE', #936, #1014, #2127, .T. ) ;
#677 = ORIENTED_EDGE ( 'NONE', *, *, #1022, .T. ) ;
#678 = CARTESIAN_POINT ( 'NONE',  ( 41.24999999999999289, 40.00000000000000000, 0.000000000000000000 ) ) ;
#679 = APPLICATION_PROTOCOL_DEFINITION ( 'international standard', 'config_control_design', 1994, #1650 ) ;
#680 = ORIENTED_EDGE ( 'NONE', *, *, #168, .T. ) ;
#681 = DIRECTION ( 'NONE',  ( 1.000000000000000000, -0.000000000000000000, -0.000000000000000000 ) ) ;
#682 = DIRECTION ( 'NONE',  ( 1.000000000000000000, 0.000000000000000000, 0.000000000000000000 ) ) ;
#683 = AXIS2_PLACEMENT_3D ( 'NONE', #359, #167, #1189 ) ;
#684 = ORIENTED_EDGE ( 'NONE', *, *, #1148, .F. ) ;
#685 = DIRECTION ( 'NONE',  ( 0.000000000000000000, 1.000000000000000000, 3.491481338843133355E-15 ) ) ;
#686 = CIRCLE ( 'NONE', #1104, 1.249999999999994227 ) ;
#687 = AXIS2_PLACEMENT_3D ( 'NONE', #1494, #1186, #1006 ) ;
#688 = AXIS2_PLACEMENT_3D ( 'NONE', #935, #1094, #630 ) ;
#689 = AXIS2_PLACEMENT_3D ( 'NONE', #2149, #810, #948 ) ;
#690 = EDGE_CURVE ( 'NONE', #2030, #623, #441, .T. ) ;
#691 = DIRECTION ( 'NONE',  ( 1.000000000000000000, 0.000000000000000000, 0.000000000000000000 ) ) ;
#692 = ORIENTED_EDGE ( 'NONE', *, *, #523, .F. ) ;
#693 = DIRECTION ( 'NONE',  ( 0.000000000000000000, 1.000000000000000000, -3.686287386450711920E-15 ) ) ;
#694 = FACE_OUTER_BOUND ( 'NONE', #986, .T. ) ;
#695 = VERTEX_POINT ( 'NONE', #1933 ) ;
#696 = DIRECTION ( 'NONE',  ( 0.000000000000000000, -1.000000000000000000, -3.686287386450711920E-15 ) ) ;
#697 = CARTESIAN_POINT ( 'NONE',  ( 20.00000000000000711, -16.00000000000000000, -3.000000000000000000 ) ) ;
#698 = ORIENTED_EDGE ( 'NONE', *, *, #1565, .F. ) ;
#699 = ORIENTED_EDGE ( 'NONE', *, *, #232, .T. ) ;
#700 = DIRECTION ( 'NONE',  ( 0.000000000000000000, -3.700743415417188731E-15, 1.000000000000000000 ) ) ;
#701 = VERTEX_POINT ( 'NONE', #1979 ) ;
#702 = FACE_BOUND ( 'NONE', #1538, .T. ) ;
#703 = MECHANICAL_CONTEXT ( 'NONE', #1650, 'mechanical' ) ;
#704 = ORIENTED_EDGE ( 'NONE', *, *, #551, .T. ) ;
#705 = LINE ( 'NONE', #72, #994 ) ;
#706 = DIRECTION ( 'NONE',  ( -0.000000000000000000, 0.000000000000000000, 1.000000000000000000 ) ) ;
#707 = ADVANCED_FACE ( 'NONE', ( #421 ), #607, .F. ) ;
#708 = CC_DESIGN_DATE_AND_TIME_ASSIGNMENT ( #1385, #1747, ( #1031 ) ) ;
#709 = ORIENTED_EDGE ( 'NONE', *, *, #1131, .F. ) ;
#710 = ORIENTED_EDGE ( 'NONE', *, *, #1037, .T. ) ;
#711 = DIRECTION ( 'NONE',  ( 1.000000000000000000, 0.000000000000000000, 0.000000000000000000 ) ) ;
#712 = EDGE_LOOP ( 'NONE', ( #213, #1307, #983, #1021 ) ) ;
#713 = CARTESIAN_POINT ( 'NONE',  ( 0.000000000000000000, 50.00000000000004263, 8.999999999999989342 ) ) ;
#714 = PERSON_AND_ORGANIZATION ( #961, #2093 ) ;
#715 = DIRECTION ( 'NONE',  ( -0.000000000000000000, -0.000000000000000000, 1.000000000000000000 ) ) ;
#716 = FACE_OUTER_BOUND ( 'NONE', #358, .T. ) ;
#717 = ORIENTED_EDGE ( 'NONE', *, *, #1279, .F. ) ;
#718 = EDGE_CURVE ( 'NONE', #370, #2162, #1353, .T. ) ;
#719 = CLOSED_SHELL ( 'NONE', ( #1296, #2000, #43, #2177, #1216, #1076, #1582, #2089, #427, #418, #291, #537, #2054, #1054, #1172, #1702, #124, #483, #1237, #1283, #850, #341, #192, #249, #981, #1446, #17, #1543, #914, #879, #1827, #1813, #618, #366, #96, #1654, #1115, #1229, #753, #352, #1540, #1526, #1457, #1221, #44, #1898, #1090, #1378, #735, #1303, #1101, #915, #1902, #1678, #1760, #995, #2073, #472, #931, #444, #2109, #733, #707, #664, #1824, #2157, #2070, #527 ) ) ;
#720 = DIRECTION ( 'NONE',  ( -0.000000000000000000, -0.000000000000000000, 1.000000000000000000 ) ) ;
#721 = AXIS2_PLACEMENT_3D ( 'NONE', #2064, #54, #1736 ) ;
#722 = CARTESIAN_POINT ( 'NONE',  ( -38.75000000000000711, 40.00000000000000000, -3.000000000000000000 ) ) ;
#723 = ORIENTED_EDGE ( 'NONE', *, *, #2021, .T. ) ;
#724 = VECTOR ( 'NONE', #125, 1000.000000000000000 ) ;
#725 = CIRCLE ( 'NONE', #689, 1.249999999999987121 ) ;
#726 = PLANE ( 'NONE',  #2025 ) ;
#727 = PERSON_AND_ORGANIZATION ( #961, #2093 ) ;
#728 = LINE ( 'NONE', #880, #1313 ) ;
#729 = LINE ( 'NONE', #1389, #19 ) ;
#730 = ORIENTED_EDGE ( 'NONE', *, *, #1699, .T. ) ;
#731 = EDGE_LOOP ( 'NONE', ( #327, #1198, #699, #2184 ) ) ;
#732 = CARTESIAN_POINT ( 'NONE',  ( 0.000000000000000000, -47.00000000000002132, 10.25000000000031264 ) ) ;
#733 = ADVANCED_FACE ( 'NONE', ( #943 ), #1607, .F. ) ;
#734 = ORIENTED_EDGE ( 'NONE', *, *, #2081, .F. ) ;
#735 = ADVANCED_FACE ( 'NONE', ( #766 ), #1533, .F. ) ;
#736 = DIRECTION ( 'NONE',  ( -0.000000000000000000, -3.700743415417188731E-15, -1.000000000000000000 ) ) ;
#737 = CALENDAR_DATE ( 2026, 30, 6 ) ;
#738 = DIRECTION ( 'NONE',  ( 0.000000000000000000, -5.551115123125840289E-15, -1.000000000000000000 ) ) ;
#739 = LINE ( 'NONE', #2065, #652 ) ;
#740 = EDGE_LOOP ( 'NONE', ( #626, #1188, #1064, #1185 ) ) ;
#741 = FACE_BOUND ( 'NONE', #651, .T. ) ;
#742 = ORIENTED_EDGE ( 'NONE', *, *, #1433, .F. ) ;
#743 = EDGE_CURVE ( 'NONE', #1133, #695, #2112, .T. ) ;
#744 = CARTESIAN_POINT ( 'NONE',  ( -50.00000000000001421, 46.00000000000001421, -3.000000000000003553 ) ) ;
#745 = COORDINATED_UNIVERSAL_TIME_OFFSET ( 8, 0, .AHEAD. ) ;
#746 = DIRECTION ( 'NONE',  ( 1.000000000000000000, 0.000000000000000000, 0.000000000000000000 ) ) ;
#747 = DIRECTION ( 'NONE',  ( 0.000000000000000000, 1.000000000000000000, -3.686287386450711920E-15 ) ) ;
#748 = EDGE_LOOP ( 'NONE', ( #1057, #1675, #677, #1070 ) ) ;
#749 = LINE ( 'NONE', #57, #1844 ) ;
#750 = AXIS2_PLACEMENT_3D ( 'NONE', #1170, #851, #1825 ) ;
#751 = EDGE_LOOP ( 'NONE', ( #338, #2114, #1966, #1548 ) ) ;
#752 = CIRCLE ( 'NONE', #1316, 1.000000000000000666 ) ;
#753 = ADVANCED_FACE ( 'NONE', ( #952 ), #1592, .T. ) ;
#754 = DIRECTION ( 'NONE',  ( -1.000000000000000000, 0.000000000000000000, 0.000000000000000000 ) ) ;
#755 = CIRCLE ( 'NONE', #1669, 1.249999999999987121 ) ;
#756 = VECTOR ( 'NONE', #1655, 1000.000000000000000 ) ;
#757 = EDGE_CURVE ( 'NONE', #848, #1789, #1068, .T. ) ;
#758 = AXIS2_PLACEMENT_3D ( 'NONE', #31, #706, #1165 ) ;
#759 = VECTOR ( 'NONE', #1751, 1000.000000000000000 ) ;
#760 = CARTESIAN_POINT ( 'NONE',  ( 9.350000000000006750, -37.65063509461096913, 1.734723475976807883E-15 ) ) ;
#761 = DIRECTION ( 'NONE',  ( -0.000000000000000000, -0.000000000000000000, 1.000000000000000000 ) ) ;
#762 = ORIENTED_EDGE ( 'NONE', *, *, #1588, .T. ) ;
#763 = DIRECTION ( 'NONE',  ( 0.000000000000000000, 5.551115123125840289E-15, 1.000000000000000000 ) ) ;
#764 = CARTESIAN_POINT ( 'NONE',  ( 40.00000000000000000, 40.00000000000000000, 0.000000000000000000 ) ) ;
#765 = CARTESIAN_POINT ( 'NONE',  ( 12.50000000000000888, -37.65063509461096913, 1.734723475976807883E-15 ) ) ;
#766 = FACE_OUTER_BOUND ( 'NONE', #1542, .T. ) ;
#767 = LINE ( 'NONE', #1439, #1743 ) ;
#768 = ORIENTED_EDGE ( 'NONE', *, *, #147, .F. ) ;
#769 = VERTEX_POINT ( 'NONE', #1657 ) ;
#770 = DIRECTION ( 'NONE',  ( 1.000000000000000000, 0.000000000000000000, 0.000000000000000000 ) ) ;
#771 = EDGE_CURVE ( 'NONE', #701, #790, #2155, .T. ) ;
#772 = DIRECTION ( 'NONE',  ( 0.000000000000000000, 5.551115123125840289E-15, 1.000000000000000000 ) ) ;
#773 = ORIENTED_EDGE ( 'NONE', *, *, #110, .T. ) ;
#774 = CARTESIAN_POINT ( 'NONE',  ( 40.00000000000000000, 50.00000000000004263, 8.999999999999989342 ) ) ;
#775 = CARTESIAN_POINT ( 'NONE',  ( 41.24999999999999289, 40.00000000000000000, -3.000000000000000000 ) ) ;
#776 = DIRECTION ( 'NONE',  ( 0.000000000000000000, 0.000000000000000000, 1.000000000000000000 ) ) ;
#777 = ORIENTED_EDGE ( 'NONE', *, *, #1631, .T. ) ;
#778 = VERTEX_POINT ( 'NONE', #2171 ) ;
#779 = CARTESIAN_POINT ( 'NONE',  ( 40.00000000000000000, -50.00000000000011369, 9.000000000000335731 ) ) ;
#780 = DIRECTION ( 'NONE',  ( -1.000000000000000000, -0.000000000000000000, -0.000000000000000000 ) ) ;
#781 = EDGE_CURVE ( 'NONE', #304, #1840, #15, .T. ) ;
#782 = VERTEX_POINT ( 'NONE', #145 ) ;
#783 = FACE_OUTER_BOUND ( 'NONE', #1523, .T. ) ;
#784 = VECTOR ( 'NONE', #1109, 1000.000000000000000 ) ;
#785 = FACE_OUTER_BOUND ( 'NONE', #389, .T. ) ;
#786 = VECTOR ( 'NONE', #309, 1000.000000000000000 ) ;
#787 = LINE ( 'NONE', #1298, #1637 ) ;
#788 = AXIS2_PLACEMENT_3D ( 'NONE', #1120, #953, #1625 ) ;
#789 = AXIS2_PLACEMENT_3D ( 'NONE', #312, #1323, #479 ) ;
#790 = VERTEX_POINT ( 'NONE', #1173 ) ;
#791 = DIRECTION ( 'NONE',  ( -0.000000000000000000, -0.000000000000000000, -1.000000000000000000 ) ) ;
#792 = DIRECTION ( 'NONE',  ( 1.000000000000000000, 0.000000000000000000, 0.000000000000000000 ) ) ;
#793 = ORIENTED_EDGE ( 'NONE', *, *, #481, .F. ) ;
#794 = FACE_OUTER_BOUND ( 'NONE', #1256, .T. ) ;
#795 = EDGE_CURVE ( 'NONE', #636, #222, #1842, .T. ) ;
#796 = EDGE_CURVE ( 'NONE', #170, #567, #639, .T. ) ;
#797 = CARTESIAN_POINT ( 'NONE',  ( 38.75000000000000711, 40.00000000000000000, 0.000000000000000000 ) ) ;
#798 = CARTESIAN_POINT ( 'NONE',  ( -38.75000000000000711, -40.00000000000000000, 0.000000000000000000 ) ) ;
#799 = EDGE_LOOP ( 'NONE', ( #285, #1968, #1236, #1916 ) ) ;
#800 = ORIENTED_EDGE ( 'NONE', *, *, #1776, .F. ) ;
#801 = DIRECTION ( 'NONE',  ( -1.000000000000000000, 0.000000000000000000, 0.000000000000000000 ) ) ;
#802 = CARTESIAN_POINT ( 'NONE',  ( 1.530808498934182449E-16, 50.00000000000003553, 7.750000000000001776 ) ) ;
#803 = EDGE_CURVE ( 'NONE', #2116, #790, #1635, .T. ) ;
#804 = FACE_BOUND ( 'NONE', #175, .T. ) ;
#805 = ORIENTED_EDGE ( 'NONE', *, *, #817, .T. ) ;
#806 = EDGE_CURVE ( 'NONE', #502, #2132, #1100, .T. ) ;
#807 = DIRECTION ( 'NONE',  ( -0.000000000000000000, -1.000000000000000000, -3.713525943768164663E-15 ) ) ;
#808 = DIRECTION ( 'NONE',  ( -0.000000000000000000, -0.000000000000000000, 1.000000000000000000 ) ) ;
#809 = EDGE_LOOP ( 'NONE', ( #270, #1271, #1142, #160 ) ) ;
#810 = DIRECTION ( 'NONE',  ( 0.000000000000000000, -1.000000000000000000, 3.700743415417188731E-15 ) ) ;
#811 = DIRECTION ( 'NONE',  ( 0.000000000000000000, 0.000000000000000000, -1.000000000000000000 ) ) ;
#812 = ORIENTED_EDGE ( 'NONE', *, *, #980, .F. ) ;
#813 = DIRECTION ( 'NONE',  ( 0.000000000000000000, 5.551115123125840289E-15, 1.000000000000000000 ) ) ;
#814 = ORIENTED_EDGE ( 'NONE', *, *, #1787, .F. ) ;
#815 = CARTESIAN_POINT ( 'NONE',  ( 50.00000000000000000, -46.00000000000000000, 0.9999999999999976685 ) ) ;
#816 = FACE_OUTER_BOUND ( 'NONE', #731, .T. ) ;
#817 = EDGE_CURVE ( 'NONE', #2141, #29, #1739, .T. ) ;
#818 = AXIS2_PLACEMENT_3D ( 'NONE', #216, #2084, #38 ) ;
#819 = VECTOR ( 'NONE', #736, 1000.000000000000000 ) ;
#820 = ORIENTED_EDGE ( 'NONE', *, *, #1565, .T. ) ;
#821 = FACE_BOUND ( 'NONE', #1103, .T. ) ;
#822 = DIRECTION ( 'NONE',  ( -0.000000000000000000, 1.000000000000000000, 3.700743415417188731E-15 ) ) ;
#823 = EDGE_CURVE ( 'NONE', #592, #828, #1032, .T. ) ;
#824 = EDGE_CURVE ( 'NONE', #314, #567, #1915, .T. ) ;
#825 = CIRCLE ( 'NONE', #14, 1.249999999999987121 ) ;
#826 = AXIS2_PLACEMENT_3D ( 'NONE', #584, #243, #1262 ) ;
#827 = VECTOR ( 'NONE', #1130, 1000.000000000000000 ) ;
#828 = VERTEX_POINT ( 'NONE', #678 ) ;
#829 = EDGE_LOOP ( 'NONE', ( #1369, #1168, #455, #1972 ) ) ;
#830 = AXIS2_PLACEMENT_3D ( 'NONE', #779, #1300, #956 ) ;
#831 = CYLINDRICAL_SURFACE ( 'NONE', #1572, 1.249999999999987121 ) ;
#832 = ORIENTED_EDGE ( 'NONE', *, *, #251, .F. ) ;
#833 = DIRECTION ( 'NONE',  ( -0.000000000000000000, -0.000000000000000000, 1.000000000000000000 ) ) ;
#834 =( NAMED_UNIT ( * ) PLANE_ANGLE_UNIT ( ) SI_UNIT ( $, .RADIAN. ) );
#835 = VERTEX_POINT ( 'NONE', #1350 ) ;
#836 = DIRECTION ( 'NONE',  ( 0.000000000000000000, 0.000000000000000000, -1.000000000000000000 ) ) ;
#837 = CARTESIAN_POINT ( 'NONE',  ( -23.30000000000000782, -16.00000000000000711, 0.000000000000000000 ) ) ;
#838 = ORIENTED_EDGE ( 'NONE', *, *, #2145, .F. ) ;
#839 = EDGE_CURVE ( 'NONE', #936, #1574, #346, .T. ) ;
#840 = VERTEX_POINT ( 'NONE', #1339 ) ;
#841 = DIRECTION ( 'NONE',  ( -0.000000000000000000, -0.000000000000000000, 1.000000000000000000 ) ) ;
#842 = EDGE_LOOP ( 'NONE', ( #1762, #1509, #46, #2120 ) ) ;
#843 = DIRECTION ( 'NONE',  ( 1.000000000000000000, 0.000000000000000000, 0.000000000000000000 ) ) ;
#844 = CARTESIAN_POINT ( 'NONE',  ( -40.00000000000000000, 50.00000000000004263, 8.999999999999989342 ) ) ;
#845 = VERTEX_POINT ( 'NONE', #1648 ) ;
#846 = LINE ( 'NONE', #186, #899 ) ;
#847 = FACE_OUTER_BOUND ( 'NONE', #628, .T. ) ;
#848 = VERTEX_POINT ( 'NONE', #2013 ) ;
#849 = ORIENTED_EDGE ( 'NONE', *, *, #894, .F. ) ;
#850 = ADVANCED_FACE ( 'NONE', ( #1196 ), #984, .F. ) ;
#851 = DIRECTION ( 'NONE',  ( -0.000000000000000000, -0.000000000000000000, 1.000000000000000000 ) ) ;
#852 = EDGE_LOOP ( 'NONE', ( #723, #855 ) ) ;
#853 = CARTESIAN_POINT ( 'NONE',  ( -50.00000000000001421, 46.00000000000001421, 0.9999999999999976685 ) ) ;
#854 = CARTESIAN_POINT ( 'NONE',  ( -40.00000000000000000, 50.00000000000003553, 7.750000000000001776 ) ) ;
#855 = ORIENTED_EDGE ( 'NONE', *, *, #451, .T. ) ;
#856 = DIRECTION ( 'NONE',  ( 0.000000000000000000, -1.000000000000000000, 3.700743415417188731E-15 ) ) ;
#857 = CARTESIAN_POINT ( 'NONE',  ( -24.99999999999999289, -16.00000000000000711, -1.450000000000006839 ) ) ;
#858 = APPROVAL_PERSON_ORGANIZATION ( #571, #1222, #215 ) ;
#859 = AXIS2_PLACEMENT_3D ( 'NONE', #1616, #1472, #1624 ) ;
#860 = ORIENTED_EDGE ( 'NONE', *, *, #137, .F. ) ;
#861 = ADVANCED_BREP_SHAPE_REPRESENTATION ( 'part_danpan_dm_zhijia', ( #1166, #1562 ), #568 ) ;
#862 = ORIENTED_EDGE ( 'NONE', *, *, #803, .T. ) ;
#863 = VECTOR ( 'NONE', #2186, 1000.000000000000000 ) ;
#864 = AXIS2_PLACEMENT_3D ( 'NONE', #1829, #320, #993 ) ;
#865 = AXIS2_PLACEMENT_3D ( 'NONE', #2108, #2100, #390 ) ;
#866 = CARTESIAN_POINT ( 'NONE',  ( -40.00000000000000000, -50.00000000000011369, 9.000000000000335731 ) ) ;
#867 = ORIENTED_EDGE ( 'NONE', *, *, #134, .T. ) ;
#868 = EDGE_CURVE ( 'NONE', #525, #355, #1668, .T. ) ;
#869 = EDGE_CURVE ( 'NONE', #1626, #782, #431, .T. ) ;
#870 = CARTESIAN_POINT ( 'NONE',  ( 25.00000000000000711, -16.00000000000000000, 0.000000000000000000 ) ) ;
#871 = ORIENTED_EDGE ( 'NONE', *, *, #690, .F. ) ;
#872 = FACE_OUTER_BOUND ( 'NONE', #748, .T. ) ;
#873 = DIRECTION ( 'NONE',  ( -0.000000000000000000, -0.000000000000000000, 1.000000000000000000 ) ) ;
#874 = ORIENTED_EDGE ( 'NONE', *, *, #1037, .F. ) ;
#875 = CARTESIAN_POINT ( 'NONE',  ( 14.19999999999999751, -37.65063509461096913, -3.000000000000002665 ) ) ;
#876 = DIRECTION ( 'NONE',  ( -0.000000000000000000, 1.000000000000000000, -3.469446951953614583E-15 ) ) ;
#877 = ORIENTED_EDGE ( 'NONE', *, *, #973, .F. ) ;
#878 = LINE ( 'NONE', #235, #1841 ) ;
#879 = ADVANCED_FACE ( 'NONE', ( #183 ), #1694, .T. ) ;
#880 = CARTESIAN_POINT ( 'NONE',  ( -19.99999999999999289, -15.99999999999999645, -10.00000000000000000 ) ) ;
#881 = DIRECTION ( 'NONE',  ( -0.000000000000000000, -0.000000000000000000, -1.000000000000000000 ) ) ;
#882 = ORIENTED_EDGE ( 'NONE', *, *, #58, .F. ) ;
#883 = DIRECTION ( 'NONE',  ( 1.387778780781445676E-16, -1.000000000000000000, 0.000000000000000000 ) ) ;
#884 = DIRECTION ( 'NONE',  ( -0.000000000000000000, -0.000000000000000000, 1.000000000000000000 ) ) ;
#885 = ORIENTED_EDGE ( 'NONE', *, *, #66, .T. ) ;
#886 = CYLINDRICAL_SURFACE ( 'NONE', #1950, 1.699999999999987965 ) ;
#887 = PERSON_AND_ORGANIZATION_ROLE ( 'design_owner' ) ;
#888 = EDGE_CURVE ( 'NONE', #1891, #179, #1152, .T. ) ;
#889 = DIRECTION ( 'NONE',  ( -0.000000000000000000, -0.000000000000000000, 1.000000000000000000 ) ) ;
#890 = EDGE_CURVE ( 'NONE', #848, #525, #1818, .T. ) ;
#891 = CARTESIAN_POINT ( 'NONE',  ( -41.24999999999998579, -40.00000000000000000, -3.000000000000001332 ) ) ;
#892 = ORIENTED_EDGE ( 'NONE', *, *, #1924, .F. ) ;
#893 = DIRECTION ( 'NONE',  ( -0.000000000000000000, 1.000000000000000000, -3.469446951953614583E-15 ) ) ;
#894 = EDGE_CURVE ( 'NONE', #2103, #936, #60, .T. ) ;
#895 = AXIS2_PLACEMENT_3D ( 'NONE', #1785, #585, #286 ) ;
#896 = VECTOR ( 'NONE', #214, 1000.000000000000000 ) ;
#897 = EDGE_LOOP ( 'NONE', ( #684, #838, #1149, #2151 ) ) ;
#898 = AXIS2_PLACEMENT_3D ( 'NONE', #1975, #1644, #132 ) ;
#899 = VECTOR ( 'NONE', #499, 1000.000000000000000 ) ;
#900 = CARTESIAN_POINT ( 'NONE',  ( -50.00000000000000000, -46.99999999999999289, 6.277862297221763825E-16 ) ) ;
#901 = COORDINATED_UNIVERSAL_TIME_OFFSET ( 8, 0, .AHEAD. ) ;
#902 = DIRECTION ( 'NONE',  ( 1.000000000000000000, 0.000000000000000000, 0.000000000000000000 ) ) ;
#903 = CARTESIAN_POINT ( 'NONE',  ( -12.50000000000000000, 5.650635094610959364, -1.450000000000006839 ) ) ;
#904 = ORIENTED_EDGE ( 'NONE', *, *, #1957, .F. ) ;
#905 = CARTESIAN_POINT ( 'NONE',  ( 26.69999999999999574, -16.00000000000000000, 0.000000000000000000 ) ) ;
#906 = EDGE_CURVE ( 'NONE', #222, #2103, #1908, .T. ) ;
#907 = ORIENTED_EDGE ( 'NONE', *, *, #1336, .F. ) ;
#908 = DIRECTION ( 'NONE',  ( 1.000000000000000000, 0.000000000000000000, 0.000000000000000000 ) ) ;
#909 = CALENDAR_DATE ( 2026, 30, 6 ) ;
#910 = CARTESIAN_POINT ( 'NONE',  ( -24.99999999999999289, -16.00000000000000711, 1.734723475976807883E-15 ) ) ;
#911 = DIRECTION ( 'NONE',  ( 1.000000000000000000, 0.000000000000000000, 0.000000000000000000 ) ) ;
#912 = ORIENTED_EDGE ( 'NONE', *, *, #1441, .T. ) ;
#913 = CARTESIAN_POINT ( 'NONE',  ( -40.00000000000000000, 50.00000000000004974, 10.24999999999997691 ) ) ;
#914 = ADVANCED_FACE ( 'NONE', ( #205 ), #1901, .F. ) ;
#915 = ADVANCED_FACE ( 'NONE', ( #2060 ), #886, .F. ) ;
#916 = ORIENTED_EDGE ( 'NONE', *, *, #134, .F. ) ;
#917 = CARTESIAN_POINT ( 'NONE',  ( 49.99999999999998579, 46.00000000000001421, 0.9999999999999976685 ) ) ;
#918 = DIRECTION ( 'NONE',  ( -0.000000000000000000, -0.000000000000000000, 1.000000000000000000 ) ) ;
#919 = DIRECTION ( 'NONE',  ( 0.000000000000000000, 5.551115123125840289E-15, 1.000000000000000000 ) ) ;
#920 = VERTEX_POINT ( 'NONE', #1734 ) ;
#921 = CARTESIAN_POINT ( 'NONE',  ( 38.75000000000000711, -40.00000000000000000, 0.000000000000000000 ) ) ;
#922 = FACE_OUTER_BOUND ( 'NONE', #954, .T. ) ;
#923 = CIRCLE ( 'NONE', #90, 1.699999999999987965 ) ;
#924 = CIRCLE ( 'NONE', #254, 1.699999999999987965 ) ;
#925 = ORIENTED_EDGE ( 'NONE', *, *, #690, .T. ) ;
#926 = VECTOR ( 'NONE', #1187, 1000.000000000000000 ) ;
#927 = VECTOR ( 'NONE', #807, 1000.000000000000000 ) ;
#928 = CARTESIAN_POINT ( 'NONE',  ( 7.429674235981454113E-15, -16.00000000000000000, 0.000000000000000000 ) ) ;
#929 = VECTOR ( 'NONE', #1371, 1000.000000000000000 ) ;
#930 = AXIS2_PLACEMENT_3D ( 'NONE', #765, #111, #1623 ) ;
#931 = ADVANCED_FACE ( 'NONE', ( #223 ), #1720, .F. ) ;
#932 = CIRCLE ( 'NONE', #1321, 1.249999999999987121 ) ;
#933 = VECTOR ( 'NONE', #1741, 1000.000000000000000 ) ;
#934 = CARTESIAN_POINT ( 'NONE',  ( 40.00000000000000000, 50.00000000000004263, 8.999999999999989342 ) ) ;
#935 = CARTESIAN_POINT ( 'NONE',  ( 25.00000000000000711, -16.00000000000000000, 0.000000000000000000 ) ) ;
#936 = VERTEX_POINT ( 'NONE', #1746 ) ;
#937 = ORIENTED_EDGE ( 'NONE', *, *, #1169, .T. ) ;
#938 = CARTESIAN_POINT ( 'NONE',  ( 12.50000000000001421, 5.650635094610969134, -1.450000000000006839 ) ) ;
#939 = CARTESIAN_POINT ( 'NONE',  ( -40.00000000000000000, -50.00000000000011369, 9.000000000000335731 ) ) ;
#940 = EDGE_LOOP ( 'NONE', ( #2088, #1007, #345, #2033 ) ) ;
#941 = DIRECTION ( 'NONE',  ( 0.000000000000000000, -5.551115123125840289E-15, -1.000000000000000000 ) ) ;
#942 = EDGE_CURVE ( 'NONE', #1014, #769, #878, .T. ) ;
#943 = FACE_OUTER_BOUND ( 'NONE', #56, .T. ) ;
#944 = LINE ( 'NONE', #1786, #1071 ) ;
#945 = EDGE_CURVE ( 'NONE', #790, #491, #1575, .T. ) ;
#946 = ORIENTED_EDGE ( 'NONE', *, *, #415, .F. ) ;
#947 = ORIENTED_EDGE ( 'NONE', *, *, #1501, .T. ) ;
#948 = DIRECTION ( 'NONE',  ( 0.000000000000000000, -5.551115123125840289E-15, -1.000000000000000000 ) ) ;
#949 = FACE_OUTER_BOUND ( 'NONE', #1559, .T. ) ;
#950 = CARTESIAN_POINT ( 'NONE',  ( 40.00000000000000000, 47.00000000000004263, 9.000000000000000000 ) ) ;
#951 = ORIENTED_EDGE ( 'NONE', *, *, #1022, .F. ) ;
#952 = FACE_OUTER_BOUND ( 'NONE', #2068, .T. ) ;
#953 = DIRECTION ( 'NONE',  ( -0.000000000000000000, -0.000000000000000000, 1.000000000000000000 ) ) ;
#954 = EDGE_LOOP ( 'NONE', ( #698, #182, #937, #178 ) ) ;
#955 = ORIENTED_EDGE ( 'NONE', *, *, #1609, .T. ) ;
#956 = DIRECTION ( 'NONE',  ( 0.000000000000000000, 5.551115123125840289E-15, 1.000000000000000000 ) ) ;
#957 = DIRECTION ( 'NONE',  ( 1.000000000000000000, 0.000000000000000000, 0.000000000000000000 ) ) ;
#958 = EDGE_CURVE ( 'NONE', #1383, #492, #1706, .T. ) ;
#959 = LINE ( 'NONE', #1636, #724 ) ;
#960 = CONICAL_SURFACE ( 'NONE', #721, 3.149999999999999911, 0.7853981633974500554 ) ;
#961 = PERSON ( '未', '未', '未', ('未'), ('未'), ('未') ) ;
#962 = DIRECTION ( 'NONE',  ( -1.000000000000000000, -0.000000000000000000, -0.000000000000000000 ) ) ;
#963 = CIRCLE ( 'NONE', #1495, 1.249999999999987121 ) ;
#964 = AXIS2_PLACEMENT_3D ( 'NONE', #174, #2003, #843 ) ;
#965 = FACE_OUTER_BOUND ( 'NONE', #533, .T. ) ;
#966 = EDGE_LOOP ( 'NONE', ( #812, #1089, #482, #1220 ) ) ;
#967 = AXIS2_PLACEMENT_3D ( 'NONE', #1749, #245, #405 ) ;
#968 = AXIS2_PLACEMENT_3D ( 'NONE', #2129, #261, #801 ) ;
#969 = ORIENTED_EDGE ( 'NONE', *, *, #2026, .F. ) ;
#970 = VERTEX_POINT ( 'NONE', #1230 ) ;
#971 = FACE_BOUND ( 'NONE', #1556, .T. ) ;
#972 = CARTESIAN_POINT ( 'NONE',  ( -12.49999999999999289, -37.65063509461097624, 1.734723475976807883E-15 ) ) ;
#973 = EDGE_CURVE ( 'NONE', #769, #1289, #1052, .T. ) ;
#974 = CARTESIAN_POINT ( 'NONE',  ( 50.00000000000000000, -46.00000000000000000, 0.9999999999999976685 ) ) ;
#975 = DIRECTION ( 'NONE',  ( -0.000000000000000000, -0.000000000000000000, 1.000000000000000000 ) ) ;
#976 = FACE_OUTER_BOUND ( 'NONE', #1753, .T. ) ;
#977 = FACE_BOUND ( 'NONE', #380, .T. ) ;
#978 = PLANE ( 'NONE',  #572 ) ;
#979 = ORIENTED_EDGE ( 'NONE', *, *, #2042, .T. ) ;
#980 = EDGE_CURVE ( 'NONE', #2036, #1680, #1878, .T. ) ;
#981 = ADVANCED_FACE ( 'NONE', ( #2082, #1560, #2074, #560, #1583, #1727, #70, #27, #530, #2090, #702, #1252 ), #726, .T. ) ;
#982 = DIRECTION ( 'NONE',  ( -1.000000000000000000, 0.000000000000000000, 0.000000000000000000 ) ) ;
#983 = ORIENTED_EDGE ( 'NONE', *, *, #1857, .F. ) ;
#984 = CYLINDRICAL_SURFACE ( 'NONE', #864, 1.699999999999987965 ) ;
#985 = DIRECTION ( 'NONE',  ( 0.000000000000000000, 5.551115123125840289E-15, 1.000000000000000000 ) ) ;
#986 = EDGE_LOOP ( 'NONE', ( #1951, #1517, #2045, #1628 ) ) ;
#987 = CARTESIAN_POINT ( 'NONE',  ( 0.000000000000000000, 50.00000000000004263, 8.999999999999989342 ) ) ;
#988 = DIRECTION ( 'NONE',  ( -0.000000000000000000, -0.000000000000000000, 1.000000000000000000 ) ) ;
#989 = ORIENTED_EDGE ( 'NONE', *, *, #454, .F. ) ;
#990 = ORIENTED_EDGE ( 'NONE', *, *, #888, .F. ) ;
#991 = CARTESIAN_POINT ( 'NONE',  ( -10.80000000000000604, -37.65063509461097624, 0.000000000000000000 ) ) ;
#992 = ORIENTED_EDGE ( 'NONE', *, *, #1407, .F. ) ;
#993 = DIRECTION ( 'NONE',  ( 1.000000000000000000, 0.000000000000000000, 0.000000000000000000 ) ) ;
#994 = VECTOR ( 'NONE', #1755, 1000.000000000000000 ) ;
#995 = ADVANCED_FACE ( 'NONE', ( #196 ), #1043, .F. ) ;
#996 = EDGE_LOOP ( 'NONE', ( #41, #925, #442, #288 ) ) ;
#997 = CYLINDRICAL_SURFACE ( 'NONE', #1564, 1.249999999999987121 ) ;
#998 = CARTESIAN_POINT ( 'NONE',  ( 1.530808498934182449E-16, -47.00000000000000711, 7.750000000000338396 ) ) ;
#999 = CIRCLE ( 'NONE', #1179, 1.699999999999986189 ) ;
#1000 = AXIS2_PLACEMENT_3D ( 'NONE', #77, #1958, #428 ) ;
#1001 = VECTOR ( 'NONE', #836, 1000.000000000000000 ) ;
#1002 = ORIENTED_EDGE ( 'NONE', *, *, #1900, .F. ) ;
#1003 = ORIENTED_EDGE ( 'NONE', *, *, #2, .F. ) ;
#1004 = FACE_BOUND ( 'NONE', #559, .T. ) ;
#1005 = ORIENTED_EDGE ( 'NONE', *, *, #1569, .F. ) ;
#1006 = DIRECTION ( 'NONE',  ( 1.000000000000000000, 0.000000000000000000, 0.000000000000000000 ) ) ;
#1007 = ORIENTED_EDGE ( 'NONE', *, *, #1240, .T. ) ;
#1008 = CARTESIAN_POINT ( 'NONE',  ( 12.50000000000001421, 5.650635094610969134, 1.734723475976807883E-15 ) ) ;
#1009 = LINE ( 'NONE', #22, #1634 ) ;
#1010 = EDGE_LOOP ( 'NONE', ( #1306, #143, #9, #463 ) ) ;
#1011 = CARTESIAN_POINT ( 'NONE',  ( -15.65000000000000036, 5.650635094610959364, 1.734723475976807883E-15 ) ) ;
#1012 = CYLINDRICAL_SURFACE ( 'NONE', #1180, 1.699999999999986189 ) ;
#1013 = ORIENTED_EDGE ( 'NONE', *, *, #743, .T. ) ;
#1014 = VERTEX_POINT ( 'NONE', #1206 ) ;
#1015 = DIRECTION ( 'NONE',  ( 1.000000000000000000, 0.000000000000000000, 0.000000000000000000 ) ) ;
#1016 = DIRECTION ( 'NONE',  ( -0.000000000000000000, 1.000000000000000000, -3.469446951953614583E-15 ) ) ;
#1017 = EDGE_LOOP ( 'NONE', ( #1520, #69, #2023, #59 ) ) ;
#1018 = FACE_BOUND ( 'NONE', #475, .T. ) ;
#1019 = DIRECTION ( 'NONE',  ( 1.000000000000000000, 0.000000000000000000, 0.000000000000000000 ) ) ;
#1020 = VERTEX_POINT ( 'NONE', #375 ) ;
#1021 = ORIENTED_EDGE ( 'NONE', *, *, #1240, .F. ) ;
#1022 = EDGE_CURVE ( 'NONE', #1568, #1711, #1459, .T. ) ;
#1023 = CARTESIAN_POINT ( 'NONE',  ( -38.75000000000001421, -40.00000000000000000, -3.000000000000001332 ) ) ;
#1024 = ORIENTED_EDGE ( 'NONE', *, *, #1202, .F. ) ;
#1025 = CARTESIAN_POINT ( 'NONE',  ( 49.99999999999998579, 47.00000000000001421, 0.9999999999999940048 ) ) ;
#1026 = CARTESIAN_POINT ( 'NONE',  ( -12.49999999999999289, -37.65063509461097624, -3.000000000000002665 ) ) ;
#1027 = ORIENTED_EDGE ( 'NONE', *, *, #16, .F. ) ;
#1028 = VECTOR ( 'NONE', #578, 1000.000000000000000 ) ;
#1029 = FACE_OUTER_BOUND ( 'NONE', #1265, .T. ) ;
#1030 = LINE ( 'NONE', #1200, #401 ) ;
#1031 = SECURITY_CLASSIFICATION ( '', '', #400 ) ;
#1032 = CIRCLE ( 'NONE', #1667, 1.249999999999994227 ) ;
#1033 = ORIENTED_EDGE ( 'NONE', *, *, #337, .T. ) ;
#1034 = CARTESIAN_POINT ( 'NONE',  ( -50.00000000000001421, 50.00000000000000711, -3.000000000000000000 ) ) ;
#1035 = VECTOR ( 'NONE', #2041, 1000.000000000000000 ) ;
#1036 = VECTOR ( 'NONE', #1977, 1000.000000000000000 ) ;
#1037 = EDGE_CURVE ( 'NONE', #322, #1465, #644, .T. ) ;
#1038 = AXIS2_PLACEMENT_3D ( 'NONE', #595, #113, #2156 ) ;
#1039 = AXIS2_PLACEMENT_3D ( 'NONE', #1691, #154, #685 ) ;
#1040 = PLANE ( 'NONE',  #1424 ) ;
#1041 = EDGE_CURVE ( 'NONE', #1111, #1594, #464, .T. ) ;
#1042 = ORIENTED_EDGE ( 'NONE', *, *, #2011, .T. ) ;
#1043 = CYLINDRICAL_SURFACE ( 'NONE', #1425, 1.699999999999986189 ) ;
#1044 = PERSON_AND_ORGANIZATION_ROLE ( 'design_supplier' ) ;
#1045 = CYLINDRICAL_SURFACE ( 'NONE', #818, 1.249999999999994227 ) ;
#1046 = LINE ( 'NONE', #209, #263 ) ;
#1047 = EDGE_LOOP ( 'NONE', ( #2080, #613, #1999, #2148 ) ) ;
#1048 = FACE_OUTER_BOUND ( 'NONE', #1689, .T. ) ;
#1049 = DIRECTION ( 'NONE',  ( -0.000000000000000000, -0.000000000000000000, 1.000000000000000000 ) ) ;
#1050 = ORIENTED_EDGE ( 'NONE', *, *, #617, .T. ) ;
#1051 = EDGE_CURVE ( 'NONE', #1995, #2103, #752, .T. ) ;
#1052 = LINE ( 'NONE', #744, #2131 ) ;
#1053 = PERSON_AND_ORGANIZATION ( #961, #2093 ) ;
#1054 = ADVANCED_FACE ( 'NONE', ( #1294 ), #1600, .F. ) ;
#1055 = CARTESIAN_POINT ( 'NONE',  ( -12.50000000000000000, 5.650635094610959364, -1.450000000000006839 ) ) ;
#1056 = FACE_OUTER_BOUND ( 'NONE', #1832, .T. ) ;
#1057 = ORIENTED_EDGE ( 'NONE', *, *, #300, .T. ) ;
#1058 = DIRECTION ( 'NONE',  ( -0.000000000000000000, 1.000000000000000000, 3.700743415417188731E-15 ) ) ;
#1059 = ORIENTED_EDGE ( 'NONE', *, *, #316, .T. ) ;
#1060 = DIRECTION ( 'NONE',  ( -0.000000000000000000, -0.000000000000000000, 1.000000000000000000 ) ) ;
#1061 = CARTESIAN_POINT ( 'NONE',  ( -12.49999999999999289, -37.65063509461097624, -1.450000000000006839 ) ) ;
#1062 = DIRECTION ( 'NONE',  ( -0.000000000000000000, -0.000000000000000000, 1.000000000000000000 ) ) ;
#1063 = EDGE_CURVE ( 'NONE', #1421, #1978, #368, .T. ) ;
#1064 = ORIENTED_EDGE ( 'NONE', *, *, #218, .T. ) ;
#1065 = LINE ( 'NONE', #905, #1359 ) ;
#1066 = AXIS2_PLACEMENT_3D ( 'NONE', #1061, #918, #746 ) ;
#1067 = VECTOR ( 'NONE', #1541, 1000.000000000000000 ) ;
#1068 = CIRCLE ( 'NONE', #402, 1.000000000000000888 ) ;
#1069 = CIRCLE ( 'NONE', #1354, 1.699999999999986189 ) ;
#1070 = ORIENTED_EDGE ( 'NONE', *, *, #1555, .F. ) ;
#1071 = VECTOR ( 'NONE', #1110, 1000.000000000000000 ) ;
#1072 = VECTOR ( 'NONE', #1570, 1000.000000000000000 ) ;
#1073 = DIRECTION ( 'NONE',  ( 1.000000000000000000, 0.000000000000000000, 0.000000000000000000 ) ) ;
#1074 = DATE_AND_TIME ( #737, #1098 ) ;
#1075 = DIRECTION ( 'NONE',  ( 0.000000000000000000, -1.000000000000000000, 3.700743415417188731E-15 ) ) ;
#1076 = ADVANCED_FACE ( 'NONE', ( #1775 ), #1591, .F. ) ;
#1077 = FACE_OUTER_BOUND ( 'NONE', #318, .T. ) ;
#1078 = ORIENTED_EDGE ( 'NONE', *, *, #1590, .F. ) ;
#1079 = EDGE_CURVE ( 'NONE', #1711, #1568, #1215, .T. ) ;
#1080 = LINE ( 'NONE', #88, #299 ) ;
#1081 = ORIENTED_EDGE ( 'NONE', *, *, #1430, .F. ) ;
#1082 = LINE ( 'NONE', #1754, #1670 ) ;
#1083 = PERSON_AND_ORGANIZATION_ROLE ( 'classification_officer' ) ;
#1084 = CARTESIAN_POINT ( 'NONE',  ( 9.350000000000013856, 5.650635094610969134, 1.734723475976807883E-15 ) ) ;
#1085 = CARTESIAN_POINT ( 'NONE',  ( 41.24999999999999289, -40.00000000000000000, 0.000000000000000000 ) ) ;
#1086 = ORIENTED_EDGE ( 'NONE', *, *, #1998, .F. ) ;
#1087 = DIRECTION ( 'NONE',  ( -0.000000000000000000, -0.000000000000000000, 1.000000000000000000 ) ) ;
#1088 = LINE ( 'NONE', #1717, #1214 ) ;
#1089 = ORIENTED_EDGE ( 'NONE', *, *, #168, .F. ) ;
#1090 = ADVANCED_FACE ( 'NONE', ( #450 ), #650, .F. ) ;
#1091 = CC_DESIGN_PERSON_AND_ORGANIZATION_ASSIGNMENT ( #1053, #1083, ( #1031 ) ) ;
#1092 = DIRECTION ( 'NONE',  ( -0.000000000000000000, -0.000000000000000000, -1.000000000000000000 ) ) ;
#1093 = DIRECTION ( 'NONE',  ( -0.000000000000000000, 1.000000000000000000, -3.469446951953614583E-15 ) ) ;
#1094 = DIRECTION ( 'NONE',  ( -0.000000000000000000, -0.000000000000000000, 1.000000000000000000 ) ) ;
#1095 = ORIENTED_EDGE ( 'NONE', *, *, #451, .F. ) ;
#1096 = CARTESIAN_POINT ( 'NONE',  ( 49.99999999999998579, 46.00000000000001421, 0.9999999999999976685 ) ) ;
#1097 = CARTESIAN_POINT ( 'NONE',  ( -15.64999999999999325, -37.65063509461097624, 1.734723475976807883E-15 ) ) ;
#1098 = LOCAL_TIME ( 23, 13, 50.00000000000000000, #1922 ) ;
#1099 = CIRCLE ( 'NONE', #1985, 1.699999999999986189 ) ;
#1100 = CIRCLE ( 'NONE', #2061, 1.699999999999987965 ) ;
#1101 = ADVANCED_FACE ( 'NONE', ( #1116 ), #1105, .F. ) ;
#1102 = CARTESIAN_POINT ( 'NONE',  ( -40.00000000000000000, 40.00000000000000000, -3.000000000000001332 ) ) ;
#1103 = EDGE_LOOP ( 'NONE', ( #1234, #1153 ) ) ;
#1104 = AXIS2_PLACEMENT_3D ( 'NONE', #1267, #1937, #691 ) ;
#1105 = CONICAL_SURFACE ( 'NONE', #1953, 3.149999999999999911, 0.7853981633974500554 ) ;
#1106 = CIRCLE ( 'NONE', #576, 4.000000000000000888 ) ;
#1107 = CONICAL_SURFACE ( 'NONE', #1599, 3.149999999999999911, 0.7853981633974500554 ) ;
#1108 = AXIS2_PLACEMENT_3D ( 'NONE', #629, #962, #620 ) ;
#1109 = DIRECTION ( 'NONE',  ( -0.000000000000000000, -0.000000000000000000, -1.000000000000000000 ) ) ;
#1110 = DIRECTION ( 'NONE',  ( -1.387778780781445676E-16, 1.000000000000000000, -0.000000000000000000 ) ) ;
#1111 = VERTEX_POINT ( 'NONE', #1282 ) ;
#1112 = ORIENTED_EDGE ( 'NONE', *, *, #890, .F. ) ;
#1113 = CARTESIAN_POINT ( 'NONE',  ( -40.00000000000000000, 50.00000000000004263, 8.999999999999989342 ) ) ;
#1114 = CARTESIAN_POINT ( 'NONE',  ( 40.00000000000000000, 47.00000000000004263, 9.000000000000000000 ) ) ;
#1115 = ADVANCED_FACE ( 'NONE', ( #783 ), #1931, .T. ) ;
#1116 = FACE_OUTER_BOUND ( 'NONE', #149, .T. ) ;
#1117 = ORIENTED_EDGE ( 'NONE', *, *, #890, .T. ) ;
#1118 = EDGE_CURVE ( 'NONE', #1315, #1452, #258, .T. ) ;
#1119 = DIRECTION ( 'NONE',  ( 0.000000000000000000, 5.551115123125840289E-15, 1.000000000000000000 ) ) ;
#1120 = CARTESIAN_POINT ( 'NONE',  ( 25.00000000000000711, -16.00000000000000000, -3.000000000000002665 ) ) ;
#1121 = ORIENTED_EDGE ( 'NONE', *, *, #1259, .T. ) ;
#1122 = LINE ( 'NONE', #141, #1886 ) ;
#1123 = CARTESIAN_POINT ( 'NONE',  ( 40.00000000000000000, -47.00000000000000711, 7.750000000000338396 ) ) ;
#1124 = EDGE_LOOP ( 'NONE', ( #1003, #456 ) ) ;
#1125 = LINE ( 'NONE', #1605, #1394 ) ;
#1126 = DIRECTION ( 'NONE',  ( -0.000000000000000000, -0.000000000000000000, 1.000000000000000000 ) ) ;
#1127 = CARTESIAN_POINT ( 'NONE',  ( -12.50000000000000000, 5.650635094610959364, -3.000000000000002665 ) ) ;
#1128 = ORIENTED_EDGE ( 'NONE', *, *, #1983, .F. ) ;
#1129 = ORIENTED_EDGE ( 'NONE', *, *, #1430, .T. ) ;
#1130 = DIRECTION ( 'NONE',  ( 1.000000000000000000, -0.000000000000000000, -0.000000000000000000 ) ) ;
#1131 = EDGE_CURVE ( 'NONE', #1814, #136, #1710, .T. ) ;
#1132 = FACE_OUTER_BOUND ( 'NONE', #1363, .T. ) ;
#1133 = VERTEX_POINT ( 'NONE', #1784 ) ;
#1134 = FACE_OUTER_BOUND ( 'NONE', #395, .T. ) ;
#1135 = ORIENTED_EDGE ( 'NONE', *, *, #1375, .T. ) ;
#1136 = CC_DESIGN_APPROVAL ( #2178, ( #1031 ) ) ;
#1137 = CIRCLE ( 'NONE', #606, 20.00000000000000000 ) ;
#1138 = DIRECTION ( 'NONE',  ( 0.7071067811865487940, 0.000000000000000000, 0.7071067811865463515 ) ) ;
#1139 = CIRCLE ( 'NONE', #1318, 1.699999999999987965 ) ;
#1140 = AXIS2_PLACEMENT_3D ( 'NONE', #713, #1384, #619 ) ;
#1141 = LINE ( 'NONE', #277, #1358 ) ;
#1142 = ORIENTED_EDGE ( 'NONE', *, *, #137, .T. ) ;
#1143 = VECTOR ( 'NONE', #1273, 1000.000000000000000 ) ;
#1144 = VECTOR ( 'NONE', #1244, 1000.000000000000000 ) ;
#1145 = ORIENTED_EDGE ( 'NONE', *, *, #28, .T. ) ;
#1146 = FACE_BOUND ( 'NONE', #342, .T. ) ;
#1147 = CARTESIAN_POINT ( 'NONE',  ( 50.00000000000000000, -50.00000000000004974, 14.99999999999998934 ) ) ;
#1148 = EDGE_CURVE ( 'NONE', #32, #250, #1460, .T. ) ;
#1149 = ORIENTED_EDGE ( 'NONE', *, *, #1202, .T. ) ;
#1150 = CC_DESIGN_PERSON_AND_ORGANIZATION_ASSIGNMENT ( #1410, #1879, ( #1310 ) ) ;
#1151 = DIRECTION ( 'NONE',  ( -0.000000000000000000, -0.000000000000000000, 1.000000000000000000 ) ) ;
#1152 = LINE ( 'NONE', #1364, #539 ) ;
#1153 = ORIENTED_EDGE ( 'NONE', *, *, #661, .F. ) ;
#1154 = CARTESIAN_POINT ( 'NONE',  ( 49.99999999999998579, 46.00000000000001421, -3.252606517456513302E-15 ) ) ;
#1155 = DIRECTION ( 'NONE',  ( 0.000000000000000000, -5.551115123125840289E-15, -1.000000000000000000 ) ) ;
#1156 = ORIENTED_EDGE ( 'NONE', *, *, #718, .T. ) ;
#1157 = FACE_BOUND ( 'NONE', #1527, .T. ) ;
#1158 = EDGE_CURVE ( 'NONE', #782, #1315, #1125, .T. ) ;
#1159 = VERTEX_POINT ( 'NONE', #1793 ) ;
#1160 = ORIENTED_EDGE ( 'NONE', *, *, #454, .T. ) ;
#1161 = DIRECTION ( 'NONE',  ( -0.000000000000000000, -0.000000000000000000, 1.000000000000000000 ) ) ;
#1162 = DIRECTION ( 'NONE',  ( -0.000000000000000000, -0.000000000000000000, 1.000000000000000000 ) ) ;
#1163 = ORIENTED_EDGE ( 'NONE', *, *, #1672, .F. ) ;
#1164 = CARTESIAN_POINT ( 'NONE',  ( 50.00000000000000000, -47.00000000000004974, 15.00000000000000000 ) ) ;
#1165 = DIRECTION ( 'NONE',  ( 1.000000000000000000, 0.000000000000000000, 0.000000000000000000 ) ) ;
#1166 = MANIFOLD_SOLID_BREP ( 'M3x0.5 \X2\87ba7eb95b54\X0\2', #719 ) ;
#1167 = ORIENTED_EDGE ( 'NONE', *, *, #1079, .F. ) ;
#1168 = ORIENTED_EDGE ( 'NONE', *, *, #796, .T. ) ;
#1169 = EDGE_CURVE ( 'NONE', #355, #1963, #959, .T. ) ;
#1170 = CARTESIAN_POINT ( 'NONE',  ( -12.50000000000000000, 5.650635094610959364, 1.734723475976807883E-15 ) ) ;
#1171 = ORIENTED_EDGE ( 'NONE', *, *, #817, .F. ) ;
#1172 = ADVANCED_FACE ( 'NONE', ( #794 ), #1471, .F. ) ;
#1173 = CARTESIAN_POINT ( 'NONE',  ( -26.69999999999998153, -16.00000000000000711, -1.450000000000006839 ) ) ;
#1174 = CC_DESIGN_APPROVAL ( #1222, ( #1310 ) ) ;
#1175 = AXIS2_PLACEMENT_3D ( 'NONE', #255, #1463, #1119 ) ;
#1176 = VERTEX_POINT ( 'NONE', #410 ) ;
#1177 = CARTESIAN_POINT ( 'NONE',  ( 50.00000000000000000, -46.00000000000000000, 0.9999999999999976685 ) ) ;
#1178 = PLANE ( 'NONE',  #1803 ) ;
#1179 = AXIS2_PLACEMENT_3D ( 'NONE', #89, #1613, #1399 ) ;
#1180 = AXIS2_PLACEMENT_3D ( 'NONE', #3, #1151, #1645 ) ;
#1181 = AXIS2_PLACEMENT_3D ( 'NONE', #1235, #550, #211 ) ;
#1182 = ORIENTED_EDGE ( 'NONE', *, *, #1407, .T. ) ;
#1183 = EDGE_LOOP ( 'NONE', ( #1081, #885, #1243, #2008 ) ) ;
#1184 = CARTESIAN_POINT ( 'NONE',  ( 40.00000000000000000, 50.00000000000003553, 7.750000000000001776 ) ) ;
#1185 = ORIENTED_EDGE ( 'NONE', *, *, #408, .F. ) ;
#1186 = DIRECTION ( 'NONE',  ( -0.000000000000000000, -0.000000000000000000, 1.000000000000000000 ) ) ;
#1187 = DIRECTION ( 'NONE',  ( -0.000000000000000000, 1.000000000000000000, -3.469446951953614583E-15 ) ) ;
#1188 = ORIENTED_EDGE ( 'NONE', *, *, #1728, .T. ) ;
#1189 = DIRECTION ( 'NONE',  ( 1.000000000000000000, 0.000000000000000000, 0.000000000000000000 ) ) ;
#1190 = CARTESIAN_POINT ( 'NONE',  ( 15.65000000000001457, 5.650635094610969134, 1.734723475976807883E-15 ) ) ;
#1191 = EDGE_CURVE ( 'NONE', #1014, #1995, #1082, .T. ) ;
#1192 = ORIENTED_EDGE ( 'NONE', *, *, #361, .F. ) ;
#1193 = DIRECTION ( 'NONE',  ( 0.000000000000000000, -1.000000000000000000, 3.700743415417188731E-15 ) ) ;
#1194 = DIRECTION ( 'NONE',  ( -0.000000000000000000, 0.000000000000000000, 1.000000000000000000 ) ) ;
#1195 = ORIENTED_EDGE ( 'NONE', *, *, #1606, .F. ) ;
#1196 = FACE_OUTER_BOUND ( 'NONE', #1693, .T. ) ;
#1197 = DIRECTION ( 'NONE',  ( 1.000000000000000000, 0.000000000000000000, 0.000000000000000000 ) ) ;
#1198 = ORIENTED_EDGE ( 'NONE', *, *, #1336, .T. ) ;
#1199 = CARTESIAN_POINT ( 'NONE',  ( 40.00000000000000000, 50.00000000000004974, 10.24999999999997691 ) ) ;
#1200 = CARTESIAN_POINT ( 'NONE',  ( 40.00000000000000000, 50.00000000000003553, 7.750000000000001776 ) ) ;
#1201 = ORIENTED_EDGE ( 'NONE', *, *, #1365, .F. ) ;
#1202 = EDGE_CURVE ( 'NONE', #98, #198, #654, .T. ) ;
#1203 = DIRECTION ( 'NONE',  ( 1.000000000000000000, 0.000000000000000000, 0.000000000000000000 ) ) ;
#1204 = CARTESIAN_POINT ( 'NONE',  ( 49.99999999999998579, 50.00000000000000711, -3.000000000000000000 ) ) ;
#1205 = ORIENTED_EDGE ( 'NONE', *, *, #107, .F. ) ;
#1206 = CARTESIAN_POINT ( 'NONE',  ( -50.00000000000001421, 46.00000000000001421, 0.000000000000000000 ) ) ;
#1207 = CIRCLE ( 'NONE', #1991, 1.249999999999987121 ) ;
#1208 = DIRECTION ( 'NONE',  ( 1.000000000000000000, 0.000000000000000000, 0.000000000000000000 ) ) ;
#1209 = AXIS2_PLACEMENT_3D ( 'NONE', #2040, #1535, #522 ) ;
#1210 = CARTESIAN_POINT ( 'NONE',  ( 21.85000000000000853, -16.00000000000000000, 1.734723475976807883E-15 ) ) ;
#1211 = VECTOR ( 'NONE', #399, 1000.000000000000000 ) ;
#1212 = ORIENTED_EDGE ( 'NONE', *, *, #676, .T. ) ;
#1213 = DIRECTION ( 'NONE',  ( -0.000000000000000000, -0.000000000000000000, -1.000000000000000000 ) ) ;
#1214 = VECTOR ( 'NONE', #884, 1000.000000000000000 ) ;
#1215 = CIRCLE ( 'NONE', #826, 1.249999999999987121 ) ;
#1216 = ADVANCED_FACE ( 'NONE', ( #1682 ), #831, .F. ) ;
#1217 = AXIS2_PLACEMENT_3D ( 'NONE', #564, #1904, #1738 ) ;
#1218 = AXIS2_PLACEMENT_3D ( 'NONE', #938, #615, #1291 ) ;
#1219 = DIRECTION ( 'NONE',  ( -0.000000000000000000, -0.000000000000000000, -1.000000000000000000 ) ) ;
#1220 = ORIENTED_EDGE ( 'NONE', *, *, #1873, .T. ) ;
#1221 = ADVANCED_FACE ( 'NONE', ( #804, #1157, #1004, #2022 ), #1839, .T. ) ;
#1222 = APPROVAL ( #2083, '未' ) ;
#1223 = DIRECTION ( 'NONE',  ( -0.7071067811865487940, 8.659560562354948882E-17, 0.7071067811865463515 ) ) ;
#1224 = CARTESIAN_POINT ( 'NONE',  ( -28.14999999999999503, -16.00000000000000711, 1.734723475976807883E-15 ) ) ;
#1225 = DIRECTION ( 'NONE',  ( 0.000000000000000000, -1.000000000000000000, 3.491481338843133355E-15 ) ) ;
#1226 = EDGE_LOOP ( 'NONE', ( #645, #465 ) ) ;
#1227 = CARTESIAN_POINT ( 'NONE',  ( -50.00000000000000000, -47.00000000000004974, 15.00000000000000000 ) ) ;
#1228 = ORIENTED_EDGE ( 'NONE', *, *, #107, .T. ) ;
#1229 = ADVANCED_FACE ( 'NONE', ( #2010 ), #317, .F. ) ;
#1230 = CARTESIAN_POINT ( 'NONE',  ( -40.00000000000000000, -50.00000000000012079, 7.750000000000349054 ) ) ;
#1231 = COORDINATED_UNIVERSAL_TIME_OFFSET ( 8, 0, .AHEAD. ) ;
#1232 = CARTESIAN_POINT ( 'NONE',  ( -24.99999999999999289, -16.00000000000000711, 1.734723475976807883E-15 ) ) ;
#1233 = CYLINDRICAL_SURFACE ( 'NONE', #1217, 1.699999999999987965 ) ;
#1234 = ORIENTED_EDGE ( 'NONE', *, *, #242, .F. ) ;
#1235 = CARTESIAN_POINT ( 'NONE',  ( 0.000000000000000000, 47.00000000000000711, -1.850371707708594823E-13 ) ) ;
#1236 = ORIENTED_EDGE ( 'NONE', *, *, #1672, .T. ) ;
#1237 = ADVANCED_FACE ( 'NONE', ( #1505 ), #1012, .F. ) ;
#1238 = DIRECTION ( 'NONE',  ( 0.000000000000000000, 0.000000000000000000, -1.000000000000000000 ) ) ;
#1239 = CALENDAR_DATE ( 2026, 30, 6 ) ;
#1240 = EDGE_CURVE ( 'NONE', #1574, #515, #301, .T. ) ;
#1241 = DIRECTION ( 'NONE',  ( 1.000000000000000000, 0.000000000000000000, 0.000000000000000000 ) ) ;
#1242 = CARTESIAN_POINT ( 'NONE',  ( 50.00000000000000000, -46.00000000000000000, -3.252606517456513302E-15 ) ) ;
#1243 = ORIENTED_EDGE ( 'NONE', *, *, #415, .T. ) ;
#1244 = DIRECTION ( 'NONE',  ( 1.387778780781445676E-16, -1.000000000000000000, 0.000000000000000000 ) ) ;
#1245 = LOCAL_TIME ( 23, 13, 50.00000000000000000, #2075 ) ;
#1246 = CIRCLE ( 'NONE', #1911, 3.149999999999999911 ) ;
#1247 = AXIS2_PLACEMENT_3D ( 'NONE', #1147, #1965, #306 ) ;
#1248 = AXIS2_PLACEMENT_3D ( 'NONE', #853, #1507, #693 ) ;
#1249 = ORIENTED_EDGE ( 'NONE', *, *, #523, .T. ) ;
#1250 = VECTOR ( 'NONE', #1225, 1000.000000000000000 ) ;
#1251 = AXIS2_PLACEMENT_3D ( 'NONE', #280, #1612, #438 ) ;
#1252 = FACE_OUTER_BOUND ( 'NONE', #622, .T. ) ;
#1253 = APPLICATION_PROTOCOL_DEFINITION ( 'international standard', 'config_control_design', 1994, #665 ) ;
#1254 = DIRECTION ( 'NONE',  ( 1.000000000000000000, 0.000000000000000000, 0.000000000000000000 ) ) ;
#1255 = FACE_OUTER_BOUND ( 'NONE', #1769, .T. ) ;
#1256 = EDGE_LOOP ( 'NONE', ( #1614, #166, #1129, #292 ) ) ;
#1257 = FACE_OUTER_BOUND ( 'NONE', #1959, .T. ) ;
#1258 = EDGE_CURVE ( 'NONE', #370, #1539, #675, .T. ) ;
#1259 = EDGE_CURVE ( 'NONE', #1963, #1383, #1347, .T. ) ;
#1260 = LINE ( 'NONE', #382, #1067 ) ;
#1261 = VERTEX_POINT ( 'NONE', #484 ) ;
#1262 = DIRECTION ( 'NONE',  ( 0.000000000000000000, 5.551115123125840289E-15, 1.000000000000000000 ) ) ;
#1263 = DIRECTION ( 'NONE',  ( 1.000000000000000000, 0.000000000000000000, 0.000000000000000000 ) ) ;
#1264 = CARTESIAN_POINT ( 'NONE',  ( 1.530808498934175793E-16, 50.00000000000003553, 7.750000000000001776 ) ) ;
#1265 = EDGE_LOOP ( 'NONE', ( #565, #193, #2168, #275 ) ) ;
#1266 = PLANE ( 'NONE',  #1251 ) ;
#1267 = CARTESIAN_POINT ( 'NONE',  ( 40.00000000000000000, -40.00000000000000000, 0.000000000000000000 ) ) ;
#1268 = EDGE_CURVE ( 'NONE', #835, #1360, #86, .T. ) ;
#1269 = ORIENTED_EDGE ( 'NONE', *, *, #1501, .F. ) ;
#1270 = CARTESIAN_POINT ( 'NONE',  ( -24.99999999999999289, -16.00000000000000711, 1.734723475976807883E-15 ) ) ;
#1271 = ORIENTED_EDGE ( 'NONE', *, *, #2021, .F. ) ;
#1272 = DIRECTION ( 'NONE',  ( 1.000000000000000000, -0.000000000000000000, -0.000000000000000000 ) ) ;
#1273 = DIRECTION ( 'NONE',  ( -1.000000000000000000, 0.000000000000000000, 0.000000000000000000 ) ) ;
#1274 = ORIENTED_EDGE ( 'NONE', *, *, #471, .F. ) ;
#1275 = ORIENTED_EDGE ( 'NONE', *, *, #493, .T. ) ;
#1276 = FACE_OUTER_BOUND ( 'NONE', #204, .T. ) ;
#1277 = DIRECTION ( 'NONE',  ( -0.000000000000000000, 1.000000000000000000, -3.469446951953614583E-15 ) ) ;
#1278 = ORIENTED_EDGE ( 'NONE', *, *, #795, .F. ) ;
#1279 = EDGE_CURVE ( 'NONE', #1796, #1415, #1602, .T. ) ;
#1280 = VECTOR ( 'NONE', #208, 1000.000000000000000 ) ;
#1281 = VECTOR ( 'NONE', #1223, 1000.000000000000000 ) ;
#1282 = CARTESIAN_POINT ( 'NONE',  ( 38.75000000000001421, -40.00000000000000000, -3.000000000000001332 ) ) ;
#1283 = ADVANCED_FACE ( 'NONE', ( #1134 ), #2122, .F. ) ;
#1284 = EDGE_LOOP ( 'NONE', ( #283, #1780, #1475, #600 ) ) ;
#1285 = AXIS2_PLACEMENT_3D ( 'NONE', #1444, #1984, #2143 ) ;
#1286 = VECTOR ( 'NONE', #841, 1000.000000000000000 ) ;
#1287 = CARTESIAN_POINT ( 'NONE',  ( -41.24999999999999289, -40.00000000000000000, 0.000000000000000000 ) ) ;
#1288 = CARTESIAN_POINT ( 'NONE',  ( 40.00000000000000000, 50.00000000000003553, 7.750000000000001776 ) ) ;
#1289 = VERTEX_POINT ( 'NONE', #474 ) ;
#1290 = ORIENTED_EDGE ( 'NONE', *, *, #232, .F. ) ;
#1291 = DIRECTION ( 'NONE',  ( 1.000000000000000000, 0.000000000000000000, 0.000000000000000000 ) ) ;
#1292 = PLANE ( 'NONE',  #2165 ) ;
#1293 = ORIENTED_EDGE ( 'NONE', *, *, #1646, .F. ) ;
#1294 = FACE_OUTER_BOUND ( 'NONE', #1183, .T. ) ;
#1295 = ORIENTED_EDGE ( 'NONE', *, *, #1690, .F. ) ;
#1296 = ADVANCED_FACE ( 'NONE', ( #1525 ), #12, .F. ) ;
#1297 = DIRECTION ( 'NONE',  ( -0.000000000000000000, 1.000000000000000000, -3.469446951953614583E-15 ) ) ;
#1298 = CARTESIAN_POINT ( 'NONE',  ( 14.20000000000000284, 5.650635094610969134, 0.000000000000000000 ) ) ;
#1299 = ORIENTED_EDGE ( 'NONE', *, *, #242, .T. ) ;
#1300 = DIRECTION ( 'NONE',  ( -0.000000000000000000, 1.000000000000000000, -3.469446951953614583E-15 ) ) ;
#1301 = CARTESIAN_POINT ( 'NONE',  ( 0.000000000000000000, 50.00000000000004974, 10.24999999999997691 ) ) ;
#1302 = FACE_OUTER_BOUND ( 'NONE', #106, .T. ) ;
#1303 = ADVANCED_FACE ( 'NONE', ( #1302 ), #1314, .F. ) ;
#1304 = CARTESIAN_POINT ( 'NONE',  ( -40.00000000000000000, -40.00000000000000000, 0.000000000000000000 ) ) ;
#1305 = FACE_OUTER_BOUND ( 'NONE', #1284, .T. ) ;
#1306 = ORIENTED_EDGE ( 'NONE', *, *, #429, .F. ) ;
#1307 = ORIENTED_EDGE ( 'NONE', *, *, #1927, .T. ) ;
#1308 = DIRECTION ( 'NONE',  ( 0.000000000000000000, 1.000000000000000000, 3.491481338843133355E-15 ) ) ;
#1309 = DIRECTION ( 'NONE',  ( -0.000000000000000000, -0.000000000000000000, 1.000000000000000000 ) ) ;
#1310 = PRODUCT_DEFINITION ( '�', '', #2126, #638 ) ;
#1311 = ORIENTED_EDGE ( 'NONE', *, *, #824, .F. ) ;
#1312 = AXIS2_PLACEMENT_3D ( 'NONE', #548, #2077, #1756 ) ;
#1313 = VECTOR ( 'NONE', #1969, 1000.000000000000000 ) ;
#1314 = CYLINDRICAL_SURFACE ( 'NONE', #1341, 1.699999999999986189 ) ;
#1315 = VERTEX_POINT ( 'NONE', #494 ) ;
#1316 = AXIS2_PLACEMENT_3D ( 'NONE', #917, #102, #1448 ) ;
#1317 = CARTESIAN_POINT ( 'NONE',  ( 12.50000000000001421, 5.650635094610969134, 1.734723475976807883E-15 ) ) ;
#1318 = AXIS2_PLACEMENT_3D ( 'NONE', #1929, #1703, #1874 ) ;
#1319 = AXIS2_PLACEMENT_3D ( 'NONE', #1853, #344, #1692 ) ;
#1320 = DIRECTION ( 'NONE',  ( 1.000000000000000000, 0.000000000000000000, 0.000000000000000000 ) ) ;
#1321 = AXIS2_PLACEMENT_3D ( 'NONE', #1420, #84, #1730 ) ;
#1322 = ORIENTED_EDGE ( 'NONE', *, *, #1815, .F. ) ;
#1323 = DIRECTION ( 'NONE',  ( -0.000000000000000000, -0.000000000000000000, -1.000000000000000000 ) ) ;
#1324 = CYLINDRICAL_SURFACE ( 'NONE', #1773, 1.249999999999987121 ) ;
#1325 = EDGE_LOOP ( 'NONE', ( #185, #849, #495, #1445 ) ) ;
#1326 = EDGE_CURVE ( 'NONE', #126, #1503, #459, .T. ) ;
#1327 = DIRECTION ( 'NONE',  ( 0.000000000000000000, -3.700743415417188731E-15, 1.000000000000000000 ) ) ;
#1328 = VERTEX_POINT ( 'NONE', #1478 ) ;
#1329 = DIRECTION ( 'NONE',  ( -0.000000000000000000, -0.000000000000000000, 1.000000000000000000 ) ) ;
#1330 = ORIENTED_EDGE ( 'NONE', *, *, #2081, .T. ) ;
#1331 = DIRECTION ( 'NONE',  ( -0.000000000000000000, 1.000000000000000000, -3.469446951953614583E-15 ) ) ;
#1332 = DIRECTION ( 'NONE',  ( 1.000000000000000000, 0.000000000000000000, 0.000000000000000000 ) ) ;
#1333 = EDGE_CURVE ( 'NONE', #250, #304, #2152, .T. ) ;
#1334 = ORIENTED_EDGE ( 'NONE', *, *, #1441, .F. ) ;
#1335 = PLANE ( 'NONE',  #1039 ) ;
#1336 = EDGE_CURVE ( 'NONE', #828, #592, #1532, .T. ) ;
#1337 = DIRECTION ( 'NONE',  ( -0.000000000000000000, -0.000000000000000000, 1.000000000000000000 ) ) ;
#1338 = ORIENTED_EDGE ( 'NONE', *, *, #481, .T. ) ;
#1339 = CARTESIAN_POINT ( 'NONE',  ( -40.00000000000000000, -47.00000000000002132, 10.25000000000031264 ) ) ;
#1340 = DIRECTION ( 'NONE',  ( -0.000000000000000000, -0.000000000000000000, -1.000000000000000000 ) ) ;
#1341 = AXIS2_PLACEMENT_3D ( 'NONE', #666, #1337, #1990 ) ;
#1342 = ORIENTED_EDGE ( 'NONE', *, *, #206, .F. ) ;
#1343 = DIRECTION ( 'NONE',  ( 0.000000000000000000, 5.551115123125840289E-15, 1.000000000000000000 ) ) ;
#1344 = CARTESIAN_POINT ( 'NONE',  ( -12.49999999999999289, -37.65063509461097624, 1.734723475976807883E-15 ) ) ;
#1345 = ORIENTED_EDGE ( 'NONE', *, *, #1742, .T. ) ;
#1346 = CARTESIAN_POINT ( 'NONE',  ( 40.00000000000000000, 40.00000000000000000, -3.000000000000000000 ) ) ;
#1347 = LINE ( 'NONE', #1816, #1036 ) ;
#1348 = EDGE_LOOP ( 'NONE', ( #1330, #1757, #1986, #1733 ) ) ;
#1349 = EDGE_CURVE ( 'NONE', #198, #250, #52, .T. ) ;
#1350 = CARTESIAN_POINT ( 'NONE',  ( 23.30000000000002203, -16.00000000000000000, -1.450000000000006839 ) ) ;
#1351 = CARTESIAN_POINT ( 'NONE',  ( 40.00000000000000000, -40.00000000000000000, -3.000000000000001332 ) ) ;
#1352 = CIRCLE ( 'NONE', #156, 1.699999999999986189 ) ;
#1353 = CIRCLE ( 'NONE', #608, 1.249999999999987121 ) ;
#1354 = AXIS2_PLACEMENT_3D ( 'NONE', #526, #189, #1203 ) ;
#1355 = ORIENTED_EDGE ( 'NONE', *, *, #1815, .T. ) ;
#1356 = CARTESIAN_POINT ( 'NONE',  ( 40.00000000000000000, -50.00000000000012079, 7.750000000000349054 ) ) ;
#1357 = FACE_OUTER_BOUND ( 'NONE', #437, .T. ) ;
#1358 = VECTOR ( 'NONE', #2124, 1000.000000000000000 ) ;
#1359 = VECTOR ( 'NONE', #566, 1000.000000000000000 ) ;
#1360 = VERTEX_POINT ( 'NONE', #417 ) ;
#1361 = CARTESIAN_POINT ( 'NONE',  ( 40.00000000000000000, 40.00000000000000000, -3.000000000000001332 ) ) ;
#1362 = DIRECTION ( 'NONE',  ( -0.000000000000000000, 1.000000000000000000, -3.469446951953614583E-15 ) ) ;
#1363 = EDGE_LOOP ( 'NONE', ( #155, #273, #1945, #1408 ) ) ;
#1364 = CARTESIAN_POINT ( 'NONE',  ( -40.00000000000000000, 50.00000000000004974, 10.24999999999997691 ) ) ;
#1365 = EDGE_CURVE ( 'NONE', #1783, #970, #2062, .T. ) ;
#1366 = ORIENTED_EDGE ( 'NONE', *, *, #579, .T. ) ;
#1367 = DIRECTION ( 'NONE',  ( 1.000000000000000000, 0.000000000000000000, 0.000000000000000000 ) ) ;
#1368 = DIRECTION ( 'NONE',  ( -0.000000000000000000, -0.000000000000000000, 1.000000000000000000 ) ) ;
#1369 = ORIENTED_EDGE ( 'NONE', *, *, #229, .F. ) ;
#1370 = ORIENTED_EDGE ( 'NONE', *, *, #1590, .T. ) ;
#1371 = DIRECTION ( 'NONE',  ( -0.000000000000000000, -0.000000000000000000, 1.000000000000000000 ) ) ;
#1372 = ORIENTED_EDGE ( 'NONE', *, *, #1939, .T. ) ;
#1373 = DIRECTION ( 'NONE',  ( -0.000000000000000000, -0.000000000000000000, 1.000000000000000000 ) ) ;
#1374 = APPROVAL_DATE_TIME ( #1576, #2178 ) ;
#1375 = EDGE_CURVE ( 'NONE', #701, #655, #999, .T. ) ;
#1376 = ORIENTED_EDGE ( 'NONE', *, *, #165, .T. ) ;
#1377 = CARTESIAN_POINT ( 'NONE',  ( 0.000000000000000000, 47.00000000000004263, 9.000000000000000000 ) ) ;
#1378 = ADVANCED_FACE ( 'NONE', ( #1759 ), #191, .F. ) ;
#1379 = CARTESIAN_POINT ( 'NONE',  ( -40.00000000000000000, -50.00000000000010658, 10.25000000000032330 ) ) ;
#1380 = ORIENTED_EDGE ( 'NONE', *, *, #1555, .T. ) ;
#1381 = LINE ( 'NONE', #33, #1604 ) ;
#1382 = PLANE ( 'NONE',  #372 ) ;
#1383 = VERTEX_POINT ( 'NONE', #528 ) ;
#1384 = DIRECTION ( 'NONE',  ( -0.000000000000000000, 1.000000000000000000, -3.469446951953614583E-15 ) ) ;
#1385 = DATE_AND_TIME ( #411, #1245 ) ;
#1386 = LOCAL_TIME ( 23, 13, 50.00000000000000000, #745 ) ;
#1387 = FACE_OUTER_BOUND ( 'NONE', #633, .T. ) ;
#1388 = CIRCLE ( 'NONE', #1596, 3.149999999999999911 ) ;
#1389 = CARTESIAN_POINT ( 'NONE',  ( 0.000000000000000000, 50.00000000000004974, 10.24999999999997691 ) ) ;
#1390 = AXIS2_PLACEMENT_3D ( 'NONE', #1528, #1329, #18 ) ;
#1391 = ORIENTED_EDGE ( 'NONE', *, *, #180, .T. ) ;
#1392 = DIRECTION ( 'NONE',  ( -1.387778780781445676E-16, 1.000000000000000000, -0.000000000000000000 ) ) ;
#1393 = CIRCLE ( 'NONE', #1285, 1.699999999999987965 ) ;
#1394 = VECTOR ( 'NONE', #92, 1000.000000000000000 ) ;
#1395 = CIRCLE ( 'NONE', #2067, 1.699999999999987965 ) ;
#1396 = EDGE_CURVE ( 'NONE', #515, #636, #1864, .T. ) ;
#1397 = AXIS2_PLACEMENT_3D ( 'NONE', #73, #1566, #2096 ) ;
#1398 = AXIS2_PLACEMENT_3D ( 'NONE', #244, #715, #30 ) ;
#1399 = DIRECTION ( 'NONE',  ( 1.000000000000000000, 0.000000000000000000, 0.000000000000000000 ) ) ;
#1400 = ORIENTED_EDGE ( 'NONE', *, *, #647, .T. ) ;
#1401 = DIRECTION ( 'NONE',  ( -0.000000000000000000, 1.000000000000000000, -3.469446951953614583E-15 ) ) ;
#1402 = PERSON_AND_ORGANIZATION_ROLE ( 'creator' ) ;
#1403 = CYLINDRICAL_SURFACE ( 'NONE', #642, 20.00000000000000000 ) ;
#1404 = CYLINDRICAL_SURFACE ( 'NONE', #1497, 1.000000000000000888 ) ;
#1405 = ORIENTED_EDGE ( 'NONE', *, *, #1482, .T. ) ;
#1406 = DIRECTION ( 'NONE',  ( -0.000000000000000000, -0.000000000000000000, -1.000000000000000000 ) ) ;
#1407 = EDGE_CURVE ( 'NONE', #1626, #1452, #2035, .T. ) ;
#1408 = ORIENTED_EDGE ( 'NONE', *, *, #281, .T. ) ;
#1409 = DIRECTION ( 'NONE',  ( -0.000000000000000000, 1.000000000000000000, -3.469446951953614583E-15 ) ) ;
#1410 = PERSON_AND_ORGANIZATION ( #961, #2093 ) ;
#1411 = FACE_OUTER_BOUND ( 'NONE', #2047, .T. ) ;
#1412 = CARTESIAN_POINT ( 'NONE',  ( -50.00000000000001421, 50.00000000000006395, 14.99999999999998934 ) ) ;
#1413 = EDGE_LOOP ( 'NONE', ( #717, #1192 ) ) ;
#1414 = LINE ( 'NONE', #1597, #91 ) ;
#1415 = VERTEX_POINT ( 'NONE', #1023 ) ;
#1416 = CARTESIAN_POINT ( 'NONE',  ( -50.00000000000001421, 46.00000000000001421, 0.9999999999999976685 ) ) ;
#1417 = APPROVAL_ROLE ( '' ) ;
#1418 = EDGE_CURVE ( 'NONE', #2132, #470, #591, .T. ) ;
#1419 = FACE_OUTER_BOUND ( 'NONE', #234, .T. ) ;
#1420 = CARTESIAN_POINT ( 'NONE',  ( 0.000000000000000000, -47.00000000000001421, 9.000000000000325073 ) ) ;
#1421 = VERTEX_POINT ( 'NONE', #582 ) ;
#1422 = CARTESIAN_POINT ( 'NONE',  ( -40.00000000000000000, 47.00000000000003553, 7.750000000000012434 ) ) ;
#1423 = VECTOR ( 'NONE', #1161, 1000.000000000000000 ) ;
#1424 = AXIS2_PLACEMENT_3D ( 'NONE', #1204, #1889, #34 ) ;
#1425 = AXIS2_PLACEMENT_3D ( 'NONE', #870, #1373, #2048 ) ;
#1426 = EDGE_LOOP ( 'NONE', ( #1163, #604, #1862, #1779 ) ) ;
#1427 = AXIS2_PLACEMENT_3D ( 'NONE', #903, #2106, #230 ) ;
#1428 = CIRCLE ( 'NONE', #865, 1.000000000000000888 ) ;
#1429 = DIRECTION ( 'NONE',  ( -0.000000000000000000, 0.000000000000000000, 1.000000000000000000 ) ) ;
#1430 = EDGE_CURVE ( 'NONE', #1581, #1133, #1139, .T. ) ;
#1431 = DIRECTION ( 'NONE',  ( 0.000000000000000000, 0.000000000000000000, -1.000000000000000000 ) ) ;
#1432 = FACE_OUTER_BOUND ( 'NONE', #996, .T. ) ;
#1433 = EDGE_CURVE ( 'NONE', #970, #259, #1260, .T. ) ;
#1434 = ORIENTED_EDGE ( 'NONE', *, *, #251, .T. ) ;
#1435 = CARTESIAN_POINT ( 'NONE',  ( 10.80000000000002736, 5.650635094610969134, -1.450000000000006839 ) ) ;
#1436 = FACE_BOUND ( 'NONE', #1938, .T. ) ;
#1437 = DIRECTION ( 'NONE',  ( 1.000000000000000000, 0.000000000000000000, 0.000000000000000000 ) ) ;
#1438 = CYLINDRICAL_SURFACE ( 'NONE', #1175, 1.249999999999987121 ) ;
#1439 = CARTESIAN_POINT ( 'NONE',  ( 40.00000000000000000, 50.00000000000004974, 10.24999999999997691 ) ) ;
#1440 = ORIENTED_EDGE ( 'NONE', *, *, #319, .F. ) ;
#1441 = EDGE_CURVE ( 'NONE', #502, #2034, #1088, .T. ) ;
#1442 = ORIENTED_EDGE ( 'NONE', *, *, #1800, .F. ) ;
#1443 = CARTESIAN_POINT ( 'NONE',  ( -14.19999999999998153, -37.65063509461097624, -1.450000000000006839 ) ) ;
#1444 = CARTESIAN_POINT ( 'NONE',  ( 12.50000000000000888, -37.65063509461096913, -3.000000000000002665 ) ) ;
#1445 = ORIENTED_EDGE ( 'NONE', *, *, #268, .F. ) ;
#1446 = ADVANCED_FACE ( 'NONE', ( #248 ), #1040, .T. ) ;
#1447 = CC_DESIGN_PERSON_AND_ORGANIZATION_ASSIGNMENT ( #727, #1402, ( #2126 ) ) ;
#1448 = DIRECTION ( 'NONE',  ( 0.000000000000000000, 0.000000000000000000, 1.000000000000000000 ) ) ;
#1449 = CARTESIAN_POINT ( 'NONE',  ( -23.30000000000000782, -16.00000000000000711, -3.000000000000002665 ) ) ;
#1450 = DIRECTION ( 'NONE',  ( -0.000000000000000000, -0.000000000000000000, 1.000000000000000000 ) ) ;
#1451 = EDGE_LOOP ( 'NONE', ( #1589, #1391, #1506, #220 ) ) ;
#1452 = VERTEX_POINT ( 'NONE', #1725 ) ;
#1453 = CARTESIAN_POINT ( 'NONE',  ( -10.80000000000000604, -37.65063509461097624, -1.450000000000006839 ) ) ;
#1454 = DIRECTION ( 'NONE',  ( 0.000000000000000000, 0.000000000000000000, -1.000000000000000000 ) ) ;
#1455 = VECTOR ( 'NONE', #637, 1000.000000000000000 ) ;
#1456 = AXIS2_PLACEMENT_3D ( 'NONE', #1304, #94, #1263 ) ;
#1457 = ADVANCED_FACE ( 'NONE', ( #1558, #1436, #25, #922 ), #1382, .F. ) ;
#1458 = AXIS2_PLACEMENT_3D ( 'NONE', #1344, #1368, #2017 ) ;
#1459 = CIRCLE ( 'NONE', #1140, 1.249999999999987121 ) ;
#1460 = LINE ( 'NONE', #274, #157 ) ;
#1461 = CONICAL_SURFACE ( 'NONE', #1458, 3.149999999999999911, 0.7853981633974495002 ) ;
#1462 = AXIS2_PLACEMENT_3D ( 'NONE', #1177, #681, #696 ) ;
#1463 = DIRECTION ( 'NONE',  ( -0.000000000000000000, 1.000000000000000000, -3.469446951953614583E-15 ) ) ;
#1464 = CARTESIAN_POINT ( 'NONE',  ( -50.00000000000000000, -50.00000000000004974, 14.99999999999998934 ) ) ;
#1465 = VERTEX_POINT ( 'NONE', #1598 ) ;
#1466 = VERTEX_POINT ( 'NONE', #2110 ) ;
#1467 = LINE ( 'NONE', #1948, #2063 ) ;
#1468 = DIRECTION ( 'NONE',  ( 0.000000000000000000, -1.000000000000000000, -3.713525943768164663E-15 ) ) ;
#1469 = ORIENTED_EDGE ( 'NONE', *, *, #894, .T. ) ;
#1470 = EDGE_CURVE ( 'NONE', #136, #1814, #686, .T. ) ;
#1471 = CYLINDRICAL_SURFACE ( 'NONE', #434, 1.699999999999987965 ) ;
#1472 = DIRECTION ( 'NONE',  ( -0.000000000000000000, -0.000000000000000000, 1.000000000000000000 ) ) ;
#1473 = LINE ( 'NONE', #453, #545 ) ;
#1474 = ORIENTED_EDGE ( 'NONE', *, *, #795, .T. ) ;
#1475 = ORIENTED_EDGE ( 'NONE', *, *, #631, .T. ) ;
#1476 = CARTESIAN_POINT ( 'NONE',  ( 49.99999999999998579, 47.00000000000006395, 15.00000000000000000 ) ) ;
#1477 = LINE ( 'NONE', #142, #1571 ) ;
#1478 = CARTESIAN_POINT ( 'NONE',  ( 14.20000000000000284, 5.650635094610969134, -1.450000000000006839 ) ) ;
#1479 = VERTEX_POINT ( 'NONE', #425 ) ;
#1480 = CARTESIAN_POINT ( 'NONE',  ( -26.69999999999998153, -16.00000000000000711, 0.000000000000000000 ) ) ;
#1481 = CARTESIAN_POINT ( 'NONE',  ( 49.99999999999998579, 46.00000000000001421, -3.252606517456513302E-15 ) ) ;
#1482 = EDGE_CURVE ( 'NONE', #970, #1783, #330, .T. ) ;
#1483 = CC_DESIGN_PERSON_AND_ORGANIZATION_ASSIGNMENT ( #1909, #1044, ( #2126 ) ) ;
#1484 = ORIENTED_EDGE ( 'NONE', *, *, #281, .F. ) ;
#1485 = CARTESIAN_POINT ( 'NONE',  ( -15.64999999999999325, -37.65063509461097624, 1.734723475976807883E-15 ) ) ;
#1486 = CARTESIAN_POINT ( 'NONE',  ( 23.30000000000002203, -16.00000000000000000, 0.000000000000000000 ) ) ;
#1487 = ORIENTED_EDGE ( 'NONE', *, *, #297, .F. ) ;
#1488 = CIRCLE ( 'NONE', #1312, 4.000000000000000888 ) ;
#1489 = CIRCLE ( 'NONE', #152, 4.000000000000000888 ) ;
#1490 = DIRECTION ( 'NONE',  ( -0.000000000000000000, 1.000000000000000000, -3.469446951953614583E-15 ) ) ;
#1491 = ORIENTED_EDGE ( 'NONE', *, *, #2043, .T. ) ;
#1492 = AXIS2_PLACEMENT_3D ( 'NONE', #844, #1695, #357 ) ;
#1493 = AXIS2_PLACEMENT_3D ( 'NONE', #934, #1297, #1809 ) ;
#1494 = CARTESIAN_POINT ( 'NONE',  ( -24.99999999999999289, -16.00000000000000711, -1.450000000000006839 ) ) ;
#1495 = AXIS2_PLACEMENT_3D ( 'NONE', #1114, #1622, #1155 ) ;
#1496 =( LENGTH_UNIT ( ) NAMED_UNIT ( * ) SI_UNIT ( .MILLI., .METRE. ) );
#1497 = AXIS2_PLACEMENT_3D ( 'NONE', #1925, #63, #747 ) ;
#1498 = AXIS2_PLACEMENT_3D ( 'NONE', #1113, #131, #624 ) ;
#1499 = VERTEX_POINT ( 'NONE', #458 ) ;
#1500 = DIRECTION ( 'NONE',  ( 0.000000000000000000, 5.551115123125840289E-15, 1.000000000000000000 ) ) ;
#1501 = EDGE_CURVE ( 'NONE', #511, #2018, #257, .T. ) ;
#1502 = DIRECTION ( 'NONE',  ( -0.000000000000000000, -0.000000000000000000, 1.000000000000000000 ) ) ;
#1503 = VERTEX_POINT ( 'NONE', #635 ) ;
#1504 = EDGE_LOOP ( 'NONE', ( #1086, #210 ) ) ;
#1505 = FACE_OUTER_BOUND ( 'NONE', #799, .T. ) ;
#1506 = ORIENTED_EDGE ( 'NONE', *, *, #2154, .T. ) ;
#1507 = DIRECTION ( 'NONE',  ( -1.000000000000000000, -0.000000000000000000, -0.000000000000000000 ) ) ;
#1508 = CARTESIAN_POINT ( 'NONE',  ( -40.00000000000000000, 50.00000000000004263, 8.999999999999989342 ) ) ;
#1509 = ORIENTED_EDGE ( 'NONE', *, *, #80, .T. ) ;
#1510 = CARTESIAN_POINT ( 'NONE',  ( 49.99999999999998579, 50.00000000000001421, 0.9999999999999829026 ) ) ;
#1511 = DIRECTION ( 'NONE',  ( -0.000000000000000000, 1.000000000000000000, -3.469446951953614583E-15 ) ) ;
#1512 = ORIENTED_EDGE ( 'NONE', *, *, #888, .T. ) ;
#1513 = LINE ( 'NONE', #1, #1072 ) ;
#1514 = EDGE_CURVE ( 'NONE', #778, #20, #1393, .T. ) ;
#1515 = CC_DESIGN_DATE_AND_TIME_ASSIGNMENT ( #1074, #50, ( #1310 ) ) ;
#1516 = DIRECTION ( 'NONE',  ( -1.000000000000000000, 0.000000000000000000, 0.000000000000000000 ) ) ;
#1517 = ORIENTED_EDGE ( 'NONE', *, *, #1752, .T. ) ;
#1518 = DIRECTION ( 'NONE',  ( -0.000000000000000000, 0.000000000000000000, 1.000000000000000000 ) ) ;
#1519 = DIRECTION ( 'NONE',  ( 0.000000000000000000, -5.551115123125840289E-15, 1.000000000000000000 ) ) ;
#1520 = ORIENTED_EDGE ( 'NONE', *, *, #676, .F. ) ;
#1521 = CARTESIAN_POINT ( 'NONE',  ( 0.000000000000000000, 50.00000000000004263, 8.999999999999989342 ) ) ;
#1522 = DIRECTION ( 'NONE',  ( -0.000000000000000000, -0.000000000000000000, 1.000000000000000000 ) ) ;
#1523 = EDGE_LOOP ( 'NONE', ( #1078, #153, #597, #130 ) ) ;
#1524 = DIRECTION ( 'NONE',  ( -1.000000000000000000, 0.000000000000000000, 0.000000000000000000 ) ) ;
#1525 = FACE_OUTER_BOUND ( 'NONE', #406, .T. ) ;
#1526 = ADVANCED_FACE ( 'NONE', ( #1949 ), #467, .F. ) ;
#1527 = EDGE_LOOP ( 'NONE', ( #1295, #1740 ) ) ;
#1528 = CARTESIAN_POINT ( 'NONE',  ( -12.49999999999999289, -37.65063509461097624, 1.734723475976807883E-15 ) ) ;
#1529 = CARTESIAN_POINT ( 'NONE',  ( -40.00000000000000000, -40.00000000000000000, -3.000000000000000000 ) ) ;
#1530 = AXIS2_PLACEMENT_3D ( 'NONE', #1026, #1162, #2014 ) ;
#1531 = PRODUCT ( 'part_danpan_dm_zhijia', 'part_danpan_dm_zhijia', '', ( #703 ) ) ;
#1532 = CIRCLE ( 'NONE', #1843, 1.249999999999994227 ) ;
#1533 = CONICAL_SURFACE ( 'NONE', #121, 3.149999999999999911, 0.7853981633974495002 ) ;
#1534 = ORIENTED_EDGE ( 'NONE', *, *, #1268, .T. ) ;
#1535 = DIRECTION ( 'NONE',  ( -0.000000000000000000, 1.000000000000000000, 3.700743415417188731E-15 ) ) ;
#1536 = CARTESIAN_POINT ( 'NONE',  ( 38.75000000000001421, 40.00000000000000000, -3.000000000000001332 ) ) ;
#1537 = AXIS2_PLACEMENT_3D ( 'NONE', #416, #1058, #1906 ) ;
#1538 = EDGE_LOOP ( 'NONE', ( #1311, #969 ) ) ;
#1539 = VERTEX_POINT ( 'NONE', #1123 ) ;
#1540 = ADVANCED_FACE ( 'NONE', ( #949 ), #978, .F. ) ;
#1541 = DIRECTION ( 'NONE',  ( -0.000000000000000000, 1.000000000000000000, -3.469446951953614583E-15 ) ) ;
#1542 = EDGE_LOOP ( 'NONE', ( #2072, #793, #730, #805 ) ) ;
#1543 = ADVANCED_FACE ( 'NONE', ( #1132 ), #1292, .T. ) ;
#1544 = DIRECTION ( 'NONE',  ( 0.000000000000000000, 0.000000000000000000, -1.000000000000000000 ) ) ;
#1545 = ORIENTED_EDGE ( 'NONE', *, *, #806, .F. ) ;
#1546 = DIRECTION ( 'NONE',  ( -0.000000000000000000, -0.000000000000000000, 1.000000000000000000 ) ) ;
#1547 = DIRECTION ( 'NONE',  ( 0.7071067811865483499, 0.000000000000000000, 0.7071067811865466846 ) ) ;
#1548 = ORIENTED_EDGE ( 'NONE', *, *, #2011, .F. ) ;
#1549 = DIRECTION ( 'NONE',  ( -1.000000000000000000, 0.000000000000000000, 0.000000000000000000 ) ) ;
#1550 = DIRECTION ( 'NONE',  ( 1.000000000000000000, 0.000000000000000000, 0.000000000000000000 ) ) ;
#1551 = ORIENTED_EDGE ( 'NONE', *, *, #1998, .T. ) ;
#1552 = CARTESIAN_POINT ( 'NONE',  ( 0.000000000000000000, 0.000000000000000000, 0.000000000000000000 ) ) ;
#1553 = DIRECTION ( 'NONE',  ( -0.000000000000000000, -0.000000000000000000, 1.000000000000000000 ) ) ;
#1554 = CYLINDRICAL_SURFACE ( 'NONE', #440, 1.249999999999994227 ) ;
#1555 = EDGE_CURVE ( 'NONE', #1499, #1711, #599, .T. ) ;
#1556 = EDGE_LOOP ( 'NONE', ( #1400, #351 ) ) ;
#1557 = CARTESIAN_POINT ( 'NONE',  ( 0.000000000000000000, -50.00000000000011369, 9.000000000000335731 ) ) ;
#1558 = FACE_BOUND ( 'NONE', #2052, .T. ) ;
#1559 = EDGE_LOOP ( 'NONE', ( #1370, #239, #1121, #1962 ) ) ;
#1560 = FACE_BOUND ( 'NONE', #2057, .T. ) ;
#1561 = APPROVAL_DATE_TIME ( #1893, #1222 ) ;
#1562 = AXIS2_PLACEMENT_3D ( 'NONE', #1994, #2004, #477 ) ;
#1563 = DIRECTION ( 'NONE',  ( 1.000000000000000000, 0.000000000000000000, 0.000000000000000000 ) ) ;
#1564 = AXIS2_PLACEMENT_3D ( 'NONE', #2185, #671, #1343 ) ;
#1565 = EDGE_CURVE ( 'NONE', #525, #219, #313, .T. ) ;
#1566 = DIRECTION ( 'NONE',  ( -0.000000000000000000, -0.000000000000000000, 1.000000000000000000 ) ) ;
#1567 = AXIS2_PLACEMENT_3D ( 'NONE', #594, #1272, #430 ) ;
#1568 = VERTEX_POINT ( 'NONE', #802 ) ;
#1569 = EDGE_CURVE ( 'NONE', #835, #1701, #1477, .T. ) ;
#1570 = DIRECTION ( 'NONE',  ( -0.7071067811865487940, 8.659560562354948882E-17, 0.7071067811865463515 ) ) ;
#1571 = VECTOR ( 'NONE', #2150, 1000.000000000000000 ) ;
#1572 = AXIS2_PLACEMENT_3D ( 'NONE', #172, #1490, #813 ) ;
#1573 = AXIS2_PLACEMENT_3D ( 'NONE', #1008, #1546, #1367 ) ;
#1574 = VERTEX_POINT ( 'NONE', #119 ) ;
#1575 = LINE ( 'NONE', #544, #1281 ) ;
#1576 = DATE_AND_TIME ( #909, #289 ) ;
#1577 = DIRECTION ( 'NONE',  ( 1.000000000000000000, 0.000000000000000000, 0.000000000000000000 ) ) ;
#1578 = LINE ( 'NONE', #1242, #1028 ) ;
#1579 = EDGE_LOOP ( 'NONE', ( #478, #2173 ) ) ;
#1580 = FACE_OUTER_BOUND ( 'NONE', #1325, .T. ) ;
#1581 = VERTEX_POINT ( 'NONE', #2160 ) ;
#1582 = ADVANCED_FACE ( 'NONE', ( #648 ), #1324, .F. ) ;
#1583 = FACE_BOUND ( 'NONE', #1504, .T. ) ;
#1584 = DIRECTION ( 'NONE',  ( 1.000000000000000000, 0.000000000000000000, 0.000000000000000000 ) ) ;
#1585 = CARTESIAN_POINT ( 'NONE',  ( 0.000000000000000000, -50.00000000000011369, 9.000000000000335731 ) ) ;
#1586 = EDGE_LOOP ( 'NONE', ( #507, #1666 ) ) ;
#1587 = CARTESIAN_POINT ( 'NONE',  ( -12.49999999999999289, -37.65063509461097624, 0.000000000000000000 ) ) ;
#1588 = EDGE_CURVE ( 'NONE', #87, #835, #616, .T. ) ;
#1589 = ORIENTED_EDGE ( 'NONE', *, *, #1900, .T. ) ;
#1590 = EDGE_CURVE ( 'NONE', #492, #219, #1630, .T. ) ;
#1591 = CYLINDRICAL_SURFACE ( 'NONE', #1989, 1.249999999999987121 ) ;
#1592 = CYLINDRICAL_SURFACE ( 'NONE', #1567, 4.000000000000003553 ) ;
#1593 = PLANE ( 'NONE',  #967 ) ;
#1594 = VERTEX_POINT ( 'NONE', #480 ) ;
#1595 = VECTOR ( 'NONE', #1502, 1000.000000000000000 ) ;
#1596 = AXIS2_PLACEMENT_3D ( 'NONE', #1232, #378, #1577 ) ;
#1597 = CARTESIAN_POINT ( 'NONE',  ( 49.99999999999998579, 50.00000000000000711, -3.000000000000000000 ) ) ;
#1598 = CARTESIAN_POINT ( 'NONE',  ( 40.00000000000000000, 47.00000000000004974, 10.24999999999998579 ) ) ;
#1599 = AXIS2_PLACEMENT_3D ( 'NONE', #1649, #139, #1320 ) ;
#1600 = CONICAL_SURFACE ( 'NONE', #930, 3.150000000000001688, 0.7853981633974500554 ) ;
#1601 = AXIS2_PLACEMENT_3D ( 'NONE', #282, #1277, #1812 ) ;
#1602 = CIRCLE ( 'NONE', #1882, 1.249999999999987121 ) ;
#1603 = AXIS2_PLACEMENT_3D ( 'NONE', #1640, #95, #105 ) ;
#1604 = VECTOR ( 'NONE', #2055, 1000.000000000000000 ) ;
#1605 = CARTESIAN_POINT ( 'NONE',  ( -41.24999999999999289, 40.00000000000000000, -3.000000000000000000 ) ) ;
#1606 = EDGE_CURVE ( 'NONE', #1465, #322, #963, .T. ) ;
#1607 = CYLINDRICAL_SURFACE ( 'NONE', #329, 1.249999999999987121 ) ;
#1608 = CARTESIAN_POINT ( 'NONE',  ( -50.00000000000001421, 46.00000000000001421, 0.9999999999999976685 ) ) ;
#1609 = EDGE_CURVE ( 'NONE', #1840, #304, #468, .T. ) ;
#1610 = APPROVAL ( #37, '未' ) ;
#1611 = ORIENTED_EDGE ( 'NONE', *, *, #1735, .F. ) ;
#1612 = DIRECTION ( 'NONE',  ( -0.000000000000000000, 0.000000000000000000, 1.000000000000000000 ) ) ;
#1613 = DIRECTION ( 'NONE',  ( -0.000000000000000000, -0.000000000000000000, 1.000000000000000000 ) ) ;
#1614 = ORIENTED_EDGE ( 'NONE', *, *, #1514, .F. ) ;
#1615 = DIRECTION ( 'NONE',  ( 0.000000000000000000, -1.000000000000000000, 3.700743415417188731E-15 ) ) ;
#1616 = CARTESIAN_POINT ( 'NONE',  ( 12.50000000000001421, 5.650635094610969134, -3.000000000000002665 ) ) ;
#1617 = DIRECTION ( 'NONE',  ( 0.000000000000000000, 0.000000000000000000, 1.000000000000000000 ) ) ;
#1618 = ORIENTED_EDGE ( 'NONE', *, *, #1418, .T. ) ;
#1619 = EDGE_LOOP ( 'NONE', ( #2078, #2140 ) ) ;
#1620 = DIRECTION ( 'NONE',  ( 0.000000000000000000, -1.000000000000000000, 3.700743415417188731E-15 ) ) ;
#1621 = EDGE_CURVE ( 'NONE', #1704, #1176, #825, .T. ) ;
#1622 = DIRECTION ( 'NONE',  ( 0.000000000000000000, -1.000000000000000000, 3.700743415417188731E-15 ) ) ;
#1623 = DIRECTION ( 'NONE',  ( 1.000000000000000000, 0.000000000000000000, 0.000000000000000000 ) ) ;
#1624 = DIRECTION ( 'NONE',  ( 1.000000000000000000, 0.000000000000000000, 0.000000000000000000 ) ) ;
#1625 = DIRECTION ( 'NONE',  ( 1.000000000000000000, 0.000000000000000000, 0.000000000000000000 ) ) ;
#1626 = VERTEX_POINT ( 'NONE', #272 ) ;
#1627 = ORIENTED_EDGE ( 'NONE', *, *, #1846, .T. ) ;
#1628 = ORIENTED_EDGE ( 'NONE', *, *, #67, .F. ) ;
#1629 = CARTESIAN_POINT ( 'NONE',  ( 7.429674235981454113E-15, -16.00000000000000000, -10.00000000000000000 ) ) ;
#1630 = LINE ( 'NONE', #439, #649 ) ;
#1631 = EDGE_CURVE ( 'NONE', #20, #778, #1709, .T. ) ;
#1632 = LOCAL_TIME ( 23, 13, 50.00000000000000000, #901 ) ;
#1633 = AXIS2_PLACEMENT_3D ( 'NONE', #2105, #82, #1431 ) ;
#1634 = VECTOR ( 'NONE', #1870, 1000.000000000000000 ) ;
#1635 = CIRCLE ( 'NONE', #687, 1.699999999999986189 ) ;
#1636 = CARTESIAN_POINT ( 'NONE',  ( 0.000000000000000000, -50.00000000000004974, 14.99999999999998934 ) ) ;
#1637 = VECTOR ( 'NONE', #1970, 1000.000000000000000 ) ;
#1638 = CIRCLE ( 'NONE', #1218, 1.699999999999987965 ) ;
#1639 = PLANE ( 'NONE',  #1633 ) ;
#1640 = CARTESIAN_POINT ( 'NONE',  ( 40.00000000000000000, -40.00000000000000000, -3.000000000000000000 ) ) ;
#1641 = EDGE_LOOP ( 'NONE', ( #498, #692 ) ) ;
#1642 = EDGE_LOOP ( 'NONE', ( #680, #529 ) ) ;
#1643 = CYLINDRICAL_SURFACE ( 'NONE', #505, 20.00000000000000000 ) ;
#1644 = DIRECTION ( 'NONE',  ( -0.000000000000000000, 0.000000000000000000, 1.000000000000000000 ) ) ;
#1645 = DIRECTION ( 'NONE',  ( 1.000000000000000000, 0.000000000000000000, 0.000000000000000000 ) ) ;
#1646 = EDGE_CURVE ( 'NONE', #1700, #1651, #610, .T. ) ;
#1647 = ORIENTED_EDGE ( 'NONE', *, *, #1051, .T. ) ;
#1648 = CARTESIAN_POINT ( 'NONE',  ( 50.00000000000000000, -47.00000000000004974, 15.00000000000000000 ) ) ;
#1649 = CARTESIAN_POINT ( 'NONE',  ( 25.00000000000000711, -16.00000000000000000, 1.734723475976807883E-15 ) ) ;
#1650 = APPLICATION_CONTEXT ( 'configuration controlled 3d designs of mechanical parts and assemblies' ) ;
#1651 = VERTEX_POINT ( 'NONE', #697 ) ;
#1652 = DIRECTION ( 'NONE',  ( -0.000000000000000000, -0.000000000000000000, 1.000000000000000000 ) ) ;
#1653 = CARTESIAN_POINT ( 'NONE',  ( -40.00000000000000000, 50.00000000000004263, 8.999999999999989342 ) ) ;
#1654 = ADVANCED_FACE ( 'NONE', ( #1357 ), #1178, .F. ) ;
#1655 = DIRECTION ( 'NONE',  ( -0.000000000000000000, 1.000000000000000000, -3.469446951953614583E-15 ) ) ;
#1656 = EDGE_CURVE ( 'NONE', #1680, #74, #2133, .T. ) ;
#1657 = CARTESIAN_POINT ( 'NONE',  ( -50.00000000000001421, 46.00000000000001421, -3.000000000000003553 ) ) ;
#1658 = DIRECTION ( 'NONE',  ( -1.000000000000000000, 0.000000000000000000, 0.000000000000000000 ) ) ;
#1659 = ORIENTED_EDGE ( 'NONE', *, *, #1063, .T. ) ;
#1660 = CYLINDRICAL_SURFACE ( 'NONE', #536, 1.249999999999987121 ) ;
#1661 = CARTESIAN_POINT ( 'NONE',  ( -38.75000000000000711, -40.00000000000000000, -3.000000000000000000 ) ) ;
#1662 = ORIENTED_EDGE ( 'NONE', *, *, #16, .T. ) ;
#1663 = CARTESIAN_POINT ( 'NONE',  ( 40.00000000000000000, -47.00000000000002132, 10.25000000000031264 ) ) ;
#1664 = VECTOR ( 'NONE', #1869, 1000.000000000000000 ) ;
#1665 = DIRECTION ( 'NONE',  ( 0.000000000000000000, 0.000000000000000000, 1.000000000000000000 ) ) ;
#1666 = ORIENTED_EDGE ( 'NONE', *, *, #1800, .T. ) ;
#1667 = AXIS2_PLACEMENT_3D ( 'NONE', #668, #1518, #476 ) ;
#1668 = LINE ( 'NONE', #138, #786 ) ;
#1669 = AXIS2_PLACEMENT_3D ( 'NONE', #2051, #822, #1677 ) ;
#1670 = VECTOR ( 'NONE', #2001, 1000.000000000000000 ) ;
#1671 = CARTESIAN_POINT ( 'NONE',  ( 40.00000000000000000, 40.00000000000000000, -3.000000000000000000 ) ) ;
#1672 = EDGE_CURVE ( 'NONE', #790, #2116, #1352, .T. ) ;
#1673 = CONICAL_SURFACE ( 'NONE', #1876, 3.150000000000001688, 0.7853981633974500554 ) ;
#1674 = VECTOR ( 'NONE', #1331, 1000.000000000000000 ) ;
#1675 = ORIENTED_EDGE ( 'NONE', *, *, #1924, .T. ) ;
#1676 = FACE_OUTER_BOUND ( 'NONE', #1451, .T. ) ;
#1677 = DIRECTION ( 'NONE',  ( 0.000000000000000000, -5.551115123125840289E-15, 1.000000000000000000 ) ) ;
#1678 = ADVANCED_FACE ( 'NONE', ( #340 ), #177, .F. ) ;
#1679 = CC_DESIGN_PERSON_AND_ORGANIZATION_ASSIGNMENT ( #71, #887, ( #1531 ) ) ;
#1680 = VERTEX_POINT ( 'NONE', #998 ) ;
#1681 = CARTESIAN_POINT ( 'NONE',  ( 28.15000000000000924, -16.00000000000000000, 1.734723475976807883E-15 ) ) ;
#1682 = FACE_OUTER_BOUND ( 'NONE', #740, .T. ) ;
#1683 = EDGE_LOOP ( 'NONE', ( #1274, #1835, #117, #1797 ) ) ;
#1684 = CARTESIAN_POINT ( 'NONE',  ( -12.50000000000000000, 5.650635094610959364, -3.000000000000002665 ) ) ;
#1685 = FACE_OUTER_BOUND ( 'NONE', #348, .T. ) ;
#1686 = ORIENTED_EDGE ( 'NONE', *, *, #510, .T. ) ;
#1687 = FACE_OUTER_BOUND ( 'NONE', #940, .T. ) ;
#1688 = FACE_OUTER_BOUND ( 'NONE', #1683, .T. ) ;
#1689 = EDGE_LOOP ( 'NONE', ( #1442, #2049, #1766, #1024 ) ) ;
#1690 = EDGE_CURVE ( 'NONE', #840, #259, #755, .T. ) ;
#1691 = CARTESIAN_POINT ( 'NONE',  ( -50.00000000000000000, -50.00000000000004974, 14.99999999999998934 ) ) ;
#1692 = DIRECTION ( 'NONE',  ( 1.000000000000000000, 0.000000000000000000, 0.000000000000000000 ) ) ;
#1693 = EDGE_LOOP ( 'NONE', ( #278, #1618, #667, #1334 ) ) ;
#1694 = CYLINDRICAL_SURFACE ( 'NONE', #1248, 4.000000000000003553 ) ;
#1695 = DIRECTION ( 'NONE',  ( -0.000000000000000000, 1.000000000000000000, -3.469446951953614583E-15 ) ) ;
#1696 = ORIENTED_EDGE ( 'NONE', *, *, #1326, .F. ) ;
#1697 = PLANE ( 'NONE',  #11 ) ;
#1698 = CARTESIAN_POINT ( 'NONE',  ( 0.000000000000000000, 50.00000000000004974, 10.24999999999997691 ) ) ;
#1699 = EDGE_CURVE ( 'NONE', #2034, #2141, #2007, .T. ) ;
#1700 = VERTEX_POINT ( 'NONE', #1861 ) ;
#1701 = VERTEX_POINT ( 'NONE', #1210 ) ;
#1702 = ADVANCED_FACE ( 'NONE', ( #1688 ), #1461, .F. ) ;
#1703 = DIRECTION ( 'NONE',  ( -0.000000000000000000, -0.000000000000000000, 1.000000000000000000 ) ) ;
#1704 = VERTEX_POINT ( 'NONE', #1536 ) ;
#1705 = EDGE_CURVE ( 'NONE', #1963, #219, #660, .T. ) ;
#1706 = LINE ( 'NONE', #900, #896 ) ;
#1707 = DIRECTION ( 'NONE',  ( 1.000000000000000000, 0.000000000000000000, 0.000000000000000000 ) ) ;
#1708 = AXIS2_PLACEMENT_3D ( 'NONE', #252, #1092, #420 ) ;
#1709 = CIRCLE ( 'NONE', #120, 1.699999999999987965 ) ;
#1710 = CIRCLE ( 'NONE', #611, 1.249999999999994227 ) ;
#1711 = VERTEX_POINT ( 'NONE', #1698 ) ;
#1712 = CYLINDRICAL_SURFACE ( 'NONE', #2059, 1.249999999999987121 ) ;
#1713 = LINE ( 'NONE', #1190, #365 ) ;
#1714 = CIRCLE ( 'NONE', #376, 20.00000000000000000 ) ;
#1715 = ORIENTED_EDGE ( 'NONE', *, *, #1079, .T. ) ;
#1716 = DIRECTION ( 'NONE',  ( 1.387778780781445429E-16, -1.000000000000000000, 0.000000000000000000 ) ) ;
#1717 = CARTESIAN_POINT ( 'NONE',  ( -10.80000000000001315, 5.650635094610959364, 0.000000000000000000 ) ) ;
#1718 = ORIENTED_EDGE ( 'NONE', *, *, #308, .T. ) ;
#1719 = EDGE_CURVE ( 'NONE', #655, #2116, #524, .T. ) ;
#1720 = CYLINDRICAL_SURFACE ( 'NONE', #573, 1.249999999999987121 ) ;
#1721 = CARTESIAN_POINT ( 'NONE',  ( 49.99999999999998579, 50.00000000000000711, -1.955116147873888697E-13 ) ) ;
#1722 = CARTESIAN_POINT ( 'NONE',  ( -40.00000000000000000, -40.00000000000000000, -3.000000000000000000 ) ) ;
#1723 = ORIENTED_EDGE ( 'NONE', *, *, #1846, .F. ) ;
#1724 = CARTESIAN_POINT ( 'NONE',  ( 12.50000000000001421, 5.650635094610969134, 0.000000000000000000 ) ) ;
#1725 = CARTESIAN_POINT ( 'NONE',  ( -38.75000000000001421, 40.00000000000000000, -3.000000000000001332 ) ) ;
#1726 = ORIENTED_EDGE ( 'NONE', *, *, #371, .T. ) ;
#1727 = FACE_BOUND ( 'NONE', #1619, .T. ) ;
#1728 = EDGE_CURVE ( 'NONE', #322, #2018, #1030, .T. ) ;
#1729 = CARTESIAN_POINT ( 'NONE',  ( 7.429674235981454113E-15, -16.00000000000000000, -10.00000000000000000 ) ) ;
#1730 = DIRECTION ( 'NONE',  ( 0.000000000000000000, -5.551115123125840289E-15, 1.000000000000000000 ) ) ;
#1731 = ORIENTED_EDGE ( 'NONE', *, *, #2042, .F. ) ;
#1732 = CARTESIAN_POINT ( 'NONE',  ( 25.00000000000000711, -16.00000000000000000, 1.734723475976807883E-15 ) ) ;
#1733 = ORIENTED_EDGE ( 'NONE', *, *, #110, .F. ) ;
#1734 = CARTESIAN_POINT ( 'NONE',  ( 10.80000000000002736, 5.650635094610969134, -3.000000000000002665 ) ) ;
#1735 = EDGE_CURVE ( 'NONE', #920, #170, #1009, .T. ) ;
#1736 = DIRECTION ( 'NONE',  ( 1.000000000000000000, 0.000000000000000000, 0.000000000000000000 ) ) ;
#1737 = CONICAL_SURFACE ( 'NONE', #1877, 3.149999999999999911, 0.7853981633974500554 ) ;
#1738 = DIRECTION ( 'NONE',  ( 1.000000000000000000, 0.000000000000000000, 0.000000000000000000 ) ) ;
#1739 = CIRCLE ( 'NONE', #964, 3.149999999999999911 ) ;
#1740 = ORIENTED_EDGE ( 'NONE', *, *, #2119, .F. ) ;
#1741 = DIRECTION ( 'NONE',  ( -0.000000000000000000, -0.000000000000000000, -1.000000000000000000 ) ) ;
#1742 = EDGE_CURVE ( 'NONE', #20, #1133, #672, .T. ) ;
#1743 = VECTOR ( 'NONE', #1961, 1000.000000000000000 ) ;
#1744 = CIRCLE ( 'NONE', #1918, 3.149999999999999911 ) ;
#1745 = ORIENTED_EDGE ( 'NONE', *, *, #1169, .F. ) ;
#1746 = CARTESIAN_POINT ( 'NONE',  ( -50.00000000000001421, 47.00000000000001421, 0.9999999999999940048 ) ) ;
#1747 = DATE_TIME_ROLE ( 'classification_date' ) ;
#1748 = CARTESIAN_POINT ( 'NONE',  ( 25.00000000000000711, -16.00000000000000000, 1.734723475976807883E-15 ) ) ;
#1749 = CARTESIAN_POINT ( 'NONE',  ( 49.99999999999998579, 50.00000000000000711, -1.047444401652940007E-14 ) ) ;
#1750 = ORIENTED_EDGE ( 'NONE', *, *, #771, .F. ) ;
#1751 = DIRECTION ( 'NONE',  ( -1.000000000000000000, -0.000000000000000000, -0.000000000000000000 ) ) ;
#1752 = EDGE_CURVE ( 'NONE', #2030, #1415, #350, .T. ) ;
#1753 = EDGE_LOOP ( 'NONE', ( #1005, #1128, #426, #1366 ) ) ;
#1754 = CARTESIAN_POINT ( 'NONE',  ( -50.00000000000001421, 46.00000000000001421, -3.252606517456513302E-15 ) ) ;
#1755 = DIRECTION ( 'NONE',  ( -0.000000000000000000, -0.000000000000000000, 1.000000000000000000 ) ) ;
#1756 = DIRECTION ( 'NONE',  ( 0.000000000000000000, 0.000000000000000000, -1.000000000000000000 ) ) ;
#1757 = ORIENTED_EDGE ( 'NONE', *, *, #81, .F. ) ;
#1758 = DIRECTION ( 'NONE',  ( -0.000000000000000000, -0.000000000000000000, 1.000000000000000000 ) ) ;
#1759 = FACE_OUTER_BOUND ( 'NONE', #2086, .T. ) ;
#1760 = ADVANCED_FACE ( 'NONE', ( #847 ), #1673, .F. ) ;
#1761 = EDGE_CURVE ( 'NONE', #1328, #314, #1713, .T. ) ;
#1762 = ORIENTED_EDGE ( 'NONE', *, *, #1470, .T. ) ;
#1763 = DIRECTION ( 'NONE',  ( -0.000000000000000000, -0.000000000000000000, -1.000000000000000000 ) ) ;
#1764 = CARTESIAN_POINT ( 'NONE',  ( 38.75000000000000711, -40.00000000000000000, -3.000000000000000000 ) ) ;
#1765 = LINE ( 'NONE', #256, #1143 ) ;
#1766 = ORIENTED_EDGE ( 'NONE', *, *, #471, .T. ) ;
#1767 = AXIS2_PLACEMENT_3D ( 'NONE', #1127, #1450, #2139 ) ;
#1768 = CIRCLE ( 'NONE', #1066, 1.699999999999987965 ) ;
#1769 = EDGE_LOOP ( 'NONE', ( #1788, #13, #2099, #955 ) ) ;
#1770 = LINE ( 'NONE', #271, #158 ) ;
#1771 = DIRECTION ( 'NONE',  ( -0.7071067811865483499, 8.659560562354942719E-17, 0.7071067811865466846 ) ) ;
#1772 = APPROVAL_PERSON_ORGANIZATION ( #714, #1610, #1417 ) ;
#1773 = AXIS2_PLACEMENT_3D ( 'NONE', #1653, #2130, #772 ) ;
#1774 = CIRCLE ( 'NONE', #377, 1.249999999999987121 ) ;
#1775 = FACE_OUTER_BOUND ( 'NONE', #751, .T. ) ;
#1776 = EDGE_CURVE ( 'NONE', #623, #2030, #122, .T. ) ;
#1777 = CARTESIAN_POINT ( 'NONE',  ( 49.99999999999998579, 50.00000000000006395, 14.99999999999998934 ) ) ;
#1778 = DIRECTION ( 'NONE',  ( 1.000000000000000000, 0.000000000000000000, 0.000000000000000000 ) ) ;
#1779 = ORIENTED_EDGE ( 'NONE', *, *, #2043, .F. ) ;
#1780 = ORIENTED_EDGE ( 'NONE', *, *, #1131, .T. ) ;
#1781 = FACE_OUTER_BOUND ( 'NONE', #1348, .T. ) ;
#1782 = DIRECTION ( 'NONE',  ( -1.000000000000000000, 0.000000000000000000, 0.000000000000000000 ) ) ;
#1783 = VERTEX_POINT ( 'NONE', #1379 ) ;
#1784 = CARTESIAN_POINT ( 'NONE',  ( 14.19999999999999751, -37.65063509461096913, -1.450000000000006839 ) ) ;
#1785 = CARTESIAN_POINT ( 'NONE',  ( -40.00000000000000000, 50.00000000000004263, 8.999999999999989342 ) ) ;
#1786 = CARTESIAN_POINT ( 'NONE',  ( 49.99999999999998579, 50.00000000000000711, 0.000000000000000000 ) ) ;
#1787 = EDGE_CURVE ( 'NONE', #29, #2141, #535, .T. ) ;
#1788 = ORIENTED_EDGE ( 'NONE', *, *, #1333, .F. ) ;
#1789 = VERTEX_POINT ( 'NONE', #217 ) ;
#1790 = FACE_BOUND ( 'NONE', #1817, .T. ) ;
#1791 = DIRECTION ( 'NONE',  ( -0.000000000000000000, 1.000000000000000000, -3.469446951953614583E-15 ) ) ;
#1792 = ORIENTED_EDGE ( 'NONE', *, *, #869, .F. ) ;
#1793 = CARTESIAN_POINT ( 'NONE',  ( 1.530808498934175793E-16, 47.00000000000003553, 7.750000000000012434 ) ) ;
#1794 = CARTESIAN_POINT ( 'NONE',  ( 15.65000000000001101, -37.65063509461096913, 1.734723475976807883E-15 ) ) ;
#1795 = CARTESIAN_POINT ( 'NONE',  ( 20.00000000000000711, -16.00000000000000000, 0.000000000000000000 ) ) ;
#1796 = VERTEX_POINT ( 'NONE', #891 ) ;
#1797 = ORIENTED_EDGE ( 'NONE', *, *, #1955, .F. ) ;
#1798 = DIRECTION ( 'NONE',  ( 1.000000000000000000, 0.000000000000000000, 0.000000000000000000 ) ) ;
#1799 = CARTESIAN_POINT ( 'NONE',  ( 49.99999999999998579, 46.00000000000001421, 0.9999999999999976685 ) ) ;
#1800 = EDGE_CURVE ( 'NONE', #32, #98, #79, .T. ) ;
#1801 = VECTOR ( 'NONE', #1707, 1000.000000000000000 ) ;
#1802 = CIRCLE ( 'NONE', #1946, 1.699999999999987965 ) ;
#1803 = AXIS2_PLACEMENT_3D ( 'NONE', #500, #324, #2175 ) ;
#1804 = VECTOR ( 'NONE', #1993, 1000.000000000000000 ) ;
#1805 = CARTESIAN_POINT ( 'NONE',  ( -50.00000000000000000, -46.00000000000000000, -3.252606517456513302E-15 ) ) ;
#1806 = ORIENTED_EDGE ( 'NONE', *, *, #1470, .F. ) ;
#1807 = AXIS2_PLACEMENT_3D ( 'NONE', #1912, #238, #911 ) ;
#1808 = CIRCLE ( 'NONE', #968, 1.249999999999987121 ) ;
#1809 = DIRECTION ( 'NONE',  ( 0.000000000000000000, 5.551115123125840289E-15, 1.000000000000000000 ) ) ;
#1810 = DIRECTION ( 'NONE',  ( -1.000000000000000000, -0.000000000000000000, -0.000000000000000000 ) ) ;
#1811 = CARTESIAN_POINT ( 'NONE',  ( 40.00000000000000000, 50.00000000000004263, 8.999999999999989342 ) ) ;
#1812 = DIRECTION ( 'NONE',  ( 0.000000000000000000, 5.551115123125840289E-15, 1.000000000000000000 ) ) ;
#1813 = ADVANCED_FACE ( 'NONE', ( #1077 ), #1593, .F. ) ;
#1814 = VERTEX_POINT ( 'NONE', #1085 ) ;
#1815 = EDGE_CURVE ( 'NONE', #1328, #170, #923, .T. ) ;
#1816 = CARTESIAN_POINT ( 'NONE',  ( -50.00000000000000000, -50.00000000000004974, 14.99999999999998934 ) ) ;
#1817 = EDGE_LOOP ( 'NONE', ( #777, #1899 ) ) ;
#1818 = LINE ( 'NONE', #518, #927 ) ;
#1819 = CARTESIAN_POINT ( 'NONE',  ( 40.00000000000000000, -50.00000000000010658, 10.25000000000032330 ) ) ;
#1820 = ORIENTED_EDGE ( 'NONE', *, *, #81, .T. ) ;
#1821 = LINE ( 'NONE', #1154, #1001 ) ;
#1822 = CARTESIAN_POINT ( 'NONE',  ( 40.00000000000000000, 40.00000000000000000, -3.000000000000001332 ) ) ;
#1823 = ORIENTED_EDGE ( 'NONE', *, *, #147, .T. ) ;
#1824 = ADVANCED_FACE ( 'NONE', ( #1432 ), #1554, .F. ) ;
#1825 = DIRECTION ( 'NONE',  ( 1.000000000000000000, 0.000000000000000000, 0.000000000000000000 ) ) ;
#1826 = ORIENTED_EDGE ( 'NONE', *, *, #1158, .T. ) ;
#1827 = ADVANCED_FACE ( 'NONE', ( #716 ), #1404, .F. ) ;
#1828 = EDGE_CURVE ( 'NONE', #26, #74, #729, .T. ) ;
#1829 = CARTESIAN_POINT ( 'NONE',  ( -12.50000000000000000, 5.650635094610959364, 0.000000000000000000 ) ) ;
#1830 = CYLINDRICAL_SURFACE ( 'NONE', #643, 1.249999999999994227 ) ;
#1831 = VECTOR ( 'NONE', #1771, 1000.000000000000000 ) ;
#1832 = EDGE_LOOP ( 'NONE', ( #1611, #2158, #979, #1355 ) ) ;
#1833 = DIRECTION ( 'NONE',  ( -0.000000000000000000, -3.700743415417188731E-15, 1.000000000000000000 ) ) ;
#1834 = DIRECTION ( 'NONE',  ( 1.000000000000000000, 0.000000000000000000, 0.000000000000000000 ) ) ;
#1835 = ORIENTED_EDGE ( 'NONE', *, *, #1333, .T. ) ;
#1836 = DIRECTION ( 'NONE',  ( -0.000000000000000000, -0.000000000000000000, -1.000000000000000000 ) ) ;
#1837 = AXIS2_PLACEMENT_3D ( 'NONE', #1508, #1016, #985 ) ;
#1838 = CIRCLE ( 'NONE', #895, 1.249999999999987121 ) ;
#1839 = PLANE ( 'NONE',  #373 ) ;
#1840 = VERTEX_POINT ( 'NONE', #394 ) ;
#1841 = VECTOR ( 'NONE', #1544, 1000.000000000000000 ) ;
#1842 = LINE ( 'NONE', #496, #2164 ) ;
#1843 = AXIS2_PLACEMENT_3D ( 'NONE', #764, #1194, #711 ) ;
#1844 = VECTOR ( 'NONE', #1406, 1000.000000000000000 ) ;
#1845 = CARTESIAN_POINT ( 'NONE',  ( -50.00000000000000000, -47.00000000000000000, 0.9999999999999940048 ) ) ;
#1846 = EDGE_CURVE ( 'NONE', #1651, #1978, #739, .T. ) ;
#1847 = EDGE_LOOP ( 'NONE', ( #892, #1249, #1380, #1715 ) ) ;
#1848 = ORIENTED_EDGE ( 'NONE', *, *, #1728, .F. ) ;
#1849 = DIRECTION ( 'NONE',  ( 0.000000000000000000, -3.700743415417188731E-15, -1.000000000000000000 ) ) ;
#1850 = CARTESIAN_POINT ( 'NONE',  ( 0.000000000000000000, -47.00000000000001421, 9.000000000000325073 ) ) ;
#1851 = ORIENTED_EDGE ( 'NONE', *, *, #297, .T. ) ;
#1852 = CARTESIAN_POINT ( 'NONE',  ( -14.19999999999998153, -37.65063509461097624, -3.000000000000002665 ) ) ;
#1853 = CARTESIAN_POINT ( 'NONE',  ( 25.00000000000000711, -16.00000000000000000, -1.450000000000006839 ) ) ;
#1854 = ORIENTED_EDGE ( 'NONE', *, *, #1158, .F. ) ;
#1855 = DIRECTION ( 'NONE',  ( 0.000000000000000000, -1.000000000000000000, 3.491481338843133355E-15 ) ) ;
#1856 = LINE ( 'NONE', #1845, #1801 ) ;
#1857 = EDGE_CURVE ( 'NONE', #515, #201, #556, .T. ) ;
#1858 = ORIENTED_EDGE ( 'NONE', *, *, #28, .F. ) ;
#1859 = DIRECTION ( 'NONE',  ( 1.000000000000000000, -0.000000000000000000, -0.000000000000000000 ) ) ;
#1860 = EDGE_CURVE ( 'NONE', #1503, #219, #1488, .T. ) ;
#1861 = CARTESIAN_POINT ( 'NONE',  ( -19.99999999999999289, -15.99999999999999645, -3.000000000000000000 ) ) ;
#1862 = ORIENTED_EDGE ( 'NONE', *, *, #520, .T. ) ;
#1863 = ORIENTED_EDGE ( 'NONE', *, *, #661, .T. ) ;
#1864 = LINE ( 'NONE', #354, #224 ) ;
#1865 = ORIENTED_EDGE ( 'NONE', *, *, #39, .T. ) ;
#1866 = DIRECTION ( 'NONE',  ( -0.7071067811865483499, 8.659560562354942719E-17, 0.7071067811865466846 ) ) ;
#1867 = LINE ( 'NONE', #854, #926 ) ;
#1868 = ORIENTED_EDGE ( 'NONE', *, *, #1890, .F. ) ;
#1869 = DIRECTION ( 'NONE',  ( -0.000000000000000000, 1.000000000000000000, -3.469446951953614583E-15 ) ) ;
#1870 = DIRECTION ( 'NONE',  ( -0.000000000000000000, -0.000000000000000000, 1.000000000000000000 ) ) ;
#1871 = ORIENTED_EDGE ( 'NONE', *, *, #1787, .T. ) ;
#1872 = ORIENTED_EDGE ( 'NONE', *, *, #133, .T. ) ;
#1873 = EDGE_CURVE ( 'NONE', #74, #1680, #932, .T. ) ;
#1874 = DIRECTION ( 'NONE',  ( 1.000000000000000000, 0.000000000000000000, 0.000000000000000000 ) ) ;
#1875 = ORIENTED_EDGE ( 'NONE', *, *, #493, .F. ) ;
#1876 = AXIS2_PLACEMENT_3D ( 'NONE', #490, #360, #682 ) ;
#1877 = AXIS2_PLACEMENT_3D ( 'NONE', #1748, #889, #1563 ) ;
#1878 = LINE ( 'NONE', #1892, #2098 ) ;
#1879 = PERSON_AND_ORGANIZATION_ROLE ( 'creator' ) ;
#1880 = AXIS2_PLACEMENT_3D ( 'NONE', #509, #164, #1519 ) ;
#1881 = AXIS2_PLACEMENT_3D ( 'NONE', #972, #1309, #792 ) ;
#1882 = AXIS2_PLACEMENT_3D ( 'NONE', #181, #307, #982 ) ;
#1883 = DIRECTION ( 'NONE',  ( 1.000000000000000000, 0.000000000000000000, 0.000000000000000000 ) ) ;
#1884 = CARTESIAN_POINT ( 'NONE',  ( -12.50000000000000000, 5.650635094610959364, 1.734723475976807883E-15 ) ) ;
#1885 = CIRCLE ( 'NONE', #788, 1.699999999999986189 ) ;
#1886 = VECTOR ( 'NONE', #1308, 1000.000000000000000 ) ;
#1887 = ORIENTED_EDGE ( 'NONE', *, *, #206, .T. ) ;
#1888 = CARTESIAN_POINT ( 'NONE',  ( 41.24999999999999289, -40.00000000000000000, -3.000000000000000000 ) ) ;
#1889 = DIRECTION ( 'NONE',  ( 1.000000000000000000, 1.387778780781445429E-16, -0.000000000000000000 ) ) ;
#1890 = EDGE_CURVE ( 'NONE', #470, #2034, #1956, .T. ) ;
#1891 = VERTEX_POINT ( 'NONE', #388 ) ;
#1892 = CARTESIAN_POINT ( 'NONE',  ( 1.530808498934175793E-16, 50.00000000000003553, 7.750000000000001776 ) ) ;
#1893 = DATE_AND_TIME ( #1239, #1632 ) ;
#1894 = CARTESIAN_POINT ( 'NONE',  ( -50.00000000000000000, -47.00000000000000000, 0.9999999999999940048 ) ) ;
#1895 = DIRECTION ( 'NONE',  ( -0.000000000000000000, 1.000000000000000000, -3.469446951953614583E-15 ) ) ;
#1896 = ORIENTED_EDGE ( 'NONE', *, *, #1418, .F. ) ;
#1897 = DIRECTION ( 'NONE',  ( 1.000000000000000000, 0.000000000000000000, 0.000000000000000000 ) ) ;
#1898 = ADVANCED_FACE ( 'NONE', ( #1056 ), #1233, .F. ) ;
#1899 = ORIENTED_EDGE ( 'NONE', *, *, #1514, .T. ) ;
#1900 = EDGE_CURVE ( 'NONE', #1789, #126, #1578, .T. ) ;
#1901 = PLANE ( 'NONE',  #51 ) ;
#1902 = ADVANCED_FACE ( 'NONE', ( #1255 ), #2066, .F. ) ;
#1903 = CARTESIAN_POINT ( 'NONE',  ( 40.00000000000000000, 50.00000000000004974, 10.24999999999997691 ) ) ;
#1904 = DIRECTION ( 'NONE',  ( -0.000000000000000000, -0.000000000000000000, 1.000000000000000000 ) ) ;
#1905 = ORIENTED_EDGE ( 'NONE', *, *, #2092, .F. ) ;
#1906 = DIRECTION ( 'NONE',  ( 0.000000000000000000, -5.551115123125840289E-15, 1.000000000000000000 ) ) ;
#1907 = EDGE_LOOP ( 'NONE', ( #1171, #814 ) ) ;
#1908 = LINE ( 'NONE', #49, #819 ) ;
#1909 = PERSON_AND_ORGANIZATION ( #961, #2093 ) ;
#1910 = DIRECTION ( 'NONE',  ( -0.000000000000000000, -0.000000000000000000, 1.000000000000000000 ) ) ;
#1911 = AXIS2_PLACEMENT_3D ( 'NONE', #910, #404, #902 ) ;
#1912 = CARTESIAN_POINT ( 'NONE',  ( -12.49999999999999289, -37.65063509461097624, 1.734723475976807883E-15 ) ) ;
#1913 = EDGE_CURVE ( 'NONE', #2036, #26, #1207, .T. ) ;
#1914 = VECTOR ( 'NONE', #1791, 1000.000000000000000 ) ;
#1915 = CIRCLE ( 'NONE', #83, 3.149999999999999911 ) ;
#1916 = ORIENTED_EDGE ( 'NONE', *, *, #1719, .F. ) ;
#1917 = DIRECTION ( 'NONE',  ( 1.000000000000000000, 0.000000000000000000, 0.000000000000000000 ) ) ;
#1918 = AXIS2_PLACEMENT_3D ( 'NONE', #1732, #2069, #1917 ) ;
#1919 = ORIENTED_EDGE ( 'NONE', *, *, #207, .T. ) ;
#1920 = ORIENTED_EDGE ( 'NONE', *, *, #1396, .F. ) ;
#1921 = DIRECTION ( 'NONE',  ( 1.000000000000000000, 0.000000000000000000, 0.000000000000000000 ) ) ;
#1922 = COORDINATED_UNIVERSAL_TIME_OFFSET ( 8, 0, .AHEAD. ) ;
#1923 = CARTESIAN_POINT ( 'NONE',  ( -14.19999999999998863, 5.650635094610959364, -1.450000000000006839 ) ) ;
#1924 = EDGE_CURVE ( 'NONE', #1159, #1568, #587, .T. ) ;
#1925 = CARTESIAN_POINT ( 'NONE',  ( -50.00000000000001421, 46.00000000000001421, 0.9999999999999976685 ) ) ;
#1926 = ORIENTED_EDGE ( 'NONE', *, *, #906, .T. ) ;
#1927 = EDGE_CURVE ( 'NONE', #936, #201, #1046, .T. ) ;
#1928 = CYLINDRICAL_SURFACE ( 'NONE', #2170, 1.699999999999987965 ) ;
#1929 = CARTESIAN_POINT ( 'NONE',  ( 12.50000000000000888, -37.65063509461096913, -1.450000000000006839 ) ) ;
#1930 = ORIENTED_EDGE ( 'NONE', *, *, #268, .T. ) ;
#1931 = PLANE ( 'NONE',  #1000 ) ;
#1932 = PRODUCT_DEFINITION_SHAPE ( 'NONE', 'NONE',  #1310 ) ;
#1933 = CARTESIAN_POINT ( 'NONE',  ( 15.65000000000001101, -37.65063509461096913, 1.734723475976807883E-15 ) ) ;
#1934 = DIRECTION ( 'NONE',  ( -0.000000000000000000, 1.000000000000000000, -3.469446951953614583E-15 ) ) ;
#1935 = ORIENTED_EDGE ( 'NONE', *, *, #2092, .T. ) ;
#1936 = CARTESIAN_POINT ( 'NONE',  ( -40.00000000000000000, 47.00000000000004263, 9.000000000000000000 ) ) ;
#1937 = DIRECTION ( 'NONE',  ( -0.000000000000000000, 0.000000000000000000, 1.000000000000000000 ) ) ;
#1938 = EDGE_LOOP ( 'NONE', ( #241, #1405 ) ) ;
#1939 = EDGE_CURVE ( 'NONE', #1789, #1995, #944, .T. ) ;
#1940 = DIRECTION ( 'NONE',  ( -0.000000000000000000, -0.000000000000000000, 1.000000000000000000 ) ) ;
#1941 = ORIENTED_EDGE ( 'NONE', *, *, #520, .F. ) ;
#1942 = DIRECTION ( 'NONE',  ( 1.000000000000000000, 0.000000000000000000, 0.000000000000000000 ) ) ;
#1943 = DIRECTION ( 'NONE',  ( -0.000000000000000000, -0.000000000000000000, -1.000000000000000000 ) ) ;
#1944 = CIRCLE ( 'NONE', #602, 1.249999999999987121 ) ;
#1945 = ORIENTED_EDGE ( 'NONE', *, *, #319, .T. ) ;
#1946 = AXIS2_PLACEMENT_3D ( 'NONE', #237, #412, #1584 ) ;
#1947 = ORIENTED_EDGE ( 'NONE', *, *, #796, .F. ) ;
#1948 = CARTESIAN_POINT ( 'NONE',  ( 38.75000000000000711, 40.00000000000000000, -3.000000000000000000 ) ) ;
#1949 = FACE_OUTER_BOUND ( 'NONE', #4, .T. ) ;
#1950 = AXIS2_PLACEMENT_3D ( 'NONE', #570, #1060, #392 ) ;
#1951 = ORIENTED_EDGE ( 'NONE', *, *, #1776, .T. ) ;
#1952 = VECTOR ( 'NONE', #2118, 1000.000000000000000 ) ;
#1953 = AXIS2_PLACEMENT_3D ( 'NONE', #1270, #1940, #603 ) ;
#1954 = CIRCLE ( 'NONE', #332, 1.249999999999987121 ) ;
#1955 = EDGE_CURVE ( 'NONE', #198, #1840, #1141, .T. ) ;
#1956 = CIRCLE ( 'NONE', #1427, 1.699999999999987965 ) ;
#1957 = EDGE_CURVE ( 'NONE', #1574, #769, #2028, .T. ) ;
#1958 = DIRECTION ( 'NONE',  ( -1.000000000000000000, 0.000000000000000000, 0.000000000000000000 ) ) ;
#1959 = EDGE_LOOP ( 'NONE', ( #916, #2181, #311, #1731 ) ) ;
#1960 = DIRECTION ( 'NONE',  ( 0.000000000000000000, 5.551115123125840289E-15, 1.000000000000000000 ) ) ;
#1961 = DIRECTION ( 'NONE',  ( -0.000000000000000000, 1.000000000000000000, -3.469446951953614583E-15 ) ) ;
#1962 = ORIENTED_EDGE ( 'NONE', *, *, #958, .T. ) ;
#1963 = VERTEX_POINT ( 'NONE', #1464 ) ;
#1964 = FACE_BOUND ( 'NONE', #1579, .T. ) ;
#1965 = DIRECTION ( 'NONE',  ( -1.000000000000000000, 0.000000000000000000, -0.000000000000000000 ) ) ;
#1966 = ORIENTED_EDGE ( 'NONE', *, *, #384, .T. ) ;
#1967 = DIRECTION ( 'NONE',  ( 0.000000000000000000, 0.000000000000000000, 1.000000000000000000 ) ) ;
#1968 = ORIENTED_EDGE ( 'NONE', *, *, #771, .T. ) ;
#1969 = DIRECTION ( 'NONE',  ( -0.000000000000000000, -0.000000000000000000, 1.000000000000000000 ) ) ;
#1970 = DIRECTION ( 'NONE',  ( -0.000000000000000000, -0.000000000000000000, 1.000000000000000000 ) ) ;
#1971 = EDGE_CURVE ( 'NONE', #2132, #502, #253, .T. ) ;
#1972 = ORIENTED_EDGE ( 'NONE', *, *, #1761, .F. ) ;
#1973 = ORIENTED_EDGE ( 'NONE', *, *, #2, .T. ) ;
#1974 = DIRECTION ( 'NONE',  ( -0.000000000000000000, 1.000000000000000000, -3.469446951953614583E-15 ) ) ;
#1975 = CARTESIAN_POINT ( 'NONE',  ( 7.429674235981454113E-15, -16.00000000000000000, -3.000000000000000000 ) ) ;
#1976 = ORIENTED_EDGE ( 'NONE', *, *, #1118, .F. ) ;
#1977 = DIRECTION ( 'NONE',  ( -0.000000000000000000, 1.000000000000000000, 3.491481338843133355E-15 ) ) ;
#1978 = VERTEX_POINT ( 'NONE', #1795 ) ;
#1979 = CARTESIAN_POINT ( 'NONE',  ( -26.69999999999998153, -16.00000000000000711, -3.000000000000002665 ) ) ;
#1980 = CYLINDRICAL_SURFACE ( 'NONE', #2101, 1.249999999999994227 ) ;
#1981 = ORIENTED_EDGE ( 'NONE', *, *, #869, .T. ) ;
#1982 = DIRECTION ( 'NONE',  ( 0.000000000000000000, 0.000000000000000000, 1.000000000000000000 ) ) ;
#1983 = EDGE_CURVE ( 'NONE', #1360, #835, #298, .T. ) ;
#1984 = DIRECTION ( 'NONE',  ( -0.000000000000000000, -0.000000000000000000, 1.000000000000000000 ) ) ;
#1985 = AXIS2_PLACEMENT_3D ( 'NONE', #2016, #228, #1208 ) ;
#1986 = ORIENTED_EDGE ( 'NONE', *, *, #973, .T. ) ;
#1987 = CIRCLE ( 'NONE', #2058, 1.249999999999987121 ) ;
#1988 = AXIS2_PLACEMENT_3D ( 'NONE', #2182, #163, #1015 ) ;
#1989 = AXIS2_PLACEMENT_3D ( 'NONE', #774, #2111, #2104 ) ;
#1990 = DIRECTION ( 'NONE',  ( 1.000000000000000000, 0.000000000000000000, 0.000000000000000000 ) ) ;
#1991 = AXIS2_PLACEMENT_3D ( 'NONE', #1585, #413, #919 ) ;
#1992 = CIRCLE ( 'NONE', #1498, 1.249999999999987121 ) ;
#1993 = DIRECTION ( 'NONE',  ( -0.000000000000000000, 1.000000000000000000, -3.713525943768164663E-15 ) ) ;
#1994 = CARTESIAN_POINT ( 'NONE',  ( 0.000000000000000000, 0.000000000000000000, 0.000000000000000000 ) ) ;
#1995 = VERTEX_POINT ( 'NONE', #1481 ) ;
#1996 = CARTESIAN_POINT ( 'NONE',  ( 0.000000000000000000, 50.00000000000000711, -1.955116147873888697E-13 ) ) ;
#1997 = CARTESIAN_POINT ( 'NONE',  ( -50.00000000000000000, -49.99999999999999289, -1.047444401652940007E-14 ) ) ;
#1998 = EDGE_CURVE ( 'NONE', #1978, #1421, #1714, .T. ) ;
#1999 = ORIENTED_EDGE ( 'NONE', *, *, #2119, .T. ) ;
#2000 = ADVANCED_FACE ( 'NONE', ( #446 ), #609, .F. ) ;
#2001 = DIRECTION ( 'NONE',  ( 1.000000000000000000, 0.000000000000000000, 0.000000000000000000 ) ) ;
#2002 = ORIENTED_EDGE ( 'NONE', *, *, #1873, .F. ) ;
#2003 = DIRECTION ( 'NONE',  ( -0.000000000000000000, -0.000000000000000000, 1.000000000000000000 ) ) ;
#2004 = DIRECTION ( 'NONE',  ( 0.000000000000000000, 0.000000000000000000, 1.000000000000000000 ) ) ;
#2005 = ORIENTED_EDGE ( 'NONE', *, *, #1860, .F. ) ;
#2006 = LINE ( 'NONE', #1164, #2095 ) ;
#2007 = LINE ( 'NONE', #532, #863 ) ;
#2008 = ORIENTED_EDGE ( 'NONE', *, *, #743, .F. ) ;
#2009 = DIRECTION ( 'NONE',  ( 0.000000000000000000, -5.551115123125840289E-15, -1.000000000000000000 ) ) ;
#2010 = FACE_OUTER_BOUND ( 'NONE', #662, .T. ) ;
#2011 = EDGE_CURVE ( 'NONE', #2162, #23, #767, .T. ) ;
#2012 = ORIENTED_EDGE ( 'NONE', *, *, #945, .F. ) ;
#2013 = CARTESIAN_POINT ( 'NONE',  ( 50.00000000000000000, -47.00000000000000000, 0.9999999999999940048 ) ) ;
#2014 = DIRECTION ( 'NONE',  ( 1.000000000000000000, 0.000000000000000000, 0.000000000000000000 ) ) ;
#2015 = ORIENTED_EDGE ( 'NONE', *, *, #757, .F. ) ;
#2016 = CARTESIAN_POINT ( 'NONE',  ( 25.00000000000000711, -16.00000000000000000, -3.000000000000002665 ) ) ;
#2017 = DIRECTION ( 'NONE',  ( 1.000000000000000000, 0.000000000000000000, 0.000000000000000000 ) ) ;
#2018 = VERTEX_POINT ( 'NONE', #1288 ) ;
#2019 = EDGE_LOOP ( 'NONE', ( #391, #129, #1345, #704 ) ) ;
#2020 = CIRCLE ( 'NONE', #683, 3.150000000000001688 ) ;
#2021 = EDGE_CURVE ( 'NONE', #2053, #87, #1885, .T. ) ;
#2022 = FACE_OUTER_BOUND ( 'NONE', #1010, .T. ) ;
#2023 = ORIENTED_EDGE ( 'NONE', *, *, #1957, .T. ) ;
#2024 = AXIS2_PLACEMENT_3D ( 'NONE', #203, #2046, #212 ) ;
#2025 = AXIS2_PLACEMENT_3D ( 'NONE', #1552, #36, #356 ) ;
#2026 = EDGE_CURVE ( 'NONE', #567, #314, #161, .T. ) ;
#2027 = DIRECTION ( 'NONE',  ( 1.000000000000000000, -0.000000000000000000, -0.000000000000000000 ) ) ;
#2028 = CIRCLE ( 'NONE', #403, 4.000000000000000888 ) ;
#2029 = CARTESIAN_POINT ( 'NONE',  ( -14.19999999999998863, 5.650635094610959364, -3.000000000000002665 ) ) ;
#2030 = VERTEX_POINT ( 'NONE', #798 ) ;
#2031 = CYLINDRICAL_SURFACE ( 'NONE', #1462, 1.000000000000000888 ) ;
#2032 = DIRECTION ( 'NONE',  ( -0.000000000000000000, -0.000000000000000000, 1.000000000000000000 ) ) ;
#2033 = ORIENTED_EDGE ( 'NONE', *, *, #586, .T. ) ;
#2034 = VERTEX_POINT ( 'NONE', #640 ) ;
#2035 = LINE ( 'NONE', #722, #2097 ) ;
#2036 = VERTEX_POINT ( 'NONE', #128 ) ;
#2037 = DIRECTION ( 'NONE',  ( -0.000000000000000000, 1.000000000000000000, -3.469446951953614583E-15 ) ) ;
#2038 = CARTESIAN_POINT ( 'NONE',  ( -40.00000000000000000, 40.00000000000000000, 0.000000000000000000 ) ) ;
#2039 = ORIENTED_EDGE ( 'NONE', *, *, #2137, .F. ) ;
#2040 = CARTESIAN_POINT ( 'NONE',  ( 40.00000000000000000, -47.00000000000001421, 9.000000000000325073 ) ) ;
#2041 = DIRECTION ( 'NONE',  ( 0.000000000000000000, 3.700743415417188731E-15, -1.000000000000000000 ) ) ;
#2042 = EDGE_CURVE ( 'NONE', #1479, #1328, #787, .T. ) ;
#2043 = EDGE_CURVE ( 'NONE', #2116, #460, #1473, .T. ) ;
#2044 = EDGE_LOOP ( 'NONE', ( #1875, #1941 ) ) ;
#2045 = ORIENTED_EDGE ( 'NONE', *, *, #361, .T. ) ;
#2046 = DIRECTION ( 'NONE',  ( -0.000000000000000000, -0.000000000000000000, 1.000000000000000000 ) ) ;
#2047 = EDGE_LOOP ( 'NONE', ( #992, #1981, #1826, #414 ) ) ;
#2048 = DIRECTION ( 'NONE',  ( 1.000000000000000000, 0.000000000000000000, 0.000000000000000000 ) ) ;
#2049 = ORIENTED_EDGE ( 'NONE', *, *, #1148, .T. ) ;
#2050 = LINE ( 'NONE', #1721, #1280 ) ;
#2051 = CARTESIAN_POINT ( 'NONE',  ( -40.00000000000000000, -47.00000000000001421, 9.000000000000325073 ) ) ;
#2052 = EDGE_LOOP ( 'NONE', ( #1434, #1156 ) ) ;
#2053 = VERTEX_POINT ( 'NONE', #287 ) ;
#2054 = ADVANCED_FACE ( 'NONE', ( #965 ), #2147, .F. ) ;
#2055 = DIRECTION ( 'NONE',  ( -0.7071067811865483499, 8.659560562354942719E-17, 0.7071067811865466846 ) ) ;
#2056 = CARTESIAN_POINT ( 'NONE',  ( 0.000000000000000000, -49.99999999999999289, -1.955116147873888193E-13 ) ) ;
#2057 = EDGE_LOOP ( 'NONE', ( #1806, #709 ) ) ;
#2058 = AXIS2_PLACEMENT_3D ( 'NONE', #1351, #669, #1658 ) ;
#2059 = AXIS2_PLACEMENT_3D ( 'NONE', #1521, #199, #1500 ) ;
#2060 = FACE_OUTER_BOUND ( 'NONE', #897, .T. ) ;
#2061 = AXIS2_PLACEMENT_3D ( 'NONE', #1684, #833, #656 ) ;
#2062 = CIRCLE ( 'NONE', #194, 1.249999999999987121 ) ;
#2063 = VECTOR ( 'NONE', #791, 1000.000000000000000 ) ;
#2064 = CARTESIAN_POINT ( 'NONE',  ( -24.99999999999999289, -16.00000000000000711, 1.734723475976807883E-15 ) ) ;
#2065 = CARTESIAN_POINT ( 'NONE',  ( 20.00000000000000711, -16.00000000000000000, -10.00000000000000000 ) ) ;
#2066 = CONICAL_SURFACE ( 'NONE', #1807, 3.149999999999999911, 0.7853981633974495002 ) ;
#2067 = AXIS2_PLACEMENT_3D ( 'NONE', #221, #1758, #247 ) ;
#2068 = EDGE_LOOP ( 'NONE', ( #734, #101, #820, #2005 ) ) ;
#2069 = DIRECTION ( 'NONE',  ( -0.000000000000000000, -0.000000000000000000, 1.000000000000000000 ) ) ;
#2070 = ADVANCED_FACE ( 'NONE', ( #1305 ), #1980, .F. ) ;
#2071 = CARTESIAN_POINT ( 'NONE',  ( -14.19999999999998863, 5.650635094610959364, 0.000000000000000000 ) ) ;
#2072 = ORIENTED_EDGE ( 'NONE', *, *, #39, .F. ) ;
#2073 = ADVANCED_FACE ( 'NONE', ( #976 ), #1107, .F. ) ;
#2074 = FACE_BOUND ( 'NONE', #279, .T. ) ;
#2075 = COORDINATED_UNIVERSAL_TIME_OFFSET ( 8, 0, .AHEAD. ) ;
#2076 = FACE_OUTER_BOUND ( 'NONE', #1426, .T. ) ;
#2077 = DIRECTION ( 'NONE',  ( -1.000000000000000000, 0.000000000000000000, 0.000000000000000000 ) ) ;
#2078 = ORIENTED_EDGE ( 'NONE', *, *, #579, .F. ) ;
#2079 = CARTESIAN_POINT ( 'NONE',  ( 23.30000000000002203, -16.00000000000000000, -3.000000000000002665 ) ) ;
#2080 = ORIENTED_EDGE ( 'NONE', *, *, #1482, .F. ) ;
#2081 = EDGE_CURVE ( 'NONE', #1020, #1503, #1765, .T. ) ;
#2082 = FACE_BOUND ( 'NONE', #2125, .T. ) ;
#2083 = APPROVAL_STATUS ( 'not_yet_approved' ) ;
#2084 = DIRECTION ( 'NONE',  ( -0.000000000000000000, -0.000000000000000000, -1.000000000000000000 ) ) ;
#2085 = DIRECTION ( 'NONE',  ( 1.000000000000000000, 0.000000000000000000, 0.000000000000000000 ) ) ;
#2086 = EDGE_LOOP ( 'NONE', ( #1896, #1545, #912, #1338 ) ) ;
#2087 = LINE ( 'NONE', #1888, #933 ) ;
#2088 = ORIENTED_EDGE ( 'NONE', *, *, #337, .F. ) ;
#2089 = ADVANCED_FACE ( 'NONE', ( #1685 ), #146, .F. ) ;
#2090 = FACE_BOUND ( 'NONE', #1907, .T. ) ;
#2091 = PERSON_AND_ORGANIZATION ( #961, #2093 ) ;
#2092 = EDGE_CURVE ( 'NONE', #782, #1626, #538, .T. ) ;
#2093 = ORGANIZATION ( '未', '未', '' ) ;
#2094 = DIRECTION ( 'NONE',  ( -0.000000000000000000, -0.000000000000000000, 1.000000000000000000 ) ) ;
#2095 = VECTOR ( 'NONE', #1833, 1000.000000000000000 ) ;
#2096 = DIRECTION ( 'NONE',  ( 1.000000000000000000, 0.000000000000000000, 0.000000000000000000 ) ) ;
#2097 = VECTOR ( 'NONE', #1219, 1000.000000000000000 ) ;
#2098 = VECTOR ( 'NONE', #1409, 1000.000000000000000 ) ;
#2099 = ORIENTED_EDGE ( 'NONE', *, *, #1955, .T. ) ;
#2100 = DIRECTION ( 'NONE',  ( -1.000000000000000000, 0.000000000000000000, 0.000000000000000000 ) ) ;
#2101 = AXIS2_PLACEMENT_3D ( 'NONE', #2113, #1943, #462 ) ;
#2102 = AXIS2_PLACEMENT_3D ( 'NONE', #1346, #1213, #1524 ) ;
#2103 = VERTEX_POINT ( 'NONE', #519 ) ;
#2104 = DIRECTION ( 'NONE',  ( 0.000000000000000000, 5.551115123125840289E-15, 1.000000000000000000 ) ) ;
#2105 = CARTESIAN_POINT ( 'NONE',  ( -50.00000000000001421, 50.00000000000006395, 14.99999999999998934 ) ) ;
#2106 = DIRECTION ( 'NONE',  ( -0.000000000000000000, -0.000000000000000000, 1.000000000000000000 ) ) ;
#2107 = EDGE_LOOP ( 'NONE', ( #1947, #1322, #580, #2153 ) ) ;
#2108 = CARTESIAN_POINT ( 'NONE',  ( -50.00000000000000000, -46.00000000000000000, 0.9999999999999976685 ) ) ;
#2109 = ADVANCED_FACE ( 'NONE', ( #310 ), #2183, .F. ) ;
#2110 = CARTESIAN_POINT ( 'NONE',  ( 49.99999999999998579, 50.00000000000001421, 0.9999999999999829026 ) ) ;
#2111 = DIRECTION ( 'NONE',  ( -0.000000000000000000, 1.000000000000000000, -3.469446951953614583E-15 ) ) ;
#2112 = LINE ( 'NONE', #1794, #195 ) ;
#2113 = CARTESIAN_POINT ( 'NONE',  ( 40.00000000000000000, -40.00000000000000000, -3.000000000000000000 ) ) ;
#2114 = ORIENTED_EDGE ( 'NONE', *, *, #1258, .T. ) ;
#2115 = EDGE_CURVE ( 'NONE', #1594, #1111, #1987, .T. ) ;
#2116 = VERTEX_POINT ( 'NONE', #657 ) ;
#2117 = FACE_BOUND ( 'NONE', #1586, .T. ) ;
#2118 = DIRECTION ( 'NONE',  ( -0.000000000000000000, -0.000000000000000000, 1.000000000000000000 ) ) ;
#2119 = EDGE_CURVE ( 'NONE', #259, #840, #367, .T. ) ;
#2120 = ORIENTED_EDGE ( 'NONE', *, *, #631, .F. ) ;
#2121 = CARTESIAN_POINT ( 'NONE',  ( 12.50000000000001421, 5.650635094610969134, 1.734723475976807883E-15 ) ) ;
#2122 = CONICAL_SURFACE ( 'NONE', #750, 3.149999999999999911, 0.7853981633974495002 ) ;
#2123 = CARTESIAN_POINT ( 'NONE',  ( 40.00000000000000000, -50.00000000000011369, 9.000000000000335731 ) ) ;
#2124 = DIRECTION ( 'NONE',  ( 0.7071067811865483499, 0.000000000000000000, 0.7071067811865466846 ) ) ;
#2125 = EDGE_LOOP ( 'NONE', ( #1905, #1792 ) ) ;
#2126 = PRODUCT_DEFINITION_FORMATION_WITH_SPECIFIED_SOURCE ( '�', '', #1531, .NOT_KNOWN. ) ;
#2127 = CIRCLE ( 'NONE', #1108, 1.000000000000000666 ) ;
#2128 = ORIENTED_EDGE ( 'NONE', *, *, #408, .T. ) ;
#2129 = CARTESIAN_POINT ( 'NONE',  ( -40.00000000000000000, 40.00000000000000000, -3.000000000000001332 ) ) ;
#2130 = DIRECTION ( 'NONE',  ( -0.000000000000000000, 1.000000000000000000, -3.469446951953614583E-15 ) ) ;
#2131 = VECTOR ( 'NONE', #908, 1000.000000000000000 ) ;
#2132 = VERTEX_POINT ( 'NONE', #2029 ) ;
#2133 = CIRCLE ( 'NONE', #225, 1.249999999999987121 ) ;
#2134 = VECTOR ( 'NONE', #506, 1000.000000000000000 ) ;
#2135 = CIRCLE ( 'NONE', #789, 1.249999999999987121 ) ;
#2136 = DIRECTION ( 'NONE',  ( -0.000000000000000000, -0.000000000000000000, 1.000000000000000000 ) ) ;
#2137 = EDGE_CURVE ( 'NONE', #140, #1261, #1867, .T. ) ;
#2138 = LINE ( 'NONE', #1764, #784 ) ;
#2139 = DIRECTION ( 'NONE',  ( 1.000000000000000000, 0.000000000000000000, 0.000000000000000000 ) ) ;
#2140 = ORIENTED_EDGE ( 'NONE', *, *, #133, .F. ) ;
#2141 = VERTEX_POINT ( 'NONE', #321 ) ;
#2142 = FACE_BOUND ( 'NONE', #588, .T. ) ;
#2143 = DIRECTION ( 'NONE',  ( 1.000000000000000000, 0.000000000000000000, 0.000000000000000000 ) ) ;
#2144 = CARTESIAN_POINT ( 'NONE',  ( 12.50000000000000888, -37.65063509461096913, 0.000000000000000000 ) ) ;
#2145 = EDGE_CURVE ( 'NONE', #98, #32, #605, .T. ) ;
#2146 = FACE_OUTER_BOUND ( 'NONE', #712, .T. ) ;
#2147 = CYLINDRICAL_SURFACE ( 'NONE', #688, 1.699999999999986189 ) ;
#2148 = ORIENTED_EDGE ( 'NONE', *, *, #371, .F. ) ;
#2149 = CARTESIAN_POINT ( 'NONE',  ( 0.000000000000000000, 47.00000000000004263, 9.000000000000000000 ) ) ;
#2150 = DIRECTION ( 'NONE',  ( -0.7071067811865487940, 8.659560562354948882E-17, 0.7071067811865463515 ) ) ;
#2151 = ORIENTED_EDGE ( 'NONE', *, *, #1349, .T. ) ;
#2152 = LINE ( 'NONE', #1097, #1831 ) ;
#2153 = ORIENTED_EDGE ( 'NONE', *, *, #824, .T. ) ;
#2154 = EDGE_CURVE ( 'NONE', #492, #848, #1856, .T. ) ;
#2155 = LINE ( 'NONE', #1480, #1423 ) ;
#2156 = DIRECTION ( 'NONE',  ( 1.000000000000000000, 0.000000000000000000, 0.000000000000000000 ) ) ;
#2157 = ADVANCED_FACE ( 'NONE', ( #816 ), #1830, .F. ) ;
#2158 = ORIENTED_EDGE ( 'NONE', *, *, #601, .F. ) ;
#2159 = CARTESIAN_POINT ( 'NONE',  ( -50.00000000000000000, -50.00000000000000000, 0.9999999999999829026 ) ) ;
#2160 = CARTESIAN_POINT ( 'NONE',  ( 10.80000000000002203, -37.65063509461096913, -1.450000000000006839 ) ) ;
#2161 = CIRCLE ( 'NONE', #290, 3.150000000000001688 ) ;
#2162 = VERTEX_POINT ( 'NONE', #1819 ) ;
#2163 = CC_DESIGN_APPROVAL ( #1610, ( #2126 ) ) ;
#2164 = VECTOR ( 'NONE', #1855, 1000.000000000000000 ) ;
#2165 = AXIS2_PLACEMENT_3D ( 'NONE', #1799, #109, #1454 ) ;
#2166 = AXIS2_PLACEMENT_3D ( 'NONE', #1102, #1763, #754 ) ;
#2167 = DIRECTION ( 'NONE',  ( -0.000000000000000000, 1.000000000000000000, 3.700743415417188731E-15 ) ) ;
#2168 = ORIENTED_EDGE ( 'NONE', *, *, #1656, .T. ) ;
#2169 = AXIS2_PLACEMENT_3D ( 'NONE', #1884, #379, #1834 ) ;
#2170 = AXIS2_PLACEMENT_3D ( 'NONE', #1587, #1087, #396 ) ;
#2171 = CARTESIAN_POINT ( 'NONE',  ( 10.80000000000002203, -37.65063509461096913, -3.000000000000002665 ) ) ;
#2172 =( NAMED_UNIT ( * ) SI_UNIT ( $, .STERADIAN. ) SOLID_ANGLE_UNIT ( ) );
#2173 = ORIENTED_EDGE ( 'NONE', *, *, #2115, .F. ) ;
#2174 = LINE ( 'NONE', #512, #1674 ) ;
#2175 = DIRECTION ( 'NONE',  ( 0.000000000000000000, 1.000000000000000000, -3.491481338843133355E-15 ) ) ;
#2176 = ORIENTED_EDGE ( 'NONE', *, *, #1656, .F. ) ;
#2177 = ADVANCED_FACE ( 'NONE', ( #694 ), #347, .F. ) ;
#2178 = APPROVAL ( #554, '未' ) ;
#2179 = DIRECTION ( 'NONE',  ( -1.000000000000000000, -1.387778780781445429E-16, 0.000000000000000000 ) ) ;
#2180 = DIRECTION ( 'NONE',  ( -1.000000000000000000, 0.000000000000000000, 0.000000000000000000 ) ) ;
#2181 = ORIENTED_EDGE ( 'NONE', *, *, #1735, .T. ) ;
#2182 = CARTESIAN_POINT ( 'NONE',  ( -40.00000000000000000, 40.00000000000000000, 0.000000000000000000 ) ) ;
#2183 = CYLINDRICAL_SURFACE ( 'NONE', #1837, 1.249999999999987121 ) ;
#2184 = ORIENTED_EDGE ( 'NONE', *, *, #1621, .T. ) ;
#2185 = CARTESIAN_POINT ( 'NONE',  ( 0.000000000000000000, 50.00000000000004263, 8.999999999999989342 ) ) ;
#2186 = DIRECTION ( 'NONE',  ( 0.7071067811865483499, 0.000000000000000000, 0.7071067811865466846 ) ) ;
#2187 = ORIENTED_EDGE ( 'NONE', *, *, #429, .T. ) ;
ENDSEC;
END-ISO-10303-21;
