ISO-10303-21;
HEADER;
FILE_DESCRIPTION (( 'STEP AP203' ),
    '1' );
FILE_NAME ('part_waike_2.STEP',
    '2026-06-30T14:50:54',
    ( '' ),
    ( '' ),
    'SwSTEP 2.0',
    'SolidWorks 2025',
    '' );
FILE_SCHEMA (( 'CONFIG_CONTROL_DESIGN' ));
ENDSEC;

DATA;
#1 = CIRCLE ( 'NONE', #2095, 1.699999999999979305 ) ;
#2 = EDGE_CURVE ( 'NONE', #1223, #3283, #1451, .T. ) ;
#3 = EDGE_CURVE ( 'NONE', #1354, #319, #4289, .T. ) ;
#4 = AXIS2_PLACEMENT_3D ( 'NONE', #3805, #708, #4571 ) ;
#5 = ADVANCED_FACE ( 'NONE', ( #320 ), #3393, .F. ) ;
#6 = LINE ( 'NONE', #2688, #3022 ) ;
#7 = AXIS2_PLACEMENT_3D ( 'NONE', #1904, #3062, #2710 ) ;
#8 = CARTESIAN_POINT ( 'NONE',  ( -29.99999999999997158, 925.0000000000004547, 3.300000000000466560 ) ) ;
#9 = ORIENTED_EDGE ( 'NONE', *, *, #441, .F. ) ;
#10 = ORIENTED_EDGE ( 'NONE', *, *, #2573, .T. ) ;
#11 = AXIS2_PLACEMENT_3D ( 'NONE', #4928, #2092, #183 ) ;
#12 = VECTOR ( 'NONE', #267, 1000.000000000000000 ) ;
#13 = AXIS2_PLACEMENT_3D ( 'NONE', #618, #4041, #4476 ) ;
#14 = FACE_OUTER_BOUND ( 'NONE', #4714, .T. ) ;
#15 = PLANE ( 'NONE',  #275 ) ;
#16 = CYLINDRICAL_SURFACE ( 'NONE', #3683, 1.699999999999979305 ) ;
#17 = LINE ( 'NONE', #1600, #3948 ) ;
#18 = AXIS2_PLACEMENT_3D ( 'NONE', #4886, #1418, #2961 ) ;
#19 = ORIENTED_EDGE ( 'NONE', *, *, #968, .F. ) ;
#20 = ORIENTED_EDGE ( 'NONE', *, *, #598, .F. ) ;
#21 = AXIS2_PLACEMENT_3D ( 'NONE', #4627, #2707, #1921 ) ;
#22 = DIRECTION ( 'NONE',  ( 5.551115123125777969E-15, 0.000000000000000000, -1.000000000000000000 ) ) ;
#23 = CYLINDRICAL_SURFACE ( 'NONE', #3734, 1.699999999999937561 ) ;
#24 = ORIENTED_EDGE ( 'NONE', *, *, #1666, .T. ) ;
#25 = CONICAL_SURFACE ( 'NONE', #3166, 3.149999999999999911, 0.7853981633974507215 ) ;
#26 = DIRECTION ( 'NONE',  ( 0.000000000000000000, 0.000000000000000000, -1.000000000000000000 ) ) ;
#27 = VECTOR ( 'NONE', #417, 1000.000000000000000 ) ;
#28 = FACE_OUTER_BOUND ( 'NONE', #1686, .T. ) ;
#29 = ORIENTED_EDGE ( 'NONE', *, *, #1802, .F. ) ;
#30 = AXIS2_PLACEMENT_3D ( 'NONE', #3493, #1907, #3044 ) ;
#31 = CYLINDRICAL_SURFACE ( 'NONE', #2531, 5.000000000000004441 ) ;
#32 = COORDINATED_UNIVERSAL_TIME_OFFSET ( 8, 0, .AHEAD. ) ;
#33 = EDGE_LOOP ( 'NONE', ( #2863, #2259, #2246, #2900 ) ) ;
#34 = VERTEX_POINT ( 'NONE', #1425 ) ;
#35 = EDGE_CURVE ( 'NONE', #1780, #388, #1044, .T. ) ;
#36 = ADVANCED_FACE ( 'NONE', ( #1319 ), #4090, .F. ) ;
#37 = LINE ( 'NONE', #1506, #1873 ) ;
#38 = DIRECTION ( 'NONE',  ( 1.000000000000000000, 7.586974551799862254E-31, 6.908350915278662121E-15 ) ) ;
#39 = DIRECTION ( 'NONE',  ( 1.000000000000000000, 7.586974551799862254E-31, 6.908350915278662121E-15 ) ) ;
#40 = DIRECTION ( 'NONE',  ( 0.000000000000000000, 1.000000000000000000, 0.000000000000000000 ) ) ;
#41 = ORIENTED_EDGE ( 'NONE', *, *, #3341, .F. ) ;
#42 = EDGE_LOOP ( 'NONE', ( #4255, #1200, #3104, #2063 ) ) ;
#43 = CARTESIAN_POINT ( 'NONE',  ( -29.99999999999998934, 921.0000000000001137, 90.00000000000038369 ) ) ;
#44 = DIRECTION ( 'NONE',  ( 0.000000000000000000, 1.000000000000000000, -1.110223024625156787E-16 ) ) ;
#45 = ORIENTED_EDGE ( 'NONE', *, *, #4808, .F. ) ;
#46 = FACE_BOUND ( 'NONE', #2612, .T. ) ;
#47 = LINE ( 'NONE', #72, #668 ) ;
#48 = DIRECTION ( 'NONE',  ( -1.000000000000000000, -0.000000000000000000, 7.461176240760461390E-17 ) ) ;
#49 = CIRCLE ( 'NONE', #4005, 1.699999999999979305 ) ;
#50 = VECTOR ( 'NONE', #1414, 1000.000000000000000 ) ;
#51 = AXIS2_PLACEMENT_3D ( 'NONE', #3595, #83, #2369 ) ;
#52 = CARTESIAN_POINT ( 'NONE',  ( 119.9999999999995879, 300.0000000000000000, 57.15000000000082281 ) ) ;
#53 = DATE_AND_TIME ( #2811, #2328 ) ;
#54 = ORIENTED_EDGE ( 'NONE', *, *, #1126, .T. ) ;
#55 = ORIENTED_EDGE ( 'NONE', *, *, #4864, .T. ) ;
#56 = AXIS2_PLACEMENT_3D ( 'NONE', #4816, #3292, #2132 ) ;
#57 = CARTESIAN_POINT ( 'NONE',  ( -115.9999999999999858, 30.00000000000000000, 61.30000000000003268 ) ) ;
#58 = CARTESIAN_POINT ( 'NONE',  ( 114.9999999999991189, 420.0000000000000568, 125.0000000000007816 ) ) ;
#59 = FACE_OUTER_BOUND ( 'NONE', #2739, .T. ) ;
#60 = CARTESIAN_POINT ( 'NONE',  ( -86.00000000000000000, 0.000000000000000000, -3.999999999999986233 ) ) ;
#61 = EDGE_CURVE ( 'NONE', #1285, #1617, #3282, .T. ) ;
#62 = EDGE_CURVE ( 'NONE', #2005, #998, #2837, .T. ) ;
#63 = ORIENTED_EDGE ( 'NONE', *, *, #2935, .F. ) ;
#64 = EDGE_LOOP ( 'NONE', ( #434, #2127, #4819, #2207 ) ) ;
#65 = EDGE_CURVE ( 'NONE', #2372, #3435, #3153, .T. ) ;
#66 = DIRECTION ( 'NONE',  ( 8.163404592832132968E-15, 0.000000000000000000, -1.000000000000000000 ) ) ;
#67 = CYLINDRICAL_SURFACE ( 'NONE', #593, 1.699999999999986189 ) ;
#68 = CARTESIAN_POINT ( 'NONE',  ( 119.9999999999987210, 50.00000000000000000, 184.7000000000008129 ) ) ;
#69 = EDGE_CURVE ( 'NONE', #2114, #4843, #259, .T. ) ;
#70 = ORIENTED_EDGE ( 'NONE', *, *, #4333, .F. ) ;
#71 = CARTESIAN_POINT ( 'NONE',  ( 118.5499999999996135, 300.0000000000000000, 54.00000000000083134 ) ) ;
#72 = CARTESIAN_POINT ( 'NONE',  ( 70.15000000000003411, 30.00000000000000000, -3.999999999999516831 ) ) ;
#73 = DIRECTION ( 'NONE',  ( -6.833739152871057532E-15, -2.592370252323553063E-45, 1.000000000000000000 ) ) ;
#74 = FACE_BOUND ( 'NONE', #1130, .T. ) ;
#75 = CALENDAR_DATE ( 2026, 30, 6 ) ;
#76 = CONICAL_SURFACE ( 'NONE', #4196, 3.149999999999986144, 0.7853981633974482790 ) ;
#77 = ORIENTED_EDGE ( 'NONE', *, *, #1397, .T. ) ;
#78 = ORIENTED_EDGE ( 'NONE', *, *, #2350, .T. ) ;
#79 = ADVANCED_FACE ( 'NONE', ( #590 ), #2905, .T. ) ;
#80 = VECTOR ( 'NONE', #231, 1000.000000000000000 ) ;
#81 = DIRECTION ( 'NONE',  ( 6.938893903907231533E-15, 0.000000000000000000, -1.000000000000000000 ) ) ;
#82 = CARTESIAN_POINT ( 'NONE',  ( 119.9999999999987068, 50.00000000000000000, 186.1500000000008015 ) ) ;
#83 = DIRECTION ( 'NONE',  ( 1.000000000000000000, 7.586974551799862254E-31, 6.908350915278662121E-15 ) ) ;
#84 = DIRECTION ( 'NONE',  ( 1.275978431064007367E-29, -1.000000000000000000, -3.524517538492560546E-15 ) ) ;
#85 = ORIENTED_EDGE ( 'NONE', *, *, #445, .T. ) ;
#86 = ORIENTED_EDGE ( 'NONE', *, *, #1125, .T. ) ;
#87 = CIRCLE ( 'NONE', #4858, 1.699999999999986189 ) ;
#88 = AXIS2_PLACEMENT_3D ( 'NONE', #4780, #965, #2091 ) ;
#89 = CONICAL_SURFACE ( 'NONE', #833, 3.149999999999999911, 0.7853981633974435050 ) ;
#90 = DIRECTION ( 'NONE',  ( -1.000000000000000000, -0.000000000000000000, 7.461176240760461390E-17 ) ) ;
#91 = CIRCLE ( 'NONE', #754, 3.149999999999999911 ) ;
#92 = FACE_OUTER_BOUND ( 'NONE', #1762, .T. ) ;
#93 = VECTOR ( 'NONE', #3418, 1000.000000000000000 ) ;
#94 = FACE_OUTER_BOUND ( 'NONE', #4848, .T. ) ;
#95 = ORIENTED_EDGE ( 'NONE', *, *, #4425, .F. ) ;
#96 = EDGE_CURVE ( 'NONE', #3430, #3946, #3803, .T. ) ;
#97 = AXIS2_PLACEMENT_3D ( 'NONE', #4066, #666, #1043 ) ;
#98 = EDGE_CURVE ( 'NONE', #3504, #585, #4445, .T. ) ;
#99 = EDGE_CURVE ( 'NONE', #894, #3515, #3962, .T. ) ;
#100 = DIRECTION ( 'NONE',  ( 6.912149369510391338E-15, 2.651859884147926787E-45, -1.000000000000000000 ) ) ;
#101 = DIRECTION ( 'NONE',  ( -2.484433095295732247E-29, 1.000000000000000000, 3.524517538492560546E-15 ) ) ;
#102 = CIRCLE ( 'NONE', #3164, 3.149999999999999911 ) ;
#103 = DIRECTION ( 'NONE',  ( -6.833739152871057532E-15, -2.592370252323553063E-45, 1.000000000000000000 ) ) ;
#104 = ORIENTED_EDGE ( 'NONE', *, *, #3711, .F. ) ;
#105 = AXIS2_PLACEMENT_3D ( 'NONE', #1962, #3031, #1111 ) ;
#106 = DIRECTION ( 'NONE',  ( -1.000000000000000000, 0.000000000000000000, 0.000000000000000000 ) ) ;
#107 = CONICAL_SURFACE ( 'NONE', #30, 3.149999999999999911, 0.7853981633974435050 ) ;
#108 = ORIENTED_EDGE ( 'NONE', *, *, #200, .F. ) ;
#109 = ORIENTED_EDGE ( 'NONE', *, *, #2168, .F. ) ;
#110 = CIRCLE ( 'NONE', #2943, 3.150000000000000799 ) ;
#111 = DIRECTION ( 'NONE',  ( 0.000000000000000000, 0.000000000000000000, 1.000000000000000000 ) ) ;
#112 = VECTOR ( 'NONE', #3351, 1000.000000000000000 ) ;
#113 = CARTESIAN_POINT ( 'NONE',  ( 29.99999999999995737, 925.0000000000004547, 1.850000000000607159 ) ) ;
#114 = DIRECTION ( 'NONE',  ( 0.000000000000000000, 0.000000000000000000, 1.000000000000000000 ) ) ;
#115 = CARTESIAN_POINT ( 'NONE',  ( -119.9999999999999858, 300.0000000000000000, 183.0000000000000000 ) ) ;
#116 = EDGE_LOOP ( 'NONE', ( #4576, #2820 ) ) ;
#117 = ORIENTED_EDGE ( 'NONE', *, *, #1573, .F. ) ;
#118 = DIRECTION ( 'NONE',  ( -7.586974551799862254E-31, 1.000000000000000000, -2.592370252323553063E-45 ) ) ;
#119 = CARTESIAN_POINT ( 'NONE',  ( 114.9999999999991189, 920.0000000000000000, 125.0000000000007816 ) ) ;
#120 = ADVANCED_FACE ( 'NONE', ( #2475 ), #4423, .F. ) ;
#121 = CARTESIAN_POINT ( 'NONE',  ( 86.00000000000000000, 920.0000000000000000, 5.911710140988645683E-13 ) ) ;
#122 = ORIENTED_EDGE ( 'NONE', *, *, #2927, .F. ) ;
#123 = EDGE_LOOP ( 'NONE', ( #326, #4446, #3875, #3702 ) ) ;
#124 = DIRECTION ( 'NONE',  ( 6.122553444624250004E-15, 0.000000000000000000, -1.000000000000000000 ) ) ;
#125 = CARTESIAN_POINT ( 'NONE',  ( -119.9999999999999858, 50.00000000000000000, 179.8500000000000227 ) ) ;
#126 = FACE_OUTER_BOUND ( 'NONE', #3508, .T. ) ;
#127 = EDGE_CURVE ( 'NONE', #2106, #4657, #182, .T. ) ;
#128 = EDGE_CURVE ( 'NONE', #2146, #2033, #1767, .T. ) ;
#129 = AXIS2_PLACEMENT_3D ( 'NONE', #438, #1662, #1290 ) ;
#130 = FACE_OUTER_BOUND ( 'NONE', #3798, .T. ) ;
#131 = APPROVAL_ROLE ( '' ) ;
#132 = EDGE_CURVE ( 'NONE', #302, #2599, #3483, .T. ) ;
#133 = ORIENTED_EDGE ( 'NONE', *, *, #2632, .T. ) ;
#134 = ORIENTED_EDGE ( 'NONE', *, *, #291, .F. ) ;
#135 = VECTOR ( 'NONE', #1865, 1000.000000000000000 ) ;
#136 = CARTESIAN_POINT ( 'NONE',  ( 29.99999999999935341, 925.0000000000001137, 93.15000000000058833 ) ) ;
#137 = DIRECTION ( 'NONE',  ( -8.163404592832132968E-15, 0.000000000000000000, 1.000000000000000000 ) ) ;
#138 = FACE_OUTER_BOUND ( 'NONE', #1781, .T. ) ;
#139 = DIRECTION ( 'NONE',  ( -1.000000000000000000, -0.000000000000000000, 7.461176240760461390E-17 ) ) ;
#140 = ORGANIZATION ( '未', '未', '' ) ;
#141 = ORIENTED_EDGE ( 'NONE', *, *, #127, .T. ) ;
#142 = ORIENTED_EDGE ( 'NONE', *, *, #1125, .F. ) ;
#143 = DIRECTION ( 'NONE',  ( 0.000000000000000000, 0.000000000000000000, -1.000000000000000000 ) ) ;
#144 = EDGE_CURVE ( 'NONE', #4101, #2657, #4777, .T. ) ;
#145 = FACE_OUTER_BOUND ( 'NONE', #3918, .T. ) ;
#146 = DIRECTION ( 'NONE',  ( 0.000000000000000000, 0.000000000000000000, -1.000000000000000000 ) ) ;
#147 = ORIENTED_EDGE ( 'NONE', *, *, #4639, .F. ) ;
#148 = EDGE_LOOP ( 'NONE', ( #971, #1943, #1601, #822 ) ) ;
#149 = CARTESIAN_POINT ( 'NONE',  ( -68.69999999999997442, 30.00000000000000000, 2.735382582252074641E-15 ) ) ;
#150 = FACE_OUTER_BOUND ( 'NONE', #2502, .T. ) ;
#151 = DIRECTION ( 'NONE',  ( -3.589083053745118507E-15, 1.110223024625156787E-16, 1.000000000000000000 ) ) ;
#152 = DIRECTION ( 'NONE',  ( 0.000000000000000000, 0.000000000000000000, -1.000000000000000000 ) ) ;
#153 = VERTEX_POINT ( 'NONE', #642 ) ;
#154 = EDGE_CURVE ( 'NONE', #454, #1997, #538, .T. ) ;
#155 = FACE_BOUND ( 'NONE', #377, .T. ) ;
#156 = VERTEX_POINT ( 'NONE', #1684 ) ;
#157 = ADVANCED_FACE ( 'NONE', ( #3229 ), #2501, .F. ) ;
#158 = ORIENTED_EDGE ( 'NONE', *, *, #1871, .F. ) ;
#159 = EDGE_CURVE ( 'NONE', #583, #3446, #1944, .T. ) ;
#160 = ADVANCED_FACE ( 'NONE', ( #4936 ), #4449, .F. ) ;
#161 = CARTESIAN_POINT ( 'NONE',  ( -120.0000000000000000, 0.000000000000000000, 30.00000000000001066 ) ) ;
#162 = DIRECTION ( 'NONE',  ( -6.608470384673549446E-15, 0.000000000000000000, 1.000000000000000000 ) ) ;
#163 = CARTESIAN_POINT ( 'NONE',  ( 118.5499999999987466, 30.00000000000000000, 181.3000000000008356 ) ) ;
#164 = DIRECTION ( 'NONE',  ( 7.586974551799862254E-31, -1.000000000000000000, 2.592370252323553063E-45 ) ) ;
#165 = EDGE_CURVE ( 'NONE', #3467, #637, #2918, .T. ) ;
#166 = ORIENTED_EDGE ( 'NONE', *, *, #4397, .T. ) ;
#167 = VERTEX_POINT ( 'NONE', #2965 ) ;
#168 = AXIS2_PLACEMENT_3D ( 'NONE', #3575, #3248, #2823 ) ;
#169 = CARTESIAN_POINT ( 'NONE',  ( -115.9999999999999574, 418.0000000000001705, 127.9999999999998295 ) ) ;
#170 = CARTESIAN_POINT ( 'NONE',  ( 116.0000000000011795, 717.9999999999988631, -171.9999999999994031 ) ) ;
#171 = AXIS2_PLACEMENT_3D ( 'NONE', #1685, #3759, #3230 ) ;
#172 = CARTESIAN_POINT ( 'NONE',  ( 28.29999999999911964, 495.5000000000000568, 130.0000000000007105 ) ) ;
#173 = VECTOR ( 'NONE', #3499, 1000.000000000000000 ) ;
#174 = ORIENTED_EDGE ( 'NONE', *, *, #2632, .F. ) ;
#175 = VECTOR ( 'NONE', #3018, 1000.000000000000000 ) ;
#176 = EDGE_CURVE ( 'NONE', #3446, #3150, #4119, .T. ) ;
#177 = ORIENTED_EDGE ( 'NONE', *, *, #4520, .F. ) ;
#178 = AXIS2_PLACEMENT_3D ( 'NONE', #3346, #4483, #1751 ) ;
#179 = VECTOR ( 'NONE', #3862, 1000.000000000000000 ) ;
#180 = FACE_OUTER_BOUND ( 'NONE', #2976, .T. ) ;
#181 = DIRECTION ( 'NONE',  ( 0.000000000000000000, -0.000000000000000000, -1.000000000000000000 ) ) ;
#182 = LINE ( 'NONE', #4502, #669 ) ;
#183 = DIRECTION ( 'NONE',  ( -8.811293846231439230E-15, 0.000000000000000000, 1.000000000000000000 ) ) ;
#184 = ORIENTED_EDGE ( 'NONE', *, *, #4894, .F. ) ;
#185 = VECTOR ( 'NONE', #2232, 1000.000000000000000 ) ;
#186 = CIRCLE ( 'NONE', #4055, 5.000000000000004441 ) ;
#187 = DIRECTION ( 'NONE',  ( 0.7071067811865506814, -8.659560562354899578E-17, -0.7071067811865443531 ) ) ;
#188 = ORIENTED_EDGE ( 'NONE', *, *, #3756, .T. ) ;
#189 = ORIENTED_EDGE ( 'NONE', *, *, #3890, .T. ) ;
#190 = VECTOR ( 'NONE', #709, 1000.000000000000000 ) ;
#191 = CARTESIAN_POINT ( 'NONE',  ( -120.0000000000000000, 30.00000000000000000, 64.69999999999998863 ) ) ;
#192 = VECTOR ( 'NONE', #396, 1000.000000000000000 ) ;
#193 = DIRECTION ( 'NONE',  ( 1.000000000000000000, 7.586974551799862254E-31, 6.908350915278662121E-15 ) ) ;
#194 = CARTESIAN_POINT ( 'NONE',  ( -119.9999999999999858, 353.3309524416879981, 146.0000000000000284 ) ) ;
#195 = CARTESIAN_POINT ( 'NONE',  ( -86.00000000000000000, 0.000000000000000000, 30.00000000000000355 ) ) ;
#196 = EDGE_LOOP ( 'NONE', ( #3746, #1326, #2776, #108 ) ) ;
#197 = EDGE_CURVE ( 'NONE', #4592, #1744, #4504, .T. ) ;
#198 = EDGE_LOOP ( 'NONE', ( #3876, #2678, #2357, #29 ) ) ;
#199 = EDGE_CURVE ( 'NONE', #153, #1701, #3001, .T. ) ;
#200 = EDGE_CURVE ( 'NONE', #3753, #1922, #1421, .T. ) ;
#201 = FACE_OUTER_BOUND ( 'NONE', #4280, .T. ) ;
#202 = DIRECTION ( 'NONE',  ( 1.000000000000000000, -2.282530828566521730E-30, 4.295505750037807968E-15 ) ) ;
#203 = DIRECTION ( 'NONE',  ( -1.208454664231724740E-29, 1.000000000000000000, 3.524517538492560546E-15 ) ) ;
#204 = ORIENTED_EDGE ( 'NONE', *, *, #4113, .T. ) ;
#205 = ORIENTED_EDGE ( 'NONE', *, *, #4795, .T. ) ;
#206 = DIRECTION ( 'NONE',  ( 6.908350915278662121E-15, 2.648978006588696432E-45, -1.000000000000000000 ) ) ;
#207 = DIRECTION ( 'NONE',  ( 1.000000000000000000, 0.000000000000000000, -0.000000000000000000 ) ) ;
#208 = DIRECTION ( 'NONE',  ( 1.000000000000000000, 0.000000000000000000, -7.461176240760461390E-17 ) ) ;
#209 = ORIENTED_EDGE ( 'NONE', *, *, #3644, .T. ) ;
#210 = DIRECTION ( 'NONE',  ( -6.833739152871057532E-15, -2.592370252323553063E-45, 1.000000000000000000 ) ) ;
#211 = ORIENTED_EDGE ( 'NONE', *, *, #3238, .F. ) ;
#212 = EDGE_LOOP ( 'NONE', ( #2082, #1957, #4266, #117 ) ) ;
#213 = DIRECTION ( 'NONE',  ( 1.000000000000000000, 0.000000000000000000, 6.883823317368282021E-15 ) ) ;
#214 = CARTESIAN_POINT ( 'NONE',  ( 99.99999999999913314, 576.0000000000001137, 126.0000000000007816 ) ) ;
#215 = DIRECTION ( 'NONE',  ( 1.000000000000000000, 0.000000000000000000, 5.551115123125777969E-15 ) ) ;
#216 = CARTESIAN_POINT ( 'NONE',  ( -67.00000000000000000, 30.00000000000000000, -3.999999999999996447 ) ) ;
#217 = EDGE_LOOP ( 'NONE', ( #1887, #2076, #4684, #3194 ) ) ;
#218 = VECTOR ( 'NONE', #2548, 1000.000000000000000 ) ;
#219 = ORIENTED_EDGE ( 'NONE', *, *, #1065, .T. ) ;
#220 = VECTOR ( 'NONE', #3807, 1000.000000000000000 ) ;
#221 = DIRECTION ( 'NONE',  ( -8.811293846231401365E-15, 0.000000000000000000, 1.000000000000000000 ) ) ;
#222 = ADVANCED_FACE ( 'NONE', ( #2579 ), #4859, .F. ) ;
#223 = AXIS2_PLACEMENT_3D ( 'NONE', #4408, #4790, #1329 ) ;
#224 = EDGE_CURVE ( 'NONE', #957, #1701, #4069, .T. ) ;
#225 = CARTESIAN_POINT ( 'NONE',  ( -119.9999999999999858, 30.00000000000002842, 119.8500000000000085 ) ) ;
#226 = DIRECTION ( 'NONE',  ( -8.163404592832132968E-15, 0.000000000000000000, 1.000000000000000000 ) ) ;
#227 = VERTEX_POINT ( 'NONE', #2175 ) ;
#228 = VERTEX_POINT ( 'NONE', #2633 ) ;
#229 = EDGE_CURVE ( 'NONE', #4843, #1940, #2556, .T. ) ;
#230 = CIRCLE ( 'NONE', #1268, 4.999999999999976907 ) ;
#231 = DIRECTION ( 'NONE',  ( -1.000000000000000000, -0.000000000000000000, 7.461176240760461390E-17 ) ) ;
#232 = EDGE_CURVE ( 'NONE', #2693, #3489, #671, .T. ) ;
#233 = DIRECTION ( 'NONE',  ( 0.000000000000000000, 0.000000000000000000, 1.000000000000000000 ) ) ;
#234 = CARTESIAN_POINT ( 'NONE',  ( -119.9999999999999858, 920.0000000000000000, 123.0000000000000284 ) ) ;
#235 = ORIENTED_EDGE ( 'NONE', *, *, #3546, .F. ) ;
#236 = CARTESIAN_POINT ( 'NONE',  ( -29.99999999999998934, 925.0000000000001137, 90.00000000000039790 ) ) ;
#237 = DIRECTION ( 'NONE',  ( -1.000000000000000000, -7.586974551799862254E-31, -6.833739152871057532E-15 ) ) ;
#238 = ORIENTED_EDGE ( 'NONE', *, *, #3340, .F. ) ;
#239 = ORIENTED_EDGE ( 'NONE', *, *, #3920, .T. ) ;
#240 = DIRECTION ( 'NONE',  ( -1.000000000000000000, -0.000000000000000000, 7.461176240760461390E-17 ) ) ;
#241 = CARTESIAN_POINT ( 'NONE',  ( 115.9999999999991047, 418.0000000000001705, 123.0000000000008100 ) ) ;
#242 = CARTESIAN_POINT ( 'NONE',  ( -118.5499999999999829, 30.00000000000000000, 63.00000000000001421 ) ) ;
#243 = DIRECTION ( 'NONE',  ( -1.000000000000000000, 0.000000000000000000, 2.775557561562965820E-14 ) ) ;
#244 = ORIENTED_EDGE ( 'NONE', *, *, #4522, .T. ) ;
#245 = ORIENTED_EDGE ( 'NONE', *, *, #4415, .T. ) ;
#246 = LINE ( 'NONE', #4820, #2271 ) ;
#247 = PLANE ( 'NONE',  #4631 ) ;
#248 = CARTESIAN_POINT ( 'NONE',  ( -115.9999999999999858, 30.00000000000002842, 123.0000000000000142 ) ) ;
#249 = ORIENTED_EDGE ( 'NONE', *, *, #359, .T. ) ;
#250 = ORIENTED_EDGE ( 'NONE', *, *, #3374, .F. ) ;
#251 = AXIS2_PLACEMENT_3D ( 'NONE', #2270, #4650, #1188 ) ;
#252 = DIRECTION ( 'NONE',  ( -8.163404592832132968E-15, 0.000000000000000000, 1.000000000000000000 ) ) ;
#253 = CARTESIAN_POINT ( 'NONE',  ( -86.00000000000000000, 920.0000000000000000, -3.999999999999986233 ) ) ;
#254 = CARTESIAN_POINT ( 'NONE',  ( 115.9999999999985079, 8.800890480087783112E-29, 216.0000000000007958 ) ) ;
#255 = EDGE_LOOP ( 'NONE', ( #747, #4690, #398, #4983 ) ) ;
#256 = EDGE_CURVE ( 'NONE', #1940, #4657, #4171, .T. ) ;
#257 = VECTOR ( 'NONE', #3139, 1000.000000000000000 ) ;
#258 = ADVANCED_FACE ( 'NONE', ( #4912, #1448, #1850, #2532, #995, #2988, #3789, #4530 ), #2225, .F. ) ;
#259 = CIRCLE ( 'NONE', #13, 5.000000000000004441 ) ;
#260 = DIRECTION ( 'NONE',  ( -1.000000000000000000, 1.321694076934704239E-16, 0.000000000000000000 ) ) ;
#261 = AXIS2_PLACEMENT_3D ( 'NONE', #4678, #348, #3111 ) ;
#262 = CARTESIAN_POINT ( 'NONE',  ( 119.9999999999996163, 300.0000000000000000, 54.00000000000083844 ) ) ;
#263 = CIRCLE ( 'NONE', #988, 3.149999999999999911 ) ;
#264 = ORIENTED_EDGE ( 'NONE', *, *, #2815, .T. ) ;
#265 = VERTEX_POINT ( 'NONE', #2940 ) ;
#266 = AXIS2_PLACEMENT_3D ( 'NONE', #1588, #321, #1854 ) ;
#267 = DIRECTION ( 'NONE',  ( -0.7071067811865483499, 8.659560562354942719E-17, 0.7071067811865466846 ) ) ;
#268 = DIRECTION ( 'NONE',  ( -8.811293846231439230E-15, 0.000000000000000000, 1.000000000000000000 ) ) ;
#269 = DIRECTION ( 'NONE',  ( -0.000000000000000000, -1.000000000000000000, -0.000000000000000000 ) ) ;
#270 = EDGE_CURVE ( 'NONE', #3981, #3323, #1073, .T. ) ;
#271 = CARTESIAN_POINT ( 'NONE',  ( -114.9999999999999716, 420.0000000000001705, 125.0000000000000000 ) ) ;
#272 = VECTOR ( 'NONE', #2112, 1000.000000000000000 ) ;
#273 = ORIENTED_EDGE ( 'NONE', *, *, #3437, .T. ) ;
#274 = ORIENTED_EDGE ( 'NONE', *, *, #4553, .T. ) ;
#275 = AXIS2_PLACEMENT_3D ( 'NONE', #380, #425, #1556 ) ;
#276 = FACE_OUTER_BOUND ( 'NONE', #1415, .T. ) ;
#277 = LINE ( 'NONE', #225, #190 ) ;
#278 = LINE ( 'NONE', #4519, #3196 ) ;
#279 = DIRECTION ( 'NONE',  ( 0.000000000000000000, 0.000000000000000000, -1.000000000000000000 ) ) ;
#280 = EDGE_CURVE ( 'NONE', #1345, #1393, #3765, .T. ) ;
#281 = ORIENTED_EDGE ( 'NONE', *, *, #796, .T. ) ;
#282 = EDGE_LOOP ( 'NONE', ( #1028, #384, #468, #1086 ) ) ;
#283 = AXIS2_PLACEMENT_3D ( 'NONE', #1025, #2562, #2488 ) ;
#284 = EDGE_CURVE ( 'NONE', #2599, #302, #2196, .T. ) ;
#285 = CARTESIAN_POINT ( 'NONE',  ( -29.99999999999997158, 921.0000000000004547, 5.000000000000389022 ) ) ;
#286 = CARTESIAN_POINT ( 'NONE',  ( -115.9999999999999858, 300.0000000000000000, 54.00000000000002132 ) ) ;
#287 = AXIS2_PLACEMENT_3D ( 'NONE', #3944, #2030, #3571 ) ;
#288 = ORIENTED_EDGE ( 'NONE', *, *, #4960, .T. ) ;
#289 = DIRECTION ( 'NONE',  ( 1.000000000000000000, -0.000000000000000000, 3.589083053745118507E-15 ) ) ;
#290 = ADVANCED_FACE ( 'NONE', ( #2911, #4478, #644, #1498, #46, #3509, #2304 ), #3885, .T. ) ;
#291 = EDGE_CURVE ( 'NONE', #3614, #2574, #779, .T. ) ;
#292 = EDGE_CURVE ( 'NONE', #743, #1360, #1587, .T. ) ;
#293 = LINE ( 'NONE', #2176, #1009 ) ;
#294 = PRODUCT ( 'part_waike_2', 'part_waike_2', '', ( #3563 ) ) ;
#295 = ORIENTED_EDGE ( 'NONE', *, *, #4050, .F. ) ;
#296 = CARTESIAN_POINT ( 'NONE',  ( -115.9999999999999858, 30.00000000000000000, 63.00000000000001421 ) ) ;
#297 = FACE_OUTER_BOUND ( 'NONE', #123, .T. ) ;
#298 = ADVANCED_FACE ( 'NONE', ( #3910 ), #460, .F. ) ;
#299 = CYLINDRICAL_SURFACE ( 'NONE', #3574, 1.699999999999979305 ) ;
#300 = DIRECTION ( 'NONE',  ( 0.000000000000000000, -1.000000000000000000, 1.110223024625156787E-16 ) ) ;
#301 = LINE ( 'NONE', #735, #3970 ) ;
#302 = VERTEX_POINT ( 'NONE', #1992 ) ;
#303 = EDGE_LOOP ( 'NONE', ( #3077, #3344, #1255, #1175 ) ) ;
#304 = CARTESIAN_POINT ( 'NONE',  ( 29.99999999999923617, 923.5500000000000682, 110.0000000000006111 ) ) ;
#305 = CARTESIAN_POINT ( 'NONE',  ( 115.9999999999985079, 920.0000000000000000, 216.0000000000007958 ) ) ;
#306 = CARTESIAN_POINT ( 'NONE',  ( 118.5499999999987324, 50.00000000000000000, 183.0000000000007958 ) ) ;
#307 = DIRECTION ( 'NONE',  ( 1.000000000000000000, 7.586974551799862254E-31, 6.912149369510391338E-15 ) ) ;
#308 = ORIENTED_EDGE ( 'NONE', *, *, #2456, .T. ) ;
#309 = EDGE_LOOP ( 'NONE', ( #4557, #565, #2287, #4956 ) ) ;
#310 = AXIS2_PLACEMENT_3D ( 'NONE', #2055, #1576, #2390 ) ;
#311 = DIRECTION ( 'NONE',  ( -1.000000000000000000, -0.000000000000000000, 7.461176240760461390E-17 ) ) ;
#312 = DIRECTION ( 'NONE',  ( 0.000000000000000000, 0.000000000000000000, -1.000000000000000000 ) ) ;
#313 = EDGE_LOOP ( 'NONE', ( #4867, #1504, #3055, #238 ) ) ;
#314 = EDGE_CURVE ( 'NONE', #335, #2555, #2434, .T. ) ;
#315 = AXIS2_PLACEMENT_3D ( 'NONE', #4383, #4336, #3943 ) ;
#316 = DIRECTION ( 'NONE',  ( 0.000000000000000000, 0.000000000000000000, 1.000000000000000000 ) ) ;
#317 = CONICAL_SURFACE ( 'NONE', #1517, 3.149999999999999911, 0.7853981633974507215 ) ;
#318 = DIRECTION ( 'NONE',  ( 7.586974551799862254E-31, -1.000000000000000000, 2.592370252323553063E-45 ) ) ;
#319 = VERTEX_POINT ( 'NONE', #2709 ) ;
#320 = FACE_OUTER_BOUND ( 'NONE', #1986, .T. ) ;
#321 = DIRECTION ( 'NONE',  ( -1.000000000000000000, -0.000000000000000000, 7.461176240760461390E-17 ) ) ;
#322 = DIRECTION ( 'NONE',  ( 0.000000000000000000, 3.524517538492560546E-15, -1.000000000000000000 ) ) ;
#323 = EDGE_CURVE ( 'NONE', #4057, #899, #1144, .T. ) ;
#324 = CARTESIAN_POINT ( 'NONE',  ( -119.9999999999999858, 30.00000000000002842, 121.3000000000000398 ) ) ;
#325 = CARTESIAN_POINT ( 'NONE',  ( -119.9999999999999858, 30.00000000000000000, 186.1499999999999773 ) ) ;
#326 = ORIENTED_EDGE ( 'NONE', *, *, #4397, .F. ) ;
#327 = ORIENTED_EDGE ( 'NONE', *, *, #1067, .F. ) ;
#328 = EDGE_CURVE ( 'NONE', #4331, #2319, #263, .T. ) ;
#329 = EDGE_CURVE ( 'NONE', #4929, #2258, #3131, .T. ) ;
#330 = FACE_OUTER_BOUND ( 'NONE', #2735, .T. ) ;
#331 = DIRECTION ( 'NONE',  ( -1.000000000000000000, 0.000000000000000000, -8.811293846231401365E-15 ) ) ;
#332 = DIRECTION ( 'NONE',  ( -6.833739152871057532E-15, -2.592370252323553063E-45, 1.000000000000000000 ) ) ;
#333 = DIRECTION ( 'NONE',  ( -0.000000000000000000, -0.000000000000000000, -1.000000000000000000 ) ) ;
#334 = VERTEX_POINT ( 'NONE', #4677 ) ;
#335 = VERTEX_POINT ( 'NONE', #435 ) ;
#336 = DIRECTION ( 'NONE',  ( 6.833739152871057532E-15, 2.592370252323553063E-45, -1.000000000000000000 ) ) ;
#337 = FACE_OUTER_BOUND ( 'NONE', #4314, .T. ) ;
#338 = ORIENTED_EDGE ( 'NONE', *, *, #3289, .F. ) ;
#339 = ADVANCED_FACE ( 'NONE', ( #1903 ), #76, .F. ) ;
#340 = ADVANCED_BREP_SHAPE_REPRESENTATION ( 'part_waike_2', ( #3934, #1034 ), #4742 ) ;
#341 = AXIS2_PLACEMENT_3D ( 'NONE', #2801, #118, #3146 ) ;
#342 = DIRECTION ( 'NONE',  ( -7.461176240760461390E-17, 0.000000000000000000, -1.000000000000000000 ) ) ;
#343 = LINE ( 'NONE', #1075, #1861 ) ;
#344 = AXIS2_PLACEMENT_3D ( 'NONE', #3984, #842, #3528 ) ;
#345 = VERTEX_POINT ( 'NONE', #2658 ) ;
#346 = CIRCLE ( 'NONE', #908, 1.699999999999936007 ) ;
#347 = AXIS2_PLACEMENT_3D ( 'NONE', #1340, #3226, #2472 ) ;
#348 = DIRECTION ( 'NONE',  ( 1.000000000000000000, 7.586974551799862254E-31, 6.908350915278662121E-15 ) ) ;
#349 = LINE ( 'NONE', #52, #3657 ) ;
#350 = LINE ( 'NONE', #3045, #1120 ) ;
#351 = DIRECTION ( 'NONE',  ( 6.833739152871057532E-15, 2.592370252323553063E-45, -1.000000000000000000 ) ) ;
#352 = VERTEX_POINT ( 'NONE', #2331 ) ;
#353 = ORIENTED_EDGE ( 'NONE', *, *, #4267, .T. ) ;
#354 = AXIS2_PLACEMENT_3D ( 'NONE', #1391, #4501, #233 ) ;
#355 = CC_DESIGN_PERSON_AND_ORGANIZATION_ASSIGNMENT ( #1956, #2738, ( #4665 ) ) ;
#356 = DIRECTION ( 'NONE',  ( -1.000000000000000000, -0.000000000000000000, 7.461176240760461390E-17 ) ) ;
#357 = CARTESIAN_POINT ( 'NONE',  ( -119.9999999999999858, 30.00000000000002842, 124.6999999999999886 ) ) ;
#358 = DIRECTION ( 'NONE',  ( -8.163404592832132968E-15, 0.000000000000000000, 1.000000000000000000 ) ) ;
#359 = EDGE_CURVE ( 'NONE', #4837, #227, #4850, .T. ) ;
#360 = DIRECTION ( 'NONE',  ( -1.221426678459396918E-29, 1.000000000000000000, 3.613946018757868503E-15 ) ) ;
#361 = EDGE_CURVE ( 'NONE', #4507, #977, #587, .T. ) ;
#362 = ORIENTED_EDGE ( 'NONE', *, *, #2487, .T. ) ;
#363 = ORIENTED_EDGE ( 'NONE', *, *, #2394, .F. ) ;
#364 = CONICAL_SURFACE ( 'NONE', #1561, 3.149999999999999911, 0.7853981633974495002 ) ;
#365 = DIRECTION ( 'NONE',  ( 0.000000000000000000, 1.000000000000000000, 0.000000000000000000 ) ) ;
#366 = CARTESIAN_POINT ( 'NONE',  ( -65.30000000000003979, 30.00000000000000000, 2.468787845678346642E-15 ) ) ;
#367 = VECTOR ( 'NONE', #2789, 1000.000000000000000 ) ;
#368 = ORIENTED_EDGE ( 'NONE', *, *, #2537, .T. ) ;
#369 = VECTOR ( 'NONE', #2360, 1000.000000000000000 ) ;
#370 = FACE_BOUND ( 'NONE', #3193, .T. ) ;
#371 = CIRCLE ( 'NONE', #2299, 3.149999999999999911 ) ;
#372 = CARTESIAN_POINT ( 'NONE',  ( 29.99999999999921485, 925.0000000000001137, 113.1500000000006025 ) ) ;
#373 = ORIENTED_EDGE ( 'NONE', *, *, #2637, .F. ) ;
#374 = CARTESIAN_POINT ( 'NONE',  ( 119.9999999999987352, 300.0000000000000000, 183.0000000000008242 ) ) ;
#375 = CARTESIAN_POINT ( 'NONE',  ( 114.9999999999991189, 920.0000000000000000, 126.0000000000009948 ) ) ;
#376 = CARTESIAN_POINT ( 'NONE',  ( 119.9999999999996163, 300.0000000000000000, 54.00000000000083844 ) ) ;
#377 = EDGE_LOOP ( 'NONE', ( #2274, #2722 ) ) ;
#378 = ORIENTED_EDGE ( 'NONE', *, *, #3186, .F. ) ;
#379 = PLANE ( 'NONE',  #4 ) ;
#380 = CARTESIAN_POINT ( 'NONE',  ( 86.00000000000000000, 6.524798114547882344E-29, 5.911710140988645683E-13 ) ) ;
#381 = DIRECTION ( 'NONE',  ( 1.000000000000000000, 7.586974551799862254E-31, 6.908350915278662121E-15 ) ) ;
#382 = FACE_BOUND ( 'NONE', #948, .T. ) ;
#383 = ORIENTED_EDGE ( 'NONE', *, *, #3246, .T. ) ;
#384 = ORIENTED_EDGE ( 'NONE', *, *, #4647, .T. ) ;
#385 = EDGE_CURVE ( 'NONE', #702, #3162, #1877, .T. ) ;
#386 = FACE_OUTER_BOUND ( 'NONE', #4424, .T. ) ;
#387 = CARTESIAN_POINT ( 'NONE',  ( 114.9999999999990905, 1.443289932012713284E-14, 130.0000000000008527 ) ) ;
#388 = VERTEX_POINT ( 'NONE', #4193 ) ;
#389 = EDGE_CURVE ( 'NONE', #2998, #518, #3637, .T. ) ;
#390 = CONICAL_SURFACE ( 'NONE', #2318, 3.149999999999986144, 0.7853981633974507215 ) ;
#391 = EDGE_CURVE ( 'NONE', #4057, #4417, #3532, .T. ) ;
#392 = ADVANCED_FACE ( 'NONE', ( #1519, #370, #3444, #3060 ), #4603, .T. ) ;
#393 = DIRECTION ( 'NONE',  ( 1.275978431064007367E-29, -1.000000000000000000, -3.524517538492560546E-15 ) ) ;
#394 = CARTESIAN_POINT ( 'NONE',  ( 115.9999999999996305, 300.0000000000000000, 52.30000000000082849 ) ) ;
#395 = ORIENTED_EDGE ( 'NONE', *, *, #165, .T. ) ;
#396 = DIRECTION ( 'NONE',  ( -1.000000000000000000, 0.000000000000000000, -3.589083053745118507E-15 ) ) ;
#397 = DIRECTION ( 'NONE',  ( -0.7071067811865532349, -5.364801154267473929E-31, 0.7071067811865417996 ) ) ;
#398 = ORIENTED_EDGE ( 'NONE', *, *, #2815, .F. ) ;
#399 = ORIENTED_EDGE ( 'NONE', *, *, #635, .T. ) ;
#400 = FACE_OUTER_BOUND ( 'NONE', #1416, .T. ) ;
#401 = DIRECTION ( 'NONE',  ( -7.586974551799862254E-31, 1.000000000000000000, -2.592370252323553063E-45 ) ) ;
#402 = CARTESIAN_POINT ( 'NONE',  ( 115.9999999999996163, 300.0000000000000000, 54.00000000000081002 ) ) ;
#403 = DIRECTION ( 'NONE',  ( 1.000000000000000000, 7.586974551799862254E-31, 6.908350915278662121E-15 ) ) ;
#404 = VERTEX_POINT ( 'NONE', #3991 ) ;
#405 = ORIENTED_EDGE ( 'NONE', *, *, #98, .F. ) ;
#406 = DIRECTION ( 'NONE',  ( 0.000000000000000000, 0.000000000000000000, 1.000000000000000000 ) ) ;
#407 = FACE_OUTER_BOUND ( 'NONE', #4570, .T. ) ;
#408 = ORIENTED_EDGE ( 'NONE', *, *, #3040, .F. ) ;
#409 = CC_DESIGN_PERSON_AND_ORGANIZATION_ASSIGNMENT ( #3867, #4350, ( #294 ) ) ;
#410 = DIRECTION ( 'NONE',  ( 0.000000000000000000, 3.524517538492560546E-15, -1.000000000000000000 ) ) ;
#411 = CARTESIAN_POINT ( 'NONE',  ( -120.0000000000000000, 30.00000000000000000, 63.00000000000001421 ) ) ;
#412 = EDGE_CURVE ( 'NONE', #3386, #526, #3154, .T. ) ;
#413 = EDGE_CURVE ( 'NONE', #4964, #1739, #2518, .T. ) ;
#414 = ORIENTED_EDGE ( 'NONE', *, *, #2100, .F. ) ;
#415 = AXIS2_PLACEMENT_3D ( 'NONE', #1493, #336, #3835 ) ;
#416 = AXIS2_PLACEMENT_3D ( 'NONE', #169, #1706, #4693 ) ;
#417 = DIRECTION ( 'NONE',  ( -1.000000000000000000, 0.000000000000000000, 6.123233995736766036E-17 ) ) ;
#418 =( NAMED_UNIT ( * ) SI_UNIT ( $, .STERADIAN. ) SOLID_ANGLE_UNIT ( ) );
#419 = ORIENTED_EDGE ( 'NONE', *, *, #1585, .T. ) ;
#420 = EDGE_LOOP ( 'NONE', ( #395, #274, #4405, #4955 ) ) ;
#421 = EDGE_CURVE ( 'NONE', #1469, #1999, #2013, .T. ) ;
#422 = AXIS2_PLACEMENT_3D ( 'NONE', #461, #3023, #1242 ) ;
#423 = AXIS2_PLACEMENT_3D ( 'NONE', #535, #482, #2044 ) ;
#424 = DIRECTION ( 'NONE',  ( -0.000000000000000000, 1.000000000000000000, 3.524517538492560546E-15 ) ) ;
#425 = DIRECTION ( 'NONE',  ( 7.586974551799862254E-31, -1.000000000000000000, 2.592370252323553063E-45 ) ) ;
#426 = CARTESIAN_POINT ( 'NONE',  ( -48.00000000000000000, 920.0000000000000000, 4.898587196589417759E-16 ) ) ;
#427 = FACE_BOUND ( 'NONE', #533, .T. ) ;
#428 = CIRCLE ( 'NONE', #1707, 3.149999999999986144 ) ;
#429 = ORIENTED_EDGE ( 'NONE', *, *, #3546, .T. ) ;
#430 = ORIENTED_EDGE ( 'NONE', *, *, #3491, .T. ) ;
#431 = DIRECTION ( 'NONE',  ( 1.275978431064007367E-29, -1.000000000000000000, -3.524517538492560546E-15 ) ) ;
#432 = EDGE_CURVE ( 'NONE', #1659, #4964, #1609, .T. ) ;
#433 = LINE ( 'NONE', #3838, #920 ) ;
#434 = ORIENTED_EDGE ( 'NONE', *, *, #1899, .T. ) ;
#435 = CARTESIAN_POINT ( 'NONE',  ( -94.99999999999998579, 880.0000000000000000, 126.0000000000000568 ) ) ;
#436 = VECTOR ( 'NONE', #3396, 1000.000000000000000 ) ;
#437 = DIRECTION ( 'NONE',  ( -0.000000000000000000, 1.000000000000000000, 3.524517538492560546E-15 ) ) ;
#438 = CARTESIAN_POINT ( 'NONE',  ( 119.9999999999987352, 300.0000000000000000, 183.0000000000008242 ) ) ;
#439 = VECTOR ( 'NONE', #2482, 1000.000000000000000 ) ;
#440 = VECTOR ( 'NONE', #4764, 1000.000000000000000 ) ;
#441 = EDGE_CURVE ( 'NONE', #4720, #839, #3555, .T. ) ;
#442 = DIRECTION ( 'NONE',  ( 6.833739152871057532E-15, 2.592370252323553063E-45, -1.000000000000000000 ) ) ;
#443 = CALENDAR_DATE ( 2026, 30, 6 ) ;
#444 = ORIENTED_EDGE ( 'NONE', *, *, #1763, .F. ) ;
#445 = EDGE_CURVE ( 'NONE', #3446, #583, #3234, .T. ) ;
#446 = ORIENTED_EDGE ( 'NONE', *, *, #769, .T. ) ;
#447 = EDGE_CURVE ( 'NONE', #1094, #1811, #3085, .T. ) ;
#448 = CARTESIAN_POINT ( 'NONE',  ( 26.84999999999909903, 495.5000000000000568, 130.0000000000006821 ) ) ;
#449 = EDGE_CURVE ( 'NONE', #4394, #454, #4455, .T. ) ;
#450 = CARTESIAN_POINT ( 'NONE',  ( 114.9999999999991189, 921.0000000000000000, 126.0000000000007248 ) ) ;
#451 = FACE_OUTER_BOUND ( 'NONE', #1647, .T. ) ;
#452 = CARTESIAN_POINT ( 'NONE',  ( 115.9999999999990905, 418.0000000000001705, 128.0000000000006537 ) ) ;
#453 = EDGE_LOOP ( 'NONE', ( #2051, #4757, #2458, #3038 ) ) ;
#454 = VERTEX_POINT ( 'NONE', #3201 ) ;
#455 = CARTESIAN_POINT ( 'NONE',  ( -115.9999999999999716, 353.3309524416879981, 144.3000000000000398 ) ) ;
#456 = EDGE_CURVE ( 'NONE', #1774, #3974, #1240, .T. ) ;
#457 = DIRECTION ( 'NONE',  ( -7.586974551799862254E-31, 1.000000000000000000, -2.592370252323553063E-45 ) ) ;
#458 = DIRECTION ( 'NONE',  ( 0.000000000000000000, 1.000000000000000000, -1.110223024625156787E-16 ) ) ;
#459 = ORIENTED_EDGE ( 'NONE', *, *, #1545, .F. ) ;
#460 = CYLINDRICAL_SURFACE ( 'NONE', #1374, 5.000000000000004441 ) ;
#461 = CARTESIAN_POINT ( 'NONE',  ( 119.9999999999985363, 327.9289321881350361, 211.0000000000008242 ) ) ;
#462 = DIRECTION ( 'NONE',  ( 8.163404592832132968E-15, 0.000000000000000000, -1.000000000000000000 ) ) ;
#463 = ORIENTED_EDGE ( 'NONE', *, *, #1398, .T. ) ;
#464 = VECTOR ( 'NONE', #3075, 1000.000000000000000 ) ;
#465 = FACE_BOUND ( 'NONE', #3649, .T. ) ;
#466 = DATE_TIME_ROLE ( 'creation_date' ) ;
#467 = ORIENTED_EDGE ( 'NONE', *, *, #3919, .F. ) ;
#468 = ORIENTED_EDGE ( 'NONE', *, *, #1737, .F. ) ;
#469 = VECTOR ( 'NONE', #2235, 1000.000000000000000 ) ;
#470 = LINE ( 'NONE', #2365, #257 ) ;
#471 = LINE ( 'NONE', #82, #517 ) ;
#472 = CARTESIAN_POINT ( 'NONE',  ( -29.99999999999998934, 925.0000000000001137, 90.00000000000039790 ) ) ;
#473 = CARTESIAN_POINT ( 'NONE',  ( 28.29999999999912674, 495.5000000000000568, 128.5500000000006935 ) ) ;
#474 = ORIENTED_EDGE ( 'NONE', *, *, #3587, .T. ) ;
#475 = EDGE_CURVE ( 'NONE', #2597, #1206, #3559, .T. ) ;
#476 = ORIENTED_EDGE ( 'NONE', *, *, #224, .F. ) ;
#477 = EDGE_CURVE ( 'NONE', #153, #3331, #4750, .T. ) ;
#478 = DIRECTION ( 'NONE',  ( 0.000000000000000000, 0.000000000000000000, 1.000000000000000000 ) ) ;
#479 = DIRECTION ( 'NONE',  ( 6.938893903907228378E-15, 3.700743415417188731E-15, -1.000000000000000000 ) ) ;
#480 = DIRECTION ( 'NONE',  ( 1.000000000000000000, 7.586974551799862254E-31, 6.908350915278662121E-15 ) ) ;
#481 = VERTEX_POINT ( 'NONE', #561 ) ;
#482 = DIRECTION ( 'NONE',  ( 7.586974551799862254E-31, -1.000000000000000000, 2.592370252323553063E-45 ) ) ;
#483 = CARTESIAN_POINT ( 'NONE',  ( -29.99999999999997158, 925.0000000000004547, 5.000000000000402345 ) ) ;
#484 = ADVANCED_FACE ( 'NONE', ( #180 ), #4726, .T. ) ;
#485 = CYLINDRICAL_SURFACE ( 'NONE', #1826, 1.699999999999979305 ) ;
#486 = EDGE_LOOP ( 'NONE', ( #2052, #3998, #4132, #4012 ) ) ;
#487 = LINE ( 'NONE', #1644, #1171 ) ;
#488 = APPROVAL_STATUS ( 'not_yet_approved' ) ;
#489 = VECTOR ( 'NONE', #870, 1000.000000000000114 ) ;
#490 = EDGE_LOOP ( 'NONE', ( #189, #4410, #4880, #1124 ) ) ;
#491 = ORIENTED_EDGE ( 'NONE', *, *, #994, .T. ) ;
#492 = AXIS2_PLACEMENT_3D ( 'NONE', #4932, #2960, #1467 ) ;
#493 = DIRECTION ( 'NONE',  ( -8.811293846231439230E-15, 0.000000000000000000, 1.000000000000000000 ) ) ;
#494 = DIRECTION ( 'NONE',  ( 4.918778901478775015E-15, 0.7071067811865348052, -0.7071067811865602293 ) ) ;
#495 = CARTESIAN_POINT ( 'NONE',  ( -29.99999999999998934, 923.5500000000000682, 110.0000000000003979 ) ) ;
#496 = DIRECTION ( 'NONE',  ( -8.811293846231439230E-15, 0.000000000000000000, 1.000000000000000000 ) ) ;
#497 = VERTEX_POINT ( 'NONE', #2089 ) ;
#498 = ORIENTED_EDGE ( 'NONE', *, *, #2203, .T. ) ;
#499 = CIRCLE ( 'NONE', #3316, 3.149999999999986144 ) ;
#500 = DIRECTION ( 'NONE',  ( -1.000000000000000000, -0.000000000000000000, 7.461176240760461390E-17 ) ) ;
#501 = EDGE_CURVE ( 'NONE', #931, #2924, #1548, .T. ) ;
#502 = VECTOR ( 'NONE', #4788, 1000.000000000000000 ) ;
#503 = EDGE_CURVE ( 'NONE', #4592, #4351, #4015, .T. ) ;
#504 = LINE ( 'NONE', #3576, #1800 ) ;
#505 = VECTOR ( 'NONE', #918, 1000.000000000000000 ) ;
#506 = DIRECTION ( 'NONE',  ( 0.000000000000000000, 1.110223024625156787E-16, 1.000000000000000000 ) ) ;
#507 = ORIENTED_EDGE ( 'NONE', *, *, #1429, .T. ) ;
#508 = ORIENTED_EDGE ( 'NONE', *, *, #3837, .T. ) ;
#509 = AXIS2_PLACEMENT_3D ( 'NONE', #1353, #680, #2212 ) ;
#510 = CARTESIAN_POINT ( 'NONE',  ( 67.00000000000000000, 30.00000000000000000, 4.604626084563260937E-13 ) ) ;
#511 = EDGE_CURVE ( 'NONE', #3639, #4907, #2684, .T. ) ;
#512 = FACE_OUTER_BOUND ( 'NONE', #4385, .T. ) ;
#513 = AXIS2_PLACEMENT_3D ( 'NONE', #4265, #457, #1988 ) ;
#514 = DIRECTION ( 'NONE',  ( 1.000000000000000000, 7.586974551799862254E-31, 6.908350915278662121E-15 ) ) ;
#515 = LINE ( 'NONE', #3134, #369 ) ;
#516 = SECURITY_CLASSIFICATION_LEVEL ( 'unclassified' ) ;
#517 = VECTOR ( 'NONE', #1453, 1000.000000000000000 ) ;
#518 = VERTEX_POINT ( 'NONE', #2421 ) ;
#519 = VERTEX_POINT ( 'NONE', #149 ) ;
#520 = VECTOR ( 'NONE', #3636, 1000.000000000000000 ) ;
#521 = FACE_OUTER_BOUND ( 'NONE', #545, .T. ) ;
#522 = CARTESIAN_POINT ( 'NONE',  ( -67.00000000000000000, 30.00000000000000000, 2.602085213965210642E-15 ) ) ;
#523 = DIRECTION ( 'NONE',  ( -2.484433095295732247E-29, 1.000000000000000000, 3.524517538492560546E-15 ) ) ;
#524 = CARTESIAN_POINT ( 'NONE',  ( -86.00000000000000000, 0.000000000000000000, 30.00000000000000355 ) ) ;
#525 = EDGE_LOOP ( 'NONE', ( #596, #2700, #1859, #2142 ) ) ;
#526 = VERTEX_POINT ( 'NONE', #1682 ) ;
#527 = VECTOR ( 'NONE', #4724, 1000.000000000000000 ) ;
#528 = CYLINDRICAL_SURFACE ( 'NONE', #1786, 1.000000000000000888 ) ;
#529 = DIRECTION ( 'NONE',  ( 1.000000000000000000, 7.586974551799862254E-31, 6.908350915278662121E-15 ) ) ;
#530 = ADVANCED_FACE ( 'NONE', ( #1713 ), #2858, .F. ) ;
#531 = DIRECTION ( 'NONE',  ( -8.163404592832132968E-15, 0.000000000000000000, 1.000000000000000000 ) ) ;
#532 = ORIENTED_EDGE ( 'NONE', *, *, #2445, .F. ) ;
#533 = EDGE_LOOP ( 'NONE', ( #1552, #2195 ) ) ;
#534 = EDGE_CURVE ( 'NONE', #4338, #2998, #4037, .T. ) ;
#535 = CARTESIAN_POINT ( 'NONE',  ( 85.99999999999980105, 6.524798114547874497E-29, 30.00000000000058975 ) ) ;
#536 = CARTESIAN_POINT ( 'NONE',  ( -120.0000000000000000, 413.0000000000001705, 125.9289321881344677 ) ) ;
#537 = EDGE_CURVE ( 'NONE', #2657, #4101, #3325, .T. ) ;
#538 = LINE ( 'NONE', #2066, #2273 ) ;
#539 = DIRECTION ( 'NONE',  ( -1.000000000000000000, 0.000000000000000000, 0.000000000000000000 ) ) ;
#540 = ORIENTED_EDGE ( 'NONE', *, *, #797, .T. ) ;
#541 = EDGE_CURVE ( 'NONE', #1744, #1410, #2222, .T. ) ;
#542 = EDGE_CURVE ( 'NONE', #3331, #1927, #1790, .T. ) ;
#543 = DIRECTION ( 'NONE',  ( -0.000000000000000000, -0.000000000000000000, -1.000000000000000000 ) ) ;
#544 = EDGE_LOOP ( 'NONE', ( #2983, #916, #4734, #3966 ) ) ;
#545 = EDGE_LOOP ( 'NONE', ( #1222, #2347, #4503, #4480 ) ) ;
#546 = AXIS2_PLACEMENT_3D ( 'NONE', #4905, #2862, #3033 ) ;
#547 = CIRCLE ( 'NONE', #3925, 3.149999999999999911 ) ;
#548 = CARTESIAN_POINT ( 'NONE',  ( -115.9999999999999716, 30.00000000000000000, 181.3000000000000114 ) ) ;
#549 = LINE ( 'NONE', #1672, #4472 ) ;
#550 = DIRECTION ( 'NONE',  ( 7.586974551799862254E-31, -1.000000000000000000, 2.592370252323553063E-45 ) ) ;
#551 = FACE_OUTER_BOUND ( 'NONE', #4973, .T. ) ;
#552 = CONICAL_SURFACE ( 'NONE', #955, 3.149999999999999911, 0.7853981633974507215 ) ;
#553 = ORIENTED_EDGE ( 'NONE', *, *, #1522, .T. ) ;
#554 = ORIENTED_EDGE ( 'NONE', *, *, #291, .T. ) ;
#555 = VECTOR ( 'NONE', #164, 1000.000000000000000 ) ;
#556 = DIRECTION ( 'NONE',  ( 0.000000000000000000, 0.000000000000000000, 1.000000000000000000 ) ) ;
#557 = CYLINDRICAL_SURFACE ( 'NONE', #3887, 1.699999999999965539 ) ;
#558 = CARTESIAN_POINT ( 'NONE',  ( -115.9999999999999858, 920.0000000000000000, 30.00000000000001066 ) ) ;
#559 = EDGE_LOOP ( 'NONE', ( #245, #4575, #3761, #4807 ) ) ;
#560 = VERTEX_POINT ( 'NONE', #4526 ) ;
#561 = CARTESIAN_POINT ( 'NONE',  ( -115.9999999999999858, 30.00000000000002842, 124.6999999999999886 ) ) ;
#562 = FACE_OUTER_BOUND ( 'NONE', #2889, .T. ) ;
#563 = DIRECTION ( 'NONE',  ( -1.000000000000000000, -7.586974551799862254E-31, -6.908350915278662121E-15 ) ) ;
#564 = CARTESIAN_POINT ( 'NONE',  ( 48.00000000000000000, 920.0000000000000000, 3.285093380574697021E-13 ) ) ;
#565 = ORIENTED_EDGE ( 'NONE', *, *, #762, .F. ) ;
#566 = ADVANCED_FACE ( 'NONE', ( #4909 ), #2576, .F. ) ;
#567 = EDGE_CURVE ( 'NONE', #1206, #2597, #2679, .T. ) ;
#568 = CARTESIAN_POINT ( 'NONE',  ( 119.9999999999987068, 300.0000000000000000, 186.1500000000008015 ) ) ;
#569 = ORIENTED_EDGE ( 'NONE', *, *, #62, .F. ) ;
#570 = ORIENTED_EDGE ( 'NONE', *, *, #3704, .T. ) ;
#571 = CARTESIAN_POINT ( 'NONE',  ( -114.9999999999994316, 925.0000000000004547, 2.761983788001872122E-12 ) ) ;
#572 = CARTESIAN_POINT ( 'NONE',  ( 29.99999999999910827, 495.5000000000000568, 130.0000000000007105 ) ) ;
#573 = DIRECTION ( 'NONE',  ( -1.000000000000000000, -0.000000000000000000, 7.461176240760461390E-17 ) ) ;
#574 = DIRECTION ( 'NONE',  ( -6.833739152871057532E-15, -2.592370252323553063E-45, 1.000000000000000000 ) ) ;
#575 = ORIENTED_EDGE ( 'NONE', *, *, #3466, .T. ) ;
#576 = ORIENTED_EDGE ( 'NONE', *, *, #4493, .F. ) ;
#577 = CIRCLE ( 'NONE', #4039, 33.99999999999998579 ) ;
#578 = ADVANCED_FACE ( 'NONE', ( #4830 ), #1361, .F. ) ;
#579 = DIRECTION ( 'NONE',  ( -6.833739152871057532E-15, -2.592370252323553063E-45, 1.000000000000000000 ) ) ;
#580 = CARTESIAN_POINT ( 'NONE',  ( 115.9999999999986215, 327.9289321881350361, 211.0000000000007958 ) ) ;
#581 = CARTESIAN_POINT ( 'NONE',  ( 29.99999999999922551, 921.0000000000001137, 111.7000000000005286 ) ) ;
#582 = AXIS2_PLACEMENT_3D ( 'NONE', #808, #4209, #4950 ) ;
#583 = VERTEX_POINT ( 'NONE', #1846 ) ;
#584 = EDGE_CURVE ( 'NONE', #2057, #3386, #1689, .T. ) ;
#585 = VERTEX_POINT ( 'NONE', #4111 ) ;
#586 = CIRCLE ( 'NONE', #1703, 1.699999999999979305 ) ;
#587 = CIRCLE ( 'NONE', #2670, 1.699999999999979305 ) ;
#588 = CARTESIAN_POINT ( 'NONE',  ( 94.99999999999910472, 571.0000000000001137, 130.0000000000011369 ) ) ;
#589 = DIRECTION ( 'NONE',  ( 0.000000000000000000, 0.000000000000000000, -1.000000000000000000 ) ) ;
#590 = FACE_OUTER_BOUND ( 'NONE', #1580, .T. ) ;
#591 = ORIENTED_EDGE ( 'NONE', *, *, #456, .F. ) ;
#592 = CIRCLE ( 'NONE', #1795, 1.699999999999979305 ) ;
#593 = AXIS2_PLACEMENT_3D ( 'NONE', #1942, #1118, #2682 ) ;
#594 = CARTESIAN_POINT ( 'NONE',  ( -29.99999999999998934, 921.0000000000001137, 91.70000000000032969 ) ) ;
#595 = ORIENTED_EDGE ( 'NONE', *, *, #4200, .T. ) ;
#596 = ORIENTED_EDGE ( 'NONE', *, *, #1831, .F. ) ;
#597 = VECTOR ( 'NONE', #2697, 1000.000000000000000 ) ;
#598 = EDGE_CURVE ( 'NONE', #2631, #2653, #2603, .T. ) ;
#599 = EDGE_CURVE ( 'NONE', #2194, #153, #4473, .T. ) ;
#600 = ADVANCED_FACE ( 'NONE', ( #3302 ), #4853, .F. ) ;
#601 = CARTESIAN_POINT ( 'NONE',  ( 29.99999999999993605, 921.0000000000004547, 5.000000000000593303 ) ) ;
#602 = DIRECTION ( 'NONE',  ( 0.000000000000000000, 0.000000000000000000, 1.000000000000000000 ) ) ;
#603 = ADVANCED_FACE ( 'NONE', ( #4442 ), #2506, .F. ) ;
#604 = CARTESIAN_POINT ( 'NONE',  ( -120.0000000000000000, 300.0000000000000000, 54.00000000000002132 ) ) ;
#605 = DIRECTION ( 'NONE',  ( -1.208454664231724740E-29, 1.000000000000000000, 3.524517538492560546E-15 ) ) ;
#606 = ORIENTED_EDGE ( 'NONE', *, *, #3837, .F. ) ;
#607 = ORIENTED_EDGE ( 'NONE', *, *, #1002, .F. ) ;
#608 = AXIS2_PLACEMENT_3D ( 'NONE', #2836, #442, #2737 ) ;
#609 = CIRCLE ( 'NONE', #721, 1.699999999999979305 ) ;
#610 = EDGE_CURVE ( 'NONE', #1354, #998, #989, .T. ) ;
#611 = CARTESIAN_POINT ( 'NONE',  ( -118.5499999999999829, 30.00000000000000000, 61.30000000000002558 ) ) ;
#612 = DIRECTION ( 'NONE',  ( 6.908350915278662121E-15, 2.648978006588696432E-45, -1.000000000000000000 ) ) ;
#613 = CARTESIAN_POINT ( 'NONE',  ( -114.9999999999999716, 420.0000000000001705, 126.0000000000000568 ) ) ;
#614 = VERTEX_POINT ( 'NONE', #2629 ) ;
#615 = ORIENTED_EDGE ( 'NONE', *, *, #1158, .T. ) ;
#616 = DIRECTION ( 'NONE',  ( -1.000000000000000000, 0.000000000000000000, -6.836851346496830837E-15 ) ) ;
#617 = CARTESIAN_POINT ( 'NONE',  ( -29.99999999999998934, 925.0000000000001137, 110.0000000000003979 ) ) ;
#618 = CARTESIAN_POINT ( 'NONE',  ( -115.9999999999999716, 327.9289321881350361, 211.0000000000000000 ) ) ;
#619 = EDGE_LOOP ( 'NONE', ( #4221, #4306, #4247, #2550 ) ) ;
#620 = DIRECTION ( 'NONE',  ( -1.000000000000000000, -0.000000000000000000, 7.461176240760461390E-17 ) ) ;
#621 = CARTESIAN_POINT ( 'NONE',  ( -115.9999999999999716, 0.000000000000000000, 216.0000000000000000 ) ) ;
#622 = AXIS2_PLACEMENT_3D ( 'NONE', #1568, #514, #3112 ) ;
#623 = EDGE_LOOP ( 'NONE', ( #1280, #2107, #1154, #4286 ) ) ;
#624 = ORIENTED_EDGE ( 'NONE', *, *, #1002, .T. ) ;
#625 = DIRECTION ( 'NONE',  ( -1.000000000000000000, -0.000000000000000000, 7.461176240760461390E-17 ) ) ;
#626 = DIRECTION ( 'NONE',  ( 0.000000000000000000, 0.000000000000000000, -1.000000000000000000 ) ) ;
#627 = DIRECTION ( 'NONE',  ( 0.000000000000000000, 0.000000000000000000, 1.000000000000000000 ) ) ;
#628 = LINE ( 'NONE', #1027, #1821 ) ;
#629 = ORIENTED_EDGE ( 'NONE', *, *, #3611, .F. ) ;
#630 = EDGE_LOOP ( 'NONE', ( #205, #204, #1370, #2134 ) ) ;
#631 = CARTESIAN_POINT ( 'NONE',  ( 118.5499999999989740, 353.3309524416879981, 146.0000000000008242 ) ) ;
#632 = AXIS2_PLACEMENT_3D ( 'NONE', #2818, #39, #4356 ) ;
#633 = DIRECTION ( 'NONE',  ( 6.123233995736766036E-17, -0.000000000000000000, 1.000000000000000000 ) ) ;
#634 = FACE_OUTER_BOUND ( 'NONE', #1670, .T. ) ;
#635 = EDGE_CURVE ( 'NONE', #2406, #2146, #4500, .T. ) ;
#636 = EDGE_CURVE ( 'NONE', #2258, #674, #664, .T. ) ;
#637 = VERTEX_POINT ( 'NONE', #2197 ) ;
#638 = EDGE_LOOP ( 'NONE', ( #2377, #3410, #4141, #264 ) ) ;
#639 = VECTOR ( 'NONE', #3250, 1000.000000000000000 ) ;
#640 = DIRECTION ( 'NONE',  ( 0.000000000000000000, 0.000000000000000000, -1.000000000000000000 ) ) ;
#641 = CARTESIAN_POINT ( 'NONE',  ( 99.99999999999917577, 571.0000000000001137, 120.0000000000011937 ) ) ;
#642 = CARTESIAN_POINT ( 'NONE',  ( -118.5499999999999687, 353.3309524416879981, 147.6999999999999886 ) ) ;
#643 = VERTEX_POINT ( 'NONE', #2526 ) ;
#644 = FACE_BOUND ( 'NONE', #2565, .T. ) ;
#645 = DIRECTION ( 'NONE',  ( -8.811293846231439230E-15, 0.000000000000000000, 1.000000000000000000 ) ) ;
#646 = EDGE_LOOP ( 'NONE', ( #1424, #804, #2605, #1858 ) ) ;
#647 = FACE_OUTER_BOUND ( 'NONE', #3844, .T. ) ;
#648 = EDGE_CURVE ( 'NONE', #1997, #3029, #1390, .T. ) ;
#649 = CARTESIAN_POINT ( 'NONE',  ( 115.9999999999990905, 416.5355339059328230, 129.4644660940679444 ) ) ;
#650 = CARTESIAN_POINT ( 'NONE',  ( -4.658919430776288424E-13, 1.443289932012709498E-14, 130.0000000000005116 ) ) ;
#651 = DIRECTION ( 'NONE',  ( -3.620292471603788785E-15, -3.380459036380617701E-15, 1.000000000000000000 ) ) ;
#652 = DIRECTION ( 'NONE',  ( 0.000000000000000000, 0.000000000000000000, 1.000000000000000000 ) ) ;
#653 = ORIENTED_EDGE ( 'NONE', *, *, #3956, .F. ) ;
#654 = EDGE_LOOP ( 'NONE', ( #4725, #759, #3717, #3898 ) ) ;
#655 = DIRECTION ( 'NONE',  ( -1.000000000000000000, -0.000000000000000000, 7.461176240760461390E-17 ) ) ;
#656 = DIRECTION ( 'NONE',  ( -1.000000000000000000, -7.586974551799862254E-31, -6.833739152871057532E-15 ) ) ;
#657 = CARTESIAN_POINT ( 'NONE',  ( 94.99999999999913314, 571.0000000000001137, 126.0000000000007532 ) ) ;
#658 = DIRECTION ( 'NONE',  ( 0.000000000000000000, 1.000000000000000000, 0.000000000000000000 ) ) ;
#659 = ORIENTED_EDGE ( 'NONE', *, *, #4389, .T. ) ;
#660 = VERTEX_POINT ( 'NONE', #4088 ) ;
#661 = VECTOR ( 'NONE', #4577, 1000.000000000000000 ) ;
#662 = EDGE_CURVE ( 'NONE', #2201, #3703, #3149, .T. ) ;
#663 = ADVANCED_FACE ( 'NONE', ( #2169 ), #3706, .T. ) ;
#664 = LINE ( 'NONE', #717, #2268 ) ;
#665 = AXIS2_PLACEMENT_3D ( 'NONE', #788, #1180, #1132 ) ;
#666 = DIRECTION ( 'NONE',  ( 1.000000000000000000, 7.586974551799862254E-31, 6.908350915278662121E-15 ) ) ;
#667 = ORIENTED_EDGE ( 'NONE', *, *, #695, .F. ) ;
#668 = VECTOR ( 'NONE', #4322, 1000.000000000000114 ) ;
#669 = VECTOR ( 'NONE', #1018, 1000.000000000000000 ) ;
#670 = EDGE_CURVE ( 'NONE', #2982, #2407, #1139, .T. ) ;
#671 = LINE ( 'NONE', #2204, #3882 ) ;
#672 = CIRCLE ( 'NONE', #266, 3.149999999999986144 ) ;
#673 = DIRECTION ( 'NONE',  ( -1.000000000000000000, 5.885453550164231698E-44, -3.620292471603788785E-15 ) ) ;
#674 = VERTEX_POINT ( 'NONE', #3480 ) ;
#675 = DIRECTION ( 'NONE',  ( -4.832183295855068974E-15, 0.7071067811865577868, 0.7071067811865373587 ) ) ;
#676 = AXIS2_PLACEMENT_3D ( 'NONE', #1630, #2085, #1311 ) ;
#677 = DIRECTION ( 'NONE',  ( 1.000000000000000000, -0.000000000000000000, -1.321694076934710402E-16 ) ) ;
#678 = DIRECTION ( 'NONE',  ( 1.000000000000000000, 7.586974551799862254E-31, 6.908350915278662121E-15 ) ) ;
#679 = LINE ( 'NONE', #8, #1750 ) ;
#680 = DIRECTION ( 'NONE',  ( 1.000000000000000000, 7.586974551799862254E-31, 6.908350915278662121E-15 ) ) ;
#681 = VECTOR ( 'NONE', #4998, 1000.000000000000000 ) ;
#682 = ORIENTED_EDGE ( 'NONE', *, *, #3296, .T. ) ;
#683 = ORIENTED_EDGE ( 'NONE', *, *, #2757, .F. ) ;
#684 = CARTESIAN_POINT ( 'NONE',  ( -115.9999999999999716, 416.5355339059328230, 129.4644660940671486 ) ) ;
#685 = LINE ( 'NONE', #305, #4302 ) ;
#686 = CARTESIAN_POINT ( 'NONE',  ( 114.9999999999991189, 420.0000000000001705, 126.0000000000008384 ) ) ;
#687 = CARTESIAN_POINT ( 'NONE',  ( -119.9999999999999858, 300.0000000000000000, 183.0000000000000000 ) ) ;
#688 = ORIENTED_EDGE ( 'NONE', *, *, #2302, .F. ) ;
#689 = ORIENTED_EDGE ( 'NONE', *, *, #3535, .T. ) ;
#690 = AXIS2_PLACEMENT_3D ( 'NONE', #3938, #543, #106 ) ;
#691 = CARTESIAN_POINT ( 'NONE',  ( -119.9999999999999858, 30.00000000000000000, 183.0000000000000000 ) ) ;
#692 = PLANE ( 'NONE',  #4136 ) ;
#693 = VECTOR ( 'NONE', #4054, 1000.000000000000000 ) ;
#694 = ORIENTED_EDGE ( 'NONE', *, *, #3919, .T. ) ;
#695 = EDGE_CURVE ( 'NONE', #167, #3477, #3309, .T. ) ;
#696 = EDGE_CURVE ( 'NONE', #1285, #3504, #814, .T. ) ;
#697 = DIRECTION ( 'NONE',  ( -1.000000000000000000, -0.000000000000000000, 7.461176240760461390E-17 ) ) ;
#698 = DIRECTION ( 'NONE',  ( 0.000000000000000000, 0.000000000000000000, 1.000000000000000000 ) ) ;
#699 = EDGE_CURVE ( 'NONE', #643, #1345, #2346, .T. ) ;
#700 = EDGE_CURVE ( 'NONE', #3144, #3809, #1466, .T. ) ;
#701 = ORIENTED_EDGE ( 'NONE', *, *, #2822, .T. ) ;
#702 = VERTEX_POINT ( 'NONE', #4672 ) ;
#703 = CARTESIAN_POINT ( 'NONE',  ( -29.99999999999997158, 925.0000000000004547, 6.700000000000338574 ) ) ;
#704 = DIRECTION ( 'NONE',  ( 0.000000000000000000, 0.7071067811865459074, -0.7071067811865491270 ) ) ;
#705 = DIRECTION ( 'NONE',  ( -0.000000000000000000, -0.000000000000000000, -1.000000000000000000 ) ) ;
#706 = ORIENTED_EDGE ( 'NONE', *, *, #4674, .F. ) ;
#707 = EDGE_LOOP ( 'NONE', ( #1482, #1348, #4980, #491 ) ) ;
#708 = DIRECTION ( 'NONE',  ( -1.000000000000000000, 0.000000000000000000, 0.000000000000000000 ) ) ;
#709 = DIRECTION ( 'NONE',  ( -0.7071067811865457964, 8.659560562354953812E-17, -0.7071067811865492381 ) ) ;
#710 = CONICAL_SURFACE ( 'NONE', #2639, 3.149999999999999911, 0.7853981633974305154 ) ;
#711 = CARTESIAN_POINT ( 'NONE',  ( 119.9999999999997868, 9.104369462159827278E-29, 30.00000000000082778 ) ) ;
#712 = DIRECTION ( 'NONE',  ( 0.000000000000000000, 0.000000000000000000, -1.000000000000000000 ) ) ;
#713 = ORIENTED_EDGE ( 'NONE', *, *, #3547, .F. ) ;
#714 = ORIENTED_EDGE ( 'NONE', *, *, #1522, .F. ) ;
#715 = CIRCLE ( 'NONE', #4901, 4.999999999999976907 ) ;
#716 = CIRCLE ( 'NONE', #4251, 3.149999999999999911 ) ;
#717 = CARTESIAN_POINT ( 'NONE',  ( 119.9999999999987068, 30.00000000000000000, 186.1500000000008015 ) ) ;
#718 = DIRECTION ( 'NONE',  ( 3.589083053745118507E-15, -1.110223024625156787E-16, -1.000000000000000000 ) ) ;
#719 = EDGE_LOOP ( 'NONE', ( #3897, #4792, #86, #591 ) ) ;
#720 = AXIS2_PLACEMENT_3D ( 'NONE', #194, #4433, #2893 ) ;
#721 = AXIS2_PLACEMENT_3D ( 'NONE', #3577, #2037, #2447 ) ;
#722 = CARTESIAN_POINT ( 'NONE',  ( -119.9999999999999858, 920.0000000000000000, 216.0000000000000000 ) ) ;
#723 = LOCAL_TIME ( 22, 50, 54.00000000000000000, #1199 ) ;
#724 = AXIS2_PLACEMENT_3D ( 'NONE', #2419, #2468, #868 ) ;
#725 = CONICAL_SURFACE ( 'NONE', #4413, 3.149999999999999911, 0.7853981633974495002 ) ;
#726 = PLANE ( 'NONE',  #3899 ) ;
#727 = ORIENTED_EDGE ( 'NONE', *, *, #3310, .F. ) ;
#728 = PRODUCT_RELATED_PRODUCT_CATEGORY ( 'detail', '', ( #294 ) ) ;
#729 = ADVANCED_FACE ( 'NONE', ( #1898 ), #2655, .F. ) ;
#730 = EDGE_CURVE ( 'NONE', #3580, #1337, #2913, .T. ) ;
#731 = CARTESIAN_POINT ( 'NONE',  ( -67.00000000000000000, 30.00000000000000000, -3.999999999999996447 ) ) ;
#732 = CARTESIAN_POINT ( 'NONE',  ( -109.9999999999999858, 420.0000000000000568, 126.0000000000000284 ) ) ;
#733 = ADVANCED_FACE ( 'NONE', ( #386 ), #3080, .F. ) ;
#734 = CARTESIAN_POINT ( 'NONE',  ( 114.9999999999991189, 920.0000000000000000, 126.0000000000007816 ) ) ;
#735 = CARTESIAN_POINT ( 'NONE',  ( 115.9999999999997868, 920.0000000000000000, 30.00000000000079936 ) ) ;
#736 = ORIENTED_EDGE ( 'NONE', *, *, #501, .F. ) ;
#737 = ORIENTED_EDGE ( 'NONE', *, *, #4310, .F. ) ;
#738 = CARTESIAN_POINT ( 'NONE',  ( -29.99999999999998934, 921.0000000000001137, 108.3000000000004519 ) ) ;
#739 = FACE_OUTER_BOUND ( 'NONE', #4047, .T. ) ;
#740 = FACE_OUTER_BOUND ( 'NONE', #4844, .T. ) ;
#741 = FACE_BOUND ( 'NONE', #4108, .T. ) ;
#742 = ORIENTED_EDGE ( 'NONE', *, *, #854, .F. ) ;
#743 = VERTEX_POINT ( 'NONE', #3438 ) ;
#744 = DIRECTION ( 'NONE',  ( -1.000000000000000000, -0.000000000000000000, 7.461176240760461390E-17 ) ) ;
#745 = FACE_OUTER_BOUND ( 'NONE', #1515, .T. ) ;
#746 = VECTOR ( 'NONE', #1925, 1000.000000000000000 ) ;
#747 = ORIENTED_EDGE ( 'NONE', *, *, #4585, .T. ) ;
#748 = AXIS2_PLACEMENT_3D ( 'NONE', #691, #2143, #3762 ) ;
#749 = DIRECTION ( 'NONE',  ( -3.244656099125939025E-15, 1.110223024625156787E-16, 1.000000000000000000 ) ) ;
#750 = DIRECTION ( 'NONE',  ( 1.000000000000000000, 7.586974551799862254E-31, 6.908350915278662121E-15 ) ) ;
#751 = VECTOR ( 'NONE', #3699, 1000.000000000000000 ) ;
#752 = ORIENTED_EDGE ( 'NONE', *, *, #3711, .T. ) ;
#753 = AXIS2_PLACEMENT_3D ( 'NONE', #2173, #4855, #3661 ) ;
#754 = AXIS2_PLACEMENT_3D ( 'NONE', #2077, #3616, #111 ) ;
#755 = VECTOR ( 'NONE', #1261, 1000.000000000000000 ) ;
#756 = LINE ( 'NONE', #1127, #27 ) ;
#757 = DIRECTION ( 'NONE',  ( 8.163404592832132968E-15, 0.000000000000000000, -1.000000000000000000 ) ) ;
#758 = CARTESIAN_POINT ( 'NONE',  ( -119.9999999999999858, 30.00000000000000000, 181.3000000000000114 ) ) ;
#759 = ORIENTED_EDGE ( 'NONE', *, *, #2394, .T. ) ;
#760 = ORIENTED_EDGE ( 'NONE', *, *, #1029, .F. ) ;
#761 = ADVANCED_FACE ( 'NONE', ( #4981 ), #2343, .T. ) ;
#762 = EDGE_CURVE ( 'NONE', #4720, #999, #4281, .T. ) ;
#763 = CARTESIAN_POINT ( 'NONE',  ( 115.9999999999991331, 413.0000000000001705, 125.9289321881352777 ) ) ;
#764 = VECTOR ( 'NONE', #44, 1000.000000000000000 ) ;
#765 = DIRECTION ( 'NONE',  ( -1.000000000000000000, -0.000000000000000000, 7.461176240760461390E-17 ) ) ;
#766 = CARTESIAN_POINT ( 'NONE',  ( 29.99999999999938538, 921.0000000000001137, 88.30000000000065086 ) ) ;
#767 = CARTESIAN_POINT ( 'NONE',  ( 119.9999999999985079, 327.9289321881350361, 216.0000000000008242 ) ) ;
#768 = VERTEX_POINT ( 'NONE', #3126 ) ;
#769 = EDGE_CURVE ( 'NONE', #2828, #4514, #1776, .T. ) ;
#770 = VERTEX_POINT ( 'NONE', #4959 ) ;
#771 = EDGE_CURVE ( 'NONE', #660, #1618, #1869, .T. ) ;
#772 = CONICAL_SURFACE ( 'NONE', #3568, 3.150000000000000799, 0.7853981633974697063 ) ;
#773 = CARTESIAN_POINT ( 'NONE',  ( -120.0000000000000000, 420.0000000000001705, 30.00000000000000711 ) ) ;
#774 = CARTESIAN_POINT ( 'NONE',  ( -120.0000000000000000, 0.000000000000000000, 30.00000000000001066 ) ) ;
#775 = CONICAL_SURFACE ( 'NONE', #2452, 3.149999999999986144, 0.7853981633974482790 ) ;
#776 = VERTEX_POINT ( 'NONE', #3036 ) ;
#777 = AXIS2_PLACEMENT_3D ( 'NONE', #4393, #2010, #506 ) ;
#778 = CIRCLE ( 'NONE', #3424, 3.149999999999986144 ) ;
#779 = LINE ( 'NONE', #2732, #4696 ) ;
#780 = CIRCLE ( 'NONE', #3505, 1.699999999999936007 ) ;
#781 = CARTESIAN_POINT ( 'NONE',  ( -28.30000000000000782, 495.5000000000000568, 126.0000000000003411 ) ) ;
#782 = ORIENTED_EDGE ( 'NONE', *, *, #2170, .T. ) ;
#783 = DIRECTION ( 'NONE',  ( 0.000000000000000000, 1.000000000000000000, 0.000000000000000000 ) ) ;
#784 = LINE ( 'NONE', #3796, #3285 ) ;
#785 = DIRECTION ( 'NONE',  ( 7.586974551799862254E-31, -1.000000000000000000, 2.592370252323553063E-45 ) ) ;
#786 = ORIENTED_EDGE ( 'NONE', *, *, #3347, .T. ) ;
#787 = ORIENTED_EDGE ( 'NONE', *, *, #314, .T. ) ;
#788 = CARTESIAN_POINT ( 'NONE',  ( -114.9999999999999716, 920.0000000000000000, 125.0000000000000000 ) ) ;
#789 = PLANE ( 'NONE',  #2286 ) ;
#790 = LINE ( 'NONE', #2316, #2149 ) ;
#791 = DIRECTION ( 'NONE',  ( 5.551115123125777969E-15, 0.000000000000000000, -1.000000000000000000 ) ) ;
#792 = EDGE_LOOP ( 'NONE', ( #2136, #1077 ) ) ;
#793 = CIRCLE ( 'NONE', #3349, 5.000000000000004441 ) ;
#794 = ORIENTED_EDGE ( 'NONE', *, *, #1065, .F. ) ;
#795 = DIRECTION ( 'NONE',  ( -0.000000000000000000, 1.000000000000000000, 3.524517538492560546E-15 ) ) ;
#796 = EDGE_CURVE ( 'NONE', #3162, #1286, #3857, .T. ) ;
#797 = EDGE_CURVE ( 'NONE', #3913, #839, #4362, .T. ) ;
#798 = DIRECTION ( 'NONE',  ( -2.775557561562904367E-15, 0.000000000000000000, 1.000000000000000000 ) ) ;
#799 = ORIENTED_EDGE ( 'NONE', *, *, #165, .F. ) ;
#800 = CIRCLE ( 'NONE', #2239, 1.699999999999979305 ) ;
#801 = DIRECTION ( 'NONE',  ( 1.000000000000000000, 0.000000000000000000, 5.551115123125777969E-15 ) ) ;
#802 = APPROVAL_PERSON_ORGANIZATION ( #3589, #2200, #1221 ) ;
#803 = CARTESIAN_POINT ( 'NONE',  ( -119.9999999999999858, 353.3309524416879981, 149.1500000000000057 ) ) ;
#804 = ORIENTED_EDGE ( 'NONE', *, *, #3, .T. ) ;
#805 = DIRECTION ( 'NONE',  ( 1.000000000000000000, -1.321694076934704239E-16, 0.000000000000000000 ) ) ;
#806 = ORIENTED_EDGE ( 'NONE', *, *, #361, .F. ) ;
#807 = VERTEX_POINT ( 'NONE', #4290 ) ;
#808 = CARTESIAN_POINT ( 'NONE',  ( -119.9999999999999858, 30.00000000000002842, 123.0000000000000142 ) ) ;
#809 = DIRECTION ( 'NONE',  ( -1.000000000000000000, -0.000000000000000000, 7.461176240760461390E-17 ) ) ;
#810 = DIRECTION ( 'NONE',  ( 1.000000000000000000, 7.586974551799862254E-31, 6.908350915278662121E-15 ) ) ;
#811 = CARTESIAN_POINT ( 'NONE',  ( -118.5499999999999687, 30.00000000000002842, 124.7000000000000028 ) ) ;
#812 = ORIENTED_EDGE ( 'NONE', *, *, #3013, .T. ) ;
#813 = ORIENTED_EDGE ( 'NONE', *, *, #4585, .F. ) ;
#814 = LINE ( 'NONE', #773, #898 ) ;
#815 = CARTESIAN_POINT ( 'NONE',  ( -29.99999999999998934, 925.0000000000001137, 110.0000000000003979 ) ) ;
#816 = ORIENTED_EDGE ( 'NONE', *, *, #1011, .T. ) ;
#817 = EDGE_CURVE ( 'NONE', #1710, #2033, #4529, .T. ) ;
#818 = ADVANCED_FACE ( 'NONE', ( #2748 ), #2247, .F. ) ;
#819 = DIRECTION ( 'NONE',  ( 0.000000000000000000, 0.000000000000000000, 1.000000000000000000 ) ) ;
#820 = FACE_OUTER_BOUND ( 'NONE', #1008, .T. ) ;
#821 = DIRECTION ( 'NONE',  ( 7.586974551799862254E-31, -1.000000000000000000, 2.592370252323553063E-45 ) ) ;
#822 = ORIENTED_EDGE ( 'NONE', *, *, #391, .F. ) ;
#823 = AXIS2_PLACEMENT_3D ( 'NONE', #3361, #4143, #3460 ) ;
#824 = EDGE_CURVE ( 'NONE', #878, #3301, #1, .T. ) ;
#825 = VECTOR ( 'NONE', #1555, 1000.000000000000000 ) ;
#826 = FACE_BOUND ( 'NONE', #116, .T. ) ;
#827 = VECTOR ( 'NONE', #1395, 1000.000000000000000 ) ;
#828 = PERSON_AND_ORGANIZATION ( #2071, #140 ) ;
#829 = VERTEX_POINT ( 'NONE', #3929 ) ;
#830 = ORIENTED_EDGE ( 'NONE', *, *, #2099, .T. ) ;
#831 = AXIS2_PLACEMENT_3D ( 'NONE', #161, #4895, #2538 ) ;
#832 = AXIS2_PLACEMENT_3D ( 'NONE', #1971, #3086, #819 ) ;
#833 = AXIS2_PLACEMENT_3D ( 'NONE', #1409, #705, #2157 ) ;
#834 = DIRECTION ( 'NONE',  ( -0.000000000000000000, -1.000000000000000000, -0.000000000000000000 ) ) ;
#835 = CARTESIAN_POINT ( 'NONE',  ( -29.99999999999998934, 925.0000000000001137, 93.15000000000040359 ) ) ;
#836 = DIRECTION ( 'NONE',  ( 0.000000000000000000, 0.000000000000000000, 1.000000000000000000 ) ) ;
#837 = FACE_OUTER_BOUND ( 'NONE', #2464, .T. ) ;
#838 = AXIS2_PLACEMENT_3D ( 'NONE', #2993, #2640, #2352 ) ;
#839 = VERTEX_POINT ( 'NONE', #2035 ) ;
#840 = ORIENTED_EDGE ( 'NONE', *, *, #1011, .F. ) ;
#841 = AXIS2_PLACEMENT_3D ( 'NONE', #867, #202, #959 ) ;
#842 = DIRECTION ( 'NONE',  ( -1.000000000000000000, -0.000000000000000000, 7.461176240760461390E-17 ) ) ;
#843 = DIRECTION ( 'NONE',  ( -1.000000000000000000, -0.000000000000000000, 7.461176240760461390E-17 ) ) ;
#844 = LINE ( 'NONE', #558, #527 ) ;
#845 = ORIENTED_EDGE ( 'NONE', *, *, #2039, .T. ) ;
#846 = VECTOR ( 'NONE', #3003, 1000.000000000000000 ) ;
#847 = DIRECTION ( 'NONE',  ( 1.000000000000000000, 7.586974551799862254E-31, 6.908350915278662121E-15 ) ) ;
#848 = CIRCLE ( 'NONE', #1483, 1.699999999999979305 ) ;
#849 = CARTESIAN_POINT ( 'NONE',  ( -86.00000000000000000, 0.000000000000000000, 3.469446951953614189E-15 ) ) ;
#850 = CARTESIAN_POINT ( 'NONE',  ( 115.9999999999987352, 50.00000000000000000, 183.0000000000007958 ) ) ;
#851 = AXIS2_PLACEMENT_3D ( 'NONE', #3286, #210, #237 ) ;
#852 = ADVANCED_FACE ( 'NONE', ( #1282 ), #1677, .F. ) ;
#853 = AXIS2_PLACEMENT_3D ( 'NONE', #1254, #2798, #2412 ) ;
#854 = EDGE_CURVE ( 'NONE', #227, #4837, #4118, .T. ) ;
#855 = EDGE_CURVE ( 'NONE', #3614, #1420, #4935, .T. ) ;
#856 = DIRECTION ( 'NONE',  ( -6.608470384673549446E-15, 0.000000000000000000, 1.000000000000000000 ) ) ;
#857 = APPROVAL_STATUS ( 'not_yet_approved' ) ;
#858 = ORIENTED_EDGE ( 'NONE', *, *, #1463, .T. ) ;
#859 = ORIENTED_EDGE ( 'NONE', *, *, #3990, .F. ) ;
#860 = DIRECTION ( 'NONE',  ( 2.484433095295732247E-29, -1.000000000000000000, -3.524517538492560546E-15 ) ) ;
#861 = CARTESIAN_POINT ( 'NONE',  ( 118.5499999999991303, 30.00000000000002842, 123.0000000000008100 ) ) ;
#862 = CYLINDRICAL_SURFACE ( 'NONE', #310, 1.699999999999979305 ) ;
#863 = DIRECTION ( 'NONE',  ( 0.000000000000000000, 0.000000000000000000, -1.000000000000000000 ) ) ;
#864 = ORIENTED_EDGE ( 'NONE', *, *, #4176, .F. ) ;
#865 = ORIENTED_EDGE ( 'NONE', *, *, #4086, .F. ) ;
#866 = CARTESIAN_POINT ( 'NONE',  ( -29.99999999999998934, 923.5500000000000682, 90.00000000000039790 ) ) ;
#867 = CARTESIAN_POINT ( 'NONE',  ( -114.9999999999999716, 925.0000000000000000, 125.9999999999999716 ) ) ;
#868 = DIRECTION ( 'NONE',  ( 0.000000000000000000, 0.000000000000000000, 1.000000000000000000 ) ) ;
#869 = ORIENTED_EDGE ( 'NONE', *, *, #159, .T. ) ;
#870 = DIRECTION ( 'NONE',  ( -0.7071067811865474617, 0.000000000000000000, 0.7071067811865474617 ) ) ;
#871 = DIRECTION ( 'NONE',  ( 0.000000000000000000, 0.000000000000000000, -1.000000000000000000 ) ) ;
#872 = FACE_OUTER_BOUND ( 'NONE', #2432, .T. ) ;
#873 = AXIS2_PLACEMENT_3D ( 'NONE', #3274, #4824, #1358 ) ;
#874 = VECTOR ( 'NONE', #2490, 1000.000000000000000 ) ;
#875 = CIRCLE ( 'NONE', #4256, 1.699999999999993072 ) ;
#876 = DIRECTION ( 'NONE',  ( -1.000000000000000000, -0.000000000000000000, -3.589083053745118507E-15 ) ) ;
#877 = ORIENTED_EDGE ( 'NONE', *, *, #391, .T. ) ;
#878 = VERTEX_POINT ( 'NONE', #2873 ) ;
#879 = EDGE_CURVE ( 'NONE', #3691, #2106, #577, .T. ) ;
#880 = EDGE_CURVE ( 'NONE', #3489, #1744, #4685, .T. ) ;
#881 = CARTESIAN_POINT ( 'NONE',  ( -118.5499999999999687, 300.0000000000000000, 181.3000000000000114 ) ) ;
#882 = CARTESIAN_POINT ( 'NONE',  ( -29.99999999999998934, 925.0000000000001137, 93.15000000000038938 ) ) ;
#883 = CARTESIAN_POINT ( 'NONE',  ( 119.9999999999987637, 300.0000000000000000, 179.8500000000008470 ) ) ;
#884 = CARTESIAN_POINT ( 'NONE',  ( 119.9999999999997868, 418.0000000000001705, 30.00000000000082423 ) ) ;
#885 = EDGE_LOOP ( 'NONE', ( #2326, #737 ) ) ;
#886 = VERTEX_POINT ( 'NONE', #4388 ) ;
#887 = FACE_OUTER_BOUND ( 'NONE', #4287, .T. ) ;
#888 = DIRECTION ( 'NONE',  ( -0.000000000000000000, -1.000000000000000000, -0.000000000000000000 ) ) ;
#889 = PLANE ( 'NONE',  #777 ) ;
#890 = VERTEX_POINT ( 'NONE', #4340 ) ;
#891 = DIRECTION ( 'NONE',  ( 6.938893903907228378E-15, 3.700743415417188731E-15, -1.000000000000000000 ) ) ;
#892 = CARTESIAN_POINT ( 'NONE',  ( 119.9999999999987637, 300.0000000000000000, 179.8500000000008470 ) ) ;
#893 = DIRECTION ( 'NONE',  ( -8.163404592832132968E-15, 0.000000000000000000, 1.000000000000000000 ) ) ;
#894 = VERTEX_POINT ( 'NONE', #3952 ) ;
#895 = AXIS2_PLACEMENT_3D ( 'NONE', #2989, #4562, #4174 ) ;
#896 = DIRECTION ( 'NONE',  ( -1.000000000000000000, -7.586974551799862254E-31, -6.908350915278662121E-15 ) ) ;
#897 = APPROVAL_DATE_TIME ( #4756, #2200 ) ;
#898 = VECTOR ( 'NONE', #4626, 1000.000000000000000 ) ;
#899 = VERTEX_POINT ( 'NONE', #910 ) ;
#900 = EDGE_LOOP ( 'NONE', ( #3378, #1818, #4669, #3538 ) ) ;
#901 = DIRECTION ( 'NONE',  ( -1.000000000000000000, -7.586974551799862254E-31, -6.908350915278662121E-15 ) ) ;
#902 = DIRECTION ( 'NONE',  ( -6.908350915278662910E-15, -2.648978006588696743E-45, 1.000000000000000000 ) ) ;
#903 = FACE_OUTER_BOUND ( 'NONE', #4899, .T. ) ;
#904 = PLANE ( 'NONE',  #4092 ) ;
#905 = EDGE_CURVE ( 'NONE', #4691, #34, #3793, .T. ) ;
#906 = ORIENTED_EDGE ( 'NONE', *, *, #4560, .T. ) ;
#907 = VERTEX_POINT ( 'NONE', #4745 ) ;
#908 = AXIS2_PLACEMENT_3D ( 'NONE', #601, #973, #2130 ) ;
#909 = EDGE_CURVE ( 'NONE', #1469, #1347, #2590, .T. ) ;
#910 = CARTESIAN_POINT ( 'NONE',  ( -86.00000000000000000, 920.0000000000000000, -3.999999999999986233 ) ) ;
#911 = AXIS2_PLACEMENT_3D ( 'NONE', #3583, #3936, #207 ) ;
#912 = FACE_OUTER_BOUND ( 'NONE', #3224, .T. ) ;
#913 = LINE ( 'NONE', #68, #1277 ) ;
#914 = ADVANCED_FACE ( 'NONE', ( #1655 ), #2681, .F. ) ;
#915 = EDGE_CURVE ( 'NONE', #1691, #2288, #2851, .T. ) ;
#916 = ORIENTED_EDGE ( 'NONE', *, *, #699, .F. ) ;
#917 = EDGE_LOOP ( 'NONE', ( #2969, #4622, #4170, #2088 ) ) ;
#918 = DIRECTION ( 'NONE',  ( -7.586974551799862254E-31, 1.000000000000000000, -2.592370252323553063E-45 ) ) ;
#919 = PLANE ( 'NONE',  #911 ) ;
#920 = VECTOR ( 'NONE', #1189, 1000.000000000000000 ) ;
#921 = LINE ( 'NONE', #2016, #3552 ) ;
#922 = CIRCLE ( 'NONE', #4708, 3.149999999999999911 ) ;
#923 = CARTESIAN_POINT ( 'NONE',  ( -115.9999999999999716, 418.0000000000001705, 123.0000000000000284 ) ) ;
#924 = CIRCLE ( 'NONE', #2373, 3.149999999999986144 ) ;
#925 = ORIENTED_EDGE ( 'NONE', *, *, #1339, .T. ) ;
#926 = ORIENTED_EDGE ( 'NONE', *, *, #1770, .F. ) ;
#927 = CARTESIAN_POINT ( 'NONE',  ( -115.9999999999999858, 920.0000000000000000, 30.00000000000001066 ) ) ;
#928 = CARTESIAN_POINT ( 'NONE',  ( 86.00000000000002842, 920.0000000000000000, -3.999999999999398259 ) ) ;
#929 = DIRECTION ( 'NONE',  ( -0.000000000000000000, 1.000000000000000000, 3.524517538492560546E-15 ) ) ;
#930 = DIRECTION ( 'NONE',  ( -0.000000000000000000, -0.000000000000000000, -1.000000000000000000 ) ) ;
#931 = VERTEX_POINT ( 'NONE', #1257 ) ;
#932 = ORIENTED_EDGE ( 'NONE', *, *, #4808, .T. ) ;
#933 = DIRECTION ( 'NONE',  ( 1.000000000000000000, 0.000000000000000000, 0.000000000000000000 ) ) ;
#934 = CARTESIAN_POINT ( 'NONE',  ( 115.9999999999985079, 331.4644660940676886, 214.5355339059335336 ) ) ;
#935 = DIRECTION ( 'NONE',  ( 0.000000000000000000, 0.000000000000000000, 1.000000000000000000 ) ) ;
#936 = ORIENTED_EDGE ( 'NONE', *, *, #1067, .T. ) ;
#937 = CC_DESIGN_DATE_AND_TIME_ASSIGNMENT ( #1616, #466, ( #1828 ) ) ;
#938 = ORIENTED_EDGE ( 'NONE', *, *, #1924, .T. ) ;
#939 = ADVANCED_FACE ( 'NONE', ( #887 ), #528, .F. ) ;
#940 = EDGE_CURVE ( 'NONE', #228, #2406, #3401, .T. ) ;
#941 = DIRECTION ( 'NONE',  ( -6.833739152871057532E-15, -2.592370252323553063E-45, 1.000000000000000000 ) ) ;
#942 = LINE ( 'NONE', #892, #3884 ) ;
#943 = DIRECTION ( 'NONE',  ( 0.000000000000000000, -1.000000000000000000, 0.000000000000000000 ) ) ;
#944 = CARTESIAN_POINT ( 'NONE',  ( -119.9999999999999858, 30.00000000000000000, 183.0000000000000000 ) ) ;
#945 = ORIENTED_EDGE ( 'NONE', *, *, #292, .F. ) ;
#946 = VECTOR ( 'NONE', #4272, 1000.000000000000000 ) ;
#947 = CARTESIAN_POINT ( 'NONE',  ( 119.9999999999987494, 300.0000000000000000, 181.3000000000008356 ) ) ;
#948 = EDGE_LOOP ( 'NONE', ( #158, #5001 ) ) ;
#949 = ORIENTED_EDGE ( 'NONE', *, *, #2908, .F. ) ;
#950 = CIRCLE ( 'NONE', #1192, 3.149999999999986144 ) ;
#951 = DIRECTION ( 'NONE',  ( 6.938893903907229955E-15, 0.000000000000000000, -1.000000000000000000 ) ) ;
#952 = CARTESIAN_POINT ( 'NONE',  ( 119.9999999999996447, 300.0000000000000000, 50.85000000000085407 ) ) ;
#953 = LINE ( 'NONE', #1809, #2725 ) ;
#954 = FACE_OUTER_BOUND ( 'NONE', #486, .T. ) ;
#955 = AXIS2_PLACEMENT_3D ( 'NONE', #3978, #573, #1352 ) ;
#956 = ORIENTED_EDGE ( 'NONE', *, *, #1924, .F. ) ;
#957 = VERTEX_POINT ( 'NONE', #455 ) ;
#958 = CARTESIAN_POINT ( 'NONE',  ( -29.99999999999998934, 921.0000000000001137, 110.0000000000003837 ) ) ;
#959 = DIRECTION ( 'NONE',  ( 4.295505750037807968E-15, 0.000000000000000000, -1.000000000000000000 ) ) ;
#960 = LINE ( 'NONE', #1440, #218 ) ;
#961 = ORIENTED_EDGE ( 'NONE', *, *, #3739, .T. ) ;
#962 = ORIENTED_EDGE ( 'NONE', *, *, #2571, .T. ) ;
#963 = CARTESIAN_POINT ( 'NONE',  ( 115.9999999999987352, 300.0000000000000000, 183.0000000000007958 ) ) ;
#964 = DIRECTION ( 'NONE',  ( -0.7071067811865457964, 8.659560562354953812E-17, -0.7071067811865492381 ) ) ;
#965 = DIRECTION ( 'NONE',  ( -1.000000000000000000, -3.041228283746508131E-30, -2.538233402833249564E-15 ) ) ;
#966 = EDGE_LOOP ( 'NONE', ( #1732, #865 ) ) ;
#967 = EDGE_CURVE ( 'NONE', #999, #4720, #3634, .T. ) ;
#968 = EDGE_CURVE ( 'NONE', #1999, #2492, #1066, .T. ) ;
#969 = FACE_OUTER_BOUND ( 'NONE', #4329, .T. ) ;
#970 = ADVANCED_FACE ( 'NONE', ( #2466 ), #4007, .T. ) ;
#971 = ORIENTED_EDGE ( 'NONE', *, *, #323, .T. ) ;
#972 = ORIENTED_EDGE ( 'NONE', *, *, #229, .T. ) ;
#973 = DIRECTION ( 'NONE',  ( -1.208454664231724740E-29, 1.000000000000000000, 3.524517538492560546E-15 ) ) ;
#974 = DIRECTION ( 'NONE',  ( -1.000000000000000000, 0.000000000000000000, -3.589083053745118507E-15 ) ) ;
#975 = FACE_OUTER_BOUND ( 'NONE', #2311, .T. ) ;
#976 = CARTESIAN_POINT ( 'NONE',  ( -120.0000000000000000, 300.0000000000000000, 54.00000000000002132 ) ) ;
#977 = VERTEX_POINT ( 'NONE', #2779 ) ;
#978 = ORIENTED_EDGE ( 'NONE', *, *, #4491, .F. ) ;
#979 = AXIS2_PLACEMENT_3D ( 'NONE', #1536, #365, #1117 ) ;
#980 = DIRECTION ( 'NONE',  ( 0.000000000000000000, 0.000000000000000000, 1.000000000000000000 ) ) ;
#981 = DIRECTION ( 'NONE',  ( -0.000000000000000000, 1.000000000000000000, 3.524517538492560546E-15 ) ) ;
#982 = CARTESIAN_POINT ( 'NONE',  ( -29.99999999999999645, 495.5000000000000568, 130.0000000000005116 ) ) ;
#983 = VECTOR ( 'NONE', #3906, 1000.000000000000114 ) ;
#984 = ORIENTED_EDGE ( 'NONE', *, *, #648, .T. ) ;
#985 = AXIS2_PLACEMENT_3D ( 'NONE', #1793, #3708, #1392 ) ;
#986 = ORIENTED_EDGE ( 'NONE', *, *, #4201, .F. ) ;
#987 = CIRCLE ( 'NONE', #1224, 3.149999999999986144 ) ;
#988 = AXIS2_PLACEMENT_3D ( 'NONE', #1121, #3463, #1945 ) ;
#989 = LINE ( 'NONE', #2902, #4443 ) ;
#990 = CARTESIAN_POINT ( 'NONE',  ( -29.99999999999999645, 495.5000000000000568, 126.0000000000003411 ) ) ;
#991 = CARTESIAN_POINT ( 'NONE',  ( 29.99999999999993605, 923.5500000000005230, 5.000000000000602185 ) ) ;
#992 = ORIENTED_EDGE ( 'NONE', *, *, #4110, .T. ) ;
#993 = AXIS2_PLACEMENT_3D ( 'NONE', #483, #4727, #4346 ) ;
#994 = EDGE_CURVE ( 'NONE', #4514, #2828, #3802, .T. ) ;
#995 = FACE_BOUND ( 'NONE', #3078, .T. ) ;
#996 = VECTOR ( 'NONE', #3624, 1000.000000000000000 ) ;
#997 = CARTESIAN_POINT ( 'NONE',  ( -114.9999999999997158, 925.0000000000000000, 125.0000000000000284 ) ) ;
#998 = VERTEX_POINT ( 'NONE', #611 ) ;
#999 = VERTEX_POINT ( 'NONE', #4081 ) ;
#1000 = CONICAL_SURFACE ( 'NONE', #3336, 3.149999999999986144, 0.7853981633974507215 ) ;
#1001 = EDGE_CURVE ( 'NONE', #1207, #3047, #2494, .T. ) ;
#1002 = EDGE_CURVE ( 'NONE', #1187, #2746, #2917, .T. ) ;
#1003 = CARTESIAN_POINT ( 'NONE',  ( 115.9999999999987352, 30.00000000000000000, 183.0000000000007958 ) ) ;
#1004 = FACE_BOUND ( 'NONE', #3107, .T. ) ;
#1005 = CARTESIAN_POINT ( 'NONE',  ( -114.9999999999994316, 925.0000000000004547, -1.434476177256895836E-14 ) ) ;
#1006 = CARTESIAN_POINT ( 'NONE',  ( -119.9999999999999858, 300.0000000000000000, 183.0000000000000000 ) ) ;
#1007 = ORIENTED_EDGE ( 'NONE', *, *, #477, .T. ) ;
#1008 = EDGE_LOOP ( 'NONE', ( #3400, #1281, #2224, #2524 ) ) ;
#1009 = VECTOR ( 'NONE', #187, 1000.000000000000000 ) ;
#1010 = CARTESIAN_POINT ( 'NONE',  ( 29.99999999999994671, 921.0000000000004547, 3.300000000000657518 ) ) ;
#1011 = EDGE_CURVE ( 'NONE', #637, #3467, #1384, .T. ) ;
#1012 = CARTESIAN_POINT ( 'NONE',  ( -120.0000000000000000, 300.0000000000000000, 50.85000000000003695 ) ) ;
#1013 = DIRECTION ( 'NONE',  ( -1.000000000000000000, -0.000000000000000000, 7.461176240760461390E-17 ) ) ;
#1014 = ORIENTED_EDGE ( 'NONE', *, *, #128, .F. ) ;
#1015 = ORIENTED_EDGE ( 'NONE', *, *, #4760, .T. ) ;
#1016 = DIRECTION ( 'NONE',  ( 7.586974551799862254E-31, -1.000000000000000000, 2.592370252323553063E-45 ) ) ;
#1017 = DIRECTION ( 'NONE',  ( -1.000000000000000000, 0.000000000000000000, 0.000000000000000000 ) ) ;
#1018 = DIRECTION ( 'NONE',  ( 7.461176240760461390E-17, 0.000000000000000000, 1.000000000000000000 ) ) ;
#1019 = ORIENTED_EDGE ( 'NONE', *, *, #855, .T. ) ;
#1020 = DIRECTION ( 'NONE',  ( 0.000000000000000000, 0.000000000000000000, 1.000000000000000000 ) ) ;
#1021 = DIRECTION ( 'NONE',  ( 0.000000000000000000, -0.000000000000000000, -1.000000000000000000 ) ) ;
#1022 = ORIENTED_EDGE ( 'NONE', *, *, #1040, .F. ) ;
#1023 = ORIENTED_EDGE ( 'NONE', *, *, #3138, .F. ) ;
#1024 = FACE_OUTER_BOUND ( 'NONE', #619, .T. ) ;
#1025 = CARTESIAN_POINT ( 'NONE',  ( 48.00000000000000000, 920.0000000000000000, 3.285093380574697021E-13 ) ) ;
#1026 = CARTESIAN_POINT ( 'NONE',  ( -115.9999999999999716, 327.9289321881350361, 216.0000000000000000 ) ) ;
#1027 = CARTESIAN_POINT ( 'NONE',  ( 115.9999999999991047, 420.0000000000001705, 123.0000000000008100 ) ) ;
#1028 = ORIENTED_EDGE ( 'NONE', *, *, #4268, .T. ) ;
#1029 = EDGE_CURVE ( 'NONE', #2857, #1659, #4467, .T. ) ;
#1030 = ORIENTED_EDGE ( 'NONE', *, *, #967, .T. ) ;
#1031 = AXIS2_PLACEMENT_3D ( 'NONE', #3654, #203, #1736 ) ;
#1032 = EDGE_CURVE ( 'NONE', #2555, #2631, #3381, .T. ) ;
#1033 = DIRECTION ( 'NONE',  ( 2.484433095295732247E-29, -1.000000000000000000, -3.524517538492560546E-15 ) ) ;
#1034 = AXIS2_PLACEMENT_3D ( 'NONE', #3916, #2405, #3972 ) ;
#1035 = FACE_BOUND ( 'NONE', #4261, .T. ) ;
#1036 = CARTESIAN_POINT ( 'NONE',  ( -120.0000000000000000, 30.00000000000000000, 66.15000000000001990 ) ) ;
#1037 = DIRECTION ( 'NONE',  ( -2.484433095295732247E-29, 1.000000000000000000, 3.524517538492560546E-15 ) ) ;
#1038 = ORIENTED_EDGE ( 'NONE', *, *, #2879, .T. ) ;
#1039 = EDGE_LOOP ( 'NONE', ( #4811, #4637, #24, #607 ) ) ;
#1040 = EDGE_CURVE ( 'NONE', #3753, #1179, #1695, .T. ) ;
#1041 = APPROVAL_PERSON_ORGANIZATION ( #1293, #4145, #2361 ) ;
#1042 = DIRECTION ( 'NONE',  ( -1.000000000000000000, -0.000000000000000000, 7.461176240760461390E-17 ) ) ;
#1043 = DIRECTION ( 'NONE',  ( -8.811293846231439230E-15, 0.000000000000000000, 1.000000000000000000 ) ) ;
#1044 = LINE ( 'NONE', #254, #3718 ) ;
#1045 = ORIENTED_EDGE ( 'NONE', *, *, #2, .F. ) ;
#1046 = CARTESIAN_POINT ( 'NONE',  ( 65.30000000000006821, 30.00000000000000000, -3.999999999999550138 ) ) ;
#1047 = DIRECTION ( 'NONE',  ( -1.000000000000000000, -0.000000000000000000, 7.461176240760461390E-17 ) ) ;
#1048 = VERTEX_POINT ( 'NONE', #684 ) ;
#1049 = ORIENTED_EDGE ( 'NONE', *, *, #1665, .T. ) ;
#1050 = CYLINDRICAL_SURFACE ( 'NONE', #2025, 1.699999999999979305 ) ;
#1051 = CARTESIAN_POINT ( 'NONE',  ( 119.9999999999996163, 300.0000000000000000, 54.00000000000083844 ) ) ;
#1052 = CARTESIAN_POINT ( 'NONE',  ( -86.00000000000000000, 920.0000000000000000, 30.00000000000000355 ) ) ;
#1053 = DIRECTION ( 'NONE',  ( -6.122553444624250004E-15, 0.000000000000000000, 1.000000000000000000 ) ) ;
#1054 = VERTEX_POINT ( 'NONE', #1839 ) ;
#1055 = ORIENTED_EDGE ( 'NONE', *, *, #3517, .T. ) ;
#1056 = CARTESIAN_POINT ( 'NONE',  ( -99.99999999999998579, 875.0000000000000000, 130.0000000000005116 ) ) ;
#1057 = EDGE_CURVE ( 'NONE', #1223, #1997, #4692, .T. ) ;
#1058 = LINE ( 'NONE', #3757, #2529 ) ;
#1059 = CARTESIAN_POINT ( 'NONE',  ( -119.9999999999999858, 30.00000000000000000, 184.6999999999999886 ) ) ;
#1060 = CARTESIAN_POINT ( 'NONE',  ( 119.9999999999991331, 30.00000000000002842, 123.0000000000008242 ) ) ;
#1061 = ORIENTED_EDGE ( 'NONE', *, *, #2984, .F. ) ;
#1062 = VERTEX_POINT ( 'NONE', #2189 ) ;
#1063 = ADVANCED_FACE ( 'NONE', ( #4032 ), #4925, .T. ) ;
#1064 = DIRECTION ( 'NONE',  ( -8.811293846231439230E-15, 0.000000000000000000, 1.000000000000000000 ) ) ;
#1065 = EDGE_CURVE ( 'NONE', #3709, #1659, #2978, .T. ) ;
#1066 = CIRCLE ( 'NONE', #3553, 3.149999999999986144 ) ;
#1067 = EDGE_CURVE ( 'NONE', #3056, #404, #2138, .T. ) ;
#1068 = DIRECTION ( 'NONE',  ( -2.484433095295732247E-29, 1.000000000000000000, 3.524517538492560546E-15 ) ) ;
#1069 = AXIS2_PLACEMENT_3D ( 'NONE', #991, #1419, #4832 ) ;
#1070 = ORIENTED_EDGE ( 'NONE', *, *, #1190, .F. ) ;
#1071 = CIRCLE ( 'NONE', #2760, 3.149999999999999911 ) ;
#1072 = AXIS2_PLACEMENT_3D ( 'NONE', #2064, #1635, #124 ) ;
#1073 = LINE ( 'NONE', #2609, #1620 ) ;
#1074 = CIRCLE ( 'NONE', #1879, 1.699999999999982858 ) ;
#1075 = CARTESIAN_POINT ( 'NONE',  ( -119.9999999999999858, 353.3309524416879981, 142.8500000000000227 ) ) ;
#1076 = ORIENTED_EDGE ( 'NONE', *, *, #4984, .F. ) ;
#1077 = ORIENTED_EDGE ( 'NONE', *, *, #2292, .F. ) ;
#1078 = EDGE_CURVE ( 'NONE', #3368, #3811, #2833, .T. ) ;
#1079 = CIRCLE ( 'NONE', #2850, 1.699999999999979305 ) ;
#1080 = VECTOR ( 'NONE', #351, 1000.000000000000000 ) ;
#1081 = DIRECTION ( 'NONE',  ( 6.833739152871057532E-15, 2.592370252323553063E-45, -1.000000000000000000 ) ) ;
#1082 = CARTESIAN_POINT ( 'NONE',  ( 115.9999999999991047, 418.0000000000001705, 125.9289321881352777 ) ) ;
#1083 = CARTESIAN_POINT ( 'NONE',  ( -120.0000000000000000, 0.000000000000000000, 30.00000000000001066 ) ) ;
#1084 = CARTESIAN_POINT ( 'NONE',  ( -94.99999999999998579, 576.0000000000001137, 130.0000000000000853 ) ) ;
#1085 = CIRCLE ( 'NONE', #1716, 1.699999999999993072 ) ;
#1086 = ORIENTED_EDGE ( 'NONE', *, *, #2663, .F. ) ;
#1087 = ORIENTED_EDGE ( 'NONE', *, *, #584, .T. ) ;
#1088 = VECTOR ( 'NONE', #3448, 1000.000000000000000 ) ;
#1089 = DIRECTION ( 'NONE',  ( 1.000000000000000000, 7.586974551799862254E-31, 6.908350915278662121E-15 ) ) ;
#1090 = FACE_OUTER_BOUND ( 'NONE', #1490, .T. ) ;
#1091 = PLANE ( 'NONE',  #3845 ) ;
#1092 = CARTESIAN_POINT ( 'NONE',  ( 115.9999999999991331, 418.0000000000001705, 123.0000000000008100 ) ) ;
#1093 = ORIENTED_EDGE ( 'NONE', *, *, #4924, .T. ) ;
#1094 = VERTEX_POINT ( 'NONE', #3675 ) ;
#1095 = AXIS2_PLACEMENT_3D ( 'NONE', #4152, #4990, #4937 ) ;
#1096 = DIRECTION ( 'NONE',  ( -2.484433095295732247E-29, 1.000000000000000000, 3.524517538492560546E-15 ) ) ;
#1097 = CARTESIAN_POINT ( 'NONE',  ( -119.9999999999999858, 353.3309524416879981, 142.8500000000000227 ) ) ;
#1098 = VERTEX_POINT ( 'NONE', #1010 ) ;
#1099 = ADVANCED_FACE ( 'NONE', ( #201 ), #4447, .F. ) ;
#1100 = EDGE_CURVE ( 'NONE', #643, #3610, #246, .T. ) ;
#1101 = CARTESIAN_POINT ( 'NONE',  ( -118.5499999999999687, 353.3309524416879981, 146.0000000000000284 ) ) ;
#1102 = LINE ( 'NONE', #1542, #1641 ) ;
#1103 = ORIENTED_EDGE ( 'NONE', *, *, #128, .T. ) ;
#1104 = CARTESIAN_POINT ( 'NONE',  ( 119.9999999999995310, 30.00000000000000000, 66.15000000000082991 ) ) ;
#1105 = LINE ( 'NONE', #4611, #4712 ) ;
#1106 = LINE ( 'NONE', #3092, #3928 ) ;
#1107 = DIRECTION ( 'NONE',  ( -1.000000000000000000, -0.000000000000000000, 7.461176240760461390E-17 ) ) ;
#1108 = ORIENTED_EDGE ( 'NONE', *, *, #96, .F. ) ;
#1109 = ORIENTED_EDGE ( 'NONE', *, *, #1554, .T. ) ;
#1110 = DIRECTION ( 'NONE',  ( 1.000000000000000000, 7.586974551799862254E-31, 6.908350915278662121E-15 ) ) ;
#1111 = DIRECTION ( 'NONE',  ( -6.608470384673551024E-15, 0.000000000000000000, 1.000000000000000000 ) ) ;
#1112 = AXIS2_PLACEMENT_3D ( 'NONE', #2067, #1866, #279 ) ;
#1113 = DIRECTION ( 'NONE',  ( 7.841021663933348585E-17, -0.000000000000000000, 1.000000000000000000 ) ) ;
#1114 = LINE ( 'NONE', #3407, #3364 ) ;
#1115 = ORIENTED_EDGE ( 'NONE', *, *, #1304, .T. ) ;
#1116 = ORIENTED_EDGE ( 'NONE', *, *, #2444, .T. ) ;
#1117 = DIRECTION ( 'NONE',  ( 0.000000000000000000, 0.000000000000000000, -1.000000000000000000 ) ) ;
#1118 = DIRECTION ( 'NONE',  ( -6.833739152871057532E-15, -2.592370252323553063E-45, 1.000000000000000000 ) ) ;
#1119 = VERTEX_POINT ( 'NONE', #4492 ) ;
#1120 = VECTOR ( 'NONE', #1856, 1000.000000000000000 ) ;
#1121 = CARTESIAN_POINT ( 'NONE',  ( -120.0000000000000000, 30.00000000000000000, 63.00000000000001421 ) ) ;
#1122 = EDGE_CURVE ( 'NONE', #3435, #2372, #87, .T. ) ;
#1123 = DIRECTION ( 'NONE',  ( 2.484433095295732247E-29, -1.000000000000000000, -3.524517538492560546E-15 ) ) ;
#1124 = ORIENTED_EDGE ( 'NONE', *, *, #635, .F. ) ;
#1125 = EDGE_CURVE ( 'NONE', #3270, #3974, #499, .T. ) ;
#1126 = EDGE_CURVE ( 'NONE', #3323, #4818, #2753, .T. ) ;
#1127 = CARTESIAN_POINT ( 'NONE',  ( -115.9999999999999574, 418.0000000000001705, 123.0000000000000284 ) ) ;
#1128 = DIRECTION ( 'NONE',  ( 0.000000000000000000, 1.000000000000000000, 5.551115123125777969E-15 ) ) ;
#1129 = LINE ( 'NONE', #2285, #1080 ) ;
#1130 = EDGE_LOOP ( 'NONE', ( #3028, #4802 ) ) ;
#1131 = ORIENTED_EDGE ( 'NONE', *, *, #2329, .F. ) ;
#1132 = DIRECTION ( 'NONE',  ( 0.000000000000000000, 0.000000000000000000, -1.000000000000000000 ) ) ;
#1133 = CARTESIAN_POINT ( 'NONE',  ( -48.00000000000000000, 920.0000000000000000, -3.999999999999999112 ) ) ;
#1134 = DIRECTION ( 'NONE',  ( 0.000000000000000000, 0.000000000000000000, 1.000000000000000000 ) ) ;
#1135 = CARTESIAN_POINT ( 'NONE',  ( -29.99999999999997158, 921.0000000000004547, 3.300000000000452793 ) ) ;
#1136 = ORIENTED_EDGE ( 'NONE', *, *, #3014, .F. ) ;
#1137 = EDGE_LOOP ( 'NONE', ( #2535, #2588 ) ) ;
#1138 = AXIS2_PLACEMENT_3D ( 'NONE', #3042, #3790, #1174 ) ;
#1139 = LINE ( 'NONE', #4264, #4606 ) ;
#1140 = DIRECTION ( 'NONE',  ( 1.000000000000000000, 0.000000000000000000, 6.887872625202111649E-15 ) ) ;
#1141 = AXIS2_PLACEMENT_3D ( 'NONE', #5003, #2680, #1562 ) ;
#1142 = ORIENTED_EDGE ( 'NONE', *, *, #421, .T. ) ;
#1143 = VECTOR ( 'NONE', #2934, 999.9999999999998863 ) ;
#1144 = LINE ( 'NONE', #3841, #746 ) ;
#1145 = CARTESIAN_POINT ( 'NONE',  ( -48.00000000000000000, 920.0000000000000000, 4.898587196589417759E-16 ) ) ;
#1146 = AXIS2_PLACEMENT_3D ( 'NONE', #3727, #4437, #980 ) ;
#1147 = ORIENTED_EDGE ( 'NONE', *, *, #1813, .F. ) ;
#1148 = CIRCLE ( 'NONE', #2835, 29.99999999999999289 ) ;
#1149 = AXIS2_PLACEMENT_3D ( 'NONE', #71, #1741, #252 ) ;
#1150 = DIRECTION ( 'NONE',  ( 1.275978431064007367E-29, -1.000000000000000000, -3.524517538492560546E-15 ) ) ;
#1151 = ADVANCED_FACE ( 'NONE', ( #276 ), #1814, .F. ) ;
#1152 = CARTESIAN_POINT ( 'NONE',  ( 86.00000000000000000, 920.0000000000000000, 5.911710140988645683E-13 ) ) ;
#1153 = CARTESIAN_POINT ( 'NONE',  ( 114.9999999999991189, 420.0000000000000568, 125.0000000000007816 ) ) ;
#1154 = ORIENTED_EDGE ( 'NONE', *, *, #2664, .F. ) ;
#1155 = EDGE_LOOP ( 'NONE', ( #4091, #5002 ) ) ;
#1156 = CIRCLE ( 'NONE', #3485, 3.149999999999986144 ) ;
#1157 = EDGE_CURVE ( 'NONE', #807, #1450, #4610, .T. ) ;
#1158 = EDGE_CURVE ( 'NONE', #4801, #2258, #2348, .T. ) ;
#1159 = CARTESIAN_POINT ( 'NONE',  ( 29.99999999999922551, 923.5500000000000682, 111.7000000000005997 ) ) ;
#1160 = AXIS2_PLACEMENT_3D ( 'NONE', #3548, #4392, #1283 ) ;
#1161 = CARTESIAN_POINT ( 'NONE',  ( -115.9999999999999716, 420.0000000000001705, 123.0000000000000284 ) ) ;
#1162 = LINE ( 'NONE', #711, #3284 ) ;
#1163 = DIRECTION ( 'NONE',  ( -7.461176240760461390E-17, 0.000000000000000000, -1.000000000000000000 ) ) ;
#1164 = EDGE_LOOP ( 'NONE', ( #2160, #4250 ) ) ;
#1165 = ORIENTED_EDGE ( 'NONE', *, *, #1849, .T. ) ;
#1166 = VECTOR ( 'NONE', #1841, 1000.000000000000000 ) ;
#1167 = DIRECTION ( 'NONE',  ( 6.833739152871057532E-15, 2.592370252323553063E-45, -1.000000000000000000 ) ) ;
#1168 = CYLINDRICAL_SURFACE ( 'NONE', #3647, 5.000000000000004441 ) ;
#1169 = AXIS2_PLACEMENT_3D ( 'NONE', #2773, #3618, #1698 ) ;
#1170 = EDGE_LOOP ( 'NONE', ( #3909, #2932, #1595, #3276 ) ) ;
#1171 = VECTOR ( 'NONE', #1198, 1000.000000000000000 ) ;
#1172 = CARTESIAN_POINT ( 'NONE',  ( -94.99999999999998579, 875.0000000000000000, 126.0000000000000568 ) ) ;
#1173 = AXIS2_PLACEMENT_3D ( 'NONE', #271, #1754, #1779 ) ;
#1174 = DIRECTION ( 'NONE',  ( -6.122553444624255526E-15, 0.000000000000000000, 1.000000000000000000 ) ) ;
#1175 = ORIENTED_EDGE ( 'NONE', *, *, #1158, .F. ) ;
#1176 = FACE_OUTER_BOUND ( 'NONE', #1627, .T. ) ;
#1177 = FACE_OUTER_BOUND ( 'NONE', #3603, .T. ) ;
#1178 = ORIENTED_EDGE ( 'NONE', *, *, #1100, .F. ) ;
#1179 = VERTEX_POINT ( 'NONE', #738 ) ;
#1180 = DIRECTION ( 'NONE',  ( 0.000000000000000000, 1.000000000000000000, 0.000000000000000000 ) ) ;
#1181 = DIRECTION ( 'NONE',  ( -0.000000000000000000, 1.000000000000000000, 3.524517538492560546E-15 ) ) ;
#1182 = DIRECTION ( 'NONE',  ( 0.7071067811865524577, -8.659560562354879857E-17, -0.7071067811865426878 ) ) ;
#1183 = EDGE_CURVE ( 'NONE', #3543, #2998, #3073, .T. ) ;
#1184 = CARTESIAN_POINT ( 'NONE',  ( 68.70000000000000284, 30.00000000000000000, -3.999999999999527489 ) ) ;
#1185 = ADVANCED_FACE ( 'NONE', ( #400 ), #379, .F. ) ;
#1186 = VERTEX_POINT ( 'NONE', #2623 ) ;
#1187 = VERTEX_POINT ( 'NONE', #4184 ) ;
#1188 = DIRECTION ( 'NONE',  ( -8.163404592832066703E-15, 0.000000000000000000, 1.000000000000000000 ) ) ;
#1189 = DIRECTION ( 'NONE',  ( 1.000000000000000000, 1.321694076934711881E-16, 6.833739152871057532E-15 ) ) ;
#1190 = EDGE_CURVE ( 'NONE', #3283, #3029, #1218, .T. ) ;
#1191 = ORIENTED_EDGE ( 'NONE', *, *, #3704, .F. ) ;
#1192 = AXIS2_PLACEMENT_3D ( 'NONE', #3383, #1336, #2875 ) ;
#1193 = DIRECTION ( 'NONE',  ( -3.589083053745118507E-15, 1.110223024625156787E-16, 1.000000000000000000 ) ) ;
#1194 = FACE_OUTER_BOUND ( 'NONE', #3063, .T. ) ;
#1195 = CYLINDRICAL_SURFACE ( 'NONE', #2552, 1.699999999999979305 ) ;
#1196 = ORIENTED_EDGE ( 'NONE', *, *, #1271, .T. ) ;
#1197 = LOCAL_TIME ( 22, 50, 54.00000000000000000, #2022 ) ;
#1198 = DIRECTION ( 'NONE',  ( 1.000000000000000000, 7.586974551799862254E-31, 6.908350915278662121E-15 ) ) ;
#1199 = COORDINATED_UNIVERSAL_TIME_OFFSET ( 8, 0, .AHEAD. ) ;
#1200 = ORIENTED_EDGE ( 'NONE', *, *, #2907, .F. ) ;
#1201 = VERTEX_POINT ( 'NONE', #3828 ) ;
#1202 = DIRECTION ( 'NONE',  ( -1.000000000000000000, 0.000000000000000000, -0.000000000000000000 ) ) ;
#1203 = FACE_OUTER_BOUND ( 'NONE', #3777, .T. ) ;
#1204 = CYLINDRICAL_SURFACE ( 'NONE', #51, 1.699999999999979305 ) ;
#1205 = CARTESIAN_POINT ( 'NONE',  ( -33.14999999999999858, 495.5000000000000568, 130.0000000000005116 ) ) ;
#1206 = VERTEX_POINT ( 'NONE', #2262 ) ;
#1207 = VERTEX_POINT ( 'NONE', #2672 ) ;
#1208 = CARTESIAN_POINT ( 'NONE',  ( -29.99999999999998934, 923.5500000000000682, 90.00000000000039790 ) ) ;
#1209 = FACE_OUTER_BOUND ( 'NONE', #2448, .T. ) ;
#1210 = EDGE_LOOP ( 'NONE', ( #4096, #4628, #3369, #20, #553, #4161, #2075, #508 ) ) ;
#1211 = EDGE_CURVE ( 'NONE', #1393, #768, #3000, .T. ) ;
#1212 = ADVANCED_FACE ( 'NONE', ( #330 ), #2240, .F. ) ;
#1213 = ADVANCED_FACE ( 'NONE', ( #14 ), #1863, .F. ) ;
#1214 = DIRECTION ( 'NONE',  ( -1.000000000000000000, 0.000000000000000000, -5.551115123125777969E-15 ) ) ;
#1215 = CYLINDRICAL_SURFACE ( 'NONE', #838, 1.699999999999937561 ) ;
#1216 = CARTESIAN_POINT ( 'NONE',  ( 29.99999999999993605, 925.0000000000004547, 5.000000000000607514 ) ) ;
#1217 = AXIS2_PLACEMENT_3D ( 'NONE', #3333, #1016, #616 ) ;
#1218 = CIRCLE ( 'NONE', #1297, 3.149999999999999911 ) ;
#1219 = CARTESIAN_POINT ( 'NONE',  ( 29.99999999999993605, 925.0000000000004547, 5.000000000000607514 ) ) ;
#1220 = AXIS2_PLACEMENT_3D ( 'NONE', #1853, #4892, #4535 ) ;
#1221 = APPROVAL_ROLE ( '' ) ;
#1222 = ORIENTED_EDGE ( 'NONE', *, *, #2323, .F. ) ;
#1223 = VERTEX_POINT ( 'NONE', #1159 ) ;
#1224 = AXIS2_PLACEMENT_3D ( 'NONE', #3539, #901, #493 ) ;
#1225 = VECTOR ( 'NONE', #4803, 1000.000000000000000 ) ;
#1226 = DIRECTION ( 'NONE',  ( -1.000000000000000000, -7.586974551799862254E-31, -6.836851346496830837E-15 ) ) ;
#1227 = DIRECTION ( 'NONE',  ( -1.000000000000000000, -7.586974551799862254E-31, -6.908350915278662121E-15 ) ) ;
#1228 = CYLINDRICAL_SURFACE ( 'NONE', #4580, 1.699999999999936007 ) ;
#1229 = PLANE ( 'NONE',  #4913 ) ;
#1230 = AXIS2_PLACEMENT_3D ( 'NONE', #1847, #2986, #3736 ) ;
#1231 = ORIENTED_EDGE ( 'NONE', *, *, #3587, .F. ) ;
#1232 = ORIENTED_EDGE ( 'NONE', *, *, #3584, .T. ) ;
#1233 = CIRCLE ( 'NONE', #4873, 1.699999999999982858 ) ;
#1234 = CARTESIAN_POINT ( 'NONE',  ( -118.5499999999999687, 30.00000000000002842, 123.0000000000000142 ) ) ;
#1235 = CARTESIAN_POINT ( 'NONE',  ( -48.00000000000000000, 920.0000000000000000, 4.898587196589417759E-16 ) ) ;
#1236 = CARTESIAN_POINT ( 'NONE',  ( 115.9999999999997868, 920.0000000000000000, 30.00000000000079936 ) ) ;
#1237 = VERTEX_POINT ( 'NONE', #3780 ) ;
#1238 = VECTOR ( 'NONE', #2674, 999.9999999999998863 ) ;
#1239 = EDGE_CURVE ( 'NONE', #34, #1207, #1935, .T. ) ;
#1240 = LINE ( 'NONE', #1660, #755 ) ;
#1241 = AXIS2_PLACEMENT_3D ( 'NONE', #4327, #3562, #3208 ) ;
#1242 = DIRECTION ( 'NONE',  ( 5.551115123125777969E-15, 0.000000000000000000, -1.000000000000000000 ) ) ;
#1243 = DIRECTION ( 'NONE',  ( 1.000000000000000000, 7.586974551799862254E-31, 6.833739152871057532E-15 ) ) ;
#1244 = ORIENTED_EDGE ( 'NONE', *, *, #4268, .F. ) ;
#1245 = ADVANCED_FACE ( 'NONE', ( #3871 ), #4545, .F. ) ;
#1246 = EDGE_CURVE ( 'NONE', #2307, #1410, #3099, .T. ) ;
#1247 = DIRECTION ( 'NONE',  ( 0.000000000000000000, 0.7071067811865299202, 0.7071067811865650032 ) ) ;
#1248 = CALENDAR_DATE ( 2026, 30, 6 ) ;
#1249 = ORIENTED_EDGE ( 'NONE', *, *, #700, .T. ) ;
#1250 = ORIENTED_EDGE ( 'NONE', *, *, #636, .F. ) ;
#1251 = LINE ( 'NONE', #1671, #3324 ) ;
#1252 = LINE ( 'NONE', #113, #4379 ) ;
#1253 = DIRECTION ( 'NONE',  ( 6.833739152871057532E-15, 2.592370252323553063E-45, -1.000000000000000000 ) ) ;
#1254 = CARTESIAN_POINT ( 'NONE',  ( -119.9999999999999858, 30.00000000000000000, 183.0000000000000000 ) ) ;
#1255 = ORIENTED_EDGE ( 'NONE', *, *, #329, .T. ) ;
#1256 = ORIENTED_EDGE ( 'NONE', *, *, #1397, .F. ) ;
#1257 = CARTESIAN_POINT ( 'NONE',  ( 114.9999999999993463, 921.0000000000003411, 30.00000000000074607 ) ) ;
#1258 = CARTESIAN_POINT ( 'NONE',  ( -115.9999999999999716, 353.3309524416879981, 147.6999999999999886 ) ) ;
#1259 = DIRECTION ( 'NONE',  ( -1.000000000000000000, 0.000000000000000000, 0.000000000000000000 ) ) ;
#1260 = ORIENTED_EDGE ( 'NONE', *, *, #4553, .F. ) ;
#1261 = DIRECTION ( 'NONE',  ( -0.7071067811865457964, 0.000000000000000000, 0.7071067811865492381 ) ) ;
#1262 = DIRECTION ( 'NONE',  ( 0.000000000000000000, 0.000000000000000000, 1.000000000000000000 ) ) ;
#1263 = LINE ( 'NONE', #3888, #3479 ) ;
#1264 = CIRCLE ( 'NONE', #315, 1.699999999999993072 ) ;
#1265 = AXIS2_PLACEMENT_3D ( 'NONE', #2391, #3242, #3924 ) ;
#1266 = VECTOR ( 'NONE', #1908, 1000.000000000000000 ) ;
#1267 = ADVANCED_FACE ( 'NONE', ( #1890 ), #3481, .F. ) ;
#1268 = AXIS2_PLACEMENT_3D ( 'NONE', #2804, #1709, #146 ) ;
#1269 = PLANE ( 'NONE',  #4882 ) ;
#1270 = ORIENTED_EDGE ( 'NONE', *, *, #1954, .F. ) ;
#1271 = EDGE_CURVE ( 'NONE', #560, #388, #37, .T. ) ;
#1272 = ORIENTED_EDGE ( 'NONE', *, *, #1796, .T. ) ;
#1273 = EDGE_CURVE ( 'NONE', #5005, #1724, #4213, .T. ) ;
#1274 = ADVANCED_FACE ( 'NONE', ( #2717 ), #4594, .T. ) ;
#1275 = LINE ( 'NONE', #3165, #1619 ) ;
#1276 = CARTESIAN_POINT ( 'NONE',  ( 118.5499999999987324, 30.00000000000000000, 183.0000000000007958 ) ) ;
#1277 = VECTOR ( 'NONE', #480, 1000.000000000000000 ) ;
#1278 = CYLINDRICAL_SURFACE ( 'NONE', #632, 1.699999999999979305 ) ;
#1279 = DIRECTION ( 'NONE',  ( -1.000000000000000000, 0.000000000000000000, 0.000000000000000000 ) ) ;
#1280 = ORIENTED_EDGE ( 'NONE', *, *, #3535, .F. ) ;
#1281 = ORIENTED_EDGE ( 'NONE', *, *, #4330, .T. ) ;
#1282 = FACE_OUTER_BOUND ( 'NONE', #1652, .T. ) ;
#1283 = DIRECTION ( 'NONE',  ( 0.000000000000000000, 0.000000000000000000, 1.000000000000000000 ) ) ;
#1284 = FACE_OUTER_BOUND ( 'NONE', #1359, .T. ) ;
#1285 = VERTEX_POINT ( 'NONE', #2053 ) ;
#1286 = VERTEX_POINT ( 'NONE', #3189 ) ;
#1287 = CARTESIAN_POINT ( 'NONE',  ( 119.9999999999991189, 30.00000000000002842, 124.7000000000008129 ) ) ;
#1288 = DIRECTION ( 'NONE',  ( -1.000000000000000000, -7.586974551799862254E-31, -6.908350915278662121E-15 ) ) ;
#1289 = CIRCLE ( 'NONE', #2662, 1.699999999999993072 ) ;
#1290 = DIRECTION ( 'NONE',  ( -8.163404592832132968E-15, 0.000000000000000000, 1.000000000000000000 ) ) ;
#1291 = EDGE_CURVE ( 'NONE', #2575, #1970, #2355, .T. ) ;
#1292 = CARTESIAN_POINT ( 'NONE',  ( -120.0000000000000000, 30.00000000000000000, 63.00000000000001421 ) ) ;
#1293 = PERSON_AND_ORGANIZATION ( #2071, #140 ) ;
#1294 = AXIS2_PLACEMENT_3D ( 'NONE', #43, #431, #3105 ) ;
#1295 = ORIENTED_EDGE ( 'NONE', *, *, #200, .T. ) ;
#1296 = ORIENTED_EDGE ( 'NONE', *, *, #1001, .F. ) ;
#1297 = AXIS2_PLACEMENT_3D ( 'NONE', #2289, #3472, #1912 ) ;
#1298 = EDGE_CURVE ( 'NONE', #1054, #743, #2193, .T. ) ;
#1299 = DIRECTION ( 'NONE',  ( -6.122553444624049633E-15, 0.000000000000000000, 1.000000000000000000 ) ) ;
#1300 = DIRECTION ( 'NONE',  ( 1.275978431064007367E-29, -1.000000000000000000, -3.524517538492560546E-15 ) ) ;
#1301 = CARTESIAN_POINT ( 'NONE',  ( -119.9999999999999858, 50.00000000000000000, 183.0000000000000000 ) ) ;
#1302 = LINE ( 'NONE', #1624, #2249 ) ;
#1303 = ORIENTED_EDGE ( 'NONE', *, *, #4080, .T. ) ;
#1304 = EDGE_CURVE ( 'NONE', #1119, #560, #4616, .T. ) ;
#1305 = EDGE_LOOP ( 'NONE', ( #3143, #2058, #2582, #3926 ) ) ;
#1306 = AXIS2_PLACEMENT_3D ( 'NONE', #2000, #4761, #1226 ) ;
#1307 = EDGE_CURVE ( 'NONE', #1911, #3691, #4737, .T. ) ;
#1308 = AXIS2_PLACEMENT_3D ( 'NONE', #3686, #3305, #3631 ) ;
#1309 = DIRECTION ( 'NONE',  ( 0.000000000000000000, 0.000000000000000000, 1.000000000000000000 ) ) ;
#1310 = AXIS2_PLACEMENT_3D ( 'NONE', #4804, #3992, #181 ) ;
#1311 = DIRECTION ( 'NONE',  ( 6.938893903907229955E-15, 0.000000000000000000, -1.000000000000000000 ) ) ;
#1312 = CIRCLE ( 'NONE', #4134, 1.699999999999979305 ) ;
#1313 = DIRECTION ( 'NONE',  ( -8.811293846231439230E-15, 0.000000000000000000, 1.000000000000000000 ) ) ;
#1314 = ORIENTED_EDGE ( 'NONE', *, *, #3860, .F. ) ;
#1315 = ORIENTED_EDGE ( 'NONE', *, *, #817, .T. ) ;
#1316 = CIRCLE ( 'NONE', #3417, 1.699999999999979305 ) ;
#1317 = CARTESIAN_POINT ( 'NONE',  ( 86.00000000000002842, 920.0000000000000000, -3.999999999999398259 ) ) ;
#1318 = DIRECTION ( 'NONE',  ( -1.000000000000000000, -7.586974551799862254E-31, -6.908350915278662121E-15 ) ) ;
#1319 = FACE_OUTER_BOUND ( 'NONE', #490, .T. ) ;
#1320 = CIRCLE ( 'NONE', #4787, 30.00000000000000000 ) ;
#1321 = DIRECTION ( 'NONE',  ( -6.608470384673551024E-15, 0.000000000000000000, 1.000000000000000000 ) ) ;
#1322 = ORIENTED_EDGE ( 'NONE', *, *, #4828, .F. ) ;
#1323 = DIRECTION ( 'NONE',  ( -1.000000000000000000, -0.000000000000000000, 7.461176240760461390E-17 ) ) ;
#1324 = AXIS2_PLACEMENT_3D ( 'NONE', #2050, #2073, #1688 ) ;
#1325 = ORIENTED_EDGE ( 'NONE', *, *, #2171, .T. ) ;
#1326 = ORIENTED_EDGE ( 'NONE', *, *, #2724, .T. ) ;
#1327 = CARTESIAN_POINT ( 'NONE',  ( 85.99999999999980105, 920.0000000000000000, 30.00000000000058975 ) ) ;
#1328 = CARTESIAN_POINT ( 'NONE',  ( -84.99999999999955946, 921.0000000000003411, 30.00000000000008171 ) ) ;
#1329 = DIRECTION ( 'NONE',  ( -8.811293846231439230E-15, 0.000000000000000000, 1.000000000000000000 ) ) ;
#1330 = CARTESIAN_POINT ( 'NONE',  ( -67.00000000000000000, 30.00000000000000000, -3.999999999999996447 ) ) ;
#1331 = EDGE_LOOP ( 'NONE', ( #1260, #816, #2621, #1231 ) ) ;
#1332 = ORIENTED_EDGE ( 'NONE', *, *, #2855, .T. ) ;
#1333 = DIRECTION ( 'NONE',  ( 1.000000000000000000, 7.586974551799862254E-31, 6.908350915278662121E-15 ) ) ;
#1334 = EDGE_CURVE ( 'NONE', #3056, #931, #2409, .T. ) ;
#1335 = DIRECTION ( 'NONE',  ( -1.000000000000000000, -1.321694076934711881E-16, -6.833739152871057532E-15 ) ) ;
#1336 = DIRECTION ( 'NONE',  ( -1.000000000000000000, -7.586974551799862254E-31, -6.908350915278662121E-15 ) ) ;
#1337 = VERTEX_POINT ( 'NONE', #448 ) ;
#1338 = ORIENTED_EDGE ( 'NONE', *, *, #1406, .T. ) ;
#1339 = EDGE_CURVE ( 'NONE', #768, #3648, #1648, .T. ) ;
#1340 = CARTESIAN_POINT ( 'NONE',  ( 29.99999999999913669, 495.5000000000000568, 126.0000000000005258 ) ) ;
#1341 = EDGE_CURVE ( 'NONE', #3467, #1875, #1275, .T. ) ;
#1342 = DIRECTION ( 'NONE',  ( 0.000000000000000000, 0.000000000000000000, 1.000000000000000000 ) ) ;
#1343 = DIRECTION ( 'NONE',  ( 0.000000000000000000, 0.000000000000000000, -1.000000000000000000 ) ) ;
#1344 = FACE_OUTER_BOUND ( 'NONE', #3638, .T. ) ;
#1345 = VERTEX_POINT ( 'NONE', #927 ) ;
#1346 = DIRECTION ( 'NONE',  ( 0.000000000000000000, -1.000000000000000000, 0.000000000000000000 ) ) ;
#1347 = VERTEX_POINT ( 'NONE', #881 ) ;
#1348 = ORIENTED_EDGE ( 'NONE', *, *, #3772, .T. ) ;
#1349 = VECTOR ( 'NONE', #1383, 1000.000000000000000 ) ;
#1350 = DIRECTION ( 'NONE',  ( 8.163404592832132968E-15, 0.000000000000000000, -1.000000000000000000 ) ) ;
#1351 = DIRECTION ( 'NONE',  ( -6.122553444624049633E-15, 0.000000000000000000, 1.000000000000000000 ) ) ;
#1352 = DIRECTION ( 'NONE',  ( 0.000000000000000000, 0.000000000000000000, 1.000000000000000000 ) ) ;
#1353 = CARTESIAN_POINT ( 'NONE',  ( 119.9999999999987352, 30.00000000000000000, 183.0000000000008242 ) ) ;
#1354 = VERTEX_POINT ( 'NONE', #57 ) ;
#1355 = EDGE_LOOP ( 'NONE', ( #2177, #3008, #3252, #3219 ) ) ;
#1356 = CARTESIAN_POINT ( 'NONE',  ( 29.99999999999993605, 923.5500000000005230, 5.000000000000602185 ) ) ;
#1357 = CARTESIAN_POINT ( 'NONE',  ( -120.0000000000000000, 30.00000000000000000, 59.85000000000001563 ) ) ;
#1358 = DIRECTION ( 'NONE',  ( -8.163404592832132968E-15, 0.000000000000000000, 1.000000000000000000 ) ) ;
#1359 = EDGE_LOOP ( 'NONE', ( #4441, #859, #3665, #2220 ) ) ;
#1360 = VERTEX_POINT ( 'NONE', #136 ) ;
#1361 = CYLINDRICAL_SURFACE ( 'NONE', #2018, 1.699999999999937561 ) ;
#1362 = DIRECTION ( 'NONE',  ( 0.7071067811865524577, -8.659560562354879857E-17, -0.7071067811865426878 ) ) ;
#1363 = EDGE_CURVE ( 'NONE', #768, #829, #1251, .T. ) ;
#1364 = DIRECTION ( 'NONE',  ( 0.000000000000000000, 1.000000000000000000, 0.000000000000000000 ) ) ;
#1365 = ORIENTED_EDGE ( 'NONE', *, *, #501, .T. ) ;
#1366 = ADVANCED_FACE ( 'NONE', ( #4309 ), #1597, .T. ) ;
#1367 = EDGE_CURVE ( 'NONE', #2543, #1710, #470, .T. ) ;
#1368 = EDGE_CURVE ( 'NONE', #1823, #3610, #2027, .T. ) ;
#1369 = CARTESIAN_POINT ( 'NONE',  ( -119.9999999999999858, 300.0000000000000000, 184.6999999999999886 ) ) ;
#1370 = ORIENTED_EDGE ( 'NONE', *, *, #1900, .T. ) ;
#1371 = EDGE_LOOP ( 'NONE', ( #4721, #3306 ) ) ;
#1372 = DIRECTION ( 'NONE',  ( 0.000000000000000000, 0.000000000000000000, 1.000000000000000000 ) ) ;
#1373 = CIRCLE ( 'NONE', #4840, 1.699999999999979305 ) ;
#1374 = AXIS2_PLACEMENT_3D ( 'NONE', #2351, #26, #3110 ) ;
#1375 = FACE_OUTER_BOUND ( 'NONE', #1544, .T. ) ;
#1376 = DIRECTION ( 'NONE',  ( 1.000000000000000000, 0.000000000000000000, -7.461176240760461390E-17 ) ) ;
#1377 = FACE_OUTER_BOUND ( 'NONE', #2280, .T. ) ;
#1378 = VERTEX_POINT ( 'NONE', #3215 ) ;
#1379 = EDGE_LOOP ( 'NONE', ( #4773, #1669, #3034, #2895 ) ) ;
#1380 = CIRCLE ( 'NONE', #3954, 5.000000000000004441 ) ;
#1381 = DIRECTION ( 'NONE',  ( -0.7071067811865474617, 0.000000000000000000, 0.7071067811865474617 ) ) ;
#1382 = CARTESIAN_POINT ( 'NONE',  ( -114.9999999999995595, 921.0000000000003411, 29.99999999999995737 ) ) ;
#1383 = DIRECTION ( 'NONE',  ( -0.7071067811865392461, -8.659560562354945184E-17, -0.7071067811865557884 ) ) ;
#1384 = CIRCLE ( 'NONE', #4288, 1.699999999999979305 ) ;
#1385 = ORIENTED_EDGE ( 'NONE', *, *, #2601, .F. ) ;
#1386 = AXIS2_PLACEMENT_3D ( 'NONE', #1101, #697, #1020 ) ;
#1387 = ORIENTED_EDGE ( 'NONE', *, *, #2992, .F. ) ;
#1388 = AXIS2_PLACEMENT_3D ( 'NONE', #4236, #2795, #81 ) ;
#1389 = VECTOR ( 'NONE', #4320, 1000.000000000000000 ) ;
#1390 = LINE ( 'NONE', #3735, #1143 ) ;
#1391 = CARTESIAN_POINT ( 'NONE',  ( -118.5499999999999687, 30.00000000000000000, 183.0000000000000000 ) ) ;
#1392 = DIRECTION ( 'NONE',  ( 0.000000000000000000, 0.000000000000000000, -1.000000000000000000 ) ) ;
#1393 = VERTEX_POINT ( 'NONE', #4686 ) ;
#1394 = AXIS2_PLACEMENT_3D ( 'NONE', #4297, #1993, #2379 ) ;
#1395 = DIRECTION ( 'NONE',  ( -0.000000000000000000, 1.000000000000000000, 3.524517538492560546E-15 ) ) ;
#1396 = AXIS2_PLACEMENT_3D ( 'NONE', #3015, #312, #1017 ) ;
#1397 = EDGE_CURVE ( 'NONE', #674, #4523, #987, .T. ) ;
#1398 = EDGE_CURVE ( 'NONE', #3579, #335, #3567, .T. ) ;
#1399 = DIRECTION ( 'NONE',  ( 1.000000000000000000, 7.586974551799862254E-31, 6.908350915278662121E-15 ) ) ;
#1400 = VERTEX_POINT ( 'NONE', #548 ) ;
#1401 = ORIENTED_EDGE ( 'NONE', *, *, #2356, .F. ) ;
#1402 = AXIS2_PLACEMENT_3D ( 'NONE', #2216, #981, #4163 ) ;
#1403 = VECTOR ( 'NONE', #4946, 1000.000000000000000 ) ;
#1404 = DIRECTION ( 'NONE',  ( -1.275978431064007367E-29, 1.000000000000000000, 3.524517538492560546E-15 ) ) ;
#1405 = AXIS2_PLACEMENT_3D ( 'NONE', #572, #4815, #4432 ) ;
#1406 = EDGE_CURVE ( 'NONE', #2574, #2915, #91, .T. ) ;
#1407 = FACE_BOUND ( 'NONE', #2178, .T. ) ;
#1408 = DIRECTION ( 'NONE',  ( -4.941217494374855255E-15, -0.7071067811865459074, 0.7071067811865491270 ) ) ;
#1409 = CARTESIAN_POINT ( 'NONE',  ( -67.00000000000000000, 30.00000000000000000, -3.999999999999996447 ) ) ;
#1410 = VERTEX_POINT ( 'NONE', #3921 ) ;
#1411 = EDGE_LOOP ( 'NONE', ( #575, #3663, #2620, #3352 ) ) ;
#1412 = CARTESIAN_POINT ( 'NONE',  ( 114.9999999999991189, 920.0000000000000000, 125.0000000000007816 ) ) ;
#1413 = DIRECTION ( 'NONE',  ( -1.324119507533414424E-29, 1.000000000000000000, 3.613946018757868503E-15 ) ) ;
#1414 = DIRECTION ( 'NONE',  ( -6.833739152871057532E-15, -2.592370252323553063E-45, 1.000000000000000000 ) ) ;
#1415 = EDGE_LOOP ( 'NONE', ( #3512, #1965, #799, #4569 ) ) ;
#1416 = EDGE_LOOP ( 'NONE', ( #3440, #368, #4866, #4348 ) ) ;
#1417 = DIRECTION ( 'NONE',  ( -0.000000000000000000, -1.000000000000000000, -0.000000000000000000 ) ) ;
#1418 = DIRECTION ( 'NONE',  ( 7.841021663933347352E-17, -0.000000000000000000, 1.000000000000000000 ) ) ;
#1419 = DIRECTION ( 'NONE',  ( 2.484433095295732247E-29, -1.000000000000000000, -3.524517538492560546E-15 ) ) ;
#1420 = VERTEX_POINT ( 'NONE', #3975 ) ;
#1421 = LINE ( 'NONE', #4889, #827 ) ;
#1422 = CARTESIAN_POINT ( 'NONE',  ( 114.9999999999993463, 925.0000000000003411, 30.00000000000075673 ) ) ;
#1423 = VECTOR ( 'NONE', #3293, 999.9999999999998863 ) ;
#1424 = ORIENTED_EDGE ( 'NONE', *, *, #610, .F. ) ;
#1425 = CARTESIAN_POINT ( 'NONE',  ( -115.9999999999999858, 300.0000000000000000, 55.70000000000000284 ) ) ;
#1426 = ADVANCED_FACE ( 'NONE', ( #521 ), #3117, .T. ) ;
#1427 = CYLINDRICAL_SURFACE ( 'NONE', #178, 1.699999999999979305 ) ;
#1428 = CARTESIAN_POINT ( 'NONE',  ( 119.9999999999995310, 30.00000000000000000, 66.15000000000082991 ) ) ;
#1429 = EDGE_CURVE ( 'NONE', #3094, #4979, #1071, .T. ) ;
#1430 = FACE_OUTER_BOUND ( 'NONE', #313, .T. ) ;
#1431 = FACE_OUTER_BOUND ( 'NONE', #1442, .T. ) ;
#1432 = ORIENTED_EDGE ( 'NONE', *, *, #968, .T. ) ;
#1433 = ORIENTED_EDGE ( 'NONE', *, *, #696, .T. ) ;
#1434 = AXIS2_PLACEMENT_3D ( 'NONE', #4927, #810, #3005 ) ;
#1435 = EDGE_CURVE ( 'NONE', #3245, #2575, #3265, .T. ) ;
#1436 = EDGE_CURVE ( 'NONE', #1653, #2638, #2275, .T. ) ;
#1437 = CARTESIAN_POINT ( 'NONE',  ( 48.00000000000002842, 3.641747784863934723E-29, -3.999999999999671374 ) ) ;
#1438 = CIRCLE ( 'NONE', #4419, 3.149999999999986144 ) ;
#1439 = FACE_OUTER_BOUND ( 'NONE', #1658, .T. ) ;
#1440 = CARTESIAN_POINT ( 'NONE',  ( 115.9999999999997868, 920.0000000000000000, 30.00000000000079936 ) ) ;
#1441 = CARTESIAN_POINT ( 'NONE',  ( 118.5499999999995708, 30.00000000000000000, 61.30000000000083560 ) ) ;
#1442 = EDGE_LOOP ( 'NONE', ( #2024, #2185, #4153, #3673 ) ) ;
#1443 = ORIENTED_EDGE ( 'NONE', *, *, #2330, .T. ) ;
#1444 = CC_DESIGN_APPROVAL ( #2200, ( #1828 ) ) ;
#1445 = DIRECTION ( 'NONE',  ( 0.000000000000000000, 0.000000000000000000, 1.000000000000000000 ) ) ;
#1446 = DIRECTION ( 'NONE',  ( 0.000000000000000000, 3.700743415417188731E-15, -1.000000000000000000 ) ) ;
#1447 = EDGE_LOOP ( 'NONE', ( #1443, #2683, #147, #3157 ) ) ;
#1448 = FACE_BOUND ( 'NONE', #3799, .T. ) ;
#1449 = DIRECTION ( 'NONE',  ( -6.608470384673549446E-15, 0.000000000000000000, 1.000000000000000000 ) ) ;
#1450 = VERTEX_POINT ( 'NONE', #649 ) ;
#1451 = LINE ( 'NONE', #4125, #4940 ) ;
#1452 = CARTESIAN_POINT ( 'NONE',  ( -29.99999999999997158, 923.5500000000005230, 5.000000000000397016 ) ) ;
#1453 = DIRECTION ( 'NONE',  ( 0.7071067811865409114, 5.364801154267417877E-31, 0.7071067811865541231 ) ) ;
#1454 = CARTESIAN_POINT ( 'NONE',  ( -119.9999999999999716, 331.4644660940676886, 214.5355339059327378 ) ) ;
#1455 = DIRECTION ( 'NONE',  ( -2.484433095295732247E-29, 1.000000000000000000, 3.524517538492560546E-15 ) ) ;
#1456 = ORIENTED_EDGE ( 'NONE', *, *, #2227, .F. ) ;
#1457 = ORIENTED_EDGE ( 'NONE', *, *, #3492, .F. ) ;
#1458 = CARTESIAN_POINT ( 'NONE',  ( 114.9999999999994316, 925.0000000000004547, 3.547863790582039779E-12 ) ) ;
#1459 = LINE ( 'NONE', #1759, #1166 ) ;
#1460 = CARTESIAN_POINT ( 'NONE',  ( -119.9999999999999858, 300.0000000000000000, 179.8500000000000227 ) ) ;
#1461 = EDGE_CURVE ( 'NONE', #3947, #1098, #346, .T. ) ;
#1462 = CARTESIAN_POINT ( 'NONE',  ( -86.00000000000000000, 0.000000000000000000, 3.469446951953614189E-15 ) ) ;
#1463 = EDGE_CURVE ( 'NONE', #4175, #1393, #2949, .T. ) ;
#1464 = ORIENTED_EDGE ( 'NONE', *, *, #477, .F. ) ;
#1465 = ORIENTED_EDGE ( 'NONE', *, *, #4176, .T. ) ;
#1466 = CIRCLE ( 'NONE', #1294, 1.699999999999937561 ) ;
#1467 = DIRECTION ( 'NONE',  ( -8.811293846231439230E-15, 0.000000000000000000, 1.000000000000000000 ) ) ;
#1468 = LINE ( 'NONE', #253, #1475 ) ;
#1469 = VERTEX_POINT ( 'NONE', #3719 ) ;
#1470 = VECTOR ( 'NONE', #3911, 1000.000000000000000 ) ;
#1471 = AXIS2_PLACEMENT_3D ( 'NONE', #4093, #2148, #342 ) ;
#1472 = CARTESIAN_POINT ( 'NONE',  ( 115.9999999999990905, 420.0000000000001705, 125.0000000000008384 ) ) ;
#1473 = CARTESIAN_POINT ( 'NONE',  ( -119.9999999999999858, 30.00000000000000000, 179.8500000000000227 ) ) ;
#1474 = EDGE_LOOP ( 'NONE', ( #3171, #3987, #1829, #363 ) ) ;
#1475 = VECTOR ( 'NONE', #4555, 1000.000000000000000 ) ;
#1476 = DIRECTION ( 'NONE',  ( -1.000000000000000000, 0.000000000000000000, 0.000000000000000000 ) ) ;
#1477 = DIRECTION ( 'NONE',  ( 1.000000000000000000, 0.000000000000000000, 0.000000000000000000 ) ) ;
#1478 = LINE ( 'NONE', #3775, #469 ) ;
#1479 = CARTESIAN_POINT ( 'NONE',  ( -120.0000000000000000, 30.00000000000000000, 63.00000000000001421 ) ) ;
#1480 = VECTOR ( 'NONE', #4438, 1000.000000000000000 ) ;
#1481 = ORIENTED_EDGE ( 'NONE', *, *, #4731, .F. ) ;
#1482 = ORIENTED_EDGE ( 'NONE', *, *, #4239, .F. ) ;
#1483 = AXIS2_PLACEMENT_3D ( 'NONE', #2641, #3846, #4179 ) ;
#1484 = ADVANCED_FACE ( 'NONE', ( #2511 ), #2428, .F. ) ;
#1485 = CARTESIAN_POINT ( 'NONE',  ( -99.99999999999998579, 571.0000000000001137, 130.0000000000005116 ) ) ;
#1486 = DIRECTION ( 'NONE',  ( -0.000000000000000000, -1.000000000000000000, -0.000000000000000000 ) ) ;
#1487 = CARTESIAN_POINT ( 'NONE',  ( -48.00000000000000000, 920.0000000000000000, -3.999999999999999112 ) ) ;
#1488 = DIRECTION ( 'NONE',  ( -1.000000000000000000, -0.000000000000000000, 7.461176240760461390E-17 ) ) ;
#1489 = EDGE_LOOP ( 'NONE', ( #476, #4160, #3471, #2123 ) ) ;
#1490 = EDGE_LOOP ( 'NONE', ( #4189, #570, #2974, #1680 ) ) ;
#1491 = VECTOR ( 'NONE', #4890, 1000.000000000000000 ) ;
#1492 = EDGE_CURVE ( 'NONE', #894, #1347, #2919, .T. ) ;
#1493 = CARTESIAN_POINT ( 'NONE',  ( 29.99999999999910827, 495.5000000000000568, 130.0000000000007105 ) ) ;
#1494 = FACE_OUTER_BOUND ( 'NONE', #3815, .T. ) ;
#1495 = ORIENTED_EDGE ( 'NONE', *, *, #2387, .F. ) ;
#1496 = ADVANCED_FACE ( 'NONE', ( #1024 ), #2485, .T. ) ;
#1497 = ADVANCED_FACE ( 'NONE', ( #3318 ), #1050, .F. ) ;
#1498 = FACE_OUTER_BOUND ( 'NONE', #4195, .T. ) ;
#1499 = DIRECTION ( 'NONE',  ( -0.7071067811865457964, 8.659560562354953812E-17, -0.7071067811865492381 ) ) ;
#1500 = EDGE_LOOP ( 'NONE', ( #3590, #3687, #4227, #4646 ) ) ;
#1501 = FACE_OUTER_BOUND ( 'NONE', #3436, .T. ) ;
#1502 = CYLINDRICAL_SURFACE ( 'NONE', #2806, 5.000000000000004441 ) ;
#1503 = DIRECTION ( 'NONE',  ( 0.000000000000000000, 0.000000000000000000, 1.000000000000000000 ) ) ;
#1504 = ORIENTED_EDGE ( 'NONE', *, *, #3186, .T. ) ;
#1505 = ORIENTED_EDGE ( 'NONE', *, *, #2935, .T. ) ;
#1506 = CARTESIAN_POINT ( 'NONE',  ( 119.9999999999997868, 9.104369462159827278E-29, 30.00000000000082423 ) ) ;
#1507 = DIRECTION ( 'NONE',  ( -8.811293846231439230E-15, 0.000000000000000000, 1.000000000000000000 ) ) ;
#1508 = CARTESIAN_POINT ( 'NONE',  ( -29.99999999999998934, 923.5500000000000682, 110.0000000000003979 ) ) ;
#1509 = CARTESIAN_POINT ( 'NONE',  ( -114.9999999999999716, 420.0000000000001705, 125.9999999999999716 ) ) ;
#1510 = ORIENTED_EDGE ( 'NONE', *, *, #2622, .T. ) ;
#1511 = ORIENTED_EDGE ( 'NONE', *, *, #2330, .F. ) ;
#1512 = VECTOR ( 'NONE', #4567, 1000.000000000000000 ) ;
#1513 = DIRECTION ( 'NONE',  ( 0.000000000000000000, -0.000000000000000000, 1.000000000000000000 ) ) ;
#1514 = CARTESIAN_POINT ( 'NONE',  ( 67.00000000000001421, 30.00000000000000000, -2.549999999999504219 ) ) ;
#1515 = EDGE_LOOP ( 'NONE', ( #4995, #281, #4648, #1910 ) ) ;
#1516 = CC_DESIGN_APPROVAL ( #4145, ( #4665 ) ) ;
#1517 = AXIS2_PLACEMENT_3D ( 'NONE', #2061, #2853, #935 ) ;
#1518 = EDGE_CURVE ( 'NONE', #4929, #3129, #586, .T. ) ;
#1519 = FACE_BOUND ( 'NONE', #3115, .T. ) ;
#1520 = DIRECTION ( 'NONE',  ( 2.775557561562996664E-15, 0.000000000000000000, -1.000000000000000000 ) ) ;
#1521 = ADVANCED_FACE ( 'NONE', ( #3668 ), #1427, .F. ) ;
#1522 = EDGE_CURVE ( 'NONE', #2631, #3579, #3158, .T. ) ;
#1523 = VERTEX_POINT ( 'NONE', #2154 ) ;
#1524 = LINE ( 'NONE', #3025, #192 ) ;
#1525 = DIRECTION ( 'NONE',  ( -1.000000000000000000, -7.586974551799862254E-31, -6.965908560564528474E-15 ) ) ;
#1526 = DIRECTION ( 'NONE',  ( -2.775557561562904367E-15, 0.000000000000000000, 1.000000000000000000 ) ) ;
#1527 = ORIENTED_EDGE ( 'NONE', *, *, #176, .F. ) ;
#1528 = ORIENTED_EDGE ( 'NONE', *, *, #1554, .F. ) ;
#1529 = DIRECTION ( 'NONE',  ( -8.163404592832132968E-15, 0.000000000000000000, 1.000000000000000000 ) ) ;
#1530 = EDGE_CURVE ( 'NONE', #3784, #2106, #3693, .T. ) ;
#1531 = CARTESIAN_POINT ( 'NONE',  ( -119.9999999999999858, 300.0000000000000000, 179.8500000000000227 ) ) ;
#1532 = CARTESIAN_POINT ( 'NONE',  ( 115.9999999999990905, 418.0000000000001705, 128.0000000000006537 ) ) ;
#1533 = PLANE ( 'NONE',  #4038 ) ;
#1534 = EDGE_LOOP ( 'NONE', ( #3738, #3212, #4550, #3666 ) ) ;
#1535 = EDGE_LOOP ( 'NONE', ( #4273, #1748 ) ) ;
#1536 = CARTESIAN_POINT ( 'NONE',  ( -86.00000000000000000, 920.0000000000000000, 30.00000000000000355 ) ) ;
#1537 = EDGE_CURVE ( 'NONE', #1970, #3627, #4097, .T. ) ;
#1538 = DIRECTION ( 'NONE',  ( -8.811293846231439230E-15, 0.000000000000000000, 1.000000000000000000 ) ) ;
#1539 = EDGE_LOOP ( 'NONE', ( #3626, #4411, #3421, #4653 ) ) ;
#1540 = AXIS2_PLACEMENT_3D ( 'NONE', #1412, #2928, #579 ) ;
#1541 = DIRECTION ( 'NONE',  ( -4.832183295855068974E-15, 0.7071067811865577868, 0.7071067811865373587 ) ) ;
#1542 = CARTESIAN_POINT ( 'NONE',  ( -99.99999999999998579, 1.398881011027699134E-14, 126.0000000000001421 ) ) ;
#1543 = VECTOR ( 'NONE', #1727, 1000.000000000000000 ) ;
#1544 = EDGE_LOOP ( 'NONE', ( #3531, #830, #4481, #1905 ) ) ;
#1545 = EDGE_CURVE ( 'NONE', #3124, #2237, #2583, .T. ) ;
#1546 = VECTOR ( 'NONE', #3964, 1000.000000000000000 ) ;
#1547 = EDGE_CURVE ( 'NONE', #2638, #4812, #3239, .T. ) ;
#1548 = CIRCLE ( 'NONE', #4863, 30.00000000000000000 ) ;
#1549 = DIRECTION ( 'NONE',  ( 7.586974551799862254E-31, -1.000000000000000000, 2.592370252323553063E-45 ) ) ;
#1550 = CARTESIAN_POINT ( 'NONE',  ( -70.15000000000000568, 30.00000000000000000, -3.999999999999996447 ) ) ;
#1551 = ORIENTED_EDGE ( 'NONE', *, *, #3498, .F. ) ;
#1552 = ORIENTED_EDGE ( 'NONE', *, *, #1978, .F. ) ;
#1553 = CIRCLE ( 'NONE', #3566, 1.699999999999979305 ) ;
#1554 = EDGE_CURVE ( 'NONE', #4204, #890, #1148, .T. ) ;
#1555 = DIRECTION ( 'NONE',  ( 1.000000000000000000, 7.586974551799862254E-31, 6.894971492828425106E-15 ) ) ;
#1556 = DIRECTION ( 'NONE',  ( 6.833739152871057532E-15, 2.592370252323553063E-45, -1.000000000000000000 ) ) ;
#1557 = DIRECTION ( 'NONE',  ( 1.000000000000000000, 7.586974551799862254E-31, 6.908350915278662121E-15 ) ) ;
#1558 = DIRECTION ( 'NONE',  ( 0.000000000000000000, 0.000000000000000000, -1.000000000000000000 ) ) ;
#1559 = ORIENTED_EDGE ( 'NONE', *, *, #1537, .F. ) ;
#1560 = ORIENTED_EDGE ( 'NONE', *, *, #542, .T. ) ;
#1561 = AXIS2_PLACEMENT_3D ( 'NONE', #4572, #3806, #331 ) ;
#1562 = DIRECTION ( 'NONE',  ( -8.163404592832066703E-15, 0.000000000000000000, 1.000000000000000000 ) ) ;
#1563 = DIRECTION ( 'NONE',  ( -6.608470384673551024E-15, 0.000000000000000000, 1.000000000000000000 ) ) ;
#1564 = AXIS2_PLACEMENT_3D ( 'NONE', #4944, #1150, #322 ) ;
#1565 = EDGE_LOOP ( 'NONE', ( #2946, #1061, #1093, #3294 ) ) ;
#1566 = CARTESIAN_POINT ( 'NONE',  ( 94.99999999999913314, 875.0000000000000000, 126.0000000000006963 ) ) ;
#1567 = DIRECTION ( 'NONE',  ( -0.000000000000000000, -0.000000000000000000, -1.000000000000000000 ) ) ;
#1568 = CARTESIAN_POINT ( 'NONE',  ( 119.9999999999987352, 300.0000000000000000, 183.0000000000008242 ) ) ;
#1569 = ORIENTED_EDGE ( 'NONE', *, *, #61, .T. ) ;
#1570 = CARTESIAN_POINT ( 'NONE',  ( 94.99999999999916156, 576.0000000000001137, 120.0000000000011653 ) ) ;
#1571 = ORIENTED_EDGE ( 'NONE', *, *, #3890, .F. ) ;
#1572 = VERTEX_POINT ( 'NONE', #2102 ) ;
#1573 = EDGE_CURVE ( 'NONE', #319, #2005, #3642, .T. ) ;
#1574 = DIRECTION ( 'NONE',  ( -1.000000000000000000, 0.000000000000000000, 7.841021663933347352E-17 ) ) ;
#1575 = LINE ( 'NONE', #357, #3419 ) ;
#1576 = DIRECTION ( 'NONE',  ( 1.000000000000000000, 7.586974551799862254E-31, 6.908350915278662121E-15 ) ) ;
#1577 = CARTESIAN_POINT ( 'NONE',  ( -68.69999999999998863, 30.00000000000000000, -2.549999999999962075 ) ) ;
#1578 = ORIENTED_EDGE ( 'NONE', *, *, #3744, .T. ) ;
#1579 = EDGE_CURVE ( 'NONE', #3386, #560, #3510, .T. ) ;
#1580 = EDGE_LOOP ( 'NONE', ( #2826, #532, #877, #1761 ) ) ;
#1581 = ADVANCED_FACE ( 'NONE', ( #820 ), #1789, .F. ) ;
#1582 = DIRECTION ( 'NONE',  ( 1.000000000000000000, 7.586974551799862254E-31, 6.908350915278662121E-15 ) ) ;
#1583 = FACE_OUTER_BOUND ( 'NONE', #4464, .T. ) ;
#1584 = ORIENTED_EDGE ( 'NONE', *, *, #1975, .T. ) ;
#1585 = EDGE_CURVE ( 'NONE', #2420, #3094, #47, .T. ) ;
#1586 = VECTOR ( 'NONE', #4034, 1000.000000000000000 ) ;
#1587 = LINE ( 'NONE', #4654, #2909 ) ;
#1588 = CARTESIAN_POINT ( 'NONE',  ( -119.9999999999999858, 50.00000000000000000, 183.0000000000000000 ) ) ;
#1589 = EDGE_CURVE ( 'NONE', #4025, #3981, #4126, .T. ) ;
#1590 = AXIS2_PLACEMENT_3D ( 'NONE', #4129, #4461, #2079 ) ;
#1591 = CYLINDRICAL_SURFACE ( 'NONE', #622, 1.699999999999979305 ) ;
#1592 = EDGE_CURVE ( 'NONE', #3656, #2906, #2596, .T. ) ;
#1593 = DIRECTION ( 'NONE',  ( -7.586974551799862254E-31, 1.000000000000000000, -2.592370252323553063E-45 ) ) ;
#1594 = PERSON_AND_ORGANIZATION_ROLE ( 'creator' ) ;
#1595 = ORIENTED_EDGE ( 'NONE', *, *, #1435, .T. ) ;
#1596 = ORIENTED_EDGE ( 'NONE', *, *, #3586, .F. ) ;
#1597 = CYLINDRICAL_SURFACE ( 'NONE', #4452, 33.99999999999998579 ) ;
#1598 = DIRECTION ( 'NONE',  ( -0.7071067811865457964, 0.000000000000000000, 0.7071067811865492381 ) ) ;
#1599 = DIRECTION ( 'NONE',  ( -1.000000000000000000, 0.000000000000000000, -8.811293846231401365E-15 ) ) ;
#1600 = CARTESIAN_POINT ( 'NONE',  ( 48.00000000000002842, 920.0000000000000000, -3.999999999999671374 ) ) ;
#1601 = ORIENTED_EDGE ( 'NONE', *, *, #4422, .F. ) ;
#1602 = ORIENTED_EDGE ( 'NONE', *, *, #61, .F. ) ;
#1603 = CARTESIAN_POINT ( 'NONE',  ( -119.9999999999999858, 300.0000000000000000, 183.0000000000000000 ) ) ;
#1604 = EDGE_CURVE ( 'NONE', #3627, #156, #3640, .T. ) ;
#1605 = EDGE_CURVE ( 'NONE', #2335, #4071, #3423, .T. ) ;
#1606 = DIRECTION ( 'NONE',  ( 0.000000000000000000, 0.000000000000000000, -1.000000000000000000 ) ) ;
#1607 = DIRECTION ( 'NONE',  ( 1.000000000000000000, 7.586974551799862254E-31, 6.908350915278662121E-15 ) ) ;
#1608 = ORIENTED_EDGE ( 'NONE', *, *, #3861, .T. ) ;
#1609 = LINE ( 'NONE', #4701, #1225 ) ;
#1610 = CARTESIAN_POINT ( 'NONE',  ( -119.9999999999999858, 920.0000000000000000, 125.0000000000000284 ) ) ;
#1611 = DIRECTION ( 'NONE',  ( -6.833739152871057532E-15, -2.592370252323553063E-45, 1.000000000000000000 ) ) ;
#1612 = AXIS2_PLACEMENT_3D ( 'NONE', #2395, #1987, #1629 ) ;
#1613 = AXIS2_PLACEMENT_3D ( 'NONE', #4769, #3173, #66 ) ;
#1614 = LINE ( 'NONE', #4755, #2124 ) ;
#1615 = AXIS2_PLACEMENT_3D ( 'NONE', #4887, #151, #3993 ) ;
#1616 = DATE_AND_TIME ( #443, #723 ) ;
#1617 = VERTEX_POINT ( 'NONE', #1610 ) ;
#1618 = VERTEX_POINT ( 'NONE', #2733 ) ;
#1619 = VECTOR ( 'NONE', #3593, 1000.000000000000000 ) ;
#1620 = VECTOR ( 'NONE', #4151, 1000.000000000000000 ) ;
#1621 = DIRECTION ( 'NONE',  ( 0.000000000000000000, -1.000000000000000000, 1.110223024625156787E-16 ) ) ;
#1622 = DIRECTION ( 'NONE',  ( 7.586974551799862254E-31, -1.000000000000000000, 2.592370252323553063E-45 ) ) ;
#1623 = CARTESIAN_POINT ( 'NONE',  ( -119.9999999999999858, 0.000000000000000000, 216.0000000000000000 ) ) ;
#1624 = CARTESIAN_POINT ( 'NONE',  ( 29.99999999999936406, 925.0000000000001137, 91.70000000000054285 ) ) ;
#1625 = VECTOR ( 'NONE', #3415, 1000.000000000000000 ) ;
#1626 = ORIENTED_EDGE ( 'NONE', *, *, #2880, .F. ) ;
#1627 = EDGE_LOOP ( 'NONE', ( #1976, #4948, #3615, #430 ) ) ;
#1628 = CONICAL_SURFACE ( 'NONE', #4375, 3.149999999999986144, 0.7853981633974482790 ) ;
#1629 = DIRECTION ( 'NONE',  ( 0.000000000000000000, 0.000000000000000000, -1.000000000000000000 ) ) ;
#1630 = CARTESIAN_POINT ( 'NONE',  ( 85.99999999999980105, 920.0000000000000000, 30.00000000000058975 ) ) ;
#1631 = CARTESIAN_POINT ( 'NONE',  ( -115.9999999999999716, 420.0000000000001137, 125.0000000000000284 ) ) ;
#1632 = ORIENTED_EDGE ( 'NONE', *, *, #3772, .F. ) ;
#1633 = VECTOR ( 'NONE', #2929, 1000.000000000000000 ) ;
#1634 = EDGE_CURVE ( 'NONE', #4680, #776, #1156, .T. ) ;
#1635 = DIRECTION ( 'NONE',  ( -1.208454664231724740E-29, 1.000000000000000000, 3.524517538492560546E-15 ) ) ;
#1636 = CIRCLE ( 'NONE', #1169, 3.149999999999999911 ) ;
#1637 = DIRECTION ( 'NONE',  ( 0.7071067811865506814, -8.659560562354899578E-17, -0.7071067811865443531 ) ) ;
#1638 = ADVANCED_FACE ( 'NONE', ( #4271 ), #4702, .F. ) ;
#1639 = CARTESIAN_POINT ( 'NONE',  ( -118.5499999999999687, 30.00000000000000000, 183.0000000000000000 ) ) ;
#1640 = EDGE_CURVE ( 'NONE', #3610, #3691, #2756, .T. ) ;
#1641 = VECTOR ( 'NONE', #1825, 1000.000000000000000 ) ;
#1642 = VECTOR ( 'NONE', #1259, 1000.000000000000000 ) ;
#1643 = ADVANCED_FACE ( 'NONE', ( #297 ), #1215, .F. ) ;
#1644 = CARTESIAN_POINT ( 'NONE',  ( 119.9999999999987494, 30.00000000000000000, 181.3000000000008356 ) ) ;
#1645 = APPROVAL_DATE_TIME ( #4253, #4145 ) ;
#1646 = ORIENTED_EDGE ( 'NONE', *, *, #4172, .F. ) ;
#1647 = EDGE_LOOP ( 'NONE', ( #3295, #4614, #4182, #9 ) ) ;
#1648 = LINE ( 'NONE', #3518, #3232 ) ;
#1649 = CYLINDRICAL_SURFACE ( 'NONE', #4142, 0.9999999999999731326 ) ;
#1650 = LINE ( 'NONE', #3191, #2069 ) ;
#1651 = LINE ( 'NONE', #3192, #693 ) ;
#1652 = EDGE_LOOP ( 'NONE', ( #858, #2497, #925, #3288 ) ) ;
#1653 = VERTEX_POINT ( 'NONE', #2254 ) ;
#1654 = VECTOR ( 'NONE', #4159, 1000.000000000000000 ) ;
#1655 = FACE_OUTER_BOUND ( 'NONE', #3597, .T. ) ;
#1656 = LINE ( 'NONE', #2060, #1959 ) ;
#1657 = LINE ( 'NONE', #2086, #1642 ) ;
#1658 = EDGE_LOOP ( 'NONE', ( #4676, #4477, #4874, #4508, #2890, #2865, #786, #2371, #3633, #5009, #2386 ) ) ;
#1659 = VERTEX_POINT ( 'NONE', #4537 ) ;
#1660 = CARTESIAN_POINT ( 'NONE',  ( -119.9999999999999858, 30.00000000000000000, 186.1499999999999773 ) ) ;
#1661 = CARTESIAN_POINT ( 'NONE',  ( 115.9999999999997868, 8.800890480087832437E-29, 30.00000000000079936 ) ) ;
#1662 = DIRECTION ( 'NONE',  ( 1.000000000000000000, 7.586974551799862254E-31, 6.908350915278662121E-15 ) ) ;
#1663 = AXIS2_PLACEMENT_3D ( 'NONE', #1816, #1842, #3329 ) ;
#1664 = VECTOR ( 'NONE', #3427, 1000.000000000000000 ) ;
#1665 = EDGE_CURVE ( 'NONE', #2201, #4025, #2615, .T. ) ;
#1666 = EDGE_CURVE ( 'NONE', #167, #2746, #3886, .T. ) ;
#1667 = FACE_BOUND ( 'NONE', #4615, .T. ) ;
#1668 = PERSON_AND_ORGANIZATION_ROLE ( 'classification_officer' ) ;
#1669 = ORIENTED_EDGE ( 'NONE', *, *, #1298, .T. ) ;
#1670 = EDGE_LOOP ( 'NONE', ( #1325, #2006, #1365, #4013 ) ) ;
#1671 = CARTESIAN_POINT ( 'NONE',  ( -114.9999999999999716, 920.0000000000000000, 126.0000000000000000 ) ) ;
#1672 = CARTESIAN_POINT ( 'NONE',  ( 115.9999999999997868, 920.0000000000000000, 30.00000000000079581 ) ) ;
#1673 = CARTESIAN_POINT ( 'NONE',  ( -115.9999999999999858, 300.0000000000000000, 52.30000000000003979 ) ) ;
#1674 = DIRECTION ( 'NONE',  ( 0.000000000000000000, 1.000000000000000000, 0.000000000000000000 ) ) ;
#1675 = ORIENTED_EDGE ( 'NONE', *, *, #2545, .T. ) ;
#1676 = ORIENTED_EDGE ( 'NONE', *, *, #3865, .T. ) ;
#1677 = CYLINDRICAL_SURFACE ( 'NONE', #3227, 0.9999999999999731326 ) ;
#1678 = DIRECTION ( 'NONE',  ( -0.000000000000000000, -0.000000000000000000, 1.000000000000000000 ) ) ;
#1679 = DIRECTION ( 'NONE',  ( -1.000000000000000000, -7.586974551799862254E-31, -6.908350915278662121E-15 ) ) ;
#1680 = ORIENTED_EDGE ( 'NONE', *, *, #2540, .F. ) ;
#1681 = ORIENTED_EDGE ( 'NONE', *, *, #69, .T. ) ;
#1682 = CARTESIAN_POINT ( 'NONE',  ( 119.9999999999991189, 920.0000000000000000, 125.0000000000008669 ) ) ;
#1683 = LINE ( 'NONE', #4779, #1546 ) ;
#1684 = CARTESIAN_POINT ( 'NONE',  ( -26.84999999999999432, 495.5000000000000568, 130.0000000000005116 ) ) ;
#1685 = CARTESIAN_POINT ( 'NONE',  ( -29.99999999999997158, 921.0000000000004547, 5.000000000000389022 ) ) ;
#1686 = EDGE_LOOP ( 'NONE', ( #961, #2174, #1690, #4358 ) ) ;
#1687 = AXIS2_PLACEMENT_3D ( 'NONE', #3054, #2676, #791 ) ;
#1688 = DIRECTION ( 'NONE',  ( 0.000000000000000000, 0.000000000000000000, 1.000000000000000000 ) ) ;
#1689 = CIRCLE ( 'NONE', #1217, 33.99999999999998579 ) ;
#1690 = ORIENTED_EDGE ( 'NONE', *, *, #1998, .F. ) ;
#1691 = VERTEX_POINT ( 'NONE', #3773 ) ;
#1692 = EDGE_CURVE ( 'NONE', #519, #3723, #3792, .T. ) ;
#1693 = EDGE_CURVE ( 'NONE', #2033, #1710, #672, .T. ) ;
#1694 = EDGE_CURVE ( 'NONE', #977, #4507, #3011, .T. ) ;
#1695 = CIRCLE ( 'NONE', #1782, 1.699999999999937561 ) ;
#1696 = AXIS2_PLACEMENT_3D ( 'NONE', #2528, #2962, #4067 ) ;
#1697 = CARTESIAN_POINT ( 'NONE',  ( -120.0000000000000000, 920.0000000000000000, 30.00000000000001066 ) ) ;
#1698 = DIRECTION ( 'NONE',  ( -1.000000000000000000, 0.000000000000000000, 0.000000000000000000 ) ) ;
#1699 = DIRECTION ( 'NONE',  ( -1.000000000000000000, -0.000000000000000000, 7.461176240760461390E-17 ) ) ;
#1700 = LINE ( 'NONE', #884, #440 ) ;
#1701 = VERTEX_POINT ( 'NONE', #4655 ) ;
#1702 = ORIENTED_EDGE ( 'NONE', *, *, #4149, .T. ) ;
#1703 = AXIS2_PLACEMENT_3D ( 'NONE', #1003, #4869, #1350 ) ;
#1704 = VECTOR ( 'NONE', #3816, 1000.000000000000000 ) ;
#1705 = ADVANCED_FACE ( 'NONE', ( #1194 ), #4177, .F. ) ;
#1706 = DIRECTION ( 'NONE',  ( 0.000000000000000000, 1.000000000000000000, 0.000000000000000000 ) ) ;
#1707 = AXIS2_PLACEMENT_3D ( 'NONE', #3630, #1288, #1714 ) ;
#1708 = LINE ( 'NONE', #1235, #4951 ) ;
#1709 = DIRECTION ( 'NONE',  ( -0.000000000000000000, -1.000000000000000000, -0.000000000000000000 ) ) ;
#1710 = VERTEX_POINT ( 'NONE', #125 ) ;
#1711 = EDGE_LOOP ( 'NONE', ( #408, #4072, #3573, #4471 ) ) ;
#1712 = CIRCLE ( 'NONE', #2442, 1.699999999999979305 ) ;
#1713 = FACE_OUTER_BOUND ( 'NONE', #64, .T. ) ;
#1714 = DIRECTION ( 'NONE',  ( -8.811293846231439230E-15, 0.000000000000000000, 1.000000000000000000 ) ) ;
#1715 = CARTESIAN_POINT ( 'NONE',  ( 67.00000000000000000, 30.00000000000000000, 4.604626084563260937E-13 ) ) ;
#1716 = AXIS2_PLACEMENT_3D ( 'NONE', #861, #3922, #2028 ) ;
#1717 = CARTESIAN_POINT ( 'NONE',  ( -114.9999999999999716, 420.0000000000001705, 125.0000000000000000 ) ) ;
#1718 = EDGE_LOOP ( 'NONE', ( #1108, #4906, #653, #1939 ) ) ;
#1719 = CIRCLE ( 'NONE', #4556, 3.149999999999999911 ) ;
#1720 = EDGE_CURVE ( 'NONE', #1757, #4680, #942, .T. ) ;
#1721 = AXIS2_PLACEMENT_3D ( 'NONE', #1479, #1107, #1503 ) ;
#1722 = DIRECTION ( 'NONE',  ( 0.000000000000000000, 0.000000000000000000, 1.000000000000000000 ) ) ;
#1723 = CONICAL_SURFACE ( 'NONE', #4308, 3.149999999999986144, 0.7853981633974482790 ) ;
#1724 = VERTEX_POINT ( 'NONE', #2015 ) ;
#1725 = EDGE_LOOP ( 'NONE', ( #3429, #3300, #2730, #3503 ) ) ;
#1726 = ADVANCED_FACE ( 'NONE', ( #4444 ), #3413, .F. ) ;
#1727 = DIRECTION ( 'NONE',  ( -1.000000000000000000, -0.000000000000000000, 7.461176240760461390E-17 ) ) ;
#1728 = PLANE ( 'NONE',  #3495 ) ;
#1729 = FACE_OUTER_BOUND ( 'NONE', #1894, .T. ) ;
#1730 = CARTESIAN_POINT ( 'NONE',  ( 99.99999999999910472, 571.0000000000001137, 130.0000000000011937 ) ) ;
#1731 = ORIENTED_EDGE ( 'NONE', *, *, #3207, .F. ) ;
#1732 = ORIENTED_EDGE ( 'NONE', *, *, #4359, .F. ) ;
#1733 = ADVANCED_FACE ( 'NONE', ( #150 ), #4949, .F. ) ;
#1734 = DIRECTION ( 'NONE',  ( -1.000000000000000000, -0.000000000000000000, 7.461176240760461390E-17 ) ) ;
#1735 = DIRECTION ( 'NONE',  ( 1.000000000000000000, 0.000000000000000000, -6.123233995736766036E-17 ) ) ;
#1736 = DIRECTION ( 'NONE',  ( 6.122553444624250004E-15, 0.000000000000000000, -1.000000000000000000 ) ) ;
#1737 = EDGE_CURVE ( 'NONE', #3470, #1062, #428, .T. ) ;
#1738 = EDGE_CURVE ( 'NONE', #2746, #1187, #2520, .T. ) ;
#1739 = VERTEX_POINT ( 'NONE', #1661 ) ;
#1740 = ORIENTED_EDGE ( 'NONE', *, *, #2664, .T. ) ;
#1741 = DIRECTION ( 'NONE',  ( -1.000000000000000000, -7.586974551799862254E-31, -6.908350915278662121E-15 ) ) ;
#1742 = PLANE ( 'NONE',  #1310 ) ;
#1743 = DIRECTION ( 'NONE',  ( -1.000000000000000000, -0.000000000000000000, 7.461176240760461390E-17 ) ) ;
#1744 = VERTEX_POINT ( 'NONE', #2831 ) ;
#1745 = CIRCLE ( 'NONE', #2878, 1.699999999999937561 ) ;
#1746 = VECTOR ( 'NONE', #4238, 1000.000000000000000 ) ;
#1747 = DIRECTION ( 'NONE',  ( -1.000000000000000000, 8.506522873760368725E-31, -3.861645303044032010E-15 ) ) ;
#1748 = ORIENTED_EDGE ( 'NONE', *, *, #2083, .T. ) ;
#1749 = ORIENTED_EDGE ( 'NONE', *, *, #2453, .F. ) ;
#1750 = VECTOR ( 'NONE', #2618, 1000.000000000000000 ) ;
#1751 = DIRECTION ( 'NONE',  ( -8.163404592832132968E-15, 0.000000000000000000, 1.000000000000000000 ) ) ;
#1752 = CYLINDRICAL_SURFACE ( 'NONE', #2778, 1.699999999999979305 ) ;
#1753 = PLANE ( 'NONE',  #3527 ) ;
#1754 = DIRECTION ( 'NONE',  ( 0.000000000000000000, 1.000000000000000000, 0.000000000000000000 ) ) ;
#1755 = VECTOR ( 'NONE', #300, 1000.000000000000000 ) ;
#1756 = ORIENTED_EDGE ( 'NONE', *, *, #1694, .F. ) ;
#1757 = VERTEX_POINT ( 'NONE', #3180 ) ;
#1758 = DIRECTION ( 'NONE',  ( 0.000000000000000000, 0.000000000000000000, 1.000000000000000000 ) ) ;
#1759 = CARTESIAN_POINT ( 'NONE',  ( 115.9999999999991047, 418.0000000000001705, 123.0000000000008100 ) ) ;
#1760 = DIRECTION ( 'NONE',  ( 0.000000000000000000, 0.000000000000000000, -1.000000000000000000 ) ) ;
#1761 = ORIENTED_EDGE ( 'NONE', *, *, #2227, .T. ) ;
#1762 = EDGE_LOOP ( 'NONE', ( #2959, #4533, #3988, #4147 ) ) ;
#1763 = EDGE_CURVE ( 'NONE', #1691, #1207, #592, .T. ) ;
#1764 = ADVANCED_FACE ( 'NONE', ( #512 ), #919, .T. ) ;
#1765 = CARTESIAN_POINT ( 'NONE',  ( -119.9999999999999858, 353.3309524416879981, 147.6999999999999886 ) ) ;
#1766 = DIRECTION ( 'NONE',  ( -0.000000000000000000, 1.000000000000000000, 3.524517538492560546E-15 ) ) ;
#1767 = LINE ( 'NONE', #2554, #2591 ) ;
#1768 = ORIENTED_EDGE ( 'NONE', *, *, #1363, .F. ) ;
#1769 = DIRECTION ( 'NONE',  ( -8.163404592832132968E-15, 0.000000000000000000, 1.000000000000000000 ) ) ;
#1770 = EDGE_CURVE ( 'NONE', #829, #4812, #2439, .T. ) ;
#1771 = PLANE ( 'NONE',  #3343 ) ;
#1772 = EDGE_LOOP ( 'NONE', ( #1332, #2931, #4031, #4428 ) ) ;
#1773 = CIRCLE ( 'NONE', #1687, 5.000000000000004441 ) ;
#1774 = VERTEX_POINT ( 'NONE', #3257 ) ;
#1775 = DIRECTION ( 'NONE',  ( -1.000000000000000000, -0.000000000000000000, 7.461176240760461390E-17 ) ) ;
#1776 = CIRCLE ( 'NONE', #2830, 1.699999999999993072 ) ;
#1777 = FACE_BOUND ( 'NONE', #3178, .T. ) ;
#1778 = DIRECTION ( 'NONE',  ( 0.000000000000000000, 0.000000000000000000, 1.000000000000000000 ) ) ;
#1779 = DIRECTION ( 'NONE',  ( 0.000000000000000000, -0.000000000000000000, 1.000000000000000000 ) ) ;
#1780 = VERTEX_POINT ( 'NONE', #2454 ) ;
#1781 = EDGE_LOOP ( 'NONE', ( #184, #4765, #399, #4440 ) ) ;
#1782 = AXIS2_PLACEMENT_3D ( 'NONE', #958, #4845, #3326 ) ;
#1783 = DIRECTION ( 'NONE',  ( -1.000000000000000000, -7.586974551799862254E-31, -6.908350915278662121E-15 ) ) ;
#1784 = LINE ( 'NONE', #3328, #1480 ) ;
#1785 = DIRECTION ( 'NONE',  ( 2.484433095295732247E-29, -1.000000000000000000, -3.524517538492560546E-15 ) ) ;
#1786 = AXIS2_PLACEMENT_3D ( 'NONE', #2084, #933, #3195 ) ;
#1787 = ORIENTED_EDGE ( 'NONE', *, *, #3151, .T. ) ;
#1788 = VERTEX_POINT ( 'NONE', #2402 ) ;
#1789 = CONICAL_SURFACE ( 'NONE', #4369, 3.149999999999999911, 0.7853981633974435050 ) ;
#1790 = CIRCLE ( 'NONE', #4623, 3.149999999999986144 ) ;
#1791 = DIRECTION ( 'NONE',  ( -6.122553444624250004E-15, 0.000000000000000000, 1.000000000000000000 ) ) ;
#1792 = FACE_OUTER_BOUND ( 'NONE', #3251, .T. ) ;
#1793 = CARTESIAN_POINT ( 'NONE',  ( -48.00000000000000000, 920.0000000000000000, -3.999999999999999112 ) ) ;
#1794 = ORIENTED_EDGE ( 'NONE', *, *, #1604, .T. ) ;
#1795 = AXIS2_PLACEMENT_3D ( 'NONE', #3556, #2423, #1342 ) ;
#1796 = EDGE_CURVE ( 'NONE', #4818, #3323, #3725, .T. ) ;
#1797 = CIRCLE ( 'NONE', #2198, 3.149999999999986144 ) ;
#1798 = ADVANCED_FACE ( 'NONE', ( #562 ), #1742, .T. ) ;
#1799 = CARTESIAN_POINT ( 'NONE',  ( -119.9999999999999858, 353.3309524416879981, 146.0000000000000284 ) ) ;
#1800 = VECTOR ( 'NONE', #4746, 1000.000000000000000 ) ;
#1801 = DIRECTION ( 'NONE',  ( -0.000000000000000000, 1.000000000000000000, 3.524517538492560546E-15 ) ) ;
#1802 = EDGE_CURVE ( 'NONE', #3947, #2372, #4421, .T. ) ;
#1803 = EDGE_CURVE ( 'NONE', #998, #2319, #3281, .T. ) ;
#1804 = ORIENTED_EDGE ( 'NONE', *, *, #3584, .F. ) ;
#1805 = DIRECTION ( 'NONE',  ( 0.000000000000000000, 0.000000000000000000, -1.000000000000000000 ) ) ;
#1806 = DIRECTION ( 'NONE',  ( 0.000000000000000000, 0.000000000000000000, 1.000000000000000000 ) ) ;
#1807 = AXIS2_PLACEMENT_3D ( 'NONE', #4762, #1300, #3540 ) ;
#1808 = CARTESIAN_POINT ( 'NONE',  ( -115.9999999999999858, 413.0000000000001705, 125.9289321881344677 ) ) ;
#1809 = CARTESIAN_POINT ( 'NONE',  ( -99.99999999999998579, 880.0000000000000000, 130.0000000000005116 ) ) ;
#1810 = DIRECTION ( 'NONE',  ( -6.833739152871057532E-15, -2.592370252323553063E-45, 1.000000000000000000 ) ) ;
#1811 = VERTEX_POINT ( 'NONE', #2882 ) ;
#1812 = ORIENTED_EDGE ( 'NONE', *, *, #3128, .F. ) ;
#1813 = EDGE_CURVE ( 'NONE', #1523, #3124, #3237, .T. ) ;
#1814 = CYLINDRICAL_SURFACE ( 'NONE', #3961, 1.699999999999979305 ) ;
#1815 = FACE_BOUND ( 'NONE', #3825, .T. ) ;
#1816 = CARTESIAN_POINT ( 'NONE',  ( -115.9999999999999716, 353.3309524416879981, 146.0000000000000284 ) ) ;
#1817 = DIRECTION ( 'NONE',  ( 1.000000000000000000, 7.586974551799862254E-31, 6.908350915278662121E-15 ) ) ;
#1818 = ORIENTED_EDGE ( 'NONE', *, *, #2260, .T. ) ;
#1819 = EDGE_LOOP ( 'NONE', ( #2703, #3269, #1794, #1131 ) ) ;
#1820 = DIRECTION ( 'NONE',  ( 1.275978431064007367E-29, -1.000000000000000000, -3.524517538492560546E-15 ) ) ;
#1821 = VECTOR ( 'NONE', #1810, 1000.000000000000000 ) ;
#1822 = CARTESIAN_POINT ( 'NONE',  ( 119.9999999999989484, 353.3309524416879981, 149.1500000000008299 ) ) ;
#1823 = VERTEX_POINT ( 'NONE', #3202 ) ;
#1824 = DIRECTION ( 'NONE',  ( -1.000000000000000000, -0.000000000000000000, 7.461176240760461390E-17 ) ) ;
#1825 = DIRECTION ( 'NONE',  ( 0.000000000000000000, 1.000000000000000000, -1.110223024625156787E-16 ) ) ;
#1826 = AXIS2_PLACEMENT_3D ( 'NONE', #4728, #3133, #893 ) ;
#1827 = ORIENTED_EDGE ( 'NONE', *, *, #1589, .T. ) ;
#1828 = PRODUCT_DEFINITION ( '�', '', #4665, #4355 ) ;
#1829 = ORIENTED_EDGE ( 'NONE', *, *, #2162, .T. ) ;
#1830 = EDGE_CURVE ( 'NONE', #4801, #4523, #2500, .T. ) ;
#1831 = EDGE_CURVE ( 'NONE', #1098, #3435, #1683, .T. ) ;
#1832 = CARTESIAN_POINT ( 'NONE',  ( -120.0000000000000000, 300.0000000000000000, 54.00000000000002132 ) ) ;
#1833 = FACE_OUTER_BOUND ( 'NONE', #4056, .T. ) ;
#1834 = DIRECTION ( 'NONE',  ( 1.000000000000000000, 0.000000000000000000, 0.000000000000000000 ) ) ;
#1835 = CARTESIAN_POINT ( 'NONE',  ( 29.99999999999993605, 921.0000000000004547, 5.000000000000593303 ) ) ;
#1836 = ORIENTED_EDGE ( 'NONE', *, *, #2168, .T. ) ;
#1837 = VERTEX_POINT ( 'NONE', #2860 ) ;
#1838 = AXIS2_PLACEMENT_3D ( 'NONE', #1963, #2243, #332 ) ;
#1839 = CARTESIAN_POINT ( 'NONE',  ( 29.99999999999938538, 923.5500000000000682, 88.30000000000060822 ) ) ;
#1840 = AXIS2_PLACEMENT_3D ( 'NONE', #3847, #1525, #1884 ) ;
#1841 = DIRECTION ( 'NONE',  ( 1.000000000000000000, 7.586974551799862254E-31, 6.894971492828425106E-15 ) ) ;
#1842 = DIRECTION ( 'NONE',  ( 1.000000000000000000, 0.000000000000000000, -7.461176240760461390E-17 ) ) ;
#1843 = DIRECTION ( 'NONE',  ( -1.000000000000000000, 0.000000000000000000, 1.321694076934710402E-16 ) ) ;
#1844 = ORIENTED_EDGE ( 'NONE', *, *, #3861, .F. ) ;
#1845 = EDGE_LOOP ( 'NONE', ( #1314, #1401, #576, #3767 ) ) ;
#1846 = CARTESIAN_POINT ( 'NONE',  ( 68.69999999999997442, 30.00000000000000000, 4.722132623844935266E-13 ) ) ;
#1847 = CARTESIAN_POINT ( 'NONE',  ( -67.00000000000000000, 30.00000000000000000, -3.999999999999996447 ) ) ;
#1848 = ORIENTED_EDGE ( 'NONE', *, *, #2350, .F. ) ;
#1849 = EDGE_CURVE ( 'NONE', #1572, #352, #4398, .T. ) ;
#1850 = FACE_BOUND ( 'NONE', #2669, .T. ) ;
#1851 = CARTESIAN_POINT ( 'NONE',  ( 86.00000000000000000, 6.524798114547882344E-29, 5.911710140988645683E-13 ) ) ;
#1852 = ORIENTED_EDGE ( 'NONE', *, *, #1368, .F. ) ;
#1853 = CARTESIAN_POINT ( 'NONE',  ( -29.99999999999997158, 925.0000000000004547, 5.000000000000402345 ) ) ;
#1854 = DIRECTION ( 'NONE',  ( 0.000000000000000000, 0.000000000000000000, 1.000000000000000000 ) ) ;
#1855 = DIRECTION ( 'NONE',  ( -0.000000000000000000, -0.000000000000000000, 1.000000000000000000 ) ) ;
#1856 = DIRECTION ( 'NONE',  ( -1.000000000000000000, -0.000000000000000000, 7.461176240760461390E-17 ) ) ;
#1857 = CARTESIAN_POINT ( 'NONE',  ( -94.99999999999998579, 571.0000000000001137, 126.0000000000001137 ) ) ;
#1858 = ORIENTED_EDGE ( 'NONE', *, *, #62, .T. ) ;
#1859 = ORIENTED_EDGE ( 'NONE', *, *, #1802, .T. ) ;
#1860 = ADVANCED_FACE ( 'NONE', ( #1792 ), #3334, .F. ) ;
#1861 = VECTOR ( 'NONE', #2611, 1000.000000000000114 ) ;
#1862 = EDGE_CURVE ( 'NONE', #2098, #519, #3160, .T. ) ;
#1863 = CYLINDRICAL_SURFACE ( 'NONE', #4121, 1.699999999999937561 ) ;
#1864 = DIRECTION ( 'NONE',  ( -8.163404592832132968E-15, 0.000000000000000000, 1.000000000000000000 ) ) ;
#1865 = DIRECTION ( 'NONE',  ( -1.000000000000000000, 0.000000000000000000, 7.841021663933347352E-17 ) ) ;
#1866 = DIRECTION ( 'NONE',  ( 1.000000000000000000, 0.000000000000000000, -7.461176240760461390E-17 ) ) ;
#1867 = ORIENTED_EDGE ( 'NONE', *, *, #771, .T. ) ;
#1868 = ORIENTED_EDGE ( 'NONE', *, *, #1547, .F. ) ;
#1869 = CIRCLE ( 'NONE', #2422, 5.000000000000004441 ) ;
#1870 = EDGE_CURVE ( 'NONE', #2924, #1378, #2199, .T. ) ;
#1871 = EDGE_CURVE ( 'NONE', #34, #4691, #1952, .T. ) ;
#1872 = CARTESIAN_POINT ( 'NONE',  ( 115.9999999999991473, 30.00000000000002842, 123.0000000000008100 ) ) ;
#1873 = VECTOR ( 'NONE', #4257, 1000.000000000000000 ) ;
#1874 = CARTESIAN_POINT ( 'NONE',  ( -84.99999999999955946, 925.0000000000003411, 30.00000000000009592 ) ) ;
#1875 = VERTEX_POINT ( 'NONE', #1822 ) ;
#1876 = VECTOR ( 'NONE', #2388, 1000.000000000000000 ) ;
#1877 = CIRCLE ( 'NONE', #4045, 5.000000000000004441 ) ;
#1878 = CARTESIAN_POINT ( 'NONE',  ( -115.9999999999999858, 920.0000000000000000, 30.00000000000000711 ) ) ;
#1879 = AXIS2_PLACEMENT_3D ( 'NONE', #990, #718, #3362 ) ;
#1880 = LINE ( 'NONE', #1473, #3255 ) ;
#1881 = ORIENTED_EDGE ( 'NONE', *, *, #4961, .F. ) ;
#1882 = DIRECTION ( 'NONE',  ( 0.000000000000000000, 0.000000000000000000, 1.000000000000000000 ) ) ;
#1883 = DIRECTION ( 'NONE',  ( -8.811293846231439230E-15, 0.000000000000000000, 1.000000000000000000 ) ) ;
#1884 = DIRECTION ( 'NONE',  ( 8.326672684688666165E-15, 0.000000000000000000, -1.000000000000000000 ) ) ;
#1885 = LINE ( 'NONE', #3398, #2101 ) ;
#1886 = AXIS2_PLACEMENT_3D ( 'NONE', #3872, #2718, #1864 ) ;
#1887 = ORIENTED_EDGE ( 'NONE', *, *, #2977, .T. ) ;
#1888 = ORIENTED_EDGE ( 'NONE', *, *, #4992, .F. ) ;
#1889 = VECTOR ( 'NONE', #2950, 1000.000000000000000 ) ;
#1890 = FACE_OUTER_BOUND ( 'NONE', #654, .T. ) ;
#1891 = LINE ( 'NONE', #3473, #597 ) ;
#1892 = CARTESIAN_POINT ( 'NONE',  ( -119.9999999999999858, 30.00000000000000000, 183.0000000000000000 ) ) ;
#1893 = CARTESIAN_POINT ( 'NONE',  ( 115.9999999999989768, 353.3309524416879981, 146.0000000000008242 ) ) ;
#1894 = EDGE_LOOP ( 'NONE', ( #1076, #1232, #1049, #1827 ) ) ;
#1895 = ORIENTED_EDGE ( 'NONE', *, *, #4586, .F. ) ;
#1896 = VECTOR ( 'NONE', #4070, 1000.000000000000000 ) ;
#1897 = VECTOR ( 'NONE', #3223, 999.9999999999998863 ) ;
#1898 = FACE_OUTER_BOUND ( 'NONE', #303, .T. ) ;
#1899 = EDGE_CURVE ( 'NONE', #3245, #334, #1074, .T. ) ;
#1900 = EDGE_CURVE ( 'NONE', #2944, #1774, #4699, .T. ) ;
#1901 = FACE_OUTER_BOUND ( 'NONE', #196, .T. ) ;
#1902 = ORIENTED_EDGE ( 'NONE', *, *, #2636, .F. ) ;
#1903 = FACE_OUTER_BOUND ( 'NONE', #1711, .T. ) ;
#1904 = CARTESIAN_POINT ( 'NONE',  ( -29.99999999999999645, 495.5000000000000568, 128.5500000000004945 ) ) ;
#1905 = ORIENTED_EDGE ( 'NONE', *, *, #2294, .F. ) ;
#1906 = AXIS2_PLACEMENT_3D ( 'NONE', #687, #2218, #2476 ) ;
#1907 = DIRECTION ( 'NONE',  ( 6.833739152871057532E-15, 2.592370252323553063E-45, -1.000000000000000000 ) ) ;
#1908 = DIRECTION ( 'NONE',  ( 7.586974551799862254E-31, -1.000000000000000000, 2.592370252323553063E-45 ) ) ;
#1909 = CARTESIAN_POINT ( 'NONE',  ( 118.5499999999995993, 300.0000000000000000, 55.70000000000081286 ) ) ;
#1910 = ORIENTED_EDGE ( 'NONE', *, *, #4104, .T. ) ;
#1911 = VERTEX_POINT ( 'NONE', #2604 ) ;
#1912 = DIRECTION ( 'NONE',  ( -6.608470384673551024E-15, 0.000000000000000000, 1.000000000000000000 ) ) ;
#1913 = DIRECTION ( 'NONE',  ( 0.000000000000000000, 0.000000000000000000, 1.000000000000000000 ) ) ;
#1914 = DIRECTION ( 'NONE',  ( -1.000000000000000000, -0.000000000000000000, 7.461176240760461390E-17 ) ) ;
#1915 = FACE_BOUND ( 'NONE', #885, .T. ) ;
#1916 = AXIS2_PLACEMENT_3D ( 'NONE', #2339, #381, #3830 ) ;
#1917 = ORIENTED_EDGE ( 'NONE', *, *, #229, .F. ) ;
#1918 = ORIENTED_EDGE ( 'NONE', *, *, #3310, .T. ) ;
#1919 = VECTOR ( 'NONE', #114, 1000.000000000000000 ) ;
#1920 = DIRECTION ( 'NONE',  ( 1.000000000000000000, 7.586974551799862254E-31, 6.908350915278662121E-15 ) ) ;
#1921 = DIRECTION ( 'NONE',  ( -6.608470384673551024E-15, 0.000000000000000000, 1.000000000000000000 ) ) ;
#1922 = VERTEX_POINT ( 'NONE', #4475 ) ;
#1923 = ADVANCED_FACE ( 'NONE', ( #4144 ), #4458, .F. ) ;
#1924 = EDGE_CURVE ( 'NONE', #2372, #3275, #2577, .T. ) ;
#1925 = DIRECTION ( 'NONE',  ( -1.000000000000000000, 0.000000000000000000, 7.841021663933348585E-17 ) ) ;
#1926 = DIRECTION ( 'NONE',  ( 6.833739152871057532E-15, 2.592370252323553063E-45, -1.000000000000000000 ) ) ;
#1927 = VERTEX_POINT ( 'NONE', #1097 ) ;
#1928 = ADVANCED_FACE ( 'NONE', ( #337 ), #4910, .T. ) ;
#1929 = ADVANCED_FACE ( 'NONE', ( #4962 ), #4704, .F. ) ;
#1930 = DIRECTION ( 'NONE',  ( -1.000000000000000000, -7.586974551799862254E-31, -6.908350915278662121E-15 ) ) ;
#1931 = CONICAL_SURFACE ( 'NONE', #3617, 3.149999999999999911, 0.7853981633974507215 ) ;
#1932 = LINE ( 'NONE', #1083, #2481 ) ;
#1933 = EDGE_LOOP ( 'NONE', ( #4543, #689 ) ) ;
#1934 = ORIENTED_EDGE ( 'NONE', *, *, #4330, .F. ) ;
#1935 = LINE ( 'NONE', #3403, #4772 ) ;
#1936 = CARTESIAN_POINT ( 'NONE',  ( -115.9999999999999716, 50.00000000000000000, 184.6999999999999886 ) ) ;
#1937 = DIRECTION ( 'NONE',  ( 1.000000000000000000, 7.586974551799862254E-31, 6.908350915278662121E-15 ) ) ;
#1938 = DIRECTION ( 'NONE',  ( -6.122553444624049633E-15, 0.000000000000000000, 1.000000000000000000 ) ) ;
#1939 = ORIENTED_EDGE ( 'NONE', *, *, #4391, .F. ) ;
#1940 = VERTEX_POINT ( 'NONE', #3303 ) ;
#1941 = CARTESIAN_POINT ( 'NONE',  ( 99.99999999999910472, 875.0000000000000000, 130.0000000000011937 ) ) ;
#1942 = CARTESIAN_POINT ( 'NONE',  ( 29.99999999999910827, 495.5000000000000568, 130.0000000000007105 ) ) ;
#1943 = ORIENTED_EDGE ( 'NONE', *, *, #4700, .T. ) ;
#1944 = CIRCLE ( 'NONE', #4774, 1.699999999999965539 ) ;
#1945 = DIRECTION ( 'NONE',  ( 0.000000000000000000, 0.000000000000000000, 1.000000000000000000 ) ) ;
#1946 = EDGE_CURVE ( 'NONE', #4394, #1223, #2553, .T. ) ;
#1947 = CARTESIAN_POINT ( 'NONE',  ( 29.99999999999994671, 923.5500000000005230, 3.300000000000615774 ) ) ;
#1948 = AXIS2_PLACEMENT_3D ( 'NONE', #2696, #3431, #4975 ) ;
#1949 = EDGE_LOOP ( 'NONE', ( #3484, #383 ) ) ;
#1950 = AXIS2_PLACEMENT_3D ( 'NONE', #4017, #563, #3258 ) ;
#1951 = ADVANCED_FACE ( 'NONE', ( #1494 ), #692, .F. ) ;
#1952 = CIRCLE ( 'NONE', #4048, 1.699999999999979305 ) ;
#1953 = ADVANCED_FACE ( 'NONE', ( #3787 ), #4854, .F. ) ;
#1954 = EDGE_CURVE ( 'NONE', #334, #3245, #1233, .T. ) ;
#1955 = FACE_OUTER_BOUND ( 'NONE', #3287, .T. ) ;
#1956 = PERSON_AND_ORGANIZATION ( #2071, #140 ) ;
#1957 = ORIENTED_EDGE ( 'NONE', *, *, #610, .T. ) ;
#1958 = EDGE_LOOP ( 'NONE', ( #4077, #3264, #1787, #1464 ) ) ;
#1959 = VECTOR ( 'NONE', #529, 1000.000000000000000 ) ;
#1960 = CARTESIAN_POINT ( 'NONE',  ( 118.5499999999987324, 30.00000000000000000, 183.0000000000007958 ) ) ;
#1961 = CONICAL_SURFACE ( 'NONE', #1402, 3.150000000000000799, 0.7853981633974697063 ) ;
#1962 = CARTESIAN_POINT ( 'NONE',  ( 29.99999999999937472, 925.0000000000001137, 90.00000000000061107 ) ) ;
#1963 = CARTESIAN_POINT ( 'NONE',  ( 114.9999999999991189, 420.0000000000001705, 125.0000000000007816 ) ) ;
#1964 = CARTESIAN_POINT ( 'NONE',  ( 48.00000000000000000, 920.0000000000000000, 3.285093380574697021E-13 ) ) ;
#1965 = ORIENTED_EDGE ( 'NONE', *, *, #2947, .T. ) ;
#1966 = ORIENTED_EDGE ( 'NONE', *, *, #1530, .T. ) ;
#1967 = AXIS2_PLACEMENT_3D ( 'NONE', #374, #4231, #1883 ) ;
#1968 = CARTESIAN_POINT ( 'NONE',  ( 119.9999999999987352, 30.00000000000000000, 183.0000000000008242 ) ) ;
#1969 = CARTESIAN_POINT ( 'NONE',  ( -119.9999999999999858, 300.0000000000000000, 186.1499999999999773 ) ) ;
#1970 = VERTEX_POINT ( 'NONE', #4089 ) ;
#1971 = CARTESIAN_POINT ( 'NONE',  ( -29.99999999999998934, 925.0000000000001137, 110.0000000000003979 ) ) ;
#1972 = DIRECTION ( 'NONE',  ( 0.7071067811865409114, 5.364801154267417877E-31, 0.7071067811865541231 ) ) ;
#1973 = PLANE ( 'NONE',  #2635 ) ;
#1974 = LINE ( 'NONE', #4275, #4885 ) ;
#1975 = EDGE_CURVE ( 'NONE', #899, #3691, #1468, .T. ) ;
#1976 = ORIENTED_EDGE ( 'NONE', *, *, #4893, .T. ) ;
#1977 = ORIENTED_EDGE ( 'NONE', *, *, #2636, .T. ) ;
#1978 = EDGE_CURVE ( 'NONE', #319, #1354, #1553, .T. ) ;
#1979 = ADVANCED_FACE ( 'NONE', ( #1583 ), #2933, .F. ) ;
#1980 = AXIS2_PLACEMENT_3D ( 'NONE', #3937, #103, #3511 ) ;
#1981 = CARTESIAN_POINT ( 'NONE',  ( 29.99999999999937472, 923.5500000000000682, 90.00000000000061107 ) ) ;
#1982 = CARTESIAN_POINT ( 'NONE',  ( 119.9999999999991616, 30.00000000000002842, 119.8500000000008328 ) ) ;
#1983 = DIRECTION ( 'NONE',  ( -6.122553444624255526E-15, 0.000000000000000000, 1.000000000000000000 ) ) ;
#1984 = DIRECTION ( 'NONE',  ( 8.163404592832132968E-15, 0.000000000000000000, -1.000000000000000000 ) ) ;
#1985 = ORIENTED_EDGE ( 'NONE', *, *, #1813, .T. ) ;
#1986 = EDGE_LOOP ( 'NONE', ( #3113, #4698, #2769, #4633 ) ) ;
#1987 = DIRECTION ( 'NONE',  ( 1.000000000000000000, 0.000000000000000000, -7.461176240760461390E-17 ) ) ;
#1988 = DIRECTION ( 'NONE',  ( 0.000000000000000000, 0.000000000000000000, -1.000000000000000000 ) ) ;
#1989 = CARTESIAN_POINT ( 'NONE',  ( 119.9999999999995595, 30.00000000000000000, 63.00000000000083134 ) ) ;
#1990 = ORIENTED_EDGE ( 'NONE', *, *, #4641, .T. ) ;
#1991 = VECTOR ( 'NONE', #3730, 1000.000000000000000 ) ;
#1992 = CARTESIAN_POINT ( 'NONE',  ( -29.99999999999998934, 925.0000000000001137, 86.85000000000039222 ) ) ;
#1993 = DIRECTION ( 'NONE',  ( -0.000000000000000000, -0.000000000000000000, 1.000000000000000000 ) ) ;
#1994 = AXIS2_PLACEMENT_3D ( 'NONE', #3645, #3695, #4512 ) ;
#1995 = CARTESIAN_POINT ( 'NONE',  ( -29.99999999999998934, 925.0000000000001137, 91.70000000000032969 ) ) ;
#1996 = CARTESIAN_POINT ( 'NONE',  ( 119.9999999999989910, 353.3309524416879981, 144.3000000000008640 ) ) ;
#1997 = VERTEX_POINT ( 'NONE', #5004 ) ;
#1998 = EDGE_CURVE ( 'NONE', #5005, #2999, #4245, .T. ) ;
#1999 = VERTEX_POINT ( 'NONE', #1969 ) ;
#2000 = CARTESIAN_POINT ( 'NONE',  ( 85.99999999999980105, 6.524798114547874497E-29, 30.00000000000058975 ) ) ;
#2001 = DIRECTION ( 'NONE',  ( 0.7071067811865524577, -8.659560562354879857E-17, -0.7071067811865426878 ) ) ;
#2002 = CARTESIAN_POINT ( 'NONE',  ( 115.9999999999991189, 420.0000000000001137, 125.0000000000008384 ) ) ;
#2003 = FACE_BOUND ( 'NONE', #2799, .T. ) ;
#2004 = ADVANCED_FACE ( 'NONE', ( #4292 ), #1628, .F. ) ;
#2005 = VERTEX_POINT ( 'NONE', #2656 ) ;
#2006 = ORIENTED_EDGE ( 'NONE', *, *, #1334, .T. ) ;
#2007 = ADVANCED_FACE ( 'NONE', ( #1209 ), #2749, .T. ) ;
#2008 = CARTESIAN_POINT ( 'NONE',  ( -86.00000000000000000, 0.000000000000000000, 30.00000000000000355 ) ) ;
#2009 = CARTESIAN_POINT ( 'NONE',  ( -31.69999999999997797, 495.5000000000000568, 130.0000000000005116 ) ) ;
#2010 = DIRECTION ( 'NONE',  ( 3.984682643559799615E-31, 1.000000000000000000, -1.110223024625156787E-16 ) ) ;
#2011 = EDGE_CURVE ( 'NONE', #497, #3656, #433, .T. ) ;
#2012 = EDGE_LOOP ( 'NONE', ( #869, #85 ) ) ;
#2013 = LINE ( 'NONE', #3582, #489 ) ;
#2014 = VECTOR ( 'NONE', #260, 1000.000000000000000 ) ;
#2015 = CARTESIAN_POINT ( 'NONE',  ( 114.9999999999991189, 921.0000000000000000, 125.0000000000009948 ) ) ;
#2016 = CARTESIAN_POINT ( 'NONE',  ( 84.99999999999944578, 925.0000000000004547, 6.751318403695807474E-13 ) ) ;
#2017 = EDGE_LOOP ( 'NONE', ( #4498, #3544, #1848, #2096 ) ) ;
#2018 = AXIS2_PLACEMENT_3D ( 'NONE', #4064, #3684, #1791 ) ;
#2019 = VECTOR ( 'NONE', #2592, 1000.000000000000000 ) ;
#2020 = DIRECTION ( 'NONE',  ( 8.659560562354780016E-17, 0.7071067811865626718, -0.7071067811865324737 ) ) ;
#2021 = VECTOR ( 'NONE', #620, 1000.000000000000000 ) ;
#2022 = COORDINATED_UNIVERSAL_TIME_OFFSET ( 8, 0, .AHEAD. ) ;
#2023 = EDGE_LOOP ( 'NONE', ( #4378, #2470, #714, #4856 ) ) ;
#2024 = ORIENTED_EDGE ( 'NONE', *, *, #915, .F. ) ;
#2025 = AXIS2_PLACEMENT_3D ( 'NONE', #4459, #240, #1806 ) ;
#2026 = AXIS2_PLACEMENT_3D ( 'NONE', #1317, #4370, #941 ) ;
#2027 = LINE ( 'NONE', #3941, #3081 ) ;
#2028 = DIRECTION ( 'NONE',  ( -8.163404592832066703E-15, 0.000000000000000000, 1.000000000000000000 ) ) ;
#2029 = LINE ( 'NONE', #3501, #3122 ) ;
#2030 = DIRECTION ( 'NONE',  ( 1.000000000000000000, 0.000000000000000000, -7.461176240760461390E-17 ) ) ;
#2031 = VECTOR ( 'NONE', #1637, 1000.000000000000000 ) ;
#2032 = ORIENTED_EDGE ( 'NONE', *, *, #1604, .F. ) ;
#2033 = VERTEX_POINT ( 'NONE', #2325 ) ;
#2034 = VECTOR ( 'NONE', #3953, 1000.000000000000000 ) ;
#2035 = CARTESIAN_POINT ( 'NONE',  ( 118.5499999999991161, 30.00000000000002842, 124.7000000000008129 ) ) ;
#2036 = LINE ( 'NONE', #4033, #3332 ) ;
#2037 = DIRECTION ( 'NONE',  ( 1.000000000000000000, 7.586974551799862254E-31, 6.908350915278662121E-15 ) ) ;
#2038 = ORIENTED_EDGE ( 'NONE', *, *, #270, .F. ) ;
#2039 = EDGE_CURVE ( 'NONE', #1572, #2839, #1316, .T. ) ;
#2040 = ORIENTED_EDGE ( 'NONE', *, *, #3744, .F. ) ;
#2041 = VECTOR ( 'NONE', #3977, 1000.000000000000000 ) ;
#2042 = EDGE_CURVE ( 'NONE', #2544, #4592, #2525, .T. ) ;
#2043 = EDGE_CURVE ( 'NONE', #1062, #3470, #3017, .T. ) ;
#2044 = DIRECTION ( 'NONE',  ( 6.938893903907229955E-15, 2.554450325592115178E-45, -1.000000000000000000 ) ) ;
#2045 = AXIS2_PLACEMENT_3D ( 'NONE', #4565, #805, #783 ) ;
#2046 = DIRECTION ( 'NONE',  ( -8.811293846231439230E-15, 0.000000000000000000, 1.000000000000000000 ) ) ;
#2047 = CIRCLE ( 'NONE', #4883, 1.699999999999979305 ) ;
#2048 = FACE_OUTER_BOUND ( 'NONE', #646, .T. ) ;
#2049 = CIRCLE ( 'NONE', #608, 1.699999999999989742 ) ;
#2050 = CARTESIAN_POINT ( 'NONE',  ( -29.99999999999997158, 923.5500000000005230, 5.000000000000397016 ) ) ;
#2051 = ORIENTED_EDGE ( 'NONE', *, *, #695, .T. ) ;
#2052 = ORIENTED_EDGE ( 'NONE', *, *, #1492, .F. ) ;
#2053 = CARTESIAN_POINT ( 'NONE',  ( -119.9999999999999574, 420.0000000000001705, 125.0000000000001421 ) ) ;
#2054 = CARTESIAN_POINT ( 'NONE',  ( -99.99999999999998579, 875.0000000000000000, 126.0000000000000284 ) ) ;
#2055 = CARTESIAN_POINT ( 'NONE',  ( 119.9999999999995595, 30.00000000000000000, 63.00000000000083134 ) ) ;
#2056 = DIRECTION ( 'NONE',  ( 1.000000000000000000, 0.000000000000000000, 0.000000000000000000 ) ) ;
#2057 = VERTEX_POINT ( 'NONE', #3529 ) ;
#2058 = ORIENTED_EDGE ( 'NONE', *, *, #2948, .T. ) ;
#2059 = DIRECTION ( 'NONE',  ( 1.000000000000000000, 0.000000000000000000, -7.461176240760461390E-17 ) ) ;
#2060 = CARTESIAN_POINT ( 'NONE',  ( 119.9999999999996021, 300.0000000000000000, 55.70000000000081997 ) ) ;
#2061 = CARTESIAN_POINT ( 'NONE',  ( -120.0000000000000000, 30.00000000000000000, 63.00000000000001421 ) ) ;
#2062 = ORIENTED_EDGE ( 'NONE', *, *, #2661, .T. ) ;
#2063 = ORIENTED_EDGE ( 'NONE', *, *, #3238, .T. ) ;
#2064 = CARTESIAN_POINT ( 'NONE',  ( 29.99999999999923617, 921.0000000000001137, 110.0000000000005969 ) ) ;
#2065 = DIRECTION ( 'NONE',  ( 0.000000000000000000, 0.000000000000000000, -1.000000000000000000 ) ) ;
#2066 = CARTESIAN_POINT ( 'NONE',  ( 29.99999999999924682, 925.0000000000001137, 108.3000000000006793 ) ) ;
#2067 = CARTESIAN_POINT ( 'NONE',  ( -115.9999999999999858, 30.00000000000002842, 123.0000000000000142 ) ) ;
#2068 = ADVANCED_FACE ( 'NONE', ( #745 ), #1168, .F. ) ;
#2069 = VECTOR ( 'NONE', #3168, 1000.000000000000000 ) ;
#2070 = ADVANCED_FACE ( 'NONE', ( #407 ), #67, .F. ) ;
#2071 = PERSON ( '未', '未', '未', ('未'), ('未'), ('未') ) ;
#2072 = VECTOR ( 'NONE', #397, 1000.000000000000000 ) ;
#2073 = DIRECTION ( 'NONE',  ( -0.000000000000000000, 1.000000000000000000, 3.524517538492560546E-15 ) ) ;
#2074 = ADVANCED_FACE ( 'NONE', ( #1901 ), #23, .F. ) ;
#2075 = ORIENTED_EDGE ( 'NONE', *, *, #2261, .F. ) ;
#2076 = ORIENTED_EDGE ( 'NONE', *, *, #3958, .T. ) ;
#2077 = CARTESIAN_POINT ( 'NONE',  ( -119.9999999999999858, 30.00000000000002842, 123.0000000000000142 ) ) ;
#2078 = CARTESIAN_POINT ( 'NONE',  ( -99.99999999999998579, 576.0000000000001137, 126.0000000000000568 ) ) ;
#2079 = DIRECTION ( 'NONE',  ( -6.122553444624250004E-15, 0.000000000000000000, 1.000000000000000000 ) ) ;
#2080 = DIRECTION ( 'NONE',  ( -0.000000000000000000, 1.000000000000000000, 0.000000000000000000 ) ) ;
#2081 = ORIENTED_EDGE ( 'NONE', *, *, #2329, .T. ) ;
#2082 = ORIENTED_EDGE ( 'NONE', *, *, #1978, .T. ) ;
#2083 = EDGE_CURVE ( 'NONE', #2238, #1360, #102, .T. ) ;
#2084 = CARTESIAN_POINT ( 'NONE',  ( 2.775557561562891351E-14, 920.0000000000000000, 125.0000000000002274 ) ) ;
#2085 = DIRECTION ( 'NONE',  ( 7.586974551799862254E-31, -1.000000000000000000, 2.592370252323553063E-45 ) ) ;
#2086 = CARTESIAN_POINT ( 'NONE',  ( -115.9999999999999858, 920.0000000000000000, 30.00000000000001066 ) ) ;
#2087 = ORIENTED_EDGE ( 'NONE', *, *, #3211, .T. ) ;
#2088 = ORIENTED_EDGE ( 'NONE', *, *, #2162, .F. ) ;
#2089 = CARTESIAN_POINT ( 'NONE',  ( 115.9999999999985079, 327.9289321881350361, 216.0000000000007958 ) ) ;
#2090 = DIRECTION ( 'NONE',  ( 1.000000000000000000, 7.586974551799862254E-31, 6.908350915278662121E-15 ) ) ;
#2091 = DIRECTION ( 'NONE',  ( 2.538233402833249564E-15, -6.666190289411298884E-46, -1.000000000000000000 ) ) ;
#2092 = DIRECTION ( 'NONE',  ( -1.000000000000000000, -7.586974551799862254E-31, -6.908350915278662121E-15 ) ) ;
#2093 = ORIENTED_EDGE ( 'NONE', *, *, #1862, .T. ) ;
#2094 = CARTESIAN_POINT ( 'NONE',  ( -115.9999999999999716, 331.4644660940677454, 214.5355339059327093 ) ) ;
#2095 = AXIS2_PLACEMENT_3D ( 'NONE', #3545, #1333, #2417 ) ;
#2096 = ORIENTED_EDGE ( 'NONE', *, *, #3289, .T. ) ;
#2097 = EDGE_CURVE ( 'NONE', #907, #2057, #3814, .T. ) ;
#2098 = VERTEX_POINT ( 'NONE', #366 ) ;
#2099 = EDGE_CURVE ( 'NONE', #3489, #2999, #4601, .T. ) ;
#2100 = EDGE_CURVE ( 'NONE', #2420, #3150, #1712, .T. ) ;
#2101 = VECTOR ( 'NONE', #3069, 1000.000000000000000 ) ;
#2102 = CARTESIAN_POINT ( 'NONE',  ( 115.9999999999987494, 50.00000000000000000, 181.3000000000008356 ) ) ;
#2103 = DIRECTION ( 'NONE',  ( 3.589083053745118507E-15, -1.110223024625156787E-16, -1.000000000000000000 ) ) ;
#2104 = DIRECTION ( 'NONE',  ( 1.000000000000000000, 0.000000000000000000, 3.620292471603788785E-15 ) ) ;
#2105 = CARTESIAN_POINT ( 'NONE',  ( -29.99999999999998934, 921.0000000000001137, 111.7000000000003297 ) ) ;
#2106 = VERTEX_POINT ( 'NONE', #774 ) ;
#2107 = ORIENTED_EDGE ( 'NONE', *, *, #4361, .T. ) ;
#2108 = AXIS2_PLACEMENT_3D ( 'NONE', #3900, #4334, #4000 ) ;
#2109 = AXIS2_PLACEMENT_3D ( 'NONE', #510, #100, #2829 ) ;
#2110 = DIRECTION ( 'NONE',  ( 6.833739152871057532E-15, 2.592370252323553063E-45, -1.000000000000000000 ) ) ;
#2111 = AXIS2_PLACEMENT_3D ( 'NONE', #2903, #1318, #3660 ) ;
#2112 = DIRECTION ( 'NONE',  ( 1.000000000000000000, 7.586974551799862254E-31, 6.908350915278662121E-15 ) ) ;
#2113 = CARTESIAN_POINT ( 'NONE',  ( -94.99999999999998579, 571.0000000000001137, 130.0000000000005116 ) ) ;
#2114 = VERTEX_POINT ( 'NONE', #2301 ) ;
#2115 = ORIENTED_EDGE ( 'NONE', *, *, #3678, .T. ) ;
#2116 = EDGE_CURVE ( 'NONE', #2098, #1237, #4770, .T. ) ;
#2117 = AXIS2_PLACEMENT_3D ( 'NONE', #119, #2495, #4009 ) ;
#2118 = CIRCLE ( 'NONE', #2607, 1.699999999999979305 ) ;
#2119 = DIRECTION ( 'NONE',  ( -6.833739152871057532E-15, -2.592370252323553063E-45, 1.000000000000000000 ) ) ;
#2120 = DIRECTION ( 'NONE',  ( -1.000000000000000000, -0.000000000000000000, -0.000000000000000000 ) ) ;
#2121 = CARTESIAN_POINT ( 'NONE',  ( -115.9999999999999716, 300.0000000000000000, 183.0000000000000000 ) ) ;
#2122 = CIRCLE ( 'NONE', #2367, 3.149999999999986144 ) ;
#2123 = ORIENTED_EDGE ( 'NONE', *, *, #199, .T. ) ;
#2124 = VECTOR ( 'NONE', #1247, 1000.000000000000000 ) ;
#2125 = CARTESIAN_POINT ( 'NONE',  ( -120.0000000000000000, 300.0000000000000000, 57.15000000000000568 ) ) ;
#2126 = AXIS2_PLACEMENT_3D ( 'NONE', #2382, #3914, #4454 ) ;
#2127 = ORIENTED_EDGE ( 'NONE', *, *, #2202, .T. ) ;
#2128 = EDGE_LOOP ( 'NONE', ( #3939, #615, #4216, #3048 ) ) ;
#2129 = ADVANCED_FACE ( 'NONE', ( #145 ), #2874, .F. ) ;
#2130 = DIRECTION ( 'NONE',  ( 6.122553444624255526E-15, 0.000000000000000000, -1.000000000000000000 ) ) ;
#2131 = CARTESIAN_POINT ( 'NONE',  ( -119.9999999999999858, 300.0000000000000000, 183.0000000000000000 ) ) ;
#2132 = DIRECTION ( 'NONE',  ( 0.000000000000000000, 0.000000000000000000, 1.000000000000000000 ) ) ;
#2133 = CARTESIAN_POINT ( 'NONE',  ( 118.5499999999991445, 30.00000000000002842, 121.3000000000008214 ) ) ;
#2134 = ORIENTED_EDGE ( 'NONE', *, *, #4269, .F. ) ;
#2135 = EDGE_CURVE ( 'NONE', #1054, #2238, #4364, .T. ) ;
#2136 = ORIENTED_EDGE ( 'NONE', *, *, #4795, .F. ) ;
#2137 = ADVANCED_FACE ( 'NONE', ( #912 ), #2780, .F. ) ;
#2138 = LINE ( 'NONE', #1458, #2019 ) ;
#2139 = CARTESIAN_POINT ( 'NONE',  ( 115.9999999999991331, 420.0000000000001705, 123.0000000000008100 ) ) ;
#2140 = DIRECTION ( 'NONE',  ( 1.000000000000000000, 0.000000000000000000, 0.000000000000000000 ) ) ;
#2141 = ORIENTED_EDGE ( 'NONE', *, *, #4050, .T. ) ;
#2142 = ORIENTED_EDGE ( 'NONE', *, *, #1122, .F. ) ;
#2143 = DIRECTION ( 'NONE',  ( -1.000000000000000000, -0.000000000000000000, 7.461176240760461390E-17 ) ) ;
#2144 = DIRECTION ( 'NONE',  ( 1.000000000000000000, 0.000000000000000000, -7.461176240760461390E-17 ) ) ;
#2145 = DIRECTION ( 'NONE',  ( 0.000000000000000000, 0.000000000000000000, 1.000000000000000000 ) ) ;
#2146 = VERTEX_POINT ( 'NONE', #2446 ) ;
#2147 = VECTOR ( 'NONE', #2786, 1000.000000000000000 ) ;
#2148 = DIRECTION ( 'NONE',  ( 1.000000000000000000, 0.000000000000000000, -7.461176240760461390E-17 ) ) ;
#2149 = VECTOR ( 'NONE', #1182, 1000.000000000000000 ) ;
#2150 = FACE_OUTER_BOUND ( 'NONE', #1447, .T. ) ;
#2151 = ORIENTED_EDGE ( 'NONE', *, *, #511, .T. ) ;
#2152 = EDGE_LOOP ( 'NONE', ( #4786, #174 ) ) ;
#2153 = AXIS2_PLACEMENT_3D ( 'NONE', #1052, #269, #3350 ) ;
#2154 = CARTESIAN_POINT ( 'NONE',  ( -119.9999999999999858, 416.5355339059328799, 129.4644660940672054 ) ) ;
#2155 = FACE_BOUND ( 'NONE', #1371, .T. ) ;
#2156 = CARTESIAN_POINT ( 'NONE',  ( -29.99999999999997158, 925.0000000000004547, 8.150000000000392930 ) ) ;
#2157 = DIRECTION ( 'NONE',  ( -1.000000000000000000, 0.000000000000000000, 0.000000000000000000 ) ) ;
#2158 = APPROVAL_PERSON_ORGANIZATION ( #828, #2945, #131 ) ;
#2159 = EDGE_LOOP ( 'NONE', ( #936, #3009, #4436, #3016 ) ) ;
#2160 = ORIENTED_EDGE ( 'NONE', *, *, #1693, .F. ) ;
#2161 = DIRECTION ( 'NONE',  ( 2.484433095295732247E-29, -1.000000000000000000, -3.524517538492560546E-15 ) ) ;
#2162 = EDGE_CURVE ( 'NONE', #3639, #4891, #3985, .T. ) ;
#2163 = EDGE_CURVE ( 'NONE', #526, #2999, #2770, .T. ) ;
#2164 = FACE_BOUND ( 'NONE', #3904, .T. ) ;
#2165 = FACE_OUTER_BOUND ( 'NONE', #1819, .T. ) ;
#2166 = ORIENTED_EDGE ( 'NONE', *, *, #35, .F. ) ;
#2167 = ORIENTED_EDGE ( 'NONE', *, *, #4279, .T. ) ;
#2168 = EDGE_CURVE ( 'NONE', #1739, #1780, #2036, .T. ) ;
#2169 = FACE_OUTER_BOUND ( 'NONE', #148, .T. ) ;
#2170 = EDGE_CURVE ( 'NONE', #878, #4101, #1656, .T. ) ;
#2171 = EDGE_CURVE ( 'NONE', #4836, #3056, #4546, .T. ) ;
#2172 = DIRECTION ( 'NONE',  ( -1.000000000000000000, 0.000000000000000000, 0.000000000000000000 ) ) ;
#2173 = CARTESIAN_POINT ( 'NONE',  ( -118.5499999999999829, 30.00000000000000000, 63.00000000000001421 ) ) ;
#2174 = ORIENTED_EDGE ( 'NONE', *, *, #3678, .F. ) ;
#2175 = CARTESIAN_POINT ( 'NONE',  ( -29.99999999999998934, 925.0000000000001137, 106.8500000000003922 ) ) ;
#2176 = CARTESIAN_POINT ( 'NONE',  ( 119.9999999999991616, 30.00000000000002842, 119.8500000000008328 ) ) ;
#2177 = ORIENTED_EDGE ( 'NONE', *, *, #154, .F. ) ;
#2178 = EDGE_LOOP ( 'NONE', ( #906, #3752 ) ) ;
#2179 = CARTESIAN_POINT ( 'NONE',  ( -33.14999999999999858, 495.5000000000000568, 130.0000000000005116 ) ) ;
#2180 = AXIS2_PLACEMENT_3D ( 'NONE', #285, #1820, #640 ) ;
#2181 = CYLINDRICAL_SURFACE ( 'NONE', #3740, 1.699999999999937561 ) ;
#2182 = AXIS2_PLACEMENT_3D ( 'NONE', #4249, #318, #3445 ) ;
#2183 = CARTESIAN_POINT ( 'NONE',  ( -115.9999999999999716, 30.00000000000000000, 183.0000000000000000 ) ) ;
#2184 = PLANE ( 'NONE',  #4566 ) ;
#2185 = ORIENTED_EDGE ( 'NONE', *, *, #4078, .F. ) ;
#2186 = ORIENTED_EDGE ( 'NONE', *, *, #199, .F. ) ;
#2187 = AXIS2_PLACEMENT_3D ( 'NONE', #2651, #40, #4187 ) ;
#2188 = AXIS2_PLACEMENT_3D ( 'NONE', #763, #1089, #2647 ) ;
#2189 = CARTESIAN_POINT ( 'NONE',  ( 119.9999999999987637, 50.00000000000000000, 179.8500000000008470 ) ) ;
#2190 = FACE_BOUND ( 'NONE', #2991, .T. ) ;
#2191 = CARTESIAN_POINT ( 'NONE',  ( 29.99999999999938538, 925.0000000000001137, 88.30000000000066507 ) ) ;
#2192 = DIRECTION ( 'NONE',  ( -5.275848315469686760E-17, 0.7071067811865459074, -0.7071067811865491270 ) ) ;
#2193 = CIRCLE ( 'NONE', #4694, 1.699999999999993072 ) ;
#2194 = VERTEX_POINT ( 'NONE', #1258 ) ;
#2195 = ORIENTED_EDGE ( 'NONE', *, *, #3, .F. ) ;
#2196 = CIRCLE ( 'NONE', #2358, 3.149999999999999911 ) ;
#2197 = CARTESIAN_POINT ( 'NONE',  ( 118.5499999999989882, 353.3309524416879981, 144.3000000000008356 ) ) ;
#2198 = AXIS2_PLACEMENT_3D ( 'NONE', #376, #2257, #2310 ) ;
#2199 = LINE ( 'NONE', #4114, #4133 ) ;
#2200 = APPROVAL ( #4660, '未' ) ;
#2201 = VERTEX_POINT ( 'NONE', #2852 ) ;
#2202 = EDGE_CURVE ( 'NONE', #334, #1970, #4695, .T. ) ;
#2203 = EDGE_CURVE ( 'NONE', #1701, #153, #2606, .T. ) ;
#2204 = CARTESIAN_POINT ( 'NONE',  ( 1.408809730988679845E-14, 420.0000000000001137, 130.0000000000004547 ) ) ;
#2205 = LINE ( 'NONE', #3261, #1491 ) ;
#2206 = ORIENTED_EDGE ( 'NONE', *, *, #796, .F. ) ;
#2207 = ORIENTED_EDGE ( 'NONE', *, *, #1435, .F. ) ;
#2208 = AXIS2_PLACEMENT_3D ( 'NONE', #1808, #2539, #626 ) ;
#2209 = DIRECTION ( 'NONE',  ( -6.833739152871057532E-15, -2.592370252323553063E-45, 1.000000000000000000 ) ) ;
#2210 = DIRECTION ( 'NONE',  ( 2.484433095295732247E-29, -1.000000000000000000, -3.524517538492560546E-15 ) ) ;
#2211 = DIRECTION ( 'NONE',  ( 1.000000000000000000, 0.000000000000000000, 0.000000000000000000 ) ) ;
#2212 = DIRECTION ( 'NONE',  ( -8.163404592832132968E-15, 0.000000000000000000, 1.000000000000000000 ) ) ;
#2213 = ORIENTED_EDGE ( 'NONE', *, *, #824, .F. ) ;
#2214 = VERTEX_POINT ( 'NONE', #934 ) ;
#2215 = CARTESIAN_POINT ( 'NONE',  ( -120.0000000000000000, 300.0000000000000000, 57.15000000000000568 ) ) ;
#2216 = CARTESIAN_POINT ( 'NONE',  ( -29.99999999999997158, 925.0000000000004547, 5.000000000000402345 ) ) ;
#2217 = DIRECTION ( 'NONE',  ( -1.000000000000000000, -7.586974551799862254E-31, -6.908350915278662121E-15 ) ) ;
#2218 = DIRECTION ( 'NONE',  ( -1.000000000000000000, -0.000000000000000000, 7.461176240760461390E-17 ) ) ;
#2219 = ADVANCED_FACE ( 'NONE', ( #4414 ), #557, .F. ) ;
#2220 = ORIENTED_EDGE ( 'NONE', *, *, #541, .F. ) ;
#2221 = ORIENTED_EDGE ( 'NONE', *, *, #3409, .F. ) ;
#2222 = LINE ( 'NONE', #4884, #3968 ) ;
#2223 = DIRECTION ( 'NONE',  ( 1.000000000000000000, 7.586974551799862254E-31, 6.833739152871057532E-15 ) ) ;
#2224 = ORIENTED_EDGE ( 'NONE', *, *, #1429, .F. ) ;
#2225 = PLANE ( 'NONE',  #1471 ) ;
#2226 = EDGE_CURVE ( 'NONE', #2214, #1450, #2467, .T. ) ;
#2227 = EDGE_CURVE ( 'NONE', #4417, #1823, #1708, .T. ) ;
#2228 = FACE_OUTER_BOUND ( 'NONE', #1039, .T. ) ;
#2229 = ORIENTED_EDGE ( 'NONE', *, *, #3347, .F. ) ;
#2230 = EDGE_LOOP ( 'NONE', ( #4131, #2916, #308, #1019 ) ) ;
#2231 = CIRCLE ( 'NONE', #546, 1.699999999999937561 ) ;
#2232 = DIRECTION ( 'NONE',  ( -0.000000000000000000, 1.000000000000000000, 3.524517538492560546E-15 ) ) ;
#2233 = ADVANCED_FACE ( 'NONE', ( #92 ), #4797, .T. ) ;
#2234 = CARTESIAN_POINT ( 'NONE',  ( -29.99999999999998934, 923.5500000000000682, 88.30000000000040927 ) ) ;
#2235 = DIRECTION ( 'NONE',  ( 1.000000000000000000, 7.586974551799862254E-31, 6.908350915278662121E-15 ) ) ;
#2236 = FACE_OUTER_BOUND ( 'NONE', #3360, .T. ) ;
#2237 = VERTEX_POINT ( 'NONE', #3174 ) ;
#2238 = VERTEX_POINT ( 'NONE', #3653 ) ;
#2239 = AXIS2_PLACEMENT_3D ( 'NONE', #402, #1557, #3101 ) ;
#2240 = PLANE ( 'NONE',  #3478 ) ;
#2241 = CONICAL_SURFACE ( 'NONE', #2887, 3.149999999999999911, 0.7853981633974495002 ) ;
#2242 = CARTESIAN_POINT ( 'NONE',  ( 115.9999999999990905, 920.0000000000000000, 125.0000000000008384 ) ) ;
#2243 = DIRECTION ( 'NONE',  ( -7.586974551799862254E-31, 1.000000000000000000, -2.592370252323553063E-45 ) ) ;
#2244 = LINE ( 'NONE', #1184, #3004 ) ;
#2245 = ORIENTED_EDGE ( 'NONE', *, *, #4754, .F. ) ;
#2246 = ORIENTED_EDGE ( 'NONE', *, *, #1763, .T. ) ;
#2247 = CYLINDRICAL_SURFACE ( 'NONE', #3870, 1.699999999999986189 ) ;
#2248 = DIRECTION ( 'NONE',  ( 1.223825039997368740E-29, -1.000000000000000000, -3.380459036380617701E-15 ) ) ;
#2249 = VECTOR ( 'NONE', #4740, 1000.000000000000000 ) ;
#2250 = ORIENTED_EDGE ( 'NONE', *, *, #1870, .F. ) ;
#2251 = DIRECTION ( 'NONE',  ( 0.000000000000000000, 0.000000000000000000, 1.000000000000000000 ) ) ;
#2252 = FACE_OUTER_BOUND ( 'NONE', #198, .T. ) ;
#2253 = ORIENTED_EDGE ( 'NONE', *, *, #4080, .F. ) ;
#2254 = CARTESIAN_POINT ( 'NONE',  ( -84.99999999999944578, 925.0000000000004547, 9.426401237554465945E-14 ) ) ;
#2255 = FACE_BOUND ( 'NONE', #1535, .T. ) ;
#2256 = CARTESIAN_POINT ( 'NONE',  ( 86.00000000000000000, 6.524798114547882344E-29, 5.911710140988645683E-13 ) ) ;
#2257 = DIRECTION ( 'NONE',  ( -1.000000000000000000, -7.586974551799862254E-31, -6.908350915278662121E-15 ) ) ;
#2258 = VERTEX_POINT ( 'NONE', #2418 ) ;
#2259 = ORIENTED_EDGE ( 'NONE', *, *, #2387, .T. ) ;
#2260 = EDGE_CURVE ( 'NONE', #3301, #2657, #504, .T. ) ;
#2261 = EDGE_CURVE ( 'NONE', #1286, #4683, #186, .T. ) ;
#2262 = CARTESIAN_POINT ( 'NONE',  ( 119.9999999999991047, 30.00000000000002842, 126.1500000000008157 ) ) ;
#2263 = CARTESIAN_POINT ( 'NONE',  ( -119.9999999999999858, 30.00000000000002842, 123.0000000000000142 ) ) ;
#2264 = FACE_OUTER_BOUND ( 'NONE', #719, .T. ) ;
#2265 = LINE ( 'NONE', #3808, #2654 ) ;
#2266 = EDGE_LOOP ( 'NONE', ( #3392, #209, #4921, #3412 ) ) ;
#2267 = ORIENTED_EDGE ( 'NONE', *, *, #1461, .T. ) ;
#2268 = VECTOR ( 'NONE', #3658, 1000.000000000000000 ) ;
#2269 = ADVANCED_FACE ( 'NONE', ( #1090 ), #3273, .T. ) ;
#2270 = CARTESIAN_POINT ( 'NONE',  ( 118.5499999999991303, 30.00000000000002842, 123.0000000000008100 ) ) ;
#2271 = VECTOR ( 'NONE', #2955, 1000.000000000000000 ) ;
#2272 = DIRECTION ( 'NONE',  ( 0.000000000000000000, 0.000000000000000000, 1.000000000000000000 ) ) ;
#2273 = VECTOR ( 'NONE', #3607, 1000.000000000000000 ) ;
#2274 = ORIENTED_EDGE ( 'NONE', *, *, #4992, .T. ) ;
#2275 = CIRCLE ( 'NONE', #3558, 30.00000000000000000 ) ;
#2276 = AXIS2_PLACEMENT_3D ( 'NONE', #3365, #3390, #2251 ) ;
#2277 = CARTESIAN_POINT ( 'NONE',  ( -48.00000000000000000, 920.0000000000000000, -3.999999999999999112 ) ) ;
#2278 = VECTOR ( 'NONE', #101, 1000.000000000000000 ) ;
#2279 = DIRECTION ( 'NONE',  ( -8.811293846231401365E-15, 0.000000000000000000, 1.000000000000000000 ) ) ;
#2280 = EDGE_LOOP ( 'NONE', ( #177, #3973, #1142, #1432 ) ) ;
#2281 = VECTOR ( 'NONE', #3127, 1000.000000000000000 ) ;
#2282 = CARTESIAN_POINT ( 'NONE',  ( 48.00000000000002842, 3.641747784863934723E-29, -3.999999999999671374 ) ) ;
#2283 = UNCERTAINTY_MEASURE_WITH_UNIT (LENGTH_MEASURE( 1.000000000000000082E-05 ), #2996, 'distance_accuracy_value', 'NONE');
#2284 = CARTESIAN_POINT ( 'NONE',  ( 2.775557561562891351E-14, 920.0000000000000000, 125.0000000000002274 ) ) ;
#2285 = CARTESIAN_POINT ( 'NONE',  ( 94.99999999999913314, 880.0000000000000000, 126.0000000000008669 ) ) ;
#2286 = AXIS2_PLACEMENT_3D ( 'NONE', #3852, #401, #4643 ) ;
#2287 = ORIENTED_EDGE ( 'NONE', *, *, #441, .T. ) ;
#2288 = VERTEX_POINT ( 'NONE', #1012 ) ;
#2289 = CARTESIAN_POINT ( 'NONE',  ( 29.99999999999923617, 925.0000000000001137, 110.0000000000006111 ) ) ;
#2290 = FACE_OUTER_BOUND ( 'NONE', #2768, .T. ) ;
#2291 = DIRECTION ( 'NONE',  ( 0.000000000000000000, 0.000000000000000000, 1.000000000000000000 ) ) ;
#2292 = EDGE_CURVE ( 'NONE', #1400, #2484, #1079, .T. ) ;
#2293 = PLANE ( 'NONE',  #2904 ) ;
#2294 = EDGE_CURVE ( 'NONE', #2693, #829, #3355, .T. ) ;
#2295 = EDGE_LOOP ( 'NONE', ( #2523, #474 ) ) ;
#2296 = EDGE_LOOP ( 'NONE', ( #2392, #2736, #3622, #63 ) ) ;
#2297 = AXIS2_PLACEMENT_3D ( 'NONE', #3863, #3818, #698 ) ;
#2298 = VECTOR ( 'NONE', #4771, 1000.000000000000000 ) ;
#2299 = AXIS2_PLACEMENT_3D ( 'NONE', #216, #4842, #2952 ) ;
#2300 = DIRECTION ( 'NONE',  ( -8.163404592832132968E-15, 0.000000000000000000, 1.000000000000000000 ) ) ;
#2301 = CARTESIAN_POINT ( 'NONE',  ( -115.9999999999999716, 331.4644660940676886, 214.5355339059327093 ) ) ;
#2302 = EDGE_CURVE ( 'NONE', #1420, #2915, #277, .T. ) ;
#2303 = ORIENTED_EDGE ( 'NONE', *, *, #2171, .F. ) ;
#2304 = FACE_BOUND ( 'NONE', #3905, .T. ) ;
#2305 = FACE_OUTER_BOUND ( 'NONE', #3043, .T. ) ;
#2306 = AXIS2_PLACEMENT_3D ( 'NONE', #976, #2564, #3321 ) ;
#2307 = VERTEX_POINT ( 'NONE', #2139 ) ;
#2308 = CARTESIAN_POINT ( 'NONE',  ( 119.9999999999984936, 331.4644660940676886, 214.5355339059335904 ) ) ;
#2309 = DIRECTION ( 'NONE',  ( 7.461176240760461390E-17, 0.000000000000000000, 1.000000000000000000 ) ) ;
#2310 = DIRECTION ( 'NONE',  ( -8.811293846231439230E-15, 0.000000000000000000, 1.000000000000000000 ) ) ;
#2311 = EDGE_LOOP ( 'NONE', ( #2938, #1178, #3537, #2751 ) ) ;
#2312 = ADVANCED_FACE ( 'NONE', ( #2547 ), #4903, .T. ) ;
#2313 = ORIENTED_EDGE ( 'NONE', *, *, #447, .T. ) ;
#2314 = DIRECTION ( 'NONE',  ( 0.000000000000000000, 0.000000000000000000, -1.000000000000000000 ) ) ;
#2315 = LINE ( 'NONE', #2368, #2450 ) ;
#2316 = CARTESIAN_POINT ( 'NONE',  ( 119.9999999999990052, 353.3309524416879981, 142.8500000000008754 ) ) ;
#2317 = FACE_OUTER_BOUND ( 'NONE', #3116, .T. ) ;
#2318 = AXIS2_PLACEMENT_3D ( 'NONE', #4977, #4999, #2291 ) ;
#2319 = VERTEX_POINT ( 'NONE', #1357 ) ;
#2320 = ADVANCED_FACE ( 'NONE', ( #1035, #2164, #2190, #3382, #4846, #3729, #1815, #1439 ), #247, .F. ) ;
#2321 = ORIENTED_EDGE ( 'NONE', *, *, #449, .T. ) ;
#2322 = CIRCLE ( 'NONE', #4588, 1.699999999999979305 ) ;
#2323 = EDGE_CURVE ( 'NONE', #4071, #4812, #2979, .T. ) ;
#2324 = CARTESIAN_POINT ( 'NONE',  ( 119.9999999999991331, 413.0000000000001705, 125.9289321881353061 ) ) ;
#2325 = CARTESIAN_POINT ( 'NONE',  ( -119.9999999999999858, 50.00000000000000000, 186.1499999999999773 ) ) ;
#2326 = ORIENTED_EDGE ( 'NONE', *, *, #3526, .F. ) ;
#2327 = EDGE_CURVE ( 'NONE', #1911, #1823, #1784, .T. ) ;
#2328 = LOCAL_TIME ( 22, 50, 54.00000000000000000, #32 ) ;
#2329 = EDGE_CURVE ( 'NONE', #2575, #156, #1058, .T. ) ;
#2330 = EDGE_CURVE ( 'NONE', #497, #1780, #685, .T. ) ;
#2331 = CARTESIAN_POINT ( 'NONE',  ( 118.5499999999987466, 50.00000000000000000, 181.3000000000008356 ) ) ;
#2332 = CARTESIAN_POINT ( 'NONE',  ( 29.99999999999993605, 925.0000000000004547, 5.000000000000607514 ) ) ;
#2333 = ORIENTED_EDGE ( 'NONE', *, *, #4173, .F. ) ;
#2334 = LINE ( 'NONE', #3866, #436 ) ;
#2335 = VERTEX_POINT ( 'NONE', #1382 ) ;
#2336 = ORIENTED_EDGE ( 'NONE', *, *, #3244, .F. ) ;
#2337 = DIRECTION ( 'NONE',  ( -0.000000000000000000, 1.000000000000000000, 0.000000000000000000 ) ) ;
#2338 = LINE ( 'NONE', #835, #1238 ) ;
#2339 = CARTESIAN_POINT ( 'NONE',  ( 115.9999999999985363, 327.9289321881350361, 211.0000000000007958 ) ) ;
#2340 = CARTESIAN_POINT ( 'NONE',  ( 115.9999999999987210, 300.0000000000000000, 184.7000000000007844 ) ) ;
#2341 = ORIENTED_EDGE ( 'NONE', *, *, #256, .T. ) ;
#2342 = ORIENTED_EDGE ( 'NONE', *, *, #3211, .F. ) ;
#2343 = PLANE ( 'NONE',  #2584 ) ;
#2344 = VECTOR ( 'NONE', #1013, 1000.000000000000000 ) ;
#2345 = DIRECTION ( 'NONE',  ( 1.000000000000000000, 7.586974551799862254E-31, 6.912149369510391338E-15 ) ) ;
#2346 = CIRCLE ( 'NONE', #979, 29.99999999999999289 ) ;
#2347 = ORIENTED_EDGE ( 'NONE', *, *, #4326, .F. ) ;
#2348 = CIRCLE ( 'NONE', #3714, 1.699999999999979305 ) ;
#2349 = VECTOR ( 'NONE', #4561, 1000.000000000000000 ) ;
#2350 = EDGE_CURVE ( 'NONE', #4351, #526, #4137, .T. ) ;
#2351 = CARTESIAN_POINT ( 'NONE',  ( -94.99999999999998579, 576.0000000000001137, 120.0000000000005116 ) ) ;
#2352 = DIRECTION ( 'NONE',  ( -6.122553444624250004E-15, 0.000000000000000000, 1.000000000000000000 ) ) ;
#2353 = CYLINDRICAL_SURFACE ( 'NONE', #129, 1.699999999999979305 ) ;
#2354 = ADVANCED_FACE ( 'NONE', ( #4468 ), #1961, .F. ) ;
#2355 = CIRCLE ( 'NONE', #2108, 1.699999999999989742 ) ;
#2356 = EDGE_CURVE ( 'NONE', #3516, #4793, #1459, .T. ) ;
#2357 = ORIENTED_EDGE ( 'NONE', *, *, #65, .F. ) ;
#2358 = AXIS2_PLACEMENT_3D ( 'NONE', #236, #4966, #316 ) ;
#2359 = VECTOR ( 'NONE', #871, 1000.000000000000000 ) ;
#2360 = DIRECTION ( 'NONE',  ( -0.000000000000000000, -1.000000000000000000, -0.000000000000000000 ) ) ;
#2361 = APPROVAL_ROLE ( '' ) ;
#2362 = ORIENTED_EDGE ( 'NONE', *, *, #432, .T. ) ;
#2363 = ORIENTED_EDGE ( 'NONE', *, *, #4325, .T. ) ;
#2364 = AXIS2_PLACEMENT_3D ( 'NONE', #580, #1335, #3249 ) ;
#2365 = CARTESIAN_POINT ( 'NONE',  ( -119.9999999999999858, 50.00000000000000000, 179.8500000000000227 ) ) ;
#2366 = EDGE_CURVE ( 'NONE', #2857, #1119, #3298, .T. ) ;
#2367 = AXIS2_PLACEMENT_3D ( 'NONE', #2742, #765, #2649 ) ;
#2368 = CARTESIAN_POINT ( 'NONE',  ( -120.0000000000000000, 300.0000000000000000, 52.30000000000003979 ) ) ;
#2369 = DIRECTION ( 'NONE',  ( -8.163404592832132968E-15, 0.000000000000000000, 1.000000000000000000 ) ) ;
#2370 = FACE_OUTER_BOUND ( 'NONE', #1845, .T. ) ;
#2371 = ORIENTED_EDGE ( 'NONE', *, *, #3860, .T. ) ;
#2372 = VERTEX_POINT ( 'NONE', #4823 ) ;
#2373 = AXIS2_PLACEMENT_3D ( 'NONE', #2131, #2971, #3670 ) ;
#2374 = DIRECTION ( 'NONE',  ( 0.000000000000000000, 1.000000000000000000, 0.000000000000000000 ) ) ;
#2375 = CARTESIAN_POINT ( 'NONE',  ( 115.9999999999987352, 50.00000000000000000, 183.0000000000007958 ) ) ;
#2376 = LINE ( 'NONE', #2750, #1897 ) ;
#2377 = ORIENTED_EDGE ( 'NONE', *, *, #2453, .T. ) ;
#2378 = DIRECTION ( 'NONE',  ( 1.000000000000000000, 0.000000000000000000, 5.551115123125777969E-15 ) ) ;
#2379 = DIRECTION ( 'NONE',  ( 1.000000000000000000, 0.000000000000000000, 0.000000000000000000 ) ) ;
#2380 = DIRECTION ( 'NONE',  ( 1.000000000000000000, 7.586974551799862254E-31, 6.908350915278662121E-15 ) ) ;
#2381 = ADVANCED_FACE ( 'NONE', ( #2521 ), #2772, .F. ) ;
#2382 = CARTESIAN_POINT ( 'NONE',  ( -118.5499999999999687, 300.0000000000000000, 183.0000000000000000 ) ) ;
#2383 = PERSON_AND_ORGANIZATION ( #2071, #140 ) ;
#2384 = ORIENTED_EDGE ( 'NONE', *, *, #3491, .F. ) ;
#2385 = ADVANCED_FACE ( 'NONE', ( #4952 ), #1000, .F. ) ;
#2386 = ORIENTED_EDGE ( 'NONE', *, *, #1592, .F. ) ;
#2387 = EDGE_CURVE ( 'NONE', #4691, #1691, #2315, .T. ) ;
#2388 = DIRECTION ( 'NONE',  ( -0.000000000000000000, 0.000000000000000000, -1.000000000000000000 ) ) ;
#2389 = CARTESIAN_POINT ( 'NONE',  ( 118.5499999999996277, 300.0000000000000000, 52.30000000000084981 ) ) ;
#2390 = DIRECTION ( 'NONE',  ( -8.163404592832132968E-15, 0.000000000000000000, 1.000000000000000000 ) ) ;
#2391 = CARTESIAN_POINT ( 'NONE',  ( 48.00000000000002842, 920.0000000000000000, -3.999999999999671374 ) ) ;
#2392 = ORIENTED_EDGE ( 'NONE', *, *, #4957, .T. ) ;
#2393 = ORIENTED_EDGE ( 'NONE', *, *, #2854, .F. ) ;
#2394 = EDGE_CURVE ( 'NONE', #1757, #4891, #3976, .T. ) ;
#2395 = CARTESIAN_POINT ( 'NONE',  ( -115.9999999999999858, 300.0000000000000000, 54.00000000000002132 ) ) ;
#2396 = AXIS2_PLACEMENT_3D ( 'NONE', #248, #4495, #1760 ) ;
#2397 = CARTESIAN_POINT ( 'NONE',  ( 119.9999999999987210, 300.0000000000000000, 184.7000000000008129 ) ) ;
#2398 = DIRECTION ( 'NONE',  ( 7.586974551799862254E-31, -1.000000000000000000, 2.592370252323553063E-45 ) ) ;
#2399 = ORIENTED_EDGE ( 'NONE', *, *, #2622, .F. ) ;
#2400 = CIRCLE ( 'NONE', #3770, 1.699999999999979305 ) ;
#2401 = CARTESIAN_POINT ( 'NONE',  ( 119.9999999999997868, 920.0000000000000000, 30.00000000000082423 ) ) ;
#2402 = CARTESIAN_POINT ( 'NONE',  ( -115.9999999999999858, 0.000000000000000000, 30.00000000000001066 ) ) ;
#2403 = CARTESIAN_POINT ( 'NONE',  ( 114.9999999999991189, 920.0000000000000000, 125.0000000000009948 ) ) ;
#2404 = LINE ( 'NONE', #3513, #3172 ) ;
#2405 = DIRECTION ( 'NONE',  ( 0.000000000000000000, 0.000000000000000000, 1.000000000000000000 ) ) ;
#2406 = VERTEX_POINT ( 'NONE', #1936 ) ;
#2407 = VERTEX_POINT ( 'NONE', #1161 ) ;
#2408 = ADVANCED_FACE ( 'NONE', ( #739 ), #15, .T. ) ;
#2409 = LINE ( 'NONE', #2771, #3408 ) ;
#2410 = LINE ( 'NONE', #3140, #4552 ) ;
#2411 = CARTESIAN_POINT ( 'NONE',  ( 29.99999999999993605, 925.0000000000004547, 5.000000000000607514 ) ) ;
#2412 = DIRECTION ( 'NONE',  ( 0.000000000000000000, 0.000000000000000000, 1.000000000000000000 ) ) ;
#2413 = ORIENTED_EDGE ( 'NONE', *, *, #4217, .T. ) ;
#2414 = ADVANCED_FACE ( 'NONE', ( #1203 ), #3093, .F. ) ;
#2415 = ORIENTED_EDGE ( 'NONE', *, *, #1796, .F. ) ;
#2416 = EDGE_CURVE ( 'NONE', #4979, #3094, #922, .T. ) ;
#2417 = DIRECTION ( 'NONE',  ( 8.163404592832132968E-15, 0.000000000000000000, -1.000000000000000000 ) ) ;
#2418 = CARTESIAN_POINT ( 'NONE',  ( 118.5499999999987182, 30.00000000000000000, 184.7000000000007844 ) ) ;
#2419 = CARTESIAN_POINT ( 'NONE',  ( -29.99999999999997158, 925.0000000000004547, 5.000000000000402345 ) ) ;
#2420 = VERTEX_POINT ( 'NONE', #4595 ) ;
#2421 = CARTESIAN_POINT ( 'NONE',  ( 99.99999999999910472, 576.0000000000001137, 130.0000000000011937 ) ) ;
#2422 = AXIS2_PLACEMENT_3D ( 'NONE', #2324, #3879, #22 ) ;
#2423 = DIRECTION ( 'NONE',  ( -1.000000000000000000, -0.000000000000000000, 7.461176240760461390E-17 ) ) ;
#2424 = CARTESIAN_POINT ( 'NONE',  ( 31.69999999999910401, 495.5000000000000568, 128.5500000000006935 ) ) ;
#2425 = EDGE_LOOP ( 'NONE', ( #4930, #1804 ) ) ;
#2426 = VECTOR ( 'NONE', #4517, 1000.000000000000000 ) ;
#2427 = CIRCLE ( 'NONE', #11, 3.149999999999986144 ) ;
#2428 = CONICAL_SURFACE ( 'NONE', #2925, 3.149999999999986144, 0.7853981633974482790 ) ;
#2429 = CARTESIAN_POINT ( 'NONE',  ( -115.9999999999999716, 920.0000000000000000, 125.9999999999999716 ) ) ;
#2430 = PERSON_AND_ORGANIZATION ( #2071, #140 ) ;
#2431 = EDGE_LOOP ( 'NONE', ( #1196, #2166, #109, #2459 ) ) ;
#2432 = EDGE_LOOP ( 'NONE', ( #2644, #3071, #3163, #1646 ) ) ;
#2433 = VECTOR ( 'NONE', #625, 1000.000000000000000 ) ;
#2434 = CIRCLE ( 'NONE', #4293, 5.000000000000004441 ) ;
#2435 = DIRECTION ( 'NONE',  ( 0.000000000000000000, 0.000000000000000000, 1.000000000000000000 ) ) ;
#2436 = LINE ( 'NONE', #952, #4224 ) ;
#2437 = DIRECTION ( 'NONE',  ( 1.000000000000000000, 0.000000000000000000, 0.000000000000000000 ) ) ;
#2438 = DIRECTION ( 'NONE',  ( 0.000000000000000000, -0.000000000000000000, 1.000000000000000000 ) ) ;
#2439 = CIRCLE ( 'NONE', #3087, 5.000000000000004441 ) ;
#2440 = ORIENTED_EDGE ( 'NONE', *, *, #1367, .T. ) ;
#2441 = ORIENTED_EDGE ( 'NONE', *, *, #2947, .F. ) ;
#2442 = AXIS2_PLACEMENT_3D ( 'NONE', #1514, #3058, #1140 ) ;
#2443 = DIRECTION ( 'NONE',  ( -0.000000000000000000, -1.000000000000000000, -0.000000000000000000 ) ) ;
#2444 = EDGE_CURVE ( 'NONE', #2288, #3047, #2122, .T. ) ;
#2445 = EDGE_CURVE ( 'NONE', #4057, #1911, #4283, .T. ) ;
#2446 = CARTESIAN_POINT ( 'NONE',  ( -118.5499999999999687, 50.00000000000000000, 184.6999999999999886 ) ) ;
#2447 = DIRECTION ( 'NONE',  ( 8.163404592832132968E-15, 0.000000000000000000, -1.000000000000000000 ) ) ;
#2448 = EDGE_LOOP ( 'NONE', ( #1602, #986, #3655, #235 ) ) ;
#2449 = ORIENTED_EDGE ( 'NONE', *, *, #475, .T. ) ;
#2450 = VECTOR ( 'NONE', #3074, 1000.000000000000000 ) ;
#2451 = DIRECTION ( 'NONE',  ( -1.000000000000000000, 0.000000000000000000, -3.589083053745118507E-15 ) ) ;
#2452 = AXIS2_PLACEMENT_3D ( 'NONE', #4074, #678, #268 ) ;
#2453 = EDGE_CURVE ( 'NONE', #585, #3124, #1891, .T. ) ;
#2454 = CARTESIAN_POINT ( 'NONE',  ( 115.9999999999985079, 8.800890480087783112E-29, 216.0000000000007958 ) ) ;
#2455 = LINE ( 'NONE', #2809, #4123 ) ;
#2456 = EDGE_CURVE ( 'NONE', #481, #3614, #1575, .T. ) ;
#2457 = CARTESIAN_POINT ( 'NONE',  ( 94.99999999999910472, 571.0000000000001137, 130.0000000000011369 ) ) ;
#2458 = ORIENTED_EDGE ( 'NONE', *, *, #1738, .F. ) ;
#2459 = ORIENTED_EDGE ( 'NONE', *, *, #4522, .F. ) ;
#2460 = DIRECTION ( 'NONE',  ( 0.000000000000000000, 0.000000000000000000, -1.000000000000000000 ) ) ;
#2461 = LINE ( 'NONE', #450, #2691 ) ;
#2462 = CARTESIAN_POINT ( 'NONE',  ( 94.99999999999910472, 880.0000000000000000, 130.0000000000011369 ) ) ;
#2463 = CARTESIAN_POINT ( 'NONE',  ( -115.9999999999999716, 300.0000000000000000, 183.0000000000000000 ) ) ;
#2464 = EDGE_LOOP ( 'NONE', ( #3859, #2953, #3458, #4515 ) ) ;
#2465 = ORIENTED_EDGE ( 'NONE', *, *, #1122, .T. ) ;
#2466 = FACE_OUTER_BOUND ( 'NONE', #638, .T. ) ;
#2467 = LINE ( 'NONE', #170, #996 ) ;
#2468 = DIRECTION ( 'NONE',  ( -0.000000000000000000, 1.000000000000000000, 3.524517538492560546E-15 ) ) ;
#2469 = ORIENTED_EDGE ( 'NONE', *, *, #3280, .F. ) ;
#2470 = ORIENTED_EDGE ( 'NONE', *, *, #1398, .F. ) ;
#2471 = EDGE_CURVE ( 'NONE', #4514, #2599, #2338, .T. ) ;
#2472 = DIRECTION ( 'NONE',  ( 1.000000000000000000, 0.000000000000000000, 0.000000000000000000 ) ) ;
#2473 = CARTESIAN_POINT ( 'NONE',  ( 119.9999999999987494, 50.00000000000000000, 181.3000000000008356 ) ) ;
#2474 = ADVANCED_FACE ( 'NONE', ( #4210 ), #364, .F. ) ;
#2475 = FACE_OUTER_BOUND ( 'NONE', #707, .T. ) ;
#2476 = DIRECTION ( 'NONE',  ( 0.000000000000000000, 0.000000000000000000, 1.000000000000000000 ) ) ;
#2477 = ORIENTED_EDGE ( 'NONE', *, *, #3176, .T. ) ;
#2478 = VECTOR ( 'NONE', #550, 1000.000000000000000 ) ;
#2479 = ADVANCED_FACE ( 'NONE', ( #2290 ), #25, .F. ) ;
#2480 = EDGE_CURVE ( 'NONE', #4523, #674, #3817, .T. ) ;
#2481 = VECTOR ( 'NONE', #1834, 1000.000000000000000 ) ;
#2482 = DIRECTION ( 'NONE',  ( 1.000000000000000000, 7.586974551799862254E-31, 6.908350915278662121E-15 ) ) ;
#2483 = ORIENTED_EDGE ( 'NONE', *, *, #1605, .F. ) ;
#2484 = VERTEX_POINT ( 'NONE', #3052 ) ;
#2485 = PLANE ( 'NONE',  #831 ) ;
#2486 = CONICAL_SURFACE ( 'NONE', #3779, 3.149999999999986144, 0.7853981633974507215 ) ;
#2487 = EDGE_CURVE ( 'NONE', #3648, #2544, #3829, .T. ) ;
#2488 = DIRECTION ( 'NONE',  ( -1.000000000000000000, -7.586974551799862254E-31, -6.912149369510391338E-15 ) ) ;
#2489 = CYLINDRICAL_SURFACE ( 'NONE', #56, 1.699999999999936007 ) ;
#2490 = DIRECTION ( 'NONE',  ( 1.000000000000000000, 7.586974551799862254E-31, 6.908350915278662121E-15 ) ) ;
#2491 = ORIENTED_EDGE ( 'NONE', *, *, #2043, .F. ) ;
#2492 = VERTEX_POINT ( 'NONE', #1531 ) ;
#2493 = ADVANCED_FACE ( 'NONE', ( #4619 ), #789, .F. ) ;
#2494 = LINE ( 'NONE', #2215, #4532 ) ;
#2495 = DIRECTION ( 'NONE',  ( 7.586974551799862254E-31, -1.000000000000000000, 2.592370252323553063E-45 ) ) ;
#2496 = DIRECTION ( 'NONE',  ( 1.162162232679729349E-29, -1.000000000000000000, -3.380459036380617701E-15 ) ) ;
#2497 = ORIENTED_EDGE ( 'NONE', *, *, #1211, .T. ) ;
#2498 = ORIENTED_EDGE ( 'NONE', *, *, #4893, .F. ) ;
#2499 = DIRECTION ( 'NONE',  ( 1.000000000000000000, 0.000000000000000000, 0.000000000000000000 ) ) ;
#2500 = LINE ( 'NONE', #4751, #2031 ) ;
#2501 = PLANE ( 'NONE',  #88 ) ;
#2502 = EDGE_LOOP ( 'NONE', ( #1626, #2440, #1315, #1014 ) ) ;
#2503 = ADVANCED_FACE ( 'NONE', ( #2868 ), #772, .F. ) ;
#2504 = EDGE_CURVE ( 'NONE', #2657, #4833, #2436, .T. ) ;
#2505 = CARTESIAN_POINT ( 'NONE',  ( -84.99999999999944578, 925.0000000000004547, 9.426401237554464682E-14 ) ) ;
#2506 = CONICAL_SURFACE ( 'NONE', #492, 3.149999999999986144, 0.7853981633974507215 ) ;
#2507 = ORIENTED_EDGE ( 'NONE', *, *, #1803, .T. ) ;
#2508 = ORIENTED_EDGE ( 'NONE', *, *, #3120, .F. ) ;
#2509 = AXIS2_PLACEMENT_3D ( 'NONE', #304, #2161, #4877 ) ;
#2510 = VECTOR ( 'NONE', #1364, 1000.000000000000000 ) ;
#2511 = FACE_OUTER_BOUND ( 'NONE', #3833, .T. ) ;
#2512 = FACE_OUTER_BOUND ( 'NONE', #2549, .T. ) ;
#2513 = CYLINDRICAL_SURFACE ( 'NONE', #1590, 1.699999999999937561 ) ;
#2514 = FACE_OUTER_BOUND ( 'NONE', #1565, .T. ) ;
#2515 = ORIENTED_EDGE ( 'NONE', *, *, #1694, .T. ) ;
#2516 = ORIENTED_EDGE ( 'NONE', *, *, #542, .F. ) ;
#2517 = AXIS2_PLACEMENT_3D ( 'NONE', #4663, #1202, #2741 ) ;
#2518 = CIRCLE ( 'NONE', #423, 29.99999999999999289 ) ;
#2519 = DIRECTION ( 'NONE',  ( -8.163404592832132968E-15, 0.000000000000000000, 1.000000000000000000 ) ) ;
#2520 = CIRCLE ( 'NONE', #2111, 3.149999999999999911 ) ;
#2521 = FACE_OUTER_BOUND ( 'NONE', #1305, .T. ) ;
#2522 = LINE ( 'NONE', #613, #4908 ) ;
#2523 = ORIENTED_EDGE ( 'NONE', *, *, #4390, .T. ) ;
#2524 = ORIENTED_EDGE ( 'NONE', *, *, #1585, .F. ) ;
#2525 = CIRCLE ( 'NONE', #513, 0.9999999999999731326 ) ;
#2526 = CARTESIAN_POINT ( 'NONE',  ( -86.00000000000000000, 920.0000000000000000, 3.469446951953614189E-15 ) ) ;
#2527 = DIRECTION ( 'NONE',  ( 1.000000000000000000, 0.000000000000000000, -7.461176240760461390E-17 ) ) ;
#2528 = CARTESIAN_POINT ( 'NONE',  ( -29.99999999999998934, 925.0000000000001137, 90.00000000000039790 ) ) ;
#2529 = VECTOR ( 'NONE', #2593, 1000.000000000000000 ) ;
#2530 = EDGE_LOOP ( 'NONE', ( #1768, #3095, #3462, #429 ) ) ;
#2531 = AXIS2_PLACEMENT_3D ( 'NONE', #1570, #3468, #4157 ) ;
#2532 = FACE_BOUND ( 'NONE', #1164, .T. ) ;
#2533 = DIRECTION ( 'NONE',  ( -8.811293846231439230E-15, 0.000000000000000000, 1.000000000000000000 ) ) ;
#2534 = CIRCLE ( 'NONE', #2126, 1.699999999999979305 ) ;
#2535 = ORIENTED_EDGE ( 'NONE', *, *, #328, .F. ) ;
#2536 = ORIENTED_EDGE ( 'NONE', *, *, #2504, .F. ) ;
#2537 = EDGE_CURVE ( 'NONE', #2653, #3430, #3240, .T. ) ;
#2538 = DIRECTION ( 'NONE',  ( 0.000000000000000000, 0.000000000000000000, -1.000000000000000000 ) ) ;
#2539 = DIRECTION ( 'NONE',  ( 1.000000000000000000, 0.000000000000000000, -7.461176240760461390E-17 ) ) ;
#2540 = EDGE_CURVE ( 'NONE', #2057, #4204, #2842, .T. ) ;
#2541 = CARTESIAN_POINT ( 'NONE',  ( -119.9999999999999858, 30.00000000000002842, 123.0000000000000142 ) ) ;
#2542 = LINE ( 'NONE', #4898, #1654 ) ;
#2543 = VERTEX_POINT ( 'NONE', #3901 ) ;
#2544 = VERTEX_POINT ( 'NONE', #3942 ) ;
#2545 = EDGE_CURVE ( 'NONE', #519, #2098, #3247, .T. ) ;
#2546 = DIRECTION ( 'NONE',  ( -0.000000000000000000, 1.000000000000000000, 3.524517538492560546E-15 ) ) ;
#2547 = FACE_OUTER_BOUND ( 'NONE', #255, .T. ) ;
#2548 = DIRECTION ( 'NONE',  ( 1.000000000000000000, 7.586974551799862254E-31, 6.833739152871057532E-15 ) ) ;
#2549 = EDGE_LOOP ( 'NONE', ( #1249, #2958, #446, #4019 ) ) ;
#2550 = ORIENTED_EDGE ( 'NONE', *, *, #2327, .T. ) ;
#2551 = CARTESIAN_POINT ( 'NONE',  ( 29.99999999999923617, 925.0000000000001137, 110.0000000000006111 ) ) ;
#2552 = AXIS2_PLACEMENT_3D ( 'NONE', #411, #3204, #3585 ) ;
#2553 = LINE ( 'NONE', #4527, #4868 ) ;
#2554 = CARTESIAN_POINT ( 'NONE',  ( -119.9999999999999858, 50.00000000000000000, 186.1499999999999773 ) ) ;
#2555 = VERTEX_POINT ( 'NONE', #2054 ) ;
#2556 = LINE ( 'NONE', #3712, #2014 ) ;
#2557 = AXIS2_PLACEMENT_3D ( 'NONE', #1892, #1914, #4211 ) ;
#2558 = CARTESIAN_POINT ( 'NONE',  ( -29.99999999999998934, 925.0000000000001137, 110.0000000000003979 ) ) ;
#2559 = EDGE_LOOP ( 'NONE', ( #4753, #2465, #938, #4167 ) ) ;
#2560 = ORIENTED_EDGE ( 'NONE', *, *, #2540, .T. ) ;
#2561 = DIRECTION ( 'NONE',  ( -0.000000000000000000, -1.000000000000000000, -0.000000000000000000 ) ) ;
#2562 = DIRECTION ( 'NONE',  ( -6.912149369510391338E-15, -2.651859884147926787E-45, 1.000000000000000000 ) ) ;
#2563 = DIRECTION ( 'NONE',  ( 0.000000000000000000, 0.000000000000000000, -1.000000000000000000 ) ) ;
#2564 = DIRECTION ( 'NONE',  ( -1.000000000000000000, -0.000000000000000000, 7.461176240760461390E-17 ) ) ;
#2565 = EDGE_LOOP ( 'NONE', ( #1022, #2954 ) ) ;
#2566 = ORIENTED_EDGE ( 'NONE', *, *, #3437, .F. ) ;
#2567 = CC_DESIGN_DATE_AND_TIME_ASSIGNMENT ( #53, #4276, ( #4505 ) ) ;
#2568 = DIRECTION ( 'NONE',  ( -6.122553444624074877E-15, 0.000000000000000000, 1.000000000000000000 ) ) ;
#2569 = DIRECTION ( 'NONE',  ( -1.000000000000000000, -7.586974551799862254E-31, -6.908350915278662121E-15 ) ) ;
#2570 = DIRECTION ( 'NONE',  ( -1.000000000000000000, -0.000000000000000000, -0.000000000000000000 ) ) ;
#2571 = EDGE_CURVE ( 'NONE', #931, #1724, #2461, .T. ) ;
#2572 = CARTESIAN_POINT ( 'NONE',  ( 29.99999999999937472, 921.0000000000001137, 90.00000000000059686 ) ) ;
#2573 = EDGE_CURVE ( 'NONE', #3435, #614, #1252, .T. ) ;
#2574 = VERTEX_POINT ( 'NONE', #4335 ) ;
#2575 = VERTEX_POINT ( 'NONE', #4354 ) ;
#2576 = CYLINDRICAL_SURFACE ( 'NONE', #748, 1.699999999999979305 ) ;
#2577 = LINE ( 'NONE', #3685, #1625 ) ;
#2578 = ORIENTED_EDGE ( 'NONE', *, *, #359, .F. ) ;
#2579 = FACE_OUTER_BOUND ( 'NONE', #4166, .T. ) ;
#2580 = LINE ( 'NONE', #568, #3177 ) ;
#2581 = ORIENTED_EDGE ( 'NONE', *, *, #2116, .T. ) ;
#2582 = ORIENTED_EDGE ( 'NONE', *, *, #132, .T. ) ;
#2583 = LINE ( 'NONE', #4026, #4942 ) ;
#2584 = AXIS2_PLACEMENT_3D ( 'NONE', #3414, #3813, #1513 ) ;
#2585 = CARTESIAN_POINT ( 'NONE',  ( -114.9999999999999716, 420.0000000000001705, 130.0000000000000000 ) ) ;
#2586 = FACE_OUTER_BOUND ( 'NONE', #1355, .T. ) ;
#2587 = CARTESIAN_POINT ( 'NONE',  ( 29.99999999999992539, 921.0000000000004547, 6.700000000000529532 ) ) ;
#2588 = ORIENTED_EDGE ( 'NONE', *, *, #2975, .F. ) ;
#2589 = ORIENTED_EDGE ( 'NONE', *, *, #475, .F. ) ;
#2590 = CIRCLE ( 'NONE', #344, 1.699999999999979305 ) ;
#2591 = VECTOR ( 'NONE', #2937, 1000.000000000000000 ) ;
#2592 = DIRECTION ( 'NONE',  ( -2.538233402833249564E-15, -3.524517538492560546E-15, 1.000000000000000000 ) ) ;
#2593 = DIRECTION ( 'NONE',  ( 0.7071067811865483499, 0.000000000000000000, 0.7071067811865466846 ) ) ;
#2594 = DIRECTION ( 'NONE',  ( 1.000000000000000000, 0.000000000000000000, 0.000000000000000000 ) ) ;
#2595 = CYLINDRICAL_SURFACE ( 'NONE', #1906, 1.699999999999979305 ) ;
#2596 = CIRCLE ( 'NONE', #422, 5.000000000000004441 ) ;
#2597 = VERTEX_POINT ( 'NONE', #1982 ) ;
#2598 = VECTOR ( 'NONE', #3935, 1000.000000000000000 ) ;
#2599 = VERTEX_POINT ( 'NONE', #882 ) ;
#2600 = ADVANCED_FACE ( 'NONE', ( #4311 ), #1649, .F. ) ;
#2601 = EDGE_CURVE ( 'NONE', #2335, #1378, #1320, .T. ) ;
#2602 = EDGE_CURVE ( 'NONE', #2005, #4331, #4382, .T. ) ;
#2603 = LINE ( 'NONE', #3012, #2994 ) ;
#2604 = CARTESIAN_POINT ( 'NONE',  ( -48.00000000000000000, 0.000000000000000000, -3.999999999999999112 ) ) ;
#2605 = ORIENTED_EDGE ( 'NONE', *, *, #1573, .T. ) ;
#2606 = CIRCLE ( 'NONE', #1160, 1.699999999999979305 ) ;
#2607 = AXIS2_PLACEMENT_3D ( 'NONE', #2643, #2667, #4181 ) ;
#2608 = EDGE_CURVE ( 'NONE', #839, #3913, #1085, .T. ) ;
#2609 = CARTESIAN_POINT ( 'NONE',  ( -29.99999999999997158, 925.0000000000004547, 1.850000000000402434 ) ) ;
#2610 = VECTOR ( 'NONE', #1598, 1000.000000000000000 ) ;
#2611 = DIRECTION ( 'NONE',  ( -0.7071067811865474617, 8.659560562354932858E-17, -0.7071067811865474617 ) ) ;
#2612 = EDGE_LOOP ( 'NONE', ( #2267, #239 ) ) ;
#2613 = ORIENTED_EDGE ( 'NONE', *, *, #3040, .T. ) ;
#2614 = AXIS2_PLACEMENT_3D ( 'NONE', #3291, #4839, #4460 ) ;
#2615 = LINE ( 'NONE', #703, #185 ) ;
#2616 = VECTOR ( 'NONE', #673, 1000.000000000000000 ) ;
#2617 = FACE_OUTER_BOUND ( 'NONE', #559, .T. ) ;
#2618 = DIRECTION ( 'NONE',  ( -0.000000000000000000, 1.000000000000000000, 3.524517538492560546E-15 ) ) ;
#2619 = CARTESIAN_POINT ( 'NONE',  ( 33.14999999999911040, 495.5000000000000568, 130.0000000000007390 ) ) ;
#2620 = ORIENTED_EDGE ( 'NONE', *, *, #2099, .F. ) ;
#2621 = ORIENTED_EDGE ( 'NONE', *, *, #1341, .T. ) ;
#2622 = EDGE_CURVE ( 'NONE', #2407, #4175, #2410, .T. ) ;
#2623 = CARTESIAN_POINT ( 'NONE',  ( 119.9999999999995879, 300.0000000000000000, 57.15000000000082991 ) ) ;
#2624 = DIRECTION ( 'NONE',  ( 7.586974551799862254E-31, -1.000000000000000000, 2.592370252323553063E-45 ) ) ;
#2625 = CARTESIAN_POINT ( 'NONE',  ( 119.9999999999996163, 300.0000000000000000, 54.00000000000083844 ) ) ;
#2626 = CARTESIAN_POINT ( 'NONE',  ( -115.9999999999999716, 300.0000000000000000, 184.6999999999999886 ) ) ;
#2627 = EDGE_LOOP ( 'NONE', ( #2245, #4524, #3236, #3715 ) ) ;
#2628 = ORIENTED_EDGE ( 'NONE', *, *, #1057, .T. ) ;
#2629 = CARTESIAN_POINT ( 'NONE',  ( 29.99999999999995737, 925.0000000000004547, 1.850000000000596057 ) ) ;
#2630 = DIRECTION ( 'NONE',  ( -1.000000000000000000, 5.885453550164231698E-44, -3.620292471603788785E-15 ) ) ;
#2631 = VERTEX_POINT ( 'NONE', #4738 ) ;
#2632 = EDGE_CURVE ( 'NONE', #770, #3680, #1636, .T. ) ;
#2633 = CARTESIAN_POINT ( 'NONE',  ( -115.9999999999999716, 50.00000000000000000, 181.3000000000000114 ) ) ;
#2634 = DIRECTION ( 'NONE',  ( 2.484433095295732247E-29, -1.000000000000000000, -3.524517538492560546E-15 ) ) ;
#2635 = AXIS2_PLACEMENT_3D ( 'NONE', #2403, #1243, #73 ) ;
#2636 = EDGE_CURVE ( 'NONE', #2258, #4801, #3338, .T. ) ;
#2637 = EDGE_CURVE ( 'NONE', #890, #4351, #549, .T. ) ;
#2638 = VERTEX_POINT ( 'NONE', #3216 ) ;
#2639 = AXIS2_PLACEMENT_3D ( 'NONE', #4165, #1037, #1321 ) ;
#2640 = DIRECTION ( 'NONE',  ( -2.484433095295732247E-29, 1.000000000000000000, 3.524517538492560546E-15 ) ) ;
#2641 = CARTESIAN_POINT ( 'NONE',  ( -118.5499999999999687, 50.00000000000000000, 183.0000000000000000 ) ) ;
#2642 = LINE ( 'NONE', #4612, #4014 ) ;
#2643 = CARTESIAN_POINT ( 'NONE',  ( -115.9999999999999716, 353.3309524416879981, 146.0000000000000284 ) ) ;
#2644 = ORIENTED_EDGE ( 'NONE', *, *, #4279, .F. ) ;
#2645 = ORIENTED_EDGE ( 'NONE', *, *, #2416, .T. ) ;
#2646 = VECTOR ( 'NONE', #4953, 1000.000000000000114 ) ;
#2647 = DIRECTION ( 'NONE',  ( 5.551115123125777969E-15, 0.000000000000000000, -1.000000000000000000 ) ) ;
#2648 = CONICAL_SURFACE ( 'NONE', #223, 3.149999999999986144, 0.7853981633974507215 ) ;
#2649 = DIRECTION ( 'NONE',  ( 0.000000000000000000, 0.000000000000000000, 1.000000000000000000 ) ) ;
#2650 = CARTESIAN_POINT ( 'NONE',  ( 119.9999999999987637, 30.00000000000000000, 179.8500000000008470 ) ) ;
#2651 = CARTESIAN_POINT ( 'NONE',  ( -86.00000000000000000, 920.0000000000000000, -3.999999999999986233 ) ) ;
#2652 = ORIENTED_EDGE ( 'NONE', *, *, #413, .T. ) ;
#2653 = VERTEX_POINT ( 'NONE', #4687 ) ;
#2654 = VECTOR ( 'NONE', #360, 1000.000000000000000 ) ;
#2655 = CYLINDRICAL_SURFACE ( 'NONE', #3629, 1.699999999999979305 ) ;
#2656 = CARTESIAN_POINT ( 'NONE',  ( -118.5499999999999829, 30.00000000000000000, 64.70000000000000284 ) ) ;
#2657 = VERTEX_POINT ( 'NONE', #2389 ) ;
#2658 = CARTESIAN_POINT ( 'NONE',  ( 119.9999999999990052, 353.3309524416879981, 142.8500000000008754 ) ) ;
#2659 = LINE ( 'NONE', #3020, #3821 ) ;
#2660 = ORIENTED_EDGE ( 'NONE', *, *, #4148, .F. ) ;
#2661 = EDGE_CURVE ( 'NONE', #1179, #3753, #4228, .T. ) ;
#2662 = AXIS2_PLACEMENT_3D ( 'NONE', #3076, #4978, #1938 ) ;
#2663 = EDGE_CURVE ( 'NONE', #1837, #3470, #471, .T. ) ;
#2664 = EDGE_CURVE ( 'NONE', #743, #1054, #4634, .T. ) ;
#2665 = CARTESIAN_POINT ( 'NONE',  ( 115.9999999999989910, 353.3309524416879981, 144.3000000000008356 ) ) ;
#2666 = LINE ( 'NONE', #4232, #2072 ) ;
#2667 = DIRECTION ( 'NONE',  ( 1.000000000000000000, 0.000000000000000000, -7.461176240760461390E-17 ) ) ;
#2668 = ORIENTED_EDGE ( 'NONE', *, *, #1436, .T. ) ;
#2669 = EDGE_LOOP ( 'NONE', ( #4825, #142 ) ) ;
#2670 = AXIS2_PLACEMENT_3D ( 'NONE', #3486, #847, #4987 ) ;
#2671 = CONICAL_SURFACE ( 'NONE', #3950, 3.149999999999999911, 0.7853981633974507215 ) ;
#2672 = CARTESIAN_POINT ( 'NONE',  ( -118.5499999999999829, 300.0000000000000000, 55.70000000000000284 ) ) ;
#2673 = EDGE_CURVE ( 'NONE', #2237, #1048, #4305, .T. ) ;
#2674 = DIRECTION ( 'NONE',  ( 0.000000000000000000, 0.7071067811865577868, 0.7071067811865373587 ) ) ;
#2675 = LINE ( 'NONE', #426, #135 ) ;
#2676 = DIRECTION ( 'NONE',  ( -1.000000000000000000, -7.586974551799862254E-31, -6.833739152871057532E-15 ) ) ;
#2677 = ORIENTED_EDGE ( 'NONE', *, *, #915, .T. ) ;
#2678 = ORIENTED_EDGE ( 'NONE', *, *, #1831, .T. ) ;
#2679 = CIRCLE ( 'NONE', #4767, 3.149999999999986144 ) ;
#2680 = DIRECTION ( 'NONE',  ( -1.000000000000000000, -7.586974551799862254E-31, -6.908350915278662121E-15 ) ) ;
#2681 = CONICAL_SURFACE ( 'NONE', #4366, 3.149999999999986144, 0.7853981633974482790 ) ;
#2682 = DIRECTION ( 'NONE',  ( -1.000000000000000000, 0.000000000000000000, 0.000000000000000000 ) ) ;
#2683 = ORIENTED_EDGE ( 'NONE', *, *, #35, .T. ) ;
#2684 = CIRCLE ( 'NONE', #4536, 1.699999999999979305 ) ;
#2685 = CARTESIAN_POINT ( 'NONE',  ( -4.522244647718867084E-13, 1.398881011027703079E-14, 126.0000000000004974 ) ) ;
#2686 = CARTESIAN_POINT ( 'NONE',  ( -115.9999999999999574, 418.0000000000001705, 127.9999999999998295 ) ) ;
#2687 = EDGE_LOOP ( 'NONE', ( #2038, #4947, #3778, #1272 ) ) ;
#2688 = CARTESIAN_POINT ( 'NONE',  ( 48.00000000000002842, 920.0000000000000000, -3.999999999999671374 ) ) ;
#2689 = LINE ( 'NONE', #1152, #1266 ) ;
#2690 = CYLINDRICAL_SURFACE ( 'NONE', #1721, 1.699999999999979305 ) ;
#2691 = VECTOR ( 'NONE', #3167, 1000.000000000000000 ) ;
#2692 = ORIENTED_EDGE ( 'NONE', *, *, #4931, .F. ) ;
#2693 = VERTEX_POINT ( 'NONE', #2585 ) ;
#2694 = ADVANCED_FACE ( 'NONE', ( #3720 ), #1752, .F. ) ;
#2695 = ADVANCED_FACE ( 'NONE', ( #4128 ), #775, .F. ) ;
#2696 = CARTESIAN_POINT ( 'NONE',  ( 119.9999999999987352, 300.0000000000000000, 183.0000000000008242 ) ) ;
#2697 = DIRECTION ( 'NONE',  ( 7.461176240760461390E-17, -0.000000000000000000, 1.000000000000000000 ) ) ;
#2698 = LINE ( 'NONE', #3782, #1746 ) ;
#2699 = DIRECTION ( 'NONE',  ( 0.000000000000000000, 0.000000000000000000, -1.000000000000000000 ) ) ;
#2700 = ORIENTED_EDGE ( 'NONE', *, *, #1461, .F. ) ;
#2701 = AXIS2_PLACEMENT_3D ( 'NONE', #3356, #3701, #2594 ) ;
#2702 = ADVANCED_FACE ( 'NONE', ( #1833 ), #299, .F. ) ;
#2703 = ORIENTED_EDGE ( 'NONE', *, *, #3308, .F. ) ;
#2704 = AXIS2_PLACEMENT_3D ( 'NONE', #1219, #4303, #856 ) ;
#2705 = ADVANCED_FACE ( 'NONE', ( #3319 ), #1728, .T. ) ;
#2706 = DIRECTION ( 'NONE',  ( 1.000000000000000000, 0.000000000000000000, 6.632766231676161975E-15 ) ) ;
#2707 = DIRECTION ( 'NONE',  ( -2.484433095295732247E-29, 1.000000000000000000, 3.524517538492560546E-15 ) ) ;
#2708 = EDGE_LOOP ( 'NONE', ( #3353, #1632 ) ) ;
#2709 = CARTESIAN_POINT ( 'NONE',  ( -115.9999999999999858, 30.00000000000000000, 64.69999999999998863 ) ) ;
#2710 = DIRECTION ( 'NONE',  ( 1.000000000000000000, 0.000000000000000000, 0.000000000000000000 ) ) ;
#2711 = ORIENTED_EDGE ( 'NONE', *, *, #385, .F. ) ;
#2712 = AXIS2_PLACEMENT_3D ( 'NONE', #1639, #48, #3965 ) ;
#2713 = FACE_OUTER_BOUND ( 'NONE', #4624, .T. ) ;
#2714 = DIRECTION ( 'NONE',  ( 1.090341985197069135E-16, -0.7071067811865459074, 0.7071067811865491270 ) ) ;
#2715 = ORIENTED_EDGE ( 'NONE', *, *, #329, .F. ) ;
#2716 = ORIENTED_EDGE ( 'NONE', *, *, #1367, .F. ) ;
#2717 = FACE_OUTER_BOUND ( 'NONE', #3059, .T. ) ;
#2718 = DIRECTION ( 'NONE',  ( -1.000000000000000000, -7.586974551799862254E-31, -6.908350915278662121E-15 ) ) ;
#2719 = CYLINDRICAL_SURFACE ( 'NONE', #1434, 1.699999999999979305 ) ;
#2720 = CARTESIAN_POINT ( 'NONE',  ( -115.9999999999999858, 920.0000000000000000, 30.00000000000000711 ) ) ;
#2721 = CIRCLE ( 'NONE', #1663, 1.699999999999979305 ) ;
#2722 = ORIENTED_EDGE ( 'NONE', *, *, #3641, .T. ) ;
#2723 = EDGE_LOOP ( 'NONE', ( #1481, #4435 ) ) ;
#2724 = EDGE_CURVE ( 'NONE', #1179, #1201, #4052, .T. ) ;
#2725 = VECTOR ( 'NONE', #3721, 1000.000000000000000 ) ;
#2726 = CARTESIAN_POINT ( 'NONE',  ( 67.00000000000002842, 30.00000000000000000, -3.999999999999538591 ) ) ;
#2727 = ADVANCED_FACE ( 'NONE', ( #2892, #2995 ), #3348, .T. ) ;
#2728 = ADVANCED_FACE ( 'NONE', ( #4027 ), #3098, .F. ) ;
#2729 = DIRECTION ( 'NONE',  ( 0.000000000000000000, 0.000000000000000000, 1.000000000000000000 ) ) ;
#2730 = ORIENTED_EDGE ( 'NONE', *, *, #4865, .T. ) ;
#2731 = AXIS2_PLACEMENT_3D ( 'NONE', #195, #1674, #863 ) ;
#2732 = CARTESIAN_POINT ( 'NONE',  ( -119.9999999999999858, 30.00000000000002842, 126.1500000000000057 ) ) ;
#2733 = CARTESIAN_POINT ( 'NONE',  ( 119.9999999999991189, 418.0000000000001705, 125.9289321881353061 ) ) ;
#2734 = LINE ( 'NONE', #1995, #946 ) ;
#2735 = EDGE_LOOP ( 'NONE', ( #4911, #463, #1303, #4849 ) ) ;
#2736 = ORIENTED_EDGE ( 'NONE', *, *, #2487, .F. ) ;
#2737 = DIRECTION ( 'NONE',  ( -1.000000000000000000, 0.000000000000000000, 0.000000000000000000 ) ) ;
#2738 = PERSON_AND_ORGANIZATION_ROLE ( 'design_supplier' ) ;
#2739 = EDGE_LOOP ( 'NONE', ( #2342, #3243, #4661, #134 ) ) ;
#2740 = ORIENTED_EDGE ( 'NONE', *, *, #1406, .F. ) ;
#2741 = DIRECTION ( 'NONE',  ( -0.000000000000000000, 0.000000000000000000, 1.000000000000000000 ) ) ;
#2742 = CARTESIAN_POINT ( 'NONE',  ( -120.0000000000000000, 300.0000000000000000, 54.00000000000002132 ) ) ;
#2743 = FACE_OUTER_BOUND ( 'NONE', #525, .T. ) ;
#2744 = CARTESIAN_POINT ( 'NONE',  ( -86.00000000000000000, 0.000000000000000000, 3.469446951953614189E-15 ) ) ;
#2745 = ORIENTED_EDGE ( 'NONE', *, *, #2855, .F. ) ;
#2746 = VERTEX_POINT ( 'NONE', #1428 ) ;
#2747 = ADVANCED_FACE ( 'NONE', ( #4098, #1777, #1375, #1407 ), #4484, .F. ) ;
#2748 = FACE_OUTER_BOUND ( 'NONE', #1170, .T. ) ;
#2749 = CYLINDRICAL_SURFACE ( 'NONE', #4222, 4.999999999999976907 ) ;
#2750 = CARTESIAN_POINT ( 'NONE',  ( -29.99999999999998934, 925.0000000000001137, 106.8500000000004064 ) ) ;
#2751 = ORIENTED_EDGE ( 'NONE', *, *, #4148, .T. ) ;
#2752 = ADVANCED_FACE ( 'NONE', ( #2512 ), #2181, .F. ) ;
#2753 = CIRCLE ( 'NONE', #1146, 3.150000000000000799 ) ;
#2754 = AXIS2_PLACEMENT_3D ( 'NONE', #3335, #1743, #2145 ) ;
#2755 = CARTESIAN_POINT ( 'NONE',  ( -119.9999999999999858, 300.0000000000000000, 183.0000000000000000 ) ) ;
#2756 = LINE ( 'NONE', #849, #2359 ) ;
#2757 = EDGE_CURVE ( 'NONE', #2492, #1999, #924, .T. ) ;
#2758 = LINE ( 'NONE', #4299, #3442 ) ;
#2759 = VERTEX_POINT ( 'NONE', #214 ) ;
#2760 = AXIS2_PLACEMENT_3D ( 'NONE', #4282, #2209, #213 ) ;
#2761 = AXIS2_PLACEMENT_3D ( 'NONE', #3254, #2881, #2499 ) ;
#2762 = EDGE_CURVE ( 'NONE', #2146, #2543, #4146, .T. ) ;
#2763 = ADVANCED_FACE ( 'NONE', ( #1004, #2155, #4511, #2713, #4970, #2255, #3822 ), #3114, .F. ) ;
#2764 = ADVANCED_FACE ( 'NONE', ( #2617 ), #4387, .F. ) ;
#2765 = VECTOR ( 'NONE', #964, 1000.000000000000000 ) ;
#2766 = CARTESIAN_POINT ( 'NONE',  ( 115.9999999999997868, 920.0000000000000000, 30.00000000000079581 ) ) ;
#2767 =( NAMED_UNIT ( * ) PLANE_ANGLE_UNIT ( ) SI_UNIT ( $, .RADIAN. ) );
#2768 = EDGE_LOOP ( 'NONE', ( #688, #4563, #554, #1338 ) ) ;
#2769 = ORIENTED_EDGE ( 'NONE', *, *, #3010, .T. ) ;
#2770 = CIRCLE ( 'NONE', #2117, 4.999999999999976907 ) ;
#2771 = CARTESIAN_POINT ( 'NONE',  ( 114.9999999999993463, 925.0000000000003411, 30.00000000000076028 ) ) ;
#2772 = CONICAL_SURFACE ( 'NONE', #4381, 3.149999999999999911, 0.7853981633974305154 ) ;
#2773 = CARTESIAN_POINT ( 'NONE',  ( -67.00000000000000000, 30.00000000000000000, -3.999999999999996447 ) ) ;
#2774 = CARTESIAN_POINT ( 'NONE',  ( 29.99999999999910827, 495.5000000000000568, 130.0000000000007105 ) ) ;
#2775 = CYLINDRICAL_SURFACE ( 'NONE', #4582, 1.699999999999979305 ) ;
#2776 = ORIENTED_EDGE ( 'NONE', *, *, #4586, .T. ) ;
#2777 = ORIENTED_EDGE ( 'NONE', *, *, #2724, .F. ) ;
#2778 = AXIS2_PLACEMENT_3D ( 'NONE', #3749, #3643, #4538 ) ;
#2779 = CARTESIAN_POINT ( 'NONE',  ( 115.9999999999995453, 30.00000000000000000, 64.70000000000078444 ) ) ;
#2780 = CYLINDRICAL_SURFACE ( 'NONE', #676, 29.99999999999999289 ) ;
#2781 = DIRECTION ( 'NONE',  ( -6.833739152871057532E-15, -2.592370252323553063E-45, 1.000000000000000000 ) ) ;
#2782 = AXIS2_PLACEMENT_3D ( 'NONE', #1292, #3971, #3185 ) ;
#2783 = ORIENTED_EDGE ( 'NONE', *, *, #3065, .F. ) ;
#2784 = CARTESIAN_POINT ( 'NONE',  ( 115.9999999999990905, 420.0000000000000568, 125.0000000000008384 ) ) ;
#2785 = DIRECTION ( 'NONE',  ( -8.811293846231439230E-15, 0.000000000000000000, 1.000000000000000000 ) ) ;
#2786 = DIRECTION ( 'NONE',  ( -7.586974551799862254E-31, 1.000000000000000000, -2.592370252323553063E-45 ) ) ;
#2787 = ADVANCED_FACE ( 'NONE', ( #1501 ), #107, .F. ) ;
#2788 = ADVANCED_FACE ( 'NONE', ( #1176 ), #4252, .F. ) ;
#2789 = DIRECTION ( 'NONE',  ( 1.000000000000000000, 7.586974551799862254E-31, 6.908350915278662121E-15 ) ) ;
#2790 = DATE_AND_TIME ( #1248, #4914 ) ;
#2791 = CIRCLE ( 'NONE', #171, 1.699999999999936007 ) ;
#2792 = ORIENTED_EDGE ( 'NONE', *, *, #1849, .F. ) ;
#2793 = ORIENTED_EDGE ( 'NONE', *, *, #4326, .T. ) ;
#2794 = CIRCLE ( 'NONE', #2712, 1.699999999999979305 ) ;
#2795 = DIRECTION ( 'NONE',  ( 7.586974551799862254E-31, -1.000000000000000000, 2.592370252323553063E-45 ) ) ;
#2796 = DIRECTION ( 'NONE',  ( 7.841021663933347352E-17, -0.000000000000000000, 1.000000000000000000 ) ) ;
#2797 = CYLINDRICAL_SURFACE ( 'NONE', #4087, 1.699999999999979305 ) ;
#2798 = DIRECTION ( 'NONE',  ( -1.000000000000000000, -0.000000000000000000, 7.461176240760461390E-17 ) ) ;
#2799 = EDGE_LOOP ( 'NONE', ( #507, #2645 ) ) ;
#2800 = ORIENTED_EDGE ( 'NONE', *, *, #413, .F. ) ;
#2801 = CARTESIAN_POINT ( 'NONE',  ( 114.9999999999991189, 420.0000000000001705, 125.0000000000007816 ) ) ;
#2802 = AXIS2_PLACEMENT_3D ( 'NONE', #472, #4718, #836 ) ;
#2803 = DIRECTION ( 'NONE',  ( 4.918778901478582533E-15, 0.7071067811865626718, -0.7071067811865324737 ) ) ;
#2804 = CARTESIAN_POINT ( 'NONE',  ( -114.9999999999999716, 420.0000000000001705, 125.0000000000000000 ) ) ;
#2805 = ORIENTED_EDGE ( 'NONE', *, *, #3498, .T. ) ;
#2806 = AXIS2_PLACEMENT_3D ( 'NONE', #2284, #2211, #1128 ) ;
#2807 = CARTESIAN_POINT ( 'NONE',  ( 84.99999999999936051, 921.0000000000003411, 30.00000000000066080 ) ) ;
#2808 = CARTESIAN_POINT ( 'NONE',  ( -119.9999999999999858, 50.00000000000000000, 183.0000000000000000 ) ) ;
#2809 = CARTESIAN_POINT ( 'NONE',  ( 119.9999999999991331, 920.0000000000000000, 123.0000000000008384 ) ) ;
#2810 = FACE_BOUND ( 'NONE', #4243, .T. ) ;
#2811 = CALENDAR_DATE ( 2026, 30, 6 ) ;
#2812 = ORIENTED_EDGE ( 'NONE', *, *, #2456, .F. ) ;
#2813 = ORIENTED_EDGE ( 'NONE', *, *, #3065, .T. ) ;
#2814 = ADVANCED_FACE ( 'NONE', ( #4589 ), #4635, .T. ) ;
#2815 = EDGE_CURVE ( 'NONE', #2982, #585, #756, .T. ) ;
#2816 = CARTESIAN_POINT ( 'NONE',  ( -86.00000000000000000, 920.0000000000000000, 30.00000000000000355 ) ) ;
#2817 = DIRECTION ( 'NONE',  ( -2.484433095295732247E-29, 1.000000000000000000, 3.524517538492560546E-15 ) ) ;
#2818 = CARTESIAN_POINT ( 'NONE',  ( 119.9999999999991331, 30.00000000000002842, 123.0000000000008242 ) ) ;
#2819 = CARTESIAN_POINT ( 'NONE',  ( -120.0000000000000000, 920.0000000000000000, 30.00000000000001066 ) ) ;
#2820 = ORIENTED_EDGE ( 'NONE', *, *, #4961, .T. ) ;
#2821 = ORIENTED_EDGE ( 'NONE', *, *, #3374, .T. ) ;
#2822 = EDGE_CURVE ( 'NONE', #1450, #660, #2334, .T. ) ;
#2823 = DIRECTION ( 'NONE',  ( 0.000000000000000000, 0.000000000000000000, 1.000000000000000000 ) ) ;
#2824 = CARTESIAN_POINT ( 'NONE',  ( 94.99999999999910472, 875.0000000000000000, 130.0000000000007105 ) ) ;
#2825 = PLANE ( 'NONE',  #3205 ) ;
#2826 = ORIENTED_EDGE ( 'NONE', *, *, #2327, .F. ) ;
#2827 = EDGE_CURVE ( 'NONE', #352, #1837, #3253, .T. ) ;
#2828 = VERTEX_POINT ( 'NONE', #2234 ) ;
#2829 = DIRECTION ( 'NONE',  ( -1.000000000000000000, 0.000000000000000000, -6.912149369510383450E-15 ) ) ;
#2830 = AXIS2_PLACEMENT_3D ( 'NONE', #1208, #795, #406 ) ;
#2831 = CARTESIAN_POINT ( 'NONE',  ( 119.9999999999990905, 420.0000000000001705, 125.0000000000009663 ) ) ;
#2832 = FACE_OUTER_BOUND ( 'NONE', #4368, .T. ) ;
#2833 = CIRCLE ( 'NONE', #4938, 1.699999999999989742 ) ;
#2834 = VECTOR ( 'NONE', #1926, 1000.000000000000000 ) ;
#2835 = AXIS2_PLACEMENT_3D ( 'NONE', #1327, #4406, #951 ) ;
#2836 = CARTESIAN_POINT ( 'NONE',  ( 29.99999999999911893, 495.5000000000000568, 128.5500000000006935 ) ) ;
#2837 = CIRCLE ( 'NONE', #753, 1.699999999999993072 ) ;
#2838 = VERTEX_POINT ( 'NONE', #2665 ) ;
#2839 = VERTEX_POINT ( 'NONE', #3774 ) ;
#2840 = AXIS2_PLACEMENT_3D ( 'NONE', #536, #4831, #2065 ) ;
#2841 = DIRECTION ( 'NONE',  ( -1.000000000000000000, 0.000000000000000000, 7.841021663933348585E-17 ) ) ;
#2842 = LINE ( 'NONE', #928, #4876 ) ;
#2843 = DIRECTION ( 'NONE',  ( -1.000000000000000000, -0.000000000000000000, 7.461176240760461390E-17 ) ) ;
#2844 = LINE ( 'NONE', #4357, #874 ) ;
#2845 = AXIS2_PLACEMENT_3D ( 'NONE', #617, #1766, #2936 ) ;
#2846 = ADVANCED_FACE ( 'NONE', ( #1955 ), #31, .F. ) ;
#2847 = ORIENTED_EDGE ( 'NONE', *, *, #69, .F. ) ;
#2848 = ORIENTED_EDGE ( 'NONE', *, *, #1738, .T. ) ;
#2849 = EDGE_CURVE ( 'NONE', #1618, #807, #4199, .T. ) ;
#2850 = AXIS2_PLACEMENT_3D ( 'NONE', #3700, #4494, #4059 ) ;
#2851 = LINE ( 'NONE', #4722, #983 ) ;
#2852 = CARTESIAN_POINT ( 'NONE',  ( -29.99999999999997158, 921.0000000000004547, 6.700000000000324363 ) ) ;
#2853 = DIRECTION ( 'NONE',  ( -1.000000000000000000, -0.000000000000000000, 7.461176240760461390E-17 ) ) ;
#2854 = EDGE_CURVE ( 'NONE', #156, #3627, #1719, .T. ) ;
#2855 = EDGE_CURVE ( 'NONE', #4338, #3946, #1524, .T. ) ;
#2856 = ORIENTED_EDGE ( 'NONE', *, *, #2762, .F. ) ;
#2857 = VERTEX_POINT ( 'NONE', #2282 ) ;
#2858 = CYLINDRICAL_SURFACE ( 'NONE', #2761, 1.699999999999986189 ) ;
#2859 = AXIS2_PLACEMENT_3D ( 'NONE', #2558, #1801, #1722 ) ;
#2860 = CARTESIAN_POINT ( 'NONE',  ( 118.5499999999987182, 50.00000000000000000, 184.7000000000007844 ) ) ;
#2861 = DIRECTION ( 'NONE',  ( 1.000000000000000000, 7.586974551799862254E-31, 6.833739152871057532E-15 ) ) ;
#2862 = DIRECTION ( 'NONE',  ( -1.208454664231724740E-29, 1.000000000000000000, 3.524517538492560546E-15 ) ) ;
#2863 = ORIENTED_EDGE ( 'NONE', *, *, #1871, .T. ) ;
#2864 = DIRECTION ( 'NONE',  ( 1.000000000000000000, 7.586974551799862254E-31, 6.908350915278662121E-15 ) ) ;
#2865 = ORIENTED_EDGE ( 'NONE', *, *, #541, .T. ) ;
#2866 = EDGE_LOOP ( 'NONE', ( #2515, #3917 ) ) ;
#2867 = CARTESIAN_POINT ( 'NONE',  ( -119.9999999999999858, 353.3309524416879981, 146.0000000000000284 ) ) ;
#2868 = FACE_OUTER_BOUND ( 'NONE', #2559, .T. ) ;
#2869 = CARTESIAN_POINT ( 'NONE',  ( 119.9999999999996447, 300.0000000000000000, 50.85000000000086118 ) ) ;
#2870 = DIRECTION ( 'NONE',  ( 1.000000000000000000, 0.000000000000000000, 6.887872625202111649E-15 ) ) ;
#2871 = ORIENTED_EDGE ( 'NONE', *, *, #4361, .F. ) ;
#2872 = ORIENTED_EDGE ( 'NONE', *, *, #1157, .F. ) ;
#2873 = CARTESIAN_POINT ( 'NONE',  ( 115.9999999999996021, 300.0000000000000000, 55.70000000000079154 ) ) ;
#2874 = PLANE ( 'NONE',  #841 ) ;
#2875 = DIRECTION ( 'NONE',  ( -8.811293846231439230E-15, 0.000000000000000000, 1.000000000000000000 ) ) ;
#2876 = EDGE_LOOP ( 'NONE', ( #2792, #2566, #2413, #3868 ) ) ;
#2877 = ORIENTED_EDGE ( 'NONE', *, *, #4924, .F. ) ;
#2878 = AXIS2_PLACEMENT_3D ( 'NONE', #2572, #3357, #4401 ) ;
#2879 = EDGE_CURVE ( 'NONE', #4071, #1724, #1105, .T. ) ;
#2880 = EDGE_CURVE ( 'NONE', #2543, #2146, #848, .T. ) ;
#2881 = DIRECTION ( 'NONE',  ( -0.000000000000000000, -0.000000000000000000, 1.000000000000000000 ) ) ;
#2882 = CARTESIAN_POINT ( 'NONE',  ( 31.69999999999912532, 495.5000000000000568, 126.0000000000005258 ) ) ;
#2883 = DIRECTION ( 'NONE',  ( -1.000000000000000000, 0.000000000000000000, -6.912149369510383450E-15 ) ) ;
#2884 = CARTESIAN_POINT ( 'NONE',  ( -119.9999999999999858, 416.5355339059328799, 129.4644660940672054 ) ) ;
#2885 = ORIENTED_EDGE ( 'NONE', *, *, #1291, .F. ) ;
#2886 = CIRCLE ( 'NONE', #873, 1.699999999999979305 ) ;
#2887 = AXIS2_PLACEMENT_3D ( 'NONE', #3119, #3521, #2437 ) ;
#2888 = PLANE ( 'NONE',  #851 ) ;
#2889 = EDGE_LOOP ( 'NONE', ( #694, #1433, #813, #1510 ) ) ;
#2890 = ORIENTED_EDGE ( 'NONE', *, *, #3466, .F. ) ;
#2891 = CARTESIAN_POINT ( 'NONE',  ( -119.9999999999999858, 300.0000000000000000, 181.3000000000000114 ) ) ;
#2892 = FACE_BOUND ( 'NONE', #2012, .T. ) ;
#2893 = DIRECTION ( 'NONE',  ( 0.000000000000000000, 0.000000000000000000, 1.000000000000000000 ) ) ;
#2894 = DIRECTION ( 'NONE',  ( 6.122553444624255526E-15, 0.000000000000000000, -1.000000000000000000 ) ) ;
#2895 = ORIENTED_EDGE ( 'NONE', *, *, #2083, .F. ) ;
#2896 = ORIENTED_EDGE ( 'NONE', *, *, #4172, .T. ) ;
#2897 = DIRECTION ( 'NONE',  ( 0.000000000000000000, 0.000000000000000000, 1.000000000000000000 ) ) ;
#2898 = DIRECTION ( 'NONE',  ( -3.244656099125939025E-15, 1.110223024625156787E-16, 1.000000000000000000 ) ) ;
#2899 = CARTESIAN_POINT ( 'NONE',  ( -48.00000000000000000, 920.0000000000000000, 4.898587196589417759E-16 ) ) ;
#2900 = ORIENTED_EDGE ( 'NONE', *, *, #1239, .F. ) ;
#2901 = EDGE_LOOP ( 'NONE', ( #4036, #794, #1191, #3182 ) ) ;
#2902 = CARTESIAN_POINT ( 'NONE',  ( -120.0000000000000000, 30.00000000000000000, 61.30000000000003268 ) ) ;
#2903 = CARTESIAN_POINT ( 'NONE',  ( 119.9999999999995595, 30.00000000000000000, 63.00000000000083134 ) ) ;
#2904 = AXIS2_PLACEMENT_3D ( 'NONE', #2744, #3522, #3475 ) ;
#2905 = PLANE ( 'NONE',  #985 ) ;
#2906 = VERTEX_POINT ( 'NONE', #2308 ) ;
#2907 = EDGE_CURVE ( 'NONE', #907, #2857, #6, .T. ) ;
#2908 = EDGE_CURVE ( 'NONE', #4101, #1186, #349, .T. ) ;
#2909 = VECTOR ( 'NONE', #1541, 999.9999999999998863 ) ;
#2910 = ADVANCED_FACE ( 'NONE', ( #3588, #2810, #826, #465, #1667, #155, #74, #130 ), #1269, .T. ) ;
#2911 = FACE_BOUND ( 'NONE', #2425, .T. ) ;
#2912 = CARTESIAN_POINT ( 'NONE',  ( 115.9999999999987494, 30.00000000000000000, 181.3000000000008356 ) ) ;
#2913 = CIRCLE ( 'NONE', #415, 3.149999999999999911 ) ;
#2914 = ADVANCED_FACE ( 'NONE', ( #3613 ), #4376, .F. ) ;
#2915 = VERTEX_POINT ( 'NONE', #3995 ) ;
#2916 = ORIENTED_EDGE ( 'NONE', *, *, #4310, .T. ) ;
#2917 = CIRCLE ( 'NONE', #3877, 3.149999999999999911 ) ;
#2918 = CIRCLE ( 'NONE', #4534, 1.699999999999979305 ) ;
#2919 = LINE ( 'NONE', #2891, #2433 ) ;
#2920 = CARTESIAN_POINT ( 'NONE',  ( -29.99999999999998934, 925.0000000000001137, 90.00000000000039790 ) ) ;
#2921 = CARTESIAN_POINT ( 'NONE',  ( -114.9999999999999716, 925.0000000000000000, 125.0000000000002274 ) ) ;
#2922 = LINE ( 'NONE', #4076, #4640 ) ;
#2923 = ORIENTED_EDGE ( 'NONE', *, *, #3612, .F. ) ;
#2924 = VERTEX_POINT ( 'NONE', #4710 ) ;
#2925 = AXIS2_PLACEMENT_3D ( 'NONE', #2867, #1775, #1372 ) ;
#2926 = AXIS2_PLACEMENT_3D ( 'NONE', #4630, #749, #801 ) ;
#2927 = EDGE_CURVE ( 'NONE', #4025, #4818, #1614, .T. ) ;
#2928 = DIRECTION ( 'NONE',  ( -7.586974551799862254E-31, 1.000000000000000000, -2.592370252323553063E-45 ) ) ;
#2929 = DIRECTION ( 'NONE',  ( 1.000000000000000000, 7.586974551799862254E-31, 3.458931476850071257E-14 ) ) ;
#2930 = DIRECTION ( 'NONE',  ( -6.608470384673551024E-15, 0.000000000000000000, 1.000000000000000000 ) ) ;
#2931 = ORIENTED_EDGE ( 'NONE', *, *, #4391, .T. ) ;
#2932 = ORIENTED_EDGE ( 'NONE', *, *, #1954, .T. ) ;
#2933 = CONICAL_SURFACE ( 'NONE', #21, 3.149999999999999911, 0.7853981633974305154 ) ;
#2934 = DIRECTION ( 'NONE',  ( 4.918778901478582533E-15, 0.7071067811865626718, -0.7071067811865324737 ) ) ;
#2935 = EDGE_CURVE ( 'NONE', #5005, #768, #3894, .T. ) ;
#2936 = DIRECTION ( 'NONE',  ( 0.000000000000000000, 0.000000000000000000, 1.000000000000000000 ) ) ;
#2937 = DIRECTION ( 'NONE',  ( -0.7071067811865457964, 0.000000000000000000, 0.7071067811865492381 ) ) ;
#2938 = ORIENTED_EDGE ( 'NONE', *, *, #3836, .F. ) ;
#2939 = AXIS2_PLACEMENT_3D ( 'NONE', #732, #3091, #704 ) ;
#2940 = CARTESIAN_POINT ( 'NONE',  ( 115.9999999999989626, 353.3309524416879981, 147.7000000000008129 ) ) ;
#2941 = VECTOR ( 'NONE', #3824, 1000.000000000000000 ) ;
#2942 = DIRECTION ( 'NONE',  ( 0.000000000000000000, 0.000000000000000000, 1.000000000000000000 ) ) ;
#2943 = AXIS2_PLACEMENT_3D ( 'NONE', #2332, #1123, #1449 ) ;
#2944 = VERTEX_POINT ( 'NONE', #4659 ) ;
#2945 = APPROVAL ( #857, '未' ) ;
#2946 = ORIENTED_EDGE ( 'NONE', *, *, #4110, .F. ) ;
#2947 = EDGE_CURVE ( 'NONE', #2838, #637, #4349, .T. ) ;
#2948 = EDGE_CURVE ( 'NONE', #2828, #302, #2404, .T. ) ;
#2949 = LINE ( 'NONE', #4510, #4291 ) ;
#2950 = DIRECTION ( 'NONE',  ( -0.000000000000000000, 1.000000000000000000, 3.524517538492560546E-15 ) ) ;
#2951 = DIRECTION ( 'NONE',  ( 3.244656099125939025E-15, -1.110223024625156787E-16, -1.000000000000000000 ) ) ;
#2952 = DIRECTION ( 'NONE',  ( -1.000000000000000000, 0.000000000000000000, 0.000000000000000000 ) ) ;
#2953 = ORIENTED_EDGE ( 'NONE', *, *, #280, .F. ) ;
#2954 = ORIENTED_EDGE ( 'NONE', *, *, #2661, .F. ) ;
#2955 = DIRECTION ( 'NONE',  ( -0.000000000000000000, -1.000000000000000000, -0.000000000000000000 ) ) ;
#2956 = DIRECTION ( 'NONE',  ( -7.586974551799862254E-31, 1.000000000000000000, -2.592370252323553063E-45 ) ) ;
#2957 = LINE ( 'NONE', #2191, #1991 ) ;
#2958 = ORIENTED_EDGE ( 'NONE', *, *, #4239, .T. ) ;
#2959 = ORIENTED_EDGE ( 'NONE', *, *, #4491, .T. ) ;
#2960 = DIRECTION ( 'NONE',  ( 1.000000000000000000, 7.586974551799862254E-31, 6.908350915278662121E-15 ) ) ;
#2961 = DIRECTION ( 'NONE',  ( 1.000000000000000000, 0.000000000000000000, -7.841021663933336259E-17 ) ) ;
#2962 = DIRECTION ( 'NONE',  ( -0.000000000000000000, 1.000000000000000000, 3.524517538492560546E-15 ) ) ;
#2963 = ORIENTED_EDGE ( 'NONE', *, *, #905, .T. ) ;
#2964 = CONICAL_SURFACE ( 'NONE', #4735, 3.149999999999986144, 0.7853981633974507215 ) ;
#2965 = CARTESIAN_POINT ( 'NONE',  ( 118.5499999999995424, 30.00000000000000000, 64.70000000000081286 ) ) ;
#2966 = AXIS2_PLACEMENT_3D ( 'NONE', #2980, #2570, #4879 ) ;
#2967 = CARTESIAN_POINT ( 'NONE',  ( 119.9999999999996163, 300.0000000000000000, 54.00000000000083844 ) ) ;
#2968 = ORIENTED_EDGE ( 'NONE', *, *, #4049, .F. ) ;
#2969 = ORIENTED_EDGE ( 'NONE', *, *, #4200, .F. ) ;
#2970 = DIRECTION ( 'NONE',  ( -1.000000000000000000, 0.000000000000000000, -5.551115123125777969E-15 ) ) ;
#2971 = DIRECTION ( 'NONE',  ( -1.000000000000000000, -0.000000000000000000, 7.461176240760461390E-17 ) ) ;
#2972 = CARTESIAN_POINT ( 'NONE',  ( 115.9999999999991331, 30.00000000000002842, 124.7000000000007844 ) ) ;
#2973 = CARTESIAN_POINT ( 'NONE',  ( -29.99999999999997158, 923.5500000000005230, 3.300000000000411049 ) ) ;
#2974 = ORIENTED_EDGE ( 'NONE', *, *, #3586, .T. ) ;
#2975 = EDGE_CURVE ( 'NONE', #2319, #4331, #3820, .T. ) ;
#2976 = EDGE_LOOP ( 'NONE', ( #78, #4968, #4205, #3457 ) ) ;
#2977 = EDGE_CURVE ( 'NONE', #3811, #3368, #2049, .T. ) ;
#2978 = LINE ( 'NONE', #4902, #751 ) ;
#2979 = LINE ( 'NONE', #4518, #4958 ) ;
#2980 = CARTESIAN_POINT ( 'NONE',  ( -114.9999999999999716, 920.0000000000000000, 125.0000000000002274 ) ) ;
#2981 = CARTESIAN_POINT ( 'NONE',  ( -116.0000000000000000, 717.9999999999988631, -172.0000000000001990 ) ) ;
#2982 = VERTEX_POINT ( 'NONE', #923 ) ;
#2983 = ORIENTED_EDGE ( 'NONE', *, *, #4155, .F. ) ;
#2984 = EDGE_CURVE ( 'NONE', #3723, #1237, #4150, .T. ) ;
#2985 = CARTESIAN_POINT ( 'NONE',  ( 119.9999999999991331, 30.00000000000002842, 123.0000000000008242 ) ) ;
#2986 = DIRECTION ( 'NONE',  ( -0.000000000000000000, -0.000000000000000000, -1.000000000000000000 ) ) ;
#2987 = ORIENTED_EDGE ( 'NONE', *, *, #4425, .T. ) ;
#2988 = FACE_BOUND ( 'NONE', #3883, .T. ) ;
#2989 = CARTESIAN_POINT ( 'NONE',  ( 119.9999999999997868, 9.104369462159827278E-29, 30.00000000000082778 ) ) ;
#2990 = EDGE_LOOP ( 'NONE', ( #4766, #1136, #3363, #2229 ) ) ;
#2991 = EDGE_LOOP ( 'NONE', ( #77, #4277 ) ) ;
#2992 = EDGE_CURVE ( 'NONE', #4843, #3137, #515, .T. ) ;
#2993 = CARTESIAN_POINT ( 'NONE',  ( 29.99999999999923617, 925.0000000000001137, 110.0000000000006111 ) ) ;
#2994 = VECTOR ( 'NONE', #1417, 1000.000000000000000 ) ;
#2995 = FACE_OUTER_BOUND ( 'NONE', #4024, .T. ) ;
#2996 =( LENGTH_UNIT ( ) NAMED_UNIT ( * ) SI_UNIT ( .MILLI., .METRE. ) );
#2997 = FACE_OUTER_BOUND ( 'NONE', #2901, .T. ) ;
#2998 = VERTEX_POINT ( 'NONE', #2457 ) ;
#2999 = VERTEX_POINT ( 'NONE', #4732 ) ;
#3000 = CIRCLE ( 'NONE', #665, 0.9999999999999731326 ) ;
#3001 = CIRCLE ( 'NONE', #1386, 1.699999999999979305 ) ;
#3002 = DIRECTION ( 'NONE',  ( -1.000000000000000000, -7.586974551799862254E-31, -6.833739152871057532E-15 ) ) ;
#3003 = DIRECTION ( 'NONE',  ( 0.000000000000000000, 1.000000000000000000, -1.110223024625156787E-16 ) ) ;
#3004 = VECTOR ( 'NONE', #4212, 1000.000000000000000 ) ;
#3005 = DIRECTION ( 'NONE',  ( -8.163404592832132968E-15, 0.000000000000000000, 1.000000000000000000 ) ) ;
#3006 = DIRECTION ( 'NONE',  ( -0.000000000000000000, -1.000000000000000000, -0.000000000000000000 ) ) ;
#3007 = AXIS2_PLACEMENT_3D ( 'NONE', #4127, #4073, #2970 ) ;
#3008 = ORIENTED_EDGE ( 'NONE', *, *, #449, .F. ) ;
#3009 = ORIENTED_EDGE ( 'NONE', *, *, #3739, .F. ) ;
#3010 = EDGE_CURVE ( 'NONE', #3981, #4025, #4230, .T. ) ;
#3011 = CIRCLE ( 'NONE', #261, 1.699999999999979305 ) ;
#3012 = CARTESIAN_POINT ( 'NONE',  ( -99.99999999999998579, 571.0000000000001137, 130.0000000000005116 ) ) ;
#3013 = EDGE_CURVE ( 'NONE', #3129, #4801, #487, .T. ) ;
#3014 = EDGE_CURVE ( 'NONE', #3516, #2307, #1974, .T. ) ;
#3015 = CARTESIAN_POINT ( 'NONE',  ( -94.99999999999998579, 875.0000000000000000, 120.0000000000005116 ) ) ;
#3016 = ORIENTED_EDGE ( 'NONE', *, *, #1334, .F. ) ;
#3017 = CIRCLE ( 'NONE', #3728, 3.149999999999986144 ) ;
#3018 = DIRECTION ( 'NONE',  ( 1.000000000000000000, 7.586974551799862254E-31, 3.458931476850071257E-14 ) ) ;
#3019 = VECTOR ( 'NONE', #4105, 1000.000000000000000 ) ;
#3020 = CARTESIAN_POINT ( 'NONE',  ( 86.00000000000002842, 920.0000000000000000, -3.999999999999398259 ) ) ;
#3021 = ORIENTED_EDGE ( 'NONE', *, *, #3039, .F. ) ;
#3022 = VECTOR ( 'NONE', #1549, 1000.000000000000000 ) ;
#3023 = DIRECTION ( 'NONE',  ( -1.000000000000000000, -7.586974551799862254E-31, -6.908350915278662121E-15 ) ) ;
#3024 = AXIS2_PLACEMENT_3D ( 'NONE', #2967, #1399, #645 ) ;
#3025 = CARTESIAN_POINT ( 'NONE',  ( -4.522244647718865570E-13, 571.0000000000001137, 126.0000000000004405 ) ) ;
#3026 = FACE_OUTER_BOUND ( 'NONE', #4551, .T. ) ;
#3027 = CARTESIAN_POINT ( 'NONE',  ( -63.85000000000000142, 30.00000000000000000, -3.999999999999996447 ) ) ;
#3028 = ORIENTED_EDGE ( 'NONE', *, *, #824, .T. ) ;
#3029 = VERTEX_POINT ( 'NONE', #4681 ) ;
#3030 = CARTESIAN_POINT ( 'NONE',  ( 115.9999999999991047, 420.0000000000001705, 123.0000000000008100 ) ) ;
#3031 = DIRECTION ( 'NONE',  ( -2.484433095295732247E-29, 1.000000000000000000, 3.524517538492560546E-15 ) ) ;
#3032 = CARTESIAN_POINT ( 'NONE',  ( 119.9999999999995453, 30.00000000000000000, 64.70000000000081286 ) ) ;
#3033 = DIRECTION ( 'NONE',  ( 6.122553444624250004E-15, 0.000000000000000000, -1.000000000000000000 ) ) ;
#3034 = ORIENTED_EDGE ( 'NONE', *, *, #292, .T. ) ;
#3035 = ORIENTED_EDGE ( 'NONE', *, *, #2416, .F. ) ;
#3036 = CARTESIAN_POINT ( 'NONE',  ( 119.9999999999987068, 300.0000000000000000, 186.1500000000008015 ) ) ;
#3037 = CARTESIAN_POINT ( 'NONE',  ( -115.9999999999999858, 30.00000000000000000, 63.00000000000001421 ) ) ;
#3038 = ORIENTED_EDGE ( 'NONE', *, *, #1666, .F. ) ;
#3039 = EDGE_CURVE ( 'NONE', #3275, #614, #3578, .T. ) ;
#3040 = EDGE_CURVE ( 'NONE', #1347, #1469, #2534, .T. ) ;
#3041 = CARTESIAN_POINT ( 'NONE',  ( -1.173859963258308958E-26, 921.0000000000004547, 3.242445113110694954E-12 ) ) ;
#3042 = CARTESIAN_POINT ( 'NONE',  ( 29.99999999999993605, 925.0000000000004547, 5.000000000000607514 ) ) ;
#3043 = EDGE_LOOP ( 'NONE', ( #3358, #760, #4324, #727 ) ) ;
#3044 = DIRECTION ( 'NONE',  ( 1.000000000000000000, 0.000000000000000000, 6.883823317368282021E-15 ) ) ;
#3045 = CARTESIAN_POINT ( 'NONE',  ( -119.9999999999999858, 50.00000000000000000, 181.3000000000000114 ) ) ;
#3046 = LINE ( 'NONE', #758, #2941 ) ;
#3047 = VERTEX_POINT ( 'NONE', #2125 ) ;
#3048 = ORIENTED_EDGE ( 'NONE', *, *, #2480, .F. ) ;
#3049 = CIRCLE ( 'NONE', #1994, 3.149999999999986144 ) ;
#3050 = CARTESIAN_POINT ( 'NONE',  ( 114.9999999999991189, 920.0000000000000000, 125.0000000000009948 ) ) ;
#3051 = LOCAL_TIME ( 22, 50, 54.00000000000000000, #3494 ) ;
#3052 = CARTESIAN_POINT ( 'NONE',  ( -115.9999999999999716, 30.00000000000000000, 184.6999999999999886 ) ) ;
#3053 = DIRECTION ( 'NONE',  ( -0.000000000000000000, 1.000000000000000000, 3.524517538492560546E-15 ) ) ;
#3054 = CARTESIAN_POINT ( 'NONE',  ( 114.9999999999991189, 920.0000000000000000, 125.0000000000009948 ) ) ;
#3055 = ORIENTED_EDGE ( 'NONE', *, *, #3176, .F. ) ;
#3056 = VERTEX_POINT ( 'NONE', #1422 ) ;
#3057 = DIRECTION ( 'NONE',  ( -0.000000000000000000, -0.000000000000000000, 1.000000000000000000 ) ) ;
#3058 = DIRECTION ( 'NONE',  ( -6.833739152871057532E-15, -2.592370252323553063E-45, 1.000000000000000000 ) ) ;
#3059 = EDGE_LOOP ( 'NONE', ( #3855, #211, #1087, #4395 ) ) ;
#3060 = FACE_BOUND ( 'NONE', #4085, .T. ) ;
#3061 = ADVANCED_FACE ( 'NONE', ( #4094 ), #4474, .F. ) ;
#3062 = DIRECTION ( 'NONE',  ( -0.000000000000000000, -0.000000000000000000, 1.000000000000000000 ) ) ;
#3063 = EDGE_LOOP ( 'NONE', ( #3235, #2093, #3263, #3103 ) ) ;
#3064 = EDGE_CURVE ( 'NONE', #4891, #776, #2580, .T. ) ;
#3065 = EDGE_CURVE ( 'NONE', #4507, #3477, #3664, .T. ) ;
#3066 = ADVANCED_FACE ( 'NONE', ( #4479 ), #1723, .F. ) ;
#3067 = DIRECTION ( 'NONE',  ( -8.163404592832132968E-15, 0.000000000000000000, 1.000000000000000000 ) ) ;
#3068 = DIRECTION ( 'NONE',  ( 1.000000000000000000, 7.586974551799862254E-31, 6.908350915278662121E-15 ) ) ;
#3069 = DIRECTION ( 'NONE',  ( 1.000000000000000000, 0.000000000000000000, 3.589083053745118507E-15 ) ) ;
#3070 = ORIENTED_EDGE ( 'NONE', *, *, #1862, .F. ) ;
#3071 = ORIENTED_EDGE ( 'NONE', *, *, #3409, .T. ) ;
#3072 = AXIS2_PLACEMENT_3D ( 'NONE', #4190, #744, #3506 ) ;
#3073 = LINE ( 'NONE', #1485, #173 ) ;
#3074 = DIRECTION ( 'NONE',  ( -1.000000000000000000, -0.000000000000000000, 7.461176240760461390E-17 ) ) ;
#3075 = DIRECTION ( 'NONE',  ( 4.058181591308060474E-15, 4.865617936601395362E-46, -1.000000000000000000 ) ) ;
#3076 = CARTESIAN_POINT ( 'NONE',  ( 29.99999999999923617, 923.5500000000000682, 110.0000000000006111 ) ) ;
#3077 = ORIENTED_EDGE ( 'NONE', *, *, #3013, .F. ) ;
#3078 = EDGE_LOOP ( 'NONE', ( #19, #683 ) ) ;
#3079 = AXIS2_PLACEMENT_3D ( 'NONE', #866, #2546, #1758 ) ;
#3080 = CYLINDRICAL_SURFACE ( 'NONE', #3710, 1.699999999999965539 ) ;
#3081 = VECTOR ( 'NONE', #1574, 1000.000000000000000 ) ;
#3082 = DIRECTION ( 'NONE',  ( 8.163404592832132968E-15, 0.000000000000000000, -1.000000000000000000 ) ) ;
#3083 = ORIENTED_EDGE ( 'NONE', *, *, #503, .T. ) ;
#3084 = AXIS2_PLACEMENT_3D ( 'NONE', #1832, #4564, #3372 ) ;
#3085 = CIRCLE ( 'NONE', #347, 1.699999999999982858 ) ;
#3086 = DIRECTION ( 'NONE',  ( -0.000000000000000000, 1.000000000000000000, 3.524517538492560546E-15 ) ) ;
#3087 = AXIS2_PLACEMENT_3D ( 'NONE', #4040, #2120, #589 ) ;
#3088 = CARTESIAN_POINT ( 'NONE',  ( 29.99999999999923617, 925.0000000000001137, 110.0000000000006111 ) ) ;
#3089 = ORIENTED_EDGE ( 'NONE', *, *, #5007, .F. ) ;
#3090 = AXIS2_PLACEMENT_3D ( 'NONE', #3930, #3601, #479 ) ;
#3091 = DIRECTION ( 'NONE',  ( -9.345788444546260211E-17, -0.7071067811865491270, -0.7071067811865459074 ) ) ;
#3092 = CARTESIAN_POINT ( 'NONE',  ( -120.0000000000000000, 920.0000000000000000, 30.00000000000000711 ) ) ;
#3093 = CONICAL_SURFACE ( 'NONE', #105, 3.149999999999999911, 0.7853981633974305154 ) ;
#3094 = VERTEX_POINT ( 'NONE', #3233 ) ;
#3095 = ORIENTED_EDGE ( 'NONE', *, *, #1211, .F. ) ;
#3096 = EDGE_CURVE ( 'NONE', #404, #4812, #4809, .T. ) ;
#3097 = ADVANCED_FACE ( 'NONE', ( #2150 ), #2888, .T. ) ;
#3098 = CONICAL_SURFACE ( 'NONE', #1405, 3.149999999999999911, 0.7853981633974495002 ) ;
#3099 = LINE ( 'NONE', #3030, #825 ) ;
#3100 = DIRECTION ( 'NONE',  ( -1.000000000000000000, -0.000000000000000000, 7.461176240760461390E-17 ) ) ;
#3101 = DIRECTION ( 'NONE',  ( 8.163404592832132968E-15, 0.000000000000000000, -1.000000000000000000 ) ) ;
#3102 = DIRECTION ( 'NONE',  ( -6.833739152871057532E-15, -2.592370252323553063E-45, 1.000000000000000000 ) ) ;
#3103 = ORIENTED_EDGE ( 'NONE', *, *, #2984, .T. ) ;
#3104 = ORIENTED_EDGE ( 'NONE', *, *, #2097, .T. ) ;
#3105 = DIRECTION ( 'NONE',  ( 0.000000000000000000, 0.000000000000000000, -1.000000000000000000 ) ) ;
#3106 = CARTESIAN_POINT ( 'NONE',  ( 48.00000000000002842, 920.0000000000000000, -3.999999999999671374 ) ) ;
#3107 = EDGE_LOOP ( 'NONE', ( #2415, #4744 ) ) ;
#3108 = CIRCLE ( 'NONE', #4400, 3.149999999999986144 ) ;
#3109 = AXIS2_PLACEMENT_3D ( 'NONE', #1006, #4817, #652 ) ;
#3110 = DIRECTION ( 'NONE',  ( -1.000000000000000000, 0.000000000000000000, 0.000000000000000000 ) ) ;
#3111 = DIRECTION ( 'NONE',  ( 8.163404592832132968E-15, 0.000000000000000000, -1.000000000000000000 ) ) ;
#3112 = DIRECTION ( 'NONE',  ( -8.163404592832132968E-15, 0.000000000000000000, 1.000000000000000000 ) ) ;
#3113 = ORIENTED_EDGE ( 'NONE', *, *, #662, .T. ) ;
#3114 = PLANE ( 'NONE',  #1564 ) ;
#3115 = EDGE_LOOP ( 'NONE', ( #2745, #45, #1465, #2711, #2253, #787, #2336, #3170 ) ) ;
#3116 = EDGE_LOOP ( 'NONE', ( #4122, #3591, #3698, #3791 ) ) ;
#3117 = PLANE ( 'NONE',  #2517 ) ;
#3118 = DIRECTION ( 'NONE',  ( -8.811293846231439230E-15, 0.000000000000000000, 1.000000000000000000 ) ) ;
#3119 = CARTESIAN_POINT ( 'NONE',  ( -29.99999999999999645, 495.5000000000000568, 130.0000000000005116 ) ) ;
#3120 = EDGE_CURVE ( 'NONE', #4939, #2114, #4427, .T. ) ;
#3121 = FACE_OUTER_BOUND ( 'NONE', #1539, .T. ) ;
#3122 = VECTOR ( 'NONE', #3141, 1000.000000000000000 ) ;
#3123 = ADVANCED_FACE ( 'NONE', ( #4835 ), #1771, .F. ) ;
#3124 = VERTEX_POINT ( 'NONE', #4506 ) ;
#3125 = ORIENTED_EDGE ( 'NONE', *, *, #232, .F. ) ;
#3126 = CARTESIAN_POINT ( 'NONE',  ( -114.9999999999999716, 920.0000000000000000, 126.0000000000002274 ) ) ;
#3127 = DIRECTION ( 'NONE',  ( -6.833739152871057532E-15, -2.592370252323553063E-45, 1.000000000000000000 ) ) ;
#3128 = EDGE_CURVE ( 'NONE', #3515, #1469, #3690, .T. ) ;
#3129 = VERTEX_POINT ( 'NONE', #2912 ) ;
#3130 = CONICAL_SURFACE ( 'NONE', #724, 3.150000000000000799, 0.7853981633974697063 ) ;
#3131 = LINE ( 'NONE', #5006, #179 ) ;
#3132 = CARTESIAN_POINT ( 'NONE',  ( 67.00000000000002842, 30.00000000000000000, -3.999999999999538591 ) ) ;
#3133 = DIRECTION ( 'NONE',  ( 1.000000000000000000, 7.586974551799862254E-31, 6.908350915278662121E-15 ) ) ;
#3134 = CARTESIAN_POINT ( 'NONE',  ( -115.9999999999999716, 920.0000000000000000, 216.0000000000000000 ) ) ;
#3135 = APPLICATION_PROTOCOL_DEFINITION ( 'international standard', 'config_control_design', 1994, #4198 ) ;
#3136 = EDGE_LOOP ( 'NONE', ( #2578, #742 ) ) ;
#3137 = VERTEX_POINT ( 'NONE', #621 ) ;
#3138 = EDGE_CURVE ( 'NONE', #3913, #2597, #293, .T. ) ;
#3139 = DIRECTION ( 'NONE',  ( -0.7071067811865457964, 8.659560562354953812E-17, -0.7071067811865492381 ) ) ;
#3140 = CARTESIAN_POINT ( 'NONE',  ( -115.9999999999999574, 420.0000000000001705, 123.0000000000000284 ) ) ;
#3141 = DIRECTION ( 'NONE',  ( 0.7071067811865506814, -8.659560562354899578E-17, -0.7071067811865443531 ) ) ;
#3142 = FACE_BOUND ( 'NONE', #792, .T. ) ;
#3143 = ORIENTED_EDGE ( 'NONE', *, *, #769, .F. ) ;
#3144 = VERTEX_POINT ( 'NONE', #594 ) ;
#3145 = CIRCLE ( 'NONE', #2182, 0.9999999999999731326 ) ;
#3146 = DIRECTION ( 'NONE',  ( 5.551115123125808735E-15, 0.000000000000000000, -1.000000000000000000 ) ) ;
#3147 = CARTESIAN_POINT ( 'NONE',  ( 29.99999999999939604, 925.0000000000001137, 86.85000000000060538 ) ) ;
#3148 = DIRECTION ( 'NONE',  ( -8.811293846231401365E-15, 0.000000000000000000, 1.000000000000000000 ) ) ;
#3149 = CIRCLE ( 'NONE', #2180, 1.699999999999936007 ) ;
#3150 = VERTEX_POINT ( 'NONE', #3312 ) ;
#3151 = EDGE_CURVE ( 'NONE', #1927, #3331, #778, .T. ) ;
#3152 = ADVANCED_FACE ( 'NONE', ( #969 ), #3659, .F. ) ;
#3153 = CIRCLE ( 'NONE', #1069, 1.699999999999986189 ) ;
#3154 = LINE ( 'NONE', #2401, #2598 ) ;
#3155 = CARTESIAN_POINT ( 'NONE',  ( 119.9999999999987352, 300.0000000000000000, 183.0000000000008242 ) ) ;
#3156 = LINE ( 'NONE', #4705, #2147 ) ;
#3157 = ORIENTED_EDGE ( 'NONE', *, *, #2011, .F. ) ;
#3158 = CIRCLE ( 'NONE', #3007, 5.000000000000004441 ) ;
#3159 = AXIS2_PLACEMENT_3D ( 'NONE', #3041, #393, #410 ) ;
#3160 = CIRCLE ( 'NONE', #18, 1.699999999999965539 ) ;
#3161 = DIRECTION ( 'NONE',  ( 0.7071067811865426878, 5.364801154267431890E-31, 0.7071067811865524577 ) ) ;
#3162 = VERTEX_POINT ( 'NONE', #4120 ) ;
#3163 = ORIENTED_EDGE ( 'NONE', *, *, #2977, .F. ) ;
#3164 = AXIS2_PLACEMENT_3D ( 'NONE', #3461, #3881, #1563 ) ;
#3165 = CARTESIAN_POINT ( 'NONE',  ( 119.9999999999989484, 353.3309524416879981, 149.1500000000008299 ) ) ;
#3166 = AXIS2_PLACEMENT_3D ( 'NONE', #2263, #3100, #3432 ) ;
#3167 = DIRECTION ( 'NONE',  ( -2.538233402833249564E-15, -3.524517538492560546E-15, 1.000000000000000000 ) ) ;
#3168 = DIRECTION ( 'NONE',  ( -1.000000000000000000, 0.000000000000000000, 6.123233995736766036E-17 ) ) ;
#3169 = DIRECTION ( 'NONE',  ( 0.000000000000000000, 0.000000000000000000, 1.000000000000000000 ) ) ;
#3170 = ORIENTED_EDGE ( 'NONE', *, *, #96, .T. ) ;
#3171 = ORIENTED_EDGE ( 'NONE', *, *, #3184, .F. ) ;
#3172 = VECTOR ( 'NONE', #2020, 999.9999999999998863 ) ;
#3173 = DIRECTION ( 'NONE',  ( 1.000000000000000000, 7.586974551799862254E-31, 6.908350915278662121E-15 ) ) ;
#3174 = CARTESIAN_POINT ( 'NONE',  ( -115.9999999999999574, 418.0000000000001705, 125.9289321881344677 ) ) ;
#3175 = CARTESIAN_POINT ( 'NONE',  ( 99.99999999999913314, 1.398881011027706865E-14, 126.0000000000008384 ) ) ;
#3176 = EDGE_CURVE ( 'NONE', #4836, #1653, #3342, .T. ) ;
#3177 = VECTOR ( 'NONE', #4044, 1000.000000000000000 ) ;
#3178 = EDGE_LOOP ( 'NONE', ( #2393, #2032 ) ) ;
#3179 = DIRECTION ( 'NONE',  ( -8.811293846231439230E-15, 0.000000000000000000, 1.000000000000000000 ) ) ;
#3180 = CARTESIAN_POINT ( 'NONE',  ( 118.5499999999987466, 300.0000000000000000, 181.3000000000008356 ) ) ;
#3181 = DIRECTION ( 'NONE',  ( -6.608470384673549446E-15, 0.000000000000000000, 1.000000000000000000 ) ) ;
#3182 = ORIENTED_EDGE ( 'NONE', *, *, #2907, .T. ) ;
#3183 = EDGE_CURVE ( 'NONE', #2906, #2214, #2205, .T. ) ;
#3184 = EDGE_CURVE ( 'NONE', #4907, #1757, #3743, .T. ) ;
#3185 = DIRECTION ( 'NONE',  ( 0.000000000000000000, 0.000000000000000000, 1.000000000000000000 ) ) ;
#3186 = EDGE_CURVE ( 'NONE', #1378, #1653, #4022, .T. ) ;
#3187 = ORIENTED_EDGE ( 'NONE', *, *, #389, .T. ) ;
#3188 = ORIENTED_EDGE ( 'NONE', *, *, #2260, .F. ) ;
#3189 = CARTESIAN_POINT ( 'NONE',  ( 99.99999999999910472, 875.0000000000000000, 130.0000000000011937 ) ) ;
#3190 = DIRECTION ( 'NONE',  ( 1.275978431064007367E-29, -1.000000000000000000, -3.524517538492560546E-15 ) ) ;
#3191 = CARTESIAN_POINT ( 'NONE',  ( -115.9999999999999574, 420.0000000000001705, 123.0000000000000284 ) ) ;
#3192 = CARTESIAN_POINT ( 'NONE',  ( -115.9999999999999858, 920.0000000000000000, 129.9999999999999716 ) ) ;
#3193 = EDGE_LOOP ( 'NONE', ( #4638, #1270 ) ) ;
#3194 = ORIENTED_EDGE ( 'NONE', *, *, #4865, .F. ) ;
#3195 = DIRECTION ( 'NONE',  ( 0.000000000000000000, 1.000000000000000000, 0.000000000000000000 ) ) ;
#3196 = VECTOR ( 'NONE', #4138, 1000.000000000000000 ) ;
#3197 = DIRECTION ( 'NONE',  ( 1.000000000000000000, 0.000000000000000000, 6.632766231676161975E-15 ) ) ;
#3198 = LINE ( 'NONE', #3175, #3256 ) ;
#3199 = ORIENTED_EDGE ( 'NONE', *, *, #2504, .T. ) ;
#3200 = ORIENTED_EDGE ( 'NONE', *, *, #3612, .T. ) ;
#3201 = CARTESIAN_POINT ( 'NONE',  ( 29.99999999999924682, 921.0000000000001137, 108.3000000000006651 ) ) ;
#3202 = CARTESIAN_POINT ( 'NONE',  ( -48.00000000000000000, 0.000000000000000000, 4.898587196589417759E-16 ) ) ;
#3203 = CC_DESIGN_APPROVAL ( #2945, ( #4505 ) ) ;
#3204 = DIRECTION ( 'NONE',  ( -1.000000000000000000, -0.000000000000000000, 7.461176240760461390E-17 ) ) ;
#3205 = AXIS2_PLACEMENT_3D ( 'NONE', #4365, #2398, #3986 ) ;
#3206 = AXIS2_PLACEMENT_3D ( 'NONE', #3979, #574, #2870 ) ;
#3207 = EDGE_CURVE ( 'NONE', #2944, #3270, #1880, .T. ) ;
#3208 = DIRECTION ( 'NONE',  ( 4.832183295855147861E-15, 0.7071067811865459074, -0.7071067811865491270 ) ) ;
#3209 = SHAPE_DEFINITION_REPRESENTATION ( #3754, #340 ) ;
#3210 = ORIENTED_EDGE ( 'NONE', *, *, #456, .T. ) ;
#3211 = EDGE_CURVE ( 'NONE', #1420, #3614, #4065, .T. ) ;
#3212 = ORIENTED_EDGE ( 'NONE', *, *, #197, .T. ) ;
#3213 = EDGE_CURVE ( 'NONE', #899, #3784, #4715, .T. ) ;
#3214 = ADVANCED_FACE ( 'NONE', ( #3842, #4226 ), #726, .T. ) ;
#3215 = CARTESIAN_POINT ( 'NONE',  ( -84.99999999999944578, 921.0000000000004547, 8.074217623002216340E-14 ) ) ;
#3216 = CARTESIAN_POINT ( 'NONE',  ( -114.9999999999995595, 925.0000000000003411, 29.99999999999996803 ) ) ;
#3217 = LINE ( 'NONE', #3923, #2478 ) ;
#3218 = CARTESIAN_POINT ( 'NONE',  ( -29.99999999999998934, 921.0000000000001137, 90.00000000000038369 ) ) ;
#3219 = ORIENTED_EDGE ( 'NONE', *, *, #3644, .F. ) ;
#3220 = ORIENTED_EDGE ( 'NONE', *, *, #2602, .T. ) ;
#3221 = CARTESIAN_POINT ( 'NONE',  ( -120.0000000000000000, 300.0000000000000000, 54.00000000000002132 ) ) ;
#3222 = CARTESIAN_POINT ( 'NONE',  ( 67.00000000000002842, 30.00000000000000000, -3.999999999999538591 ) ) ;
#3223 = DIRECTION ( 'NONE',  ( 8.659560562354780016E-17, 0.7071067811865626718, -0.7071067811865324737 ) ) ;
#3224 = EDGE_LOOP ( 'NONE', ( #2652, #2968, #1528, #3450 ) ) ;
#3225 = ORIENTED_EDGE ( 'NONE', *, *, #270, .T. ) ;
#3226 = DIRECTION ( 'NONE',  ( -3.244656099125939025E-15, 1.110223024625156787E-16, 1.000000000000000000 ) ) ;
#3227 = AXIS2_PLACEMENT_3D ( 'NONE', #4363, #2443, #478 ) ;
#3228 = DIRECTION ( 'NONE',  ( -1.000000000000000000, -0.000000000000000000, 7.461176240760461390E-17 ) ) ;
#3229 = FACE_OUTER_BOUND ( 'NONE', #2159, .T. ) ;
#3230 = DIRECTION ( 'NONE',  ( 0.000000000000000000, 0.000000000000000000, -1.000000000000000000 ) ) ;
#3231 = AXIS2_PLACEMENT_3D ( 'NONE', #4058, #1734, #3271 ) ;
#3232 = VECTOR ( 'NONE', #1621, 1000.000000000000000 ) ;
#3233 = CARTESIAN_POINT ( 'NONE',  ( 70.15000000000003411, 30.00000000000000000, -3.999999999999516831 ) ) ;
#3234 = CIRCLE ( 'NONE', #2109, 1.699999999999965539 ) ;
#3235 = ORIENTED_EDGE ( 'NONE', *, *, #2116, .F. ) ;
#3236 = ORIENTED_EDGE ( 'NONE', *, *, #2226, .F. ) ;
#3237 = CIRCLE ( 'NONE', #2840, 5.000000000000004441 ) ;
#3238 = EDGE_CURVE ( 'NONE', #2057, #1119, #2659, .T. ) ;
#3239 = LINE ( 'NONE', #571, #502 ) ;
#3240 = LINE ( 'NONE', #2078, #2041 ) ;
#3241 = CYLINDRICAL_SURFACE ( 'NONE', #2153, 29.99999999999999289 ) ;
#3242 = DIRECTION ( 'NONE',  ( -6.912149369510391338E-15, -2.651859884147926787E-45, 1.000000000000000000 ) ) ;
#3243 = ORIENTED_EDGE ( 'NONE', *, *, #2302, .T. ) ;
#3244 = EDGE_CURVE ( 'NONE', #3430, #2555, #1102, .T. ) ;
#3245 = VERTEX_POINT ( 'NONE', #781 ) ;
#3246 = EDGE_CURVE ( 'NONE', #614, #3275, #110, .T. ) ;
#3247 = CIRCLE ( 'NONE', #3891, 1.699999999999965539 ) ;
#3248 = DIRECTION ( 'NONE',  ( -0.000000000000000000, 1.000000000000000000, 3.524517538492560546E-15 ) ) ;
#3249 = DIRECTION ( 'NONE',  ( 0.000000000000000000, 1.000000000000000000, 0.000000000000000000 ) ) ;
#3250 = DIRECTION ( 'NONE',  ( -0.000000000000000000, 1.000000000000000000, 3.524517538492560546E-15 ) ) ;
#3251 = EDGE_LOOP ( 'NONE', ( #1675, #2581, #1055, #4084 ) ) ;
#3252 = ORIENTED_EDGE ( 'NONE', *, *, #1946, .T. ) ;
#3253 = CIRCLE ( 'NONE', #3896, 1.699999999999979305 ) ;
#3254 = CARTESIAN_POINT ( 'NONE',  ( -29.99999999999999645, 495.5000000000000568, 130.0000000000005116 ) ) ;
#3255 = VECTOR ( 'NONE', #1499, 1000.000000000000000 ) ;
#3256 = VECTOR ( 'NONE', #458, 1000.000000000000000 ) ;
#3257 = CARTESIAN_POINT ( 'NONE',  ( -118.5499999999999687, 30.00000000000000000, 184.6999999999999886 ) ) ;
#3258 = DIRECTION ( 'NONE',  ( -8.163404592832132968E-15, 0.000000000000000000, 1.000000000000000000 ) ) ;
#3259 = CARTESIAN_POINT ( 'NONE',  ( -94.99999999999998579, 880.0000000000000000, 130.0000000000005116 ) ) ;
#3260 = ORIENTED_EDGE ( 'NONE', *, *, #2673, .T. ) ;
#3261 = CARTESIAN_POINT ( 'NONE',  ( 115.9999999999985079, 331.4644660940677454, 214.5355339059335336 ) ) ;
#3262 = AXIS2_PLACEMENT_3D ( 'NONE', #4872, #1455, #1053 ) ;
#3263 = ORIENTED_EDGE ( 'NONE', *, *, #1692, .T. ) ;
#3264 = ORIENTED_EDGE ( 'NONE', *, *, #3280, .T. ) ;
#3265 = LINE ( 'NONE', #4430, #4043 ) ;
#3266 = DIRECTION ( 'NONE',  ( -8.163404592832132968E-15, 0.000000000000000000, 1.000000000000000000 ) ) ;
#3267 = DIRECTION ( 'NONE',  ( -1.000000000000000000, -0.000000000000000000, 7.461176240760461390E-17 ) ) ;
#3268 = FACE_OUTER_BOUND ( 'NONE', #4662, .T. ) ;
#3269 = ORIENTED_EDGE ( 'NONE', *, *, #1537, .T. ) ;
#3270 = VERTEX_POINT ( 'NONE', #4531 ) ;
#3271 = DIRECTION ( 'NONE',  ( 0.000000000000000000, 0.000000000000000000, 1.000000000000000000 ) ) ;
#3272 = ADVANCED_FACE ( 'NONE', ( #2252 ), #4915, .F. ) ;
#3273 = PLANE ( 'NONE',  #4463 ) ;
#3274 = CARTESIAN_POINT ( 'NONE',  ( 118.5499999999987324, 300.0000000000000000, 183.0000000000007958 ) ) ;
#3275 = VERTEX_POINT ( 'NONE', #3367 ) ;
#3276 = ORIENTED_EDGE ( 'NONE', *, *, #1291, .T. ) ;
#3277 = ADVANCED_FACE ( 'NONE', ( #2305 ), #3391, .T. ) ;
#3278 = CIRCLE ( 'NONE', #1112, 1.699999999999979305 ) ;
#3279 = DIRECTION ( 'NONE',  ( -1.000000000000000000, -7.586974551799862254E-31, -6.908350915278662121E-15 ) ) ;
#3280 = EDGE_CURVE ( 'NONE', #1701, #1927, #343, .T. ) ;
#3281 = LINE ( 'NONE', #4016, #2765 ) ;
#3282 = LINE ( 'NONE', #4399, #2510 ) ;
#3283 = VERTEX_POINT ( 'NONE', #372 ) ;
#3284 = VECTOR ( 'NONE', #3873, 1000.000000000000000 ) ;
#3285 = VECTOR ( 'NONE', #4945, 1000.000000000000000 ) ;
#3286 = CARTESIAN_POINT ( 'NONE',  ( 115.9999999999985079, 920.0000000000000000, 216.0000000000007958 ) ) ;
#3287 = EDGE_LOOP ( 'NONE', ( #932, #3980, #3187, #1990 ) ) ;
#3288 = ORIENTED_EDGE ( 'NONE', *, *, #3611, .T. ) ;
#3289 = EDGE_CURVE ( 'NONE', #4351, #5005, #3145, .T. ) ;
#3290 = DIRECTION ( 'NONE',  ( 0.000000000000000000, 1.000000000000000000, 0.000000000000000000 ) ) ;
#3291 = CARTESIAN_POINT ( 'NONE',  ( -118.5499999999999687, 50.00000000000000000, 183.0000000000000000 ) ) ;
#3292 = DIRECTION ( 'NONE',  ( -0.000000000000000000, 1.000000000000000000, 3.524517538492560546E-15 ) ) ;
#3293 = DIRECTION ( 'NONE',  ( 0.7071067811865435759, -8.659560562354889717E-17, 0.7071067811865515695 ) ) ;
#3294 = ORIENTED_EDGE ( 'NONE', *, *, #3893, .T. ) ;
#3295 = ORIENTED_EDGE ( 'NONE', *, *, #967, .F. ) ;
#3296 = EDGE_CURVE ( 'NONE', #3029, #3283, #4197, .T. ) ;
#3297 = DIRECTION ( 'NONE',  ( 0.000000000000000000, -0.000000000000000000, 1.000000000000000000 ) ) ;
#3298 = LINE ( 'NONE', #4926, #3019 ) ;
#3299 = DIRECTION ( 'NONE',  ( 0.000000000000000000, 0.000000000000000000, 1.000000000000000000 ) ) ;
#3300 = ORIENTED_EDGE ( 'NONE', *, *, #1078, .T. ) ;
#3301 = VERTEX_POINT ( 'NONE', #394 ) ;
#3302 = FACE_OUTER_BOUND ( 'NONE', #2266, .T. ) ;
#3303 = CARTESIAN_POINT ( 'NONE',  ( -119.9999999999999858, 327.9289321881350361, 216.0000000000000000 ) ) ;
#3304 = ADVANCED_FACE ( 'NONE', ( #2228 ), #2671, .F. ) ;
#3305 = DIRECTION ( 'NONE',  ( -0.000000000000000000, 1.000000000000000000, 3.524517538492560546E-15 ) ) ;
#3306 = ORIENTED_EDGE ( 'NONE', *, *, #132, .F. ) ;
#3307 = EDGE_CURVE ( 'NONE', #2237, #2982, #3766, .T. ) ;
#3308 = EDGE_CURVE ( 'NONE', #1970, #2575, #3795, .T. ) ;
#3309 = CIRCLE ( 'NONE', #1141, 1.699999999999993072 ) ;
#3310 = EDGE_CURVE ( 'NONE', #4964, #1119, #4632, .T. ) ;
#3311 = DIRECTION ( 'NONE',  ( 0.000000000000000000, 0.000000000000000000, 1.000000000000000000 ) ) ;
#3312 = CARTESIAN_POINT ( 'NONE',  ( 65.30000000000003979, 30.00000000000000000, -2.549999999999515765 ) ) ;
#3313 = VECTOR ( 'NONE', #1042, 1000.000000000000000 ) ;
#3314 = EDGE_LOOP ( 'NONE', ( #713, #1681, #4404, #4418, #2660, #3337, #4743, #2399, #4748, #3604, #3260 ) ) ;
#3315 = ORIENTED_EDGE ( 'NONE', *, *, #2226, .T. ) ;
#3316 = AXIS2_PLACEMENT_3D ( 'NONE', #4103, #655, #2897 ) ;
#3317 = CLOSED_SHELL ( 'NONE', ( #2728, #3371, #3380, #3272, #2414, #578, #1979, #1643, #4241, #3441, #3741, #4703, #603, #4023, #2385, #1521, #2764, #3379, #1923, #1151, #3061, #4451, #1581, #2219, #4301, #530, #2354, #5, #2381, #2752, #1929, #2074, #222, #4112, #4709, #1497, #4482, #566, #1733, #36, #339, #3581, #2004, #4799, #914, #1638, #3745, #1860, #4426, #258, #3705, #2788, #3804, #3716, #3667, #1496, #1764, #4768, #3214, #79, #1366, #663, #3812, #2312, #1798, #970, #761, #3933, #2007, #852, #4124, #2747, #392, #1426, #4986, #939, #2129, #2763, #290, #4741, #1928, #3123, #1185, #1212, #298, #1953, #2814, #3679, #1705, #4021, #2694, #4010, #160, #1484, #3768, #3989, #4673, #1099, #4453, #3560, #1245, #2479, #3406, #4225, #1213, #3152, #120, #4607, #4759, #4206, #818, #4707, #3800, #2320, #2910, #2914, #4246, #484, #2408, #3277, #3097, #2137, #2727, #3951, #1274, #2269, #2493, #2705, #4208, #3650, #1063, #4490, #4115, #2600, #3465, #157, #4300, #1951, #2846, #2068, #2233, #4922, #733, #2787, #2702, #3066, #4178, #2695, #3459, #1267, #4649, #1726, #729, #4829, #4558, #3490, #4608, #3304, #4800, #600, #3945, #3524, #4617, #2503, #2070, #2474 ) ) ;
#3318 = FACE_OUTER_BOUND ( 'NONE', #4377, .T. ) ;
#3319 = FACE_OUTER_BOUND ( 'NONE', #2990, .T. ) ;
#3320 = FACE_OUTER_BOUND ( 'NONE', #2128, .T. ) ;
#3321 = DIRECTION ( 'NONE',  ( 0.000000000000000000, 0.000000000000000000, 1.000000000000000000 ) ) ;
#3322 = ORIENTED_EDGE ( 'NONE', *, *, #2042, .F. ) ;
#3323 = VERTEX_POINT ( 'NONE', #3464 ) ;
#3324 = VECTOR ( 'NONE', #2435, 1000.000000000000000 ) ;
#3325 = CIRCLE ( 'NONE', #1149, 1.699999999999979305 ) ;
#3326 = DIRECTION ( 'NONE',  ( 0.000000000000000000, 0.000000000000000000, -1.000000000000000000 ) ) ;
#3327 = VECTOR ( 'NONE', #4156, 1000.000000000000000 ) ;
#3328 = CARTESIAN_POINT ( 'NONE',  ( -48.00000000000000000, 0.000000000000000000, -3.999999999999999112 ) ) ;
#3329 = DIRECTION ( 'NONE',  ( 0.000000000000000000, 0.000000000000000000, -1.000000000000000000 ) ) ;
#3330 = ORIENTED_EDGE ( 'NONE', *, *, #3151, .F. ) ;
#3331 = VERTEX_POINT ( 'NONE', #803 ) ;
#3332 = VECTOR ( 'NONE', #4723, 1000.000000000000000 ) ;
#3333 = CARTESIAN_POINT ( 'NONE',  ( 85.99999999999980105, 920.0000000000000000, 30.00000000000058975 ) ) ;
#3334 = CYLINDRICAL_SURFACE ( 'NONE', #1230, 1.699999999999965539 ) ;
#3335 = CARTESIAN_POINT ( 'NONE',  ( -119.9999999999999858, 50.00000000000000000, 183.0000000000000000 ) ) ;
#3336 = AXIS2_PLACEMENT_3D ( 'NONE', #4185, #38, #3118 ) ;
#3337 = ORIENTED_EDGE ( 'NONE', *, *, #280, .T. ) ;
#3338 = CIRCLE ( 'NONE', #3982, 1.699999999999979305 ) ;
#3339 = CARTESIAN_POINT ( 'NONE',  ( -119.9999999999999858, 353.3309524416879981, 144.3000000000000398 ) ) ;
#3340 = EDGE_CURVE ( 'NONE', #2924, #4836, #921, .T. ) ;
#3341 = EDGE_CURVE ( 'NONE', #1922, #4837, #1263, .T. ) ;
#3342 = LINE ( 'NONE', #4403, #2616 ) ;
#3343 = AXIS2_PLACEMENT_3D ( 'NONE', #4862, #1346, #1021 ) ;
#3344 = ORIENTED_EDGE ( 'NONE', *, *, #1518, .F. ) ;
#3345 = EDGE_LOOP ( 'NONE', ( #3996, #4006, #498, #3764 ) ) ;
#3346 = CARTESIAN_POINT ( 'NONE',  ( 119.9999999999987352, 50.00000000000000000, 183.0000000000008242 ) ) ;
#3347 = EDGE_CURVE ( 'NONE', #1410, #4793, #2455, .T. ) ;
#3348 = PLANE ( 'NONE',  #283 ) ;
#3349 = AXIS2_PLACEMENT_3D ( 'NONE', #1084, #3672, #4434 ) ;
#3350 = DIRECTION ( 'NONE',  ( 0.000000000000000000, 0.000000000000000000, -1.000000000000000000 ) ) ;
#3351 = DIRECTION ( 'NONE',  ( -1.000000000000000000, 0.000000000000000000, 2.775557561562965820E-14 ) ) ;
#3352 = ORIENTED_EDGE ( 'NONE', *, *, #880, .T. ) ;
#3353 = ORIENTED_EDGE ( 'NONE', *, *, #700, .F. ) ;
#3354 = CARTESIAN_POINT ( 'NONE',  ( 119.9999999999989768, 353.3309524416879981, 146.0000000000008527 ) ) ;
#3355 = LINE ( 'NONE', #4878, #846 ) ;
#3356 = CARTESIAN_POINT ( 'NONE',  ( 29.99999999999913669, 495.5000000000000568, 126.0000000000005258 ) ) ;
#3357 = DIRECTION ( 'NONE',  ( -1.208454664231724740E-29, 1.000000000000000000, 3.524517538492560546E-15 ) ) ;
#3358 = ORIENTED_EDGE ( 'NONE', *, *, #432, .F. ) ;
#3359 = CONICAL_SURFACE ( 'NONE', #4810, 3.150000000000000799, 0.7853981633974697063 ) ;
#3360 = EDGE_LOOP ( 'NONE', ( #1881, #812, #1902, #2715 ) ) ;
#3361 = CARTESIAN_POINT ( 'NONE',  ( -86.00000000000000000, 920.0000000000000000, 30.00000000000000355 ) ) ;
#3362 = DIRECTION ( 'NONE',  ( -1.000000000000000000, 0.000000000000000000, 0.000000000000000000 ) ) ;
#3363 = ORIENTED_EDGE ( 'NONE', *, *, #2356, .T. ) ;
#3364 = VECTOR ( 'NONE', #4139, 1000.000000000000000 ) ;
#3365 = CARTESIAN_POINT ( 'NONE',  ( -120.0000000000000000, 30.00000000000000000, 63.00000000000001421 ) ) ;
#3366 = CIRCLE ( 'NONE', #4985, 1.699999999999993072 ) ;
#3367 = CARTESIAN_POINT ( 'NONE',  ( 29.99999999999991473, 925.0000000000004547, 8.150000000000597211 ) ) ;
#3368 = VERTEX_POINT ( 'NONE', #2424 ) ;
#3369 = ORIENTED_EDGE ( 'NONE', *, *, #3956, .T. ) ;
#3370 = AXIS2_PLACEMENT_3D ( 'NONE', #4053, #2951, #215 ) ;
#3371 = ADVANCED_FACE ( 'NONE', ( #872 ), #4347, .F. ) ;
#3372 = DIRECTION ( 'NONE',  ( 0.000000000000000000, 0.000000000000000000, 1.000000000000000000 ) ) ;
#3373 = DIRECTION ( 'NONE',  ( -6.894971492828425106E-15, -2.638827072823923664E-45, 1.000000000000000000 ) ) ;
#3374 = EDGE_CURVE ( 'NONE', #1774, #2944, #2794, .T. ) ;
#3375 = DIRECTION ( 'NONE',  ( 1.000000000000000000, 7.586974551799862254E-31, 6.908350915278662121E-15 ) ) ;
#3376 = DIRECTION ( 'NONE',  ( -1.000000000000000000, -7.586974551799862254E-31, -6.833739152871057532E-15 ) ) ;
#3377 = ORIENTED_EDGE ( 'NONE', *, *, #176, .T. ) ;
#3378 = ORIENTED_EDGE ( 'NONE', *, *, #4509, .F. ) ;
#3379 = ADVANCED_FACE ( 'NONE', ( #4752 ), #1591, .F. ) ;
#3380 = ADVANCED_FACE ( 'NONE', ( #2832 ), #3359, .F. ) ;
#3381 = LINE ( 'NONE', #1056, #4207 ) ;
#3382 = FACE_BOUND ( 'NONE', #1155, .T. ) ;
#3383 = CARTESIAN_POINT ( 'NONE',  ( 119.9999999999989768, 353.3309524416879981, 146.0000000000008527 ) ) ;
#3384 = FACE_OUTER_BOUND ( 'NONE', #4319, .T. ) ;
#3385 = ORIENTED_EDGE ( 'NONE', *, *, #4647, .F. ) ;
#3386 = VERTEX_POINT ( 'NONE', #4656 ) ;
#3387 = CARTESIAN_POINT ( 'NONE',  ( -119.9999999999999858, 353.3309524416879981, 146.0000000000000284 ) ) ;
#3388 = CARTESIAN_POINT ( 'NONE',  ( -29.99999999999999645, 495.5000000000000568, 126.0000000000003411 ) ) ;
#3389 = ORIENTED_EDGE ( 'NONE', *, *, #2135, .T. ) ;
#3390 = DIRECTION ( 'NONE',  ( -1.000000000000000000, -0.000000000000000000, 7.461176240760461390E-17 ) ) ;
#3391 = PLANE ( 'NONE',  #895 ) ;
#3392 = ORIENTED_EDGE ( 'NONE', *, *, #648, .F. ) ;
#3393 = CYLINDRICAL_SURFACE ( 'NONE', #1220, 1.699999999999936007 ) ;
#3394 = CARTESIAN_POINT ( 'NONE',  ( -68.69999999999997442, 30.00000000000000000, -3.999999999999996447 ) ) ;
#3395 = AXIS2_PLACEMENT_3D ( 'NONE', #1234, #90, #556 ) ;
#3396 = DIRECTION ( 'NONE',  ( 1.000000000000000000, 7.586974551799862254E-31, 6.965908560564528474E-15 ) ) ;
#3397 = LINE ( 'NONE', #1550, #1664 ) ;
#3398 = CARTESIAN_POINT ( 'NONE',  ( -4.522244647718863550E-13, 880.0000000000000000, 126.0000000000003837 ) ) ;
#3399 = EDGE_LOOP ( 'NONE', ( #3819, #3199, #3856, #949 ) ) ;
#3400 = ORIENTED_EDGE ( 'NONE', *, *, #2100, .T. ) ;
#3401 = CIRCLE ( 'NONE', #3957, 1.699999999999979305 ) ;
#3402 = AXIS2_PLACEMENT_3D ( 'NONE', #296, #3747, #1805 ) ;
#3403 = CARTESIAN_POINT ( 'NONE',  ( -120.0000000000000000, 300.0000000000000000, 55.70000000000000284 ) ) ;
#3404 = DIRECTION ( 'NONE',  ( 1.000000000000000000, 0.000000000000000000, 6.883823317368282021E-15 ) ) ;
#3405 = LINE ( 'NONE', #3032, #220 ) ;
#3406 = ADVANCED_FACE ( 'NONE', ( #2048 ), #1195, .F. ) ;
#3407 = CARTESIAN_POINT ( 'NONE',  ( -114.9999999999995595, 925.0000000000003411, 29.99999999999997158 ) ) ;
#3408 = VECTOR ( 'NONE', #4380, 1000.000000000000000 ) ;
#3409 = EDGE_CURVE ( 'NONE', #1811, #3368, #2758, .T. ) ;
#3410 = ORIENTED_EDGE ( 'NONE', *, *, #1545, .T. ) ;
#3411 = VECTOR ( 'NONE', #2119, 1000.000000000000000 ) ;
#3412 = ORIENTED_EDGE ( 'NONE', *, *, #3296, .F. ) ;
#3413 = CONICAL_SURFACE ( 'NONE', #4544, 3.149999999999986144, 0.7853981633974507215 ) ;
#3414 = CARTESIAN_POINT ( 'NONE',  ( -114.9999999999999716, 920.0000000000000000, 125.0000000000000000 ) ) ;
#3415 = DIRECTION ( 'NONE',  ( -4.832183295855258301E-15, 0.7071067811865299202, 0.7071067811865650032 ) ) ;
#3416 = EDGE_LOOP ( 'NONE', ( #4339, #569, #3220, #4315 ) ) ;
#3417 = AXIS2_PLACEMENT_3D ( 'NONE', #2375, #3907, #3082 ) ;
#3418 = DIRECTION ( 'NONE',  ( 7.461176240760461390E-17, 0.000000000000000000, 1.000000000000000000 ) ) ;
#3419 = VECTOR ( 'NONE', #809, 1000.000000000000000 ) ;
#3420 = DIRECTION ( 'NONE',  ( 7.841021663933347352E-17, -0.000000000000000000, 1.000000000000000000 ) ) ;
#3421 = ORIENTED_EDGE ( 'NONE', *, *, #567, .F. ) ;
#3422 = AXIS2_PLACEMENT_3D ( 'NONE', #650, #2103, #974 ) ;
#3423 = LINE ( 'NONE', #4969, #3327 ) ;
#3424 = AXIS2_PLACEMENT_3D ( 'NONE', #3713, #1323, #2942 ) ;
#3425 = AXIS2_PLACEMENT_3D ( 'NONE', #3602, #4342, #531 ) ;
#3426 = CARTESIAN_POINT ( 'NONE',  ( 118.5499999999987324, 50.00000000000000000, 183.0000000000007958 ) ) ;
#3427 = DIRECTION ( 'NONE',  ( -0.7071067811865441310, 0.000000000000000000, -0.7071067811865507924 ) ) ;
#3428 = LINE ( 'NONE', #3027, #1403 ) ;
#3429 = ORIENTED_EDGE ( 'NONE', *, *, #3958, .F. ) ;
#3430 = VERTEX_POINT ( 'NONE', #3912 ) ;
#3431 = DIRECTION ( 'NONE',  ( 1.000000000000000000, 7.586974551799862254E-31, 6.908350915278662121E-15 ) ) ;
#3432 = DIRECTION ( 'NONE',  ( 0.000000000000000000, 0.000000000000000000, 1.000000000000000000 ) ) ;
#3433 = DIRECTION ( 'NONE',  ( 1.000000000000000000, 0.000000000000000000, -7.841021663933348585E-17 ) ) ;
#3434 = DIRECTION ( 'NONE',  ( -6.833739152871057532E-15, -2.592370252323553063E-45, 1.000000000000000000 ) ) ;
#3435 = VERTEX_POINT ( 'NONE', #1947 ) ;
#3436 = EDGE_LOOP ( 'NONE', ( #1934, #1578, #419, #3035 ) ) ;
#3437 = EDGE_CURVE ( 'NONE', #2839, #1572, #3592, .T. ) ;
#3438 = CARTESIAN_POINT ( 'NONE',  ( 29.99999999999936406, 923.5500000000000682, 91.70000000000059970 ) ) ;
#3439 = DIRECTION ( 'NONE',  ( 6.833739152871057532E-15, 2.592370252323553063E-45, -1.000000000000000000 ) ) ;
#3440 = ORIENTED_EDGE ( 'NONE', *, *, #598, .T. ) ;
#3441 = ADVANCED_FACE ( 'NONE', ( #126 ), #485, .F. ) ;
#3442 = VECTOR ( 'NONE', #1611, 1000.000000000000000 ) ;
#3443 = EDGE_CURVE ( 'NONE', #3144, #4514, #2734, .T. ) ;
#3444 = FACE_OUTER_BOUND ( 'NONE', #2296, .T. ) ;
#3445 = DIRECTION ( 'NONE',  ( 1.387778780781482910E-14, 0.000000000000000000, -1.000000000000000000 ) ) ;
#3446 = VERTEX_POINT ( 'NONE', #3488 ) ;
#3447 = VECTOR ( 'NONE', #4002, 1000.000000000000000 ) ;
#3448 = DIRECTION ( 'NONE',  ( -1.000000000000000000, -7.586974551799862254E-31, -6.965908560564528474E-15 ) ) ;
#3449 = FACE_OUTER_BOUND ( 'NONE', #1411, .T. ) ;
#3450 = ORIENTED_EDGE ( 'NONE', *, *, #5007, .T. ) ;
#3451 = EDGE_LOOP ( 'NONE', ( #1852, #1456, #4386, #3551 ) ) ;
#3452 = AXIS2_PLACEMENT_3D ( 'NONE', #3823, #3375, #3750 ) ;
#3453 = CARTESIAN_POINT ( 'NONE',  ( -99.99999999999998579, 880.0000000000000000, 120.0000000000005116 ) ) ;
#3454 = CARTESIAN_POINT ( 'NONE',  ( 2.775557561562891351E-14, 420.0000000000001137, 126.0000000000004405 ) ) ;
#3455 = FACE_BOUND ( 'NONE', #2152, .T. ) ;
#3456 = FACE_OUTER_BOUND ( 'NONE', #3314, .T. ) ;
#3457 = ORIENTED_EDGE ( 'NONE', *, *, #2637, .T. ) ;
#3458 = ORIENTED_EDGE ( 'NONE', *, *, #4155, .T. ) ;
#3459 = ADVANCED_FACE ( 'NONE', ( #3534 ), #2353, .F. ) ;
#3460 = DIRECTION ( 'NONE',  ( 1.000000000000000000, 0.000000000000000000, 0.000000000000000000 ) ) ;
#3461 = CARTESIAN_POINT ( 'NONE',  ( 29.99999999999937472, 925.0000000000001137, 90.00000000000061107 ) ) ;
#3462 = ORIENTED_EDGE ( 'NONE', *, *, #3960, .T. ) ;
#3463 = DIRECTION ( 'NONE',  ( -1.000000000000000000, -0.000000000000000000, 7.461176240760461390E-17 ) ) ;
#3464 = CARTESIAN_POINT ( 'NONE',  ( -29.99999999999997158, 925.0000000000004547, 1.850000000000391331 ) ) ;
#3465 = ADVANCED_FACE ( 'NONE', ( #28 ), #1973, .T. ) ;
#3466 = EDGE_CURVE ( 'NONE', #1744, #526, #3156, .T. ) ;
#3467 = VERTEX_POINT ( 'NONE', #4323 ) ;
#3468 = DIRECTION ( 'NONE',  ( 6.833739152871057532E-15, 2.592370252323553063E-45, -1.000000000000000000 ) ) ;
#3469 = CYLINDRICAL_SURFACE ( 'NONE', #1840, 5.000000000000004441 ) ;
#3470 = VERTEX_POINT ( 'NONE', #3994 ) ;
#3471 = ORIENTED_EDGE ( 'NONE', *, *, #599, .T. ) ;
#3472 = DIRECTION ( 'NONE',  ( 2.484433095295732247E-29, -1.000000000000000000, -3.524517538492560546E-15 ) ) ;
#3473 = CARTESIAN_POINT ( 'NONE',  ( -120.0000000000000000, 418.0000000000001705, 30.00000000000000711 ) ) ;
#3474 = FACE_OUTER_BOUND ( 'NONE', #1534, .T. ) ;
#3475 = DIRECTION ( 'NONE',  ( 0.000000000000000000, 0.000000000000000000, -1.000000000000000000 ) ) ;
#3476 = ORIENTED_EDGE ( 'NONE', *, *, #2849, .T. ) ;
#3477 = VERTEX_POINT ( 'NONE', #1441 ) ;
#3478 = AXIS2_PLACEMENT_3D ( 'NONE', #3453, #2337, #4642 ) ;
#3479 = VECTOR ( 'NONE', #3557, 999.9999999999998863 ) ;
#3480 = CARTESIAN_POINT ( 'NONE',  ( 119.9999999999987068, 30.00000000000000000, 186.1500000000008015 ) ) ;
#3481 = CONICAL_SURFACE ( 'NONE', #1948, 3.149999999999986144, 0.7853981633974482790 ) ;
#3482 = CARTESIAN_POINT ( 'NONE',  ( 119.9999999999987352, 50.00000000000000000, 183.0000000000008242 ) ) ;
#3483 = CIRCLE ( 'NONE', #1308, 3.149999999999999911 ) ;
#3484 = ORIENTED_EDGE ( 'NONE', *, *, #3039, .T. ) ;
#3485 = AXIS2_PLACEMENT_3D ( 'NONE', #3155, #4918, #2785 ) ;
#3486 = CARTESIAN_POINT ( 'NONE',  ( 115.9999999999995595, 30.00000000000000000, 63.00000000000080291 ) ) ;
#3487 = VECTOR ( 'NONE', #2345, 1000.000000000000000 ) ;
#3488 = CARTESIAN_POINT ( 'NONE',  ( 65.30000000000003979, 30.00000000000000000, 4.487119545281587112E-13 ) ) ;
#3489 = VERTEX_POINT ( 'NONE', #4806 ) ;
#3490 = ADVANCED_FACE ( 'NONE', ( #1344 ), #2964, .F. ) ;
#3491 = EDGE_CURVE ( 'NONE', #1048, #1523, #3783, .T. ) ;
#3492 = EDGE_CURVE ( 'NONE', #3697, #4465, #2231, .T. ) ;
#3493 = CARTESIAN_POINT ( 'NONE',  ( 67.00000000000002842, 30.00000000000000000, -3.999999999999538591 ) ) ;
#3494 = COORDINATED_UNIVERSAL_TIME_OFFSET ( 8, 0, .AHEAD. ) ;
#3495 = AXIS2_PLACEMENT_3D ( 'NONE', #241, #3373, #4919 ) ;
#3496 = ORIENTED_EDGE ( 'NONE', *, *, #4049, .T. ) ;
#3497 = ORIENTED_EDGE ( 'NONE', *, *, #3771, .T. ) ;
#3498 = EDGE_CURVE ( 'NONE', #2638, #2335, #1114, .T. ) ;
#3499 = DIRECTION ( 'NONE',  ( 1.000000000000000000, 0.000000000000000000, 0.000000000000000000 ) ) ;
#3500 = CARTESIAN_POINT ( 'NONE',  ( 67.00000000000002842, 30.00000000000000000, -3.999999999999538591 ) ) ;
#3501 = CARTESIAN_POINT ( 'NONE',  ( 119.9999999999987637, 50.00000000000000000, 179.8500000000008470 ) ) ;
#3502 = DIRECTION ( 'NONE',  ( -1.000000000000000000, -0.000000000000000000, 7.461176240760461390E-17 ) ) ;
#3503 = ORIENTED_EDGE ( 'NONE', *, *, #730, .F. ) ;
#3504 = VERTEX_POINT ( 'NONE', #4496 ) ;
#3505 = AXIS2_PLACEMENT_3D ( 'NONE', #1835, #605, #2894 ) ;
#3506 = DIRECTION ( 'NONE',  ( 0.000000000000000000, 0.000000000000000000, 1.000000000000000000 ) ) ;
#3507 = CARTESIAN_POINT ( 'NONE',  ( -119.9999999999999858, 353.3309524416879981, 146.0000000000000284 ) ) ;
#3508 = EDGE_LOOP ( 'NONE', ( #806, #2813, #667, #95 ) ) ;
#3509 = FACE_BOUND ( 'NONE', #1933, .T. ) ;
#3510 = LINE ( 'NONE', #3533, #1470 ) ;
#3511 = DIRECTION ( 'NONE',  ( -1.000000000000000000, 0.000000000000000000, 0.000000000000000000 ) ) ;
#3512 = ORIENTED_EDGE ( 'NONE', *, *, #3641, .F. ) ;
#3513 = CARTESIAN_POINT ( 'NONE',  ( -29.99999999999998934, 925.0000000000001137, 86.85000000000039222 ) ) ;
#3514 = PERSON_AND_ORGANIZATION ( #2071, #140 ) ;
#3515 = VERTEX_POINT ( 'NONE', #2626 ) ;
#3516 = VERTEX_POINT ( 'NONE', #1092 ) ;
#3517 = EDGE_CURVE ( 'NONE', #1237, #3723, #49, .T. ) ;
#3518 = CARTESIAN_POINT ( 'NONE',  ( -114.9999999999999716, 920.0000000000000000, 126.0000000000000000 ) ) ;
#3519 = DIRECTION ( 'NONE',  ( 0.000000000000000000, 0.000000000000000000, 1.000000000000000000 ) ) ;
#3520 = CIRCLE ( 'NONE', #4821, 1.699999999999937561 ) ;
#3521 = DIRECTION ( 'NONE',  ( -0.000000000000000000, -0.000000000000000000, 1.000000000000000000 ) ) ;
#3522 = DIRECTION ( 'NONE',  ( 0.000000000000000000, -1.000000000000000000, -0.000000000000000000 ) ) ;
#3523 = ORIENTED_EDGE ( 'NONE', *, *, #4485, .F. ) ;
#3524 = ADVANCED_FACE ( 'NONE', ( #4954 ), #710, .F. ) ;
#3525 = ORIENTED_EDGE ( 'NONE', *, *, #879, .T. ) ;
#3526 = EDGE_CURVE ( 'NONE', #481, #886, #3278, .T. ) ;
#3527 = AXIS2_PLACEMENT_3D ( 'NONE', #1005, #651, #2104 ) ;
#3528 = DIRECTION ( 'NONE',  ( 0.000000000000000000, 0.000000000000000000, 1.000000000000000000 ) ) ;
#3529 = CARTESIAN_POINT ( 'NONE',  ( 86.00000000000002842, 920.0000000000000000, -3.999999999999398259 ) ) ;
#3530 = CARTESIAN_POINT ( 'NONE',  ( 119.9999999999996163, 300.0000000000000000, 54.00000000000083844 ) ) ;
#3531 = ORIENTED_EDGE ( 'NONE', *, *, #232, .T. ) ;
#3532 = LINE ( 'NONE', #2277, #1704 ) ;
#3533 = CARTESIAN_POINT ( 'NONE',  ( 119.9999999999997868, 920.0000000000000000, 30.00000000000082778 ) ) ;
#3534 = FACE_OUTER_BOUND ( 'NONE', #1474, .T. ) ;
#3535 = EDGE_CURVE ( 'NONE', #4465, #3697, #1745, .T. ) ;
#3536 = DIRECTION ( 'NONE',  ( 6.908350915278662121E-15, 2.648978006588696432E-45, -1.000000000000000000 ) ) ;
#3537 = ORIENTED_EDGE ( 'NONE', *, *, #699, .T. ) ;
#3538 = ORIENTED_EDGE ( 'NONE', *, *, #2170, .F. ) ;
#3539 = CARTESIAN_POINT ( 'NONE',  ( 119.9999999999987352, 30.00000000000000000, 183.0000000000008242 ) ) ;
#3540 = DIRECTION ( 'NONE',  ( 0.000000000000000000, 0.000000000000000000, -1.000000000000000000 ) ) ;
#3541 = FACE_OUTER_BOUND ( 'NONE', #2876, .T. ) ;
#3542 = LINE ( 'NONE', #1730, #555 ) ;
#3543 = VERTEX_POINT ( 'NONE', #3609 ) ;
#3544 = ORIENTED_EDGE ( 'NONE', *, *, #2163, .F. ) ;
#3545 = CARTESIAN_POINT ( 'NONE',  ( 115.9999999999996163, 300.0000000000000000, 54.00000000000081002 ) ) ;
#3546 = EDGE_CURVE ( 'NONE', #1617, #829, #715, .T. ) ;
#3547 = EDGE_CURVE ( 'NONE', #2114, #1048, #3632, .T. ) ;
#3548 = CARTESIAN_POINT ( 'NONE',  ( -118.5499999999999687, 353.3309524416879981, 146.0000000000000284 ) ) ;
#3549 = CARTESIAN_POINT ( 'NONE',  ( -29.99999999999998934, 925.0000000000001137, 88.30000000000046612 ) ) ;
#3550 = AXIS2_PLACEMENT_3D ( 'NONE', #2551, #1096, #4852 ) ;
#3551 = ORIENTED_EDGE ( 'NONE', *, *, #1100, .T. ) ;
#3552 = VECTOR ( 'NONE', #4679, 1000.000000000000000 ) ;
#3553 = AXIS2_PLACEMENT_3D ( 'NONE', #1603, #4316, #1309 ) ;
#3554 = AXIS2_PLACEMENT_3D ( 'NONE', #1799, #1824, #3311 ) ;
#3555 = LINE ( 'NONE', #1287, #1389 ) ;
#3556 = CARTESIAN_POINT ( 'NONE',  ( -118.5499999999999829, 300.0000000000000000, 54.00000000000002132 ) ) ;
#3557 = DIRECTION ( 'NONE',  ( 0.000000000000000000, 0.7071067811865577868, 0.7071067811865373587 ) ) ;
#3558 = AXIS2_PLACEMENT_3D ( 'NONE', #4838, #1404, #4814 ) ;
#3559 = CIRCLE ( 'NONE', #3726, 3.149999999999986144 ) ;
#3560 = ADVANCED_FACE ( 'NONE', ( #3384 ), #4321, .F. ) ;
#3561 = AXIS2_PLACEMENT_3D ( 'NONE', #1874, #2248, #1446 ) ;
#3562 = DIRECTION ( 'NONE',  ( 4.925641180300589817E-15, -0.7071067811865491270, -0.7071067811865459074 ) ) ;
#3563 = MECHANICAL_CONTEXT ( 'NONE', #4629, 'mechanical' ) ;
#3564 = ORIENTED_EDGE ( 'NONE', *, *, #1530, .F. ) ;
#3565 = EDGE_LOOP ( 'NONE', ( #4605, #1165, #1244, #4242 ) ) ;
#3566 = AXIS2_PLACEMENT_3D ( 'NONE', #3037, #2527, #1606 ) ;
#3567 = LINE ( 'NONE', #4353, #1876 ) ;
#3568 = AXIS2_PLACEMENT_3D ( 'NONE', #4407, #2817, #162 ) ;
#3569 = DIRECTION ( 'NONE',  ( 0.000000000000000000, 0.000000000000000000, 1.000000000000000000 ) ) ;
#3570 = LINE ( 'NONE', #3902, #1919 ) ;
#3571 = DIRECTION ( 'NONE',  ( 0.000000000000000000, 0.000000000000000000, -1.000000000000000000 ) ) ;
#3572 = ORIENTED_EDGE ( 'NONE', *, *, #2601, .T. ) ;
#3573 = ORIENTED_EDGE ( 'NONE', *, *, #2757, .T. ) ;
#3574 = AXIS2_PLACEMENT_3D ( 'NONE', #1051, #193, #3266 ) ;
#3575 = CARTESIAN_POINT ( 'NONE',  ( -29.99999999999998934, 925.0000000000001137, 110.0000000000003979 ) ) ;
#3576 = CARTESIAN_POINT ( 'NONE',  ( 119.9999999999996305, 300.0000000000000000, 52.30000000000085691 ) ) ;
#3577 = CARTESIAN_POINT ( 'NONE',  ( 115.9999999999987352, 300.0000000000000000, 183.0000000000007958 ) ) ;
#3578 = CIRCLE ( 'NONE', #2704, 3.150000000000000799 ) ;
#3579 = VERTEX_POINT ( 'NONE', #3259 ) ;
#3580 = VERTEX_POINT ( 'NONE', #4018 ) ;
#3581 = ADVANCED_FACE ( 'NONE', ( #3731 ), #2595, .F. ) ;
#3582 = CARTESIAN_POINT ( 'NONE',  ( -119.9999999999999858, 300.0000000000000000, 186.1499999999999773 ) ) ;
#3583 = CARTESIAN_POINT ( 'NONE',  ( -115.9999999999999716, 920.0000000000000000, 216.0000000000000000 ) ) ;
#3584 = EDGE_CURVE ( 'NONE', #3703, #2201, #2791, .T. ) ;
#3585 = DIRECTION ( 'NONE',  ( 0.000000000000000000, 0.000000000000000000, 1.000000000000000000 ) ) ;
#3586 = EDGE_CURVE ( 'NONE', #3709, #4204, #4781, .T. ) ;
#3587 = EDGE_CURVE ( 'NONE', #345, #1875, #2427, .T. ) ;
#3588 = FACE_BOUND ( 'NONE', #2866, .T. ) ;
#3589 = PERSON_AND_ORGANIZATION ( #2071, #140 ) ;
#3590 = ORIENTED_EDGE ( 'NONE', *, *, #2948, .F. ) ;
#3591 = ORIENTED_EDGE ( 'NONE', *, *, #3836, .T. ) ;
#3592 = CIRCLE ( 'NONE', #3999, 1.699999999999979305 ) ;
#3593 = DIRECTION ( 'NONE',  ( 0.7071067811865426878, 5.364801154267431890E-31, 0.7071067811865524577 ) ) ;
#3594 = DIRECTION ( 'NONE',  ( 0.000000000000000000, 3.700743415417188731E-15, -1.000000000000000000 ) ) ;
#3595 = CARTESIAN_POINT ( 'NONE',  ( 119.9999999999987352, 50.00000000000000000, 183.0000000000008242 ) ) ;
#3596 = FACE_OUTER_BOUND ( 'NONE', #42, .T. ) ;
#3597 = EDGE_LOOP ( 'NONE', ( #444, #2677, #1116, #1296 ) ) ;
#3598 = ORIENTED_EDGE ( 'NONE', *, *, #537, .F. ) ;
#3599 = DIRECTION ( 'NONE',  ( 0.000000000000000000, 0.000000000000000000, 1.000000000000000000 ) ) ;
#3600 = CIRCLE ( 'NONE', #1916, 5.000000000000004441 ) ;
#3601 = DIRECTION ( 'NONE',  ( 1.208454664231724740E-29, -1.000000000000000000, -3.524517538492560546E-15 ) ) ;
#3602 = CARTESIAN_POINT ( 'NONE',  ( 119.9999999999989768, 353.3309524416879981, 146.0000000000008527 ) ) ;
#3603 = EDGE_LOOP ( 'NONE', ( #3621, #2115, #3864, #926 ) ) ;
#3604 = ORIENTED_EDGE ( 'NONE', *, *, #3307, .F. ) ;
#3605 = DIRECTION ( 'NONE',  ( 8.163404592832132968E-15, 0.000000000000000000, -1.000000000000000000 ) ) ;
#3606 = CARTESIAN_POINT ( 'NONE',  ( 119.9999999999987352, 50.00000000000000000, 183.0000000000008242 ) ) ;
#3607 = DIRECTION ( 'NONE',  ( -2.484433095295732247E-29, 1.000000000000000000, 3.524517538492560546E-15 ) ) ;
#3608 = CC_DESIGN_SECURITY_CLASSIFICATION ( #4505, ( #4665 ) ) ;
#3609 = CARTESIAN_POINT ( 'NONE',  ( -94.99999999999998579, 571.0000000000001137, 130.0000000000005116 ) ) ;
#3610 = VERTEX_POINT ( 'NONE', #1462 ) ;
#3611 = EDGE_CURVE ( 'NONE', #3648, #4175, #4450, .T. ) ;
#3612 = EDGE_CURVE ( 'NONE', #583, #2420, #2244, .T. ) ;
#3613 = FACE_OUTER_BOUND ( 'NONE', #2627, .T. ) ;
#3614 = VERTEX_POINT ( 'NONE', #811 ) ;
#3615 = ORIENTED_EDGE ( 'NONE', *, *, #3547, .T. ) ;
#3616 = DIRECTION ( 'NONE',  ( -1.000000000000000000, -0.000000000000000000, 7.461176240760461390E-17 ) ) ;
#3617 = AXIS2_PLACEMENT_3D ( 'NONE', #1989, #1607, #3148 ) ;
#3618 = DIRECTION ( 'NONE',  ( -0.000000000000000000, -0.000000000000000000, -1.000000000000000000 ) ) ;
#3619 = DIRECTION ( 'NONE',  ( 0.000000000000000000, 0.000000000000000000, 1.000000000000000000 ) ) ;
#3620 = DIRECTION ( 'NONE',  ( 1.000000000000000000, 0.000000000000000000, -7.461176240760461390E-17 ) ) ;
#3621 = ORIENTED_EDGE ( 'NONE', *, *, #3892, .F. ) ;
#3622 = ORIENTED_EDGE ( 'NONE', *, *, #1339, .F. ) ;
#3623 = DIRECTION ( 'NONE',  ( 1.000000000000000000, 0.000000000000000000, 0.000000000000000000 ) ) ;
#3624 = DIRECTION ( 'NONE',  ( 4.884941779009845190E-15, 0.7071067811865459074, -0.7071067811865491270 ) ) ;
#3625 = CYLINDRICAL_SURFACE ( 'NONE', #3425, 1.699999999999979305 ) ;
#3626 = ORIENTED_EDGE ( 'NONE', *, *, #2608, .T. ) ;
#3627 = VERTEX_POINT ( 'NONE', #1205 ) ;
#3628 = DIRECTION ( 'NONE',  ( 1.000000000000000000, 7.586974551799862254E-31, 6.908350915278662121E-15 ) ) ;
#3629 = AXIS2_PLACEMENT_3D ( 'NONE', #1968, #1582, #2300 ) ;
#3630 = CARTESIAN_POINT ( 'NONE',  ( 119.9999999999987352, 50.00000000000000000, 183.0000000000008242 ) ) ;
#3631 = DIRECTION ( 'NONE',  ( 0.000000000000000000, 0.000000000000000000, 1.000000000000000000 ) ) ;
#3632 = LINE ( 'NONE', #2981, #3669 ) ;
#3633 = ORIENTED_EDGE ( 'NONE', *, *, #771, .F. ) ;
#3634 = CIRCLE ( 'NONE', #1613, 1.699999999999979305 ) ;
#3635 = VECTOR ( 'NONE', #2561, 1000.000000000000000 ) ;
#3636 = DIRECTION ( 'NONE',  ( 1.000000000000000000, 7.586974551799862254E-31, 6.908350915278662121E-15 ) ) ;
#3637 = CIRCLE ( 'NONE', #2926, 5.000000000000004441 ) ;
#3638 = EDGE_LOOP ( 'NONE', ( #1023, #540, #4046, #2589 ) ) ;
#3639 = VERTEX_POINT ( 'NONE', #2340 ) ;
#3640 = CIRCLE ( 'NONE', #1394, 3.149999999999999911 ) ;
#3641 = EDGE_CURVE ( 'NONE', #2838, #265, #1373, .T. ) ;
#3642 = LINE ( 'NONE', #191, #1543 ) ;
#3643 = DIRECTION ( 'NONE',  ( -1.000000000000000000, -0.000000000000000000, 7.461176240760461390E-17 ) ) ;
#3644 = EDGE_CURVE ( 'NONE', #1997, #1223, #1289, .T. ) ;
#3645 = CARTESIAN_POINT ( 'NONE',  ( 119.9999999999987352, 300.0000000000000000, 183.0000000000008242 ) ) ;
#3646 = FACE_OUTER_BOUND ( 'NONE', #544, .T. ) ;
#3647 = AXIS2_PLACEMENT_3D ( 'NONE', #4578, #3439, #4652 ) ;
#3648 = VERTEX_POINT ( 'NONE', #1509 ) ;
#3649 = EDGE_LOOP ( 'NONE', ( #273, #845 ) ) ;
#3650 = ADVANCED_FACE ( 'NONE', ( #2370 ), #4689, .T. ) ;
#3651 = AXIS2_PLACEMENT_3D ( 'NONE', #4082, #633, #1735 ) ;
#3652 = DIRECTION ( 'NONE',  ( -1.000000000000000000, 0.000000000000000000, 0.000000000000000000 ) ) ;
#3653 = CARTESIAN_POINT ( 'NONE',  ( 29.99999999999939604, 925.0000000000001137, 86.85000000000059117 ) ) ;
#3654 = CARTESIAN_POINT ( 'NONE',  ( 29.99999999999923617, 921.0000000000001137, 110.0000000000005969 ) ) ;
#3655 = ORIENTED_EDGE ( 'NONE', *, *, #2294, .T. ) ;
#3656 = VERTEX_POINT ( 'NONE', #767 ) ;
#3657 = VECTOR ( 'NONE', #3161, 1000.000000000000000 ) ;
#3658 = DIRECTION ( 'NONE',  ( 0.7071067811865409114, 5.364801154267417877E-31, 0.7071067811865541231 ) ) ;
#3659 = CONICAL_SURFACE ( 'NONE', #2859, 3.149999999999999911, 0.7853981633974305154 ) ;
#3660 = DIRECTION ( 'NONE',  ( -8.811293846231401365E-15, 0.000000000000000000, 1.000000000000000000 ) ) ;
#3661 = DIRECTION ( 'NONE',  ( 0.000000000000000000, 0.000000000000000000, 1.000000000000000000 ) ) ;
#3662 = CIRCLE ( 'NONE', #287, 1.699999999999979305 ) ;
#3663 = ORIENTED_EDGE ( 'NONE', *, *, #2163, .T. ) ;
#3664 = LINE ( 'NONE', #4784, #520 ) ;
#3665 = ORIENTED_EDGE ( 'NONE', *, *, #1246, .T. ) ;
#3666 = ORIENTED_EDGE ( 'NONE', *, *, #4263, .F. ) ;
#3667 = ADVANCED_FACE ( 'NONE', ( #2317 ), #2293, .T. ) ;
#3668 = FACE_OUTER_BOUND ( 'NONE', #3565, .T. ) ;
#3669 = VECTOR ( 'NONE', #2192, 1000.000000000000000 ) ;
#3670 = DIRECTION ( 'NONE',  ( 0.000000000000000000, 0.000000000000000000, 1.000000000000000000 ) ) ;
#3671 = CARTESIAN_POINT ( 'NONE',  ( 119.9999999999991331, 418.0000000000001705, 123.0000000000008384 ) ) ;
#3672 = DIRECTION ( 'NONE',  ( 3.589083053745118507E-15, -1.110223024625156787E-16, -1.000000000000000000 ) ) ;
#3673 = ORIENTED_EDGE ( 'NONE', *, *, #4731, .T. ) ;
#3674 = EDGE_LOOP ( 'NONE', ( #3385, #4188, #4068, #2491 ) ) ;
#3675 = CARTESIAN_POINT ( 'NONE',  ( 28.29999999999914806, 495.5000000000000568, 126.0000000000005258 ) ) ;
#3676 = CARTESIAN_POINT ( 'NONE',  ( 119.9999999999997868, 920.0000000000000000, 30.00000000000082423 ) ) ;
#3677 = DIRECTION ( 'NONE',  ( -0.000000000000000000, -0.000000000000000000, 1.000000000000000000 ) ) ;
#3678 = EDGE_CURVE ( 'NONE', #2999, #404, #1773, .T. ) ;
#3679 = ADVANCED_FACE ( 'NONE', ( #4260 ), #3874, .T. ) ;
#3680 = VERTEX_POINT ( 'NONE', #4621 ) ;
#3681 = ORIENTED_EDGE ( 'NONE', *, *, #1190, .T. ) ;
#3682 = CIRCLE ( 'NONE', #4117, 1.699999999999979305 ) ;
#3683 = AXIS2_PLACEMENT_3D ( 'NONE', #2625, #1937, #358 ) ;
#3684 = DIRECTION ( 'NONE',  ( -2.484433095295732247E-29, 1.000000000000000000, 3.524517538492560546E-15 ) ) ;
#3685 = CARTESIAN_POINT ( 'NONE',  ( 29.99999999999991473, 925.0000000000004547, 8.150000000000607869 ) ) ;
#3686 = CARTESIAN_POINT ( 'NONE',  ( -29.99999999999998934, 925.0000000000001137, 90.00000000000039790 ) ) ;
#3687 = ORIENTED_EDGE ( 'NONE', *, *, #994, .F. ) ;
#3688 = VECTOR ( 'NONE', #1408, 1000.000000000000000 ) ;
#3689 = DIRECTION ( 'NONE',  ( -0.000000000000000000, -1.000000000000000000, -0.000000000000000000 ) ) ;
#3690 = LINE ( 'NONE', #1369, #4559 ) ;
#3691 = VERTEX_POINT ( 'NONE', #60 ) ;
#3692 = ORIENTED_EDGE ( 'NONE', *, *, #3213, .F. ) ;
#3693 = LINE ( 'NONE', #1697, #3635 ) ;
#3694 = CARTESIAN_POINT ( 'NONE',  ( -29.99999999999998934, 925.0000000000001137, 108.3000000000004661 ) ) ;
#3695 = DIRECTION ( 'NONE',  ( -1.000000000000000000, -7.586974551799862254E-31, -6.908350915278662121E-15 ) ) ;
#3696 = PLANE ( 'NONE',  #1173 ) ;
#3697 = VERTEX_POINT ( 'NONE', #4597 ) ;
#3698 = ORIENTED_EDGE ( 'NONE', *, *, #4960, .F. ) ;
#3699 = DIRECTION ( 'NONE',  ( 7.586974551799862254E-31, -1.000000000000000000, 2.592370252323553063E-45 ) ) ;
#3700 = CARTESIAN_POINT ( 'NONE',  ( -115.9999999999999716, 30.00000000000000000, 183.0000000000000000 ) ) ;
#3701 = DIRECTION ( 'NONE',  ( -3.244656099125939025E-15, 1.110223024625156787E-16, 1.000000000000000000 ) ) ;
#3702 = ORIENTED_EDGE ( 'NONE', *, *, #1946, .F. ) ;
#3703 = VERTEX_POINT ( 'NONE', #1135 ) ;
#3704 = EDGE_CURVE ( 'NONE', #907, #3709, #17, .T. ) ;
#3705 = ADVANCED_FACE ( 'NONE', ( #427, #1915, #3142, #741, #4645, #3831, #382, #3456 ), #1533, .T. ) ;
#3706 = PLANE ( 'NONE',  #823 ) ;
#3707 = DIRECTION ( 'NONE',  ( 0.000000000000000000, 0.000000000000000000, -1.000000000000000000 ) ) ;
#3708 = DIRECTION ( 'NONE',  ( 1.000000000000000000, 0.000000000000000000, 0.000000000000000000 ) ) ;
#3709 = VERTEX_POINT ( 'NONE', #1964 ) ;
#3710 = AXIS2_PLACEMENT_3D ( 'NONE', #2726, #1167, #2706 ) ;
#3711 = EDGE_CURVE ( 'NONE', #1940, #4939, #1380, .T. ) ;
#3712 = CARTESIAN_POINT ( 'NONE',  ( -119.9999999999999716, 327.9289321881350361, 216.0000000000000000 ) ) ;
#3713 = CARTESIAN_POINT ( 'NONE',  ( -119.9999999999999858, 353.3309524416879981, 146.0000000000000284 ) ) ;
#3714 = AXIS2_PLACEMENT_3D ( 'NONE', #1960, #3851, #1529 ) ;
#3715 = ORIENTED_EDGE ( 'NONE', *, *, #3183, .F. ) ;
#3716 = ADVANCED_FACE ( 'NONE', ( #837 ), #4240, .T. ) ;
#3717 = ORIENTED_EDGE ( 'NONE', *, *, #3064, .T. ) ;
#3718 = VECTOR ( 'NONE', #2861, 1000.000000000000000 ) ;
#3719 = CARTESIAN_POINT ( 'NONE',  ( -118.5499999999999687, 300.0000000000000000, 184.6999999999999886 ) ) ;
#3720 = FACE_OUTER_BOUND ( 'NONE', #4599, .T. ) ;
#3721 = DIRECTION ( 'NONE',  ( -1.000000000000000000, -0.000000000000000000, -0.000000000000000000 ) ) ;
#3722 = CARTESIAN_POINT ( 'NONE',  ( -115.9999999999999574, 420.0000000000001705, 125.0000000000000284 ) ) ;
#3723 = VERTEX_POINT ( 'NONE', #1577 ) ;
#3724 = ORIENTED_EDGE ( 'NONE', *, *, #2975, .T. ) ;
#3725 = CIRCLE ( 'NONE', #993, 3.150000000000000799 ) ;
#3726 = AXIS2_PLACEMENT_3D ( 'NONE', #3963, #4396, #3179 ) ;
#3727 = CARTESIAN_POINT ( 'NONE',  ( -29.99999999999997158, 925.0000000000004547, 5.000000000000402345 ) ) ;
#3728 = AXIS2_PLACEMENT_3D ( 'NONE', #3482, #4982, #1538 ) ;
#3729 = FACE_BOUND ( 'NONE', #2295, .T. ) ;
#3730 = DIRECTION ( 'NONE',  ( -2.484433095295732247E-29, 1.000000000000000000, 3.524517538492560546E-15 ) ) ;
#3731 = FACE_OUTER_BOUND ( 'NONE', #4061, .T. ) ;
#3732 = EDGE_LOOP ( 'NONE', ( #2441, #1888, #3497, #840 ) ) ;
#3733 = ORIENTED_EDGE ( 'NONE', *, *, #1693, .T. ) ;
#3734 = AXIS2_PLACEMENT_3D ( 'NONE', #815, #4220, #2272 ) ;
#3735 = CARTESIAN_POINT ( 'NONE',  ( 29.99999999999925748, 925.0000000000001137, 106.8500000000006054 ) ) ;
#3736 = DIRECTION ( 'NONE',  ( -1.000000000000000000, 0.000000000000000000, 0.000000000000000000 ) ) ;
#3737 = VECTOR ( 'NONE', #1486, 1000.000000000000000 ) ;
#3738 = ORIENTED_EDGE ( 'NONE', *, *, #2042, .T. ) ;
#3739 = EDGE_CURVE ( 'NONE', #1724, #404, #2265, .T. ) ;
#3740 = AXIS2_PLACEMENT_3D ( 'NONE', #2920, #4896, #602 ) ;
#3741 = ADVANCED_FACE ( 'NONE', ( #3121 ), #2486, .F. ) ;
#3742 = DIRECTION ( 'NONE',  ( -1.000000000000000000, -7.586974551799862254E-31, -6.908350915278662121E-15 ) ) ;
#3743 = LINE ( 'NONE', #947, #439 ) ;
#3744 = EDGE_CURVE ( 'NONE', #3150, #2420, #4344, .T. ) ;
#3745 = ADVANCED_FACE ( 'NONE', ( #551 ), #4834, .F. ) ;
#3746 = ORIENTED_EDGE ( 'NONE', *, *, #1040, .T. ) ;
#3747 = DIRECTION ( 'NONE',  ( 1.000000000000000000, 0.000000000000000000, -7.461176240760461390E-17 ) ) ;
#3748 = DIRECTION ( 'NONE',  ( 1.000000000000000000, 0.000000000000000000, 6.883823317368282021E-15 ) ) ;
#3749 = CARTESIAN_POINT ( 'NONE',  ( -120.0000000000000000, 300.0000000000000000, 54.00000000000002132 ) ) ;
#3750 = DIRECTION ( 'NONE',  ( 8.163404592832132968E-15, 0.000000000000000000, -1.000000000000000000 ) ) ;
#3751 = CARTESIAN_POINT ( 'NONE',  ( -29.99999999999997158, 923.5500000000005230, 6.700000000000383871 ) ) ;
#3752 = ORIENTED_EDGE ( 'NONE', *, *, #730, .T. ) ;
#3753 = VERTEX_POINT ( 'NONE', #2105 ) ;
#3754 = PRODUCT_DEFINITION_SHAPE ( 'NONE', 'NONE',  #1828 ) ;
#3755 = CARTESIAN_POINT ( 'NONE',  ( 119.9999999999995595, 30.00000000000000000, 63.00000000000083134 ) ) ;
#3756 = EDGE_CURVE ( 'NONE', #3697, #743, #1302, .T. ) ;
#3757 = CARTESIAN_POINT ( 'NONE',  ( -26.84999999999999432, 495.5000000000000568, 130.0000000000005116 ) ) ;
#3758 = CARTESIAN_POINT ( 'NONE',  ( 29.99999999999937472, 925.0000000000001137, 90.00000000000061107 ) ) ;
#3759 = DIRECTION ( 'NONE',  ( 1.275978431064007367E-29, -1.000000000000000000, -3.524517538492560546E-15 ) ) ;
#3760 = ORIENTED_EDGE ( 'NONE', *, *, #1830, .T. ) ;
#3761 = ORIENTED_EDGE ( 'NONE', *, *, #4760, .F. ) ;
#3762 = DIRECTION ( 'NONE',  ( 0.000000000000000000, 0.000000000000000000, 1.000000000000000000 ) ) ;
#3763 = DIRECTION ( 'NONE',  ( -6.833739152871057532E-15, -2.592370252323553063E-45, 1.000000000000000000 ) ) ;
#3764 = ORIENTED_EDGE ( 'NONE', *, *, #599, .F. ) ;
#3765 = LINE ( 'NONE', #1878, #93 ) ;
#3766 = LINE ( 'NONE', #2686, #4278 ) ;
#3767 = ORIENTED_EDGE ( 'NONE', *, *, #2849, .F. ) ;
#3768 = ADVANCED_FACE ( 'NONE', ( #954 ), #2775, .F. ) ;
#3769 = ORIENTED_EDGE ( 'NONE', *, *, #2908, .T. ) ;
#3770 = AXIS2_PLACEMENT_3D ( 'NONE', #2183, #1376, #2563 ) ;
#3771 = EDGE_CURVE ( 'NONE', #265, #3467, #2844, .T. ) ;
#3772 = EDGE_CURVE ( 'NONE', #3809, #3144, #3520, .T. ) ;
#3773 = CARTESIAN_POINT ( 'NONE',  ( -118.5499999999999829, 300.0000000000000000, 52.30000000000003979 ) ) ;
#3774 = CARTESIAN_POINT ( 'NONE',  ( 115.9999999999987210, 50.00000000000000000, 184.7000000000007844 ) ) ;
#3775 = CARTESIAN_POINT ( 'NONE',  ( 119.9999999999991473, 30.00000000000002842, 121.3000000000008498 ) ) ;
#3776 = CYLINDRICAL_SURFACE ( 'NONE', #509, 1.699999999999979305 ) ;
#3777 = EDGE_LOOP ( 'NONE', ( #1740, #3389, #70, #945 ) ) ;
#3778 = ORIENTED_EDGE ( 'NONE', *, *, #2927, .T. ) ;
#3779 = AXIS2_PLACEMENT_3D ( 'NONE', #4791, #4313, #496 ) ;
#3780 = CARTESIAN_POINT ( 'NONE',  ( -65.30000000000002558, 30.00000000000000000, -2.549999999999962075 ) ) ;
#3781 = DIRECTION ( 'NONE',  ( 1.000000000000000000, 0.000000000000000000, 5.551115123125777969E-15 ) ) ;
#3782 = CARTESIAN_POINT ( 'NONE',  ( 119.9999999999991047, 30.00000000000002842, 126.1500000000008157 ) ) ;
#3783 = LINE ( 'NONE', #2884, #3843 ) ;
#3784 = VERTEX_POINT ( 'NONE', #2819 ) ;
#3785 = ORIENTED_EDGE ( 'NONE', *, *, #4020, .T. ) ;
#3786 = CARTESIAN_POINT ( 'NONE',  ( -29.99999999999999645, 495.5000000000000568, 130.0000000000005116 ) ) ;
#3787 = FACE_OUTER_BOUND ( 'NONE', #2023, .T. ) ;
#3788 = ORIENTED_EDGE ( 'NONE', *, *, #4493, .T. ) ;
#3789 = FACE_BOUND ( 'NONE', #2723, .T. ) ;
#3790 = DIRECTION ( 'NONE',  ( -2.484433095295732247E-29, 1.000000000000000000, 3.524517538492560546E-15 ) ) ;
#3791 = ORIENTED_EDGE ( 'NONE', *, *, #879, .F. ) ;
#3792 = LINE ( 'NONE', #3394, #4218 ) ;
#3793 = CIRCLE ( 'NONE', #1612, 1.699999999999979305 ) ;
#3794 = DIRECTION ( 'NONE',  ( 1.000000000000000000, -8.506522873760368725E-31, 3.861645303044032010E-15 ) ) ;
#3795 = CIRCLE ( 'NONE', #7, 1.699999999999989742 ) ;
#3796 = CARTESIAN_POINT ( 'NONE',  ( 119.9999999999995879, 30.00000000000000000, 59.85000000000083276 ) ) ;
#3797 = CARTESIAN_POINT ( 'NONE',  ( -114.9999999999999716, 921.0000000000000000, 125.0000000000002274 ) ) ;
#3798 = EDGE_LOOP ( 'NONE', ( #3315, #2872, #3788, #4706, #3959, #3083, #373, #3496, #1836, #1511, #978 ) ) ;
#3799 = EDGE_LOOP ( 'NONE', ( #2740, #3889 ) ) ;
#3800 = ADVANCED_FACE ( 'NONE', ( #3596, #2003 ), #4337, .F. ) ;
#3801 = VECTOR ( 'NONE', #307, 1000.000000000000000 ) ;
#3802 = CIRCLE ( 'NONE', #3079, 1.699999999999993072 ) ;
#3803 = CIRCLE ( 'NONE', #1615, 5.000000000000004441 ) ;
#3804 = ADVANCED_FACE ( 'NONE', ( #3646 ), #904, .T. ) ;
#3805 = CARTESIAN_POINT ( 'NONE',  ( -99.99999999999998579, 571.0000000000001137, 120.0000000000005116 ) ) ;
#3806 = DIRECTION ( 'NONE',  ( -6.833739152871057532E-15, -2.592370252323553063E-45, 1.000000000000000000 ) ) ;
#3807 = DIRECTION ( 'NONE',  ( 1.000000000000000000, 7.586974551799862254E-31, 6.908350915278662121E-15 ) ) ;
#3808 = CARTESIAN_POINT ( 'NONE',  ( 114.9999999999991189, 925.0000000000000000, 125.0000000000008100 ) ) ;
#3809 = VERTEX_POINT ( 'NONE', #4384 ) ;
#3810 = AXIS2_PLACEMENT_3D ( 'NONE', #2685, #4223, #2451 ) ;
#3811 = VERTEX_POINT ( 'NONE', #473 ) ;
#3812 = ADVANCED_FACE ( 'NONE', ( #3268 ), #1229, .F. ) ;
#3813 = DIRECTION ( 'NONE',  ( 0.000000000000000000, 1.000000000000000000, 0.000000000000000000 ) ) ;
#3814 = LINE ( 'NONE', #3106, #3487 ) ;
#3815 = EDGE_LOOP ( 'NONE', ( #606, #2206, #864, #3869 ) ) ;
#3816 = DIRECTION ( 'NONE',  ( 0.000000000000000000, 0.000000000000000000, 1.000000000000000000 ) ) ;
#3817 = CIRCLE ( 'NONE', #4466, 3.149999999999986144 ) ;
#3818 = DIRECTION ( 'NONE',  ( -1.000000000000000000, -0.000000000000000000, 7.461176240760461390E-17 ) ) ;
#3819 = ORIENTED_EDGE ( 'NONE', *, *, #144, .T. ) ;
#3820 = CIRCLE ( 'NONE', #2782, 3.149999999999999911 ) ;
#3821 = VECTOR ( 'NONE', #5008, 1000.000000000000000 ) ;
#3822 = FACE_BOUND ( 'NONE', #4214, .T. ) ;
#3823 = CARTESIAN_POINT ( 'NONE',  ( 115.9999999999989768, 353.3309524416879981, 146.0000000000008242 ) ) ;
#3824 = DIRECTION ( 'NONE',  ( -1.000000000000000000, -0.000000000000000000, 7.461176240760461390E-17 ) ) ;
#3825 = EDGE_LOOP ( 'NONE', ( #1702, #2141 ) ) ;
#3827 = ORIENTED_EDGE ( 'NONE', *, *, #2673, .F. ) ;
#3826 = AXIS2_PLACEMENT_3D ( 'NONE', #1153, #4994, #1526 ) ;
#3828 = CARTESIAN_POINT ( 'NONE',  ( -29.99999999999998934, 923.5500000000000682, 108.3000000000004093 ) ) ;
#3829 = LINE ( 'NONE', #3454, #681 ) ;
#3830 = DIRECTION ( 'NONE',  ( 5.551115123125777969E-15, 0.000000000000000000, -1.000000000000000000 ) ) ;
#3831 = FACE_BOUND ( 'NONE', #966, .T. ) ;
#3832 = ORIENTED_EDGE ( 'NONE', *, *, #1547, .T. ) ;
#3833 = EDGE_LOOP ( 'NONE', ( #2469, #2186, #1007, #1560 ) ) ;
#3834 = CONICAL_SURFACE ( 'NONE', #3109, 3.149999999999986144, 0.7853981633974482790 ) ;
#3835 = DIRECTION ( 'NONE',  ( -1.000000000000000000, 0.000000000000000000, -8.811293846231401365E-15 ) ) ;
#3836 = EDGE_CURVE ( 'NONE', #3610, #1788, #4664, .T. ) ;
#3837 = EDGE_CURVE ( 'NONE', #1286, #518, #3542, .T. ) ;
#3838 = CARTESIAN_POINT ( 'NONE',  ( 119.9999999999984936, 327.9289321881350361, 216.0000000000008242 ) ) ;
#3839 = AXIS2_PLACEMENT_3D ( 'NONE', #944, #1488, #4574 ) ;
#3840 = ORIENTED_EDGE ( 'NONE', *, *, #4078, .T. ) ;
#3841 = CARTESIAN_POINT ( 'NONE',  ( -48.00000000000000000, 920.0000000000000000, -3.999999999999999112 ) ) ;
#3842 = FACE_BOUND ( 'NONE', #4295, .T. ) ;
#3843 = VECTOR ( 'NONE', #1843, 1000.000000000000000 ) ;
#3844 = EDGE_LOOP ( 'NONE', ( #4343, #362, #4254, #3125 ) ) ;
#3845 = AXIS2_PLACEMENT_3D ( 'NONE', #1487, #1113, #3433 ) ;
#3846 = DIRECTION ( 'NONE',  ( -1.000000000000000000, -0.000000000000000000, 7.461176240760461390E-17 ) ) ;
#3847 = CARTESIAN_POINT ( 'NONE',  ( 109.9999999999991331, 413.0000000000001705, 125.9289321881352208 ) ) ;
#3848 = ORIENTED_EDGE ( 'NONE', *, *, #1605, .T. ) ;
#3849 = EDGE_LOOP ( 'NONE', ( #1895, #4035, #4062, #41 ) ) ;
#3850 = CIRCLE ( 'NONE', #4583, 3.149999999999999911 ) ;
#3851 = DIRECTION ( 'NONE',  ( -1.000000000000000000, -7.586974551799862254E-31, -6.908350915278662121E-15 ) ) ;
#3852 = CARTESIAN_POINT ( 'NONE',  ( 85.99999999999980105, 6.524798114547874497E-29, 30.00000000000058975 ) ) ;
#3853 = FACE_OUTER_BOUND ( 'NONE', #309, .T. ) ;
#3854 = DIRECTION ( 'NONE',  ( 1.000000000000000000, 0.000000000000000000, -1.321694076934710402E-16 ) ) ;
#3855 = ORIENTED_EDGE ( 'NONE', *, *, #1304, .F. ) ;
#3856 = ORIENTED_EDGE ( 'NONE', *, *, #4149, .F. ) ;
#3857 = LINE ( 'NONE', #1941, #661 ) ;
#3858 = DIRECTION ( 'NONE',  ( -0.000000000000000000, -1.000000000000000000, -0.000000000000000000 ) ) ;
#3859 = ORIENTED_EDGE ( 'NONE', *, *, #3960, .F. ) ;
#3860 = EDGE_CURVE ( 'NONE', #4793, #1618, #1700, .T. ) ;
#3861 = EDGE_CURVE ( 'NONE', #3515, #894, #2047, .T. ) ;
#3862 = DIRECTION ( 'NONE',  ( 1.000000000000000000, 7.586974551799862254E-31, 6.908350915278662121E-15 ) ) ;
#3863 = CARTESIAN_POINT ( 'NONE',  ( -118.5499999999999687, 30.00000000000002842, 123.0000000000000142 ) ) ;
#3864 = ORIENTED_EDGE ( 'NONE', *, *, #3096, .T. ) ;
#3865 = EDGE_CURVE ( 'NONE', #3974, #3270, #3983, .T. ) ;
#3866 = CARTESIAN_POINT ( 'NONE',  ( 119.9999999999990905, 416.5355339059328799, 129.4644660940680296 ) ) ;
#3867 = PERSON_AND_ORGANIZATION ( #2071, #140 ) ;
#3868 = ORIENTED_EDGE ( 'NONE', *, *, #2827, .F. ) ;
#3869 = ORIENTED_EDGE ( 'NONE', *, *, #4641, .F. ) ;
#3870 = AXIS2_PLACEMENT_3D ( 'NONE', #3786, #3057, #4600 ) ;
#3871 = FACE_OUTER_BOUND ( 'NONE', #2230, .T. ) ;
#3872 = CARTESIAN_POINT ( 'NONE',  ( 118.5499999999987324, 300.0000000000000000, 183.0000000000007958 ) ) ;
#3873 = DIRECTION ( 'NONE',  ( -1.000000000000000000, -7.586974551799862254E-31, -6.833739152871057532E-15 ) ) ;
#3874 = CYLINDRICAL_SURFACE ( 'NONE', #4609, 5.000000000000004441 ) ;
#3875 = ORIENTED_EDGE ( 'NONE', *, *, #1057, .F. ) ;
#3876 = ORIENTED_EDGE ( 'NONE', *, *, #3920, .F. ) ;
#3877 = AXIS2_PLACEMENT_3D ( 'NONE', #3755, #1783, #221 ) ;
#3878 = AXIS2_PLACEMENT_3D ( 'NONE', #2121, #208, #1343 ) ;
#3879 = DIRECTION ( 'NONE',  ( -1.000000000000000000, -7.586974551799862254E-31, -6.908350915278662121E-15 ) ) ;
#3880 = VECTOR ( 'NONE', #2841, 1000.000000000000000 ) ;
#3881 = DIRECTION ( 'NONE',  ( 2.484433095295732247E-29, -1.000000000000000000, -3.524517538492560546E-15 ) ) ;
#3882 = VECTOR ( 'NONE', #289, 1000.000000000000000 ) ;
#3883 = EDGE_LOOP ( 'NONE', ( #2516, #3330 ) ) ;
#3884 = VECTOR ( 'NONE', #1362, 1000.000000000000000 ) ;
#3885 = PLANE ( 'NONE',  #3159 ) ;
#3886 = LINE ( 'NONE', #1104, #4782 ) ;
#3887 = AXIS2_PLACEMENT_3D ( 'NONE', #3222, #4341, #3197 ) ;
#3888 = CARTESIAN_POINT ( 'NONE',  ( -29.99999999999998934, 925.0000000000001137, 113.1500000000004036 ) ) ;
#3889 = ORIENTED_EDGE ( 'NONE', *, *, #4813, .F. ) ;
#3890 = EDGE_CURVE ( 'NONE', #2406, #228, #3662, .T. ) ;
#3891 = AXIS2_PLACEMENT_3D ( 'NONE', #522, #2796, #4717 ) ;
#3892 = EDGE_CURVE ( 'NONE', #2999, #829, #1651, .T. ) ;
#3893 = EDGE_CURVE ( 'NONE', #3680, #770, #371, .T. ) ;
#3894 = LINE ( 'NONE', #2429, #4963 ) ;
#3895 = APPLICATION_PROTOCOL_DEFINITION ( 'international standard', 'config_control_design', 1994, #4629 ) ;
#3896 = AXIS2_PLACEMENT_3D ( 'NONE', #3426, #1930, #3067 ) ;
#3897 = ORIENTED_EDGE ( 'NONE', *, *, #1900, .F. ) ;
#3898 = ORIENTED_EDGE ( 'NONE', *, *, #1634, .F. ) ;
#3899 = AXIS2_PLACEMENT_3D ( 'NONE', #1145, #3420, #4967 ) ;
#3900 = CARTESIAN_POINT ( 'NONE',  ( -29.99999999999999645, 495.5000000000000568, 128.5500000000004945 ) ) ;
#3901 = CARTESIAN_POINT ( 'NONE',  ( -118.5499999999999687, 50.00000000000000000, 181.3000000000000114 ) ) ;
#3902 = CARTESIAN_POINT ( 'NONE',  ( -86.00000000000000000, 920.0000000000000000, -3.999999999999986233 ) ) ;
#3903 = CARTESIAN_POINT ( 'NONE',  ( -109.9999999999999858, 413.0000000000001705, 125.9289321881344677 ) ) ;
#3904 = EDGE_LOOP ( 'NONE', ( #4579, #2449 ) ) ;
#3905 = EDGE_LOOP ( 'NONE', ( #2321, #166 ) ) ;
#3906 = DIRECTION ( 'NONE',  ( -0.7071067811865474617, 8.659560562354932858E-17, -0.7071067811865474617 ) ) ;
#3907 = DIRECTION ( 'NONE',  ( 1.000000000000000000, 7.586974551799862254E-31, 6.908350915278662121E-15 ) ) ;
#3908 = FACE_OUTER_BOUND ( 'NONE', #453, .T. ) ;
#3909 = ORIENTED_EDGE ( 'NONE', *, *, #2202, .F. ) ;
#3910 = FACE_OUTER_BOUND ( 'NONE', #1718, .T. ) ;
#3911 = DIRECTION ( 'NONE',  ( 7.586974551799862254E-31, -1.000000000000000000, 2.592370252323553063E-45 ) ) ;
#3912 = CARTESIAN_POINT ( 'NONE',  ( -99.99999999999998579, 576.0000000000001137, 126.0000000000000853 ) ) ;
#3913 = VERTEX_POINT ( 'NONE', #2133 ) ;
#3914 = DIRECTION ( 'NONE',  ( -1.000000000000000000, -0.000000000000000000, 7.461176240760461390E-17 ) ) ;
#3915 = CC_DESIGN_PERSON_AND_ORGANIZATION_ASSIGNMENT ( #2383, #1594, ( #4665 ) ) ;
#3916 = CARTESIAN_POINT ( 'NONE',  ( 0.000000000000000000, 0.000000000000000000, 0.000000000000000000 ) ) ;
#3917 = ORIENTED_EDGE ( 'NONE', *, *, #361, .T. ) ;
#3918 = EDGE_LOOP ( 'NONE', ( #1868, #2805, #3848, #4713 ) ) ;
#3919 = EDGE_CURVE ( 'NONE', #4175, #1285, #4920, .T. ) ;
#3920 = EDGE_CURVE ( 'NONE', #1098, #3947, #780, .T. ) ;
#3921 = CARTESIAN_POINT ( 'NONE',  ( 119.9999999999991331, 420.0000000000001705, 123.0000000000008384 ) ) ;
#3922 = DIRECTION ( 'NONE',  ( -1.000000000000000000, -7.586974551799862254E-31, -6.908350915278662121E-15 ) ) ;
#3923 = CARTESIAN_POINT ( 'NONE',  ( 119.9999999999985079, 920.0000000000000000, 216.0000000000008242 ) ) ;
#3924 = DIRECTION ( 'NONE',  ( -1.000000000000000000, -7.586974551799862254E-31, -6.912149369510391338E-15 ) ) ;
#3925 = AXIS2_PLACEMENT_3D ( 'NONE', #3758, #1785, #2930 ) ;
#3926 = ORIENTED_EDGE ( 'NONE', *, *, #2471, .F. ) ;
#3927 = ORIENTED_EDGE ( 'NONE', *, *, #65, .T. ) ;
#3928 = VECTOR ( 'NONE', #2309, 1000.000000000000000 ) ;
#3929 = CARTESIAN_POINT ( 'NONE',  ( -114.9999999999999716, 920.0000000000000000, 129.9999999999999716 ) ) ;
#3930 = CARTESIAN_POINT ( 'NONE',  ( 84.99999999999936051, 925.0000000000003411, 30.00000000000067502 ) ) ;
#3931 = DIRECTION ( 'NONE',  ( -7.586974551799862254E-31, 1.000000000000000000, -2.592370252323553063E-45 ) ) ;
#3932 = ORIENTED_EDGE ( 'NONE', *, *, #2545, .F. ) ;
#3933 = ADVANCED_FACE ( 'NONE', ( #4462 ), #3696, .F. ) ;
#3934 = MANIFOLD_SOLID_BREP ( '\X2\955c5411\X0\1', #3317 ) ;
#3935 = DIRECTION ( 'NONE',  ( -6.908350915278662121E-15, -2.648978006588696432E-45, 1.000000000000000000 ) ) ;
#3936 = DIRECTION ( 'NONE',  ( 0.000000000000000000, -0.000000000000000000, 1.000000000000000000 ) ) ;
#3937 = CARTESIAN_POINT ( 'NONE',  ( 29.99999999999910827, 495.5000000000000568, 130.0000000000007105 ) ) ;
#3938 = CARTESIAN_POINT ( 'NONE',  ( -67.00000000000000000, 30.00000000000000000, -2.549999999999962075 ) ) ;
#3939 = ORIENTED_EDGE ( 'NONE', *, *, #1830, .F. ) ;
#3940 = ORIENTED_EDGE ( 'NONE', *, *, #4957, .F. ) ;
#3941 = CARTESIAN_POINT ( 'NONE',  ( -48.00000000000000000, 0.000000000000000000, 4.898587196589417759E-16 ) ) ;
#3942 = CARTESIAN_POINT ( 'NONE',  ( 114.9999999999991189, 420.0000000000001705, 126.0000000000007532 ) ) ;
#3943 = DIRECTION ( 'NONE',  ( -8.163404592832066703E-15, 0.000000000000000000, 1.000000000000000000 ) ) ;
#3944 = CARTESIAN_POINT ( 'NONE',  ( -115.9999999999999716, 50.00000000000000000, 183.0000000000000000 ) ) ;
#3945 = ADVANCED_FACE ( 'NONE', ( #4487 ), #4513, .F. ) ;
#3946 = VERTEX_POINT ( 'NONE', #1857 ) ;
#3947 = VERTEX_POINT ( 'NONE', #2587 ) ;
#3948 = VECTOR ( 'NONE', #3102, 1000.000000000000000 ) ;
#3949 = AXIS2_PLACEMENT_3D ( 'NONE', #1872, #1920, #4244 ) ;
#3950 = AXIS2_PLACEMENT_3D ( 'NONE', #4194, #750, #2279 ) ;
#3951 = ADVANCED_FACE ( 'NONE', ( #2997 ), #2184, .T. ) ;
#3952 = CARTESIAN_POINT ( 'NONE',  ( -115.9999999999999716, 300.0000000000000000, 181.3000000000000114 ) ) ;
#3953 = DIRECTION ( 'NONE',  ( -0.000000000000000000, -0.000000000000000000, -1.000000000000000000 ) ) ;
#3954 = AXIS2_PLACEMENT_3D ( 'NONE', #4285, #3502, #2699 ) ;
#3955 = FACE_OUTER_BOUND ( 'NONE', #3732, .T. ) ;
#3956 = EDGE_CURVE ( 'NONE', #3543, #2653, #793, .T. ) ;
#3957 = AXIS2_PLACEMENT_3D ( 'NONE', #4796, #2059, #143 ) ;
#3958 = EDGE_CURVE ( 'NONE', #3368, #3580, #4100, .T. ) ;
#3959 = ORIENTED_EDGE ( 'NONE', *, *, #3990, .T. ) ;
#3960 = EDGE_CURVE ( 'NONE', #1393, #1617, #2922, .T. ) ;
#3961 = AXIS2_PLACEMENT_3D ( 'NONE', #3354, #1110, #4162 ) ;
#3962 = CIRCLE ( 'NONE', #3878, 1.699999999999979305 ) ;
#3963 = CARTESIAN_POINT ( 'NONE',  ( 119.9999999999991331, 30.00000000000002842, 123.0000000000008242 ) ) ;
#3964 = DIRECTION ( 'NONE',  ( -2.484433095295732247E-29, 1.000000000000000000, 3.524517538492560546E-15 ) ) ;
#3965 = DIRECTION ( 'NONE',  ( 0.000000000000000000, 0.000000000000000000, 1.000000000000000000 ) ) ;
#3966 = ORIENTED_EDGE ( 'NONE', *, *, #3213, .T. ) ;
#3967 = AXIS2_PLACEMENT_3D ( 'NONE', #1452, #437, #1882 ) ;
#3968 = VECTOR ( 'NONE', #206, 1000.000000000000000 ) ;
#3969 = AXIS2_PLACEMENT_3D ( 'NONE', #2808, #3228, #1262 ) ;
#3970 = VECTOR ( 'NONE', #785, 1000.000000000000000 ) ;
#3971 = DIRECTION ( 'NONE',  ( -1.000000000000000000, -0.000000000000000000, 7.461176240760461390E-17 ) ) ;
#3972 = DIRECTION ( 'NONE',  ( 1.000000000000000000, 0.000000000000000000, 0.000000000000000000 ) ) ;
#3973 = ORIENTED_EDGE ( 'NONE', *, *, #909, .F. ) ;
#3974 = VERTEX_POINT ( 'NONE', #325 ) ;
#3975 = CARTESIAN_POINT ( 'NONE',  ( -118.5499999999999687, 30.00000000000002842, 121.3000000000000398 ) ) ;
#3976 = CIRCLE ( 'NONE', #1886, 1.699999999999979305 ) ;
#3977 = DIRECTION ( 'NONE',  ( -0.000000000000000000, 0.000000000000000000, -1.000000000000000000 ) ) ;
#3978 = CARTESIAN_POINT ( 'NONE',  ( -119.9999999999999858, 30.00000000000002842, 123.0000000000000142 ) ) ;
#3979 = CARTESIAN_POINT ( 'NONE',  ( 67.00000000000001421, 30.00000000000000000, -2.549999999999504219 ) ) ;
#3980 = ORIENTED_EDGE ( 'NONE', *, *, #534, .T. ) ;
#3981 = VERTEX_POINT ( 'NONE', #2973 ) ;
#3982 = AXIS2_PLACEMENT_3D ( 'NONE', #1276, #1227, #137 ) ;
#3983 = CIRCLE ( 'NONE', #853, 3.149999999999986144 ) ;
#3984 = CARTESIAN_POINT ( 'NONE',  ( -118.5499999999999687, 300.0000000000000000, 183.0000000000000000 ) ) ;
#3985 = LINE ( 'NONE', #2397, #272 ) ;
#3986 = DIRECTION ( 'NONE',  ( 6.833739152871057532E-15, 2.592370252323553063E-45, -1.000000000000000000 ) ) ;
#3987 = ORIENTED_EDGE ( 'NONE', *, *, #511, .F. ) ;
#3988 = ORIENTED_EDGE ( 'NONE', *, *, #1592, .T. ) ;
#3989 = ADVANCED_FACE ( 'NONE', ( #1377 ), #3834, .F. ) ;
#3990 = EDGE_CURVE ( 'NONE', #2307, #4592, #628, .T. ) ;
#3991 = CARTESIAN_POINT ( 'NONE',  ( 114.9999999999991189, 925.0000000000000000, 125.0000000000009948 ) ) ;
#3992 = DIRECTION ( 'NONE',  ( 0.000000000000000000, -1.000000000000000000, 0.000000000000000000 ) ) ;
#3993 = DIRECTION ( 'NONE',  ( -1.000000000000000000, 0.000000000000000000, -5.551115123125777969E-15 ) ) ;
#3994 = CARTESIAN_POINT ( 'NONE',  ( 119.9999999999987068, 50.00000000000000000, 186.1500000000008015 ) ) ;
#3995 = CARTESIAN_POINT ( 'NONE',  ( -119.9999999999999858, 30.00000000000002842, 119.8500000000000085 ) ) ;
#3996 = ORIENTED_EDGE ( 'NONE', *, *, #4359, .T. ) ;
#3997 = AXIS2_PLACEMENT_3D ( 'NONE', #4439, #2496, #4904 ) ;
#3998 = ORIENTED_EDGE ( 'NONE', *, *, #99, .T. ) ;
#3999 = AXIS2_PLACEMENT_3D ( 'NONE', #850, #2380, #462 ) ;
#4000 = DIRECTION ( 'NONE',  ( 1.000000000000000000, 0.000000000000000000, 0.000000000000000000 ) ) ;
#4001 = CARTESIAN_POINT ( 'NONE',  ( -120.0000000000000000, 30.00000000000000000, 66.15000000000001990 ) ) ;
#4002 = DIRECTION ( 'NONE',  ( 6.833739152871057532E-15, 2.592370252323553063E-45, -1.000000000000000000 ) ) ;
#4003 = CARTESIAN_POINT ( 'NONE',  ( -115.9999999999999858, 920.0000000000000000, 30.00000000000001066 ) ) ;
#4004 = EDGE_LOOP ( 'NONE', ( #2871, #1457, #188, #4587 ) ) ;
#4005 = AXIS2_PLACEMENT_3D ( 'NONE', #4521, #333, #539 ) ;
#4006 = ORIENTED_EDGE ( 'NONE', *, *, #224, .T. ) ;
#4007 = PLANE ( 'NONE',  #416 ) ;
#4008 = CIRCLE ( 'NONE', #4332, 1.699999999999993072 ) ;
#4009 = DIRECTION ( 'NONE',  ( 5.551115123125808735E-15, 0.000000000000000000, -1.000000000000000000 ) ) ;
#4010 = ADVANCED_FACE ( 'NONE', ( #1431 ), #4651, .F. ) ;
#4011 = LINE ( 'NONE', #3549, #639 ) ;
#4012 = ORIENTED_EDGE ( 'NONE', *, *, #909, .T. ) ;
#4013 = ORIENTED_EDGE ( 'NONE', *, *, #3340, .T. ) ;
#4014 = VECTOR ( 'NONE', #2714, 1000.000000000000000 ) ;
#4015 = LINE ( 'NONE', #2784, #505 ) ;
#4016 = CARTESIAN_POINT ( 'NONE',  ( -120.0000000000000000, 30.00000000000000000, 59.85000000000001563 ) ) ;
#4017 = CARTESIAN_POINT ( 'NONE',  ( 118.5499999999996135, 300.0000000000000000, 54.00000000000083134 ) ) ;
#4018 = CARTESIAN_POINT ( 'NONE',  ( 33.14999999999910330, 495.5000000000000568, 130.0000000000007390 ) ) ;
#4019 = ORIENTED_EDGE ( 'NONE', *, *, #3443, .F. ) ;
#4020 = EDGE_CURVE ( 'NONE', #3137, #4657, #2542, .T. ) ;
#4021 = ADVANCED_FACE ( 'NONE', ( #2514 ), #89, .F. ) ;
#4022 = LINE ( 'NONE', #2505, #4965 ) ;
#4023 = ADVANCED_FACE ( 'NONE', ( #2236 ), #3776, .F. ) ;
#4024 = EDGE_LOOP ( 'NONE', ( #2362, #3089, #1596, #219 ) ) ;
#4025 = VERTEX_POINT ( 'NONE', #3751 ) ;
#4026 = CARTESIAN_POINT ( 'NONE',  ( -115.9999999999999574, 418.0000000000001705, 125.9289321881344677 ) ) ;
#4027 = FACE_OUTER_BOUND ( 'NONE', #217, .T. ) ;
#4028 = CYLINDRICAL_SURFACE ( 'NONE', #720, 1.699999999999979305 ) ;
#4029 = DIRECTION ( 'NONE',  ( 0.000000000000000000, 0.000000000000000000, -1.000000000000000000 ) ) ;
#4030 = ORIENTED_EDGE ( 'NONE', *, *, #4020, .F. ) ;
#4031 = ORIENTED_EDGE ( 'NONE', *, *, #1183, .T. ) ;
#4032 = FACE_OUTER_BOUND ( 'NONE', #2017, .T. ) ;
#4033 = CARTESIAN_POINT ( 'NONE',  ( 115.9999999999997868, 8.800890480087832437E-29, 30.00000000000079581 ) ) ;
#4034 = DIRECTION ( 'NONE',  ( 0.000000000000000000, 0.000000000000000000, 1.000000000000000000 ) ) ;
#4035 = ORIENTED_EDGE ( 'NONE', *, *, #4173, .T. ) ;
#4036 = ORIENTED_EDGE ( 'NONE', *, *, #1029, .T. ) ;
#4037 = LINE ( 'NONE', #588, #3411 ) ;
#4038 = AXIS2_PLACEMENT_3D ( 'NONE', #2720, #5000, #1163 ) ;
#4039 = AXIS2_PLACEMENT_3D ( 'NONE', #2008, #2374, #3623 ) ;
#4040 = CARTESIAN_POINT ( 'NONE',  ( -114.9999999999999716, 920.0000000000000000, 125.0000000000002274 ) ) ;
#4041 = DIRECTION ( 'NONE',  ( 1.000000000000000000, 0.000000000000000000, -7.461176240760461390E-17 ) ) ;
#4042 = ORIENTED_EDGE ( 'NONE', *, *, #1157, .T. ) ;
#4043 = VECTOR ( 'NONE', #4051, 1000.000000000000000 ) ;
#4044 = DIRECTION ( 'NONE',  ( 0.7071067811865426878, 5.364801154267431890E-31, 0.7071067811865524577 ) ) ;
#4045 = AXIS2_PLACEMENT_3D ( 'NONE', #1566, #4248, #2378 ) ;
#4046 = ORIENTED_EDGE ( 'NONE', *, *, #4542, .T. ) ;
#4047 = EDGE_LOOP ( 'NONE', ( #1918, #1115, #244, #2800 ) ) ;
#4048 = AXIS2_PLACEMENT_3D ( 'NONE', #286, #2144, #3707 ) ;
#4049 = EDGE_CURVE ( 'NONE', #890, #1739, #301, .T. ) ;
#4050 = EDGE_CURVE ( 'NONE', #4833, #1186, #1797, .T. ) ;
#4051 = DIRECTION ( 'NONE',  ( -0.000000000000000000, -0.000000000000000000, 1.000000000000000000 ) ) ;
#4052 = LINE ( 'NONE', #3694, #1889 ) ;
#4053 = CARTESIAN_POINT ( 'NONE',  ( 94.99999999999913314, 576.0000000000001137, 126.0000000000007248 ) ) ;
#4054 = DIRECTION ( 'NONE',  ( -1.000000000000000000, -0.000000000000000000, -3.589083053745118507E-15 ) ) ;
#4055 = AXIS2_PLACEMENT_3D ( 'NONE', #2824, #2898, #3781 ) ;
#4056 = EDGE_LOOP ( 'NONE', ( #3188, #2213, #782, #3598 ) ) ;
#4057 = VERTEX_POINT ( 'NONE', #4203 ) ;
#4058 = CARTESIAN_POINT ( 'NONE',  ( -119.9999999999999858, 50.00000000000000000, 183.0000000000000000 ) ) ;
#4059 = DIRECTION ( 'NONE',  ( 0.000000000000000000, 0.000000000000000000, -1.000000000000000000 ) ) ;
#4060 = LINE ( 'NONE', #4847, #1349 ) ;
#4061 = EDGE_LOOP ( 'NONE', ( #1608, #4402, #2613, #1812 ) ) ;
#4062 = ORIENTED_EDGE ( 'NONE', *, *, #854, .T. ) ;
#4063 = AXIS2_PLACEMENT_3D ( 'NONE', #4870, #2210, #1351 ) ;
#4064 = CARTESIAN_POINT ( 'NONE',  ( 29.99999999999937472, 925.0000000000001137, 90.00000000000061107 ) ) ;
#4065 = CIRCLE ( 'NONE', #2297, 1.699999999999993072 ) ;
#4066 = CARTESIAN_POINT ( 'NONE',  ( 119.9999999999989768, 353.3309524416879981, 146.0000000000008527 ) ) ;
#4067 = DIRECTION ( 'NONE',  ( 0.000000000000000000, 0.000000000000000000, 1.000000000000000000 ) ) ;
#4068 = ORIENTED_EDGE ( 'NONE', *, *, #2663, .T. ) ;
#4069 = LINE ( 'NONE', #3339, #2021 ) ;
#4070 = DIRECTION ( 'NONE',  ( 1.000000000000000000, -1.321694076934704239E-16, 4.357881996052572420E-33 ) ) ;
#4071 = VERTEX_POINT ( 'NONE', #3797 ) ;
#4072 = ORIENTED_EDGE ( 'NONE', *, *, #4520, .T. ) ;
#4073 = DIRECTION ( 'NONE',  ( 3.589083053745118507E-15, -1.110223024625156787E-16, -1.000000000000000000 ) ) ;
#4074 = CARTESIAN_POINT ( 'NONE',  ( 119.9999999999989768, 353.3309524416879981, 146.0000000000008527 ) ) ;
#4075 = DIRECTION ( 'NONE',  ( -1.000000000000000000, -0.000000000000000000, 7.461176240760461390E-17 ) ) ;
#4076 = CARTESIAN_POINT ( 'NONE',  ( -115.9999999999999574, 920.0000000000000000, 125.0000000000000284 ) ) ;
#4077 = ORIENTED_EDGE ( 'NONE', *, *, #2203, .F. ) ;
#4078 = EDGE_CURVE ( 'NONE', #1207, #1691, #1312, .T. ) ;
#4079 = ORIENTED_EDGE ( 'NONE', *, *, #4113, .F. ) ;
#4080 = EDGE_CURVE ( 'NONE', #335, #702, #1885, .T. ) ;
#4081 = CARTESIAN_POINT ( 'NONE',  ( 115.9999999999991616, 30.00000000000002842, 121.3000000000008214 ) ) ;
#4082 = CARTESIAN_POINT ( 'NONE',  ( -115.9999999999999574, 418.0000000000001705, 123.0000000000000284 ) ) ;
#4083 = LINE ( 'NONE', #1059, #2344 ) ;
#4084 = ORIENTED_EDGE ( 'NONE', *, *, #1692, .F. ) ;
#4085 = EDGE_LOOP ( 'NONE', ( #2313, #2167 ) ) ;
#4086 = EDGE_CURVE ( 'NONE', #957, #2194, #2118, .T. ) ;
#4087 = AXIS2_PLACEMENT_3D ( 'NONE', #1301, #2843, #4284 ) ;
#4088 = CARTESIAN_POINT ( 'NONE',  ( 119.9999999999990905, 416.5355339059328799, 129.4644660940680296 ) ) ;
#4089 = CARTESIAN_POINT ( 'NONE',  ( -31.69999999999998508, 495.5000000000000568, 128.5500000000004945 ) ) ;
#4090 = CYLINDRICAL_SURFACE ( 'NONE', #2754, 1.699999999999979305 ) ;
#4091 = ORIENTED_EDGE ( 'NONE', *, *, #1737, .T. ) ;
#4092 = AXIS2_PLACEMENT_3D ( 'NONE', #4003, #4409, #2438 ) ;
#4093 = CARTESIAN_POINT ( 'NONE',  ( -120.0000000000000000, 920.0000000000000000, 30.00000000000000711 ) ) ;
#4094 = FACE_OUTER_BOUND ( 'NONE', #3399, .T. ) ;
#4095 = ORIENTED_EDGE ( 'NONE', *, *, #1436, .F. ) ;
#4096 = ORIENTED_EDGE ( 'NONE', *, *, #389, .F. ) ;
#4097 = LINE ( 'NONE', #2179, #12 ) ;
#4098 = FACE_BOUND ( 'NONE', #1210, .T. ) ;
#4099 = CARTESIAN_POINT ( 'NONE',  ( 119.9999999999991189, 420.0000000000000568, 126.0000000000008669 ) ) ;
#4100 = LINE ( 'NONE', #2619, #1423 ) ;
#4101 = VERTEX_POINT ( 'NONE', #1909 ) ;
#4102 = ORIENTED_EDGE ( 'NONE', *, *, #3096, .F. ) ;
#4103 = CARTESIAN_POINT ( 'NONE',  ( -119.9999999999999858, 30.00000000000000000, 183.0000000000000000 ) ) ;
#4104 = EDGE_CURVE ( 'NONE', #4683, #702, #1129, .T. ) ;
#4105 = DIRECTION ( 'NONE',  ( 1.000000000000000000, 7.586974551799862254E-31, 6.912149369510391338E-15 ) ) ;
#4106 = CYLINDRICAL_SURFACE ( 'NONE', #3997, 30.00000000000000000 ) ;
#4107 = CARTESIAN_POINT ( 'NONE',  ( -114.9999999999999716, 920.0000000000000000, 125.0000000000000000 ) ) ;
#4108 = EDGE_LOOP ( 'NONE', ( #1571, #4991 ) ) ;
#4109 = ORIENTED_EDGE ( 'NONE', *, *, #127, .F. ) ;
#4110 = EDGE_CURVE ( 'NONE', #1237, #770, #3428, .T. ) ;
#4111 = CARTESIAN_POINT ( 'NONE',  ( -119.9999999999999858, 418.0000000000001705, 123.0000000000000284 ) ) ;
#4112 = ADVANCED_FACE ( 'NONE', ( #4972 ), #2690, .F. ) ;
#4113 = EDGE_CURVE ( 'NONE', #1400, #2944, #3046, .T. ) ;
#4114 = CARTESIAN_POINT ( 'NONE',  ( -114.9999999999994316, 921.0000000000004547, -2.786659791809144179E-14 ) ) ;
#4115 = ADVANCED_FACE ( 'NONE', ( #3449 ), #4613, .T. ) ;
#4116 = EDGE_LOOP ( 'NONE', ( #3525, #3564, #3692, #1584 ) ) ;
#4117 = AXIS2_PLACEMENT_3D ( 'NONE', #306, #2217, #226 ) ;
#4118 = CIRCLE ( 'NONE', #168, 3.149999999999999911 ) ;
#4119 = LINE ( 'NONE', #1046, #2349 ) ;
#4120 = CARTESIAN_POINT ( 'NONE',  ( 99.99999999999913314, 875.0000000000000000, 126.0000000000007248 ) ) ;
#4121 = AXIS2_PLACEMENT_3D ( 'NONE', #4997, #424, #4618 ) ;
#4122 = ORIENTED_EDGE ( 'NONE', *, *, #1640, .F. ) ;
#4123 = VECTOR ( 'NONE', #821, 1000.000000000000000 ) ;
#4124 = ADVANCED_FACE ( 'NONE', ( #647 ), #889, .F. ) ;
#4125 = CARTESIAN_POINT ( 'NONE',  ( 29.99999999999921485, 925.0000000000001137, 113.1500000000006168 ) ) ;
#4126 = CIRCLE ( 'NONE', #3967, 1.699999999999986189 ) ;
#4127 = CARTESIAN_POINT ( 'NONE',  ( -94.99999999999998579, 875.0000000000000000, 130.0000000000000568 ) ) ;
#4128 = FACE_OUTER_BOUND ( 'NONE', #1331, .T. ) ;
#4129 = CARTESIAN_POINT ( 'NONE',  ( 29.99999999999923617, 925.0000000000001137, 110.0000000000006111 ) ) ;
#4130 = CARTESIAN_POINT ( 'NONE',  ( 48.00000000000002842, 920.0000000000000000, -3.999999999999671374 ) ) ;
#4131 = ORIENTED_EDGE ( 'NONE', *, *, #4864, .F. ) ;
#4132 = ORIENTED_EDGE ( 'NONE', *, *, #3128, .T. ) ;
#4133 = VECTOR ( 'NONE', #2630, 1000.000000000000000 ) ;
#4134 = AXIS2_PLACEMENT_3D ( 'NONE', #4568, #4591, #4233 ) ;
#4135 = DIRECTION ( 'NONE',  ( -1.000000000000000000, -7.586974551799862254E-31, -6.908350915278662121E-15 ) ) ;
#4136 = AXIS2_PLACEMENT_3D ( 'NONE', #641, #2223, #3763 ) ;
#4137 = LINE ( 'NONE', #2242, #1633 ) ;
#4138 = DIRECTION ( 'NONE',  ( 7.461176240760461390E-17, 0.000000000000000000, 1.000000000000000000 ) ) ;
#4139 = DIRECTION ( 'NONE',  ( 1.223825039997368740E-29, -1.000000000000000000, -3.380459036380617701E-15 ) ) ;
#4140 = ORIENTED_EDGE ( 'NONE', *, *, #4485, .T. ) ;
#4141 = ORIENTED_EDGE ( 'NONE', *, *, #3307, .T. ) ;
#4142 = AXIS2_PLACEMENT_3D ( 'NONE', #58, #1622, #3519 ) ;
#4143 = DIRECTION ( 'NONE',  ( -0.000000000000000000, 1.000000000000000000, 0.000000000000000000 ) ) ;
#4144 = FACE_OUTER_BOUND ( 'NONE', #420, .T. ) ;
#4145 = APPROVAL ( #488, '未' ) ;
#4146 = CIRCLE ( 'NONE', #2614, 1.699999999999979305 ) ;
#4147 = ORIENTED_EDGE ( 'NONE', *, *, #3183, .T. ) ;
#4148 = EDGE_CURVE ( 'NONE', #1345, #1788, #844, .T. ) ;
#4149 = EDGE_CURVE ( 'NONE', #1186, #4833, #3108, .T. ) ;
#4150 = CIRCLE ( 'NONE', #690, 1.699999999999979305 ) ;
#4151 = DIRECTION ( 'NONE',  ( 8.659560562355118980E-17, 0.7071067811865348052, -0.7071067811865602293 ) ) ;
#4152 = CARTESIAN_POINT ( 'NONE',  ( -86.00000000000000000, 920.0000000000000000, 30.00000000000000355 ) ) ;
#4153 = ORIENTED_EDGE ( 'NONE', *, *, #1001, .T. ) ;
#4154 = EDGE_LOOP ( 'NONE', ( #1844, #4785 ) ) ;
#4155 = EDGE_CURVE ( 'NONE', #1345, #3784, #1657, .T. ) ;
#4156 = DIRECTION ( 'NONE',  ( -4.295505750037807968E-15, -3.524517538492560546E-15, 1.000000000000000000 ) ) ;
#4157 = DIRECTION ( 'NONE',  ( 1.000000000000000000, 0.000000000000000000, 5.551115123125777969E-15 ) ) ;
#4158 = LINE ( 'NONE', #324, #1512 ) ;
#4159 = DIRECTION ( 'NONE',  ( -1.000000000000000000, 0.000000000000000000, 0.000000000000000000 ) ) ;
#4160 = ORIENTED_EDGE ( 'NONE', *, *, #4086, .T. ) ;
#4161 = ORIENTED_EDGE ( 'NONE', *, *, #4730, .F. ) ;
#4162 = DIRECTION ( 'NONE',  ( -8.163404592832132968E-15, 0.000000000000000000, 1.000000000000000000 ) ) ;
#4163 = DIRECTION ( 'NONE',  ( 0.000000000000000000, 0.000000000000000000, 1.000000000000000000 ) ) ;
#4164 = FACE_OUTER_BOUND ( 'NONE', #900, .T. ) ;
#4165 = CARTESIAN_POINT ( 'NONE',  ( 29.99999999999937472, 925.0000000000001137, 90.00000000000061107 ) ) ;
#4166 = EDGE_LOOP ( 'NONE', ( #1322, #2507, #3724, #4274 ) ) ;
#4167 = ORIENTED_EDGE ( 'NONE', *, *, #3246, .F. ) ;
#4168 = CARTESIAN_POINT ( 'NONE',  ( -119.9999999999999858, 50.00000000000000000, 184.6999999999999886 ) ) ;
#4169 = DIRECTION ( 'NONE',  ( 1.000000000000000000, 7.586974551799862254E-31, 6.908350915278662121E-15 ) ) ;
#4170 = ORIENTED_EDGE ( 'NONE', *, *, #4415, .F. ) ;
#4171 = LINE ( 'NONE', #722, #4374 ) ;
#4172 = EDGE_CURVE ( 'NONE', #1094, #3811, #4798, .T. ) ;
#4173 = EDGE_CURVE ( 'NONE', #1201, #227, #2376, .T. ) ;
#4174 = DIRECTION ( 'NONE',  ( 6.833739152871057532E-15, 2.592370252323553063E-45, -1.000000000000000000 ) ) ;
#4175 = VERTEX_POINT ( 'NONE', #1631 ) ;
#4176 = EDGE_CURVE ( 'NONE', #2759, #3162, #3198, .T. ) ;
#4177 = CYLINDRICAL_SURFACE ( 'NONE', #4625, 1.699999999999965539 ) ;
#4178 = ADVANCED_FACE ( 'NONE', ( #3955 ), #3625, .F. ) ;
#4179 = DIRECTION ( 'NONE',  ( 0.000000000000000000, 0.000000000000000000, 1.000000000000000000 ) ) ;
#4180 = LINE ( 'NONE', #734, #1755 ) ;
#4181 = DIRECTION ( 'NONE',  ( 0.000000000000000000, 0.000000000000000000, -1.000000000000000000 ) ) ;
#4182 = ORIENTED_EDGE ( 'NONE', *, *, #2608, .F. ) ;
#4183 = EDGE_LOOP ( 'NONE', ( #2783, #1756, #2987, #706 ) ) ;
#4184 = CARTESIAN_POINT ( 'NONE',  ( 119.9999999999995879, 30.00000000000000000, 59.85000000000083986 ) ) ;
#4185 = CARTESIAN_POINT ( 'NONE',  ( 119.9999999999987352, 50.00000000000000000, 183.0000000000008242 ) ) ;
#4186 = CYLINDRICAL_SURFACE ( 'NONE', #2557, 1.699999999999979305 ) ;
#4187 = DIRECTION ( 'NONE',  ( 0.000000000000000000, -0.000000000000000000, 1.000000000000000000 ) ) ;
#4188 = ORIENTED_EDGE ( 'NONE', *, *, #2827, .T. ) ;
#4189 = ORIENTED_EDGE ( 'NONE', *, *, #2097, .F. ) ;
#4190 = CARTESIAN_POINT ( 'NONE',  ( -119.9999999999999858, 50.00000000000000000, 183.0000000000000000 ) ) ;
#4191 = CARTESIAN_POINT ( 'NONE',  ( -114.9999999999999716, 420.0000000000000568, 125.0000000000000000 ) ) ;
#4192 = ORIENTED_EDGE ( 'NONE', *, *, #503, .F. ) ;
#4193 = CARTESIAN_POINT ( 'NONE',  ( 119.9999999999985079, 9.104369462159777952E-29, 216.0000000000008242 ) ) ;
#4194 = CARTESIAN_POINT ( 'NONE',  ( 119.9999999999995595, 30.00000000000000000, 63.00000000000083134 ) ) ;
#4195 = EDGE_LOOP ( 'NONE', ( #2483, #3572, #2250, #736, #962, #4489 ) ) ;
#4196 = AXIS2_PLACEMENT_3D ( 'NONE', #2755, #4296, #4270 ) ;
#4197 = CIRCLE ( 'NONE', #4851, 3.149999999999999911 ) ;
#4198 = APPLICATION_CONTEXT ( 'configuration controlled 3d designs of mechanical parts and assemblies' ) ;
#4199 = LINE ( 'NONE', #1082, #1088 ) ;
#4200 = EDGE_CURVE ( 'NONE', #4907, #3639, #609, .T. ) ;
#4201 = EDGE_CURVE ( 'NONE', #2693, #1285, #230, .T. ) ;
#4202 = CARTESIAN_POINT ( 'NONE',  ( 115.9999999999987494, 300.0000000000000000, 181.3000000000008356 ) ) ;
#4203 = CARTESIAN_POINT ( 'NONE',  ( -48.00000000000000000, 920.0000000000000000, -3.999999999999999112 ) ) ;
#4204 = VERTEX_POINT ( 'NONE', #121 ) ;
#4205 = ORIENTED_EDGE ( 'NONE', *, *, #4267, .F. ) ;
#4206 = ADVANCED_FACE ( 'NONE', ( #4747 ), #3130, .F. ) ;
#4207 = VECTOR ( 'NONE', #3297, 1000.000000000000000 ) ;
#4208 = ADVANCED_FACE ( 'NONE', ( #1284 ), #2825, .T. ) ;
#4209 = DIRECTION ( 'NONE',  ( -1.000000000000000000, -0.000000000000000000, 7.461176240760461390E-17 ) ) ;
#4210 = FACE_OUTER_BOUND ( 'NONE', #1725, .T. ) ;
#4211 = DIRECTION ( 'NONE',  ( 0.000000000000000000, 0.000000000000000000, 1.000000000000000000 ) ) ;
#4212 = DIRECTION ( 'NONE',  ( 6.833739152871057532E-15, 2.592370252323553063E-45, -1.000000000000000000 ) ) ;
#4213 = CIRCLE ( 'NONE', #4776, 1.000000000000000888 ) ;
#4214 = EDGE_LOOP ( 'NONE', ( #3681, #682 ) ) ;
#4215 = VECTOR ( 'NONE', #4778, 1000.000000000000114 ) ;
#4216 = ORIENTED_EDGE ( 'NONE', *, *, #636, .T. ) ;
#4217 = EDGE_CURVE ( 'NONE', #2839, #1837, #913, .T. ) ;
#4218 = VECTOR ( 'NONE', #1567, 1000.000000000000000 ) ;
#4219 = DIRECTION ( 'NONE',  ( 0.000000000000000000, 1.000000000000000000, 0.000000000000000000 ) ) ;
#4220 = DIRECTION ( 'NONE',  ( -0.000000000000000000, 1.000000000000000000, 3.524517538492560546E-15 ) ) ;
#4221 = ORIENTED_EDGE ( 'NONE', *, *, #1368, .T. ) ;
#4222 = AXIS2_PLACEMENT_3D ( 'NONE', #4191, #3858, #798 ) ;
#4223 = DIRECTION ( 'NONE',  ( 3.589083053745118507E-15, -1.110223024625156787E-16, -1.000000000000000000 ) ) ;
#4224 = VECTOR ( 'NONE', #2001, 1000.000000000000000 ) ;
#4225 = ADVANCED_FACE ( 'NONE', ( #4294 ), #317, .F. ) ;
#4226 = FACE_OUTER_BOUND ( 'NONE', #3451, .T. ) ;
#4227 = ORIENTED_EDGE ( 'NONE', *, *, #2471, .T. ) ;
#4228 = CIRCLE ( 'NONE', #1807, 1.699999999999937561 ) ;
#4229 = CIRCLE ( 'NONE', #2701, 1.699999999999982858 ) ;
#4230 = CIRCLE ( 'NONE', #1324, 1.699999999999986189 ) ;
#4231 = DIRECTION ( 'NONE',  ( 1.000000000000000000, 7.586974551799862254E-31, 6.908350915278662121E-15 ) ) ;
#4232 = CARTESIAN_POINT ( 'NONE',  ( 26.84999999999910614, 495.5000000000000568, 130.0000000000006821 ) ) ;
#4233 = DIRECTION ( 'NONE',  ( 0.000000000000000000, 0.000000000000000000, 1.000000000000000000 ) ) ;
#4234 = ORIENTED_EDGE ( 'NONE', *, *, #3517, .F. ) ;
#4235 = ORIENTED_EDGE ( 'NONE', *, *, #696, .F. ) ;
#4236 = CARTESIAN_POINT ( 'NONE',  ( 85.99999999999980105, 920.0000000000000000, 30.00000000000058975 ) ) ;
#4237 = DIRECTION ( 'NONE',  ( -1.000000000000000000, -7.586974551799862254E-31, -6.908350915278662121E-15 ) ) ;
#4238 = DIRECTION ( 'NONE',  ( 0.7071067811865409114, 5.364801154267417877E-31, 0.7071067811865541231 ) ) ;
#4239 = EDGE_CURVE ( 'NONE', #3809, #2828, #4011, .T. ) ;
#4240 = PLANE ( 'NONE',  #2187 ) ;
#4241 = ADVANCED_FACE ( 'NONE', ( #3908 ), #1931, .F. ) ;
#4242 = ORIENTED_EDGE ( 'NONE', *, *, #4217, .F. ) ;
#4243 = EDGE_LOOP ( 'NONE', ( #4429, #1030 ) ) ;
#4244 = DIRECTION ( 'NONE',  ( 8.163404592832132968E-15, 0.000000000000000000, -1.000000000000000000 ) ) ;
#4245 = LINE ( 'NONE', #4675, #2281 ) ;
#4246 = ADVANCED_FACE ( 'NONE', ( #94 ), #4697, .T. ) ;
#4247 = ORIENTED_EDGE ( 'NONE', *, *, #1307, .F. ) ;
#4248 = DIRECTION ( 'NONE',  ( 3.244656099125939025E-15, -1.110223024625156787E-16, -1.000000000000000000 ) ) ;
#4249 = CARTESIAN_POINT ( 'NONE',  ( 114.9999999999991189, 920.0000000000000000, 125.0000000000007816 ) ) ;
#4250 = ORIENTED_EDGE ( 'NONE', *, *, #817, .F. ) ;
#4251 = AXIS2_PLACEMENT_3D ( 'NONE', #2774, #1253, #1599 ) ;
#4252 = PLANE ( 'NONE',  #2939 ) ;
#4253 = DATE_AND_TIME ( #4304, #1197 ) ;
#4254 = ORIENTED_EDGE ( 'NONE', *, *, #4263, .T. ) ;
#4255 = ORIENTED_EDGE ( 'NONE', *, *, #2366, .F. ) ;
#4256 = AXIS2_PLACEMENT_3D ( 'NONE', #242, #1699, #1778 ) ;
#4257 = DIRECTION ( 'NONE',  ( -6.908350915278662121E-15, -2.648978006588696432E-45, 1.000000000000000000 ) ) ;
#4258 = DIRECTION ( 'NONE',  ( -6.833739152871057532E-15, -2.592370252323553063E-45, 1.000000000000000000 ) ) ;
#4259 = LINE ( 'NONE', #1460, #2646 ) ;
#4260 = FACE_OUTER_BOUND ( 'NONE', #4488, .T. ) ;
#4261 = EDGE_LOOP ( 'NONE', ( #2848, #624 ) ) ;
#4262 = EDGE_LOOP ( 'NONE', ( #4352, #3225, #54, #122 ) ) ;
#4263 = EDGE_CURVE ( 'NONE', #2544, #3489, #4318, .T. ) ;
#4264 = CARTESIAN_POINT ( 'NONE',  ( -115.9999999999999574, 418.0000000000001705, 123.0000000000000284 ) ) ;
#4265 = CARTESIAN_POINT ( 'NONE',  ( 114.9999999999991189, 420.0000000000001705, 125.0000000000007816 ) ) ;
#4266 = ORIENTED_EDGE ( 'NONE', *, *, #4828, .T. ) ;
#4267 = EDGE_CURVE ( 'NONE', #890, #3386, #960, .T. ) ;
#4268 = EDGE_CURVE ( 'NONE', #1837, #352, #3682, .T. ) ;
#4269 = EDGE_CURVE ( 'NONE', #2484, #1774, #4083, .T. ) ;
#4270 = DIRECTION ( 'NONE',  ( 0.000000000000000000, 0.000000000000000000, 1.000000000000000000 ) ) ;
#4271 = FACE_OUTER_BOUND ( 'NONE', #33, .T. ) ;
#4272 = DIRECTION ( 'NONE',  ( -0.000000000000000000, 1.000000000000000000, 3.524517538492560546E-15 ) ) ;
#4273 = ORIENTED_EDGE ( 'NONE', *, *, #4333, .T. ) ;
#4274 = ORIENTED_EDGE ( 'NONE', *, *, #2602, .F. ) ;
#4275 = CARTESIAN_POINT ( 'NONE',  ( 115.9999999999991047, 418.0000000000001705, 123.0000000000008100 ) ) ;
#4276 = DATE_TIME_ROLE ( 'classification_date' ) ;
#4277 = ORIENTED_EDGE ( 'NONE', *, *, #2480, .T. ) ;
#4278 = VECTOR ( 'NONE', #1520, 1000.000000000000000 ) ;
#4279 = EDGE_CURVE ( 'NONE', #1811, #1094, #4229, .T. ) ;
#4280 = EDGE_LOOP ( 'NONE', ( #2716, #2856, #1103, #3733 ) ) ;
#4281 = CIRCLE ( 'NONE', #3949, 1.699999999999979305 ) ;
#4282 = CARTESIAN_POINT ( 'NONE',  ( 67.00000000000002842, 30.00000000000000000, -3.999999999999538591 ) ) ;
#4283 = LINE ( 'NONE', #1133, #3737 ) ;
#4284 = DIRECTION ( 'NONE',  ( 0.000000000000000000, 0.000000000000000000, 1.000000000000000000 ) ) ;
#4285 = CARTESIAN_POINT ( 'NONE',  ( -119.9999999999999858, 327.9289321881350361, 211.0000000000000000 ) ) ;
#4286 = ORIENTED_EDGE ( 'NONE', *, *, #3756, .F. ) ;
#4287 = EDGE_LOOP ( 'NONE', ( #1505, #2793, #1038, #4593 ) ) ;
#4288 = AXIS2_PLACEMENT_3D ( 'NONE', #631, #4135, #2519 ) ;
#4289 = CIRCLE ( 'NONE', #3402, 1.699999999999979305 ) ;
#4290 = CARTESIAN_POINT ( 'NONE',  ( 115.9999999999991047, 418.0000000000001705, 125.9289321881352777 ) ) ;
#4291 = VECTOR ( 'NONE', #3290, 1000.000000000000000 ) ;
#4292 = FACE_OUTER_BOUND ( 'NONE', #1958, .T. ) ;
#4293 = AXIS2_PLACEMENT_3D ( 'NONE', #1172, #1193, #1214 ) ;
#4294 = FACE_OUTER_BOUND ( 'NONE', #3416, .T. ) ;
#4295 = EDGE_LOOP ( 'NONE', ( #3932, #3070 ) ) ;
#4296 = DIRECTION ( 'NONE',  ( -1.000000000000000000, -0.000000000000000000, 7.461176240760461390E-17 ) ) ;
#4297 = CARTESIAN_POINT ( 'NONE',  ( -29.99999999999999645, 495.5000000000000568, 130.0000000000005116 ) ) ;
#4298 = VECTOR ( 'NONE', #2803, 999.9999999999998863 ) ;
#4299 = CARTESIAN_POINT ( 'NONE',  ( 31.69999999999908979, 495.5000000000000568, 130.0000000000007105 ) ) ;
#4300 = ADVANCED_FACE ( 'NONE', ( #634 ), #4106, .T. ) ;
#4301 = ADVANCED_FACE ( 'NONE', ( #2165 ), #725, .F. ) ;
#4302 = VECTOR ( 'NONE', #2624, 1000.000000000000000 ) ;
#4303 = DIRECTION ( 'NONE',  ( 2.484433095295732247E-29, -1.000000000000000000, -3.524517538492560546E-15 ) ) ;
#4304 = CALENDAR_DATE ( 2026, 30, 6 ) ;
#4305 = CIRCLE ( 'NONE', #2208, 5.000000000000004441 ) ;
#4306 = ORIENTED_EDGE ( 'NONE', *, *, #1640, .T. ) ;
#4307 = ORIENTED_EDGE ( 'NONE', *, *, #1634, .T. ) ;
#4308 = AXIS2_PLACEMENT_3D ( 'NONE', #262, #2864, #2533 ) ;
#4309 = FACE_OUTER_BOUND ( 'NONE', #4116, .T. ) ;
#4310 = EDGE_CURVE ( 'NONE', #886, #481, #4822, .T. ) ;
#4311 = FACE_OUTER_BOUND ( 'NONE', #4598, .T. ) ;
#4312 = FACE_OUTER_BOUND ( 'NONE', #1500, .T. ) ;
#4313 = DIRECTION ( 'NONE',  ( 1.000000000000000000, 7.586974551799862254E-31, 6.908350915278662121E-15 ) ) ;
#4314 = EDGE_LOOP ( 'NONE', ( #4095, #378, #1385, #1551 ) ) ;
#4315 = ORIENTED_EDGE ( 'NONE', *, *, #328, .T. ) ;
#4316 = DIRECTION ( 'NONE',  ( -1.000000000000000000, -0.000000000000000000, 7.461176240760461390E-17 ) ) ;
#4317 = CARTESIAN_POINT ( 'NONE',  ( -65.30000000000003979, 30.00000000000000000, -3.999999999999996447 ) ) ;
#4318 = LINE ( 'NONE', #686, #50 ) ;
#4319 = EDGE_LOOP ( 'NONE', ( #1731, #250, #3210, #1676 ) ) ;
#4320 = DIRECTION ( 'NONE',  ( 1.000000000000000000, 7.586974551799862254E-31, 6.908350915278662121E-15 ) ) ;
#4321 = CONICAL_SURFACE ( 'NONE', #3839, 3.149999999999986144, 0.7853981633974507215 ) ;
#4322 = DIRECTION ( 'NONE',  ( 0.7071067811865489050, 5.364801154267442399E-31, -0.7071067811865460184 ) ) ;
#4323 = CARTESIAN_POINT ( 'NONE',  ( 118.5499999999989598, 353.3309524416879981, 147.7000000000008129 ) ) ;
#4324 = ORIENTED_EDGE ( 'NONE', *, *, #2366, .T. ) ;
#4325 = EDGE_CURVE ( 'NONE', #3648, #2693, #2522, .T. ) ;
#4326 = EDGE_CURVE ( 'NONE', #768, #4071, #4499, .T. ) ;
#4327 = CARTESIAN_POINT ( 'NONE',  ( 109.9999999999991331, 420.0000000000000568, 126.0000000000007816 ) ) ;
#4328 = APPROVAL_DATE_TIME ( #2790, #2945 ) ;
#4329 = EDGE_LOOP ( 'NONE', ( #2333, #3523, #4360, #249 ) ) ;
#4330 = EDGE_CURVE ( 'NONE', #3150, #4979, #4060, .T. ) ;
#4331 = VERTEX_POINT ( 'NONE', #1036 ) ;
#4332 = AXIS2_PLACEMENT_3D ( 'NONE', #1508, #3053, #1134 ) ;
#4333 = EDGE_CURVE ( 'NONE', #1360, #2238, #547, .T. ) ;
#4334 = DIRECTION ( 'NONE',  ( -0.000000000000000000, -0.000000000000000000, 1.000000000000000000 ) ) ;
#4335 = CARTESIAN_POINT ( 'NONE',  ( -119.9999999999999858, 30.00000000000002842, 126.1500000000000057 ) ) ;
#4336 = DIRECTION ( 'NONE',  ( -1.000000000000000000, -7.586974551799862254E-31, -6.908350915278662121E-15 ) ) ;
#4337 = PLANE ( 'NONE',  #1265 ) ;
#4338 = VERTEX_POINT ( 'NONE', #657 ) ;
#4339 = ORIENTED_EDGE ( 'NONE', *, *, #1803, .F. ) ;
#4340 = CARTESIAN_POINT ( 'NONE',  ( 115.9999999999997868, 920.0000000000000000, 30.00000000000079936 ) ) ;
#4341 = DIRECTION ( 'NONE',  ( 6.833739152871057532E-15, 2.592370252323553063E-45, -1.000000000000000000 ) ) ;
#4342 = DIRECTION ( 'NONE',  ( 1.000000000000000000, 7.586974551799862254E-31, 6.908350915278662121E-15 ) ) ;
#4343 = ORIENTED_EDGE ( 'NONE', *, *, #4325, .F. ) ;
#4344 = CIRCLE ( 'NONE', #3206, 1.699999999999979305 ) ;
#4345 = DIRECTION ( 'NONE',  ( -1.208454664231724740E-29, 1.000000000000000000, 3.524517538492560546E-15 ) ) ;
#4346 = DIRECTION ( 'NONE',  ( 0.000000000000000000, 0.000000000000000000, 1.000000000000000000 ) ) ;
#4347 = CYLINDRICAL_SURFACE ( 'NONE', #1980, 1.699999999999986189 ) ;
#4348 = ORIENTED_EDGE ( 'NONE', *, *, #1032, .T. ) ;
#4349 = LINE ( 'NONE', #1996, #367 ) ;
#4350 = PERSON_AND_ORGANIZATION_ROLE ( 'design_owner' ) ;
#4351 = VERTEX_POINT ( 'NONE', #4469 ) ;
#4352 = ORIENTED_EDGE ( 'NONE', *, *, #3010, .F. ) ;
#4353 = CARTESIAN_POINT ( 'NONE',  ( -94.99999999999998579, 880.0000000000000000, 126.0000000000002274 ) ) ;
#4354 = CARTESIAN_POINT ( 'NONE',  ( -28.30000000000000426, 495.5000000000000568, 128.5500000000004945 ) ) ;
#4355 = DESIGN_CONTEXT ( 'detailed design', #4198, 'design' ) ;
#4356 = DIRECTION ( 'NONE',  ( -8.163404592832132968E-15, 0.000000000000000000, 1.000000000000000000 ) ) ;
#4357 = CARTESIAN_POINT ( 'NONE',  ( 119.9999999999989626, 353.3309524416879981, 147.7000000000008413 ) ) ;
#4358 = ORIENTED_EDGE ( 'NONE', *, *, #1273, .T. ) ;
#4359 = EDGE_CURVE ( 'NONE', #2194, #957, #2721, .T. ) ;
#4360 = ORIENTED_EDGE ( 'NONE', *, *, #3341, .T. ) ;
#4361 = EDGE_CURVE ( 'NONE', #4465, #1054, #2957, .T. ) ;
#4362 = CIRCLE ( 'NONE', #251, 1.699999999999993072 ) ;
#4363 = CARTESIAN_POINT ( 'NONE',  ( -114.9999999999999716, 420.0000000000000568, 125.0000000000000000 ) ) ;
#4364 = LINE ( 'NONE', #3147, #4298 ) ;
#4365 = CARTESIAN_POINT ( 'NONE',  ( 115.9999999999991047, 420.0000000000001705, 123.0000000000008100 ) ) ;
#4366 = AXIS2_PLACEMENT_3D ( 'NONE', #3221, #500, #3599 ) ;
#4367 = EDGE_LOOP ( 'NONE', ( #1015, #4307 ) ) ;
#4368 = EDGE_LOOP ( 'NONE', ( #3927, #10, #3021, #956 ) ) ;
#4369 = AXIS2_PLACEMENT_3D ( 'NONE', #3132, #1081, #3748 ) ;
#4370 = DIRECTION ( 'NONE',  ( -7.586974551799862254E-31, 1.000000000000000000, -2.592370252323553063E-45 ) ) ;
#4371 = CARTESIAN_POINT ( 'NONE',  ( 29.99999999999992539, 925.0000000000004547, 6.700000000000542855 ) ) ;
#4372 = DIRECTION ( 'NONE',  ( -2.484433095295732247E-29, 1.000000000000000000, 3.524517538492560546E-15 ) ) ;
#4373 = VECTOR ( 'NONE', #4169, 1000.000000000000000 ) ;
#4374 = VECTOR ( 'NONE', #3689, 1000.000000000000000 ) ;
#4375 = AXIS2_PLACEMENT_3D ( 'NONE', #3507, #843, #2729 ) ;
#4376 = PLANE ( 'NONE',  #1241 ) ;
#4377 = EDGE_LOOP ( 'NONE', ( #4888, #55, #2087, #2812 ) ) ;
#4378 = ORIENTED_EDGE ( 'NONE', *, *, #314, .F. ) ;
#4379 = VECTOR ( 'NONE', #494, 1000.000000000000000 ) ;
#4380 = DIRECTION ( 'NONE',  ( 1.162162232679729349E-29, -1.000000000000000000, -3.380459036380617701E-15 ) ) ;
#4381 = AXIS2_PLACEMENT_3D ( 'NONE', #4666, #1181, #1913 ) ;
#4382 = LINE ( 'NONE', #4001, #2610 ) ;
#4383 = CARTESIAN_POINT ( 'NONE',  ( 118.5499999999995566, 30.00000000000000000, 63.00000000000081712 ) ) ;
#4384 = CARTESIAN_POINT ( 'NONE',  ( -29.99999999999998934, 921.0000000000001137, 88.30000000000045191 ) ) ;
#4385 = EDGE_LOOP ( 'NONE', ( #1387, #972, #2341, #4030 ) ) ;
#4386 = ORIENTED_EDGE ( 'NONE', *, *, #4422, .T. ) ;
#4387 = CONICAL_SURFACE ( 'NONE', #1967, 3.149999999999986144, 0.7853981633974482790 ) ;
#4388 = CARTESIAN_POINT ( 'NONE',  ( -115.9999999999999858, 30.00000000000002842, 121.3000000000000398 ) ) ;
#4389 = EDGE_CURVE ( 'NONE', #1788, #3137, #278, .T. ) ;
#4390 = EDGE_CURVE ( 'NONE', #1875, #345, #950, .T. ) ;
#4391 = EDGE_CURVE ( 'NONE', #3946, #3543, #4416, .T. ) ;
#4392 = DIRECTION ( 'NONE',  ( -1.000000000000000000, -0.000000000000000000, 7.461176240760461390E-17 ) ) ;
#4393 = CARTESIAN_POINT ( 'NONE',  ( 1.408809730988679845E-14, 420.0000000000001137, 130.0000000000004547 ) ) ;
#4394 = VERTEX_POINT ( 'NONE', #581 ) ;
#4395 = ORIENTED_EDGE ( 'NONE', *, *, #1579, .T. ) ;
#4396 = DIRECTION ( 'NONE',  ( -1.000000000000000000, -7.586974551799862254E-31, -6.908350915278662121E-15 ) ) ;
#4397 = EDGE_CURVE ( 'NONE', #454, #4394, #4736, .T. ) ;
#4398 = LINE ( 'NONE', #2473, #4373 ) ;
#4399 = CARTESIAN_POINT ( 'NONE',  ( -119.9999999999999574, 420.0000000000000568, 125.0000000000001421 ) ) ;
#4400 = AXIS2_PLACEMENT_3D ( 'NONE', #3530, #1679, #1313 ) ;
#4401 = DIRECTION ( 'NONE',  ( 6.122553444624250004E-15, 0.000000000000000000, -1.000000000000000000 ) ) ;
#4402 = ORIENTED_EDGE ( 'NONE', *, *, #1492, .T. ) ;
#4403 = CARTESIAN_POINT ( 'NONE',  ( -1.455317288642127598E-27, 925.0000000000004547, 4.019888724618647443E-13 ) ) ;
#4404 = ORIENTED_EDGE ( 'NONE', *, *, #2992, .T. ) ;
#4405 = ORIENTED_EDGE ( 'NONE', *, *, #4390, .F. ) ;
#4406 = DIRECTION ( 'NONE',  ( 7.586974551799862254E-31, -1.000000000000000000, 2.592370252323553063E-45 ) ) ;
#4407 = CARTESIAN_POINT ( 'NONE',  ( 29.99999999999993605, 925.0000000000004547, 5.000000000000607514 ) ) ;
#4408 = CARTESIAN_POINT ( 'NONE',  ( 119.9999999999987352, 30.00000000000000000, 183.0000000000008242 ) ) ;
#4409 = DIRECTION ( 'NONE',  ( 0.000000000000000000, 1.000000000000000000, 0.000000000000000000 ) ) ;
#4410 = ORIENTED_EDGE ( 'NONE', *, *, #4894, .T. ) ;
#4411 = ORIENTED_EDGE ( 'NONE', *, *, #3138, .T. ) ;
#4412 = CARTESIAN_POINT ( 'NONE',  ( 29.99999999999911893, 495.5000000000000568, 128.5500000000006935 ) ) ;
#4413 = AXIS2_PLACEMENT_3D ( 'NONE', #982, #3677, #2140 ) ;
#4414 = FACE_OUTER_BOUND ( 'NONE', #4749, .T. ) ;
#4415 = EDGE_CURVE ( 'NONE', #4891, #1757, #2886, .T. ) ;
#4416 = LINE ( 'NONE', #2113, #1586 ) ;
#4417 = VERTEX_POINT ( 'NONE', #2899 ) ;
#4418 = ORIENTED_EDGE ( 'NONE', *, *, #4389, .F. ) ;
#4419 = AXIS2_PLACEMENT_3D ( 'NONE', #604, #3267, #3619 ) ;
#4420 = CARTESIAN_POINT ( 'NONE',  ( -119.9999999999999858, 353.3309524416879981, 149.1500000000000057 ) ) ;
#4421 = LINE ( 'NONE', #4371, #2278 ) ;
#4422 = EDGE_CURVE ( 'NONE', #4417, #643, #2675, .T. ) ;
#4423 = CYLINDRICAL_SURFACE ( 'NONE', #1696, 1.699999999999937561 ) ;
#4424 = EDGE_LOOP ( 'NONE', ( #1527, #4996, #3200, #2040 ) ) ;
#4425 = EDGE_CURVE ( 'NONE', #977, #167, #3405, .T. ) ;
#4426 = ADVANCED_FACE ( 'NONE', ( #4596, #3455 ), #1091, .F. ) ;
#4427 = LINE ( 'NONE', #2094, #1896 ) ;
#4428 = ORIENTED_EDGE ( 'NONE', *, *, #534, .F. ) ;
#4429 = ORIENTED_EDGE ( 'NONE', *, *, #762, .T. ) ;
#4430 = CARTESIAN_POINT ( 'NONE',  ( -28.30000000000000782, 495.5000000000000568, 130.0000000000005116 ) ) ;
#4431 = AXIS2_PLACEMENT_3D ( 'NONE', #1236, #3931, #2781 ) ;
#4432 = DIRECTION ( 'NONE',  ( -1.000000000000000000, 0.000000000000000000, -8.811293846231401365E-15 ) ) ;
#4433 = DIRECTION ( 'NONE',  ( -1.000000000000000000, -0.000000000000000000, 7.461176240760461390E-17 ) ) ;
#4434 = DIRECTION ( 'NONE',  ( -1.000000000000000000, 0.000000000000000000, -5.551115123125777969E-15 ) ) ;
#4435 = ORIENTED_EDGE ( 'NONE', *, *, #2444, .F. ) ;
#4436 = ORIENTED_EDGE ( 'NONE', *, *, #2571, .F. ) ;
#4437 = DIRECTION ( 'NONE',  ( -0.000000000000000000, 1.000000000000000000, 3.524517538492560546E-15 ) ) ;
#4438 = DIRECTION ( 'NONE',  ( 0.000000000000000000, 0.000000000000000000, 1.000000000000000000 ) ) ;
#4439 = CARTESIAN_POINT ( 'NONE',  ( 84.99999999999936051, 925.0000000000003411, 30.00000000000067502 ) ) ;
#4440 = ORIENTED_EDGE ( 'NONE', *, *, #2762, .T. ) ;
#4441 = ORIENTED_EDGE ( 'NONE', *, *, #197, .F. ) ;
#4442 = FACE_OUTER_BOUND ( 'NONE', #4528, .T. ) ;
#4443 = VECTOR ( 'NONE', #4554, 1000.000000000000000 ) ;
#4444 = FACE_OUTER_BOUND ( 'NONE', #3674, .T. ) ;
#4445 = LINE ( 'NONE', #234, #4448 ) ;
#4446 = ORIENTED_EDGE ( 'NONE', *, *, #154, .T. ) ;
#4447 = CONICAL_SURFACE ( 'NONE', #3231, 3.149999999999986144, 0.7853981633974507215 ) ;
#4448 = VECTOR ( 'NONE', #943, 1000.000000000000000 ) ;
#4449 = CYLINDRICAL_SURFACE ( 'NONE', #3554, 1.699999999999979305 ) ;
#4450 = CIRCLE ( 'NONE', #4941, 0.9999999999999731326 ) ;
#4451 = ADVANCED_FACE ( 'NONE', ( #4164 ), #16, .F. ) ;
#4452 = AXIS2_PLACEMENT_3D ( 'NONE', #2816, #834, #2460 ) ;
#4453 = ADVANCED_FACE ( 'NONE', ( #740 ), #4186, .F. ) ;
#4454 = DIRECTION ( 'NONE',  ( 0.000000000000000000, 0.000000000000000000, 1.000000000000000000 ) ) ;
#4455 = CIRCLE ( 'NONE', #1072, 1.699999999999937561 ) ;
#4456 = ORIENTED_EDGE ( 'NONE', *, *, #4201, .T. ) ;
#4457 = ORIENTED_EDGE ( 'NONE', *, *, #4269, .T. ) ;
#4458 = CONICAL_SURFACE ( 'NONE', #97, 3.149999999999986144, 0.7853981633974482790 ) ;
#4459 = CARTESIAN_POINT ( 'NONE',  ( -119.9999999999999858, 30.00000000000002842, 123.0000000000000142 ) ) ;
#4460 = DIRECTION ( 'NONE',  ( 0.000000000000000000, 0.000000000000000000, 1.000000000000000000 ) ) ;
#4461 = DIRECTION ( 'NONE',  ( -2.484433095295732247E-29, 1.000000000000000000, 3.524517538492560546E-15 ) ) ;
#4462 = FACE_OUTER_BOUND ( 'NONE', #4775, .T. ) ;
#4463 = AXIS2_PLACEMENT_3D ( 'NONE', #4547, #2956, #656 ) ;
#4464 = EDGE_LOOP ( 'NONE', ( #2628, #984, #1070, #1045 ) ) ;
#4465 = VERTEX_POINT ( 'NONE', #766 ) ;
#4466 = AXIS2_PLACEMENT_3D ( 'NONE', #4976, #4237, #1507 ) ;
#4467 = LINE ( 'NONE', #1437, #2426 ) ;
#4468 = FACE_OUTER_BOUND ( 'NONE', #4262, .T. ) ;
#4469 = CARTESIAN_POINT ( 'NONE',  ( 115.9999999999991189, 920.0000000000000000, 125.0000000000008100 ) ) ;
#4470 = ORIENTED_EDGE ( 'NONE', *, *, #2292, .T. ) ;
#4471 = ORIENTED_EDGE ( 'NONE', *, *, #421, .F. ) ;
#4472 = VECTOR ( 'NONE', #902, 1000.000000000000000 ) ;
#4473 = LINE ( 'NONE', #1765, #80 ) ;
#4474 = CONICAL_SURFACE ( 'NONE', #3024, 3.149999999999986144, 0.7853981633974482790 ) ;
#4475 = CARTESIAN_POINT ( 'NONE',  ( -29.99999999999998934, 923.5500000000000682, 111.7000000000004007 ) ) ;
#4476 = DIRECTION ( 'NONE',  ( 0.000000000000000000, 0.000000000000000000, -1.000000000000000000 ) ) ;
#4477 = ORIENTED_EDGE ( 'NONE', *, *, #1271, .F. ) ;
#4478 = FACE_BOUND ( 'NONE', #2708, .T. ) ;
#4479 = FACE_OUTER_BOUND ( 'NONE', #4826, .T. ) ;
#4480 = ORIENTED_EDGE ( 'NONE', *, *, #1770, .T. ) ;
#4481 = ORIENTED_EDGE ( 'NONE', *, *, #3892, .T. ) ;
#4482 = ADVANCED_FACE ( 'NONE', ( #2264 ), #390, .F. ) ;
#4483 = DIRECTION ( 'NONE',  ( 1.000000000000000000, 7.586974551799862254E-31, 6.908350915278662121E-15 ) ) ;
#4484 = PLANE ( 'NONE',  #3422 ) ;
#4485 = EDGE_CURVE ( 'NONE', #1922, #1201, #4008, .T. ) ;
#4486 = CARTESIAN_POINT ( 'NONE',  ( -29.99999999999998934, 925.0000000000001137, 113.1500000000003894 ) ) ;
#4487 = FACE_OUTER_BOUND ( 'NONE', #4004, .T. ) ;
#4488 = EDGE_LOOP ( 'NONE', ( #3827, #459, #1147, #2384 ) ) ;
#4489 = ORIENTED_EDGE ( 'NONE', *, *, #2879, .F. ) ;
#4490 = ADVANCED_FACE ( 'NONE', ( #3474 ), #4548, .F. ) ;
#4491 = EDGE_CURVE ( 'NONE', #2214, #497, #3600, .T. ) ;
#4492 = CARTESIAN_POINT ( 'NONE',  ( 86.00000000000002842, 6.524798114547883465E-29, -3.999999999999398259 ) ) ;
#4493 = EDGE_CURVE ( 'NONE', #807, #3516, #4573, .T. ) ;
#4494 = DIRECTION ( 'NONE',  ( 1.000000000000000000, 0.000000000000000000, -7.461176240760461390E-17 ) ) ;
#4495 = DIRECTION ( 'NONE',  ( 1.000000000000000000, 0.000000000000000000, -7.461176240760461390E-17 ) ) ;
#4496 = CARTESIAN_POINT ( 'NONE',  ( -119.9999999999999858, 420.0000000000001705, 123.0000000000000284 ) ) ;
#4497 = ORIENTED_EDGE ( 'NONE', *, *, #537, .T. ) ;
#4498 = ORIENTED_EDGE ( 'NONE', *, *, #1998, .T. ) ;
#4499 = CIRCLE ( 'NONE', #2966, 1.000000000000000888 ) ;
#4500 = LINE ( 'NONE', #4168, #3313 ) ;
#4501 = DIRECTION ( 'NONE',  ( -1.000000000000000000, -0.000000000000000000, 7.461176240760461390E-17 ) ) ;
#4502 = CARTESIAN_POINT ( 'NONE',  ( -120.0000000000000000, 0.000000000000000000, 30.00000000000000711 ) ) ;
#4503 = ORIENTED_EDGE ( 'NONE', *, *, #1363, .T. ) ;
#4504 = LINE ( 'NONE', #1472, #175 ) ;
#4505 = SECURITY_CLASSIFICATION ( '', '', #516 ) ;
#4506 = CARTESIAN_POINT ( 'NONE',  ( -119.9999999999999858, 418.0000000000001705, 125.9289321881344677 ) ) ;
#4507 = VERTEX_POINT ( 'NONE', #4620 ) ;
#4508 = ORIENTED_EDGE ( 'NONE', *, *, #412, .T. ) ;
#4509 = EDGE_CURVE ( 'NONE', #3301, #878, #800, .T. ) ;
#4510 = CARTESIAN_POINT ( 'NONE',  ( -115.9999999999999574, 420.0000000000000568, 125.0000000000000284 ) ) ;
#4511 = FACE_BOUND ( 'NONE', #3136, .T. ) ;
#4512 = DIRECTION ( 'NONE',  ( -8.811293846231439230E-15, 0.000000000000000000, 1.000000000000000000 ) ) ;
#4513 = CYLINDRICAL_SURFACE ( 'NONE', #3262, 1.699999999999937561 ) ;
#4514 = VERTEX_POINT ( 'NONE', #4644 ) ;
#4515 = ORIENTED_EDGE ( 'NONE', *, *, #4931, .T. ) ;
#4516 = CC_DESIGN_PERSON_AND_ORGANIZATION_ASSIGNMENT ( #3514, #4682, ( #1828 ) ) ;
#4517 = DIRECTION ( 'NONE',  ( -6.833739152871057532E-15, -2.592370252323553063E-45, 1.000000000000000000 ) ) ;
#4518 = CARTESIAN_POINT ( 'NONE',  ( -114.9999999999999716, 925.0000000000000000, 125.0000000000000284 ) ) ;
#4519 = CARTESIAN_POINT ( 'NONE',  ( -115.9999999999999858, 0.000000000000000000, 30.00000000000000711 ) ) ;
#4520 = EDGE_CURVE ( 'NONE', #1347, #2492, #4259, .T. ) ;
#4521 = CARTESIAN_POINT ( 'NONE',  ( -67.00000000000000000, 30.00000000000000000, -2.549999999999962075 ) ) ;
#4522 = EDGE_CURVE ( 'NONE', #560, #1739, #1162, .T. ) ;
#4523 = VERTEX_POINT ( 'NONE', #2650 ) ;
#4524 = ORIENTED_EDGE ( 'NONE', *, *, #2822, .F. ) ;
#4525 = AXIS2_PLACEMENT_3D ( 'NONE', #452, #4668, #3434 ) ;
#4526 = CARTESIAN_POINT ( 'NONE',  ( 119.9999999999997868, 9.104369462159827278E-29, 30.00000000000082778 ) ) ;
#4527 = CARTESIAN_POINT ( 'NONE',  ( 29.99999999999922551, 925.0000000000001137, 111.7000000000005429 ) ) ;
#4528 = EDGE_LOOP ( 'NONE', ( #1977, #3760, #1256, #1250 ) ) ;
#4529 = CIRCLE ( 'NONE', #3072, 3.149999999999986144 ) ;
#4530 = FACE_OUTER_BOUND ( 'NONE', #4923, .T. ) ;
#4531 = CARTESIAN_POINT ( 'NONE',  ( -119.9999999999999858, 30.00000000000000000, 179.8500000000000227 ) ) ;
#4532 = VECTOR ( 'NONE', #1381, 1000.000000000000114 ) ;
#4533 = ORIENTED_EDGE ( 'NONE', *, *, #2011, .T. ) ;
#4534 = AXIS2_PLACEMENT_3D ( 'NONE', #4861, #3742, #1769 ) ;
#4535 = DIRECTION ( 'NONE',  ( 0.000000000000000000, 0.000000000000000000, 1.000000000000000000 ) ) ;
#4536 = AXIS2_PLACEMENT_3D ( 'NONE', #963, #3628, #3605 ) ;
#4537 = CARTESIAN_POINT ( 'NONE',  ( 48.00000000000000000, 3.641747784863933602E-29, 3.285093380574697021E-13 ) ) ;
#4538 = DIRECTION ( 'NONE',  ( 0.000000000000000000, 0.000000000000000000, 1.000000000000000000 ) ) ;
#4539 = CARTESIAN_POINT ( 'NONE',  ( 118.5499999999987182, 300.0000000000000000, 184.7000000000007844 ) ) ;
#4540 = DIRECTION ( 'NONE',  ( 6.833739152871057532E-15, 2.592370252323553063E-45, -1.000000000000000000 ) ) ;
#4541 = ORIENTED_EDGE ( 'NONE', *, *, #584, .F. ) ;
#4542 = EDGE_CURVE ( 'NONE', #839, #1206, #2698, .T. ) ;
#4543 = ORIENTED_EDGE ( 'NONE', *, *, #3492, .T. ) ;
#4544 = AXIS2_PLACEMENT_3D ( 'NONE', #3606, #2090, #2046 ) ;
#4545 = CYLINDRICAL_SURFACE ( 'NONE', #582, 1.699999999999979305 ) ;
#4546 = CIRCLE ( 'NONE', #3090, 30.00000000000000000 ) ;
#4547 = CARTESIAN_POINT ( 'NONE',  ( 85.99999999999980105, 920.0000000000000000, 30.00000000000058975 ) ) ;
#4548 = PLANE ( 'NONE',  #1838 ) ;
#4549 = DIRECTION ( 'NONE',  ( -8.811293846231439230E-15, 0.000000000000000000, 1.000000000000000000 ) ) ;
#4550 = ORIENTED_EDGE ( 'NONE', *, *, #880, .F. ) ;
#4551 = EDGE_LOOP ( 'NONE', ( #4042, #701, #1867, #3476 ) ) ;
#4552 = VECTOR ( 'NONE', #3569, 1000.000000000000000 ) ;
#4553 = EDGE_CURVE ( 'NONE', #637, #345, #790, .T. ) ;
#4554 = DIRECTION ( 'NONE',  ( -1.000000000000000000, -0.000000000000000000, 7.461176240760461390E-17 ) ) ;
#4555 = DIRECTION ( 'NONE',  ( -0.000000000000000000, -1.000000000000000000, -0.000000000000000000 ) ) ;
#4556 = AXIS2_PLACEMENT_3D ( 'NONE', #4993, #1855, #1477 ) ;
#4557 = ORIENTED_EDGE ( 'NONE', *, *, #4857, .F. ) ;
#4558 = ADVANCED_FACE ( 'NONE', ( #3853 ), #2719, .F. ) ;
#4559 = VECTOR ( 'NONE', #1047, 1000.000000000000000 ) ;
#4560 = EDGE_CURVE ( 'NONE', #1337, #3580, #716, .T. ) ;
#4561 = DIRECTION ( 'NONE',  ( 6.833739152871057532E-15, 2.592370252323553063E-45, -1.000000000000000000 ) ) ;
#4562 = DIRECTION ( 'NONE',  ( 7.586974551799862254E-31, -1.000000000000000000, 2.592370252323553063E-45 ) ) ;
#4563 = ORIENTED_EDGE ( 'NONE', *, *, #855, .F. ) ;
#4564 = DIRECTION ( 'NONE',  ( -1.000000000000000000, -0.000000000000000000, 7.461176240760461390E-17 ) ) ;
#4565 = CARTESIAN_POINT ( 'NONE',  ( -116.0000000000000568, 327.9289321881350361, 211.0000000000000000 ) ) ;
#4566 = AXIS2_PLACEMENT_3D ( 'NONE', #4130, #3376, #4540 ) ;
#4567 = DIRECTION ( 'NONE',  ( -1.000000000000000000, -0.000000000000000000, 7.461176240760461390E-17 ) ) ;
#4568 = CARTESIAN_POINT ( 'NONE',  ( -118.5499999999999829, 300.0000000000000000, 54.00000000000002132 ) ) ;
#4569 = ORIENTED_EDGE ( 'NONE', *, *, #3771, .F. ) ;
#4570 = EDGE_LOOP ( 'NONE', ( #2221, #4729, #2896, #4602 ) ) ;
#4571 = DIRECTION ( 'NONE',  ( 0.000000000000000000, 0.000000000000000000, 1.000000000000000000 ) ) ;
#4572 = CARTESIAN_POINT ( 'NONE',  ( 29.99999999999910827, 495.5000000000000568, 130.0000000000007105 ) ) ;
#4573 = LINE ( 'NONE', #1532, #464 ) ;
#4574 = DIRECTION ( 'NONE',  ( 0.000000000000000000, 0.000000000000000000, 1.000000000000000000 ) ) ;
#4575 = ORIENTED_EDGE ( 'NONE', *, *, #1720, .T. ) ;
#4576 = ORIENTED_EDGE ( 'NONE', *, *, #1518, .T. ) ;
#4577 = DIRECTION ( 'NONE',  ( -6.833739152871057532E-15, -2.592370252323553063E-45, 1.000000000000000000 ) ) ;
#4578 = CARTESIAN_POINT ( 'NONE',  ( 94.99999999999916156, 875.0000000000000000, 120.0000000000011653 ) ) ;
#4579 = ORIENTED_EDGE ( 'NONE', *, *, #567, .T. ) ;
#4580 = AXIS2_PLACEMENT_3D ( 'NONE', #2411, #523, #1983 ) ;
#4581 = DIRECTION ( 'NONE',  ( -0.7071067811865457964, 0.000000000000000000, 0.7071067811865492381 ) ) ;
#4582 = AXIS2_PLACEMENT_3D ( 'NONE', #115, #139, #3169 ) ;
#4583 = AXIS2_PLACEMENT_3D ( 'NONE', #2541, #4075, #627 ) ;
#4584 = DIRECTION ( 'NONE',  ( -6.608470384673551024E-15, 0.000000000000000000, 1.000000000000000000 ) ) ;
#4585 = EDGE_CURVE ( 'NONE', #2407, #3504, #1650, .T. ) ;
#4586 = EDGE_CURVE ( 'NONE', #1201, #1922, #3366, .T. ) ;
#4587 = ORIENTED_EDGE ( 'NONE', *, *, #1298, .F. ) ;
#4588 = AXIS2_PLACEMENT_3D ( 'NONE', #4636, #3068, #757 ) ;
#4589 = FACE_OUTER_BOUND ( 'NONE', #4974, .T. ) ;
#4590 = CARTESIAN_POINT ( 'NONE',  ( 115.9999999999987210, 30.00000000000000000, 184.7000000000007844 ) ) ;
#4591 = DIRECTION ( 'NONE',  ( -1.000000000000000000, -0.000000000000000000, 7.461176240760461390E-17 ) ) ;
#4592 = VERTEX_POINT ( 'NONE', #2002 ) ;
#4593 = ORIENTED_EDGE ( 'NONE', *, *, #1273, .F. ) ;
#4594 = CYLINDRICAL_SURFACE ( 'NONE', #1388, 33.99999999999998579 ) ;
#4595 = CARTESIAN_POINT ( 'NONE',  ( 68.70000000000000284, 30.00000000000000000, -2.549999999999492228 ) ) ;
#4596 = FACE_OUTER_BOUND ( 'NONE', #4916, .T. ) ;
#4597 = CARTESIAN_POINT ( 'NONE',  ( 29.99999999999936406, 921.0000000000001137, 91.70000000000052864 ) ) ;
#4598 = EDGE_LOOP ( 'NONE', ( #4192, #3322, #3940, #338 ) ) ;
#4599 = EDGE_LOOP ( 'NONE', ( #1495, #2963, #4934, #3840 ) ) ;
#4600 = DIRECTION ( 'NONE',  ( 1.000000000000000000, 0.000000000000000000, 0.000000000000000000 ) ) ;
#4601 = LINE ( 'NONE', #387, #764 ) ;
#4602 = ORIENTED_EDGE ( 'NONE', *, *, #1078, .F. ) ;
#4603 = PLANE ( 'NONE',  #3810 ) ;
#4604 = DIRECTION ( 'NONE',  ( -1.223825039997368740E-29, 1.000000000000000000, 3.380459036380617701E-15 ) ) ;
#4605 = ORIENTED_EDGE ( 'NONE', *, *, #2039, .F. ) ;
#4606 = VECTOR ( 'NONE', #4219, 1000.000000000000000 ) ;
#4607 = ADVANCED_FACE ( 'NONE', ( #4312 ), #4658, .F. ) ;
#4608 = ADVANCED_FACE ( 'NONE', ( #4688 ), #862, .F. ) ;
#4609 = AXIS2_PLACEMENT_3D ( 'NONE', #3903, #3854, #1558 ) ;
#4610 = CIRCLE ( 'NONE', #2188, 5.000000000000004441 ) ;
#4611 = CARTESIAN_POINT ( 'NONE',  ( -114.9999999999997158, 921.0000000000000000, 125.0000000000000000 ) ) ;
#4612 = CARTESIAN_POINT ( 'NONE',  ( -119.9999999999999858, 420.0000000000000568, 126.0000000000000284 ) ) ;
#4613 = CYLINDRICAL_SURFACE ( 'NONE', #3826, 4.999999999999976907 ) ;
#4614 = ORIENTED_EDGE ( 'NONE', *, *, #4857, .T. ) ;
#4615 = EDGE_LOOP ( 'NONE', ( #2151, #595 ) ) ;
#4616 = CIRCLE ( 'NONE', #1306, 33.99999999999998579 ) ;
#4617 = ADVANCED_FACE ( 'NONE', ( #2743 ), #1228, .F. ) ;
#4618 = DIRECTION ( 'NONE',  ( 0.000000000000000000, 0.000000000000000000, 1.000000000000000000 ) ) ;
#4619 = FACE_OUTER_BOUND ( 'NONE', #2431, .T. ) ;
#4620 = CARTESIAN_POINT ( 'NONE',  ( 115.9999999999995737, 30.00000000000000000, 61.30000000000082849 ) ) ;
#4621 = CARTESIAN_POINT ( 'NONE',  ( -70.15000000000000568, 30.00000000000000000, -3.999999999999996447 ) ) ;
#4622 = ORIENTED_EDGE ( 'NONE', *, *, #3184, .T. ) ;
#4623 = AXIS2_PLACEMENT_3D ( 'NONE', #3387, #311, #1445 ) ;
#4624 = EDGE_LOOP ( 'NONE', ( #2477, #2668, #3832, #4102, #327, #2303 ) ) ;
#4625 = AXIS2_PLACEMENT_3D ( 'NONE', #731, #4943, #1476 ) ;
#4626 = DIRECTION ( 'NONE',  ( -7.461176240760461390E-17, 0.000000000000000000, -1.000000000000000000 ) ) ;
#4627 = CARTESIAN_POINT ( 'NONE',  ( 29.99999999999923617, 925.0000000000001137, 110.0000000000006111 ) ) ;
#4628 = ORIENTED_EDGE ( 'NONE', *, *, #1183, .F. ) ;
#4629 = APPLICATION_CONTEXT ( 'configuration controlled 3d designs of mechanical parts and assemblies' ) ;
#4630 = CARTESIAN_POINT ( 'NONE',  ( 94.99999999999910472, 576.0000000000001137, 130.0000000000007390 ) ) ;
#4631 = AXIS2_PLACEMENT_3D ( 'NONE', #3676, #2569, #612 ) ;
#4632 = LINE ( 'NONE', #1851, #2834 ) ;
#4633 = ORIENTED_EDGE ( 'NONE', *, *, #1665, .F. ) ;
#4634 = CIRCLE ( 'NONE', #4063, 1.699999999999993072 ) ;
#4635 = CYLINDRICAL_SURFACE ( 'NONE', #2045, 5.000000000000004441 ) ;
#4636 = CARTESIAN_POINT ( 'NONE',  ( 115.9999999999987352, 30.00000000000000000, 183.0000000000007958 ) ) ;
#4637 = ORIENTED_EDGE ( 'NONE', *, *, #4674, .T. ) ;
#4638 = ORIENTED_EDGE ( 'NONE', *, *, #1899, .F. ) ;
#4639 = EDGE_CURVE ( 'NONE', #3656, #388, #3217, .T. ) ;
#4640 = VECTOR ( 'NONE', #243, 1000.000000000000000 ) ;
#4641 = EDGE_CURVE ( 'NONE', #518, #2759, #4739, .T. ) ;
#4642 = DIRECTION ( 'NONE',  ( 0.000000000000000000, -0.000000000000000000, 1.000000000000000000 ) ) ;
#4643 = DIRECTION ( 'NONE',  ( -1.000000000000000000, -7.586974551799862254E-31, -6.833739152871057532E-15 ) ) ;
#4644 = CARTESIAN_POINT ( 'NONE',  ( -29.99999999999998934, 923.5500000000000682, 91.70000000000038654 ) ) ;
#4645 = FACE_BOUND ( 'NONE', #4154, .T. ) ;
#4646 = ORIENTED_EDGE ( 'NONE', *, *, #284, .T. ) ;
#4647 = EDGE_CURVE ( 'NONE', #352, #1062, #2029, .T. ) ;
#4648 = ORIENTED_EDGE ( 'NONE', *, *, #2261, .T. ) ;
#4649 = ADVANCED_FACE ( 'NONE', ( #3541 ), #1204, .F. ) ;
#4650 = DIRECTION ( 'NONE',  ( -1.000000000000000000, -7.586974551799862254E-31, -6.908350915278662121E-15 ) ) ;
#4651 = CONICAL_SURFACE ( 'NONE', #2306, 3.149999999999986144, 0.7853981633974482790 ) ;
#4652 = DIRECTION ( 'NONE',  ( 1.000000000000000000, 0.000000000000000000, 5.551115123125777969E-15 ) ) ;
#4653 = ORIENTED_EDGE ( 'NONE', *, *, #4542, .F. ) ;
#4654 = CARTESIAN_POINT ( 'NONE',  ( 29.99999999999935341, 925.0000000000001137, 93.15000000000060254 ) ) ;
#4655 = CARTESIAN_POINT ( 'NONE',  ( -118.5499999999999687, 353.3309524416879981, 144.3000000000000398 ) ) ;
#4656 = CARTESIAN_POINT ( 'NONE',  ( 119.9999999999997868, 920.0000000000000000, 30.00000000000082778 ) ) ;
#4657 = VERTEX_POINT ( 'NONE', #1623 ) ;
#4658 = CONICAL_SURFACE ( 'NONE', #2802, 3.149999999999999911, 0.7853981633974305154 ) ;
#4659 = CARTESIAN_POINT ( 'NONE',  ( -118.5499999999999687, 30.00000000000000000, 181.3000000000000114 ) ) ;
#4660 = APPROVAL_STATUS ( 'not_yet_approved' ) ;
#4661 = ORIENTED_EDGE ( 'NONE', *, *, #4813, .T. ) ;
#4662 = EDGE_LOOP ( 'NONE', ( #4109, #288, #659, #3785 ) ) ;
#4663 = CARTESIAN_POINT ( 'NONE',  ( -114.9999999999999716, 920.0000000000000000, 125.0000000000002274 ) ) ;
#4664 = CIRCLE ( 'NONE', #2731, 29.99999999999999289 ) ;
#4665 = PRODUCT_DEFINITION_FORMATION_WITH_SPECIFIED_SOURCE ( '�', '', #294, .NOT_KNOWN. ) ;
#4666 = CARTESIAN_POINT ( 'NONE',  ( -29.99999999999998934, 925.0000000000001137, 90.00000000000039790 ) ) ;
#4667 = DIRECTION ( 'NONE',  ( 0.000000000000000000, 0.000000000000000000, 1.000000000000000000 ) ) ;
#4668 = DIRECTION ( 'NONE',  ( -7.586974551799862254E-31, 1.000000000000000000, -2.592370252323553063E-45 ) ) ;
#4669 = ORIENTED_EDGE ( 'NONE', *, *, #144, .F. ) ;
#4670 = ORIENTED_EDGE ( 'NONE', *, *, #2854, .T. ) ;
#4671 = CC_DESIGN_PERSON_AND_ORGANIZATION_ASSIGNMENT ( #2430, #1668, ( #4505 ) ) ;
#4672 = CARTESIAN_POINT ( 'NONE',  ( 94.99999999999913314, 880.0000000000000000, 126.0000000000006963 ) ) ;
#4673 = ADVANCED_FACE ( 'NONE', ( #138 ), #2797, .F. ) ;
#4674 = EDGE_CURVE ( 'NONE', #3477, #167, #1264, .T. ) ;
#4675 = CARTESIAN_POINT ( 'NONE',  ( 114.9999999999991189, 920.0000000000000000, 126.0000000000007816 ) ) ;
#4676 = ORIENTED_EDGE ( 'NONE', *, *, #4639, .T. ) ;
#4677 = CARTESIAN_POINT ( 'NONE',  ( -31.69999999999997797, 495.5000000000000568, 126.0000000000003411 ) ) ;
#4678 = CARTESIAN_POINT ( 'NONE',  ( 115.9999999999995595, 30.00000000000000000, 63.00000000000080291 ) ) ;
#4679 = DIRECTION ( 'NONE',  ( -1.162162232679729349E-29, 1.000000000000000000, 3.380459036380617701E-15 ) ) ;
#4680 = VERTEX_POINT ( 'NONE', #883 ) ;
#4681 = CARTESIAN_POINT ( 'NONE',  ( 29.99999999999925748, 925.0000000000001137, 106.8500000000005912 ) ) ;
#4682 = PERSON_AND_ORGANIZATION_ROLE ( 'creator' ) ;
#4683 = VERTEX_POINT ( 'NONE', #2462 ) ;
#4684 = ORIENTED_EDGE ( 'NONE', *, *, #4560, .F. ) ;
#4685 = CIRCLE ( 'NONE', #341, 4.999999999999976907 ) ;
#4686 = CARTESIAN_POINT ( 'NONE',  ( -115.9999999999999716, 920.0000000000000000, 125.0000000000000000 ) ) ;
#4687 = CARTESIAN_POINT ( 'NONE',  ( -99.99999999999998579, 576.0000000000001137, 130.0000000000005116 ) ) ;
#4688 = FACE_OUTER_BOUND ( 'NONE', #4183, .T. ) ;
#4689 = PLANE ( 'NONE',  #4525 ) ;
#4690 = ORIENTED_EDGE ( 'NONE', *, *, #98, .T. ) ;
#4691 = VERTEX_POINT ( 'NONE', #1673 ) ;
#4692 = CIRCLE ( 'NONE', #2509, 1.699999999999993072 ) ;
#4693 = DIRECTION ( 'NONE',  ( 0.000000000000000000, -0.000000000000000000, 1.000000000000000000 ) ) ;
#4694 = AXIS2_PLACEMENT_3D ( 'NONE', #1981, #860, #1299 ) ;
#4695 = LINE ( 'NONE', #2009, #4783 ) ;
#4696 = VECTOR ( 'NONE', #4581, 1000.000000000000000 ) ;
#4697 = PLANE ( 'NONE',  #4431 ) ;
#4698 = ORIENTED_EDGE ( 'NONE', *, *, #4984, .T. ) ;
#4699 = CIRCLE ( 'NONE', #354, 1.699999999999979305 ) ;
#4700 = EDGE_CURVE ( 'NONE', #899, #643, #3570, .T. ) ;
#4701 = CARTESIAN_POINT ( 'NONE',  ( 48.00000000000000000, 3.641747784863933602E-29, 3.285093380574697021E-13 ) ) ;
#4702 = CYLINDRICAL_SURFACE ( 'NONE', #3084, 1.699999999999979305 ) ;
#4703 = ADVANCED_FACE ( 'NONE', ( #451 ), #1278, .F. ) ;
#4704 = CONICAL_SURFACE ( 'NONE', #2845, 3.149999999999999911, 0.7853981633974305154 ) ;
#4705 = CARTESIAN_POINT ( 'NONE',  ( 119.9999999999990905, 420.0000000000000568, 125.0000000000009663 ) ) ;
#4706 = ORIENTED_EDGE ( 'NONE', *, *, #3014, .T. ) ;
#4707 = ADVANCED_FACE ( 'NONE', ( #903 ), #2241, .F. ) ;
#4708 = AXIS2_PLACEMENT_3D ( 'NONE', #3500, #4258, #3404 ) ;
#4709 = ADVANCED_FACE ( 'NONE', ( #59 ), #552, .F. ) ;
#4710 = CARTESIAN_POINT ( 'NONE',  ( 84.99999999999944578, 921.0000000000004547, 6.616100042240584280E-13 ) ) ;
#4711 = COORDINATED_UNIVERSAL_TIME_OFFSET ( 8, 0, .AHEAD. ) ;
#4712 = VECTOR ( 'NONE', #3794, 1000.000000000000000 ) ;
#4713 = ORIENTED_EDGE ( 'NONE', *, *, #2323, .T. ) ;
#4714 = EDGE_LOOP ( 'NONE', ( #2777, #2062, #1295, #4140 ) ) ;
#4715 = CIRCLE ( 'NONE', #1095, 33.99999999999998579 ) ;
#4716 = CARTESIAN_POINT ( 'NONE',  ( -48.00000000000000000, 0.000000000000000000, -3.999999999999999112 ) ) ;
#4717 = DIRECTION ( 'NONE',  ( 1.000000000000000000, 0.000000000000000000, -7.841021663933336259E-17 ) ) ;
#4718 = DIRECTION ( 'NONE',  ( -0.000000000000000000, 1.000000000000000000, 3.524517538492560546E-15 ) ) ;
#4719 = DIRECTION ( 'NONE',  ( 0.000000000000000000, 0.000000000000000000, -1.000000000000000000 ) ) ;
#4720 = VERTEX_POINT ( 'NONE', #2972 ) ;
#4721 = ORIENTED_EDGE ( 'NONE', *, *, #284, .F. ) ;
#4722 = CARTESIAN_POINT ( 'NONE',  ( -120.0000000000000000, 300.0000000000000000, 50.85000000000003695 ) ) ;
#4723 = DIRECTION ( 'NONE',  ( -6.908350915278662910E-15, -2.648978006588696743E-45, 1.000000000000000000 ) ) ;
#4724 = DIRECTION ( 'NONE',  ( -0.000000000000000000, -1.000000000000000000, -0.000000000000000000 ) ) ;
#4725 = ORIENTED_EDGE ( 'NONE', *, *, #1720, .F. ) ;
#4726 = PLANE ( 'NONE',  #2026 ) ;
#4727 = DIRECTION ( 'NONE',  ( -0.000000000000000000, 1.000000000000000000, 3.524517538492560546E-15 ) ) ;
#4728 = CARTESIAN_POINT ( 'NONE',  ( 119.9999999999995595, 30.00000000000000000, 63.00000000000083134 ) ) ;
#4729 = ORIENTED_EDGE ( 'NONE', *, *, #447, .F. ) ;
#4730 = EDGE_CURVE ( 'NONE', #4683, #3579, #953, .T. ) ;
#4731 = EDGE_CURVE ( 'NONE', #3047, #2288, #1438, .T. ) ;
#4732 = CARTESIAN_POINT ( 'NONE',  ( 114.9999999999990905, 920.0000000000000000, 130.0000000000007674 ) ) ;
#4733 = ORIENTED_EDGE ( 'NONE', *, *, #323, .F. ) ;
#4734 = ORIENTED_EDGE ( 'NONE', *, *, #4700, .F. ) ;
#4735 = AXIS2_PLACEMENT_3D ( 'NONE', #1060, #1817, #4549 ) ;
#4736 = CIRCLE ( 'NONE', #1031, 1.699999999999937561 ) ;
#4737 = LINE ( 'NONE', #4716, #3880 ) ;
#4738 = CARTESIAN_POINT ( 'NONE',  ( -99.99999999999998579, 875.0000000000000000, 130.0000000000005116 ) ) ;
#4739 = LINE ( 'NONE', #4763, #3447 ) ;
#4740 = DIRECTION ( 'NONE',  ( -2.484433095295732247E-29, 1.000000000000000000, 3.524517538492560546E-15 ) ) ;
#4741 = ADVANCED_FACE ( 'NONE', ( #1430 ), #1753, .F. ) ;
#4742 =( GEOMETRIC_REPRESENTATION_CONTEXT ( 3 ) GLOBAL_UNCERTAINTY_ASSIGNED_CONTEXT ( ( #2283 ) ) GLOBAL_UNIT_ASSIGNED_CONTEXT ( ( #2996, #2767, #418 ) ) REPRESENTATION_CONTEXT ( 'NONE', 'WORKASPACE' ) );
#4743 = ORIENTED_EDGE ( 'NONE', *, *, #1463, .F. ) ;
#4744 = ORIENTED_EDGE ( 'NONE', *, *, #1126, .F. ) ;
#4745 = CARTESIAN_POINT ( 'NONE',  ( 48.00000000000002842, 920.0000000000000000, -3.999999999999671374 ) ) ;
#4746 = DIRECTION ( 'NONE',  ( 1.000000000000000000, 7.586974551799862254E-31, 6.908350915278662121E-15 ) ) ;
#4747 = FACE_OUTER_BOUND ( 'NONE', #2687, .T. ) ;
#4748 = ORIENTED_EDGE ( 'NONE', *, *, #670, .F. ) ;
#4749 = EDGE_LOOP ( 'NONE', ( #4917, #3377, #414, #2923 ) ) ;
#4750 = LINE ( 'NONE', #4420, #4215 ) ;
#4751 = CARTESIAN_POINT ( 'NONE',  ( 119.9999999999987637, 30.00000000000000000, 179.8500000000008470 ) ) ;
#4752 = FACE_OUTER_BOUND ( 'NONE', #917, .T. ) ;
#4753 = ORIENTED_EDGE ( 'NONE', *, *, #2573, .F. ) ;
#4754 = EDGE_CURVE ( 'NONE', #660, #2906, #4841, .T. ) ;
#4755 = CARTESIAN_POINT ( 'NONE',  ( -29.99999999999997158, 925.0000000000004547, 8.150000000000403588 ) ) ;
#4756 = DATE_AND_TIME ( #75, #3051 ) ;
#4757 = ORIENTED_EDGE ( 'NONE', *, *, #4860, .T. ) ;
#4758 = ORIENTED_EDGE ( 'NONE', *, *, #256, .F. ) ;
#4759 = ADVANCED_FACE ( 'NONE', ( #1729 ), #2489, .F. ) ;
#4760 = EDGE_CURVE ( 'NONE', #776, #4680, #3049, .T. ) ;
#4761 = DIRECTION ( 'NONE',  ( 7.586974551799862254E-31, -1.000000000000000000, 2.592370252323553063E-45 ) ) ;
#4762 = CARTESIAN_POINT ( 'NONE',  ( -29.99999999999998934, 921.0000000000001137, 110.0000000000003837 ) ) ;
#4763 = CARTESIAN_POINT ( 'NONE',  ( 99.99999999999913314, 576.0000000000001137, 126.0000000000007532 ) ) ;
#4764 = DIRECTION ( 'NONE',  ( -6.908350915278662121E-15, -2.648978006588696432E-45, 1.000000000000000000 ) ) ;
#4765 = ORIENTED_EDGE ( 'NONE', *, *, #940, .T. ) ;
#4766 = ORIENTED_EDGE ( 'NONE', *, *, #1246, .F. ) ;
#4767 = AXIS2_PLACEMENT_3D ( 'NONE', #2985, #3279, #1064 ) ;
#4768 = ADVANCED_FACE ( 'NONE', ( #975 ), #3241, .F. ) ;
#4769 = CARTESIAN_POINT ( 'NONE',  ( 115.9999999999991473, 30.00000000000002842, 123.0000000000008100 ) ) ;
#4770 = LINE ( 'NONE', #4317, #2034 ) ;
#4771 = DIRECTION ( 'NONE',  ( -6.833739152871057532E-15, -2.592370252323553063E-45, 1.000000000000000000 ) ) ;
#4772 = VECTOR ( 'NONE', #356, 1000.000000000000000 ) ;
#4773 = ORIENTED_EDGE ( 'NONE', *, *, #2135, .F. ) ;
#4774 = AXIS2_PLACEMENT_3D ( 'NONE', #1715, #4805, #2883 ) ;
#4775 = EDGE_LOOP ( 'NONE', ( #629, #2363, #4456, #467 ) ) ;
#4776 = AXIS2_PLACEMENT_3D ( 'NONE', #3050, #3002, #2314 ) ;
#4777 = CIRCLE ( 'NONE', #1950, 1.699999999999979305 ) ;
#4778 = DIRECTION ( 'NONE',  ( -0.7071067811865474617, 0.000000000000000000, 0.7071067811865474617 ) ) ;
#4779 = CARTESIAN_POINT ( 'NONE',  ( 29.99999999999994671, 925.0000000000004547, 3.300000000000671285 ) ) ;
#4780 = CARTESIAN_POINT ( 'NONE',  ( 114.9999999999991189, 925.0000000000000000, 126.0000000000007532 ) ) ;
#4781 = LINE ( 'NONE', #564, #3801 ) ;
#4782 = VECTOR ( 'NONE', #1972, 1000.000000000000000 ) ;
#4783 = VECTOR ( 'NONE', #1678, 1000.000000000000000 ) ;
#4784 = CARTESIAN_POINT ( 'NONE',  ( 119.9999999999995737, 30.00000000000000000, 61.30000000000085691 ) ) ;
#4785 = ORIENTED_EDGE ( 'NONE', *, *, #99, .F. ) ;
#4786 = ORIENTED_EDGE ( 'NONE', *, *, #3893, .F. ) ;
#4787 = AXIS2_PLACEMENT_3D ( 'NONE', #1328, #3190, #3594 ) ;
#4788 = DIRECTION ( 'NONE',  ( -4.295505750037807968E-15, -3.524517538492560546E-15, 1.000000000000000000 ) ) ;
#4789 = DIRECTION ( 'NONE',  ( -6.833739152871057532E-15, -2.592370252323553063E-45, 1.000000000000000000 ) ) ;
#4790 = DIRECTION ( 'NONE',  ( 1.000000000000000000, 7.586974551799862254E-31, 6.908350915278662121E-15 ) ) ;
#4791 = CARTESIAN_POINT ( 'NONE',  ( 119.9999999999991331, 30.00000000000002842, 123.0000000000008242 ) ) ;
#4792 = ORIENTED_EDGE ( 'NONE', *, *, #3207, .T. ) ;
#4793 = VERTEX_POINT ( 'NONE', #3671 ) ;
#4794 = VECTOR ( 'NONE', #1747, 1000.000000000000000 ) ;
#4795 = EDGE_CURVE ( 'NONE', #2484, #1400, #2400, .T. ) ;
#4796 = CARTESIAN_POINT ( 'NONE',  ( -115.9999999999999716, 50.00000000000000000, 183.0000000000000000 ) ) ;
#4797 = CYLINDRICAL_SURFACE ( 'NONE', #2364, 5.000000000000004441 ) ;
#4798 = LINE ( 'NONE', #172, #2298 ) ;
#4799 = ADVANCED_FACE ( 'NONE', ( #4897 ), #4028, .F. ) ;
#4800 = ADVANCED_FACE ( 'NONE', ( #2586 ), #2513, .F. ) ;
#4801 = VERTEX_POINT ( 'NONE', #163 ) ;
#4802 = ORIENTED_EDGE ( 'NONE', *, *, #4509, .T. ) ;
#4803 = DIRECTION ( 'NONE',  ( 1.000000000000000000, 7.586974551799862254E-31, 6.912149369510391338E-15 ) ) ;
#4804 = CARTESIAN_POINT ( 'NONE',  ( -115.9999999999999574, 420.0000000000001705, 123.0000000000000284 ) ) ;
#4805 = DIRECTION ( 'NONE',  ( 6.912149369510391338E-15, 2.651859884147926787E-45, -1.000000000000000000 ) ) ;
#4806 = CARTESIAN_POINT ( 'NONE',  ( 114.9999999999990905, 420.0000000000001705, 130.0000000000007958 ) ) ;
#4807 = ORIENTED_EDGE ( 'NONE', *, *, #3064, .F. ) ;
#4808 = EDGE_CURVE ( 'NONE', #2759, #4338, #4827, .T. ) ;
#4809 = LINE ( 'NONE', #997, #4794 ) ;
#4810 = AXIS2_PLACEMENT_3D ( 'NONE', #1216, #4372, #3181 ) ;
#4811 = ORIENTED_EDGE ( 'NONE', *, *, #4860, .F. ) ;
#4812 = VERTEX_POINT ( 'NONE', #2921 ) ;
#4813 = EDGE_CURVE ( 'NONE', #2915, #2574, #3850, .T. ) ;
#4814 = DIRECTION ( 'NONE',  ( 0.000000000000000000, 3.700743415417188731E-15, -1.000000000000000000 ) ) ;
#4815 = DIRECTION ( 'NONE',  ( -6.833739152871057532E-15, -2.592370252323553063E-45, 1.000000000000000000 ) ) ;
#4816 = CARTESIAN_POINT ( 'NONE',  ( -29.99999999999997158, 925.0000000000004547, 5.000000000000402345 ) ) ;
#4817 = DIRECTION ( 'NONE',  ( -1.000000000000000000, -0.000000000000000000, 7.461176240760461390E-17 ) ) ;
#4818 = VERTEX_POINT ( 'NONE', #2156 ) ;
#4819 = ORIENTED_EDGE ( 'NONE', *, *, #3308, .T. ) ;
#4820 = CARTESIAN_POINT ( 'NONE',  ( -86.00000000000000000, 920.0000000000000000, 3.469446951953614189E-15 ) ) ;
#4821 = AXIS2_PLACEMENT_3D ( 'NONE', #3218, #84, #4029 ) ;
#4822 = CIRCLE ( 'NONE', #2396, 1.699999999999979305 ) ;
#4823 = CARTESIAN_POINT ( 'NONE',  ( 29.99999999999992539, 923.5500000000005230, 6.700000000000588152 ) ) ;
#4824 = DIRECTION ( 'NONE',  ( -1.000000000000000000, -7.586974551799862254E-31, -6.908350915278662121E-15 ) ) ;
#4825 = ORIENTED_EDGE ( 'NONE', *, *, #3865, .F. ) ;
#4826 = EDGE_LOOP ( 'NONE', ( #2536, #4497, #3769, #295 ) ) ;
#4827 = CIRCLE ( 'NONE', #3370, 5.000000000000004441 ) ;
#4828 = EDGE_CURVE ( 'NONE', #998, #2005, #875, .T. ) ;
#4829 = ADVANCED_FACE ( 'NONE', ( #3320 ), #2648, .F. ) ;
#4830 = FACE_OUTER_BOUND ( 'NONE', #623, .T. ) ;
#4831 = DIRECTION ( 'NONE',  ( -1.000000000000000000, -0.000000000000000000, 7.461176240760461390E-17 ) ) ;
#4832 = DIRECTION ( 'NONE',  ( -6.122553444624074877E-15, 0.000000000000000000, 1.000000000000000000 ) ) ;
#4833 = VERTEX_POINT ( 'NONE', #2869 ) ;
#4834 = CONICAL_SURFACE ( 'NONE', #4988, 3.149999999999999911, 0.7853981633974435050 ) ;
#4835 = FACE_OUTER_BOUND ( 'NONE', #1772, .T. ) ;
#4836 = VERTEX_POINT ( 'NONE', #4871 ) ;
#4837 = VERTEX_POINT ( 'NONE', #4486 ) ;
#4838 = CARTESIAN_POINT ( 'NONE',  ( -84.99999999999955946, 925.0000000000003411, 30.00000000000009592 ) ) ;
#4839 = DIRECTION ( 'NONE',  ( -1.000000000000000000, -0.000000000000000000, 7.461176240760461390E-17 ) ) ;
#4840 = AXIS2_PLACEMENT_3D ( 'NONE', #1893, #403, #1984 ) ;
#4841 = LINE ( 'NONE', #4099, #3688 ) ;
#4842 = DIRECTION ( 'NONE',  ( -0.000000000000000000, -0.000000000000000000, -1.000000000000000000 ) ) ;
#4843 = VERTEX_POINT ( 'NONE', #1026 ) ;
#4844 = EDGE_LOOP ( 'NONE', ( #4079, #4470, #4457, #2821 ) ) ;
#4845 = DIRECTION ( 'NONE',  ( 1.275978431064007367E-29, -1.000000000000000000, -3.524517538492560546E-15 ) ) ;
#4846 = FACE_BOUND ( 'NONE', #4367, .T. ) ;
#4847 = CARTESIAN_POINT ( 'NONE',  ( 63.85000000000002984, 30.00000000000000000, -3.999999999999560352 ) ) ;
#4848 = EDGE_LOOP ( 'NONE', ( #353, #4541, #2560, #1109 ) ) ;
#4849 = ORIENTED_EDGE ( 'NONE', *, *, #4104, .F. ) ;
#4850 = CIRCLE ( 'NONE', #832, 3.149999999999999911 ) ;
#4851 = AXIS2_PLACEMENT_3D ( 'NONE', #3088, #2634, #4584 ) ;
#4852 = DIRECTION ( 'NONE',  ( -6.608470384673551024E-15, 0.000000000000000000, 1.000000000000000000 ) ) ;
#4853 = CONICAL_SURFACE ( 'NONE', #3550, 3.149999999999999911, 0.7853981633974305154 ) ;
#4854 = CYLINDRICAL_SURFACE ( 'NONE', #1396, 5.000000000000004441 ) ;
#4855 = DIRECTION ( 'NONE',  ( -1.000000000000000000, -0.000000000000000000, 7.461176240760461390E-17 ) ) ;
#4856 = ORIENTED_EDGE ( 'NONE', *, *, #1032, .F. ) ;
#4857 = EDGE_CURVE ( 'NONE', #999, #3913, #1478, .T. ) ;
#4858 = AXIS2_PLACEMENT_3D ( 'NONE', #1356, #1033, #2568 ) ;
#4859 = CONICAL_SURFACE ( 'NONE', #2276, 3.149999999999999911, 0.7853981633974507215 ) ;
#4860 = EDGE_CURVE ( 'NONE', #3477, #1187, #784, .T. ) ;
#4861 = CARTESIAN_POINT ( 'NONE',  ( 118.5499999999989740, 353.3309524416879981, 146.0000000000008242 ) ) ;
#4862 = CARTESIAN_POINT ( 'NONE',  ( -99.99999999999998579, 571.0000000000001137, 120.0000000000005116 ) ) ;
#4863 = AXIS2_PLACEMENT_3D ( 'NONE', #2807, #4345, #891 ) ;
#4864 = EDGE_CURVE ( 'NONE', #886, #1420, #4158, .T. ) ;
#4865 = EDGE_CURVE ( 'NONE', #3811, #1337, #2666, .T. ) ;
#4866 = ORIENTED_EDGE ( 'NONE', *, *, #3244, .T. ) ;
#4867 = ORIENTED_EDGE ( 'NONE', *, *, #1870, .T. ) ;
#4868 = VECTOR ( 'NONE', #1068, 1000.000000000000000 ) ;
#4869 = DIRECTION ( 'NONE',  ( 1.000000000000000000, 7.586974551799862254E-31, 6.908350915278662121E-15 ) ) ;
#4870 = CARTESIAN_POINT ( 'NONE',  ( 29.99999999999937472, 923.5500000000000682, 90.00000000000061107 ) ) ;
#4871 = CARTESIAN_POINT ( 'NONE',  ( 84.99999999999944578, 925.0000000000004547, 6.751318403695807474E-13 ) ) ;
#4872 = CARTESIAN_POINT ( 'NONE',  ( 29.99999999999937472, 925.0000000000001137, 90.00000000000061107 ) ) ;
#4873 = AXIS2_PLACEMENT_3D ( 'NONE', #3388, #4933, #2172 ) ;
#4874 = ORIENTED_EDGE ( 'NONE', *, *, #1579, .F. ) ;
#4875 = ORIENTED_EDGE ( 'NONE', *, *, #1975, .F. ) ;
#4876 = VECTOR ( 'NONE', #4789, 1000.000000000000000 ) ;
#4877 = DIRECTION ( 'NONE',  ( -6.122553444624049633E-15, 0.000000000000000000, 1.000000000000000000 ) ) ;
#4878 = CARTESIAN_POINT ( 'NONE',  ( -114.9999999999999716, 1.443289932012704765E-14, 130.0000000000000853 ) ) ;
#4879 = DIRECTION ( 'NONE',  ( 0.000000000000000000, 0.000000000000000000, -1.000000000000000000 ) ) ;
#4880 = ORIENTED_EDGE ( 'NONE', *, *, #2880, .T. ) ;
#4881 = ORIENTED_EDGE ( 'NONE', *, *, #1307, .T. ) ;
#4882 = AXIS2_PLACEMENT_3D ( 'NONE', #2766, #896, #3536 ) ;
#4883 = AXIS2_PLACEMENT_3D ( 'NONE', #2463, #3620, #4719 ) ;
#4884 = CARTESIAN_POINT ( 'NONE',  ( 119.9999999999997868, 420.0000000000001705, 30.00000000000082423 ) ) ;
#4885 = VECTOR ( 'NONE', #1593, 1000.000000000000000 ) ;
#4886 = CARTESIAN_POINT ( 'NONE',  ( -67.00000000000000000, 30.00000000000000000, 2.602085213965210642E-15 ) ) ;
#4887 = CARTESIAN_POINT ( 'NONE',  ( -94.99999999999998579, 576.0000000000001137, 126.0000000000000853 ) ) ;
#4888 = ORIENTED_EDGE ( 'NONE', *, *, #3526, .T. ) ;
#4889 = CARTESIAN_POINT ( 'NONE',  ( -29.99999999999998934, 925.0000000000001137, 111.7000000000003439 ) ) ;
#4890 = DIRECTION ( 'NONE',  ( -1.000000000000000000, -1.321694076934711881E-16, -6.833739152871057532E-15 ) ) ;
#4891 = VERTEX_POINT ( 'NONE', #4539 ) ;
#4892 = DIRECTION ( 'NONE',  ( -0.000000000000000000, 1.000000000000000000, 3.524517538492560546E-15 ) ) ;
#4893 = EDGE_CURVE ( 'NONE', #1523, #4939, #2642, .T. ) ;
#4894 = EDGE_CURVE ( 'NONE', #228, #2543, #350, .T. ) ;
#4895 = DIRECTION ( 'NONE',  ( 0.000000000000000000, -1.000000000000000000, -0.000000000000000000 ) ) ;
#4896 = DIRECTION ( 'NONE',  ( -0.000000000000000000, 1.000000000000000000, 3.524517538492560546E-15 ) ) ;
#4897 = FACE_OUTER_BOUND ( 'NONE', #3345, .T. ) ;
#4898 = CARTESIAN_POINT ( 'NONE',  ( -115.9999999999999716, 0.000000000000000000, 216.0000000000000000 ) ) ;
#4899 = EDGE_LOOP ( 'NONE', ( #1559, #2885, #2081, #4670 ) ) ;
#4900 = ORIENTED_EDGE ( 'NONE', *, *, #2445, .T. ) ;
#4901 = AXIS2_PLACEMENT_3D ( 'NONE', #4107, #658, #152 ) ;
#4902 = CARTESIAN_POINT ( 'NONE',  ( 48.00000000000000000, 920.0000000000000000, 3.285093380574697021E-13 ) ) ;
#4903 = PLANE ( 'NONE',  #3651 ) ;
#4904 = DIRECTION ( 'NONE',  ( 6.938893903907228378E-15, 3.700743415417188731E-15, -1.000000000000000000 ) ) ;
#4905 = CARTESIAN_POINT ( 'NONE',  ( 29.99999999999937472, 921.0000000000001137, 90.00000000000059686 ) ) ;
#4906 = ORIENTED_EDGE ( 'NONE', *, *, #2537, .F. ) ;
#4907 = VERTEX_POINT ( 'NONE', #4202 ) ;
#4908 = VECTOR ( 'NONE', #3299, 1000.000000000000000 ) ;
#4909 = FACE_OUTER_BOUND ( 'NONE', #630, .T. ) ;
#4910 = CYLINDRICAL_SURFACE ( 'NONE', #3561, 30.00000000000000000 ) ;
#4911 = ORIENTED_EDGE ( 'NONE', *, *, #4730, .T. ) ;
#4912 = FACE_BOUND ( 'NONE', #1137, .T. ) ;
#4913 = AXIS2_PLACEMENT_3D ( 'NONE', #524, #2080, #2056 ) ;
#4914 = LOCAL_TIME ( 22, 50, 54.00000000000000000, #4711 ) ;
#4915 = CYLINDRICAL_SURFACE ( 'NONE', #1138, 1.699999999999936007 ) ;
#4916 = EDGE_LOOP ( 'NONE', ( #4881, #4875, #4733, #4900 ) ) ;
#4917 = ORIENTED_EDGE ( 'NONE', *, *, #445, .F. ) ;
#4918 = DIRECTION ( 'NONE',  ( -1.000000000000000000, -7.586974551799862254E-31, -6.908350915278662121E-15 ) ) ;
#4919 = DIRECTION ( 'NONE',  ( -1.000000000000000000, -7.586974551799862254E-31, -6.894971492828425106E-15 ) ) ;
#4920 = LINE ( 'NONE', #3722, #112 ) ;
#4921 = ORIENTED_EDGE ( 'NONE', *, *, #2, .T. ) ;
#4922 = ADVANCED_FACE ( 'NONE', ( #3026 ), #3469, .T. ) ;
#4923 = EDGE_LOOP ( 'NONE', ( #4758, #752, #2498, #1985, #1749, #405, #4235, #1569, #2692, #1966, #141 ) ) ;
#4924 = EDGE_CURVE ( 'NONE', #3723, #3680, #3397, .T. ) ;
#4925 = PLANE ( 'NONE',  #1540 ) ;
#4926 = CARTESIAN_POINT ( 'NONE',  ( 48.00000000000002842, 3.641747784863934723E-29, -3.999999999999671374 ) ) ;
#4927 = CARTESIAN_POINT ( 'NONE',  ( 119.9999999999991331, 30.00000000000002842, 123.0000000000008242 ) ) ;
#4928 = CARTESIAN_POINT ( 'NONE',  ( 119.9999999999989768, 353.3309524416879981, 146.0000000000008527 ) ) ;
#4929 = VERTEX_POINT ( 'NONE', #4590 ) ;
#4930 = ORIENTED_EDGE ( 'NONE', *, *, #662, .F. ) ;
#4931 = EDGE_CURVE ( 'NONE', #3784, #1617, #1106, .T. ) ;
#4932 = CARTESIAN_POINT ( 'NONE',  ( 119.9999999999987352, 30.00000000000000000, 183.0000000000008242 ) ) ;
#4933 = DIRECTION ( 'NONE',  ( 3.589083053745118507E-15, -1.110223024625156787E-16, -1.000000000000000000 ) ) ;
#4934 = ORIENTED_EDGE ( 'NONE', *, *, #1239, .T. ) ;
#4935 = CIRCLE ( 'NONE', #3395, 1.699999999999993072 ) ;
#4936 = FACE_OUTER_BOUND ( 'NONE', #1489, .T. ) ;
#4937 = DIRECTION ( 'NONE',  ( 1.000000000000000000, 0.000000000000000000, 0.000000000000000000 ) ) ;
#4938 = AXIS2_PLACEMENT_3D ( 'NONE', #4412, #2110, #3652 ) ;
#4939 = VERTEX_POINT ( 'NONE', #1454 ) ;
#4940 = VECTOR ( 'NONE', #675, 999.9999999999998863 ) ;
#4941 = AXIS2_PLACEMENT_3D ( 'NONE', #1717, #3006, #712 ) ;
#4942 = VECTOR ( 'NONE', #677, 1000.000000000000000 ) ;
#4943 = DIRECTION ( 'NONE',  ( -0.000000000000000000, -0.000000000000000000, -1.000000000000000000 ) ) ;
#4944 = CARTESIAN_POINT ( 'NONE',  ( -1.178755263418298349E-26, 925.0000000000004547, 3.255966949256217374E-12 ) ) ;
#4945 = DIRECTION ( 'NONE',  ( 0.7071067811865506814, -8.659560562354899578E-17, -0.7071067811865443531 ) ) ;
#4946 = DIRECTION ( 'NONE',  ( 0.7071067811865441310, 8.659560562354890950E-17, -0.7071067811865507924 ) ) ;
#4947 = ORIENTED_EDGE ( 'NONE', *, *, #1589, .F. ) ;
#4948 = ORIENTED_EDGE ( 'NONE', *, *, #3120, .T. ) ;
#4949 = CONICAL_SURFACE ( 'NONE', #3969, 3.149999999999986144, 0.7853981633974507215 ) ;
#4950 = DIRECTION ( 'NONE',  ( 0.000000000000000000, 0.000000000000000000, 1.000000000000000000 ) ) ;
#4951 = VECTOR ( 'NONE', #888, 1000.000000000000000 ) ;
#4952 = FACE_OUTER_BOUND ( 'NONE', #282, .T. ) ;
#4953 = DIRECTION ( 'NONE',  ( -0.7071067811865474617, 8.659560562354932858E-17, -0.7071067811865474617 ) ) ;
#4954 = FACE_OUTER_BOUND ( 'NONE', #1379, .T. ) ;
#4955 = ORIENTED_EDGE ( 'NONE', *, *, #1341, .F. ) ;
#4956 = ORIENTED_EDGE ( 'NONE', *, *, #797, .F. ) ;
#4957 = EDGE_CURVE ( 'NONE', #5005, #2544, #4180, .T. ) ;
#4958 = VECTOR ( 'NONE', #1413, 1000.000000000000000 ) ;
#4959 = CARTESIAN_POINT ( 'NONE',  ( -63.85000000000000142, 30.00000000000000000, -3.999999999999996447 ) ) ;
#4960 = EDGE_CURVE ( 'NONE', #2106, #1788, #1932, .T. ) ;
#4961 = EDGE_CURVE ( 'NONE', #3129, #4929, #2322, .T. ) ;
#4962 = FACE_OUTER_BOUND ( 'NONE', #3849, .T. ) ;
#4963 = VECTOR ( 'NONE', #876, 1000.000000000000000 ) ;
#4964 = VERTEX_POINT ( 'NONE', #2256 ) ;
#4965 = VECTOR ( 'NONE', #4604, 1000.000000000000000 ) ;
#4966 = DIRECTION ( 'NONE',  ( -0.000000000000000000, 1.000000000000000000, 3.524517538492560546E-15 ) ) ;
#4967 = DIRECTION ( 'NONE',  ( 1.000000000000000000, 0.000000000000000000, -7.841021663933347352E-17 ) ) ;
#4968 = ORIENTED_EDGE ( 'NONE', *, *, #412, .F. ) ;
#4969 = CARTESIAN_POINT ( 'NONE',  ( -114.9999999999999716, 921.0000000000000000, 125.9999999999999432 ) ) ;
#4970 = FACE_BOUND ( 'NONE', #1949, .T. ) ;
#4971 = CARTESIAN_POINT ( 'NONE',  ( 63.85000000000002984, 30.00000000000000000, -3.999999999999560352 ) ) ;
#4972 = FACE_OUTER_BOUND ( 'NONE', #212, .T. ) ;
#4973 = EDGE_LOOP ( 'NONE', ( #4234, #992, #133, #2877 ) ) ;
#4974 = EDGE_LOOP ( 'NONE', ( #2847, #2508, #104, #1917 ) ) ;
#4975 = DIRECTION ( 'NONE',  ( -8.811293846231439230E-15, 0.000000000000000000, 1.000000000000000000 ) ) ;
#4976 = CARTESIAN_POINT ( 'NONE',  ( 119.9999999999987352, 30.00000000000000000, 183.0000000000008242 ) ) ;
#4977 = CARTESIAN_POINT ( 'NONE',  ( -119.9999999999999858, 30.00000000000000000, 183.0000000000000000 ) ) ;
#4978 = DIRECTION ( 'NONE',  ( 2.484433095295732247E-29, -1.000000000000000000, -3.524517538492560546E-15 ) ) ;
#4979 = VERTEX_POINT ( 'NONE', #4971 ) ;
#4980 = ORIENTED_EDGE ( 'NONE', *, *, #3443, .T. ) ;
#4981 = FACE_OUTER_BOUND ( 'NONE', #2530, .T. ) ;
#4982 = DIRECTION ( 'NONE',  ( -1.000000000000000000, -7.586974551799862254E-31, -6.908350915278662121E-15 ) ) ;
#4983 = ORIENTED_EDGE ( 'NONE', *, *, #670, .T. ) ;
#4984 = EDGE_CURVE ( 'NONE', #3703, #3981, #679, .T. ) ;
#4985 = AXIS2_PLACEMENT_3D ( 'NONE', #495, #929, #4667 ) ;
#4986 = ADVANCED_FACE ( 'NONE', ( #1177 ), #1502, .T. ) ;
#4987 = DIRECTION ( 'NONE',  ( 8.163404592832132968E-15, 0.000000000000000000, -1.000000000000000000 ) ) ;
#4988 = AXIS2_PLACEMENT_3D ( 'NONE', #1330, #930, #1279 ) ;
#4989 = CIRCLE ( 'NONE', #3452, 1.699999999999979305 ) ;
#4990 = DIRECTION ( 'NONE',  ( 0.000000000000000000, 1.000000000000000000, 0.000000000000000000 ) ) ;
#4991 = ORIENTED_EDGE ( 'NONE', *, *, #940, .F. ) ;
#4992 = EDGE_CURVE ( 'NONE', #265, #2838, #4989, .T. ) ;
#4993 = CARTESIAN_POINT ( 'NONE',  ( -29.99999999999999645, 495.5000000000000568, 130.0000000000005116 ) ) ;
#4994 = DIRECTION ( 'NONE',  ( 7.586974551799862254E-31, -1.000000000000000000, 2.592370252323553063E-45 ) ) ;
#4995 = ORIENTED_EDGE ( 'NONE', *, *, #385, .T. ) ;
#4996 = ORIENTED_EDGE ( 'NONE', *, *, #159, .F. ) ;
#4997 = CARTESIAN_POINT ( 'NONE',  ( -29.99999999999998934, 925.0000000000001137, 110.0000000000003979 ) ) ;
#4998 = DIRECTION ( 'NONE',  ( 1.000000000000000000, -0.000000000000000000, 3.589083053745118507E-15 ) ) ;
#4999 = DIRECTION ( 'NONE',  ( -1.000000000000000000, -0.000000000000000000, 7.461176240760461390E-17 ) ) ;
#5000 = DIRECTION ( 'NONE',  ( 1.000000000000000000, 0.000000000000000000, -7.461176240760461390E-17 ) ) ;
#5001 = ORIENTED_EDGE ( 'NONE', *, *, #905, .F. ) ;
#5002 = ORIENTED_EDGE ( 'NONE', *, *, #2043, .T. ) ;
#5003 = CARTESIAN_POINT ( 'NONE',  ( 118.5499999999995566, 30.00000000000000000, 63.00000000000081712 ) ) ;
#5004 = CARTESIAN_POINT ( 'NONE',  ( 29.99999999999924682, 923.5500000000000682, 108.3000000000006224 ) ) ;
#5005 = VERTEX_POINT ( 'NONE', #375 ) ;
#5006 = CARTESIAN_POINT ( 'NONE',  ( 119.9999999999987210, 30.00000000000000000, 184.7000000000008129 ) ) ;
#5007 = EDGE_CURVE ( 'NONE', #4204, #4964, #2689, .T. ) ;
#5008 = DIRECTION ( 'NONE',  ( 7.586974551799862254E-31, -1.000000000000000000, 2.592370252323553063E-45 ) ) ;
#5009 = ORIENTED_EDGE ( 'NONE', *, *, #4754, .T. ) ;
ENDSEC;
END-ISO-10303-21;
