ISO-10303-21;
HEADER;
FILE_DESCRIPTION (( 'STEP AP203' ),
    '1' );
FILE_NAME ('part_yaobu_1.STEP',
    '2026-06-30T15:15:46',
    ( '' ),
    ( '' ),
    'SwSTEP 2.0',
    'SolidWorks 2025',
    '' );
FILE_SCHEMA (( 'CONFIG_CONTROL_DESIGN' ));
ENDSEC;

DATA;
#1 = EDGE_CURVE ( 'NONE', #2866, #2280, #2432, .T. ) ;
#2 = FACE_OUTER_BOUND ( 'NONE', #1824, .T. ) ;
#3 = ADVANCED_FACE ( 'NONE', ( #1113 ), #1141, .F. ) ;
#4 = DIRECTION ( 'NONE',  ( 0.7071067811865473507, 8.659560562354934091E-17, 0.7071067811865477948 ) ) ;
#5 = DIRECTION ( 'NONE',  ( 1.000000000000000000, -0.000000000000000000, 2.775557561562891351E-16 ) ) ;
#6 = DIRECTION ( 'NONE',  ( -3.083952846181006649E-15, -1.000000000000000000, 0.000000000000000000 ) ) ;
#7 = EDGE_LOOP ( 'NONE', ( #558, #1842, #543, #397 ) ) ;
#8 = EDGE_LOOP ( 'NONE', ( #1237, #961, #647, #154 ) ) ;
#9 = ORIENTED_EDGE ( 'NONE', *, *, #1146, .T. ) ;
#10 = CARTESIAN_POINT ( 'NONE',  ( 41.55000000000036664, 106.0000000000000142, -17.24999999999997513 ) ) ;
#11 = DIRECTION ( 'NONE',  ( 8.659560562354925463E-17, 0.7071067811865483499, -0.7071067811865467956 ) ) ;
#12 = PLANE ( 'NONE',  #2679 ) ;
#13 = LINE ( 'NONE', #2671, #1833 ) ;
#14 = EDGE_CURVE ( 'NONE', #2608, #152, #1679, .T. ) ;
#15 = DIRECTION ( 'NONE',  ( -0.7071067811865473507, 0.000000000000000000, 0.7071067811865477948 ) ) ;
#16 = CYLINDRICAL_SURFACE ( 'NONE', #900, 2.000000000000001776 ) ;
#17 = ORIENTED_EDGE ( 'NONE', *, *, #1026, .T. ) ;
#18 = CARTESIAN_POINT ( 'NONE',  ( 39.00000000000000000, 0.9999999999999885647, -25.00000000000000000 ) ) ;
#19 = ORIENTED_EDGE ( 'NONE', *, *, #2851, .T. ) ;
#20 = CARTESIAN_POINT ( 'NONE',  ( 40.00000000000042633, 124.2352941176470864, 19.89583207305948065 ) ) ;
#21 = CARTESIAN_POINT ( 'NONE',  ( -44.00000000000019895, 56.00000000000000711, -14.99999999999998757 ) ) ;
#22 = PLANE ( 'NONE',  #1233 ) ;
#23 = FACE_OUTER_BOUND ( 'NONE', #2104, .T. ) ;
#24 = DIRECTION ( 'NONE',  ( -1.000000000000000000, -0.000000000000000000, 2.775557561562891351E-16 ) ) ;
#25 = AXIS2_PLACEMENT_3D ( 'NONE', #2148, #1753, #2648 ) ;
#26 = EDGE_CURVE ( 'NONE', #965, #1576, #497, .T. ) ;
#27 = ADVANCED_FACE ( 'NONE', ( #1839 ), #1683, .F. ) ;
#28 = DIRECTION ( 'NONE',  ( -0.000000000000000000, 1.000000000000000000, -0.000000000000000000 ) ) ;
#29 = LINE ( 'NONE', #1605, #1548 ) ;
#30 = VECTOR ( 'NONE', #2086, 1000.000000000000000 ) ;
#31 = ORIENTED_EDGE ( 'NONE', *, *, #857, .T. ) ;
#32 = CIRCLE ( 'NONE', #1689, 2.249999999999988010 ) ;
#33 = EDGE_CURVE ( 'NONE', #2666, #853, #2059, .T. ) ;
#34 = ORIENTED_EDGE ( 'NONE', *, *, #61, .T. ) ;
#35 = AXIS2_PLACEMENT_3D ( 'NONE', #889, #1572, #1600 ) ;
#36 = AXIS2_PLACEMENT_3D ( 'NONE', #1305, #694, #1760 ) ;
#37 = EDGE_LOOP ( 'NONE', ( #2473, #1206, #709, #1756 ) ) ;
#38 = FACE_OUTER_BOUND ( 'NONE', #2558, .T. ) ;
#39 = PLANE ( 'NONE',  #2258 ) ;
#40 = ORIENTED_EDGE ( 'NONE', *, *, #1331, .F. ) ;
#41 = DIRECTION ( 'NONE',  ( 1.000000000000000000, 0.000000000000000000, -0.000000000000000000 ) ) ;
#42 = EDGE_CURVE ( 'NONE', #549, #454, #1542, .T. ) ;
#43 = CARTESIAN_POINT ( 'NONE',  ( 44.00000000000046896, 124.2352941176471006, 19.89583207305947710 ) ) ;
#44 = DIRECTION ( 'NONE',  ( -0.000000000000000000, 1.000000000000000000, -0.000000000000000000 ) ) ;
#45 = VERTEX_POINT ( 'NONE', #20 ) ;
#46 = EDGE_CURVE ( 'NONE', #1125, #2382, #1692, .T. ) ;
#47 = ORIENTED_EDGE ( 'NONE', *, *, #593, .T. ) ;
#48 = DIRECTION ( 'NONE',  ( 0.000000000000000000, 0.000000000000000000, -1.000000000000000000 ) ) ;
#49 = DIRECTION ( 'NONE',  ( 0.000000000000000000, 0.000000000000000000, 1.000000000000000000 ) ) ;
#50 = DIRECTION ( 'NONE',  ( 0.000000000000000000, 0.000000000000000000, 1.000000000000000000 ) ) ;
#51 = EDGE_CURVE ( 'NONE', #1015, #1054, #1404, .T. ) ;
#52 = ORIENTED_EDGE ( 'NONE', *, *, #2174, .F. ) ;
#53 = DIRECTION ( 'NONE',  ( -0.000000000000000000, 1.000000000000000000, -0.000000000000000000 ) ) ;
#54 = DIRECTION ( 'NONE',  ( 0.000000000000000000, 1.000000000000000000, 0.000000000000000000 ) ) ;
#55 = DIRECTION ( 'NONE',  ( 0.000000000000000000, 1.000000000000000000, 0.000000000000000000 ) ) ;
#56 = ORIENTED_EDGE ( 'NONE', *, *, #1331, .T. ) ;
#57 = ORIENTED_EDGE ( 'NONE', *, *, #51, .F. ) ;
#58 = ORIENTED_EDGE ( 'NONE', *, *, #2529, .T. ) ;
#59 = DIRECTION ( 'NONE',  ( 1.000000000000000000, -3.469446951953613400E-15, -1.387778780781445676E-16 ) ) ;
#60 = PLANE ( 'NONE',  #2020 ) ;
#61 = EDGE_CURVE ( 'NONE', #559, #285, #2356, .T. ) ;
#62 = ORIENTED_EDGE ( 'NONE', *, *, #1825, .F. ) ;
#63 = EDGE_CURVE ( 'NONE', #1240, #1125, #577, .T. ) ;
#64 = CARTESIAN_POINT ( 'NONE',  ( 41.55000000000017479, 56.00000000000000711, 12.75000000000002309 ) ) ;
#65 = CARTESIAN_POINT ( 'NONE',  ( -44.00000000000028422, 81.00000000000000000, 4.700000000000006395 ) ) ;
#66 = CARTESIAN_POINT ( 'NONE',  ( 44.00000000000035527, 106.0000000000000142, 17.25000000000000000 ) ) ;
#67 = PERSON_AND_ORGANIZATION ( #2336, #2123 ) ;
#68 = CIRCLE ( 'NONE', #1358, 2.249999999999988010 ) ;
#69 = ORIENTED_EDGE ( 'NONE', *, *, #2137, .F. ) ;
#70 = DIRECTION ( 'NONE',  ( -0.000000000000000000, 1.000000000000000000, -0.000000000000000000 ) ) ;
#71 = CIRCLE ( 'NONE', #1175, 2.749999999999999112 ) ;
#72 = DIRECTION ( 'NONE',  ( -1.000000000000000000, 3.469446951953613400E-15, 1.387778780781445676E-16 ) ) ;
#73 = CYLINDRICAL_SURFACE ( 'NONE', #866, 1.000000000000000888 ) ;
#74 = VECTOR ( 'NONE', #2186, 1000.000000000000000 ) ;
#75 = VERTEX_POINT ( 'NONE', #1241 ) ;
#76 = ADVANCED_FACE ( 'NONE', ( #1909 ), #1428, .F. ) ;
#77 = ADVANCED_FACE ( 'NONE', ( #802 ), #673, .F. ) ;
#78 = DIRECTION ( 'NONE',  ( -3.083952846181006649E-15, 1.000000000000000000, 0.000000000000000000 ) ) ;
#79 = VECTOR ( 'NONE', #1816, 1000.000000000000000 ) ;
#80 = VECTOR ( 'NONE', #2135, 1000.000000000000000 ) ;
#81 = EDGE_CURVE ( 'NONE', #796, #491, #2549, .T. ) ;
#82 = VECTOR ( 'NONE', #1019, 1000.000000000000000 ) ;
#83 = VECTOR ( 'NONE', #2790, 1000.000000000000000 ) ;
#84 = CARTESIAN_POINT ( 'NONE',  ( -30.00000000000000000, 0.000000000000000000, -17.24999999999998579 ) ) ;
#85 = FACE_OUTER_BOUND ( 'NONE', #2598, .T. ) ;
#86 = CARTESIAN_POINT ( 'NONE',  ( 44.00000000000028422, 81.00000000000000000, 4.700000000000006395 ) ) ;
#87 = PERSON_AND_ORGANIZATION_ROLE ( 'design_supplier' ) ;
#88 = ORIENTED_EDGE ( 'NONE', *, *, #2427, .F. ) ;
#89 = CYLINDRICAL_SURFACE ( 'NONE', #1921, 2.249999999999988010 ) ;
#90 = DIRECTION ( 'NONE',  ( 1.000000000000000000, 3.469446951953613400E-15, -2.775557561562891351E-16 ) ) ;
#91 = LINE ( 'NONE', #937, #2213 ) ;
#92 = EDGE_LOOP ( 'NONE', ( #2475, #934, #334, #2646 ) ) ;
#93 = CARTESIAN_POINT ( 'NONE',  ( -40.00000000000028422, 81.00000000000000000, 1.110223024625156383E-14 ) ) ;
#94 = LINE ( 'NONE', #967, #213 ) ;
#95 = VERTEX_POINT ( 'NONE', #2101 ) ;
#96 = DIRECTION ( 'NONE',  ( 1.000000000000000000, 3.491481338843133355E-15, -2.775557561562891351E-16 ) ) ;
#97 = EDGE_CURVE ( 'NONE', #1339, #2697, #338, .T. ) ;
#98 = DIRECTION ( 'NONE',  ( 0.000000000000000000, 0.000000000000000000, -1.000000000000000000 ) ) ;
#99 = EDGE_CURVE ( 'NONE', #2099, #221, #550, .T. ) ;
#100 = ORIENTED_EDGE ( 'NONE', *, *, #256, .F. ) ;
#101 = LINE ( 'NONE', #1630, #2625 ) ;
#102 = LINE ( 'NONE', #761, #1188 ) ;
#103 = CARTESIAN_POINT ( 'NONE',  ( 40.00000000000000711, 0.9999999999999940048, 25.00000000000000000 ) ) ;
#104 = ORIENTED_EDGE ( 'NONE', *, *, #1597, .T. ) ;
#105 = CARTESIAN_POINT ( 'NONE',  ( -30.00000000000000000, 0.000000000000000000, 17.25000000000000000 ) ) ;
#106 = DIRECTION ( 'NONE',  ( 0.000000000000000000, 0.000000000000000000, -1.000000000000000000 ) ) ;
#107 = CYLINDRICAL_SURFACE ( 'NONE', #1877, 15.00000000000001421 ) ;
#108 = ORIENTED_EDGE ( 'NONE', *, *, #381, .T. ) ;
#109 = ORIENTED_EDGE ( 'NONE', *, *, #713, .F. ) ;
#110 = EDGE_CURVE ( 'NONE', #1712, #1988, #1662, .T. ) ;
#111 = DIRECTION ( 'NONE',  ( 0.000000000000000000, 0.000000000000000000, -1.000000000000000000 ) ) ;
#112 = EDGE_CURVE ( 'NONE', #2680, #1543, #1198, .T. ) ;
#113 = ORIENTED_EDGE ( 'NONE', *, *, #505, .F. ) ;
#114 = CARTESIAN_POINT ( 'NONE',  ( -30.00000000000000000, 0.000000000000000000, -22.74999999999998224 ) ) ;
#115 = CARTESIAN_POINT ( 'NONE',  ( -44.00000000000018474, 56.00000000000000711, 15.00000000000001243 ) ) ;
#116 = FACE_OUTER_BOUND ( 'NONE', #476, .T. ) ;
#117 = VECTOR ( 'NONE', #2161, 1000.000000000000000 ) ;
#118 = EDGE_CURVE ( 'NONE', #2372, #2666, #2287, .T. ) ;
#119 = ORIENTED_EDGE ( 'NONE', *, *, #1889, .T. ) ;
#120 = AXIS2_PLACEMENT_3D ( 'NONE', #2753, #445, #1489 ) ;
#121 = DIRECTION ( 'NONE',  ( 6.938893903907173946E-15, -1.000000000000000000, 0.000000000000000000 ) ) ;
#122 = VECTOR ( 'NONE', #1247, 1000.000000000000000 ) ;
#123 = AXIS2_PLACEMENT_3D ( 'NONE', #2278, #280, #2078 ) ;
#124 = CARTESIAN_POINT ( 'NONE',  ( -38.99999999999999289, -4.000000000000000000, -25.00000000000000000 ) ) ;
#125 = LINE ( 'NONE', #1390, #2162 ) ;
#126 = EDGE_CURVE ( 'NONE', #1956, #1024, #2008, .T. ) ;
#127 = ORIENTED_EDGE ( 'NONE', *, *, #2177, .F. ) ;
#128 = VECTOR ( 'NONE', #1304, 1000.000000000000000 ) ;
#129 = AXIS2_PLACEMENT_3D ( 'NONE', #2370, #1199, #382 ) ;
#130 = ORIENTED_EDGE ( 'NONE', *, *, #687, .T. ) ;
#131 = DIRECTION ( 'NONE',  ( -1.000000000000000000, -0.000000000000000000, 2.775557561562891351E-16 ) ) ;
#132 = ORIENTED_EDGE ( 'NONE', *, *, #1567, .F. ) ;
#133 = DIRECTION ( 'NONE',  ( 1.000000000000000000, -0.000000000000000000, 2.775557561562891351E-16 ) ) ;
#134 = DIRECTION ( 'NONE',  ( -0.000000000000000000, 1.000000000000000000, -0.000000000000000000 ) ) ;
#135 = EDGE_CURVE ( 'NONE', #1164, #1079, #101, .T. ) ;
#136 = DIRECTION ( 'NONE',  ( 1.000000000000000000, -0.000000000000000000, 2.775557561562891351E-16 ) ) ;
#137 = ORIENTED_EDGE ( 'NONE', *, *, #1964, .F. ) ;
#138 = PLANE ( 'NONE',  #1927 ) ;
#139 = DIRECTION ( 'NONE',  ( 6.938893903907173946E-15, -1.000000000000000000, 0.000000000000000000 ) ) ;
#140 = CARTESIAN_POINT ( 'NONE',  ( -44.00000000000028422, 81.00000000000000000, 1.221245327087672037E-14 ) ) ;
#141 = ORIENTED_EDGE ( 'NONE', *, *, #1601, .T. ) ;
#142 = ORIENTED_EDGE ( 'NONE', *, *, #488, .F. ) ;
#143 = CARTESIAN_POINT ( 'NONE',  ( -44.00000000000036948, 106.0000000000000142, -14.99999999999998757 ) ) ;
#144 = CARTESIAN_POINT ( 'NONE',  ( -44.00000000000044054, 126.0000000000000000, -25.00000000000000355 ) ) ;
#145 = FACE_OUTER_BOUND ( 'NONE', #2157, .T. ) ;
#146 = DIRECTION ( 'NONE',  ( 1.000000000000000000, -0.000000000000000000, 2.775557561562891351E-16 ) ) ;
#147 = ORIENTED_EDGE ( 'NONE', *, *, #1061, .T. ) ;
#148 = DIRECTION ( 'NONE',  ( -1.000000000000000000, -0.000000000000000000, 2.775557561562891351E-16 ) ) ;
#149 = EDGE_CURVE ( 'NONE', #1779, #833, #1639, .T. ) ;
#150 = CARTESIAN_POINT ( 'NONE',  ( 44.00000000000000711, 0.9999999999999731326, -24.99999999999998579 ) ) ;
#151 = CARTESIAN_POINT ( 'NONE',  ( -41.55000000000036664, 106.0000000000000142, -14.99999999999998757 ) ) ;
#152 = VERTEX_POINT ( 'NONE', #776 ) ;
#153 = ADVANCED_FACE ( 'NONE', ( #2077 ), #89, .F. ) ;
#154 = ORIENTED_EDGE ( 'NONE', *, *, #747, .F. ) ;
#155 = CARTESIAN_POINT ( 'NONE',  ( -41.55000000000017479, 56.00000000000000711, 15.00000000000001243 ) ) ;
#156 = LINE ( 'NONE', #1028, #117 ) ;
#157 = DIRECTION ( 'NONE',  ( 0.000000000000000000, 0.000000000000000000, 1.000000000000000000 ) ) ;
#158 = FACE_OUTER_BOUND ( 'NONE', #92, .T. ) ;
#159 = ORIENTED_EDGE ( 'NONE', *, *, #1100, .T. ) ;
#160 = ORIENTED_EDGE ( 'NONE', *, *, #1260, .F. ) ;
#161 = CARTESIAN_POINT ( 'NONE',  ( -44.00000000000018474, 56.00000000000000711, 10.30000000000001315 ) ) ;
#162 = AXIS2_PLACEMENT_3D ( 'NONE', #2561, #2575, #2844 ) ;
#163 = EDGE_CURVE ( 'NONE', #2510, #221, #2757, .T. ) ;
#164 = DIRECTION ( 'NONE',  ( -1.000000000000000000, 3.469446951953613400E-15, 1.387778780781445676E-16 ) ) ;
#165 = AXIS2_PLACEMENT_3D ( 'NONE', #2703, #2484, #2438 ) ;
#166 = AXIS2_PLACEMENT_3D ( 'NONE', #439, #1992, #1057 ) ;
#167 = EDGE_LOOP ( 'NONE', ( #1821, #1189, #1160, #2837 ) ) ;
#168 = EDGE_CURVE ( 'NONE', #236, #365, #1649, .T. ) ;
#169 = ORIENTED_EDGE ( 'NONE', *, *, #2119, .T. ) ;
#170 = CONICAL_SURFACE ( 'NONE', #262, 5.000000000000000888, 0.7853981633974488341 ) ;
#171 = VECTOR ( 'NONE', #2840, 1000.000000000000000 ) ;
#172 = EDGE_CURVE ( 'NONE', #2276, #1238, #2760, .T. ) ;
#173 = CARTESIAN_POINT ( 'NONE',  ( -41.55000000000036664, 106.0000000000000142, -12.75000000000000000 ) ) ;
#174 = CIRCLE ( 'NONE', #2688, 2.249999999999986233 ) ;
#175 = AXIS2_PLACEMENT_3D ( 'NONE', #1156, #59, #2046 ) ;
#176 = EDGE_CURVE ( 'NONE', #2111, #1112, #983, .T. ) ;
#177 = CIRCLE ( 'NONE', #2865, 15.00000000000001421 ) ;
#178 = CIRCLE ( 'NONE', #2305, 4.699999999999995737 ) ;
#179 = CARTESIAN_POINT ( 'NONE',  ( -38.99999999999999289, -1.040834085586084257E-14, 25.00000000000000000 ) ) ;
#180 = DIRECTION ( 'NONE',  ( -0.000000000000000000, 1.000000000000000000, -0.000000000000000000 ) ) ;
#181 = EDGE_LOOP ( 'NONE', ( #2425, #463 ) ) ;
#182 = CARTESIAN_POINT ( 'NONE',  ( 44.00000000000046185, 126.0000000000003411, 4.999999999999971578 ) ) ;
#183 = AXIS2_PLACEMENT_3D ( 'NONE', #1530, #1311, #2165 ) ;
#184 = ORIENTED_EDGE ( 'NONE', *, *, #118, .T. ) ;
#185 = ORIENTED_EDGE ( 'NONE', *, *, #1193, .F. ) ;
#186 = DIRECTION ( 'NONE',  ( 0.000000000000000000, 0.000000000000000000, -1.000000000000000000 ) ) ;
#187 = CARTESIAN_POINT ( 'NONE',  ( -44.00000000000042633, 126.0000000000000000, 24.99999999999999645 ) ) ;
#188 = ORIENTED_EDGE ( 'NONE', *, *, #2003, .T. ) ;
#189 = ORIENTED_EDGE ( 'NONE', *, *, #135, .F. ) ;
#190 = DIRECTION ( 'NONE',  ( 0.000000000000000000, 0.7071067811865471286, 0.7071067811865479058 ) ) ;
#191 = EDGE_CURVE ( 'NONE', #2620, #2312, #430, .T. ) ;
#192 = EDGE_CURVE ( 'NONE', #413, #2410, #2246, .T. ) ;
#193 = CARTESIAN_POINT ( 'NONE',  ( 41.55000000000036664, 106.0000000000000142, -14.99999999999998757 ) ) ;
#194 = DIRECTION ( 'NONE',  ( 8.659560562354937789E-17, 0.7071067811865471286, -0.7071067811865479058 ) ) ;
#195 = ORIENTED_EDGE ( 'NONE', *, *, #42, .T. ) ;
#196 = PLANE ( 'NONE',  #1748 ) ;
#197 = EDGE_CURVE ( 'NONE', #2608, #2410, #156, .T. ) ;
#198 = VERTEX_POINT ( 'NONE', #2413 ) ;
#199 = ORIENTED_EDGE ( 'NONE', *, *, #2003, .F. ) ;
#200 = LINE ( 'NONE', #1961, #263 ) ;
#201 = DIRECTION ( 'NONE',  ( -2.775557561562890365E-16, -2.753529326947408453E-17, -1.000000000000000000 ) ) ;
#202 = ORIENTED_EDGE ( 'NONE', *, *, #692, .T. ) ;
#203 = CARTESIAN_POINT ( 'NONE',  ( 44.00000000000019895, 56.00000000000000711, -14.99999999999998757 ) ) ;
#204 = ADVANCED_FACE ( 'NONE', ( #2378 ), #1545, .F. ) ;
#205 = LINE ( 'NONE', #380, #1780 ) ;
#206 = DIRECTION ( 'NONE',  ( 1.000000000000000000, -3.469446951953613400E-15, -1.387778780781445676E-16 ) ) ;
#207 = EDGE_LOOP ( 'NONE', ( #1231, #1418, #935, #872 ) ) ;
#208 = VERTEX_POINT ( 'NONE', #2369 ) ;
#209 = DIRECTION ( 'NONE',  ( 1.000000000000000000, -0.000000000000000000, 2.775557561562891351E-16 ) ) ;
#210 = DIRECTION ( 'NONE',  ( 0.000000000000000000, 0.000000000000000000, -1.000000000000000000 ) ) ;
#211 = CARTESIAN_POINT ( 'NONE',  ( -40.00000000000028422, 81.00000000000000000, -2.249999999999976907 ) ) ;
#212 = AXIS2_PLACEMENT_3D ( 'NONE', #607, #1481, #1050 ) ;
#213 = VECTOR ( 'NONE', #1855, 1000.000000000000000 ) ;
#214 = DIRECTION ( 'NONE',  ( -1.000000000000000000, -0.000000000000000000, 2.775557561562891351E-16 ) ) ;
#215 = CIRCLE ( 'NONE', #1831, 2.249999999999989786 ) ;
#216 = AXIS2_PLACEMENT_3D ( 'NONE', #2362, #387, #997 ) ;
#217 = DIRECTION ( 'NONE',  ( 1.000000000000000000, -0.000000000000000000, 2.775557561562891351E-16 ) ) ;
#218 = CIRCLE ( 'NONE', #35, 4.699999999999995737 ) ;
#219 = VECTOR ( 'NONE', #1329, 1000.000000000000000 ) ;
#220 = LINE ( 'NONE', #1285, #1923 ) ;
#221 = VERTEX_POINT ( 'NONE', #1284 ) ;
#222 = CARTESIAN_POINT ( 'NONE',  ( 44.00000000000019895, 56.00000000000000711, -10.29999999999999361 ) ) ;
#223 = AXIS2_PLACEMENT_3D ( 'NONE', #1813, #1609, #1579 ) ;
#224 = ORIENTED_EDGE ( 'NONE', *, *, #1619, .T. ) ;
#225 = CIRCLE ( 'NONE', #500, 2.000000000000001776 ) ;
#226 = ORIENTED_EDGE ( 'NONE', *, *, #292, .T. ) ;
#227 = CARTESIAN_POINT ( 'NONE',  ( 44.00000000000028422, 81.00000000000000000, 2.250000000000000444 ) ) ;
#228 = DIRECTION ( 'NONE',  ( -1.000000000000000000, 3.469446951953613400E-15, 1.387778780781445676E-16 ) ) ;
#229 = CARTESIAN_POINT ( 'NONE',  ( 30.00000000000000000, 0.000000000000000000, -19.99999999999998224 ) ) ;
#230 = DIRECTION ( 'NONE',  ( 0.000000000000000000, 0.000000000000000000, 1.000000000000000000 ) ) ;
#231 = DIRECTION ( 'NONE',  ( 1.000000000000000000, 3.469446951953613400E-15, -2.775557561562891351E-16 ) ) ;
#232 = DIRECTION ( 'NONE',  ( 1.000000000000000000, -0.000000000000000000, 2.775557561562891351E-16 ) ) ;
#233 = ORIENTED_EDGE ( 'NONE', *, *, #2527, .T. ) ;
#234 = CARTESIAN_POINT ( 'NONE',  ( 0.000000000000000000, 0.000000000000000000, 0.000000000000000000 ) ) ;
#235 = ORIENTED_EDGE ( 'NONE', *, *, #1889, .F. ) ;
#236 = VERTEX_POINT ( 'NONE', #2178 ) ;
#237 = CARTESIAN_POINT ( 'NONE',  ( -44.00000000000018474, 56.00000000000000711, 12.75000000000002309 ) ) ;
#238 = DIRECTION ( 'NONE',  ( 0.000000000000000000, -0.000000000000000000, 1.000000000000000000 ) ) ;
#239 = DIRECTION ( 'NONE',  ( -0.000000000000000000, 1.000000000000000000, -0.000000000000000000 ) ) ;
#240 = EDGE_CURVE ( 'NONE', #1253, #1125, #1268, .T. ) ;
#241 = CARTESIAN_POINT ( 'NONE',  ( -44.00000000000028422, 81.00000000000000000, -2.249999999999976019 ) ) ;
#242 = FACE_OUTER_BOUND ( 'NONE', #2220, .T. ) ;
#243 = DIRECTION ( 'NONE',  ( 0.000000000000000000, 2.168404344970991858E-16, 1.000000000000000000 ) ) ;
#244 = EDGE_LOOP ( 'NONE', ( #2169, #2711, #893, #470 ) ) ;
#245 = ORIENTED_EDGE ( 'NONE', *, *, #350, .F. ) ;
#246 = ORIENTED_EDGE ( 'NONE', *, *, #2140, .T. ) ;
#247 = CARTESIAN_POINT ( 'NONE',  ( -30.00000000000000000, 0.000000000000000000, 15.00000000000000000 ) ) ;
#248 = DIRECTION ( 'NONE',  ( -1.000000000000000000, -3.469446951953587368E-15, 0.000000000000000000 ) ) ;
#249 = ORIENTED_EDGE ( 'NONE', *, *, #289, .F. ) ;
#250 = DIRECTION ( 'NONE',  ( 0.7071067811865473507, 8.659560562354934091E-17, 0.7071067811865477948 ) ) ;
#251 = EDGE_CURVE ( 'NONE', #1543, #1719, #805, .T. ) ;
#252 = VECTOR ( 'NONE', #2777, 1000.000000000000000 ) ;
#253 = DIRECTION ( 'NONE',  ( 0.000000000000000000, 0.000000000000000000, -1.000000000000000000 ) ) ;
#254 = AXIS2_PLACEMENT_3D ( 'NONE', #1722, #2612, #1041 ) ;
#255 = DIRECTION ( 'NONE',  ( 0.000000000000000000, 0.000000000000000000, -1.000000000000000000 ) ) ;
#256 = EDGE_CURVE ( 'NONE', #1479, #75, #2631, .T. ) ;
#257 = VECTOR ( 'NONE', #1306, 1000.000000000000000 ) ;
#258 = ORIENTED_EDGE ( 'NONE', *, *, #1488, .F. ) ;
#259 = APPLICATION_PROTOCOL_DEFINITION ( 'international standard', 'config_control_design', 1994, #1849 ) ;
#260 = CIRCLE ( 'NONE', #1973, 2.000000000000001776 ) ;
#261 = ORIENTED_EDGE ( 'NONE', *, *, #2315, .T. ) ;
#262 = AXIS2_PLACEMENT_3D ( 'NONE', #1001, #741, #1856 ) ;
#263 = VECTOR ( 'NONE', #1976, 1000.000000000000000 ) ;
#264 = ORIENTED_EDGE ( 'NONE', *, *, #386, .T. ) ;
#265 = CARTESIAN_POINT ( 'NONE',  ( -40.00000000000044764, 126.0000000000000284, -25.00000000000000355 ) ) ;
#266 = PLANE ( 'NONE',  #725 ) ;
#267 = CIRCLE ( 'NONE', #2201, 2.249999999999988010 ) ;
#268 = ORIENTED_EDGE ( 'NONE', *, *, #1941, .F. ) ;
#269 = AXIS2_PLACEMENT_3D ( 'NONE', #18, #622, #2415 ) ;
#270 = DIRECTION ( 'NONE',  ( 1.000000000000000000, -0.000000000000000000, 2.775557561562891351E-16 ) ) ;
#271 = ORIENTED_EDGE ( 'NONE', *, *, #192, .T. ) ;
#272 = CARTESIAN_POINT ( 'NONE',  ( -39.00000000000000000, 0.9999999999999974465, -25.00000000000000000 ) ) ;
#273 = DIRECTION ( 'NONE',  ( 3.469446951953611033E-15, -1.000000000000000000, 0.000000000000000000 ) ) ;
#274 = ADVANCED_FACE ( 'NONE', ( #1954 ), #1735, .F. ) ;
#275 = VERTEX_POINT ( 'NONE', #1296 ) ;
#276 = CALENDAR_DATE ( 2026, 30, 6 ) ;
#277 = EDGE_CURVE ( 'NONE', #1479, #1288, #2580, .T. ) ;
#278 = EDGE_LOOP ( 'NONE', ( #1665, #1958, #1819, #2060 ) ) ;
#279 = DIRECTION ( 'NONE',  ( -0.000000000000000000, 1.000000000000000000, -0.000000000000000000 ) ) ;
#280 = DIRECTION ( 'NONE',  ( -1.000000000000000000, -0.000000000000000000, 2.775557561562891351E-16 ) ) ;
#281 = DIRECTION ( 'NONE',  ( -3.469446951953635094E-15, 1.000000000000000000, 0.000000000000000000 ) ) ;
#282 = ORIENTED_EDGE ( 'NONE', *, *, #2483, .T. ) ;
#283 = ORIENTED_EDGE ( 'NONE', *, *, #2082, .F. ) ;
#284 = CARTESIAN_POINT ( 'NONE',  ( -44.00000000000028422, 81.00000000000000000, 1.221245327087672037E-14 ) ) ;
#285 = VERTEX_POINT ( 'NONE', #2188 ) ;
#286 = CARTESIAN_POINT ( 'NONE',  ( -40.00000000000037659, 106.0000000000000142, -14.99999999999998934 ) ) ;
#287 = LINE ( 'NONE', #1996, #1501 ) ;
#288 = DATE_AND_TIME ( #276, #540 ) ;
#289 = EDGE_CURVE ( 'NONE', #1079, #1015, #2199, .T. ) ;
#290 = EDGE_CURVE ( 'NONE', #1218, #1712, #205, .T. ) ;
#291 = VERTEX_POINT ( 'NONE', #1251 ) ;
#292 = EDGE_CURVE ( 'NONE', #291, #1531, #1966, .T. ) ;
#293 = DIRECTION ( 'NONE',  ( 1.000000000000000000, -0.000000000000000000, 2.775557561562891351E-16 ) ) ;
#294 = LINE ( 'NONE', #1591, #996 ) ;
#295 = ADVANCED_FACE ( 'NONE', ( #1942 ), #1594, .F. ) ;
#296 = FACE_OUTER_BOUND ( 'NONE', #1765, .T. ) ;
#297 = EDGE_LOOP ( 'NONE', ( #346, #169, #2792, #698 ) ) ;
#298 = DIRECTION ( 'NONE',  ( -3.083952846181006649E-15, -1.000000000000000000, 0.000000000000000000 ) ) ;
#299 = LINE ( 'NONE', #84, #403 ) ;
#300 = CARTESIAN_POINT ( 'NONE',  ( 44.00000000000046185, 126.0000000000003411, 4.999999999999971578 ) ) ;
#301 = FACE_BOUND ( 'NONE', #1811, .T. ) ;
#302 = APPROVAL_STATUS ( 'not_yet_approved' ) ;
#303 = VECTOR ( 'NONE', #542, 1000.000000000000000 ) ;
#304 = ORIENTED_EDGE ( 'NONE', *, *, #1512, .T. ) ;
#305 = DIRECTION ( 'NONE',  ( 1.000000000000000000, -0.000000000000000000, 2.775557561562891351E-16 ) ) ;
#306 = VECTOR ( 'NONE', #2399, 1000.000000000000000 ) ;
#307 = AXIS2_PLACEMENT_3D ( 'NONE', #1962, #2433, #2470 ) ;
#308 = DIRECTION ( 'NONE',  ( 0.000000000000000000, 0.000000000000000000, 1.000000000000000000 ) ) ;
#309 = DIRECTION ( 'NONE',  ( -0.7071067811865477948, 8.659560562354934091E-17, -0.7071067811865473507 ) ) ;
#310 = AXIS2_PLACEMENT_3D ( 'NONE', #1876, #1208, #2350 ) ;
#311 = ORIENTED_EDGE ( 'NONE', *, *, #2422, .F. ) ;
#312 = CIRCLE ( 'NONE', #1227, 2.249999999999988010 ) ;
#313 = CARTESIAN_POINT ( 'NONE',  ( 30.00000000000000000, -2.250000000000000000, 20.00000000000000000 ) ) ;
#314 = AXIS2_PLACEMENT_3D ( 'NONE', #2216, #2471, #230 ) ;
#315 = CONICAL_SURFACE ( 'NONE', #2546, 4.699999999999995737, 0.7853981633974482790 ) ;
#316 = AXIS2_PLACEMENT_3D ( 'NONE', #1430, #340, #1664 ) ;
#317 = AXIS2_PLACEMENT_3D ( 'NONE', #1586, #516, #2053 ) ;
#318 = DIRECTION ( 'NONE',  ( -0.000000000000000000, 1.000000000000000000, -0.000000000000000000 ) ) ;
#319 = ORIENTED_EDGE ( 'NONE', *, *, #2422, .T. ) ;
#320 = CARTESIAN_POINT ( 'NONE',  ( -44.00000000000041922, 124.0000000000000000, 24.99999999999999645 ) ) ;
#321 = AXIS2_PLACEMENT_3D ( 'NONE', #851, #2380, #666 ) ;
#322 = LINE ( 'NONE', #547, #490 ) ;
#323 = ORIENTED_EDGE ( 'NONE', *, *, #1561, .T. ) ;
#324 = DIRECTION ( 'NONE',  ( 1.000000000000000000, -0.000000000000000000, 2.775557561562891351E-16 ) ) ;
#325 = CARTESIAN_POINT ( 'NONE',  ( 44.00000000000019895, 56.00000000000000711, -14.99999999999998757 ) ) ;
#326 = CARTESIAN_POINT ( 'NONE',  ( -30.00000000000000000, 0.000000000000000000, 20.00000000000000000 ) ) ;
#327 = EDGE_LOOP ( 'NONE', ( #1046, #1395, #1423, #268 ) ) ;
#328 = CARTESIAN_POINT ( 'NONE',  ( 30.00000000000000000, 0.000000000000000000, -19.99999999999998224 ) ) ;
#329 = EDGE_CURVE ( 'NONE', #1112, #2111, #941, .T. ) ;
#330 = CARTESIAN_POINT ( 'NONE',  ( 30.00000000000000000, 0.000000000000000000, -19.99999999999998224 ) ) ;
#331 = VERTEX_POINT ( 'NONE', #2605 ) ;
#332 = DIRECTION ( 'NONE',  ( 3.700743415417184787E-15, -1.000000000000000000, 0.000000000000000000 ) ) ;
#333 = ORIENTED_EDGE ( 'NONE', *, *, #2358, .F. ) ;
#334 = ORIENTED_EDGE ( 'NONE', *, *, #841, .T. ) ;
#335 = ADVANCED_FACE ( 'NONE', ( #1527 ), #355, .F. ) ;
#336 = CARTESIAN_POINT ( 'NONE',  ( 44.00000000000043343, 126.0000000000000000, -23.00000000000000000 ) ) ;
#337 = ORIENTED_EDGE ( 'NONE', *, *, #14, .F. ) ;
#338 = LINE ( 'NONE', #1440, #252 ) ;
#339 = CARTESIAN_POINT ( 'NONE',  ( -30.00000000000000000, -4.000000000000011546, 20.00000000000000000 ) ) ;
#340 = DIRECTION ( 'NONE',  ( 1.000000000000000000, -0.000000000000000000, 2.775557561562891351E-16 ) ) ;
#341 = ORIENTED_EDGE ( 'NONE', *, *, #1686, .F. ) ;
#342 = EDGE_CURVE ( 'NONE', #2034, #1055, #2832, .T. ) ;
#343 = DIRECTION ( 'NONE',  ( 1.000000000000000000, 0.000000000000000000, 0.000000000000000000 ) ) ;
#344 = CARTESIAN_POINT ( 'NONE',  ( 40.00000000000036238, 106.0000000000000142, -14.99999999999998934 ) ) ;
#345 = DIRECTION ( 'NONE',  ( 0.000000000000000000, 0.000000000000000000, 1.000000000000000000 ) ) ;
#346 = ORIENTED_EDGE ( 'NONE', *, *, #888, .T. ) ;
#347 = ORIENTED_EDGE ( 'NONE', *, *, #756, .T. ) ;
#348 = EDGE_CURVE ( 'NONE', #2695, #373, #2158, .T. ) ;
#349 = CARTESIAN_POINT ( 'NONE',  ( -40.00000000000018474, 56.00000000000000711, 15.00000000000001066 ) ) ;
#350 = EDGE_CURVE ( 'NONE', #765, #1032, #1826, .T. ) ;
#351 = ORIENTED_EDGE ( 'NONE', *, *, #1583, .T. ) ;
#352 = DIRECTION ( 'NONE',  ( 0.000000000000000000, 0.000000000000000000, -1.000000000000000000 ) ) ;
#353 = CARTESIAN_POINT ( 'NONE',  ( -41.55000000000035243, 106.0000000000000142, 17.25000000000000000 ) ) ;
#354 = CARTESIAN_POINT ( 'NONE',  ( 41.55000000000035243, 106.0000000000000142, 15.00000000000001243 ) ) ;
#355 = CONICAL_SURFACE ( 'NONE', #212, 4.699999999999995737, 0.7853981633974482790 ) ;
#356 = EDGE_LOOP ( 'NONE', ( #1998, #2541, #1517, #9 ) ) ;
#357 = CIRCLE ( 'NONE', #2011, 4.699999999999993960 ) ;
#358 = CARTESIAN_POINT ( 'NONE',  ( -39.99999999999999289, 0.000000000000000000, 25.00000000000000000 ) ) ;
#359 = CONICAL_SURFACE ( 'NONE', #989, 4.699999999999995737, 0.7853981633974482790 ) ;
#360 = AXIS2_PLACEMENT_3D ( 'NONE', #1116, #875, #1535 ) ;
#361 = CIRCLE ( 'NONE', #1978, 4.699999999999995737 ) ;
#362 = VECTOR ( 'NONE', #842, 1000.000000000000000 ) ;
#363 = FACE_OUTER_BOUND ( 'NONE', #1077, .T. ) ;
#364 = DIRECTION ( 'NONE',  ( -0.000000000000000000, 1.000000000000000000, -0.000000000000000000 ) ) ;
#365 = VERTEX_POINT ( 'NONE', #2729 ) ;
#366 = CIRCLE ( 'NONE', #2456, 4.699999999999997513 ) ;
#367 = ORIENTED_EDGE ( 'NONE', *, *, #1777, .F. ) ;
#368 = DIRECTION ( 'NONE',  ( 0.000000000000000000, 0.000000000000000000, 1.000000000000000000 ) ) ;
#369 = ORIENTED_EDGE ( 'NONE', *, *, #63, .F. ) ;
#370 = DIRECTION ( 'NONE',  ( 1.000000000000000000, 3.469446951953614583E-15, -2.775557561562891351E-16 ) ) ;
#371 = CARTESIAN_POINT ( 'NONE',  ( -44.00000000000019895, 56.00000000000000711, -17.24999999999997513 ) ) ;
#372 = DIRECTION ( 'NONE',  ( -0.000000000000000000, 1.000000000000000000, -0.000000000000000000 ) ) ;
#373 = VERTEX_POINT ( 'NONE', #730 ) ;
#374 = CARTESIAN_POINT ( 'NONE',  ( -44.00000000000035527, 106.0000000000000142, 15.00000000000001243 ) ) ;
#375 = FACE_BOUND ( 'NONE', #2652, .T. ) ;
#376 = FACE_OUTER_BOUND ( 'NONE', #414, .T. ) ;
#377 = EDGE_LOOP ( 'NONE', ( #2391, #478, #2743, #2694 ) ) ;
#378 = ORIENTED_EDGE ( 'NONE', *, *, #2047, .F. ) ;
#379 = FACE_OUTER_BOUND ( 'NONE', #278, .T. ) ;
#380 = CARTESIAN_POINT ( 'NONE',  ( 44.00000000000018474, 56.00000000000000711, 17.25000000000000000 ) ) ;
#381 = EDGE_CURVE ( 'NONE', #95, #1661, #68, .T. ) ;
#382 = DIRECTION ( 'NONE',  ( 0.000000000000000000, 0.000000000000000000, 1.000000000000000000 ) ) ;
#383 = CARTESIAN_POINT ( 'NONE',  ( 44.00000000000035527, 106.0000000000000142, 15.00000000000001243 ) ) ;
#384 = EDGE_CURVE ( 'NONE', #1531, #2173, #2343, .T. ) ;
#385 = ORIENTED_EDGE ( 'NONE', *, *, #793, .T. ) ;
#386 = EDGE_CURVE ( 'NONE', #743, #412, #2392, .T. ) ;
#387 = DIRECTION ( 'NONE',  ( -1.000000000000000000, -3.469446951953613400E-15, 2.775557561562891351E-16 ) ) ;
#388 = ADVANCED_FACE ( 'NONE', ( #242 ), #2093, .F. ) ;
#389 = FACE_BOUND ( 'NONE', #485, .T. ) ;
#390 = ADVANCED_FACE ( 'NONE', ( #891 ), #1970, .F. ) ;
#391 = ORIENTED_EDGE ( 'NONE', *, *, #799, .T. ) ;
#392 = EDGE_LOOP ( 'NONE', ( #2464, #2131, #1917, #2828 ) ) ;
#393 = DIRECTION ( 'NONE',  ( 1.000000000000000000, -0.000000000000000000, 2.775557561562891351E-16 ) ) ;
#394 = DIRECTION ( 'NONE',  ( 0.7071067811865477948, 0.000000000000000000, -0.7071067811865473507 ) ) ;
#395 = DIRECTION ( 'NONE',  ( 0.000000000000000000, 0.000000000000000000, 1.000000000000000000 ) ) ;
#396 = CYLINDRICAL_SURFACE ( 'NONE', #183, 2.000000000000001776 ) ;
#397 = ORIENTED_EDGE ( 'NONE', *, *, #1860, .F. ) ;
#398 = ORIENTED_EDGE ( 'NONE', *, *, #1860, .T. ) ;
#399 = CARTESIAN_POINT ( 'NONE',  ( 40.00000000000036238, 106.0000000000000142, 12.75000000000002132 ) ) ;
#400 = VECTOR ( 'NONE', #370, 1000.000000000000000 ) ;
#401 = CYLINDRICAL_SURFACE ( 'NONE', #2016, 2.249999999999988010 ) ;
#402 = CIRCLE ( 'NONE', #1926, 4.699999999999995737 ) ;
#403 = VECTOR ( 'NONE', #2674, 1000.000000000000000 ) ;
#404 = EDGE_LOOP ( 'NONE', ( #828, #1400, #2087, #1959 ) ) ;
#405 = ORIENTED_EDGE ( 'NONE', *, *, #1190, .T. ) ;
#406 = AXIS2_PLACEMENT_3D ( 'NONE', #513, #2725, #2702 ) ;
#407 = DIRECTION ( 'NONE',  ( -3.469446951953611033E-15, -1.000000000000000000, 0.000000000000000000 ) ) ;
#408 = VECTOR ( 'NONE', #1354, 1000.000000000000000 ) ;
#409 = ORIENTED_EDGE ( 'NONE', *, *, #1490, .F. ) ;
#410 = DIRECTION ( 'NONE',  ( 0.000000000000000000, 0.000000000000000000, 1.000000000000000000 ) ) ;
#411 = CARTESIAN_POINT ( 'NONE',  ( -38.99999999999999289, -1.040834085586084257E-14, -25.00000000000000000 ) ) ;
#412 = VERTEX_POINT ( 'NONE', #2232 ) ;
#413 = VERTEX_POINT ( 'NONE', #1173 ) ;
#414 = EDGE_LOOP ( 'NONE', ( #1732, #1861, #1606, #1484 ) ) ;
#415 = DIRECTION ( 'NONE',  ( 1.000000000000000000, 3.469446951953613400E-15, -2.775557561562891351E-16 ) ) ;
#416 = CARTESIAN_POINT ( 'NONE',  ( 40.00000000000036238, 106.0000000000000142, -12.75000000000000178 ) ) ;
#417 = EDGE_CURVE ( 'NONE', #1339, #2796, #1596, .T. ) ;
#418 = ORIENTED_EDGE ( 'NONE', *, *, #2852, .T. ) ;
#419 = CARTESIAN_POINT ( 'NONE',  ( -44.00000000000036948, 106.0000000000000142, -12.75000000000000000 ) ) ;
#420 = EDGE_CURVE ( 'NONE', #1261, #853, #299, .T. ) ;
#421 = DIRECTION ( 'NONE',  ( -3.469446951953611033E-15, 1.000000000000000000, 0.000000000000000000 ) ) ;
#422 = CARTESIAN_POINT ( 'NONE',  ( -44.00000000000028422, 81.00000000000000000, 1.221245327087672037E-14 ) ) ;
#423 = DIRECTION ( 'NONE',  ( -1.000000000000000000, -3.469446951953614583E-15, 2.775557561562891351E-16 ) ) ;
#424 = ORIENTED_EDGE ( 'NONE', *, *, #835, .T. ) ;
#425 = ORIENTED_EDGE ( 'NONE', *, *, #1830, .F. ) ;
#426 = CARTESIAN_POINT ( 'NONE',  ( 30.00000000000000000, 0.000000000000000000, -14.99999999999998579 ) ) ;
#427 = CARTESIAN_POINT ( 'NONE',  ( -30.00000000000000000, -4.000000000000011546, -22.74999999999998224 ) ) ;
#428 = FACE_BOUND ( 'NONE', #2650, .T. ) ;
#429 = DIRECTION ( 'NONE',  ( -1.000000000000000000, -0.000000000000000000, 2.775557561562891351E-16 ) ) ;
#430 = LINE ( 'NONE', #1063, #2536 ) ;
#431 = CARTESIAN_POINT ( 'NONE',  ( 44.00000000000019895, 56.00000000000000711, -12.75000000000000000 ) ) ;
#432 = ORIENTED_EDGE ( 'NONE', *, *, #503, .F. ) ;
#433 = DIRECTION ( 'NONE',  ( 1.000000000000000000, -0.000000000000000000, 2.775557561562891351E-16 ) ) ;
#434 = ORIENTED_EDGE ( 'NONE', *, *, #197, .F. ) ;
#435 = EDGE_LOOP ( 'NONE', ( #603, #2286, #1497, #1244 ) ) ;
#436 = LINE ( 'NONE', #237, #219 ) ;
#437 = FACE_BOUND ( 'NONE', #1312, .T. ) ;
#438 = AXIS2_PLACEMENT_3D ( 'NONE', #2267, #688, #1165 ) ;
#439 = CARTESIAN_POINT ( 'NONE',  ( 44.00000000000018474, 56.00000000000000711, 15.00000000000001243 ) ) ;
#440 = AXIS2_PLACEMENT_3D ( 'NONE', #1017, #1225, #962 ) ;
#441 = CIRCLE ( 'NONE', #1499, 15.00000000000001421 ) ;
#442 = CARTESIAN_POINT ( 'NONE',  ( 30.00000000000000000, 0.000000000000000000, 20.00000000000000000 ) ) ;
#443 = VECTOR ( 'NONE', #190, 1000.000000000000000 ) ;
#444 = AXIS2_PLACEMENT_3D ( 'NONE', #1245, #554, #2127 ) ;
#445 = DIRECTION ( 'NONE',  ( 1.000000000000000000, 3.469446951953613400E-15, -2.775557561562891351E-16 ) ) ;
#446 = AXIS2_PLACEMENT_3D ( 'NONE', #140, #2329, #2110 ) ;
#447 = AXIS2_PLACEMENT_3D ( 'NONE', #1948, #2418, #1781 ) ;
#448 = CARTESIAN_POINT ( 'NONE',  ( -30.00000000000000000, 0.000000000000000000, 20.00000000000000000 ) ) ;
#449 = ORIENTED_EDGE ( 'NONE', *, *, #596, .T. ) ;
#450 = MECHANICAL_CONTEXT ( 'NONE', #1476, 'mechanical' ) ;
#451 = EDGE_LOOP ( 'NONE', ( #775, #2781, #2707, #1249 ) ) ;
#452 = CIRCLE ( 'NONE', #2594, 5.000000000000000888 ) ;
#453 = EDGE_CURVE ( 'NONE', #2410, #413, #675, .T. ) ;
#454 = VERTEX_POINT ( 'NONE', #679 ) ;
#455 = FACE_OUTER_BOUND ( 'NONE', #1997, .T. ) ;
#456 = ADVANCED_FACE ( 'NONE', ( #2299 ), #1108, .F. ) ;
#457 = DIRECTION ( 'NONE',  ( 0.000000000000000000, 1.000000000000000000, 0.000000000000000000 ) ) ;
#458 = EDGE_CURVE ( 'NONE', #2518, #208, #755, .T. ) ;
#459 = CARTESIAN_POINT ( 'NONE',  ( 44.00000000000042633, 126.0000000000000000, -25.00000000000000000 ) ) ;
#460 = DIRECTION ( 'NONE',  ( 0.000000000000000000, 0.000000000000000000, 1.000000000000000000 ) ) ;
#461 = DIRECTION ( 'NONE',  ( 1.000000000000000000, 0.000000000000000000, 0.000000000000000000 ) ) ;
#462 = DIRECTION ( 'NONE',  ( -1.000000000000000000, -0.000000000000000000, -0.000000000000000000 ) ) ;
#463 = ORIENTED_EDGE ( 'NONE', *, *, #2044, .F. ) ;
#464 = PERSON_AND_ORGANIZATION_ROLE ( 'creator' ) ;
#465 = ORIENTED_EDGE ( 'NONE', *, *, #112, .T. ) ;
#466 = ORIENTED_EDGE ( 'NONE', *, *, #1566, .T. ) ;
#467 = DIRECTION ( 'NONE',  ( -0.000000000000000000, 1.000000000000000000, -0.000000000000000000 ) ) ;
#468 = EDGE_CURVE ( 'NONE', #720, #2190, #1204, .T. ) ;
#469 = DIRECTION ( 'NONE',  ( 0.000000000000000000, 0.000000000000000000, 1.000000000000000000 ) ) ;
#470 = ORIENTED_EDGE ( 'NONE', *, *, #2313, .T. ) ;
#471 = EDGE_CURVE ( 'NONE', #2773, #1478, #357, .T. ) ;
#472 = DIRECTION ( 'NONE',  ( 1.000000000000000000, -3.491481338843133355E-15, -1.387778780781445676E-16 ) ) ;
#473 = EDGE_CURVE ( 'NONE', #1511, #331, #32, .T. ) ;
#474 = LINE ( 'NONE', #1362, #1458 ) ;
#475 = CARTESIAN_POINT ( 'NONE',  ( 40.00000000000000711, 0.9999999999999940048, 25.00000000000000000 ) ) ;
#476 = EDGE_LOOP ( 'NONE', ( #712, #47, #2553, #2602 ) ) ;
#477 = COORDINATED_UNIVERSAL_TIME_OFFSET ( 8, 0, .AHEAD. ) ;
#478 = ORIENTED_EDGE ( 'NONE', *, *, #2659, .F. ) ;
#479 = VERTEX_POINT ( 'NONE', #1537 ) ;
#480 = CARTESIAN_POINT ( 'NONE',  ( -39.00000000000000000, 0.9999999999999974465, 24.99999999999999645 ) ) ;
#481 = CARTESIAN_POINT ( 'NONE',  ( -44.00000000000042633, 126.0000000000000000, 21.88194301613413373 ) ) ;
#482 = VERTEX_POINT ( 'NONE', #2083 ) ;
#483 = DIRECTION ( 'NONE',  ( -1.000000000000000000, -0.000000000000000000, 2.775557561562891351E-16 ) ) ;
#484 = AXIS2_PLACEMENT_3D ( 'NONE', #878, #5, #2423 ) ;
#485 = EDGE_LOOP ( 'NONE', ( #311, #1301 ) ) ;
#486 = DIRECTION ( 'NONE',  ( -3.083952846181006649E-15, -1.000000000000000000, 0.000000000000000000 ) ) ;
#487 = AXIS2_PLACEMENT_3D ( 'NONE', #2461, #2512, #461 ) ;
#488 = EDGE_CURVE ( 'NONE', #995, #1333, #94, .T. ) ;
#489 = DIRECTION ( 'NONE',  ( -1.000000000000000000, -0.000000000000000000, 2.775557561562891351E-16 ) ) ;
#490 = VECTOR ( 'NONE', #2321, 1000.000000000000000 ) ;
#491 = VERTEX_POINT ( 'NONE', #2442 ) ;
#492 = SHAPE_DEFINITION_REPRESENTATION ( #1599, #1672 ) ;
#493 = VECTOR ( 'NONE', #270, 1000.000000000000000 ) ;
#494 = EDGE_LOOP ( 'NONE', ( #258, #2331, #581, #959 ) ) ;
#495 = AXIS2_PLACEMENT_3D ( 'NONE', #2242, #917, #253 ) ;
#496 = AXIS2_PLACEMENT_3D ( 'NONE', #963, #90, #2520 ) ;
#497 = LINE ( 'NONE', #1372, #1635 ) ;
#498 = DIRECTION ( 'NONE',  ( 0.000000000000000000, 0.000000000000000000, 1.000000000000000000 ) ) ;
#499 = CARTESIAN_POINT ( 'NONE',  ( -41.55000000000018900, 56.00000000000000711, -14.99999999999998757 ) ) ;
#500 = AXIS2_PLACEMENT_3D ( 'NONE', #1051, #206, #1029 ) ;
#501 = ORIENTED_EDGE ( 'NONE', *, *, #2138, .F. ) ;
#502 = CARTESIAN_POINT ( 'NONE',  ( -30.00000000000000000, -2.250000000000000000, 20.00000000000000000 ) ) ;
#503 = EDGE_CURVE ( 'NONE', #798, #995, #628, .T. ) ;
#504 = DIRECTION ( 'NONE',  ( -0.000000000000000000, -2.168404344970991858E-16, -1.000000000000000000 ) ) ;
#505 = EDGE_CURVE ( 'NONE', #1531, #546, #2387, .T. ) ;
#506 = DIRECTION ( 'NONE',  ( -0.7071067811865477948, 8.659560562354934091E-17, -0.7071067811865473507 ) ) ;
#507 = APPROVAL_STATUS ( 'not_yet_approved' ) ;
#508 = ORIENTED_EDGE ( 'NONE', *, *, #348, .F. ) ;
#509 = EDGE_LOOP ( 'NONE', ( #1652, #385, #351, #1607, #369, #1564, #779, #34, #1158, #1181, #425 ) ) ;
#510 = DIRECTION ( 'NONE',  ( -3.083952846181006649E-15, -1.000000000000000000, 0.000000000000000000 ) ) ;
#511 = LINE ( 'NONE', #1186, #408 ) ;
#512 = VERTEX_POINT ( 'NONE', #150 ) ;
#513 = CARTESIAN_POINT ( 'NONE',  ( -44.00000000000036948, 106.0000000000000142, -14.99999999999998757 ) ) ;
#514 = CARTESIAN_POINT ( 'NONE',  ( -40.00000000000018474, 56.00000000000000711, 15.00000000000001066 ) ) ;
#515 = CARTESIAN_POINT ( 'NONE',  ( 44.00000000000036948, 106.0000000000000142, -12.75000000000000000 ) ) ;
#516 = DIRECTION ( 'NONE',  ( -0.000000000000000000, -0.000000000000000000, 1.000000000000000000 ) ) ;
#517 = APPROVAL_DATE_TIME ( #2235, #1203 ) ;
#518 = ORIENTED_EDGE ( 'NONE', *, *, #797, .F. ) ;
#519 = DIRECTION ( 'NONE',  ( 0.000000000000000000, 0.000000000000000000, -1.000000000000000000 ) ) ;
#520 = CARTESIAN_POINT ( 'NONE',  ( 40.00000000000043343, 126.0000000000000284, -23.00000000000000000 ) ) ;
#521 = LINE ( 'NONE', #914, #2816 ) ;
#522 = EDGE_LOOP ( 'NONE', ( #1848, #839, #1944, #2708 ) ) ;
#523 = CARTESIAN_POINT ( 'NONE',  ( -40.00000000000044054, 126.0000000000000284, -11.88194301613414439 ) ) ;
#524 = DIRECTION ( 'NONE',  ( 1.000000000000000000, -0.000000000000000000, 2.775557561562891351E-16 ) ) ;
#525 = DIRECTION ( 'NONE',  ( -0.000000000000000000, -0.000000000000000000, 1.000000000000000000 ) ) ;
#526 = FACE_BOUND ( 'NONE', #181, .T. ) ;
#527 = ORIENTED_EDGE ( 'NONE', *, *, #290, .F. ) ;
#528 = DIRECTION ( 'NONE',  ( 1.000000000000000000, 0.000000000000000000, 0.000000000000000000 ) ) ;
#529 = VECTOR ( 'NONE', #139, 1000.000000000000000 ) ;
#530 = CARTESIAN_POINT ( 'NONE',  ( -41.55000000000018900, 56.00000000000000711, -14.99999999999998757 ) ) ;
#531 = CARTESIAN_POINT ( 'NONE',  ( 38.99999999999996447, -4.000000000000012434, -24.99999999999998579 ) ) ;
#532 = ADVANCED_FACE ( 'NONE', ( #2794 ), #401, .F. ) ;
#533 = VECTOR ( 'NONE', #771, 1000.000000000000000 ) ;
#534 = ORIENTED_EDGE ( 'NONE', *, *, #1539, .T. ) ;
#535 = CONICAL_SURFACE ( 'NONE', #444, 5.000000000000000888, 0.7853981633974488341 ) ;
#536 = ADVANCED_FACE ( 'NONE', ( #1705 ), #813, .F. ) ;
#537 = CARTESIAN_POINT ( 'NONE',  ( 44.00000000000042633, 124.0000000000000000, -23.00000000000000000 ) ) ;
#538 = VECTOR ( 'NONE', #882, 999.9999999999998863 ) ;
#539 = ADVANCED_FACE ( 'NONE', ( #1869 ), #2342, .F. ) ;
#540 = LOCAL_TIME ( 23, 15, 46.00000000000000000, #1380 ) ;
#541 = AXIS2_PLACEMENT_3D ( 'NONE', #448, #180, #395 ) ;
#542 = DIRECTION ( 'NONE',  ( 1.387778780781445676E-16, -0.000000000000000000, 1.000000000000000000 ) ) ;
#543 = ORIENTED_EDGE ( 'NONE', *, *, #2227, .T. ) ;
#544 = DIRECTION ( 'NONE',  ( -1.000000000000000000, -3.469446951953614583E-15, 2.775557561562891351E-16 ) ) ;
#545 = VECTOR ( 'NONE', #1738, 1000.000000000000000 ) ;
#546 = VERTEX_POINT ( 'NONE', #124 ) ;
#547 = CARTESIAN_POINT ( 'NONE',  ( -40.00000000000000711, 0.9999999999999940048, -25.00000000000000000 ) ) ;
#548 = EDGE_CURVE ( 'NONE', #2045, #365, #2295, .T. ) ;
#549 = VERTEX_POINT ( 'NONE', #2363 ) ;
#550 = LINE ( 'NONE', #1396, #2389 ) ;
#551 = FACE_OUTER_BOUND ( 'NONE', #1072, .T. ) ;
#552 = DIRECTION ( 'NONE',  ( 0.000000000000000000, 0.000000000000000000, 1.000000000000000000 ) ) ;
#553 = ORIENTED_EDGE ( 'NONE', *, *, #2273, .F. ) ;
#554 = DIRECTION ( 'NONE',  ( -0.000000000000000000, 1.000000000000000000, -0.000000000000000000 ) ) ;
#555 = EDGE_CURVE ( 'NONE', #2375, #932, #1829, .T. ) ;
#556 = DIRECTION ( 'NONE',  ( 0.000000000000000000, 0.000000000000000000, 1.000000000000000000 ) ) ;
#557 = DIRECTION ( 'NONE',  ( -0.000000000000000000, 1.000000000000000000, -0.000000000000000000 ) ) ;
#558 = ORIENTED_EDGE ( 'NONE', *, *, #176, .F. ) ;
#559 = VERTEX_POINT ( 'NONE', #2569 ) ;
#560 = DIRECTION ( 'NONE',  ( -3.469446951953613400E-15, -1.000000000000000000, 0.000000000000000000 ) ) ;
#561 = EDGE_LOOP ( 'NONE', ( #1899, #2346, #304, #119 ) ) ;
#562 = CARTESIAN_POINT ( 'NONE',  ( 38.99999999999996447, -4.000000000000012434, -25.00000000000000000 ) ) ;
#563 = DIRECTION ( 'NONE',  ( 0.000000000000000000, 0.000000000000000000, 1.000000000000000000 ) ) ;
#564 = CARTESIAN_POINT ( 'NONE',  ( -44.00000000000042633, 126.0000000000000000, 24.99999999999999645 ) ) ;
#565 = ORIENTED_EDGE ( 'NONE', *, *, #1220, .F. ) ;
#566 = CYLINDRICAL_SURFACE ( 'NONE', #946, 2.000000000000001776 ) ;
#567 = DIRECTION ( 'NONE',  ( 1.000000000000000000, 3.469446951953613400E-15, -2.775557561562891351E-16 ) ) ;
#568 = DIRECTION ( 'NONE',  ( 1.000000000000000000, -0.000000000000000000, 2.775557561562891351E-16 ) ) ;
#569 = ORIENTED_EDGE ( 'NONE', *, *, #888, .F. ) ;
#570 = ORIENTED_EDGE ( 'NONE', *, *, #2191, .F. ) ;
#571 = EDGE_CURVE ( 'NONE', #2240, #2449, #717, .T. ) ;
#572 = DIRECTION ( 'NONE',  ( -1.000000000000000000, -0.000000000000000000, 2.775557561562891351E-16 ) ) ;
#573 = ORIENTED_EDGE ( 'NONE', *, *, #46, .F. ) ;
#574 = CARTESIAN_POINT ( 'NONE',  ( 44.00000000000036948, 106.0000000000000142, -14.99999999999998757 ) ) ;
#575 = FACE_OUTER_BOUND ( 'NONE', #327, .T. ) ;
#576 = CYLINDRICAL_SURFACE ( 'NONE', #1462, 5.000000000000011546 ) ;
#577 = CIRCLE ( 'NONE', #440, 15.00000000000001421 ) ;
#578 = ORIENTED_EDGE ( 'NONE', *, *, #46, .T. ) ;
#579 = AXIS2_PLACEMENT_3D ( 'NONE', #2143, #567, #602 ) ;
#580 = CARTESIAN_POINT ( 'NONE',  ( 44.00000000000041922, 124.0000000000000000, -25.00000000000000000 ) ) ;
#581 = ORIENTED_EDGE ( 'NONE', *, *, #2622, .T. ) ;
#582 = AXIS2_PLACEMENT_3D ( 'NONE', #2460, #1334, #486 ) ;
#583 = AXIS2_PLACEMENT_3D ( 'NONE', #703, #1582, #1357 ) ;
#584 = ADVANCED_FACE ( 'NONE', ( #587, #1022, #2805, #375, #389, #2826 ), #1903, .F. ) ;
#585 = AXIS2_PLACEMENT_3D ( 'NONE', #2514, #568, #2770 ) ;
#586 = AXIS2_PLACEMENT_3D ( 'NONE', #1822, #72, #510 ) ;
#587 = FACE_BOUND ( 'NONE', #1069, .T. ) ;
#588 = DIRECTION ( 'NONE',  ( 0.000000000000000000, 0.000000000000000000, 1.000000000000000000 ) ) ;
#589 = ORIENTED_EDGE ( 'NONE', *, *, #1394, .T. ) ;
#590 = VECTOR ( 'NONE', #897, 1000.000000000000000 ) ;
#591 = VERTEX_POINT ( 'NONE', #1246 ) ;
#592 = EDGE_CURVE ( 'NONE', #1201, #1956, #1477, .T. ) ;
#593 = EDGE_CURVE ( 'NONE', #479, #1164, #1034, .T. ) ;
#594 = AXIS2_PLACEMENT_3D ( 'NONE', #1287, #1299, #1945 ) ;
#595 = DIRECTION ( 'NONE',  ( 1.000000000000000000, -0.000000000000000000, 2.775557561562891351E-16 ) ) ;
#596 = EDGE_CURVE ( 'NONE', #2139, #1646, #441, .T. ) ;
#597 = CARTESIAN_POINT ( 'NONE',  ( 44.00000000000035527, 106.0000000000000142, 10.30000000000001492 ) ) ;
#598 = DIRECTION ( 'NONE',  ( 0.000000000000000000, 0.000000000000000000, -1.000000000000000000 ) ) ;
#599 = CARTESIAN_POINT ( 'NONE',  ( 40.00000000000042633, 124.0000000000000142, 23.00000000000000000 ) ) ;
#600 = ORIENTED_EDGE ( 'NONE', *, *, #2085, .F. ) ;
#601 = LINE ( 'NONE', #105, #1275 ) ;
#602 = DIRECTION ( 'NONE',  ( -3.469446951953613400E-15, 1.000000000000000000, 0.000000000000000000 ) ) ;
#603 = ORIENTED_EDGE ( 'NONE', *, *, #1918, .F. ) ;
#604 = ORIENTED_EDGE ( 'NONE', *, *, #835, .F. ) ;
#605 = CYLINDRICAL_SURFACE ( 'NONE', #674, 2.000000000000001776 ) ;
#606 = CC_DESIGN_PERSON_AND_ORGANIZATION_ASSIGNMENT ( #1123, #464, ( #2672 ) ) ;
#607 = CARTESIAN_POINT ( 'NONE',  ( -44.00000000000019895, 56.00000000000000711, -14.99999999999998757 ) ) ;
#608 = DIRECTION ( 'NONE',  ( -0.000000000000000000, 1.000000000000000000, -0.000000000000000000 ) ) ;
#609 = ORIENTED_EDGE ( 'NONE', *, *, #2501, .T. ) ;
#610 = DIRECTION ( 'NONE',  ( 1.000000000000000000, -0.000000000000000000, 2.775557561562891351E-16 ) ) ;
#611 = ORIENTED_EDGE ( 'NONE', *, *, #26, .F. ) ;
#612 = ORIENTED_EDGE ( 'NONE', *, *, #1570, .F. ) ;
#613 = DIRECTION ( 'NONE',  ( 1.000000000000000000, -0.000000000000000000, 2.775557561562891351E-16 ) ) ;
#614 = EDGE_CURVE ( 'NONE', #2618, #1218, #2539, .T. ) ;
#615 = CARTESIAN_POINT ( 'NONE',  ( -38.99999999999999289, -1.040834085586084257E-14, -25.00000000000000000 ) ) ;
#616 = ORIENTED_EDGE ( 'NONE', *, *, #1703, .T. ) ;
#617 = ORIENTED_EDGE ( 'NONE', *, *, #329, .F. ) ;
#618 = DIRECTION ( 'NONE',  ( -1.000000000000000000, 0.000000000000000000, 1.387778780781445676E-16 ) ) ;
#619 = DIRECTION ( 'NONE',  ( -1.000000000000000000, -3.469446951953613400E-15, 2.775557561562891351E-16 ) ) ;
#620 = CYLINDRICAL_SURFACE ( 'NONE', #1749, 2.749999999999999112 ) ;
#621 = ORIENTED_EDGE ( 'NONE', *, *, #2386, .F. ) ;
#622 = DIRECTION ( 'NONE',  ( -0.000000000000000000, -2.168404344970991858E-16, -1.000000000000000000 ) ) ;
#623 = EDGE_LOOP ( 'NONE', ( #323, #801, #644, #1352, #2009, #141, #2762, #2308, #1684, #261, #56 ) ) ;
#624 = ORIENTED_EDGE ( 'NONE', *, *, #168, .F. ) ;
#625 = VECTOR ( 'NONE', #744, 1000.000000000000000 ) ;
#626 = CARTESIAN_POINT ( 'NONE',  ( -44.00000000000018474, 56.00000000000000711, 15.00000000000001243 ) ) ;
#627 = EDGE_CURVE ( 'NONE', #512, #2010, #2555, .T. ) ;
#628 = CIRCLE ( 'NONE', #120, 1.999999999999988010 ) ;
#629 = DIRECTION ( 'NONE',  ( 1.000000000000000000, 0.000000000000000000, 0.000000000000000000 ) ) ;
#630 = AXIS2_PLACEMENT_3D ( 'NONE', #1426, #1196, #111 ) ;
#631 = CIRCLE ( 'NONE', #1875, 2.249999999999988010 ) ;
#632 = EDGE_CURVE ( 'NONE', #2637, #643, #1739, .T. ) ;
#633 = ORIENTED_EDGE ( 'NONE', *, *, #2852, .F. ) ;
#634 = CIRCLE ( 'NONE', #2687, 5.000000000000000888 ) ;
#635 = CARTESIAN_POINT ( 'NONE',  ( -30.00000000000000000, -2.250000000000000000, 17.25000000000000000 ) ) ;
#636 = AXIS2_PLACEMENT_3D ( 'NONE', #1841, #1823, #281 ) ;
#637 = AXIS2_PLACEMENT_3D ( 'NONE', #931, #718, #705 ) ;
#638 =( GEOMETRIC_REPRESENTATION_CONTEXT ( 3 ) GLOBAL_UNCERTAINTY_ASSIGNED_CONTEXT ( ( #2437 ) ) GLOBAL_UNIT_ASSIGNED_CONTEXT ( ( #2619, #870, #654 ) ) REPRESENTATION_CONTEXT ( 'NONE', 'WORKASPACE' ) );
#639 = CARTESIAN_POINT ( 'NONE',  ( -39.99999999999999289, 0.000000000000000000, 25.00000000000000000 ) ) ;
#640 = CARTESIAN_POINT ( 'NONE',  ( 40.00000000000042633, 123.9999999999999858, 21.88194301613407333 ) ) ;
#641 = CARTESIAN_POINT ( 'NONE',  ( 44.00000000000044054, 126.0000000000000000, 21.88194301613407333 ) ) ;
#642 = ADVANCED_FACE ( 'NONE', ( #363 ), #2583, .F. ) ;
#643 = VERTEX_POINT ( 'NONE', #416 ) ;
#644 = ORIENTED_EDGE ( 'NONE', *, *, #2230, .T. ) ;
#645 = DIRECTION ( 'NONE',  ( 1.000000000000000000, -0.000000000000000000, 2.775557561562891351E-16 ) ) ;
#646 = CARTESIAN_POINT ( 'NONE',  ( -30.00000000000000000, 0.000000000000000000, -19.99999999999998224 ) ) ;
#647 = ORIENTED_EDGE ( 'NONE', *, *, #1830, .T. ) ;
#648 = CARTESIAN_POINT ( 'NONE',  ( -41.55000000000027427, 81.00000000000000000, 2.250000000000000000 ) ) ;
#649 = ADVANCED_FACE ( 'NONE', ( #1291 ), #1750, .F. ) ;
#650 = DIRECTION ( 'NONE',  ( -1.000000000000000000, 3.491481338843133355E-15, 1.387778780781445676E-16 ) ) ;
#651 = DIRECTION ( 'NONE',  ( 1.000000000000000000, -0.000000000000000000, 2.775557561562891351E-16 ) ) ;
#652 = DIRECTION ( 'NONE',  ( -1.000000000000000000, -0.000000000000000000, 2.775557561562891351E-16 ) ) ;
#653 = ORIENTED_EDGE ( 'NONE', *, *, #939, .F. ) ;
#654 =( NAMED_UNIT ( * ) SI_UNIT ( $, .STERADIAN. ) SOLID_ANGLE_UNIT ( ) );
#655 = ORIENTED_EDGE ( 'NONE', *, *, #1152, .T. ) ;
#656 = ORIENTED_EDGE ( 'NONE', *, *, #1222, .F. ) ;
#657 = CARTESIAN_POINT ( 'NONE',  ( -40.00000000000019895, 56.00000000000000711, -12.75000000000000178 ) ) ;
#658 = DIRECTION ( 'NONE',  ( -3.700743415417184787E-15, -1.000000000000000000, 0.000000000000000000 ) ) ;
#659 = DIRECTION ( 'NONE',  ( -6.938893903907222067E-15, -1.000000000000000000, 2.168404344971006896E-16 ) ) ;
#660 = CARTESIAN_POINT ( 'NONE',  ( 40.00000000000027001, 81.00000000000000000, 2.249999999999999556 ) ) ;
#661 = ADVANCED_FACE ( 'NONE', ( #2690 ), #12, .F. ) ;
#662 = ADVANCED_FACE ( 'NONE', ( #860 ), #1271, .F. ) ;
#663 = DIRECTION ( 'NONE',  ( 1.000000000000000000, 3.469446951953613400E-15, -2.775557561562891351E-16 ) ) ;
#664 = LINE ( 'NONE', #431, #1604 ) ;
#665 = ORIENTED_EDGE ( 'NONE', *, *, #2227, .F. ) ;
#666 = DIRECTION ( 'NONE',  ( 0.000000000000000000, 0.000000000000000000, 1.000000000000000000 ) ) ;
#667 = EDGE_CURVE ( 'NONE', #1155, #1073, #2627, .T. ) ;
#668 = EDGE_LOOP ( 'NONE', ( #1986, #202, #2205, #2027 ) ) ;
#669 = ORIENTED_EDGE ( 'NONE', *, *, #2742, .T. ) ;
#670 = DIRECTION ( 'NONE',  ( -1.000000000000000000, -0.000000000000000000, 2.775557561562891351E-16 ) ) ;
#671 = CARTESIAN_POINT ( 'NONE',  ( 30.00000000000000000, 0.000000000000000000, 15.00000000000000355 ) ) ;
#672 = LINE ( 'NONE', #2670, #171 ) ;
#673 = CONICAL_SURFACE ( 'NONE', #2198, 4.699999999999995737, 0.7853981633974482790 ) ;
#674 = AXIS2_PLACEMENT_3D ( 'NONE', #1074, #650, #407 ) ;
#675 = CIRCLE ( 'NONE', #2719, 2.750000000000002665 ) ;
#676 = DIRECTION ( 'NONE',  ( -0.7071067811865473507, 0.000000000000000000, 0.7071067811865477948 ) ) ;
#677 = VECTOR ( 'NONE', #4, 1000.000000000000000 ) ;
#678 = EDGE_CURVE ( 'NONE', #491, #1988, #1407, .T. ) ;
#679 = CARTESIAN_POINT ( 'NONE',  ( 40.00000000000018474, 56.00000000000000711, -17.24999999999997868 ) ) ;
#680 = AXIS2_PLACEMENT_3D ( 'NONE', #1845, #557, #345 ) ;
#681 = CARTESIAN_POINT ( 'NONE',  ( 40.00000000000000000, 0.9999999999999870104, -24.99999999999998579 ) ) ;
#682 = VERTEX_POINT ( 'NONE', #2458 ) ;
#683 = FACE_OUTER_BOUND ( 'NONE', #2185, .T. ) ;
#684 = ADVANCED_FACE ( 'NONE', ( #2 ), #1180, .F. ) ;
#685 = CIRCLE ( 'NONE', #1701, 2.249999999999988010 ) ;
#686 = ORIENTED_EDGE ( 'NONE', *, *, #277, .F. ) ;
#687 = EDGE_CURVE ( 'NONE', #1201, #2510, #2420, .T. ) ;
#688 = DIRECTION ( 'NONE',  ( 1.000000000000000000, -0.000000000000000000, 2.775557561562891351E-16 ) ) ;
#689 = CARTESIAN_POINT ( 'NONE',  ( 44.00000000000042633, 126.0000000000000000, -25.00000000000000000 ) ) ;
#690 = VECTOR ( 'NONE', #2864, 999.9999999999998863 ) ;
#691 = FACE_OUTER_BOUND ( 'NONE', #815, .T. ) ;
#692 = EDGE_CURVE ( 'NONE', #1491, #1671, #672, .T. ) ;
#693 = ORIENTED_EDGE ( 'NONE', *, *, #876, .T. ) ;
#694 = DIRECTION ( 'NONE',  ( 1.000000000000000000, 3.469446951953613400E-15, -2.775557561562891351E-16 ) ) ;
#695 = CARTESIAN_POINT ( 'NONE',  ( 39.00000000000000000, 0.9999999999999885647, -24.99999999999998579 ) ) ;
#696 = CARTESIAN_POINT ( 'NONE',  ( 41.55000000000017479, 56.00000000000000711, 17.25000000000000000 ) ) ;
#697 = ORIENTED_EDGE ( 'NONE', *, *, #692, .F. ) ;
#698 = ORIENTED_EDGE ( 'NONE', *, *, #922, .F. ) ;
#699 = ORIENTED_EDGE ( 'NONE', *, *, #1192, .F. ) ;
#700 = CARTESIAN_POINT ( 'NONE',  ( -40.00000000000000711, -4.000000000000000000, -25.00000000000000000 ) ) ;
#701 = FACE_OUTER_BOUND ( 'NONE', #668, .T. ) ;
#702 = EDGE_LOOP ( 'NONE', ( #2345, #1872 ) ) ;
#703 = CARTESIAN_POINT ( 'NONE',  ( -41.55000000000035243, 106.0000000000000142, 15.00000000000001243 ) ) ;
#704 = DIRECTION ( 'NONE',  ( 3.469446951953613400E-15, 1.000000000000000000, -0.000000000000000000 ) ) ;
#705 = DIRECTION ( 'NONE',  ( 0.000000000000000000, 0.000000000000000000, 1.000000000000000000 ) ) ;
#706 = ORIENTED_EDGE ( 'NONE', *, *, #1490, .T. ) ;
#707 = DATE_AND_TIME ( #1809, #1047 ) ;
#708 = EDGE_LOOP ( 'NONE', ( #2835, #2181 ) ) ;
#709 = ORIENTED_EDGE ( 'NONE', *, *, #488, .T. ) ;
#710 = CARTESIAN_POINT ( 'NONE',  ( -30.00000000000000000, 0.000000000000000000, -19.99999999999998224 ) ) ;
#711 = DIRECTION ( 'NONE',  ( 1.000000000000000000, 3.469446951953614583E-15, -2.775557561562891351E-16 ) ) ;
#712 = ORIENTED_EDGE ( 'NONE', *, *, #1772, .F. ) ;
#713 = EDGE_CURVE ( 'NONE', #1055, #682, #2228, .T. ) ;
#714 = DIRECTION ( 'NONE',  ( 0.000000000000000000, 0.000000000000000000, 1.000000000000000000 ) ) ;
#715 = AXIS2_PLACEMENT_3D ( 'NONE', #1514, #1713, #2595 ) ;
#716 = LINE ( 'NONE', #241, #1553 ) ;
#717 = CIRCLE ( 'NONE', #2490, 4.699999999999995737 ) ;
#718 = DIRECTION ( 'NONE',  ( -0.000000000000000000, 1.000000000000000000, -0.000000000000000000 ) ) ;
#719 = VECTOR ( 'NONE', #1137, 1000.000000000000000 ) ;
#720 = VERTEX_POINT ( 'NONE', #648 ) ;
#721 = CIRCLE ( 'NONE', #1508, 1.999999999999988010 ) ;
#722 = ORIENTED_EDGE ( 'NONE', *, *, #292, .F. ) ;
#723 = PLANE ( 'NONE',  #2168 ) ;
#724 = CYLINDRICAL_SURFACE ( 'NONE', #223, 2.249999999999989786 ) ;
#725 = AXIS2_PLACEMENT_3D ( 'NONE', #746, #737, #2058 ) ;
#726 = AXIS2_PLACEMENT_3D ( 'NONE', #422, #2862, #1928 ) ;
#727 = ORIENTED_EDGE ( 'NONE', *, *, #1960, .T. ) ;
#728 = PRODUCT_DEFINITION_FORMATION_WITH_SPECIFIED_SOURCE ( '�', '', #2038, .NOT_KNOWN. ) ;
#729 = DIRECTION ( 'NONE',  ( -3.469446951953611033E-15, 1.000000000000000000, 0.000000000000000000 ) ) ;
#730 = CARTESIAN_POINT ( 'NONE',  ( 44.00000000000046185, 124.2352941176471006, -9.895832073059532163 ) ) ;
#731 = DIRECTION ( 'NONE',  ( 0.000000000000000000, 0.000000000000000000, -1.000000000000000000 ) ) ;
#732 = EDGE_CURVE ( 'NONE', #1610, #2312, #1502, .T. ) ;
#733 = LINE ( 'NONE', #2262, #1551 ) ;
#734 = EDGE_LOOP ( 'NONE', ( #1707, #1708, #2452, #1740 ) ) ;
#735 = EDGE_LOOP ( 'NONE', ( #1500, #1313, #2717, #1799 ) ) ;
#736 = CARTESIAN_POINT ( 'NONE',  ( -44.00000000000035527, 106.0000000000000142, 19.70000000000000995 ) ) ;
#737 = DIRECTION ( 'NONE',  ( 3.491481338843133355E-15, -1.000000000000000000, -9.690807431081786425E-31 ) ) ;
#738 = ORIENTED_EDGE ( 'NONE', *, *, #1686, .T. ) ;
#739 = LINE ( 'NONE', #1402, #2348 ) ;
#740 = DIRECTION ( 'NONE',  ( -3.469446951953635094E-15, 1.000000000000000000, 0.000000000000000000 ) ) ;
#741 = DIRECTION ( 'NONE',  ( -0.000000000000000000, 1.000000000000000000, -0.000000000000000000 ) ) ;
#742 = DIRECTION ( 'NONE',  ( -1.000000000000000000, 3.469446951953613400E-15, 1.387778780781445676E-16 ) ) ;
#743 = VERTEX_POINT ( 'NONE', #1731 ) ;
#744 = DIRECTION ( 'NONE',  ( 0.7071067811865477948, 0.000000000000000000, -0.7071067811865473507 ) ) ;
#745 = DIRECTION ( 'NONE',  ( 1.000000000000000000, -0.000000000000000000, 2.775557561562891351E-16 ) ) ;
#746 = CARTESIAN_POINT ( 'NONE',  ( -44.00000000000044054, 126.0000000000000000, -25.00000000000000355 ) ) ;
#747 = EDGE_CURVE ( 'NONE', #546, #275, #2812, .T. ) ;
#748 = ORIENTED_EDGE ( 'NONE', *, *, #2085, .T. ) ;
#749 = CARTESIAN_POINT ( 'NONE',  ( 44.00000000000036948, 106.0000000000000142, -17.24999999999997513 ) ) ;
#750 = DIRECTION ( 'NONE',  ( -0.000000000000000000, 1.000000000000000000, -0.000000000000000000 ) ) ;
#751 = CARTESIAN_POINT ( 'NONE',  ( 44.00000000000028422, 81.00000000000000000, 1.221245327087672037E-14 ) ) ;
#752 = VERTEX_POINT ( 'NONE', #211 ) ;
#753 = AXIS2_PLACEMENT_3D ( 'NONE', #574, #133, #2531 ) ;
#754 = FACE_BOUND ( 'NONE', #881, .T. ) ;
#755 = CIRCLE ( 'NONE', #2763, 1.999999999999988010 ) ;
#756 = EDGE_CURVE ( 'NONE', #1641, #2866, #1086, .T. ) ;
#757 = EDGE_LOOP ( 'NONE', ( #1343, #880, #2846, #570 ) ) ;
#758 = DIRECTION ( 'NONE',  ( 0.000000000000000000, 2.168404344970991858E-16, 1.000000000000000000 ) ) ;
#759 = AXIS2_PLACEMENT_3D ( 'NONE', #786, #1673, #2528 ) ;
#760 = AXIS2_PLACEMENT_3D ( 'NONE', #1638, #2218, #1613 ) ;
#761 = CARTESIAN_POINT ( 'NONE',  ( -44.00000000000036948, 106.0000000000000142, -10.29999999999999183 ) ) ;
#762 = ADVANCED_FACE ( 'NONE', ( #2854, #898, #2184, #428, #2215, #23 ), #1784, .T. ) ;
#763 = DIRECTION ( 'NONE',  ( -0.000000000000000000, -0.000000000000000000, 1.000000000000000000 ) ) ;
#764 = CONICAL_SURFACE ( 'NONE', #2397, 5.000000000000000888, 0.7853981633974488341 ) ;
#765 = VERTEX_POINT ( 'NONE', #1571 ) ;
#766 = VECTOR ( 'NONE', #483, 1000.000000000000000 ) ;
#767 = FACE_OUTER_BOUND ( 'NONE', #1728, .T. ) ;
#768 = VECTOR ( 'NONE', #2371, 1000.000000000000000 ) ;
#769 = AXIS2_PLACEMENT_3D ( 'NONE', #2850, #856, #1758 ) ;
#770 = CARTESIAN_POINT ( 'NONE',  ( 40.00000000000036238, 106.0000000000000142, 15.00000000000001066 ) ) ;
#771 = DIRECTION ( 'NONE',  ( -1.000000000000000000, -3.491481338843133355E-15, 2.775557561562891351E-16 ) ) ;
#772 = ORIENTED_EDGE ( 'NONE', *, *, #2568, .F. ) ;
#773 = ORIENTED_EDGE ( 'NONE', *, *, #1257, .F. ) ;
#774 = FACE_OUTER_BOUND ( 'NONE', #2614, .T. ) ;
#775 = ORIENTED_EDGE ( 'NONE', *, *, #2230, .F. ) ;
#776 = CARTESIAN_POINT ( 'NONE',  ( 30.00000000000000000, -4.000000000000011546, -17.24999999999998224 ) ) ;
#777 = DIRECTION ( 'NONE',  ( 1.000000000000000000, -0.000000000000000000, 2.775557561562891351E-16 ) ) ;
#778 = DIRECTION ( 'NONE',  ( -1.000000000000000000, -0.000000000000000000, 2.775557561562891351E-16 ) ) ;
#779 = ORIENTED_EDGE ( 'NONE', *, *, #969, .T. ) ;
#780 = CARTESIAN_POINT ( 'NONE',  ( -30.00000000000000000, 0.000000000000000000, -19.99999999999998224 ) ) ;
#781 = ADVANCED_FACE ( 'NONE', ( #2656 ), #1105, .F. ) ;
#782 = DIRECTION ( 'NONE',  ( -1.000000000000000000, 3.469446951953613400E-15, 1.387778780781445676E-16 ) ) ;
#783 = DIRECTION ( 'NONE',  ( 3.469446951953613400E-15, -1.000000000000000000, 2.753529326947312310E-17 ) ) ;
#784 = ORIENTED_EDGE ( 'NONE', *, *, #2427, .T. ) ;
#785 = ORIENTED_EDGE ( 'NONE', *, *, #927, .F. ) ;
#786 = CARTESIAN_POINT ( 'NONE',  ( -44.00000000000043343, 124.0000000000000000, -23.00000000000000355 ) ) ;
#787 = DIRECTION ( 'NONE',  ( 0.000000000000000000, 0.000000000000000000, -1.000000000000000000 ) ) ;
#788 = CARTESIAN_POINT ( 'NONE',  ( 44.00000000000036948, 106.0000000000000142, -10.29999999999999361 ) ) ;
#789 = DIRECTION ( 'NONE',  ( 0.000000000000000000, 1.000000000000000000, 0.000000000000000000 ) ) ;
#790 = VERTEX_POINT ( 'NONE', #1854 ) ;
#791 = FACE_OUTER_BOUND ( 'NONE', #1010, .T. ) ;
#792 = ADVANCED_FACE ( 'NONE', ( #2281 ), #1376, .T. ) ;
#793 = EDGE_CURVE ( 'NONE', #2667, #1491, #260, .T. ) ;
#794 = DIRECTION ( 'NONE',  ( 0.000000000000000000, 2.168404344970991858E-16, 1.000000000000000000 ) ) ;
#795 = CARTESIAN_POINT ( 'NONE',  ( 30.00000000000000000, -2.250000000000000000, -22.74999999999998579 ) ) ;
#796 = VERTEX_POINT ( 'NONE', #64 ) ;
#797 = EDGE_CURVE ( 'NONE', #1032, #765, #1135, .T. ) ;
#798 = VERTEX_POINT ( 'NONE', #523 ) ;
#799 = EDGE_CURVE ( 'NONE', #752, #2535, #631, .T. ) ;
#800 = LINE ( 'NONE', #336, #1874 ) ;
#801 = ORIENTED_EDGE ( 'NONE', *, *, #2402, .T. ) ;
#802 = FACE_OUTER_BOUND ( 'NONE', #2489, .T. ) ;
#803 = DIRECTION ( 'NONE',  ( 0.000000000000000000, 0.7071067811865483499, 0.7071067811865467956 ) ) ;
#804 = CARTESIAN_POINT ( 'NONE',  ( -44.00000000000041922, 124.0000000000000000, 22.99999999999999645 ) ) ;
#805 = CIRCLE ( 'NONE', #1031, 4.699999999999995737 ) ;
#806 = ORIENTED_EDGE ( 'NONE', *, *, #1871, .F. ) ;
#807 = AXIS2_PLACEMENT_3D ( 'NONE', #115, #1429, #2800 ) ;
#808 = CARTESIAN_POINT ( 'NONE',  ( 40.00000000000000000, 0.9999999999999958922, 25.00000000000000000 ) ) ;
#809 = VECTOR ( 'NONE', #232, 1000.000000000000000 ) ;
#810 = AXIS2_PLACEMENT_3D ( 'NONE', #1678, #2611, #1214 ) ;
#811 = AXIS2_PLACEMENT_3D ( 'NONE', #1627, #364, #1669 ) ;
#812 = AXIS2_PLACEMENT_3D ( 'NONE', #1650, #975, #598 ) ;
#813 = CYLINDRICAL_SURFACE ( 'NONE', #1131, 2.249999999999988010 ) ;
#814 = CARTESIAN_POINT ( 'NONE',  ( -44.00000000000043343, 126.0000000000000284, 4.999999999999995559 ) ) ;
#815 = EDGE_LOOP ( 'NONE', ( #1369, #466, #1893, #1677 ) ) ;
#816 = AXIS2_PLACEMENT_3D ( 'NONE', #499, #1386, #2013 ) ;
#817 = AXIS2_PLACEMENT_3D ( 'NONE', #325, #777, #1851 ) ;
#818 = ORIENTED_EDGE ( 'NONE', *, *, #1792, .T. ) ;
#819 = CC_DESIGN_APPROVAL ( #884, ( #1704 ) ) ;
#820 = CARTESIAN_POINT ( 'NONE',  ( -41.55000000000018900, 56.00000000000000711, -17.24999999999997513 ) ) ;
#821 = EDGE_CURVE ( 'NONE', #1671, #790, #2241, .T. ) ;
#822 = ORIENTED_EDGE ( 'NONE', *, *, #1597, .F. ) ;
#823 = CARTESIAN_POINT ( 'NONE',  ( -44.00000000000041922, 124.0000000000000000, 21.88194301613413373 ) ) ;
#824 = LINE ( 'NONE', #1714, #1791 ) ;
#825 = EDGE_LOOP ( 'NONE', ( #600, #2609 ) ) ;
#826 = FACE_OUTER_BOUND ( 'NONE', #1589, .T. ) ;
#827 = ORIENTED_EDGE ( 'NONE', *, *, #678, .F. ) ;
#828 = ORIENTED_EDGE ( 'NONE', *, *, #1914, .F. ) ;
#829 = CARTESIAN_POINT ( 'NONE',  ( -30.00000000000000000, 0.000000000000000000, -25.00000000000000000 ) ) ;
#830 = EDGE_LOOP ( 'NONE', ( #604, #1065 ) ) ;
#831 = CARTESIAN_POINT ( 'NONE',  ( 40.00000000000018474, 56.00000000000000711, 15.00000000000001066 ) ) ;
#832 = ORIENTED_EDGE ( 'NONE', *, *, #453, .T. ) ;
#833 = VERTEX_POINT ( 'NONE', #1625 ) ;
#834 = CARTESIAN_POINT ( 'NONE',  ( -30.00000000000000000, 0.000000000000000000, 15.00000000000000000 ) ) ;
#835 = EDGE_CURVE ( 'NONE', #1164, #479, #1132, .T. ) ;
#836 = CARTESIAN_POINT ( 'NONE',  ( 40.00000000000044054, 126.0000000000000284, 25.00000000000000000 ) ) ;
#837 = DIRECTION ( 'NONE',  ( 0.000000000000000000, -1.000000000000000000, 2.168404344970991858E-16 ) ) ;
#838 = ORIENTED_EDGE ( 'NONE', *, *, #930, .F. ) ;
#839 = ORIENTED_EDGE ( 'NONE', *, *, #1026, .F. ) ;
#840 = EDGE_LOOP ( 'NONE', ( #2810, #62, #1443, #1140 ) ) ;
#841 = EDGE_CURVE ( 'NONE', #1073, #1155, #2451, .T. ) ;
#842 = DIRECTION ( 'NONE',  ( -1.000000000000000000, 3.491481338843133355E-15, 2.775557561562891351E-16 ) ) ;
#843 = DIRECTION ( 'NONE',  ( 1.387778780781445676E-16, -4.814824860968088757E-31, 1.000000000000000000 ) ) ;
#844 = EDGE_LOOP ( 'NONE', ( #2493, #109, #1518, #611 ) ) ;
#845 = ORIENTED_EDGE ( 'NONE', *, *, #2358, .T. ) ;
#846 = DIRECTION ( 'NONE',  ( -1.000000000000000000, 3.469446951953613400E-15, 1.387778780781445676E-16 ) ) ;
#847 = PRODUCT_RELATED_PRODUCT_CATEGORY ( 'detail', '', ( #2038 ) ) ;
#848 = DIRECTION ( 'NONE',  ( -0.7071067811865477948, 8.659560562354934091E-17, -0.7071067811865473507 ) ) ;
#849 = CYLINDRICAL_SURFACE ( 'NONE', #541, 2.749999999999999112 ) ;
#850 = ORIENTED_EDGE ( 'NONE', *, *, #1382, .T. ) ;
#851 = CARTESIAN_POINT ( 'NONE',  ( -30.00000000000000000, -4.000000000000011546, -19.99999999999998224 ) ) ;
#852 = EDGE_LOOP ( 'NONE', ( #1427, #1887, #669, #224 ) ) ;
#853 = VERTEX_POINT ( 'NONE', #2255 ) ;
#854 = ADVANCED_FACE ( 'NONE', ( #2081 ), #1742, .F. ) ;
#855 = AXIS2_PLACEMENT_3D ( 'NONE', #1674, #1414, #2323 ) ;
#856 = DIRECTION ( 'NONE',  ( -1.000000000000000000, 3.469446951953613400E-15, 1.387778780781445676E-16 ) ) ;
#857 = EDGE_CURVE ( 'NONE', #2096, #743, #1145, .T. ) ;
#858 = VECTOR ( 'NONE', #15, 1000.000000000000000 ) ;
#859 = ORIENTED_EDGE ( 'NONE', *, *, #2645, .T. ) ;
#860 = FACE_OUTER_BOUND ( 'NONE', #2300, .T. ) ;
#861 = CIRCLE ( 'NONE', #945, 2.249999999999988010 ) ;
#862 = AXIS2_PLACEMENT_3D ( 'NONE', #2002, #1521, #629 ) ;
#863 = ORIENTED_EDGE ( 'NONE', *, *, #1660, .F. ) ;
#864 = AXIS2_PLACEMENT_3D ( 'NONE', #2669, #2419, #2239 ) ;
#865 = CARTESIAN_POINT ( 'NONE',  ( 30.00000000000000000, 0.000000000000000000, 17.24999999999999645 ) ) ;
#866 = AXIS2_PLACEMENT_3D ( 'NONE', #2251, #1592, #2478 ) ;
#867 = VECTOR ( 'NONE', #462, 1000.000000000000000 ) ;
#868 = DIRECTION ( 'NONE',  ( 1.000000000000000000, 0.000000000000000000, 0.000000000000000000 ) ) ;
#869 = DIRECTION ( 'NONE',  ( 0.000000000000000000, 2.168404344970991858E-16, 1.000000000000000000 ) ) ;
#870 =( NAMED_UNIT ( * ) PLANE_ANGLE_UNIT ( ) SI_UNIT ( $, .RADIAN. ) );
#871 = ORIENTED_EDGE ( 'NONE', *, *, #1772, .T. ) ;
#872 = ORIENTED_EDGE ( 'NONE', *, *, #1800, .T. ) ;
#873 = DIRECTION ( 'NONE',  ( -3.469446951953635094E-15, 1.000000000000000000, 0.000000000000000000 ) ) ;
#874 = CARTESIAN_POINT ( 'NONE',  ( -44.00000000000036948, 106.0000000000000142, -10.29999999999999361 ) ) ;
#875 = DIRECTION ( 'NONE',  ( -1.000000000000000000, -0.000000000000000000, 2.775557561562891351E-16 ) ) ;
#876 = EDGE_CURVE ( 'NONE', #365, #2045, #1319, .T. ) ;
#877 = LINE ( 'NONE', #865, #257 ) ;
#878 = CARTESIAN_POINT ( 'NONE',  ( 44.00000000000028422, 81.00000000000000000, 1.221245327087672037E-14 ) ) ;
#879 = CARTESIAN_POINT ( 'NONE',  ( -44.00000000000018474, 56.00000000000000711, 15.00000000000001243 ) ) ;
#880 = ORIENTED_EDGE ( 'NONE', *, *, #911, .T. ) ;
#881 = EDGE_LOOP ( 'NONE', ( #1213, #2202 ) ) ;
#882 = DIRECTION ( 'NONE',  ( 8.659560562354925463E-17, 0.7071067811865483499, -0.7071067811865467956 ) ) ;
#883 = DIRECTION ( 'NONE',  ( -3.469446951953611033E-15, -1.000000000000000000, 0.000000000000000000 ) ) ;
#884 = APPROVAL ( #507, '未' ) ;
#885 = CARTESIAN_POINT ( 'NONE',  ( 30.00000000000000000, 0.000000000000000000, -19.99999999999998224 ) ) ;
#886 = EDGE_CURVE ( 'NONE', #2637, #1112, #2752, .T. ) ;
#887 = ADVANCED_FACE ( 'NONE', ( #2035 ), #2739, .F. ) ;
#888 = EDGE_CURVE ( 'NONE', #2535, #752, #312, .T. ) ;
#889 = CARTESIAN_POINT ( 'NONE',  ( -44.00000000000028422, 81.00000000000000000, 1.221245327087672037E-14 ) ) ;
#890 = ADVANCED_FACE ( 'NONE', ( #966 ), #2511, .T. ) ;
#891 = FACE_OUTER_BOUND ( 'NONE', #926, .T. ) ;
#892 = CARTESIAN_POINT ( 'NONE',  ( -44.00000000000035527, 106.0000000000000142, 12.75000000000002309 ) ) ;
#893 = ORIENTED_EDGE ( 'NONE', *, *, #1257, .T. ) ;
#894 = ORIENTED_EDGE ( 'NONE', *, *, #1709, .T. ) ;
#895 = ORIENTED_EDGE ( 'NONE', *, *, #886, .T. ) ;
#896 = CARTESIAN_POINT ( 'NONE',  ( 41.55000000000018900, 56.00000000000000711, -14.99999999999998757 ) ) ;
#897 = DIRECTION ( 'NONE',  ( -1.000000000000000000, -0.000000000000000000, 2.775557561562891351E-16 ) ) ;
#898 = FACE_BOUND ( 'NONE', #2869, .T. ) ;
#899 = AXIS2_PLACEMENT_3D ( 'NONE', #823, #619, #421 ) ;
#900 = AXIS2_PLACEMENT_3D ( 'NONE', #1775, #1573, #273 ) ;
#901 = DIRECTION ( 'NONE',  ( -1.000000000000000000, -0.000000000000000000, 2.775557561562891351E-16 ) ) ;
#902 = CIRCLE ( 'NONE', #495, 4.699999999999995737 ) ;
#903 = VECTOR ( 'NONE', #2599, 1000.000000000000000 ) ;
#904 = DIRECTION ( 'NONE',  ( 0.000000000000000000, 0.000000000000000000, 1.000000000000000000 ) ) ;
#905 = AXIS2_PLACEMENT_3D ( 'NONE', #2563, #2325, #789 ) ;
#906 = CIRCLE ( 'NONE', #2497, 2.249999999999988010 ) ;
#907 = LINE ( 'NONE', #1795, #953 ) ;
#908 = VERTEX_POINT ( 'NONE', #1388 ) ;
#909 = LOCAL_TIME ( 23, 15, 46.00000000000000000, #2474 ) ;
#910 = ORIENTED_EDGE ( 'NONE', *, *, #1146, .F. ) ;
#911 = EDGE_CURVE ( 'NONE', #412, #1892, #739, .T. ) ;
#912 = ORIENTED_EDGE ( 'NONE', *, *, #1522, .F. ) ;
#913 = CARTESIAN_POINT ( 'NONE',  ( 41.55000000000017479, 56.00000000000000711, 15.00000000000001243 ) ) ;
#914 = CARTESIAN_POINT ( 'NONE',  ( 44.00000000000046896, 124.2352941176471006, 19.89583207305947354 ) ) ;
#915 = ORIENTED_EDGE ( 'NONE', *, *, #1773, .T. ) ;
#916 = LINE ( 'NONE', #1805, #766 ) ;
#917 = DIRECTION ( 'NONE',  ( 1.000000000000000000, -0.000000000000000000, 2.775557561562891351E-16 ) ) ;
#918 = CARTESIAN_POINT ( 'NONE',  ( 40.00000000000038369, 111.0000000000002984, 4.999999999999971578 ) ) ;
#919 = EDGE_LOOP ( 'NONE', ( #57, #806 ) ) ;
#920 = PERSON_AND_ORGANIZATION_ROLE ( 'creator' ) ;
#921 = ORIENTED_EDGE ( 'NONE', *, *, #1901, .T. ) ;
#922 = EDGE_CURVE ( 'NONE', #2535, #720, #916, .T. ) ;
#923 = DIRECTION ( 'NONE',  ( 0.000000000000000000, 0.000000000000000000, 1.000000000000000000 ) ) ;
#924 = DIRECTION ( 'NONE',  ( 1.000000000000000000, 0.000000000000000000, 0.000000000000000000 ) ) ;
#925 = CARTESIAN_POINT ( 'NONE',  ( -40.00000000000019895, 56.00000000000000711, -17.24999999999997868 ) ) ;
#926 = EDGE_LOOP ( 'NONE', ( #621, #518, #1042, #706 ) ) ;
#927 = EDGE_CURVE ( 'NONE', #1437, #2620, #2114, .T. ) ;
#928 = DIRECTION ( 'NONE',  ( -1.000000000000000000, -0.000000000000000000, 2.775557561562891351E-16 ) ) ;
#929 = CARTESIAN_POINT ( 'NONE',  ( 40.00000000000042633, 124.2352941176470864, -9.895832073059530387 ) ) ;
#930 = EDGE_CURVE ( 'NONE', #291, #2099, #1444, .T. ) ;
#931 = CARTESIAN_POINT ( 'NONE',  ( -30.00000000000000000, -4.000000000000011546, -19.99999999999998224 ) ) ;
#932 = VERTEX_POINT ( 'NONE', #161 ) ;
#933 = DATE_TIME_ROLE ( 'classification_date' ) ;
#934 = ORIENTED_EDGE ( 'NONE', *, *, #1104, .T. ) ;
#935 = ORIENTED_EDGE ( 'NONE', *, *, #1633, .F. ) ;
#936 = FACE_OUTER_BOUND ( 'NONE', #2730, .T. ) ;
#937 = CARTESIAN_POINT ( 'NONE',  ( -44.00000000000018474, 56.00000000000000711, 10.30000000000001492 ) ) ;
#938 = ORIENTED_EDGE ( 'NONE', *, *, #927, .T. ) ;
#939 = EDGE_CURVE ( 'NONE', #291, #1479, #1036, .T. ) ;
#940 = DIRECTION ( 'NONE',  ( -0.000000000000000000, 1.000000000000000000, -0.000000000000000000 ) ) ;
#941 = CIRCLE ( 'NONE', #2061, 2.249999999999986233 ) ;
#942 = LINE ( 'NONE', #1555, #2018 ) ;
#943 = AXIS2_PLACEMENT_3D ( 'NONE', #1211, #2121, #157 ) ;
#944 = LINE ( 'NONE', #2485, #2252 ) ;
#945 = AXIS2_PLACEMENT_3D ( 'NONE', #1761, #429, #2197 ) ;
#946 = AXIS2_PLACEMENT_3D ( 'NONE', #1888, #2782, #1232 ) ;
#947 = EDGE_LOOP ( 'NONE', ( #827, #1699 ) ) ;
#948 = CIRCLE ( 'NONE', #1460, 1.000000000000007772 ) ;
#949 = DIRECTION ( 'NONE',  ( -1.000000000000000000, 3.469446951953613400E-15, 1.387778780781445676E-16 ) ) ;
#950 = DIRECTION ( 'NONE',  ( -0.000000000000000000, 1.000000000000000000, -0.000000000000000000 ) ) ;
#951 = DIRECTION ( 'NONE',  ( 0.000000000000000000, 0.000000000000000000, 1.000000000000000000 ) ) ;
#952 = CIRCLE ( 'NONE', #2072, 15.00000000000001421 ) ;
#953 = VECTOR ( 'NONE', #255, 1000.000000000000000 ) ;
#954 = ORIENTED_EDGE ( 'NONE', *, *, #1654, .F. ) ;
#955 = DIRECTION ( 'NONE',  ( 0.000000000000000000, 0.000000000000000000, 1.000000000000000000 ) ) ;
#956 = DIRECTION ( 'NONE',  ( 1.000000000000000000, 3.469446951953613400E-15, -2.775557561562891351E-16 ) ) ;
#957 = DIRECTION ( 'NONE',  ( -3.469446951953613400E-15, -1.000000000000000000, -0.000000000000000000 ) ) ;
#958 = MANIFOLD_SOLID_BREP ( '\X2\570689d2\X0\1', #2195 ) ;
#959 = ORIENTED_EDGE ( 'NONE', *, *, #1509, .T. ) ;
#960 = FACE_BOUND ( 'NONE', #825, .T. ) ;
#961 = ORIENTED_EDGE ( 'NONE', *, *, #1711, .F. ) ;
#962 = DIRECTION ( 'NONE',  ( 3.700743415417184787E-15, -1.000000000000000000, 0.000000000000000000 ) ) ;
#963 = CARTESIAN_POINT ( 'NONE',  ( -40.00000000000044764, 126.0000000000000284, 4.999999999999994671 ) ) ;
#964 = DIRECTION ( 'NONE',  ( 0.000000000000000000, -0.000000000000000000, 1.000000000000000000 ) ) ;
#965 = VERTEX_POINT ( 'NONE', #1700 ) ;
#966 = FACE_OUTER_BOUND ( 'NONE', #522, .T. ) ;
#967 = CARTESIAN_POINT ( 'NONE',  ( 44.00000000000046185, 124.2352941176473564, -9.895832073059564138 ) ) ;
#968 = CARTESIAN_POINT ( 'NONE',  ( -44.00000000000001421, -1.396592535537253342E-14, -25.00000000000000000 ) ) ;
#969 = EDGE_CURVE ( 'NONE', #1333, #559, #1455, .T. ) ;
#970 = ADVANCED_FACE ( 'NONE', ( #767 ), #566, .T. ) ;
#971 = FACE_BOUND ( 'NONE', #1629, .T. ) ;
#972 = ADVANCED_FACE ( 'NONE', ( #1900 ), #2588, .F. ) ;
#973 = ORIENTED_EDGE ( 'NONE', *, *, #2661, .T. ) ;
#974 = CARTESIAN_POINT ( 'NONE',  ( 44.00000000000018474, 56.00000000000000711, 15.00000000000001243 ) ) ;
#975 = DIRECTION ( 'NONE',  ( 1.000000000000000000, -0.000000000000000000, 2.775557561562891351E-16 ) ) ;
#976 = DIRECTION ( 'NONE',  ( -1.000000000000000000, 3.469446951953613400E-15, 1.387778780781445676E-16 ) ) ;
#977 = VERTEX_POINT ( 'NONE', #829 ) ;
#978 = CARTESIAN_POINT ( 'NONE',  ( 30.00000000000000000, 0.000000000000000000, -25.00000000000000000 ) ) ;
#979 = CARTESIAN_POINT ( 'NONE',  ( 38.99999999999999289, -1.235990476633475055E-14, -25.00000000000000000 ) ) ;
#980 = CARTESIAN_POINT ( 'NONE',  ( 30.00000000000000000, -4.000000000000011546, 17.24999999999999645 ) ) ;
#981 = ORIENTED_EDGE ( 'NONE', *, *, #2316, .T. ) ;
#982 = EDGE_LOOP ( 'NONE', ( #40, #2291, #822, #910 ) ) ;
#983 = CIRCLE ( 'NONE', #2292, 2.249999999999986233 ) ;
#984 = FACE_OUTER_BOUND ( 'NONE', #1153, .T. ) ;
#985 = CC_DESIGN_DATE_AND_TIME_ASSIGNMENT ( #2245, #933, ( #1704 ) ) ;
#986 = AXIS2_PLACEMENT_3D ( 'NONE', #885, #1550, #1981 ) ;
#987 = ORIENTED_EDGE ( 'NONE', *, *, #51, .T. ) ;
#988 = DIRECTION ( 'NONE',  ( -3.083952846181006649E-15, 1.000000000000000000, 0.000000000000000000 ) ) ;
#989 = AXIS2_PLACEMENT_3D ( 'NONE', #2573, #572, #2755 ) ;
#990 = AXIS2_PLACEMENT_3D ( 'NONE', #1815, #2293, #955 ) ;
#991 = LINE ( 'NONE', #2357, #80 ) ;
#992 = CYLINDRICAL_SURFACE ( 'NONE', #1647, 2.749999999999999112 ) ;
#993 = ADVANCED_FACE ( 'NONE', ( #791 ), #535, .F. ) ;
#994 = CIRCLE ( 'NONE', #864, 2.249999999999988010 ) ;
#995 = VERTEX_POINT ( 'NONE', #1475 ) ;
#996 = VECTOR ( 'NONE', #2057, 1000.000000000000000 ) ;
#997 = DIRECTION ( 'NONE',  ( -3.469446951953611033E-15, 1.000000000000000000, -1.734723475976805517E-15 ) ) ;
#998 = VECTOR ( 'NONE', #2269, 1000.000000000000000 ) ;
#999 = APPROVAL_PERSON_ORGANIZATION ( #67, #884, #1797 ) ;
#1000 = DIRECTION ( 'NONE',  ( 0.000000000000000000, 0.000000000000000000, 1.000000000000000000 ) ) ;
#1001 = CARTESIAN_POINT ( 'NONE',  ( -30.00000000000000000, 0.000000000000000000, -19.99999999999998224 ) ) ;
#1002 = EDGE_LOOP ( 'NONE', ( #1097, #573, #2585, #1003 ) ) ;
#1003 = ORIENTED_EDGE ( 'NONE', *, *, #2566, .F. ) ;
#1004 = DIRECTION ( 'NONE',  ( 0.000000000000000000, 0.000000000000000000, 1.000000000000000000 ) ) ;
#1005 = CARTESIAN_POINT ( 'NONE',  ( 44.00000000000018474, 56.00000000000000711, 10.30000000000001492 ) ) ;
#1006 = ADVANCED_FACE ( 'NONE', ( #1934 ), #2823, .F. ) ;
#1007 = DIRECTION ( 'NONE',  ( 0.000000000000000000, 0.000000000000000000, 1.000000000000000000 ) ) ;
#1008 = LINE ( 'NONE', #1676, #2403 ) ;
#1009 = ADVANCED_FACE ( 'NONE', ( #1720 ), #138, .F. ) ;
#1010 = EDGE_LOOP ( 'NONE', ( #1122, #2039, #1282, #1340 ) ) ;
#1011 = DIRECTION ( 'NONE',  ( 2.775557561562890365E-16, 2.753529326947408453E-17, 1.000000000000000000 ) ) ;
#1012 = CARTESIAN_POINT ( 'NONE',  ( -44.00000000000036948, 106.0000000000000142, -14.99999999999998757 ) ) ;
#1013 = DIRECTION ( 'NONE',  ( -3.469446951953611033E-15, 1.000000000000000000, 0.000000000000000000 ) ) ;
#1014 = ORIENTED_EDGE ( 'NONE', *, *, #1871, .T. ) ;
#1015 = VERTEX_POINT ( 'NONE', #2793 ) ;
#1016 = CYLINDRICAL_SURFACE ( 'NONE', #630, 2.249999999999988010 ) ;
#1017 = CARTESIAN_POINT ( 'NONE',  ( -44.00000000000043343, 126.0000000000000284, 4.999999999999995559 ) ) ;
#1018 = CARTESIAN_POINT ( 'NONE',  ( 44.00000000000028422, 81.00000000000000000, 1.221245327087672037E-14 ) ) ;
#1019 = DIRECTION ( 'NONE',  ( -6.938893903907222067E-15, -1.000000000000000000, 0.000000000000000000 ) ) ;
#1020 = EDGE_LOOP ( 'NONE', ( #527, #1624, #2434, #2571 ) ) ;
#1021 = LINE ( 'NONE', #1913, #903 ) ;
#1022 = FACE_BOUND ( 'NONE', #708, .T. ) ;
#1023 = DIRECTION ( 'NONE',  ( 0.000000000000000000, 0.000000000000000000, 1.000000000000000000 ) ) ;
#1024 = VERTEX_POINT ( 'NONE', #808 ) ;
#1025 = ORIENTED_EDGE ( 'NONE', *, *, #1488, .T. ) ;
#1026 = EDGE_CURVE ( 'NONE', #2796, #1963, #2579, .T. ) ;
#1027 = CARTESIAN_POINT ( 'NONE',  ( 44.00000000000000000, 0.9999999999999820144, 25.00000000000000000 ) ) ;
#1028 = CARTESIAN_POINT ( 'NONE',  ( 30.00000000000000000, 0.000000000000000000, -22.74999999999998579 ) ) ;
#1029 = DIRECTION ( 'NONE',  ( -3.469446951953611033E-15, -1.000000000000000000, 0.000000000000000000 ) ) ;
#1030 = CARTESIAN_POINT ( 'NONE',  ( 38.99999999999999289, -1.517883041479706208E-15, 25.00000000000000000 ) ) ;
#1031 = AXIS2_PLACEMENT_3D ( 'NONE', #1075, #1495, #1984 ) ;
#1032 = VERTEX_POINT ( 'NONE', #1420 ) ;
#1033 = CIRCLE ( 'NONE', #582, 2.249999999999988010 ) ;
#1034 = CIRCLE ( 'NONE', #1223, 2.249999999999988010 ) ;
#1035 = ORIENTED_EDGE ( 'NONE', *, *, #2746, .F. ) ;
#1036 = LINE ( 'NONE', #358, #2724 ) ;
#1037 = CIRCLE ( 'NONE', #1134, 4.699999999999995737 ) ;
#1038 = VECTOR ( 'NONE', #1461, 1000.000000000000000 ) ;
#1039 = CIRCLE ( 'NONE', #811, 2.749999999999999112 ) ;
#1040 = CIRCLE ( 'NONE', #1878, 2.249999999999988010 ) ;
#1041 = DIRECTION ( 'NONE',  ( 0.000000000000000000, 0.000000000000000000, 1.000000000000000000 ) ) ;
#1042 = ORIENTED_EDGE ( 'NONE', *, *, #2868, .T. ) ;
#1043 = ADVANCED_FACE ( 'NONE', ( #2314 ), #1786, .F. ) ;
#1044 = CIRCLE ( 'NONE', #636, 1.999999999999988010 ) ;
#1045 = VECTOR ( 'NONE', #1252, 1000.000000000000000 ) ;
#1046 = ORIENTED_EDGE ( 'NONE', *, *, #548, .F. ) ;
#1047 = LOCAL_TIME ( 23, 15, 46.00000000000000000, #1350 ) ;
#1048 = ADVANCED_FACE ( 'NONE', ( #2092 ), #2803, .F. ) ;
#1049 = DIRECTION ( 'NONE',  ( 3.469446951953611033E-15, -1.000000000000000000, 0.000000000000000000 ) ) ;
#1050 = DIRECTION ( 'NONE',  ( 0.000000000000000000, 0.000000000000000000, 1.000000000000000000 ) ) ;
#1051 = CARTESIAN_POINT ( 'NONE',  ( 44.00000000000042633, 124.0000000000000000, -23.00000000000000000 ) ) ;
#1052 = ORIENTED_EDGE ( 'NONE', *, *, #1276, .T. ) ;
#1053 = DIRECTION ( 'NONE',  ( 3.700743415417184787E-15, -1.000000000000000000, 0.000000000000000000 ) ) ;
#1054 = VERTEX_POINT ( 'NONE', #1202 ) ;
#1055 = VERTEX_POINT ( 'NONE', #2554 ) ;
#1056 = CYLINDRICAL_SURFACE ( 'NONE', #1834, 2.249999999999988010 ) ;
#1057 = DIRECTION ( 'NONE',  ( 0.000000000000000000, 0.000000000000000000, -1.000000000000000000 ) ) ;
#1058 = ORIENTED_EDGE ( 'NONE', *, *, #342, .F. ) ;
#1059 = VERTEX_POINT ( 'NONE', #1256 ) ;
#1060 = DIRECTION ( 'NONE',  ( 1.000000000000000000, -0.000000000000000000, 2.775557561562891351E-16 ) ) ;
#1061 = EDGE_CURVE ( 'NONE', #2221, #2240, #1021, .T. ) ;
#1062 = ORIENTED_EDGE ( 'NONE', *, *, #1509, .F. ) ;
#1063 = CARTESIAN_POINT ( 'NONE',  ( -44.00000000000035527, 106.0000000000000142, 10.30000000000001492 ) ) ;
#1064 = CARTESIAN_POINT ( 'NONE',  ( -40.00000000000000711, 0.000000000000000000, -25.00000000000000000 ) ) ;
#1065 = ORIENTED_EDGE ( 'NONE', *, *, #593, .F. ) ;
#1066 = CARTESIAN_POINT ( 'NONE',  ( -44.00000000000044054, 124.0000000000000000, -25.00000000000000355 ) ) ;
#1067 = EDGE_LOOP ( 'NONE', ( #1052, #1808, #160, #2404, #722, #2572, #1101, #686, #2381, #2319, #409, #727, #2152, #2506, #2644, #1289 ) ) ;
#1068 = EDGE_CURVE ( 'NONE', #2266, #2045, #601, .T. ) ;
#1069 = EDGE_LOOP ( 'NONE', ( #2030, #2507 ) ) ;
#1070 = CARTESIAN_POINT ( 'NONE',  ( -44.00000000000042633, 124.2352941176470580, 19.89583207305953394 ) ) ;
#1071 = DIRECTION ( 'NONE',  ( -1.000000000000000000, 0.000000000000000000, 2.775557561562890365E-16 ) ) ;
#1072 = EDGE_LOOP ( 'NONE', ( #2248, #2482, #2326, #2751 ) ) ;
#1073 = VERTEX_POINT ( 'NONE', #978 ) ;
#1074 = CARTESIAN_POINT ( 'NONE',  ( 44.00000000000042633, 124.0000000000000000, 23.00000000000000000 ) ) ;
#1075 = CARTESIAN_POINT ( 'NONE',  ( -44.00000000000019895, 56.00000000000000711, -14.99999999999998757 ) ) ;
#1076 = CARTESIAN_POINT ( 'NONE',  ( -44.00000000000035527, 106.0000000000000142, 19.70000000000000995 ) ) ;
#1077 = EDGE_LOOP ( 'NONE', ( #1690, #617, #398, #2560 ) ) ;
#1078 = CARTESIAN_POINT ( 'NONE',  ( 40.00000000000042633, 124.0000000000000142, -25.00000000000000000 ) ) ;
#1079 = VERTEX_POINT ( 'NONE', #1867 ) ;
#1080 = ADVANCED_FACE ( 'NONE', ( #2764 ), #1653, .F. ) ;
#1081 = ORIENTED_EDGE ( 'NONE', *, *, #1920, .T. ) ;
#1082 = AXIS2_PLACEMENT_3D ( 'NONE', #2662, #2542, #1844 ) ;
#1083 = CARTESIAN_POINT ( 'NONE',  ( -44.00000000000019895, 56.00000000000000711, -14.99999999999998757 ) ) ;
#1084 = CARTESIAN_POINT ( 'NONE',  ( 30.00000000000000000, 0.000000000000000000, 20.00000000000000000 ) ) ;
#1085 = AXIS2_PLACEMENT_3D ( 'NONE', #2740, #750, #1335 ) ;
#1086 = LINE ( 'NONE', #1318, #2398 ) ;
#1087 = AXIS2_PLACEMENT_3D ( 'NONE', #2843, #846, #2628 ) ;
#1088 = VECTOR ( 'NONE', #121, 1000.000000000000000 ) ;
#1089 = CIRCLE ( 'NONE', #1409, 1.000000000000001110 ) ;
#1090 = VECTOR ( 'NONE', #2477, 1000.000000000000000 ) ;
#1091 = CARTESIAN_POINT ( 'NONE',  ( -40.00000000000000711, -4.000000000000000000, -25.00000000000000000 ) ) ;
#1092 = AXIS2_PLACEMENT_3D ( 'NONE', #383, #610, #2103 ) ;
#1093 = CIRCLE ( 'NONE', #637, 2.749999999999999112 ) ;
#1094 = ADVANCED_FACE ( 'NONE', ( #1989 ), #315, .F. ) ;
#1095 = CARTESIAN_POINT ( 'NONE',  ( 44.00000000000028422, 81.00000000000000000, 1.221245327087672037E-14 ) ) ;
#1096 = DIRECTION ( 'NONE',  ( 3.469446951953613400E-15, -1.000000000000000000, 2.753529326947312310E-17 ) ) ;
#1097 = ORIENTED_EDGE ( 'NONE', *, *, #2483, .F. ) ;
#1098 = LINE ( 'NONE', #2836, #690 ) ;
#1099 = ORIENTED_EDGE ( 'NONE', *, *, #1100, .F. ) ;
#1100 = EDGE_CURVE ( 'NONE', #2207, #412, #2208, .T. ) ;
#1101 = ORIENTED_EDGE ( 'NONE', *, *, #1667, .F. ) ;
#1102 = CARTESIAN_POINT ( 'NONE',  ( 30.00000000000000000, 0.000000000000000000, -24.99999999999998224 ) ) ;
#1103 = DIRECTION ( 'NONE',  ( 0.000000000000000000, 0.000000000000000000, 1.000000000000000000 ) ) ;
#1104 = EDGE_CURVE ( 'NONE', #2410, #1073, #2640, .T. ) ;
#1105 = PLANE ( 'NONE',  #2494 ) ;
#1106 = EDGE_CURVE ( 'NONE', #1238, #1032, #1114, .T. ) ;
#1107 = DIRECTION ( 'NONE',  ( -3.083952846181006649E-15, 1.000000000000000000, 0.000000000000000000 ) ) ;
#1108 = CYLINDRICAL_SURFACE ( 'NONE', #2064, 2.750000000000002665 ) ;
#1109 = CARTESIAN_POINT ( 'NONE',  ( -40.00000000000000711, 0.9999999999999940048, 24.99999999999999645 ) ) ;
#1110 = EDGE_LOOP ( 'NONE', ( #1950, #1743, #1138, #1298 ) ) ;
#1111 = DIRECTION ( 'NONE',  ( 0.000000000000000000, 0.000000000000000000, 1.000000000000000000 ) ) ;
#1112 = VERTEX_POINT ( 'NONE', #10 ) ;
#1113 = FACE_OUTER_BOUND ( 'NONE', #2043, .T. ) ;
#1114 = LINE ( 'NONE', #2000, #2772 ) ;
#1115 = DIRECTION ( 'NONE',  ( 3.700743415417184787E-15, -1.000000000000000000, 0.000000000000000000 ) ) ;
#1116 = CARTESIAN_POINT ( 'NONE',  ( -44.00000000000035527, 106.0000000000000142, 15.00000000000001243 ) ) ;
#1117 = EDGE_CURVE ( 'NONE', #2618, #796, #1768, .T. ) ;
#1118 = DIRECTION ( 'NONE',  ( 0.000000000000000000, 0.000000000000000000, -1.000000000000000000 ) ) ;
#1119 = ADVANCED_FACE ( 'NONE', ( #2407 ), #1747, .F. ) ;
#1120 = DIRECTION ( 'NONE',  ( -1.000000000000000000, 3.469446951953613400E-15, 1.387778780781445676E-16 ) ) ;
#1121 = LINE ( 'NONE', #892, #2811 ) ;
#1122 = ORIENTED_EDGE ( 'NONE', *, *, #1975, .F. ) ;
#1123 = PERSON_AND_ORGANIZATION ( #2336, #2123 ) ;
#1124 = ORIENTED_EDGE ( 'NONE', *, *, #168, .T. ) ;
#1125 = VERTEX_POINT ( 'NONE', #1070 ) ;
#1126 = LINE ( 'NONE', #2012, #2070 ) ;
#1127 = DIRECTION ( 'NONE',  ( -3.700743415417184787E-15, 1.000000000000000000, 0.000000000000000000 ) ) ;
#1128 = ORIENTED_EDGE ( 'NONE', *, *, #1220, .T. ) ;
#1129 = VECTOR ( 'NONE', #758, 1000.000000000000000 ) ;
#1130 = DIRECTION ( 'NONE',  ( -1.000000000000000000, 3.469446951953613400E-15, 1.387778780781445676E-16 ) ) ;
#1131 = AXIS2_PLACEMENT_3D ( 'NONE', #2600, #1464, #1279 ) ;
#1132 = CIRCLE ( 'NONE', #2254, 2.249999999999988010 ) ;
#1133 = CARTESIAN_POINT ( 'NONE',  ( 30.00000000000000000, 0.000000000000000000, 15.00000000000000355 ) ) ;
#1134 = AXIS2_PLACEMENT_3D ( 'NONE', #751, #1424, #731 ) ;
#1135 = CIRCLE ( 'NONE', #1552, 2.750000000000002665 ) ;
#1136 = CIRCLE ( 'NONE', #1183, 2.249999999999986233 ) ;
#1137 = DIRECTION ( 'NONE',  ( -1.387778780781445922E-16, -1.387778780781445922E-16, -1.000000000000000000 ) ) ;
#1138 = ORIENTED_EDGE ( 'NONE', *, *, #2409, .T. ) ;
#1139 = EDGE_CURVE ( 'NONE', #2524, #1209, #906, .T. ) ;
#1140 = ORIENTED_EDGE ( 'NONE', *, *, #678, .T. ) ;
#1141 = CYLINDRICAL_SURFACE ( 'NONE', #1168, 2.249999999999986233 ) ;
#1142 = CARTESIAN_POINT ( 'NONE',  ( -40.00000000000000711, 0.000000000000000000, -25.00000000000000000 ) ) ;
#1143 = CARTESIAN_POINT ( 'NONE',  ( 40.00000000000018474, 56.00000000000000711, 12.75000000000002132 ) ) ;
#1144 = ORIENTED_EDGE ( 'NONE', *, *, #2567, .F. ) ;
#1145 = LINE ( 'NONE', #1843, #2630 ) ;
#1146 = EDGE_CURVE ( 'NONE', #2863, #2034, #1303, .T. ) ;
#1147 = FACE_OUTER_BOUND ( 'NONE', #2145, .T. ) ;
#1148 = ADVANCED_FACE ( 'NONE', ( #455 ), #1554, .F. ) ;
#1149 = CARTESIAN_POINT ( 'NONE',  ( 44.00000000000044054, 126.0000000000000000, 25.00000000000000000 ) ) ;
#1150 = EDGE_LOOP ( 'NONE', ( #2015, #553, #1124, #693 ) ) ;
#1151 = PERSON_AND_ORGANIZATION ( #2336, #2123 ) ;
#1152 = EDGE_CURVE ( 'NONE', #1661, #482, #436, .T. ) ;
#1153 = EDGE_LOOP ( 'NONE', ( #748, #159, #1302, #1574 ) ) ;
#1154 = EDGE_CURVE ( 'NONE', #1641, #1467, #1136, .T. ) ;
#1155 = VERTEX_POINT ( 'NONE', #426 ) ;
#1156 = CARTESIAN_POINT ( 'NONE',  ( 44.00000000000042633, 124.0000000000000000, 21.88194301613407333 ) ) ;
#1157 = DIRECTION ( 'NONE',  ( 1.000000000000000000, 3.491481338843133355E-15, 0.000000000000000000 ) ) ;
#1158 = ORIENTED_EDGE ( 'NONE', *, *, #1857, .T. ) ;
#1159 = DIRECTION ( 'NONE',  ( -1.000000000000000000, 3.491481338843133355E-15, 1.387778780781445676E-16 ) ) ;
#1160 = ORIENTED_EDGE ( 'NONE', *, *, #2100, .T. ) ;
#1161 = DIRECTION ( 'NONE',  ( 1.000000000000000000, 3.469446951953613400E-15, -2.775557561562891351E-16 ) ) ;
#1162 = CARTESIAN_POINT ( 'NONE',  ( -40.00000000000000711, 0.000000000000000000, -25.00000000000000000 ) ) ;
#1163 = DATE_TIME_ROLE ( 'creation_date' ) ;
#1164 = VERTEX_POINT ( 'NONE', #399 ) ;
#1165 = DIRECTION ( 'NONE',  ( 0.000000000000000000, 0.000000000000000000, -1.000000000000000000 ) ) ;
#1166 = CARTESIAN_POINT ( 'NONE',  ( -44.00000000000037659, 111.0000000000000142, 4.999999999999995559 ) ) ;
#1167 = DIRECTION ( 'NONE',  ( -1.000000000000000000, -3.491481338843133355E-15, 2.775557561562891351E-16 ) ) ;
#1168 = AXIS2_PLACEMENT_3D ( 'NONE', #2683, #293, #48 ) ;
#1169 = ORIENTED_EDGE ( 'NONE', *, *, #614, .T. ) ;
#1170 = ADVANCED_FACE ( 'NONE', ( #2193 ), #1321, .F. ) ;
#1171 = CARTESIAN_POINT ( 'NONE',  ( -44.00000000000041922, 124.0000000000000000, 22.99999999999999645 ) ) ;
#1172 = ADVANCED_FACE ( 'NONE', ( #2183 ), #1056, .F. ) ;
#1173 = CARTESIAN_POINT ( 'NONE',  ( 30.00000000000000000, -2.250000000000000000, -17.24999999999998224 ) ) ;
#1174 = CARTESIAN_POINT ( 'NONE',  ( 44.00000000000000000, -1.396592535537250976E-14, 25.00000000000000000 ) ) ;
#1175 = AXIS2_PLACEMENT_3D ( 'NONE', #339, #2102, #1007 ) ;
#1176 = AXIS2_PLACEMENT_3D ( 'NONE', #344, #782, #1668 ) ;
#1177 = FACE_BOUND ( 'NONE', #2247, .T. ) ;
#1178 = CIRCLE ( 'NONE', #1087, 2.249999999999988010 ) ;
#1179 = PERSON_AND_ORGANIZATION ( #2336, #2123 ) ;
#1180 = CONICAL_SURFACE ( 'NONE', #2766, 4.999999999999997335, 0.7853981633974472798 ) ;
#1181 = ORIENTED_EDGE ( 'NONE', *, *, #2349, .T. ) ;
#1182 = CIRCLE ( 'NONE', #2814, 15.00000000000001421 ) ;
#1183 = AXIS2_PLACEMENT_3D ( 'NONE', #896, #613, #2383 ) ;
#1184 = CARTESIAN_POINT ( 'NONE',  ( -40.00000000000036238, 106.0000000000000142, 15.00000000000001066 ) ) ;
#1185 = CARTESIAN_POINT ( 'NONE',  ( -30.00000000000000000, -4.000000000000011546, -17.24999999999998579 ) ) ;
#1186 = CARTESIAN_POINT ( 'NONE',  ( 44.00000000000043343, 126.0000000000000000, -11.88194301613412840 ) ) ;
#1187 = AXIS2_PLACEMENT_3D ( 'NONE', #599, #976, #2338 ) ;
#1188 = VECTOR ( 'NONE', #1228, 1000.000000000000000 ) ;
#1189 = ORIENTED_EDGE ( 'NONE', *, *, #2033, .F. ) ;
#1190 = EDGE_CURVE ( 'NONE', #1729, #2639, #200, .T. ) ;
#1191 = CARTESIAN_POINT ( 'NONE',  ( -40.00000000000028422, 81.00000000000000000, 1.110223024625156383E-14 ) ) ;
#1192 = EDGE_CURVE ( 'NONE', #1671, #1485, #721, .T. ) ;
#1193 = EDGE_CURVE ( 'NONE', #2139, #2697, #1648, .T. ) ;
#1194 = DIRECTION ( 'NONE',  ( -3.083952846181006649E-15, 1.000000000000000000, 0.000000000000000000 ) ) ;
#1195 = CARTESIAN_POINT ( 'NONE',  ( 44.00000000000046185, 126.0000000000003411, 4.999999999999971578 ) ) ;
#1196 = DIRECTION ( 'NONE',  ( 1.000000000000000000, -0.000000000000000000, 2.775557561562891351E-16 ) ) ;
#1197 = EDGE_LOOP ( 'NONE', ( #501, #818, #1953, #2776 ) ) ;
#1198 = LINE ( 'NONE', #1210, #2716 ) ;
#1199 = DIRECTION ( 'NONE',  ( -0.000000000000000000, 1.000000000000000000, -0.000000000000000000 ) ) ;
#1200 = DIRECTION ( 'NONE',  ( 0.000000000000000000, 0.000000000000000000, -1.000000000000000000 ) ) ;
#1201 = VERTEX_POINT ( 'NONE', #2654 ) ;
#1202 = CARTESIAN_POINT ( 'NONE',  ( 44.00000000000035527, 106.0000000000000142, 19.70000000000000995 ) ) ;
#1203 = APPROVAL ( #2074, '未' ) ;
#1204 = LINE ( 'NONE', #1626, #858 ) ;
#1205 = LINE ( 'NONE', #1174, #2116 ) ;
#1206 = ORIENTED_EDGE ( 'NONE', *, *, #1224, .T. ) ;
#1207 = ORIENTED_EDGE ( 'NONE', *, *, #289, .T. ) ;
#1208 = DIRECTION ( 'NONE',  ( 1.000000000000000000, -0.000000000000000000, 2.775557561562891351E-16 ) ) ;
#1209 = VERTEX_POINT ( 'NONE', #657 ) ;
#1210 = CARTESIAN_POINT ( 'NONE',  ( -44.00000000000019895, 56.00000000000000711, -10.29999999999999183 ) ) ;
#1211 = CARTESIAN_POINT ( 'NONE',  ( -44.00000000000035527, 106.0000000000000142, 15.00000000000001243 ) ) ;
#1212 = CARTESIAN_POINT ( 'NONE',  ( 30.00000000000000000, 0.000000000000000000, -19.99999999999998224 ) ) ;
#1213 = ORIENTED_EDGE ( 'NONE', *, *, #1473, .F. ) ;
#1214 = DIRECTION ( 'NONE',  ( 0.000000000000000000, 0.000000000000000000, 1.000000000000000000 ) ) ;
#1215 = DIRECTION ( 'NONE',  ( 0.000000000000000000, -1.000000000000000000, 2.168404344970991858E-16 ) ) ;
#1216 = FACE_OUTER_BOUND ( 'NONE', #2463, .T. ) ;
#1217 = ORIENTED_EDGE ( 'NONE', *, *, #2124, .T. ) ;
#1218 = VERTEX_POINT ( 'NONE', #1533 ) ;
#1219 = VECTOR ( 'NONE', #868, 1000.000000000000000 ) ;
#1220 = EDGE_CURVE ( 'NONE', #643, #2637, #1040, .T. ) ;
#1221 = CARTESIAN_POINT ( 'NONE',  ( -44.00000000000000711, 0.9999999999999800160, 1.221245327087672352E-14 ) ) ;
#1222 = EDGE_CURVE ( 'NONE', #1712, #796, #2405, .T. ) ;
#1223 = AXIS2_PLACEMENT_3D ( 'NONE', #770, #2108, #1915 ) ;
#1224 = EDGE_CURVE ( 'NONE', #198, #995, #2211, .T. ) ;
#1225 = DIRECTION ( 'NONE',  ( -1.000000000000000000, -3.469446951953614583E-15, 2.775557561562891351E-16 ) ) ;
#1226 = VECTOR ( 'NONE', #214, 1000.000000000000000 ) ;
#1227 = AXIS2_PLACEMENT_3D ( 'NONE', #93, #1595, #2017 ) ;
#1228 = DIRECTION ( 'NONE',  ( -0.7071067811865473507, 0.000000000000000000, 0.7071067811865477948 ) ) ;
#1229 = CYLINDRICAL_SURFACE ( 'NONE', #1092, 2.249999999999988010 ) ;
#1230 = AXIS2_PLACEMENT_3D ( 'NONE', #2584, #1568, #883 ) ;
#1231 = ORIENTED_EDGE ( 'NONE', *, *, #97, .T. ) ;
#1232 = DIRECTION ( 'NONE',  ( 3.469446951953611033E-15, -1.000000000000000000, 0.000000000000000000 ) ) ;
#1233 = AXIS2_PLACEMENT_3D ( 'NONE', #2454, #457, #238 ) ;
#1234 = CONICAL_SURFACE ( 'NONE', #129, 5.000000000000000888, 0.7853981633974488341 ) ;
#1235 = CARTESIAN_POINT ( 'NONE',  ( 44.00000000000036948, 106.0000000000000142, -14.99999999999998757 ) ) ;
#1236 = DIRECTION ( 'NONE',  ( 1.000000000000000000, -0.000000000000000000, 2.775557561562891351E-16 ) ) ;
#1237 = ORIENTED_EDGE ( 'NONE', *, *, #1703, .F. ) ;
#1238 = VERTEX_POINT ( 'NONE', #2467 ) ;
#1239 = DIRECTION ( 'NONE',  ( 1.000000000000000000, 3.469446951953613400E-15, -2.775557561562891351E-16 ) ) ;
#1240 = VERTEX_POINT ( 'NONE', #1166 ) ;
#1241 = CARTESIAN_POINT ( 'NONE',  ( 30.00000000000000000, 0.000000000000000000, 25.00000000000000000 ) ) ;
#1242 = CARTESIAN_POINT ( 'NONE',  ( -40.00000000000042633, 124.0000000000000142, 24.99999999999999645 ) ) ;
#1243 = FACE_OUTER_BOUND ( 'NONE', #8, .T. ) ;
#1244 = ORIENTED_EDGE ( 'NONE', *, *, #797, .T. ) ;
#1245 = CARTESIAN_POINT ( 'NONE',  ( -30.00000000000000000, 0.000000000000000000, 20.00000000000000000 ) ) ;
#1246 = CARTESIAN_POINT ( 'NONE',  ( 44.00000000000051870, 111.0000000000003268, 4.999999999999971578 ) ) ;
#1247 = DIRECTION ( 'NONE',  ( 0.000000000000000000, 0.7071067811865471286, 0.7071067811865479058 ) ) ;
#1248 = ORIENTED_EDGE ( 'NONE', *, *, #42, .F. ) ;
#1249 = ORIENTED_EDGE ( 'NONE', *, *, #2657, .T. ) ;
#1250 = DIRECTION ( 'NONE',  ( -1.000000000000000000, -0.000000000000000000, -0.000000000000000000 ) ) ;
#1251 = CARTESIAN_POINT ( 'NONE',  ( -38.99999999999999289, 0.000000000000000000, 25.00000000000000000 ) ) ;
#1252 = DIRECTION ( 'NONE',  ( -1.000000000000000000, -3.469446951953614583E-15, 2.775557561562891351E-16 ) ) ;
#1253 = VERTEX_POINT ( 'NONE', #2709 ) ;
#1254 = LINE ( 'NONE', #103, #1412 ) ;
#1255 = ORIENTED_EDGE ( 'NONE', *, *, #1777, .T. ) ;
#1256 = CARTESIAN_POINT ( 'NONE',  ( -41.55000000000017479, 56.00000000000000711, 17.25000000000000000 ) ) ;
#1257 = EDGE_CURVE ( 'NONE', #798, #208, #2684, .T. ) ;
#1258 = DIRECTION ( 'NONE',  ( 0.000000000000000000, 2.168404344970991858E-16, 1.000000000000000000 ) ) ;
#1259 = ORIENTED_EDGE ( 'NONE', *, *, #2448, .F. ) ;
#1260 = EDGE_CURVE ( 'NONE', #977, #2855, #634, .T. ) ;
#1261 = VERTEX_POINT ( 'NONE', #1185 ) ;
#1262 = LINE ( 'NONE', #834, #74 ) ;
#1263 = AXIS2_PLACEMENT_3D ( 'NONE', #2476, #70, #923 ) ;
#1264 = DIRECTION ( 'NONE',  ( 1.000000000000000000, -0.000000000000000000, 2.775557561562891351E-16 ) ) ;
#1265 = CARTESIAN_POINT ( 'NONE',  ( -30.00000000000000000, -2.250000000000000000, -19.99999999999998224 ) ) ;
#1266 = ORIENTED_EDGE ( 'NONE', *, *, #471, .F. ) ;
#1267 = DIRECTION ( 'NONE',  ( 1.000000000000000000, -3.491481338843133355E-15, 0.000000000000000000 ) ) ;
#1268 = CIRCLE ( 'NONE', #899, 2.000000000000001776 ) ;
#1269 = ORIENTED_EDGE ( 'NONE', *, *, #1709, .F. ) ;
#1270 = CIRCLE ( 'NONE', #310, 2.249999999999988010 ) ;
#1271 = CONICAL_SURFACE ( 'NONE', #986, 4.999999999999997335, 0.7853981633974472798 ) ;
#1272 = ORIENTED_EDGE ( 'NONE', *, *, #1193, .T. ) ;
#1273 = CARTESIAN_POINT ( 'NONE',  ( 44.00000000000036948, 106.0000000000000142, -14.99999999999998757 ) ) ;
#1274 = VECTOR ( 'NONE', #783, 1000.000000000000000 ) ;
#1275 = VECTOR ( 'NONE', #2373, 1000.000000000000000 ) ;
#1276 = EDGE_CURVE ( 'NONE', #1073, #977, #1341, .T. ) ;
#1277 = CIRCLE ( 'NONE', #1788, 2.249999999999989786 ) ;
#1278 = VECTOR ( 'NONE', #2170, 1000.000000000000000 ) ;
#1279 = DIRECTION ( 'NONE',  ( 0.000000000000000000, 0.000000000000000000, 1.000000000000000000 ) ) ;
#1280 = ORIENTED_EDGE ( 'NONE', *, *, #1792, .F. ) ;
#1281 = EDGE_CURVE ( 'NONE', #512, #1963, #1397, .T. ) ;
#1282 = ORIENTED_EDGE ( 'NONE', *, *, #1941, .T. ) ;
#1283 = CYLINDRICAL_SURFACE ( 'NONE', #2347, 2.000000000000001776 ) ;
#1284 = CARTESIAN_POINT ( 'NONE',  ( 38.99999999999999289, -4.000000000000000000, 25.00000000000000000 ) ) ;
#1285 = CARTESIAN_POINT ( 'NONE',  ( -30.00000000000000000, 0.000000000000000000, -24.99999999999998579 ) ) ;
#1286 = VERTEX_POINT ( 'NONE', #1802 ) ;
#1287 = CARTESIAN_POINT ( 'NONE',  ( 44.00000000000018474, 56.00000000000000711, 15.00000000000001243 ) ) ;
#1288 = VERTEX_POINT ( 'NONE', #247 ) ;
#1289 = ORIENTED_EDGE ( 'NONE', *, *, #841, .F. ) ;
#1290 = DIRECTION ( 'NONE',  ( 0.000000000000000000, 0.000000000000000000, 1.000000000000000000 ) ) ;
#1291 = FACE_OUTER_BOUND ( 'NONE', #2626, .T. ) ;
#1292 = ORIENTED_EDGE ( 'NONE', *, *, #191, .F. ) ;
#1293 = CC_DESIGN_PERSON_AND_ORGANIZATION_ASSIGNMENT ( #2040, #2275, ( #1704 ) ) ;
#1294 = CARTESIAN_POINT ( 'NONE',  ( -39.99999999999999289, 0.000000000000000000, 25.00000000000000000 ) ) ;
#1295 = EDGE_CURVE ( 'NONE', #977, #1531, #294, .T. ) ;
#1296 = CARTESIAN_POINT ( 'NONE',  ( -44.00000000000001421, 0.9999999999999800160, -25.00000000000000000 ) ) ;
#1297 = FACE_OUTER_BOUND ( 'NONE', #1150, .T. ) ;
#1298 = ORIENTED_EDGE ( 'NONE', *, *, #112, .F. ) ;
#1299 = DIRECTION ( 'NONE',  ( 1.000000000000000000, -0.000000000000000000, 2.775557561562891351E-16 ) ) ;
#1300 = ADVANCED_FACE ( 'NONE', ( #2268 ), #2632, .F. ) ;
#1301 = ORIENTED_EDGE ( 'NONE', *, *, #2124, .F. ) ;
#1302 = ORIENTED_EDGE ( 'NONE', *, *, #2385, .T. ) ;
#1303 = LINE ( 'NONE', #1315, #362 ) ;
#1304 = DIRECTION ( 'NONE',  ( -1.000000000000000000, -0.000000000000000000, 2.775557561562891351E-16 ) ) ;
#1305 = CARTESIAN_POINT ( 'NONE',  ( -40.00000000000000000, -1.387778780781445423E-13, 1.110223024625156540E-14 ) ) ;
#1306 = DIRECTION ( 'NONE',  ( -0.000000000000000000, 1.000000000000000000, -0.000000000000000000 ) ) ;
#1307 = EDGE_CURVE ( 'NONE', #2007, #2221, #1413, .T. ) ;
#1308 = DIRECTION ( 'NONE',  ( 1.000000000000000000, -0.000000000000000000, 2.775557561562891351E-16 ) ) ;
#1309 = DIRECTION ( 'NONE',  ( -3.491481338843133355E-15, -1.000000000000000000, 4.845403715540893213E-31 ) ) ;
#1310 = ORIENTED_EDGE ( 'NONE', *, *, #99, .T. ) ;
#1311 = DIRECTION ( 'NONE',  ( -1.000000000000000000, -3.469446951953614583E-15, 2.775557561562891351E-16 ) ) ;
#1312 = EDGE_LOOP ( 'NONE', ( #2071, #1919 ) ) ;
#1313 = ORIENTED_EDGE ( 'NONE', *, *, #386, .F. ) ;
#1314 = AXIS2_PLACEMENT_3D ( 'NONE', #1774, #1422, #904 ) ;
#1315 = CARTESIAN_POINT ( 'NONE',  ( 44.00000000000044054, 126.0000000000000000, 21.88194301613407333 ) ) ;
#1316 = FACE_BOUND ( 'NONE', #2253, .T. ) ;
#1317 = CIRCLE ( 'NONE', #2259, 2.249999999999988010 ) ;
#1318 = CARTESIAN_POINT ( 'NONE',  ( 44.00000000000019895, 56.00000000000000711, -10.29999999999999183 ) ) ;
#1319 = CIRCLE ( 'NONE', #1645, 2.749999999999999112 ) ;
#1320 = CIRCLE ( 'NONE', #1696, 15.00000000000001421 ) ;
#1321 = CONICAL_SURFACE ( 'NONE', #1979, 4.699999999999993960, 0.7853981633974482790 ) ;
#1322 = DIRECTION ( 'NONE',  ( -3.469446951953613400E-15, 1.000000000000000000, -2.753529326947312310E-17 ) ) ;
#1323 = AXIS2_PLACEMENT_3D ( 'NONE', #1471, #1910, #2550 ) ;
#1324 = DIRECTION ( 'NONE',  ( 1.000000000000000000, -0.000000000000000000, 2.775557561562891351E-16 ) ) ;
#1325 = CARTESIAN_POINT ( 'NONE',  ( 44.00000000000044054, 126.0000000000000000, 25.00000000000000000 ) ) ;
#1326 = ORIENTED_EDGE ( 'NONE', *, *, #468, .F. ) ;
#1327 = ORIENTED_EDGE ( 'NONE', *, *, #2229, .F. ) ;
#1328 = DIRECTION ( 'NONE',  ( 0.000000000000000000, 0.000000000000000000, -1.000000000000000000 ) ) ;
#1329 = DIRECTION ( 'NONE',  ( -1.000000000000000000, -0.000000000000000000, 2.775557561562891351E-16 ) ) ;
#1330 = FACE_OUTER_BOUND ( 'NONE', #435, .T. ) ;
#1331 = EDGE_CURVE ( 'NONE', #2175, #2863, #1603, .T. ) ;
#1332 = DIRECTION ( 'NONE',  ( 0.000000000000000000, 0.000000000000000000, 1.000000000000000000 ) ) ;
#1333 = VERTEX_POINT ( 'NONE', #2238 ) ;
#1334 = DIRECTION ( 'NONE',  ( -1.000000000000000000, 3.469446951953613400E-15, 1.387778780781445676E-16 ) ) ;
#1335 = DIRECTION ( 'NONE',  ( 0.000000000000000000, 0.000000000000000000, 1.000000000000000000 ) ) ;
#1336 = CARTESIAN_POINT ( 'NONE',  ( -44.00000000000019895, 56.00000000000000711, -19.69999999999998153 ) ) ;
#1337 = ORIENTED_EDGE ( 'NONE', *, *, #2440, .T. ) ;
#1338 = SECURITY_CLASSIFICATION_LEVEL ( 'unclassified' ) ;
#1339 = VERTEX_POINT ( 'NONE', #520 ) ;
#1340 = ORIENTED_EDGE ( 'NONE', *, *, #277, .T. ) ;
#1341 = LINE ( 'NONE', #1142, #2257 ) ;
#1342 = DIRECTION ( 'NONE',  ( -0.000000000000000000, 1.000000000000000000, -0.000000000000000000 ) ) ;
#1343 = ORIENTED_EDGE ( 'NONE', *, *, #2385, .F. ) ;
#1344 = EDGE_CURVE ( 'NONE', #2207, #2096, #1789, .T. ) ;
#1345 = EDGE_CURVE ( 'NONE', #152, #413, #1126, .T. ) ;
#1346 = DIRECTION ( 'NONE',  ( 0.7071067811865473507, 8.659560562354934091E-17, 0.7071067811865477948 ) ) ;
#1347 = DIRECTION ( 'NONE',  ( 0.000000000000000000, 0.000000000000000000, 1.000000000000000000 ) ) ;
#1348 = LINE ( 'NONE', #681, #2538 ) ;
#1349 = ORIENTED_EDGE ( 'NONE', *, *, #1344, .T. ) ;
#1350 = COORDINATED_UNIVERSAL_TIME_OFFSET ( 8, 0, .AHEAD. ) ;
#1351 = ORIENTED_EDGE ( 'NONE', *, *, #1345, .F. ) ;
#1352 = ORIENTED_EDGE ( 'NONE', *, *, #627, .F. ) ;
#1353 = LINE ( 'NONE', #736, #1090 ) ;
#1354 = DIRECTION ( 'NONE',  ( 1.000000000000000000, -3.491481338843133355E-15, -2.775557561562891351E-16 ) ) ;
#1355 = ORIENTED_EDGE ( 'NONE', *, *, #2126, .T. ) ;
#1356 = AXIS2_PLACEMENT_3D ( 'NONE', #2120, #324, #352 ) ;
#1357 = DIRECTION ( 'NONE',  ( 0.000000000000000000, 0.000000000000000000, 1.000000000000000000 ) ) ;
#1358 = AXIS2_PLACEMENT_3D ( 'NONE', #514, #663, #1794 ) ;
#1359 = AXIS2_PLACEMENT_3D ( 'NONE', #349, #1239, #2547 ) ;
#1360 = VECTOR ( 'NONE', #472, 1000.000000000000000 ) ;
#1361 = ADVANCED_FACE ( 'NONE', ( #936 ), #2698, .F. ) ;
#1362 = CARTESIAN_POINT ( 'NONE',  ( -44.00000000000018474, 56.00000000000000711, 19.70000000000000995 ) ) ;
#1363 = AXIS2_PLACEMENT_3D ( 'NONE', #2526, #525, #248 ) ;
#1364 = AXIS2_PLACEMENT_3D ( 'NONE', #2288, #2720, #308 ) ;
#1365 = ADVANCED_FACE ( 'NONE', ( #38 ), #723, .T. ) ;
#1366 = AXIS2_PLACEMENT_3D ( 'NONE', #804, #1695, #2597 ) ;
#1367 = CIRCLE ( 'NONE', #2689, 4.999999999999997335 ) ;
#1368 = CARTESIAN_POINT ( 'NONE',  ( -40.00000000000043343, 126.0000000000000284, 22.99999999999999645 ) ) ;
#1369 = ORIENTED_EDGE ( 'NONE', *, *, #33, .F. ) ;
#1370 = PERSON_AND_ORGANIZATION ( #2336, #2123 ) ;
#1371 = ORIENTED_EDGE ( 'NONE', *, *, #1394, .F. ) ;
#1372 = CARTESIAN_POINT ( 'NONE',  ( 44.00000000000042633, 124.0000000000000000, 25.00000000000000000 ) ) ;
#1373 = DIRECTION ( 'NONE',  ( -1.000000000000000000, -0.000000000000000000, -0.000000000000000000 ) ) ;
#1374 = CARTESIAN_POINT ( 'NONE',  ( -44.00000000000019895, 56.00000000000000711, -12.75000000000000000 ) ) ;
#1375 = ORIENTED_EDGE ( 'NONE', *, *, #1276, .F. ) ;
#1376 = PLANE ( 'NONE',  #2298 ) ;
#1377 = ORIENTED_EDGE ( 'NONE', *, *, #1773, .F. ) ;
#1378 = DIRECTION ( 'NONE',  ( -1.000000000000000000, 0.000000000000000000, -0.000000000000000000 ) ) ;
#1379 = DIRECTION ( 'NONE',  ( -0.7071067811865477948, 8.659560562354934091E-17, -0.7071067811865473507 ) ) ;
#1380 = COORDINATED_UNIVERSAL_TIME_OFFSET ( 8, 0, .AHEAD. ) ;
#1381 = EDGE_CURVE ( 'NONE', #1437, #1610, #1353, .T. ) ;
#1382 = EDGE_CURVE ( 'NONE', #1729, #291, #948, .T. ) ;
#1383 = EDGE_LOOP ( 'NONE', ( #1448, #1337, #2263, #199 ) ) ;
#1384 = ORIENTED_EDGE ( 'NONE', *, *, #1920, .F. ) ;
#1385 = DIRECTION ( 'NONE',  ( -1.000000000000000000, 3.469446951953613400E-15, 1.387778780781445676E-16 ) ) ;
#1386 = DIRECTION ( 'NONE',  ( -1.000000000000000000, -0.000000000000000000, 2.775557561562891351E-16 ) ) ;
#1387 = ORIENTED_EDGE ( 'NONE', *, *, #251, .T. ) ;
#1388 = CARTESIAN_POINT ( 'NONE',  ( 41.55000000000035243, 106.0000000000000142, 17.25000000000000000 ) ) ;
#1389 = CARTESIAN_POINT ( 'NONE',  ( 41.55000000000027427, 81.00000000000000000, 1.153244166829381041E-14 ) ) ;
#1390 = CARTESIAN_POINT ( 'NONE',  ( -44.00000000000044054, 126.0000000000000000, -23.00000000000000355 ) ) ;
#1391 = DIRECTION ( 'NONE',  ( 0.000000000000000000, 0.000000000000000000, 1.000000000000000000 ) ) ;
#1392 = CALENDAR_DATE ( 2026, 30, 6 ) ;
#1393 = ADVANCED_FACE ( 'NONE', ( #2596 ), #1698, .F. ) ;
#1394 = EDGE_CURVE ( 'NONE', #373, #2139, #991, .T. ) ;
#1395 = ORIENTED_EDGE ( 'NONE', *, *, #1975, .T. ) ;
#1396 = CARTESIAN_POINT ( 'NONE',  ( -39.99999999999999289, -4.000000000000000000, 25.00000000000000000 ) ) ;
#1397 = LINE ( 'NONE', #689, #2861 ) ;
#1398 = EDGE_CURVE ( 'NONE', #1209, #2524, #2455, .T. ) ;
#1399 = LINE ( 'NONE', #481, #1980 ) ;
#1400 = ORIENTED_EDGE ( 'NONE', *, *, #384, .F. ) ;
#1401 = ADVANCED_FACE ( 'NONE', ( #551 ), #2778, .F. ) ;
#1402 = CARTESIAN_POINT ( 'NONE',  ( 44.00000000000028422, 81.00000000000000000, 4.700000000000008171 ) ) ;
#1403 = CARTESIAN_POINT ( 'NONE',  ( -40.00000000000037659, 106.0000000000000142, -14.99999999999998934 ) ) ;
#1404 = CIRCLE ( 'NONE', #1356, 4.699999999999995737 ) ;
#1405 = CARTESIAN_POINT ( 'NONE',  ( 44.00000000000019895, 56.00000000000000711, -19.69999999999998153 ) ) ;
#1406 = AXIS2_PLACEMENT_3D ( 'NONE', #1452, #1908, #560 ) ;
#1407 = CIRCLE ( 'NONE', #166, 4.699999999999995737 ) ;
#1408 = FACE_OUTER_BOUND ( 'NONE', #2428, .T. ) ;
#1409 = AXIS2_PLACEMENT_3D ( 'NONE', #695, #504, #54 ) ;
#1410 = VECTOR ( 'NONE', #659, 1000.000000000000000 ) ;
#1411 = ORIENTED_EDGE ( 'NONE', *, *, #417, .T. ) ;
#1412 = VECTOR ( 'NONE', #1716, 1000.000000000000000 ) ;
#1413 = CIRCLE ( 'NONE', #123, 2.249999999999988010 ) ;
#1414 = DIRECTION ( 'NONE',  ( 0.000000000000000000, 2.168404344970991858E-16, 1.000000000000000000 ) ) ;
#1415 = DIRECTION ( 'NONE',  ( 0.000000000000000000, 0.000000000000000000, 1.000000000000000000 ) ) ;
#1416 = DIRECTION ( 'NONE',  ( 0.000000000000000000, 1.000000000000000000, 0.000000000000000000 ) ) ;
#1417 = CONICAL_SURFACE ( 'NONE', #2636, 4.999999999999997335, 0.7853981633974472798 ) ;
#1418 = ORIENTED_EDGE ( 'NONE', *, *, #2568, .T. ) ;
#1419 = LOCAL_TIME ( 23, 15, 46.00000000000000000, #477 ) ;
#1420 = CARTESIAN_POINT ( 'NONE',  ( 30.00000000000000000, -2.250000000000000000, 22.75000000000000355 ) ) ;
#1421 = ADVANCED_FACE ( 'NONE', ( #2749 ), #1675, .F. ) ;
#1422 = DIRECTION ( 'NONE',  ( -0.000000000000000000, 1.000000000000000000, -0.000000000000000000 ) ) ;
#1423 = ORIENTED_EDGE ( 'NONE', *, *, #1667, .T. ) ;
#1424 = DIRECTION ( 'NONE',  ( 1.000000000000000000, -0.000000000000000000, 2.775557561562891351E-16 ) ) ;
#1425 = ORIENTED_EDGE ( 'NONE', *, *, #2517, .T. ) ;
#1426 = CARTESIAN_POINT ( 'NONE',  ( 44.00000000000028422, 81.00000000000000000, 1.221245327087672037E-14 ) ) ;
#1427 = ORIENTED_EDGE ( 'NONE', *, *, #2657, .F. ) ;
#1428 = CYLINDRICAL_SURFACE ( 'NONE', #753, 2.249999999999986233 ) ;
#1429 = DIRECTION ( 'NONE',  ( -1.000000000000000000, -0.000000000000000000, 2.775557561562891351E-16 ) ) ;
#1430 = CARTESIAN_POINT ( 'NONE',  ( 41.55000000000035243, 106.0000000000000142, 15.00000000000001243 ) ) ;
#1431 = EDGE_LOOP ( 'NONE', ( #2361, #17, #2822, #1280 ) ) ;
#1432 = DIRECTION ( 'NONE',  ( 0.000000000000000000, 0.000000000000000000, 1.000000000000000000 ) ) ;
#1433 = EDGE_CURVE ( 'NONE', #413, #1155, #2758, .T. ) ;
#1434 = CARTESIAN_POINT ( 'NONE',  ( 44.00000000000000711, 0.9999999999999765743, -6.245004513516522895E-15 ) ) ;
#1435 = FACE_OUTER_BOUND ( 'NONE', #1590, .T. ) ;
#1436 = ORIENTED_EDGE ( 'NONE', *, *, #2701, .F. ) ;
#1437 = VERTEX_POINT ( 'NONE', #353 ) ;
#1438 = DIRECTION ( 'NONE',  ( -1.000000000000000000, 3.491481338843133355E-15, 1.387778780781445676E-16 ) ) ;
#1439 = ORIENTED_EDGE ( 'NONE', *, *, #2622, .F. ) ;
#1440 = CARTESIAN_POINT ( 'NONE',  ( 40.00000000000044054, 126.0000000000000284, 25.00000000000000000 ) ) ;
#1441 = DIRECTION ( 'NONE',  ( -1.000000000000000000, -0.000000000000000000, 2.775557561562891351E-16 ) ) ;
#1442 = LINE ( 'NONE', #1030, #82 ) ;
#1443 = ORIENTED_EDGE ( 'NONE', *, *, #81, .T. ) ;
#1444 = LINE ( 'NONE', #2340, #1088 ) ;
#1445 = DIRECTION ( 'NONE',  ( -3.700743415417184787E-15, -1.000000000000000000, 0.000000000000000000 ) ) ;
#1446 = CARTESIAN_POINT ( 'NONE',  ( -41.55000000000036664, 106.0000000000000142, -17.24999999999997513 ) ) ;
#1447 = ADVANCED_FACE ( 'NONE', ( #145 ), #1936, .F. ) ;
#1448 = ORIENTED_EDGE ( 'NONE', *, *, #2174, .T. ) ;
#1449 = EDGE_LOOP ( 'NONE', ( #1724, #2303, #100, #653, #1474, #1310 ) ) ;
#1450 = EDGE_CURVE ( 'NONE', #833, #1779, #1317, .T. ) ;
#1451 = AXIS2_PLACEMENT_3D ( 'NONE', #1095, #1308, #2396 ) ;
#1452 = CARTESIAN_POINT ( 'NONE',  ( 44.00000000000000000, -1.527438034335170505E-13, -6.106226635438359395E-15 ) ) ;
#1453 = CARTESIAN_POINT ( 'NONE',  ( 44.00000000000035527, 106.0000000000000142, 15.00000000000001243 ) ) ;
#1454 = CIRCLE ( 'NONE', #2297, 2.249999999999988010 ) ;
#1455 = CIRCLE ( 'NONE', #216, 2.000000000000001776 ) ;
#1456 = CARTESIAN_POINT ( 'NONE',  ( 44.00000000000051870, 111.0000000000003268, 4.999999999999971578 ) ) ;
#1457 = CARTESIAN_POINT ( 'NONE',  ( 44.00000000000036948, 106.0000000000000142, -19.69999999999998153 ) ) ;
#1458 = VECTOR ( 'NONE', #676, 1000.000000000000000 ) ;
#1459 = VERTEX_POINT ( 'NONE', #2337 ) ;
#1460 = AXIS2_PLACEMENT_3D ( 'NONE', #480, #2250, #924 ) ;
#1461 = DIRECTION ( 'NONE',  ( 1.000000000000000000, -3.491481338843133355E-15, -1.387778780781445676E-16 ) ) ;
#1462 = AXIS2_PLACEMENT_3D ( 'NONE', #2759, #763, #1651 ) ;
#1463 = VECTOR ( 'NONE', #1736, 1000.000000000000000 ) ;
#1464 = DIRECTION ( 'NONE',  ( -1.000000000000000000, -0.000000000000000000, 2.775557561562891351E-16 ) ) ;
#1465 = LINE ( 'NONE', #2364, #128 ) ;
#1466 = ORIENTED_EDGE ( 'NONE', *, *, #2349, .F. ) ;
#1467 = VERTEX_POINT ( 'NONE', #1694 ) ;
#1468 = DIRECTION ( 'NONE',  ( -1.000000000000000000, -3.469446951953614583E-15, 2.775557561562891351E-16 ) ) ;
#1469 = ADVANCED_FACE ( 'NONE', ( #575 ), #1234, .F. ) ;
#1470 = DIRECTION ( 'NONE',  ( -0.000000000000000000, 1.000000000000000000, -0.000000000000000000 ) ) ;
#1471 = CARTESIAN_POINT ( 'NONE',  ( -40.00000000000019895, 56.00000000000000711, -14.99999999999998934 ) ) ;
#1472 = CARTESIAN_POINT ( 'NONE',  ( 44.00000000000043343, 126.0000000000000000, -11.88194301613412840 ) ) ;
#1473 = EDGE_CURVE ( 'NONE', #1532, #1892, #178, .T. ) ;
#1474 = ORIENTED_EDGE ( 'NONE', *, *, #930, .T. ) ;
#1475 = CARTESIAN_POINT ( 'NONE',  ( -40.00000000000044764, 124.2352941176470722, -9.895832073059541045 ) ) ;
#1476 = APPLICATION_CONTEXT ( 'configuration controlled 3d designs of mechanical parts and assemblies' ) ;
#1477 = LINE ( 'NONE', #979, #1549 ) ;
#1478 = VERTEX_POINT ( 'NONE', #788 ) ;
#1479 = VERTEX_POINT ( 'NONE', #1663 ) ;
#1480 = LINE ( 'NONE', #1983, #677 ) ;
#1481 = DIRECTION ( 'NONE',  ( -1.000000000000000000, -0.000000000000000000, 2.775557561562891351E-16 ) ) ;
#1482 = LINE ( 'NONE', #1064, #2500 ) ;
#1483 = FACE_OUTER_BOUND ( 'NONE', #2613, .T. ) ;
#1484 = ORIENTED_EDGE ( 'NONE', *, *, #886, .F. ) ;
#1485 = VERTEX_POINT ( 'NONE', #1242 ) ;
#1486 = EDGE_CURVE ( 'NONE', #198, #1240, #2089, .T. ) ;
#1487 = CARTESIAN_POINT ( 'NONE',  ( 44.00000000000018474, 56.00000000000000711, 12.75000000000002309 ) ) ;
#1488 = EDGE_CURVE ( 'NONE', #2524, #1951, #2324, .T. ) ;
#1489 = DIRECTION ( 'NONE',  ( -3.469446951953635094E-15, 1.000000000000000000, 0.000000000000000000 ) ) ;
#1490 = EDGE_CURVE ( 'NONE', #75, #2150, #1367, .T. ) ;
#1491 = VERTEX_POINT ( 'NONE', #2149 ) ;
#1492 = ORIENTED_EDGE ( 'NONE', *, *, #63, .T. ) ;
#1493 = CARTESIAN_POINT ( 'NONE',  ( 38.99999999999999289, -1.517883041479706208E-15, 25.00000000000000000 ) ) ;
#1494 = VECTOR ( 'NONE', #1850, 1000.000000000000000 ) ;
#1495 = DIRECTION ( 'NONE',  ( -1.000000000000000000, -0.000000000000000000, 2.775557561562891351E-16 ) ) ;
#1496 = DIRECTION ( 'NONE',  ( 0.000000000000000000, 0.000000000000000000, 1.000000000000000000 ) ) ;
#1497 = ORIENTED_EDGE ( 'NONE', *, *, #1106, .T. ) ;
#1498 = FACE_OUTER_BOUND ( 'NONE', #377, .T. ) ;
#1499 = AXIS2_PLACEMENT_3D ( 'NONE', #2155, #164, #1445 ) ;
#1500 = ORIENTED_EDGE ( 'NONE', *, *, #911, .F. ) ;
#1501 = VECTOR ( 'NONE', #1379, 1000.000000000000000 ) ;
#1502 = CIRCLE ( 'NONE', #360, 4.699999999999997513 ) ;
#1503 = EDGE_LOOP ( 'NONE', ( #19, #738 ) ) ;
#1504 = DIRECTION ( 'NONE',  ( -0.000000000000000000, 1.000000000000000000, -0.000000000000000000 ) ) ;
#1505 = VECTOR ( 'NONE', #1771, 1000.000000000000000 ) ;
#1506 = AXIS2_PLACEMENT_3D ( 'NONE', #21, #670, #1546 ) ;
#1507 = AXIS2_PLACEMENT_3D ( 'NONE', #2144, #1977, #210 ) ;
#1508 = AXIS2_PLACEMENT_3D ( 'NONE', #2430, #2870, #873 ) ;
#1509 = EDGE_CURVE ( 'NONE', #2680, #1951, #2214, .T. ) ;
#1510 = CARTESIAN_POINT ( 'NONE',  ( 38.99999999999999289, -1.235990476633475055E-14, -24.99999999999998579 ) ) ;
#1511 = VERTEX_POINT ( 'NONE', #2310 ) ;
#1512 = EDGE_CURVE ( 'NONE', #2007, #2449, #102, .T. ) ;
#1513 = CARTESIAN_POINT ( 'NONE',  ( -41.55000000000027427, 81.00000000000000000, 1.153244166829381041E-14 ) ) ;
#1514 = CARTESIAN_POINT ( 'NONE',  ( -30.00000000000000000, 0.000000000000000000, 20.00000000000000000 ) ) ;
#1515 = CARTESIAN_POINT ( 'NONE',  ( 44.00000000000028422, 81.00000000000000000, -4.699999999999985079 ) ) ;
#1516 = CYLINDRICAL_SURFACE ( 'NONE', #594, 2.249999999999988010 ) ;
#1517 = ORIENTED_EDGE ( 'NONE', *, *, #1561, .F. ) ;
#1518 = ORIENTED_EDGE ( 'NONE', *, *, #2661, .F. ) ;
#1519 = DIRECTION ( 'NONE',  ( 0.000000000000000000, 0.000000000000000000, 1.000000000000000000 ) ) ;
#1520 = CARTESIAN_POINT ( 'NONE',  ( -44.00000000000035527, 106.0000000000000142, 17.25000000000000000 ) ) ;
#1521 = DIRECTION ( 'NONE',  ( 0.000000000000000000, 0.000000000000000000, -1.000000000000000000 ) ) ;
#1522 = EDGE_CURVE ( 'NONE', #2266, #236, #71, .T. ) ;
#1523 = ADVANCED_FACE ( 'NONE', ( #1897 ), #2617, .F. ) ;
#1524 = ADVANCED_FACE ( 'NONE', ( #2845 ), #620, .F. ) ;
#1525 = FACE_OUTER_BOUND ( 'NONE', #982, .T. ) ;
#1526 = ADVANCED_FACE ( 'NONE', ( #1538 ), #2414, .F. ) ;
#1527 = FACE_OUTER_BOUND ( 'NONE', #2513, .T. ) ;
#1528 = DIRECTION ( 'NONE',  ( -1.000000000000000000, 3.469446951953613400E-15, 1.387778780781445676E-16 ) ) ;
#1529 = ORIENTED_EDGE ( 'NONE', *, *, #33, .T. ) ;
#1530 = CARTESIAN_POINT ( 'NONE',  ( 44.00000000000046185, 124.0000000000002984, -11.88194301613416748 ) ) ;
#1531 = VERTEX_POINT ( 'NONE', #411 ) ;
#1532 = VERTEX_POINT ( 'NONE', #1515 ) ;
#1533 = CARTESIAN_POINT ( 'NONE',  ( 40.00000000000018474, 56.00000000000000711, 17.24999999999999645 ) ) ;
#1534 = FACE_BOUND ( 'NONE', #1503, .T. ) ;
#1535 = DIRECTION ( 'NONE',  ( 0.000000000000000000, 0.000000000000000000, 1.000000000000000000 ) ) ;
#1536 = PLANE ( 'NONE',  #165 ) ;
#1537 = CARTESIAN_POINT ( 'NONE',  ( 40.00000000000036238, 106.0000000000000142, 17.24999999999999645 ) ) ;
#1538 = FACE_OUTER_BOUND ( 'NONE', #207, .T. ) ;
#1539 = EDGE_CURVE ( 'NONE', #591, #1646, #824, .T. ) ;
#1540 = ORIENTED_EDGE ( 'NONE', *, *, #81, .F. ) ;
#1541 = LINE ( 'NONE', #1066, #545 ) ;
#1542 = CIRCLE ( 'NONE', #2673, 2.249999999999988010 ) ;
#1543 = VERTEX_POINT ( 'NONE', #2179 ) ;
#1544 = ORIENTED_EDGE ( 'NONE', *, *, #329, .T. ) ;
#1545 = CONICAL_SURFACE ( 'NONE', #1451, 4.699999999999995737, 0.7853981633974482790 ) ;
#1546 = DIRECTION ( 'NONE',  ( 0.000000000000000000, 0.000000000000000000, 1.000000000000000000 ) ) ;
#1547 = DIRECTION ( 'NONE',  ( -0.000000000000000000, 1.000000000000000000, -0.000000000000000000 ) ) ;
#1548 = VECTOR ( 'NONE', #2037, 1000.000000000000000 ) ;
#1549 = VECTOR ( 'NONE', #1258, 1000.000000000000000 ) ;
#1550 = DIRECTION ( 'NONE',  ( -0.000000000000000000, 1.000000000000000000, -0.000000000000000000 ) ) ;
#1551 = VECTOR ( 'NONE', #1617, 1000.000000000000000 ) ;
#1552 = AXIS2_PLACEMENT_3D ( 'NONE', #313, #940, #2481 ) ;
#1553 = VECTOR ( 'NONE', #901, 1000.000000000000000 ) ;
#1554 = CONICAL_SURFACE ( 'NONE', #447, 4.699999999999995737, 0.7853981633974482790 ) ;
#1555 = CARTESIAN_POINT ( 'NONE',  ( -40.00000000000043343, 126.0000000000000284, 24.99999999999999645 ) ) ;
#1556 = CIRCLE ( 'NONE', #905, 5.000000000000000888 ) ;
#1557 = AXIS2_PLACEMENT_3D ( 'NONE', #530, #1441, #1415 ) ;
#1558 = DIRECTION ( 'NONE',  ( 0.000000000000000000, 0.000000000000000000, 1.000000000000000000 ) ) ;
#1559 = CARTESIAN_POINT ( 'NONE',  ( -30.00000000000000000, 0.000000000000000000, 20.00000000000000000 ) ) ;
#1560 = EDGE_LOOP ( 'NONE', ( #2112, #921, #784, #1580 ) ) ;
#1561 = EDGE_CURVE ( 'NONE', #2863, #682, #2200, .T. ) ;
#1562 = ORIENTED_EDGE ( 'NONE', *, *, #2315, .F. ) ;
#1563 = ADVANCED_FACE ( 'NONE', ( #1297 ), #849, .F. ) ;
#1564 = ORIENTED_EDGE ( 'NONE', *, *, #2439, .F. ) ;
#1565 = DIRECTION ( 'NONE',  ( -2.775557561562891351E-16, -0.000000000000000000, -1.000000000000000000 ) ) ;
#1566 = EDGE_CURVE ( 'NONE', #2666, #977, #220, .T. ) ;
#1567 = EDGE_CURVE ( 'NONE', #2518, #2173, #1482, .T. ) ;
#1568 = DIRECTION ( 'NONE',  ( 1.000000000000000000, -3.469446951953613400E-15, -1.387778780781445676E-16 ) ) ;
#1569 = ORIENTED_EDGE ( 'NONE', *, *, #1581, .F. ) ;
#1570 = EDGE_CURVE ( 'NONE', #454, #549, #267, .T. ) ;
#1571 = CARTESIAN_POINT ( 'NONE',  ( 30.00000000000000000, -2.250000000000000000, 17.24999999999999645 ) ) ;
#1572 = DIRECTION ( 'NONE',  ( -1.000000000000000000, -0.000000000000000000, 2.775557561562891351E-16 ) ) ;
#1573 = DIRECTION ( 'NONE',  ( -1.000000000000000000, -3.469446951953614583E-15, 2.775557561562891351E-16 ) ) ;
#1574 = ORIENTED_EDGE ( 'NONE', *, *, #857, .F. ) ;
#1575 = CALENDAR_DATE ( 2026, 30, 6 ) ;
#1576 = VERTEX_POINT ( 'NONE', #2379 ) ;
#1577 = DIRECTION ( 'NONE',  ( 1.000000000000000000, -0.000000000000000000, 2.775557561562891351E-16 ) ) ;
#1578 = DIRECTION ( 'NONE',  ( 0.000000000000000000, 0.000000000000000000, -1.000000000000000000 ) ) ;
#1579 = DIRECTION ( 'NONE',  ( 0.000000000000000000, 0.000000000000000000, 1.000000000000000000 ) ) ;
#1580 = ORIENTED_EDGE ( 'NONE', *, *, #2033, .T. ) ;
#1581 = EDGE_CURVE ( 'NONE', #853, #2666, #1702, .T. ) ;
#1582 = DIRECTION ( 'NONE',  ( -1.000000000000000000, -0.000000000000000000, 2.775557561562891351E-16 ) ) ;
#1583 = EDGE_CURVE ( 'NONE', #1491, #1253, #2219, .T. ) ;
#1584 = ORIENTED_EDGE ( 'NONE', *, *, #548, .T. ) ;
#1585 = LINE ( 'NONE', #1994, #79 ) ;
#1586 = CARTESIAN_POINT ( 'NONE',  ( -39.00000000000000000, 0.9999999999999974465, 24.99999999999999645 ) ) ;
#1587 = ORIENTED_EDGE ( 'NONE', *, *, #1154, .F. ) ;
#1588 = APPROVAL_ROLE ( '' ) ;
#1589 = EDGE_LOOP ( 'NONE', ( #1259, #147, #1766, #2522 ) ) ;
#1590 = EDGE_LOOP ( 'NONE', ( #1971, #1569, #2130, #246 ) ) ;
#1591 = CARTESIAN_POINT ( 'NONE',  ( -40.00000000000000711, 0.000000000000000000, -25.00000000000000000 ) ) ;
#1592 = DIRECTION ( 'NONE',  ( -0.000000000000000000, -2.168404344970991858E-16, -1.000000000000000000 ) ) ;
#1593 = ORIENTED_EDGE ( 'NONE', *, *, #458, .F. ) ;
#1594 = CONICAL_SURFACE ( 'NONE', #25, 4.699999999999997513, 0.7853981633974482790 ) ;
#1595 = DIRECTION ( 'NONE',  ( 1.000000000000000000, 3.469446951953613400E-15, -2.775557561562891351E-16 ) ) ;
#1596 = CIRCLE ( 'NONE', #1642, 2.000000000000001776 ) ;
#1597 = EDGE_CURVE ( 'NONE', #2034, #45, #2582, .T. ) ;
#1598 = CIRCLE ( 'NONE', #2160, 2.249999999999989786 ) ;
#1599 = PRODUCT_DEFINITION_SHAPE ( 'NONE', 'NONE',  #2672 ) ;
#1600 = DIRECTION ( 'NONE',  ( 0.000000000000000000, 0.000000000000000000, 1.000000000000000000 ) ) ;
#1601 = EDGE_CURVE ( 'NONE', #1963, #1286, #225, .T. ) ;
#1602 = VECTOR ( 'NONE', #11, 999.9999999999998863 ) ;
#1603 = CIRCLE ( 'NONE', #175, 2.000000000000001776 ) ;
#1604 = VECTOR ( 'NONE', #1764, 1000.000000000000000 ) ;
#1605 = CARTESIAN_POINT ( 'NONE',  ( -44.00000000000043343, 126.0000000000000000, -11.88194301613414261 ) ) ;
#1606 = ORIENTED_EDGE ( 'NONE', *, *, #176, .T. ) ;
#1607 = ORIENTED_EDGE ( 'NONE', *, *, #240, .T. ) ;
#1608 = DIRECTION ( 'NONE',  ( -1.000000000000000000, 0.000000000000000000, -0.000000000000000000 ) ) ;
#1609 = DIRECTION ( 'NONE',  ( -1.000000000000000000, -0.000000000000000000, 2.775557561562891351E-16 ) ) ;
#1610 = VERTEX_POINT ( 'NONE', #1076 ) ;
#1611 = DIRECTION ( 'NONE',  ( -3.469446951953611033E-15, -1.000000000000000000, 0.000000000000000000 ) ) ;
#1612 = ADVANCED_FACE ( 'NONE', ( #1943 ), #2833, .T. ) ;
#1613 = DIRECTION ( 'NONE',  ( 3.700743415417184787E-15, -1.000000000000000000, 0.000000000000000000 ) ) ;
#1614 = DIRECTION ( 'NONE',  ( 1.000000000000000000, -0.000000000000000000, 2.775557561562891351E-16 ) ) ;
#1615 = ADVANCED_FACE ( 'NONE', ( #1754 ), #2649, .F. ) ;
#1616 = EDGE_CURVE ( 'NONE', #549, #1641, #664, .T. ) ;
#1617 = DIRECTION ( 'NONE',  ( 0.7071067811865477948, 0.000000000000000000, -0.7071067811865473507 ) ) ;
#1618 = APPROVAL_ROLE ( '' ) ;
#1619 = EDGE_CURVE ( 'NONE', #221, #2010, #452, .T. ) ;
#1620 = ORIENTED_EDGE ( 'NONE', *, *, #172, .T. ) ;
#1621 = ORIENTED_EDGE ( 'NONE', *, *, #2503, .T. ) ;
#1622 = DIRECTION ( 'NONE',  ( -3.083952846181006649E-15, -1.000000000000000000, 0.000000000000000000 ) ) ;
#1623 = CARTESIAN_POINT ( 'NONE',  ( -40.00000000000044054, 124.0000000000000142, -25.00000000000000355 ) ) ;
#1624 = ORIENTED_EDGE ( 'NONE', *, *, #2044, .T. ) ;
#1625 = CARTESIAN_POINT ( 'NONE',  ( -40.00000000000036238, 106.0000000000000142, 12.75000000000002132 ) ) ;
#1626 = CARTESIAN_POINT ( 'NONE',  ( -44.00000000000028422, 81.00000000000000000, 4.700000000000008171 ) ) ;
#1627 = CARTESIAN_POINT ( 'NONE',  ( -30.00000000000000000, -4.000000000000011546, 20.00000000000000000 ) ) ;
#1628 = DIRECTION ( 'NONE',  ( -3.469446951953613400E-15, -1.000000000000000000, 0.000000000000000000 ) ) ;
#1629 = EDGE_LOOP ( 'NONE', ( #1266, #665 ) ) ;
#1630 = CARTESIAN_POINT ( 'NONE',  ( 44.00000000000035527, 106.0000000000000142, 12.75000000000002309 ) ) ;
#1631 = CARTESIAN_POINT ( 'NONE',  ( 30.00000000000000000, 0.000000000000000000, -14.99999999999998579 ) ) ;
#1632 = CARTESIAN_POINT ( 'NONE',  ( -44.00000000000035527, 106.0000000000000142, 15.00000000000001243 ) ) ;
#1633 = EDGE_CURVE ( 'NONE', #1286, #2695, #2243, .T. ) ;
#1634 = ORIENTED_EDGE ( 'NONE', *, *, #2290, .F. ) ;
#1635 = VECTOR ( 'NONE', #2519, 1000.000000000000000 ) ;
#1636 = DIRECTION ( 'NONE',  ( 1.000000000000000000, -0.000000000000000000, 2.775557561562891351E-16 ) ) ;
#1637 = AXIS2_PLACEMENT_3D ( 'NONE', #1184, #2748, #988 ) ;
#1638 = CARTESIAN_POINT ( 'NONE',  ( 44.00000000000046185, 126.0000000000003411, 4.999999999999971578 ) ) ;
#1639 = CIRCLE ( 'NONE', #1637, 2.249999999999988010 ) ;
#1640 = CARTESIAN_POINT ( 'NONE',  ( -44.00000000000036948, 106.0000000000000142, -19.69999999999998153 ) ) ;
#1641 = VERTEX_POINT ( 'NONE', #1837 ) ;
#1642 = AXIS2_PLACEMENT_3D ( 'NONE', #2282, #1120, #2067 ) ;
#1643 = PLANE ( 'NONE',  #1406 ) ;
#1644 = AXIS2_PLACEMENT_3D ( 'NONE', #2731, #96, #1013 ) ;
#1645 = AXIS2_PLACEMENT_3D ( 'NONE', #502, #53, #2537 ) ;
#1646 = VERTEX_POINT ( 'NONE', #918 ) ;
#1647 = AXIS2_PLACEMENT_3D ( 'NONE', #326, #372, #2090 ) ;
#1648 = CIRCLE ( 'NONE', #769, 2.000000000000001776 ) ;
#1649 = LINE ( 'NONE', #1882, #1868 ) ;
#1650 = CARTESIAN_POINT ( 'NONE',  ( 44.00000000000018474, 56.00000000000000711, 15.00000000000001243 ) ) ;
#1651 = DIRECTION ( 'NONE',  ( -1.000000000000000000, -3.469446951953606300E-15, 0.000000000000000000 ) ) ;
#1652 = ORIENTED_EDGE ( 'NONE', *, *, #2732, .T. ) ;
#1653 = CYLINDRICAL_SURFACE ( 'NONE', #1506, 2.249999999999988010 ) ;
#1654 = EDGE_CURVE ( 'NONE', #932, #2375, #2457, .T. ) ;
#1655 = DIRECTION ( 'NONE',  ( -3.083952846181006649E-15, -1.000000000000000000, 0.000000000000000000 ) ) ;
#1656 = DIRECTION ( 'NONE',  ( -1.000000000000000000, -3.491481338843133355E-15, 2.775557561562891351E-16 ) ) ;
#1657 = ORIENTED_EDGE ( 'NONE', *, *, #2212, .T. ) ;
#1658 = ORIENTED_EDGE ( 'NONE', *, *, #1567, .T. ) ;
#1659 = DIRECTION ( 'NONE',  ( 0.000000000000000000, 0.000000000000000000, -1.000000000000000000 ) ) ;
#1660 = EDGE_CURVE ( 'NONE', #559, #798, #29, .T. ) ;
#1661 = VERTEX_POINT ( 'NONE', #1807 ) ;
#1662 = LINE ( 'NONE', #1896, #1494 ) ;
#1663 = CARTESIAN_POINT ( 'NONE',  ( -30.00000000000000000, 0.000000000000000000, 25.00000000000000000 ) ) ;
#1664 = DIRECTION ( 'NONE',  ( 0.000000000000000000, 0.000000000000000000, -1.000000000000000000 ) ) ;
#1665 = ORIENTED_EDGE ( 'NONE', *, *, #1570, .T. ) ;
#1666 = CARTESIAN_POINT ( 'NONE',  ( -44.00000000000001421, -1.396592535537253342E-14, -25.00000000000000000 ) ) ;
#1667 = EDGE_CURVE ( 'NONE', #1288, #1479, #1881, .T. ) ;
#1668 = DIRECTION ( 'NONE',  ( -3.083952846181006649E-15, -1.000000000000000000, 0.000000000000000000 ) ) ;
#1669 = DIRECTION ( 'NONE',  ( 0.000000000000000000, 0.000000000000000000, 1.000000000000000000 ) ) ;
#1670 = ORIENTED_EDGE ( 'NONE', *, *, #350, .T. ) ;
#1671 = VERTEX_POINT ( 'NONE', #1368 ) ;
#1672 = ADVANCED_BREP_SHAPE_REPRESENTATION ( 'part_yaobu_1', ( #958, #2459 ), #638 ) ;
#1673 = DIRECTION ( 'NONE',  ( -1.000000000000000000, -3.469446951953613400E-15, 2.775557561562891351E-16 ) ) ;
#1674 = CARTESIAN_POINT ( 'NONE',  ( 39.00000000000000000, 0.9999999999999993339, 25.00000000000000000 ) ) ;
#1675 = CYLINDRICAL_SURFACE ( 'NONE', #807, 2.249999999999989786 ) ;
#1676 = CARTESIAN_POINT ( 'NONE',  ( -40.00000000000000711, 0.9999999999999940048, -25.00000000000000000 ) ) ;
#1677 = ORIENTED_EDGE ( 'NONE', *, *, #2390, .F. ) ;
#1678 = CARTESIAN_POINT ( 'NONE',  ( -44.00000000000018474, 56.00000000000000711, 15.00000000000001243 ) ) ;
#1679 = CIRCLE ( 'NONE', #1263, 2.750000000000002665 ) ;
#1680 = CARTESIAN_POINT ( 'NONE',  ( 39.00000000000000000, 0.9999999999999885647, -24.99999999999998579 ) ) ;
#1681 = DIRECTION ( 'NONE',  ( -1.000000000000000000, -0.000000000000000000, 2.775557561562891351E-16 ) ) ;
#1682 = ORIENTED_EDGE ( 'NONE', *, *, #732, .T. ) ;
#1683 = CONICAL_SURFACE ( 'NONE', #438, 4.699999999999995737, 0.7853981633974482790 ) ;
#1684 = ORIENTED_EDGE ( 'NONE', *, *, #2229, .T. ) ;
#1685 = VECTOR ( 'NONE', #2133, 1000.000000000000000 ) ;
#1686 = EDGE_CURVE ( 'NONE', #2372, #1261, #1093, .T. ) ;
#1687 = FACE_BOUND ( 'NONE', #947, .T. ) ;
#1688 = AXIS2_PLACEMENT_3D ( 'NONE', #1325, #1309, #2443 ) ;
#1689 = AXIS2_PLACEMENT_3D ( 'NONE', #1403, #231, #1194 ) ;
#1690 = ORIENTED_EDGE ( 'NONE', *, *, #2041, .F. ) ;
#1691 = EDGE_CURVE ( 'NONE', #1201, #1073, #2705, .T. ) ;
#1692 = LINE ( 'NONE', #2309, #400 ) ;
#1693 = CIRCLE ( 'NONE', #2014, 4.699999999999993960 ) ;
#1694 = CARTESIAN_POINT ( 'NONE',  ( 41.55000000000018900, 56.00000000000000711, -17.24999999999997513 ) ) ;
#1695 = DIRECTION ( 'NONE',  ( 1.000000000000000000, 3.491481338843133355E-15, -2.775557561562891351E-16 ) ) ;
#1696 = AXIS2_PLACEMENT_3D ( 'NONE', #1195, #544, #332 ) ;
#1697 = ORIENTED_EDGE ( 'NONE', *, *, #468, .T. ) ;
#1698 = CONICAL_SURFACE ( 'NONE', #812, 4.699999999999995737, 0.7853981633974482790 ) ;
#1699 = ORIENTED_EDGE ( 'NONE', *, *, #2142, .F. ) ;
#1700 = CARTESIAN_POINT ( 'NONE',  ( 44.00000000000042633, 124.0000000000000000, 25.00000000000000000 ) ) ;
#1701 = AXIS2_PLACEMENT_3D ( 'NONE', #354, #136, #2607 ) ;
#1702 = CIRCLE ( 'NONE', #2444, 2.749999999999999112 ) ;
#1703 = EDGE_CURVE ( 'NONE', #2099, #546, #907, .T. ) ;
#1704 = SECURITY_CLASSIFICATION ( '', '', #1338 ) ;
#1705 = FACE_OUTER_BOUND ( 'NONE', #494, .T. ) ;
#1706 = CYLINDRICAL_SURFACE ( 'NONE', #1507, 2.249999999999986233 ) ;
#1707 = ORIENTED_EDGE ( 'NONE', *, *, #592, .T. ) ;
#1708 = ORIENTED_EDGE ( 'NONE', *, *, #126, .T. ) ;
#1709 = EDGE_CURVE ( 'NONE', #1968, #1459, #2693, .T. ) ;
#1710 = CARTESIAN_POINT ( 'NONE',  ( -41.55000000000027427, 81.00000000000000000, -2.249999999999976463 ) ) ;
#1711 = EDGE_CURVE ( 'NONE', #2639, #2099, #2728, .T. ) ;
#1712 = VERTEX_POINT ( 'NONE', #696 ) ;
#1713 = DIRECTION ( 'NONE',  ( -0.000000000000000000, 1.000000000000000000, -0.000000000000000000 ) ) ;
#1714 = CARTESIAN_POINT ( 'NONE',  ( 44.00000000000051870, 111.0000000000003268, 4.999999999999971578 ) ) ;
#1715 = ORIENTED_EDGE ( 'NONE', *, *, #1718, .F. ) ;
#1716 = DIRECTION ( 'NONE',  ( 1.000000000000000000, -3.469446951953613400E-15, -1.608122649676636601E-16 ) ) ;
#1717 = ORIENTED_EDGE ( 'NONE', *, *, #1711, .T. ) ;
#1718 = EDGE_CURVE ( 'NONE', #833, #2620, #1121, .T. ) ;
#1719 = VERTEX_POINT ( 'NONE', #1336 ) ;
#1720 = FACE_OUTER_BOUND ( 'NONE', #2848, .T. ) ;
#1721 = ORIENTED_EDGE ( 'NONE', *, *, #1691, .F. ) ;
#1722 = CARTESIAN_POINT ( 'NONE',  ( -30.00000000000000000, -2.250000000000000000, 20.00000000000000000 ) ) ;
#1723 = EDGE_LOOP ( 'NONE', ( #2488, #1025, #233, #1439 ) ) ;
#1724 = ORIENTED_EDGE ( 'NONE', *, *, #2742, .F. ) ;
#1725 = PLANE ( 'NONE',  #2722 ) ;
#1726 = DIRECTION ( 'NONE',  ( 0.000000000000000000, 0.000000000000000000, -1.000000000000000000 ) ) ;
#1727 = CARTESIAN_POINT ( 'NONE',  ( 44.00000000000044054, 126.0000000000000000, 25.00000000000000000 ) ) ;
#1728 = EDGE_LOOP ( 'NONE', ( #185, #1371, #508, #772 ) ) ;
#1729 = VERTEX_POINT ( 'NONE', #1109 ) ;
#1730 = DIRECTION ( 'NONE',  ( 1.000000000000000000, -0.000000000000000000, 2.775557561562891351E-16 ) ) ;
#1731 = CARTESIAN_POINT ( 'NONE',  ( 41.55000000000027427, 81.00000000000000000, -2.249999999999976463 ) ) ;
#1732 = ORIENTED_EDGE ( 'NONE', *, *, #632, .T. ) ;
#1733 = CARTESIAN_POINT ( 'NONE',  ( 44.00000000000041922, 124.0000000000000000, -25.00000000000000000 ) ) ;
#1734 = VECTOR ( 'NONE', #2088, 1000.000000000000000 ) ;
#1735 = CYLINDRICAL_SURFACE ( 'NONE', #484, 2.249999999999988010 ) ;
#1736 = DIRECTION ( 'NONE',  ( -2.775557561562891351E-16, -0.000000000000000000, -1.000000000000000000 ) ) ;
#1737 = ORIENTED_EDGE ( 'NONE', *, *, #1616, .F. ) ;
#1738 = DIRECTION ( 'NONE',  ( 1.000000000000000000, 3.491481338843133355E-15, -2.775557561562891351E-16 ) ) ;
#1739 = CIRCLE ( 'NONE', #1176, 2.249999999999988010 ) ;
#1740 = ORIENTED_EDGE ( 'NONE', *, *, #2138, .T. ) ;
#1741 = CONICAL_SURFACE ( 'NONE', #1972, 4.699999999999993960, 0.7853981633974482790 ) ;
#1742 = CONICAL_SURFACE ( 'NONE', #2395, 4.699999999999995737, 0.7853981633974482790 ) ;
#1743 = ORIENTED_EDGE ( 'NONE', *, *, #1745, .T. ) ;
#1744 = DIRECTION ( 'NONE',  ( -1.000000000000000000, -0.000000000000000000, 2.775557561562891351E-16 ) ) ;
#1745 = EDGE_CURVE ( 'NONE', #1951, #1719, #287, .T. ) ;
#1746 = CIRCLE ( 'NONE', #1230, 2.000000000000001776 ) ;
#1747 = CONICAL_SURFACE ( 'NONE', #1932, 4.699999999999997513, 0.7853981633974482790 ) ;
#1748 = AXIS2_PLACEMENT_3D ( 'NONE', #2678, #2426, #1267 ) ;
#1749 = AXIS2_PLACEMENT_3D ( 'NONE', #2819, #608, #1496 ) ;
#1750 = CYLINDRICAL_SURFACE ( 'NONE', #307, 15.00000000000001421 ) ;
#1751 = ORIENTED_EDGE ( 'NONE', *, *, #1192, .T. ) ;
#1752 = LINE ( 'NONE', #1294, #2587 ) ;
#1753 = DIRECTION ( 'NONE',  ( -1.000000000000000000, -0.000000000000000000, 2.775557561562891351E-16 ) ) ;
#1754 = FACE_OUTER_BOUND ( 'NONE', #1946, .T. ) ;
#1755 = ORIENTED_EDGE ( 'NONE', *, *, #99, .F. ) ;
#1756 = ORIENTED_EDGE ( 'NONE', *, *, #2439, .T. ) ;
#1757 = ORIENTED_EDGE ( 'NONE', *, *, #1104, .F. ) ;
#1758 = DIRECTION ( 'NONE',  ( -3.469446951953611033E-15, -1.000000000000000000, 0.000000000000000000 ) ) ;
#1759 = DIRECTION ( 'NONE',  ( -1.000000000000000000, -0.000000000000000000, 2.775557561562891351E-16 ) ) ;
#1760 = DIRECTION ( 'NONE',  ( -3.469446951953613400E-15, 1.000000000000000000, 0.000000000000000000 ) ) ;
#1761 = CARTESIAN_POINT ( 'NONE',  ( -41.55000000000027427, 81.00000000000000000, 1.153244166829381041E-14 ) ) ;
#1762 = CC_DESIGN_PERSON_AND_ORGANIZATION_ASSIGNMENT ( #2054, #2264, ( #2038 ) ) ;
#1763 = CARTESIAN_POINT ( 'NONE',  ( -40.00000000000044054, 124.0000000000000142, -23.00000000000000355 ) ) ;
#1764 = DIRECTION ( 'NONE',  ( 1.000000000000000000, -0.000000000000000000, 2.775557561562891351E-16 ) ) ;
#1765 = EDGE_LOOP ( 'NONE', ( #1879, #1755, #616, #1853 ) ) ;
#1766 = ORIENTED_EDGE ( 'NONE', *, *, #571, .T. ) ;
#1767 = ORIENTED_EDGE ( 'NONE', *, *, #1745, .F. ) ;
#1768 = LINE ( 'NONE', #1487, #2768 ) ;
#1769 = DIRECTION ( 'NONE',  ( -1.000000000000000000, -0.000000000000000000, 2.775557561562891351E-16 ) ) ;
#1770 = DIRECTION ( 'NONE',  ( 0.000000000000000000, 0.000000000000000000, 1.000000000000000000 ) ) ;
#1771 = DIRECTION ( 'NONE',  ( 0.7071067811865477948, 0.000000000000000000, -0.7071067811865473507 ) ) ;
#1772 = EDGE_CURVE ( 'NONE', #479, #908, #2274, .T. ) ;
#1773 = EDGE_CURVE ( 'NONE', #908, #1054, #944, .T. ) ;
#1774 = CARTESIAN_POINT ( 'NONE',  ( 30.00000000000000000, -2.250000000000000000, 20.00000000000000000 ) ) ;
#1775 = CARTESIAN_POINT ( 'NONE',  ( 44.00000000000047606, 124.0000000000002984, 21.88194301613410886 ) ) ;
#1776 = EDGE_LOOP ( 'NONE', ( #1269, #378, #1697, #319 ) ) ;
#1777 = EDGE_CURVE ( 'NONE', #1467, #2280, #733, .T. ) ;
#1778 = EDGE_LOOP ( 'NONE', ( #2715, #1905, #1974, #2486 ) ) ;
#1779 = VERTEX_POINT ( 'NONE', #2515 ) ;
#1780 = VECTOR ( 'NONE', #1264, 1000.000000000000000 ) ;
#1781 = DIRECTION ( 'NONE',  ( 0.000000000000000000, 0.000000000000000000, -1.000000000000000000 ) ) ;
#1782 = CARTESIAN_POINT ( 'NONE',  ( -44.00000000000036948, 106.0000000000000142, -17.24999999999997513 ) ) ;
#1783 = CIRCLE ( 'NONE', #2113, 2.750000000000002665 ) ;
#1784 = PLANE ( 'NONE',  #36 ) ;
#1785 = VECTOR ( 'NONE', #1236, 1000.000000000000000 ) ;
#1786 = CONICAL_SURFACE ( 'NONE', #2163, 4.699999999999997513, 0.7853981633974482790 ) ;
#1787 = ADVANCED_FACE ( 'NONE', ( #2233 ), #16, .T. ) ;
#1788 = AXIS2_PLACEMENT_3D ( 'NONE', #2079, #2509, #951 ) ;
#1789 = CIRCLE ( 'NONE', #586, 2.249999999999988010 ) ;
#1790 = FACE_OUTER_BOUND ( 'NONE', #404, .T. ) ;
#1791 = VECTOR ( 'NONE', #2606, 1000.000000000000000 ) ;
#1792 = EDGE_CURVE ( 'NONE', #2330, #512, #1348, .T. ) ;
#1793 = AXIS2_PLACEMENT_3D ( 'NONE', #2847, #433, #1957 ) ;
#1794 = DIRECTION ( 'NONE',  ( -3.083952846181006649E-15, 1.000000000000000000, 0.000000000000000000 ) ) ;
#1795 = CARTESIAN_POINT ( 'NONE',  ( -38.99999999999996447, -4.000000000000010658, 25.00000000000000000 ) ) ;
#1796 = ORIENTED_EDGE ( 'NONE', *, *, #1139, .F. ) ;
#1797 = APPROVAL_ROLE ( '' ) ;
#1798 = EDGE_CURVE ( 'NONE', #1024, #2330, #2472, .T. ) ;
#1799 = ORIENTED_EDGE ( 'NONE', *, *, #1473, .T. ) ;
#1800 = EDGE_CURVE ( 'NONE', #1286, #1339, #800, .T. ) ;
#1801 = EDGE_LOOP ( 'NONE', ( #1292, #785, #2821, #1682 ) ) ;
#1802 = CARTESIAN_POINT ( 'NONE',  ( 44.00000000000043343, 126.0000000000000000, -23.00000000000000000 ) ) ;
#1803 = FACE_OUTER_BOUND ( 'NONE', #244, .T. ) ;
#1804 = EDGE_LOOP ( 'NONE', ( #283, #2700, #609, #2156 ) ) ;
#1805 = CARTESIAN_POINT ( 'NONE',  ( -44.00000000000028422, 81.00000000000000000, 2.250000000000000444 ) ) ;
#1806 = CARTESIAN_POINT ( 'NONE',  ( 40.00000000000043343, 126.0000000000000284, -25.00000000000000000 ) ) ;
#1807 = CARTESIAN_POINT ( 'NONE',  ( -40.00000000000018474, 56.00000000000000711, 12.75000000000002132 ) ) ;
#1808 = ORIENTED_EDGE ( 'NONE', *, *, #2140, .F. ) ;
#1809 = CALENDAR_DATE ( 2026, 30, 6 ) ;
#1810 = ORIENTED_EDGE ( 'NONE', *, *, #1, .T. ) ;
#1811 = EDGE_LOOP ( 'NONE', ( #612, #1248 ) ) ;
#1812 = DIRECTION ( 'NONE',  ( 1.000000000000000000, -0.000000000000000000, 2.775557561562891351E-16 ) ) ;
#1813 = CARTESIAN_POINT ( 'NONE',  ( -44.00000000000035527, 106.0000000000000142, 15.00000000000001243 ) ) ;
#1814 = ORIENTED_EDGE ( 'NONE', *, *, #97, .F. ) ;
#1815 = CARTESIAN_POINT ( 'NONE',  ( 30.00000000000000000, 0.000000000000000000, -19.99999999999998224 ) ) ;
#1816 = DIRECTION ( 'NONE',  ( -3.469446951953613400E-15, -1.000000000000000000, -0.000000000000000000 ) ) ;
#1817 = AXIS2_PLACEMENT_3D ( 'NONE', #2277, #1577, #1328 ) ;
#1818 = CARTESIAN_POINT ( 'NONE',  ( 39.00000000000000000, 0.9999999999999993339, 25.00000000000000000 ) ) ;
#1819 = ORIENTED_EDGE ( 'NONE', *, *, #1154, .T. ) ;
#1820 = ORIENTED_EDGE ( 'NONE', *, *, #1224, .F. ) ;
#1821 = ORIENTED_EDGE ( 'NONE', *, *, #2503, .F. ) ;
#1822 = CARTESIAN_POINT ( 'NONE',  ( 40.00000000000027001, 81.00000000000000000, 1.110223024625156067E-14 ) ) ;
#1823 = DIRECTION ( 'NONE',  ( 1.000000000000000000, 3.469446951953613400E-15, -2.775557561562891351E-16 ) ) ;
#1824 = EDGE_LOOP ( 'NONE', ( #245, #2388, #1355, #1873 ) ) ;
#1825 = EDGE_CURVE ( 'NONE', #796, #1712, #1270, .T. ) ;
#1826 = CIRCLE ( 'NONE', #1314, 2.750000000000002665 ) ;
#1827 = EDGE_CURVE ( 'NONE', #152, #2608, #1783, .T. ) ;
#1828 = DIRECTION ( 'NONE',  ( 1.000000000000000000, 3.469446951953613400E-15, -2.775557561562891351E-16 ) ) ;
#1829 = CIRCLE ( 'NONE', #2447, 4.699999999999997513 ) ;
#1830 = EDGE_CURVE ( 'NONE', #2639, #275, #2788, .T. ) ;
#1831 = AXIS2_PLACEMENT_3D ( 'NONE', #2272, #24, #460 ) ;
#1832 = CARTESIAN_POINT ( 'NONE',  ( 44.00000000000028422, 81.00000000000000000, -4.699999999999983302 ) ) ;
#1833 = VECTOR ( 'NONE', #1614, 1000.000000000000000 ) ;
#1834 = AXIS2_PLACEMENT_3D ( 'NONE', #2839, #1730, #2623 ) ;
#1835 = CONICAL_SURFACE ( 'NONE', #1935, 4.699999999999995737, 0.7853981633974482790 ) ;
#1836 = AXIS2_PLACEMENT_3D ( 'NONE', #2714, #489, #2675 ) ;
#1837 = CARTESIAN_POINT ( 'NONE',  ( 41.55000000000018900, 56.00000000000000711, -12.75000000000000000 ) ) ;
#1838 = ORIENTED_EDGE ( 'NONE', *, *, #473, .T. ) ;
#1839 = FACE_OUTER_BOUND ( 'NONE', #2125, .T. ) ;
#1840 = CARTESIAN_POINT ( 'NONE',  ( 30.00000000000000000, 0.000000000000000000, 20.00000000000000000 ) ) ;
#1841 = CARTESIAN_POINT ( 'NONE',  ( -40.00000000000043343, 124.0000000000000142, 21.88194301613413373 ) ) ;
#1842 = ORIENTED_EDGE ( 'NONE', *, *, #2041, .T. ) ;
#1843 = CARTESIAN_POINT ( 'NONE',  ( 44.00000000000028422, 81.00000000000000000, -2.249999999999976019 ) ) ;
#1844 = DIRECTION ( 'NONE',  ( -3.469446951953611033E-15, -1.000000000000000000, 0.000000000000000000 ) ) ;
#1845 = CARTESIAN_POINT ( 'NONE',  ( 30.00000000000000000, -4.000000000000011546, 20.00000000000000000 ) ) ;
#1846 = PLANE ( 'NONE',  #2394 ) ;
#1847 = DATE_AND_TIME ( #2285, #2360 ) ;
#1848 = ORIENTED_EDGE ( 'NONE', *, *, #1601, .F. ) ;
#1849 = APPLICATION_CONTEXT ( 'configuration controlled 3d designs of mechanical parts and assemblies' ) ;
#1850 = DIRECTION ( 'NONE',  ( 0.7071067811865473507, 8.659560562354934091E-17, 0.7071067811865477948 ) ) ;
#1851 = DIRECTION ( 'NONE',  ( 0.000000000000000000, 0.000000000000000000, -1.000000000000000000 ) ) ;
#1852 = CARTESIAN_POINT ( 'NONE',  ( 30.00000000000000000, -4.000000000000011546, -22.74999999999998579 ) ) ;
#1853 = ORIENTED_EDGE ( 'NONE', *, *, #2029, .F. ) ;
#1854 = CARTESIAN_POINT ( 'NONE',  ( -40.00000000000043343, 126.0000000000000284, 21.88194301613413373 ) ) ;
#1855 = DIRECTION ( 'NONE',  ( -1.000000000000000000, -3.469446951953614583E-15, 2.775557561562891351E-16 ) ) ;
#1856 = DIRECTION ( 'NONE',  ( 0.000000000000000000, 0.000000000000000000, 1.000000000000000000 ) ) ;
#1857 = EDGE_CURVE ( 'NONE', #285, #2548, #2206, .T. ) ;
#1858 = CARTESIAN_POINT ( 'NONE',  ( 30.00000000000000000, -4.000000000000011546, -19.99999999999998224 ) ) ;
#1859 = ADVANCED_FACE ( 'NONE', ( #2332 ), #359, .F. ) ;
#1860 = EDGE_CURVE ( 'NONE', #1112, #2773, #2098, .T. ) ;
#1861 = ORIENTED_EDGE ( 'NONE', *, *, #2290, .T. ) ;
#1862 = DIRECTION ( 'NONE',  ( 1.000000000000000000, -0.000000000000000000, 2.775557561562891351E-16 ) ) ;
#1863 = DIRECTION ( 'NONE',  ( 1.000000000000000000, 3.469446951953613400E-15, -2.775557561562891351E-16 ) ) ;
#1864 = CARTESIAN_POINT ( 'NONE',  ( -41.55000000000018900, 56.00000000000000711, -12.75000000000000000 ) ) ;
#1865 = ADVANCED_FACE ( 'NONE', ( #984 ), #1016, .F. ) ;
#1866 = ORIENTED_EDGE ( 'NONE', *, *, #149, .F. ) ;
#1867 = CARTESIAN_POINT ( 'NONE',  ( 41.55000000000035243, 106.0000000000000142, 12.75000000000002309 ) ) ;
#1868 = VECTOR ( 'NONE', #2335, 1000.000000000000000 ) ;
#1869 = FACE_OUTER_BOUND ( 'NONE', #1197, .T. ) ;
#1870 = LINE ( 'NONE', #320, #533 ) ;
#1871 = EDGE_CURVE ( 'NONE', #1054, #1015, #402, .T. ) ;
#1872 = ORIENTED_EDGE ( 'NONE', *, *, #14, .T. ) ;
#1873 = ORIENTED_EDGE ( 'NONE', *, *, #2868, .F. ) ;
#1874 = VECTOR ( 'NONE', #1438, 1000.000000000000000 ) ;
#1875 = AXIS2_PLACEMENT_3D ( 'NONE', #1191, #1828, #78 ) ;
#1876 = CARTESIAN_POINT ( 'NONE',  ( 41.55000000000017479, 56.00000000000000711, 15.00000000000001243 ) ) ;
#1877 = AXIS2_PLACEMENT_3D ( 'NONE', #2283, #2543, #2318 ) ;
#1878 = AXIS2_PLACEMENT_3D ( 'NONE', #2491, #1385, #1622 ) ;
#1879 = ORIENTED_EDGE ( 'NONE', *, *, #163, .T. ) ;
#1880 = AXIS2_PLACEMENT_3D ( 'NONE', #151, #2808, #1023 ) ;
#1881 = CIRCLE ( 'NONE', #2817, 5.000000000000000888 ) ;
#1882 = CARTESIAN_POINT ( 'NONE',  ( -30.00000000000000000, 0.000000000000000000, 22.75000000000000000 ) ) ;
#1883 = DIRECTION ( 'NONE',  ( -3.083952846181006649E-15, 1.000000000000000000, 0.000000000000000000 ) ) ;
#1884 = ADVANCED_FACE ( 'NONE', ( #1894, #2775, #971, #1687, #754, #2559 ), #1643, .F. ) ;
#1885 = LINE ( 'NONE', #564, #768 ) ;
#1886 = APPROVAL_PERSON_ORGANIZATION ( #1370, #2641, #1618 ) ;
#1887 = ORIENTED_EDGE ( 'NONE', *, *, #126, .F. ) ;
#1888 = CARTESIAN_POINT ( 'NONE',  ( 44.00000000000044764, 124.0000000000000000, -11.88194301613413018 ) ) ;
#1889 = EDGE_CURVE ( 'NONE', #2449, #2240, #2065, .T. ) ;
#1890 = DIRECTION ( 'NONE',  ( -1.000000000000000000, -0.000000000000000000, 2.775557561562891351E-16 ) ) ;
#1891 = LINE ( 'NONE', #968, #1274 ) ;
#1892 = VERTEX_POINT ( 'NONE', #86 ) ;
#1893 = ORIENTED_EDGE ( 'NONE', *, *, #1260, .T. ) ;
#1894 = FACE_BOUND ( 'NONE', #919, .T. ) ;
#1895 = ORIENTED_EDGE ( 'NONE', *, *, #1901, .F. ) ;
#1896 = CARTESIAN_POINT ( 'NONE',  ( 44.00000000000018474, 56.00000000000000711, 19.70000000000000995 ) ) ;
#1897 = FACE_OUTER_BOUND ( 'NONE', #2634, .T. ) ;
#1898 = DIRECTION ( 'NONE',  ( 0.000000000000000000, 0.000000000000000000, 1.000000000000000000 ) ) ;
#1899 = ORIENTED_EDGE ( 'NONE', *, *, #1061, .F. ) ;
#1900 = FACE_OUTER_BOUND ( 'NONE', #167, .T. ) ;
#1901 = EDGE_CURVE ( 'NONE', #1661, #95, #2629, .T. ) ;
#1902 = ADVANCED_FACE ( 'NONE', ( #1408 ), #1741, .F. ) ;
#1903 = PLANE ( 'NONE',  #579 ) ;
#1904 = LINE ( 'NONE', #1916, #122 ) ;
#1905 = ORIENTED_EDGE ( 'NONE', *, *, #2296, .T. ) ;
#1906 = ADVANCED_FACE ( 'NONE', ( #2284, #301, #1177, #526, #960, #774 ), #1846, .T. ) ;
#1907 = ORIENTED_EDGE ( 'NONE', *, *, #197, .T. ) ;
#1908 = DIRECTION ( 'NONE',  ( -1.000000000000000000, 3.469446951953613400E-15, 1.387778780781445676E-16 ) ) ;
#1909 = FACE_OUTER_BOUND ( 'NONE', #2051, .T. ) ;
#1910 = DIRECTION ( 'NONE',  ( 1.000000000000000000, 3.469446951953613400E-15, -2.775557561562891351E-16 ) ) ;
#1911 = FACE_OUTER_BOUND ( 'NONE', #2838, .T. ) ;
#1912 = ORIENTED_EDGE ( 'NONE', *, *, #1307, .T. ) ;
#1913 = CARTESIAN_POINT ( 'NONE',  ( -44.00000000000036948, 106.0000000000000142, -19.69999999999998153 ) ) ;
#1914 = EDGE_CURVE ( 'NONE', #2173, #275, #322, .T. ) ;
#1915 = DIRECTION ( 'NONE',  ( -3.083952846181006649E-15, -1.000000000000000000, 0.000000000000000000 ) ) ;
#1916 = CARTESIAN_POINT ( 'NONE',  ( -30.00000000000000000, 0.000000000000000000, -14.99999999999998224 ) ) ;
#1917 = ORIENTED_EDGE ( 'NONE', *, *, #420, .T. ) ;
#1918 = EDGE_CURVE ( 'NONE', #2276, #765, #877, .T. ) ;
#1919 = ORIENTED_EDGE ( 'NONE', *, *, #1522, .T. ) ;
#1920 = EDGE_CURVE ( 'NONE', #2280, #2866, #1693, .T. ) ;
#1921 = AXIS2_PLACEMENT_3D ( 'NONE', #974, #1862, #787 ) ;
#1922 = DIRECTION ( 'NONE',  ( -1.000000000000000000, -0.000000000000000000, 2.775557561562891351E-16 ) ) ;
#1923 = VECTOR ( 'NONE', #194, 1000.000000000000000 ) ;
#1924 = AXIS2_PLACEMENT_3D ( 'NONE', #1389, #1324, #1995 ) ;
#1925 = CARTESIAN_POINT ( 'NONE',  ( 41.55000000000036664, 106.0000000000000142, -14.99999999999998757 ) ) ;
#1926 = AXIS2_PLACEMENT_3D ( 'NONE', #2306, #2132, #1659 ) ;
#1927 = AXIS2_PLACEMENT_3D ( 'NONE', #1666, #1011, #2565 ) ;
#1928 = DIRECTION ( 'NONE',  ( 0.000000000000000000, 0.000000000000000000, 1.000000000000000000 ) ) ;
#1929 = DIRECTION ( 'NONE',  ( 2.775557561562891351E-16, 0.000000000000000000, 1.000000000000000000 ) ) ;
#1930 = CIRCLE ( 'NONE', #680, 2.750000000000002665 ) ;
#1931 = ORIENTED_EDGE ( 'NONE', *, *, #1, .F. ) ;
#1932 = AXIS2_PLACEMENT_3D ( 'NONE', #626, #2223, #1519 ) ;
#1933 = ORIENTED_EDGE ( 'NONE', *, *, #2100, .F. ) ;
#1934 = FACE_OUTER_BOUND ( 'NONE', #2333, .T. ) ;
#1935 = AXIS2_PLACEMENT_3D ( 'NONE', #2551, #778, #552 ) ;
#1936 = CONICAL_SURFACE ( 'NONE', #817, 4.699999999999993960, 0.7853981633974482790 ) ;
#1937 = DIRECTION ( 'NONE',  ( -1.000000000000000000, 3.469446951953613400E-15, 1.387778780781445676E-16 ) ) ;
#1938 = EDGE_LOOP ( 'NONE', ( #1866, #2574 ) ) ;
#1939 = ORIENTED_EDGE ( 'NONE', *, *, #503, .T. ) ;
#1940 = LINE ( 'NONE', #1091, #2294 ) ;
#1941 = EDGE_CURVE ( 'NONE', #365, #1479, #2857, .T. ) ;
#1942 = FACE_OUTER_BOUND ( 'NONE', #1801, .T. ) ;
#1943 = FACE_OUTER_BOUND ( 'NONE', #852, .T. ) ;
#1944 = ORIENTED_EDGE ( 'NONE', *, *, #417, .F. ) ;
#1945 = DIRECTION ( 'NONE',  ( 0.000000000000000000, 0.000000000000000000, -1.000000000000000000 ) ) ;
#1946 = EDGE_LOOP ( 'NONE', ( #108, #655, #2153, #88 ) ) ;
#1947 = ORIENTED_EDGE ( 'NONE', *, *, #1345, .T. ) ;
#1948 = CARTESIAN_POINT ( 'NONE',  ( 44.00000000000018474, 56.00000000000000711, 15.00000000000001243 ) ) ;
#1949 = DIRECTION ( 'NONE',  ( -0.000000000000000000, 1.000000000000000000, -0.000000000000000000 ) ) ;
#1950 = ORIENTED_EDGE ( 'NONE', *, *, #2527, .F. ) ;
#1951 = VERTEX_POINT ( 'NONE', #820 ) ;
#1952 = DIRECTION ( 'NONE',  ( -1.387778780781445676E-16, 4.814824860968088757E-31, -1.000000000000000000 ) ) ;
#1953 = ORIENTED_EDGE ( 'NONE', *, *, #2659, .T. ) ;
#1954 = FACE_OUTER_BOUND ( 'NONE', #2237, .T. ) ;
#1955 = DIRECTION ( 'NONE',  ( -0.000000000000000000, 1.000000000000000000, -0.000000000000000000 ) ) ;
#1956 = VERTEX_POINT ( 'NONE', #1493 ) ;
#1957 = DIRECTION ( 'NONE',  ( 0.000000000000000000, 0.000000000000000000, -1.000000000000000000 ) ) ;
#1958 = ORIENTED_EDGE ( 'NONE', *, *, #1616, .T. ) ;
#1959 = ORIENTED_EDGE ( 'NONE', *, *, #747, .T. ) ;
#1960 = EDGE_CURVE ( 'NONE', #75, #1956, #1752, .T. ) ;
#1961 = CARTESIAN_POINT ( 'NONE',  ( -39.99999999999999289, 0.9999999999999940048, 24.99999999999999645 ) ) ;
#1962 = CARTESIAN_POINT ( 'NONE',  ( 44.00000000000046185, 126.0000000000003411, 4.999999999999971578 ) ) ;
#1963 = VERTEX_POINT ( 'NONE', #1733 ) ;
#1964 = EDGE_CURVE ( 'NONE', #1968, #720, #861, .T. ) ;
#1965 = DIRECTION ( 'NONE',  ( 0.000000000000000000, 0.000000000000000000, -1.000000000000000000 ) ) ;
#1966 = LINE ( 'NONE', #179, #2341 ) ;
#1967 = CARTESIAN_POINT ( 'NONE',  ( 39.00000000000000000, 0.9999999999999993339, 25.00000000000000000 ) ) ;
#1968 = VERTEX_POINT ( 'NONE', #1710 ) ;
#1969 = CYLINDRICAL_SURFACE ( 'NONE', #2307, 15.00000000000001421 ) ;
#1970 = CONICAL_SURFACE ( 'NONE', #1085, 4.999999999999997335, 0.7853981633974472798 ) ;
#1971 = ORIENTED_EDGE ( 'NONE', *, *, #1566, .F. ) ;
#1972 = AXIS2_PLACEMENT_3D ( 'NONE', #2798, #595, #98 ) ;
#1973 = AXIS2_PLACEMENT_3D ( 'NONE', #1171, #2050, #729 ) ;
#1974 = ORIENTED_EDGE ( 'NONE', *, *, #2732, .F. ) ;
#1975 = EDGE_CURVE ( 'NONE', #2045, #1288, #1262, .T. ) ;
#1976 = DIRECTION ( 'NONE',  ( -1.000000000000000000, -3.469446951953613400E-15, 2.832769448823989808E-16 ) ) ;
#1977 = DIRECTION ( 'NONE',  ( 1.000000000000000000, -0.000000000000000000, 2.775557561562891351E-16 ) ) ;
#1978 = AXIS2_PLACEMENT_3D ( 'NONE', #2685, #1769, #1103 ) ;
#1979 = AXIS2_PLACEMENT_3D ( 'NONE', #1273, #209, #186 ) ;
#1980 = VECTOR ( 'NONE', #1167, 1000.000000000000000 ) ;
#1981 = DIRECTION ( 'NONE',  ( 0.000000000000000000, 0.000000000000000000, 1.000000000000000000 ) ) ;
#1982 = ADVANCED_FACE ( 'NONE', ( #379 ), #2147, .F. ) ;
#1983 = CARTESIAN_POINT ( 'NONE',  ( 44.00000000000036948, 106.0000000000000142, -10.29999999999999183 ) ) ;
#1984 = DIRECTION ( 'NONE',  ( 0.000000000000000000, 0.000000000000000000, 1.000000000000000000 ) ) ;
#1985 = CARTESIAN_POINT ( 'NONE',  ( 40.00000000000018474, 56.00000000000000711, -14.99999999999998934 ) ) ;
#1986 = ORIENTED_EDGE ( 'NONE', *, *, #1583, .F. ) ;
#1987 = ORIENTED_EDGE ( 'NONE', *, *, #2313, .F. ) ;
#1988 = VERTEX_POINT ( 'NONE', #2159 ) ;
#1989 = FACE_OUTER_BOUND ( 'NONE', #1110, .T. ) ;
#1990 = CARTESIAN_POINT ( 'NONE',  ( 40.00000000000043343, 126.0000000000003126, 4.999999999999972466 ) ) ;
#1991 = ADVANCED_FACE ( 'NONE', ( #2647 ), #605, .T. ) ;
#1992 = DIRECTION ( 'NONE',  ( 1.000000000000000000, -0.000000000000000000, 2.775557561562891351E-16 ) ) ;
#1993 = DESIGN_CONTEXT ( 'detailed design', #1849, 'design' ) ;
#1994 = CARTESIAN_POINT ( 'NONE',  ( 40.00000000000000000, 2.465190328815661892E-29, 25.00000000000000000 ) ) ;
#1995 = DIRECTION ( 'NONE',  ( 0.000000000000000000, 0.000000000000000000, -1.000000000000000000 ) ) ;
#1996 = CARTESIAN_POINT ( 'NONE',  ( -44.00000000000019895, 56.00000000000000711, -19.69999999999998153 ) ) ;
#1997 = EDGE_LOOP ( 'NONE', ( #656, #2592, #2339, #1540 ) ) ;
#1998 = ORIENTED_EDGE ( 'NONE', *, *, #342, .T. ) ;
#1999 = DIRECTION ( 'NONE',  ( -3.083952846181006649E-15, -1.000000000000000000, 0.000000000000000000 ) ) ;
#2000 = CARTESIAN_POINT ( 'NONE',  ( 30.00000000000000000, 0.000000000000000000, 22.75000000000000355 ) ) ;
#2001 = FACE_OUTER_BOUND ( 'NONE', #1067, .T. ) ;
#2002 = CARTESIAN_POINT ( 'NONE',  ( -39.00000000000000000, 0.9999999999999974465, -25.00000000000000000 ) ) ;
#2003 = EDGE_CURVE ( 'NONE', #331, #2007, #2660, .T. ) ;
#2004 = DIRECTION ( 'NONE',  ( 0.000000000000000000, 0.000000000000000000, 1.000000000000000000 ) ) ;
#2005 = CARTESIAN_POINT ( 'NONE',  ( 30.00000000000000000, -2.250000000000000000, -19.99999999999998224 ) ) ;
#2006 = DIRECTION ( 'NONE',  ( 1.000000000000000000, -3.469446951953613400E-15, -1.608122649676636601E-16 ) ) ;
#2007 = VERTEX_POINT ( 'NONE', #173 ) ;
#2008 = CIRCLE ( 'NONE', #855, 1.000000000000000666 ) ;
#2009 = ORIENTED_EDGE ( 'NONE', *, *, #1281, .T. ) ;
#2010 = VERTEX_POINT ( 'NONE', #1027 ) ;
#2011 = AXIS2_PLACEMENT_3D ( 'NONE', #2525, #524, #106 ) ;
#2012 = CARTESIAN_POINT ( 'NONE',  ( 30.00000000000000000, 0.000000000000000000, -17.24999999999998224 ) ) ;
#2013 = DIRECTION ( 'NONE',  ( 0.000000000000000000, 0.000000000000000000, 1.000000000000000000 ) ) ;
#2014 = AXIS2_PLACEMENT_3D ( 'NONE', #203, #393, #1965 ) ;
#2015 = ORIENTED_EDGE ( 'NONE', *, *, #1068, .F. ) ;
#2016 = AXIS2_PLACEMENT_3D ( 'NONE', #1012, #1890, #1000 ) ;
#2017 = DIRECTION ( 'NONE',  ( -3.083952846181006649E-15, 1.000000000000000000, 0.000000000000000000 ) ) ;
#2018 = VECTOR ( 'NONE', #1322, 1000.000000000000000 ) ;
#2019 = AXIS2_PLACEMENT_3D ( 'NONE', #537, #1159, #1611 ) ;
#2020 = AXIS2_PLACEMENT_3D ( 'NONE', #2311, #1416, #964 ) ;
#2021 = AXIS2_PLACEMENT_3D ( 'NONE', #913, #1812, #2508 ) ;
#2022 = CARTESIAN_POINT ( 'NONE',  ( -40.00000000000000711, 0.9999999999999940048, -25.00000000000000000 ) ) ;
#2023 = CONICAL_SURFACE ( 'NONE', #1793, 4.699999999999995737, 0.7853981633974482790 ) ;
#2024 = CC_DESIGN_PERSON_AND_ORGANIZATION_ASSIGNMENT ( #1151, #87, ( #728 ) ) ;
#2025 = DIRECTION ( 'NONE',  ( 1.387778780781445676E-16, -0.000000000000000000, 1.000000000000000000 ) ) ;
#2026 = ADVANCED_FACE ( 'NONE', ( #1525 ), #1283, .T. ) ;
#2027 = ORIENTED_EDGE ( 'NONE', *, *, #2566, .T. ) ;
#2028 = ORIENTED_EDGE ( 'NONE', *, *, #381, .F. ) ;
#2029 = EDGE_CURVE ( 'NONE', #2510, #546, #1940, .T. ) ;
#2030 = ORIENTED_EDGE ( 'NONE', *, *, #732, .F. ) ;
#2031 = DIRECTION ( 'NONE',  ( 3.469446951953613400E-15, 1.000000000000000000, -0.000000000000000000 ) ) ;
#2032 = DIRECTION ( 'NONE',  ( 3.491481338843133355E-15, -1.000000000000000000, -9.690807431081786425E-31 ) ) ;
#2033 = EDGE_CURVE ( 'NONE', #1059, #482, #1598, .T. ) ;
#2034 = VERTEX_POINT ( 'NONE', #2813 ) ;
#2035 = FACE_OUTER_BOUND ( 'NONE', #2603, .T. ) ;
#2036 = CARTESIAN_POINT ( 'NONE',  ( -38.99999999999996447, -4.000000000000010658, 24.99999999999999645 ) ) ;
#2037 = DIRECTION ( 'NONE',  ( 1.000000000000000000, 3.491481338843133355E-15, -2.775557561562891351E-16 ) ) ;
#2038 = PRODUCT ( 'part_yaobu_1', 'part_yaobu_1', '', ( #450 ) ) ;
#2039 = ORIENTED_EDGE ( 'NONE', *, *, #876, .F. ) ;
#2040 = PERSON_AND_ORGANIZATION ( #2336, #2123 ) ;
#2041 = EDGE_CURVE ( 'NONE', #2111, #1478, #1480, .T. ) ;
#2042 = ADVANCED_FACE ( 'NONE', ( #2377 ), #1725, .F. ) ;
#2043 = EDGE_LOOP ( 'NONE', ( #1737, #195, #1657, #859 ) ) ;
#2044 = EDGE_CURVE ( 'NONE', #1218, #2618, #1178, .T. ) ;
#2045 = VERTEX_POINT ( 'NONE', #635 ) ;
#2046 = DIRECTION ( 'NONE',  ( -3.469446951953611033E-15, -1.000000000000000000, 0.000000000000000000 ) ) ;
#2047 = EDGE_CURVE ( 'NONE', #720, #1968, #1454, .T. ) ;
#2048 = DIRECTION ( 'NONE',  ( -1.000000000000000000, -0.000000000000000000, 2.775557561562891351E-16 ) ) ;
#2049 = ORIENTED_EDGE ( 'NONE', *, *, #1382, .F. ) ;
#2050 = DIRECTION ( 'NONE',  ( -1.000000000000000000, -3.469446951953613400E-15, 2.775557561562891351E-16 ) ) ;
#2051 = EDGE_LOOP ( 'NONE', ( #1634, #1128, #895, #1544 ) ) ;
#2052 = LINE ( 'NONE', #1806, #2686 ) ;
#2053 = DIRECTION ( 'NONE',  ( 1.000000000000000000, 0.000000000000000000, 0.000000000000000000 ) ) ;
#2054 = PERSON_AND_ORGANIZATION ( #2336, #2123 ) ;
#2055 = ORIENTED_EDGE ( 'NONE', *, *, #1654, .T. ) ;
#2056 = DIRECTION ( 'NONE',  ( 0.000000000000000000, 0.000000000000000000, 1.000000000000000000 ) ) ;
#2057 = DIRECTION ( 'NONE',  ( -1.000000000000000000, -0.000000000000000000, -0.000000000000000000 ) ) ;
#2058 = DIRECTION ( 'NONE',  ( 1.000000000000000000, 3.491481338843133355E-15, 0.000000000000000000 ) ) ;
#2059 = CIRCLE ( 'NONE', #2436, 2.749999999999999112 ) ;
#2060 = ORIENTED_EDGE ( 'NONE', *, *, #2212, .F. ) ;
#2061 = AXIS2_PLACEMENT_3D ( 'NONE', #1925, #651, #2818 ) ;
#2062 = CARTESIAN_POINT ( 'NONE',  ( -39.99999999999999289, -4.000000000000000000, 25.00000000000000000 ) ) ;
#2063 = VECTOR ( 'NONE', #2025, 1000.000000000000000 ) ;
#2064 = AXIS2_PLACEMENT_3D ( 'NONE', #330, #28, #1558 ) ;
#2065 = CIRCLE ( 'NONE', #2765, 4.699999999999995737 ) ;
#2066 = AXIS2_PLACEMENT_3D ( 'NONE', #780, #2105, #1432 ) ;
#2067 = DIRECTION ( 'NONE',  ( -3.469446951953611033E-15, -1.000000000000000000, 0.000000000000000000 ) ) ;
#2068 = CYLINDRICAL_SURFACE ( 'NONE', #1644, 2.000000000000001776 ) ;
#2069 = CIRCLE ( 'NONE', #2682, 4.999999999999997335 ) ;
#2070 = VECTOR ( 'NONE', #950, 1000.000000000000000 ) ;
#2071 = ORIENTED_EDGE ( 'NONE', *, *, #2273, .T. ) ;
#2072 = AXIS2_PLACEMENT_3D ( 'NONE', #2521, #2721, #1127 ) ;
#2073 = CARTESIAN_POINT ( 'NONE',  ( 44.00000000000036948, 106.0000000000000142, -19.69999999999998153 ) ) ;
#2074 = APPROVAL_STATUS ( 'not_yet_approved' ) ;
#2075 = CIRCLE ( 'NONE', #321, 2.749999999999999112 ) ;
#2076 = ORIENTED_EDGE ( 'NONE', *, *, #2296, .F. ) ;
#2077 = FACE_OUTER_BOUND ( 'NONE', #1020, .T. ) ;
#2078 = DIRECTION ( 'NONE',  ( 0.000000000000000000, 0.000000000000000000, 1.000000000000000000 ) ) ;
#2079 = CARTESIAN_POINT ( 'NONE',  ( -41.55000000000017479, 56.00000000000000711, 15.00000000000001243 ) ) ;
#2080 = ORIENTED_EDGE ( 'NONE', *, *, #1068, .T. ) ;
#2081 = FACE_OUTER_BOUND ( 'NONE', #2718, .T. ) ;
#2082 = EDGE_CURVE ( 'NONE', #2620, #1437, #215, .T. ) ;
#2083 = CARTESIAN_POINT ( 'NONE',  ( -41.55000000000017479, 56.00000000000000711, 12.75000000000002309 ) ) ;
#2084 = CARTESIAN_POINT ( 'NONE',  ( 40.00000000000000000, 0.9999999999999850120, -24.99999999999998579 ) ) ;
#2085 = EDGE_CURVE ( 'NONE', #2096, #2207, #1033, .T. ) ;
#2086 = DIRECTION ( 'NONE',  ( -2.775557561562891351E-16, 0.000000000000000000, -1.000000000000000000 ) ) ;
#2087 = ORIENTED_EDGE ( 'NONE', *, *, #505, .T. ) ;
#2088 = DIRECTION ( 'NONE',  ( -0.000000000000000000, 1.000000000000000000, -0.000000000000000000 ) ) ;
#2089 = LINE ( 'NONE', #1456, #1045 ) ;
#2090 = DIRECTION ( 'NONE',  ( 0.000000000000000000, 0.000000000000000000, 1.000000000000000000 ) ) ;
#2091 = ORIENTED_EDGE ( 'NONE', *, *, #922, .T. ) ;
#2092 = FACE_OUTER_BOUND ( 'NONE', #2234, .T. ) ;
#2093 = CYLINDRICAL_SURFACE ( 'NONE', #760, 15.00000000000001421 ) ;
#2094 = FACE_OUTER_BOUND ( 'NONE', #297, .T. ) ;
#2095 = EDGE_LOOP ( 'NONE', ( #1715, #2564, #2653, #938 ) ) ;
#2096 = VERTEX_POINT ( 'NONE', #2502 ) ;
#2097 = ADVANCED_FACE ( 'NONE', ( #1147 ), #1536, .F. ) ;
#2098 = LINE ( 'NONE', #2073, #2676 ) ;
#2099 = VERTEX_POINT ( 'NONE', #2036 ) ;
#2100 = EDGE_CURVE ( 'NONE', #1059, #2375, #474, .T. ) ;
#2101 = CARTESIAN_POINT ( 'NONE',  ( -40.00000000000018474, 56.00000000000000711, 17.24999999999999645 ) ) ;
#2102 = DIRECTION ( 'NONE',  ( -0.000000000000000000, 1.000000000000000000, -0.000000000000000000 ) ) ;
#2103 = DIRECTION ( 'NONE',  ( 0.000000000000000000, 0.000000000000000000, -1.000000000000000000 ) ) ;
#2104 = EDGE_LOOP ( 'NONE', ( #2417, #1751, #69, #2445, #132, #2706, #773, #1939, #1820, #2824, #282 ) ) ;
#2105 = DIRECTION ( 'NONE',  ( -0.000000000000000000, 1.000000000000000000, -0.000000000000000000 ) ) ;
#2106 = VECTOR ( 'NONE', #394, 1000.000000000000000 ) ;
#2107 = EDGE_LOOP ( 'NONE', ( #569, #2236 ) ) ;
#2108 = DIRECTION ( 'NONE',  ( -1.000000000000000000, 3.469446951953613400E-15, 1.387778780781445676E-16 ) ) ;
#2109 = AXIS2_PLACEMENT_3D ( 'NONE', #1680, #794, #1215 ) ;
#2110 = DIRECTION ( 'NONE',  ( 0.000000000000000000, 0.000000000000000000, 1.000000000000000000 ) ) ;
#2111 = VERTEX_POINT ( 'NONE', #2231 ) ;
#2112 = ORIENTED_EDGE ( 'NONE', *, *, #1152, .F. ) ;
#2113 = AXIS2_PLACEMENT_3D ( 'NONE', #1858, #2589, #1004 ) ;
#2114 = CIRCLE ( 'NONE', #583, 2.249999999999989786 ) ;
#2115 = DIRECTION ( 'NONE',  ( 0.7071067811865477948, 0.000000000000000000, -0.7071067811865473507 ) ) ;
#2116 = VECTOR ( 'NONE', #957, 1000.000000000000000 ) ;
#2117 = CIRCLE ( 'NONE', #816, 2.249999999999988010 ) ;
#2118 = AXIS2_PLACEMENT_3D ( 'NONE', #879, #652, #2424 ) ;
#2119 = EDGE_CURVE ( 'NONE', #752, #1968, #716, .T. ) ;
#2120 = CARTESIAN_POINT ( 'NONE',  ( 44.00000000000035527, 106.0000000000000142, 15.00000000000001243 ) ) ;
#2121 = DIRECTION ( 'NONE',  ( -1.000000000000000000, -0.000000000000000000, 2.775557561562891351E-16 ) ) ;
#2122 = DIRECTION ( 'NONE',  ( -0.000000000000000000, 1.000000000000000000, -0.000000000000000000 ) ) ;
#2123 = ORGANIZATION ( '未', '未', '' ) ;
#2124 = EDGE_CURVE ( 'NONE', #1459, #2190, #218, .T. ) ;
#2125 = EDGE_LOOP ( 'NONE', ( #1377, #1436, #1207, #987 ) ) ;
#2126 = EDGE_CURVE ( 'NONE', #2150, #75, #2069, .T. ) ;
#2127 = DIRECTION ( 'NONE',  ( 0.000000000000000000, 0.000000000000000000, 1.000000000000000000 ) ) ;
#2128 = DIRECTION ( 'NONE',  ( 1.000000000000000000, -0.000000000000000000, 2.775557561562891351E-16 ) ) ;
#2129 = DIRECTION ( 'NONE',  ( 3.700743415417184787E-15, -1.000000000000000000, 0.000000000000000000 ) ) ;
#2130 = ORIENTED_EDGE ( 'NONE', *, *, #2390, .T. ) ;
#2131 = ORIENTED_EDGE ( 'NONE', *, *, #2851, .F. ) ;
#2132 = DIRECTION ( 'NONE',  ( 1.000000000000000000, -0.000000000000000000, 2.775557561562891351E-16 ) ) ;
#2133 = DIRECTION ( 'NONE',  ( -2.775557561562891351E-16, -0.000000000000000000, -1.000000000000000000 ) ) ;
#2134 = ADVANCED_FACE ( 'NONE', ( #1790 ), #2692, .T. ) ;
#2135 = DIRECTION ( 'NONE',  ( -1.000000000000000000, -3.469446951953614583E-15, 2.775557561562891351E-16 ) ) ;
#2136 = CARTESIAN_POINT ( 'NONE',  ( 40.00000000000036238, 106.0000000000000142, -17.24999999999997868 ) ) ;
#2137 = EDGE_CURVE ( 'NONE', #1729, #1485, #942, .T. ) ;
#2138 = EDGE_CURVE ( 'NONE', #2330, #1201, #1089, .T. ) ;
#2139 = VERTEX_POINT ( 'NONE', #929 ) ;
#2140 = EDGE_CURVE ( 'NONE', #2855, #977, #2496, .T. ) ;
#2141 = DIRECTION ( 'NONE',  ( 0.000000000000000000, 0.000000000000000000, 1.000000000000000000 ) ) ;
#2142 = EDGE_CURVE ( 'NONE', #1988, #491, #902, .T. ) ;
#2143 = CARTESIAN_POINT ( 'NONE',  ( -44.00000000000000000, -1.527438034335171010E-13, 1.221245327087672194E-14 ) ) ;
#2144 = CARTESIAN_POINT ( 'NONE',  ( 44.00000000000036948, 106.0000000000000142, -14.99999999999998757 ) ) ;
#2145 = EDGE_LOOP ( 'NONE', ( #2049, #405, #1717, #838 ) ) ;
#2146 = ORIENTED_EDGE ( 'NONE', *, *, #473, .F. ) ;
#2147 = CYLINDRICAL_SURFACE ( 'NONE', #2450, 2.249999999999986233 ) ;
#2148 = CARTESIAN_POINT ( 'NONE',  ( -44.00000000000035527, 106.0000000000000142, 15.00000000000001243 ) ) ;
#2149 = CARTESIAN_POINT ( 'NONE',  ( -44.00000000000042633, 126.0000000000000000, 22.99999999999999645 ) ) ;
#2150 = VERTEX_POINT ( 'NONE', #1133 ) ;
#2151 = CARTESIAN_POINT ( 'NONE',  ( -44.00000000000041922, 124.0000000000000000, 24.99999999999999645 ) ) ;
#2152 = ORIENTED_EDGE ( 'NONE', *, *, #592, .F. ) ;
#2153 = ORIENTED_EDGE ( 'NONE', *, *, #2567, .T. ) ;
#2154 = DIRECTION ( 'NONE',  ( -0.000000000000000000, 1.000000000000000000, -0.000000000000000000 ) ) ;
#2155 = CARTESIAN_POINT ( 'NONE',  ( 40.00000000000043343, 126.0000000000003126, 4.999999999999972466 ) ) ;
#2156 = ORIENTED_EDGE ( 'NONE', *, *, #1381, .F. ) ;
#2157 = EDGE_LOOP ( 'NONE', ( #2771, #2192, #1255, #1081 ) ) ;
#2158 = CIRCLE ( 'NONE', #1082, 2.000000000000001776 ) ;
#2159 = CARTESIAN_POINT ( 'NONE',  ( 44.00000000000018474, 56.00000000000000711, 19.70000000000000995 ) ) ;
#2160 = AXIS2_PLACEMENT_3D ( 'NONE', #155, #1922, #2830 ) ;
#2161 = DIRECTION ( 'NONE',  ( -0.000000000000000000, 1.000000000000000000, -0.000000000000000000 ) ) ;
#2162 = VECTOR ( 'NONE', #1656, 1000.000000000000000 ) ;
#2163 = AXIS2_PLACEMENT_3D ( 'NONE', #374, #148, #2327 ) ;
#2164 = DIRECTION ( 'NONE',  ( 0.000000000000000000, 0.000000000000000000, 1.000000000000000000 ) ) ;
#2165 = DIRECTION ( 'NONE',  ( 3.469446951953611033E-15, -1.000000000000000000, 0.000000000000000000 ) ) ;
#2166 = CIRCLE ( 'NONE', #316, 2.249999999999988010 ) ;
#2167 = ORIENTED_EDGE ( 'NONE', *, *, #420, .F. ) ;
#2168 = AXIS2_PLACEMENT_3D ( 'NONE', #700, #1578, #1608 ) ;
#2169 = ORIENTED_EDGE ( 'NONE', *, *, #61, .F. ) ;
#2170 = DIRECTION ( 'NONE',  ( 1.000000000000000000, -0.000000000000000000, 2.775557561562891351E-16 ) ) ;
#2171 = APPROVAL_PERSON_ORGANIZATION ( #2516, #1203, #1588 ) ;
#2172 = DIRECTION ( 'NONE',  ( 0.000000000000000000, 0.000000000000000000, 1.000000000000000000 ) ) ;
#2173 = VERTEX_POINT ( 'NONE', #2022 ) ;
#2174 = EDGE_CURVE ( 'NONE', #331, #1511, #2302, .T. ) ;
#2175 = VERTEX_POINT ( 'NONE', #43 ) ;
#2176 = CARTESIAN_POINT ( 'NONE',  ( -30.00000000000000000, 0.000000000000000000, 25.00000000000000000 ) ) ;
#2177 = EDGE_CURVE ( 'NONE', #2330, #2796, #2052, .T. ) ;
#2178 = CARTESIAN_POINT ( 'NONE',  ( -30.00000000000000000, -4.000000000000011546, 22.75000000000000000 ) ) ;
#2179 = CARTESIAN_POINT ( 'NONE',  ( -44.00000000000019895, 56.00000000000000711, -10.29999999999999361 ) ) ;
#2180 = CARTESIAN_POINT ( 'NONE',  ( -30.00000000000000000, 0.000000000000000000, -14.99999999999998224 ) ) ;
#2181 = ORIENTED_EDGE ( 'NONE', *, *, #2409, .F. ) ;
#2182 = ORIENTED_EDGE ( 'NONE', *, *, #2187, .F. ) ;
#2183 = FACE_OUTER_BOUND ( 'NONE', #2320, .T. ) ;
#2184 = FACE_BOUND ( 'NONE', #2664, .T. ) ;
#2185 = EDGE_LOOP ( 'NONE', ( #2738, #142, #432, #863 ) ) ;
#2186 = DIRECTION ( 'NONE',  ( 8.659560562354937789E-17, 0.7071067811865471286, -0.7071067811865479058 ) ) ;
#2187 = EDGE_CURVE ( 'NONE', #1576, #1024, #1585, .T. ) ;
#2188 = CARTESIAN_POINT ( 'NONE',  ( -44.00000000000044054, 126.0000000000000000, -23.00000000000000355 ) ) ;
#2189 = DIRECTION ( 'NONE',  ( -3.469446951953611033E-15, -1.000000000000000000, 0.000000000000000000 ) ) ;
#2190 = VERTEX_POINT ( 'NONE', #65 ) ;
#2191 = EDGE_CURVE ( 'NONE', #743, #1532, #2713, .T. ) ;
#2192 = ORIENTED_EDGE ( 'NONE', *, *, #2645, .F. ) ;
#2193 = FACE_OUTER_BOUND ( 'NONE', #7, .T. ) ;
#2194 = LINE ( 'NONE', #1782, #590 ) ;
#2195 = CLOSED_SHELL ( 'NONE', ( #77, #1172, #1902, #1982, #1170, #2441, #1148, #2831, #204, #1865, #1043, #1401, #1094, #1080, #2696, #532, #1119, #1615, #854, #2265, #2853, #388, #2353, #1006, #1469, #2658, #684, #1361, #2704, #1048, #2498, #2783, #2480, #2435, #1365, #792, #2134, #2097, #2681, #2351, #781, #1009, #584, #762, #2591, #1612, #539, #2834, #2610, #661, #2042, #1884, #1906, #1526, #456, #662, #2412, #390, #1563, #993, #1524, #2217, #649, #2224, #1523, #1300, #1421, #972, #887, #1859, #536, #335, #2533, #295, #274, #2829, #153, #1393, #76, #642, #3, #1447, #2642, #27, #2780, #1787, #2825, #2334, #1991, #2026, #970, #890 ) ) ;
#2196 = DIRECTION ( 'NONE',  ( 1.000000000000000000, 0.000000000000000000, -1.387778780781445676E-16 ) ) ;
#2197 = DIRECTION ( 'NONE',  ( 0.000000000000000000, 0.000000000000000000, 1.000000000000000000 ) ) ;
#2198 = AXIS2_PLACEMENT_3D ( 'NONE', #1453, #2799, #519 ) ;
#2199 = LINE ( 'NONE', #597, #2106 ) ;
#2200 = LINE ( 'NONE', #1727, #306 ) ;
#2201 = AXIS2_PLACEMENT_3D ( 'NONE', #1985, #2663, #6 ) ;
#2202 = ORIENTED_EDGE ( 'NONE', *, *, #2226, .F. ) ;
#2203 = FACE_OUTER_BOUND ( 'NONE', #735, .T. ) ;
#2204 = VECTOR ( 'NONE', #2328, 1000.000000000000000 ) ;
#2205 = ORIENTED_EDGE ( 'NONE', *, *, #821, .T. ) ;
#2206 = CIRCLE ( 'NONE', #759, 2.000000000000001776 ) ;
#2207 = VERTEX_POINT ( 'NONE', #660 ) ;
#2208 = LINE ( 'NONE', #227, #1278 ) ;
#2209 = LINE ( 'NONE', #1520, #2256 ) ;
#2210 = AXIS2_PLACEMENT_3D ( 'NONE', #272, #1118, #1378 ) ;
#2211 = CIRCLE ( 'NONE', #496, 15.00000000000001421 ) ;
#2212 = EDGE_CURVE ( 'NONE', #454, #1467, #13, .T. ) ;
#2213 = VECTOR ( 'NONE', #309, 1000.000000000000000 ) ;
#2214 = CIRCLE ( 'NONE', #1557, 2.249999999999988010 ) ;
#2215 = FACE_BOUND ( 'NONE', #2107, .T. ) ;
#2216 = CARTESIAN_POINT ( 'NONE',  ( -30.00000000000000000, 0.000000000000000000, -19.99999999999998224 ) ) ;
#2217 = ADVANCED_FACE ( 'NONE', ( #1435 ), #170, .F. ) ;
#2218 = DIRECTION ( 'NONE',  ( -1.000000000000000000, -3.469446951953614583E-15, 2.775557561562891351E-16 ) ) ;
#2219 = LINE ( 'NONE', #2633, #1463 ) ;
#2220 = EDGE_LOOP ( 'NONE', ( #1562, #534, #845, #58 ) ) ;
#2221 = VERTEX_POINT ( 'NONE', #1446 ) ;
#2222 = CARTESIAN_POINT ( 'NONE',  ( 40.00000000000018474, 56.00000000000000711, -14.99999999999998934 ) ) ;
#2223 = DIRECTION ( 'NONE',  ( -1.000000000000000000, -0.000000000000000000, 2.775557561562891351E-16 ) ) ;
#2224 = ADVANCED_FACE ( 'NONE', ( #2754 ), #107, .F. ) ;
#2225 = CARTESIAN_POINT ( 'NONE',  ( -40.00000000000044054, 124.2352941176470722, 19.89583207305953039 ) ) ;
#2226 = EDGE_CURVE ( 'NONE', #1892, #1532, #1037, .T. ) ;
#2227 = EDGE_CURVE ( 'NONE', #1478, #2773, #2590, .T. ) ;
#2228 = LINE ( 'NONE', #2624, #1360 ) ;
#2229 = EDGE_CURVE ( 'NONE', #373, #591, #1320, .T. ) ;
#2230 = EDGE_CURVE ( 'NONE', #965, #2010, #1205, .T. ) ;
#2231 = CARTESIAN_POINT ( 'NONE',  ( 41.55000000000036664, 106.0000000000000142, -12.75000000000000000 ) ) ;
#2232 = CARTESIAN_POINT ( 'NONE',  ( 41.55000000000027427, 81.00000000000000000, 2.250000000000000000 ) ) ;
#2233 = FACE_OUTER_BOUND ( 'NONE', #1002, .T. ) ;
#2234 = EDGE_LOOP ( 'NONE', ( #337, #1907, #832, #1351 ) ) ;
#2235 = DATE_AND_TIME ( #1575, #909 ) ;
#2236 = ORIENTED_EDGE ( 'NONE', *, *, #799, .F. ) ;
#2237 = EDGE_LOOP ( 'NONE', ( #1099, #1349, #31, #264 ) ) ;
#2238 = CARTESIAN_POINT ( 'NONE',  ( -44.00000000000043343, 124.2352941176470580, -9.895832073059539269 ) ) ;
#2239 = DIRECTION ( 'NONE',  ( 0.000000000000000000, 0.000000000000000000, -1.000000000000000000 ) ) ;
#2240 = VERTEX_POINT ( 'NONE', #1640 ) ;
#2241 = LINE ( 'NONE', #2271, #2858 ) ;
#2242 = CARTESIAN_POINT ( 'NONE',  ( 44.00000000000018474, 56.00000000000000711, 15.00000000000001243 ) ) ;
#2243 = LINE ( 'NONE', #1149, #2063 ) ;
#2244 = ORIENTED_EDGE ( 'NONE', *, *, #1398, .F. ) ;
#2245 = DATE_AND_TIME ( #1392, #1419 ) ;
#2246 = CIRCLE ( 'NONE', #2804, 2.750000000000002665 ) ;
#2247 = EDGE_LOOP ( 'NONE', ( #2557, #565 ) ) ;
#2248 = ORIENTED_EDGE ( 'NONE', *, *, #149, .T. ) ;
#2249 = AXIS2_PLACEMENT_3D ( 'NONE', #1235, #2128, #2408 ) ;
#2250 = DIRECTION ( 'NONE',  ( -0.000000000000000000, -0.000000000000000000, 1.000000000000000000 ) ) ;
#2251 = CARTESIAN_POINT ( 'NONE',  ( 39.00000000000000000, 0.9999999999999885647, -25.00000000000000000 ) ) ;
#2252 = VECTOR ( 'NONE', #2733, 1000.000000000000000 ) ;
#2253 = EDGE_LOOP ( 'NONE', ( #981, #1620 ) ) ;
#2254 = AXIS2_PLACEMENT_3D ( 'NONE', #2712, #1130, #298 ) ;
#2255 = CARTESIAN_POINT ( 'NONE',  ( -30.00000000000000000, -2.250000000000000000, -17.24999999999998579 ) ) ;
#2256 = VECTOR ( 'NONE', #1759, 1000.000000000000000 ) ;
#2257 = VECTOR ( 'NONE', #1373, 1000.000000000000000 ) ;
#2258 = AXIS2_PLACEMENT_3D ( 'NONE', #2289, #2032, #1157 ) ;
#2259 = AXIS2_PLACEMENT_3D ( 'NONE', #2576, #1863, #1883 ) ;
#2260 = DIRECTION ( 'NONE',  ( -0.000000000000000000, 1.000000000000000000, -0.000000000000000000 ) ) ;
#2261 = CC_DESIGN_APPROVAL ( #2641, ( #2672 ) ) ;
#2262 = CARTESIAN_POINT ( 'NONE',  ( 44.00000000000019895, 56.00000000000000711, -19.69999999999998153 ) ) ;
#2263 = ORIENTED_EDGE ( 'NONE', *, *, #2448, .T. ) ;
#2264 = PERSON_AND_ORGANIZATION_ROLE ( 'design_owner' ) ;
#2265 = ADVANCED_FACE ( 'NONE', ( #2094 ), #2301, .F. ) ;
#2266 = VERTEX_POINT ( 'NONE', #2344 ) ;
#2267 = CARTESIAN_POINT ( 'NONE',  ( 44.00000000000035527, 106.0000000000000142, 15.00000000000001243 ) ) ;
#2268 = FACE_OUTER_BOUND ( 'NONE', #1776, .T. ) ;
#2269 = DIRECTION ( 'NONE',  ( -1.000000000000000000, -0.000000000000000000, 2.775557561562891351E-16 ) ) ;
#2270 = ORIENTED_EDGE ( 'NONE', *, *, #290, .T. ) ;
#2271 = CARTESIAN_POINT ( 'NONE',  ( -40.00000000000044764, 126.0000000000000284, -25.00000000000000355 ) ) ;
#2272 = CARTESIAN_POINT ( 'NONE',  ( -41.55000000000035243, 106.0000000000000142, 15.00000000000001243 ) ) ;
#2273 = EDGE_CURVE ( 'NONE', #236, #2266, #1039, .T. ) ;
#2274 = LINE ( 'NONE', #66, #809 ) ;
#2275 = PERSON_AND_ORGANIZATION_ROLE ( 'classification_officer' ) ;
#2276 = VERTEX_POINT ( 'NONE', #980 ) ;
#2277 = CARTESIAN_POINT ( 'NONE',  ( 44.00000000000019895, 56.00000000000000711, -14.99999999999998757 ) ) ;
#2278 = CARTESIAN_POINT ( 'NONE',  ( -41.55000000000036664, 106.0000000000000142, -14.99999999999998757 ) ) ;
#2279 = FACE_OUTER_BOUND ( 'NONE', #2095, .T. ) ;
#2280 = VERTEX_POINT ( 'NONE', #1405 ) ;
#2281 = FACE_OUTER_BOUND ( 'NONE', #1449, .T. ) ;
#2282 = CARTESIAN_POINT ( 'NONE',  ( 40.00000000000042633, 124.0000000000000142, -23.00000000000000000 ) ) ;
#2283 = CARTESIAN_POINT ( 'NONE',  ( 44.00000000000046185, 126.0000000000003411, 4.999999999999971578 ) ) ;
#2284 = FACE_BOUND ( 'NONE', #830, .T. ) ;
#2285 = CALENDAR_DATE ( 2026, 30, 6 ) ;
#2286 = ORIENTED_EDGE ( 'NONE', *, *, #2316, .F. ) ;
#2287 = LINE ( 'NONE', #114, #1734 ) ;
#2288 = CARTESIAN_POINT ( 'NONE',  ( -44.00000000000028422, 81.00000000000000000, 1.221245327087672037E-14 ) ) ;
#2289 = CARTESIAN_POINT ( 'NONE',  ( -44.00000000000044054, 126.0000000000000000, -25.00000000000000355 ) ) ;
#2290 = EDGE_CURVE ( 'NONE', #643, #2111, #2785, .T. ) ;
#2291 = ORIENTED_EDGE ( 'NONE', *, *, #2529, .F. ) ;
#2292 = AXIS2_PLACEMENT_3D ( 'NONE', #193, #217, #1726 ) ;
#2293 = DIRECTION ( 'NONE',  ( -0.000000000000000000, 1.000000000000000000, -0.000000000000000000 ) ) ;
#2294 = VECTOR ( 'NONE', #1250, 1000.000000000000000 ) ;
#2295 = CIRCLE ( 'NONE', #254, 2.749999999999999112 ) ;
#2296 = EDGE_CURVE ( 'NONE', #1485, #2667, #1870, .T. ) ;
#2297 = AXIS2_PLACEMENT_3D ( 'NONE', #1513, #2411, #2004 ) ;
#2298 = AXIS2_PLACEMENT_3D ( 'NONE', #2062, #2523, #41 ) ;
#2299 = FACE_OUTER_BOUND ( 'NONE', #2734, .T. ) ;
#2300 = EDGE_LOOP ( 'NONE', ( #1757, #2849, #2530, #2406 ) ) ;
#2301 = CYLINDRICAL_SURFACE ( 'NONE', #446, 2.249999999999988010 ) ;
#2302 = CIRCLE ( 'NONE', #2352, 2.249999999999988010 ) ;
#2303 = ORIENTED_EDGE ( 'NONE', *, *, #1960, .F. ) ;
#2304 = AXIS2_PLACEMENT_3D ( 'NONE', #2468, #1681, #588 ) ;
#2305 = AXIS2_PLACEMENT_3D ( 'NONE', #1018, #745, #2532 ) ;
#2306 = CARTESIAN_POINT ( 'NONE',  ( 44.00000000000035527, 106.0000000000000142, 15.00000000000001243 ) ) ;
#2307 = AXIS2_PLACEMENT_3D ( 'NONE', #182, #423, #1053 ) ;
#2308 = ORIENTED_EDGE ( 'NONE', *, *, #348, .T. ) ;
#2309 = CARTESIAN_POINT ( 'NONE',  ( 44.00000000000046896, 124.2352941176473564, 19.89583207305950907 ) ) ;
#2310 = CARTESIAN_POINT ( 'NONE',  ( -40.00000000000037659, 106.0000000000000142, -17.24999999999997868 ) ) ;
#2311 = CARTESIAN_POINT ( 'NONE',  ( 0.000000000000000000, -4.000000000000000000, 0.000000000000000000 ) ) ;
#2312 = VERTEX_POINT ( 'NONE', #2741 ) ;
#2313 = EDGE_CURVE ( 'NONE', #208, #285, #125, .T. ) ;
#2314 = FACE_OUTER_BOUND ( 'NONE', #1804, .T. ) ;
#2315 = EDGE_CURVE ( 'NONE', #591, #2175, #1182, .T. ) ;
#2316 = EDGE_CURVE ( 'NONE', #1238, #2276, #1930, .T. ) ;
#2317 = DIRECTION ( 'NONE',  ( 0.000000000000000000, 0.000000000000000000, 1.000000000000000000 ) ) ;
#2318 = DIRECTION ( 'NONE',  ( 3.700743415417184787E-15, -1.000000000000000000, 0.000000000000000000 ) ) ;
#2319 = ORIENTED_EDGE ( 'NONE', *, *, #2126, .F. ) ;
#2320 = EDGE_LOOP ( 'NONE', ( #424, #871, #2466, #189 ) ) ;
#2321 = DIRECTION ( 'NONE',  ( -1.000000000000000000, -3.469446951953613400E-15, 2.832769448823989808E-16 ) ) ;
#2322 = ORIENTED_EDGE ( 'NONE', *, *, #384, .T. ) ;
#2323 = DIRECTION ( 'NONE',  ( 0.000000000000000000, 1.000000000000000000, 0.000000000000000000 ) ) ;
#2324 = LINE ( 'NONE', #371, #83 ) ;
#2325 = DIRECTION ( 'NONE',  ( -0.000000000000000000, -2.168404344970991858E-16, -1.000000000000000000 ) ) ;
#2326 = ORIENTED_EDGE ( 'NONE', *, *, #2082, .T. ) ;
#2327 = DIRECTION ( 'NONE',  ( 0.000000000000000000, 0.000000000000000000, 1.000000000000000000 ) ) ;
#2328 = DIRECTION ( 'NONE',  ( 1.387778780781450606E-16, 1.387778780781445922E-16, 1.000000000000000000 ) ) ;
#2329 = DIRECTION ( 'NONE',  ( -1.000000000000000000, -0.000000000000000000, 2.775557561562891351E-16 ) ) ;
#2330 = VERTEX_POINT ( 'NONE', #2084 ) ;
#2331 = ORIENTED_EDGE ( 'NONE', *, *, #1139, .T. ) ;
#2332 = FACE_OUTER_BOUND ( 'NONE', #561, .T. ) ;
#2333 = EDGE_LOOP ( 'NONE', ( #341, #184, #1529, #2167 ) ) ;
#2334 = ADVANCED_FACE ( 'NONE', ( #1216 ), #2068, .T. ) ;
#2335 = DIRECTION ( 'NONE',  ( -0.000000000000000000, 1.000000000000000000, -0.000000000000000000 ) ) ;
#2336 = PERSON ( '未', '未', '未', ('未'), ('未'), ('未') ) ;
#2337 = CARTESIAN_POINT ( 'NONE',  ( -44.00000000000028422, 81.00000000000000000, -4.699999999999985079 ) ) ;
#2338 = DIRECTION ( 'NONE',  ( -3.469446951953611033E-15, -1.000000000000000000, 0.000000000000000000 ) ) ;
#2339 = ORIENTED_EDGE ( 'NONE', *, *, #2142, .T. ) ;
#2340 = CARTESIAN_POINT ( 'NONE',  ( -38.99999999999999289, -1.040834085586084257E-14, 24.99999999999999645 ) ) ;
#2341 = VECTOR ( 'NONE', #2859, 1000.000000000000000 ) ;
#2342 = PLANE ( 'NONE',  #2109 ) ;
#2343 = CIRCLE ( 'NONE', #487, 1.000000000000007772 ) ;
#2344 = CARTESIAN_POINT ( 'NONE',  ( -30.00000000000000000, -4.000000000000011546, 17.25000000000000000 ) ) ;
#2345 = ORIENTED_EDGE ( 'NONE', *, *, #1827, .T. ) ;
#2346 = ORIENTED_EDGE ( 'NONE', *, *, #1307, .F. ) ;
#2347 = AXIS2_PLACEMENT_3D ( 'NONE', #2421, #1468, #1049 ) ;
#2348 = VECTOR ( 'NONE', #250, 1000.000000000000000 ) ;
#2349 = EDGE_CURVE ( 'NONE', #2548, #275, #1891, .T. ) ;
#2350 = DIRECTION ( 'NONE',  ( 0.000000000000000000, 0.000000000000000000, -1.000000000000000000 ) ) ;
#2351 = ADVANCED_FACE ( 'NONE', ( #85 ), #2570, .F. ) ;
#2352 = AXIS2_PLACEMENT_3D ( 'NONE', #286, #1161, #1107 ) ;
#2353 = ADVANCED_FACE ( 'NONE', ( #691 ), #764, .F. ) ;
#2354 = ORIENTED_EDGE ( 'NONE', *, *, #596, .F. ) ;
#2355 = AXIS2_PLACEMENT_3D ( 'NONE', #1967, #869, #837 ) ;
#2356 = LINE ( 'NONE', #144, #1685 ) ;
#2357 = CARTESIAN_POINT ( 'NONE',  ( 44.00000000000046185, 124.2352941176471006, -9.895832073059532163 ) ) ;
#2358 = EDGE_CURVE ( 'NONE', #1646, #45, #2767, .T. ) ;
#2359 = CARTESIAN_POINT ( 'NONE',  ( 41.55000000000018900, 56.00000000000000711, -14.99999999999998757 ) ) ;
#2360 = LOCAL_TIME ( 23, 15, 46.00000000000000000, #2487 ) ;
#2361 = ORIENTED_EDGE ( 'NONE', *, *, #2177, .T. ) ;
#2362 = CARTESIAN_POINT ( 'NONE',  ( -44.00000000000043343, 124.0000000000000000, -11.88194301613414261 ) ) ;
#2363 = CARTESIAN_POINT ( 'NONE',  ( 40.00000000000018474, 56.00000000000000711, -12.75000000000000178 ) ) ;
#2364 = CARTESIAN_POINT ( 'NONE',  ( -44.00000000000018474, 56.00000000000000711, 17.25000000000000000 ) ) ;
#2365 = ORIENTED_EDGE ( 'NONE', *, *, #2047, .T. ) ;
#2366 = ORIENTED_EDGE ( 'NONE', *, *, #1222, .T. ) ;
#2367 = DIRECTION ( 'NONE',  ( 1.000000000000000000, 0.000000000000000000, 0.000000000000000000 ) ) ;
#2368 = ORIENTED_EDGE ( 'NONE', *, *, #1117, .F. ) ;
#2369 = CARTESIAN_POINT ( 'NONE',  ( -40.00000000000044764, 126.0000000000000284, -23.00000000000000355 ) ) ;
#2370 = CARTESIAN_POINT ( 'NONE',  ( -30.00000000000000000, 0.000000000000000000, 20.00000000000000000 ) ) ;
#2371 = DIRECTION ( 'NONE',  ( -3.469446951953613400E-15, 1.000000000000000000, -2.753529326947312310E-17 ) ) ;
#2372 = VERTEX_POINT ( 'NONE', #427 ) ;
#2373 = DIRECTION ( 'NONE',  ( -0.000000000000000000, 1.000000000000000000, -0.000000000000000000 ) ) ;
#2374 = CARTESIAN_POINT ( 'NONE',  ( -44.00000000000036948, 106.0000000000000142, -14.99999999999998757 ) ) ;
#2375 = VERTEX_POINT ( 'NONE', #2871 ) ;
#2376 = ORIENTED_EDGE ( 'NONE', *, *, #1857, .F. ) ;
#2377 = FACE_OUTER_BOUND ( 'NONE', #451, .T. ) ;
#2378 = FACE_OUTER_BOUND ( 'NONE', #757, .T. ) ;
#2379 = CARTESIAN_POINT ( 'NONE',  ( 40.00000000000043343, 124.0000000000000142, 25.00000000000000000 ) ) ;
#2380 = DIRECTION ( 'NONE',  ( -0.000000000000000000, 1.000000000000000000, -0.000000000000000000 ) ) ;
#2381 = ORIENTED_EDGE ( 'NONE', *, *, #256, .T. ) ;
#2382 = VERTEX_POINT ( 'NONE', #2225 ) ;
#2383 = DIRECTION ( 'NONE',  ( 0.000000000000000000, 0.000000000000000000, -1.000000000000000000 ) ) ;
#2384 = EDGE_CURVE ( 'NONE', #1779, #1437, #2209, .T. ) ;
#2385 = EDGE_CURVE ( 'NONE', #412, #743, #994, .T. ) ;
#2386 = EDGE_CURVE ( 'NONE', #765, #2150, #2795, .T. ) ;
#2387 = LINE ( 'NONE', #615, #529 ) ;
#2388 = ORIENTED_EDGE ( 'NONE', *, *, #2386, .T. ) ;
#2389 = VECTOR ( 'NONE', #528, 1000.000000000000000 ) ;
#2390 = EDGE_CURVE ( 'NONE', #853, #2855, #1904, .T. ) ;
#2391 = ORIENTED_EDGE ( 'NONE', *, *, #163, .F. ) ;
#2392 = CIRCLE ( 'NONE', #1924, 2.249999999999988010 ) ;
#2393 = DIRECTION ( 'NONE',  ( 0.000000000000000000, 0.000000000000000000, -1.000000000000000000 ) ) ;
#2394 = AXIS2_PLACEMENT_3D ( 'NONE', #2744, #742, #1628 ) ;
#2395 = AXIS2_PLACEMENT_3D ( 'NONE', #284, #928, #714 ) ;
#2396 = DIRECTION ( 'NONE',  ( 0.000000000000000000, 0.000000000000000000, -1.000000000000000000 ) ) ;
#2397 = AXIS2_PLACEMENT_3D ( 'NONE', #646, #1342, #469 ) ;
#2398 = VECTOR ( 'NONE', #1346, 1000.000000000000000 ) ;
#2399 = DIRECTION ( 'NONE',  ( 1.387778780781445676E-16, -0.000000000000000000, 1.000000000000000000 ) ) ;
#2400 = ORIENTED_EDGE ( 'NONE', *, *, #555, .F. ) ;
#2401 = DIRECTION ( 'NONE',  ( 1.000000000000000000, 0.000000000000000000, 0.000000000000000000 ) ) ;
#2402 = EDGE_CURVE ( 'NONE', #682, #965, #1746, .T. ) ;
#2403 = VECTOR ( 'NONE', #1929, 1000.000000000000000 ) ;
#2404 = ORIENTED_EDGE ( 'NONE', *, *, #1295, .T. ) ;
#2405 = CIRCLE ( 'NONE', #2021, 2.249999999999988010 ) ;
#2406 = ORIENTED_EDGE ( 'NONE', *, *, #667, .T. ) ;
#2407 = FACE_OUTER_BOUND ( 'NONE', #2621, .T. ) ;
#2408 = DIRECTION ( 'NONE',  ( 0.000000000000000000, 0.000000000000000000, -1.000000000000000000 ) ) ;
#2409 = EDGE_CURVE ( 'NONE', #1719, #1543, #361, .T. ) ;
#2410 = VERTEX_POINT ( 'NONE', #795 ) ;
#2411 = DIRECTION ( 'NONE',  ( -1.000000000000000000, -0.000000000000000000, 2.775557561562891351E-16 ) ) ;
#2412 = ADVANCED_FACE ( 'NONE', ( #1330 ), #2655, .F. ) ;
#2413 = CARTESIAN_POINT ( 'NONE',  ( -40.00000000000039080, 111.0000000000000142, 4.999999999999995559 ) ) ;
#2414 = PLANE ( 'NONE',  #1688 ) ;
#2415 = DIRECTION ( 'NONE',  ( 1.000000000000000000, -3.469446951953616161E-15, 0.000000000000000000 ) ) ;
#2416 = ORIENTED_EDGE ( 'NONE', *, *, #793, .F. ) ;
#2417 = ORIENTED_EDGE ( 'NONE', *, *, #821, .F. ) ;
#2418 = DIRECTION ( 'NONE',  ( 1.000000000000000000, -0.000000000000000000, 2.775557561562891351E-16 ) ) ;
#2419 = DIRECTION ( 'NONE',  ( 1.000000000000000000, -0.000000000000000000, 2.775557561562891351E-16 ) ) ;
#2420 = LINE ( 'NONE', #1510, #1410 ) ;
#2421 = CARTESIAN_POINT ( 'NONE',  ( 44.00000000000046185, 124.0000000000000000, 21.88194301613407333 ) ) ;
#2422 = EDGE_CURVE ( 'NONE', #2190, #1459, #2726, .T. ) ;
#2423 = DIRECTION ( 'NONE',  ( 0.000000000000000000, 0.000000000000000000, -1.000000000000000000 ) ) ;
#2424 = DIRECTION ( 'NONE',  ( 0.000000000000000000, 0.000000000000000000, 1.000000000000000000 ) ) ;
#2425 = ORIENTED_EDGE ( 'NONE', *, *, #614, .F. ) ;
#2426 = DIRECTION ( 'NONE',  ( -3.491481338843133355E-15, -1.000000000000000000, 4.845403715540893213E-31 ) ) ;
#2427 = EDGE_CURVE ( 'NONE', #95, #1059, #1465, .T. ) ;
#2428 = EDGE_LOOP ( 'NONE', ( #1587, #347, #1810, #367 ) ) ;
#2429 = ORIENTED_EDGE ( 'NONE', *, *, #172, .F. ) ;
#2430 = CARTESIAN_POINT ( 'NONE',  ( -40.00000000000042633, 124.0000000000000142, 22.99999999999999645 ) ) ;
#2431 = DIRECTION ( 'NONE',  ( 0.000000000000000000, 0.000000000000000000, 1.000000000000000000 ) ) ;
#2432 = CIRCLE ( 'NONE', #1817, 4.699999999999993960 ) ;
#2433 = DIRECTION ( 'NONE',  ( -1.000000000000000000, -3.469446951953614583E-15, 2.775557561562891351E-16 ) ) ;
#2434 = ORIENTED_EDGE ( 'NONE', *, *, #1117, .T. ) ;
#2435 = ADVANCED_FACE ( 'NONE', ( #2001 ), #22, .T. ) ;
#2436 = AXIS2_PLACEMENT_3D ( 'NONE', #2735, #279, #2056 ) ;
#2437 = UNCERTAINTY_MEASURE_WITH_UNIT (LENGTH_MEASURE( 1.000000000000000082E-05 ), #2619, 'distance_accuracy_value', 'NONE');
#2438 = DIRECTION ( 'NONE',  ( -1.000000000000000000, 0.000000000000000000, -0.000000000000000000 ) ) ;
#2439 = EDGE_CURVE ( 'NONE', #1333, #1240, #177, .T. ) ;
#2440 = EDGE_CURVE ( 'NONE', #1511, #2221, #2194, .T. ) ;
#2441 = ADVANCED_FACE ( 'NONE', ( #376 ), #1706, .F. ) ;
#2442 = CARTESIAN_POINT ( 'NONE',  ( 44.00000000000018474, 56.00000000000000711, 10.30000000000001315 ) ) ;
#2443 = DIRECTION ( 'NONE',  ( 1.000000000000000000, -3.491481338843133355E-15, 0.000000000000000000 ) ) ;
#2444 = AXIS2_PLACEMENT_3D ( 'NONE', #1265, #1955, #2164 ) ;
#2445 = ORIENTED_EDGE ( 'NONE', *, *, #2761, .F. ) ;
#2446 = APPLICATION_PROTOCOL_DEFINITION ( 'international standard', 'config_control_design', 1994, #1476 ) ;
#2447 = AXIS2_PLACEMENT_3D ( 'NONE', #2784, #2581, #556 ) ;
#2448 = EDGE_CURVE ( 'NONE', #2221, #2007, #2545, .T. ) ;
#2449 = VERTEX_POINT ( 'NONE', #874 ) ;
#2450 = AXIS2_PLACEMENT_3D ( 'NONE', #2604, #1060, #2393 ) ;
#2451 = CIRCLE ( 'NONE', #990, 4.999999999999997335 ) ;
#2452 = ORIENTED_EDGE ( 'NONE', *, *, #1798, .T. ) ;
#2453 = DIRECTION ( 'NONE',  ( -3.083952846181006649E-15, 1.000000000000000000, 0.000000000000000000 ) ) ;
#2454 = CARTESIAN_POINT ( 'NONE',  ( 0.000000000000000000, 0.000000000000000000, 0.000000000000000000 ) ) ;
#2455 = CIRCLE ( 'NONE', #1323, 2.249999999999988010 ) ;
#2456 = AXIS2_PLACEMENT_3D ( 'NONE', #1632, #2048, #50 ) ;
#2457 = CIRCLE ( 'NONE', #1836, 4.699999999999997513 ) ;
#2458 = CARTESIAN_POINT ( 'NONE',  ( 44.00000000000044054, 126.0000000000000000, 23.00000000000000000 ) ) ;
#2459 = AXIS2_PLACEMENT_3D ( 'NONE', #234, #1111, #2401 ) ;
#2460 = CARTESIAN_POINT ( 'NONE',  ( 40.00000000000027001, 81.00000000000000000, 1.110223024625156067E-14 ) ) ;
#2461 = CARTESIAN_POINT ( 'NONE',  ( -39.00000000000000000, 0.9999999999999974465, -25.00000000000000000 ) ) ;
#2462 = DIRECTION ( 'NONE',  ( -1.000000000000000000, -0.000000000000000000, 2.775557561562891351E-16 ) ) ;
#2463 = EDGE_LOOP ( 'NONE', ( #2376, #1987, #1593, #633 ) ) ;
#2464 = ORIENTED_EDGE ( 'NONE', *, *, #118, .F. ) ;
#2465 = CC_DESIGN_DATE_AND_TIME_ASSIGNMENT ( #288, #1163, ( #2672 ) ) ;
#2466 = ORIENTED_EDGE ( 'NONE', *, *, #2746, .T. ) ;
#2467 = CARTESIAN_POINT ( 'NONE',  ( 30.00000000000000000, -4.000000000000011546, 22.75000000000000355 ) ) ;
#2468 = CARTESIAN_POINT ( 'NONE',  ( -44.00000000000028422, 81.00000000000000000, 1.221245327087672037E-14 ) ) ;
#2469 = ORIENTED_EDGE ( 'NONE', *, *, #2029, .T. ) ;
#2470 = DIRECTION ( 'NONE',  ( 3.700743415417184787E-15, -1.000000000000000000, 0.000000000000000000 ) ) ;
#2471 = DIRECTION ( 'NONE',  ( -0.000000000000000000, 1.000000000000000000, -0.000000000000000000 ) ) ;
#2472 = LINE ( 'NONE', #475, #719 ) ;
#2473 = ORIENTED_EDGE ( 'NONE', *, *, #1486, .F. ) ;
#2474 = COORDINATED_UNIVERSAL_TIME_OFFSET ( 8, 0, .AHEAD. ) ;
#2475 = ORIENTED_EDGE ( 'NONE', *, *, #453, .F. ) ;
#2476 = CARTESIAN_POINT ( 'NONE',  ( 30.00000000000000000, -4.000000000000011546, -19.99999999999998224 ) ) ;
#2477 = DIRECTION ( 'NONE',  ( -0.7071067811865473507, 0.000000000000000000, 0.7071067811865477948 ) ) ;
#2478 = DIRECTION ( 'NONE',  ( 1.000000000000000000, -3.469446951953611033E-15, 0.000000000000000000 ) ) ;
#2479 = ORIENTED_EDGE ( 'NONE', *, *, #1918, .T. ) ;
#2480 = ADVANCED_FACE ( 'NONE', ( #1534, #437, #1316, #2710, #296 ), #60, .F. ) ;
#2481 = DIRECTION ( 'NONE',  ( 0.000000000000000000, 0.000000000000000000, 1.000000000000000000 ) ) ;
#2482 = ORIENTED_EDGE ( 'NONE', *, *, #1718, .T. ) ;
#2483 = EDGE_CURVE ( 'NONE', #2382, #790, #1044, .T. ) ;
#2484 = DIRECTION ( 'NONE',  ( 0.000000000000000000, 0.000000000000000000, -1.000000000000000000 ) ) ;
#2485 = CARTESIAN_POINT ( 'NONE',  ( 44.00000000000035527, 106.0000000000000142, 19.70000000000000995 ) ) ;
#2486 = ORIENTED_EDGE ( 'NONE', *, *, #1190, .F. ) ;
#2487 = COORDINATED_UNIVERSAL_TIME_OFFSET ( 8, 0, .AHEAD. ) ;
#2488 = ORIENTED_EDGE ( 'NONE', *, *, #1398, .T. ) ;
#2489 = EDGE_LOOP ( 'NONE', ( #1035, #915, #1014, #249 ) ) ;
#2490 = AXIS2_PLACEMENT_3D ( 'NONE', #2374, #2769, #2172 ) ;
#2491 = CARTESIAN_POINT ( 'NONE',  ( 40.00000000000036238, 106.0000000000000142, -14.99999999999998934 ) ) ;
#2492 = LINE ( 'NONE', #1374, #998 ) ;
#2493 = ORIENTED_EDGE ( 'NONE', *, *, #2402, .F. ) ;
#2494 = AXIS2_PLACEMENT_3D ( 'NONE', #187, #201, #1071 ) ;
#2495 = DIRECTION ( 'NONE',  ( -2.775557561562891351E-16, -0.000000000000000000, -1.000000000000000000 ) ) ;
#2496 = CIRCLE ( 'NONE', #314, 5.000000000000000888 ) ;
#2497 = AXIS2_PLACEMENT_3D ( 'NONE', #2668, #415, #2453 ) ;
#2498 = ADVANCED_FACE ( 'NONE', ( #701 ), #39, .F. ) ;
#2499 = AXIS2_PLACEMENT_3D ( 'NONE', #1084, #1547, #2431 ) ;
#2500 = VECTOR ( 'NONE', #1096, 1000.000000000000000 ) ;
#2501 = EDGE_CURVE ( 'NONE', #2312, #1610, #366, .T. ) ;
#2502 = CARTESIAN_POINT ( 'NONE',  ( 40.00000000000027001, 81.00000000000000000, -2.249999999999976907 ) ) ;
#2503 = EDGE_CURVE ( 'NONE', #482, #932, #91, .T. ) ;
#2504 = CARTESIAN_POINT ( 'NONE',  ( -44.00000000000028422, 81.00000000000000000, -4.699999999999983302 ) ) ;
#2505 = APPROVAL_DATE_TIME ( #707, #2641 ) ;
#2506 = ORIENTED_EDGE ( 'NONE', *, *, #1691, .T. ) ;
#2507 = ORIENTED_EDGE ( 'NONE', *, *, #2501, .F. ) ;
#2508 = DIRECTION ( 'NONE',  ( 0.000000000000000000, 0.000000000000000000, -1.000000000000000000 ) ) ;
#2509 = DIRECTION ( 'NONE',  ( -1.000000000000000000, -0.000000000000000000, 2.775557561562891351E-16 ) ) ;
#2510 = VERTEX_POINT ( 'NONE', #531 ) ;
#2511 = CYLINDRICAL_SURFACE ( 'NONE', #2019, 2.000000000000001776 ) ;
#2512 = DIRECTION ( 'NONE',  ( 0.000000000000000000, 0.000000000000000000, -1.000000000000000000 ) ) ;
#2513 = EDGE_LOOP ( 'NONE', ( #1767, #1062, #465, #1387 ) ) ;
#2514 = CARTESIAN_POINT ( 'NONE',  ( 44.00000000000036948, 106.0000000000000142, -14.99999999999998757 ) ) ;
#2515 = CARTESIAN_POINT ( 'NONE',  ( -40.00000000000036238, 106.0000000000000142, 17.24999999999999645 ) ) ;
#2516 = PERSON_AND_ORGANIZATION ( #2336, #2123 ) ;
#2517 = EDGE_CURVE ( 'NONE', #2382, #198, #952, .T. ) ;
#2518 = VERTEX_POINT ( 'NONE', #1623 ) ;
#2519 = DIRECTION ( 'NONE',  ( -1.000000000000000000, 3.491481338843133355E-15, 1.387778780781445676E-16 ) ) ;
#2520 = DIRECTION ( 'NONE',  ( -3.700743415417184787E-15, 1.000000000000000000, 0.000000000000000000 ) ) ;
#2521 = CARTESIAN_POINT ( 'NONE',  ( -40.00000000000044764, 126.0000000000000284, 4.999999999999994671 ) ) ;
#2522 = ORIENTED_EDGE ( 'NONE', *, *, #1512, .F. ) ;
#2523 = DIRECTION ( 'NONE',  ( 0.000000000000000000, 0.000000000000000000, 1.000000000000000000 ) ) ;
#2524 = VERTEX_POINT ( 'NONE', #925 ) ;
#2525 = CARTESIAN_POINT ( 'NONE',  ( 44.00000000000036948, 106.0000000000000142, -14.99999999999998757 ) ) ;
#2526 = CARTESIAN_POINT ( 'NONE',  ( -39.00000000000000000, 0.9999999999999974465, 25.00000000000000000 ) ) ;
#2527 = EDGE_CURVE ( 'NONE', #1951, #2680, #2117, .T. ) ;
#2528 = DIRECTION ( 'NONE',  ( -3.469446951953611033E-15, 1.000000000000000000, 0.000000000000000000 ) ) ;
#2529 = EDGE_CURVE ( 'NONE', #45, #2175, #521, .T. ) ;
#2530 = ORIENTED_EDGE ( 'NONE', *, *, #1433, .T. ) ;
#2531 = DIRECTION ( 'NONE',  ( 0.000000000000000000, 0.000000000000000000, -1.000000000000000000 ) ) ;
#2532 = DIRECTION ( 'NONE',  ( 0.000000000000000000, 0.000000000000000000, -1.000000000000000000 ) ) ;
#2533 = ADVANCED_FACE ( 'NONE', ( #2279 ), #724, .F. ) ;
#2534 = CARTESIAN_POINT ( 'NONE',  ( -40.00000000000028422, 81.00000000000000000, 2.249999999999999556 ) ) ;
#2535 = VERTEX_POINT ( 'NONE', #2534 ) ;
#2536 = VECTOR ( 'NONE', #848, 1000.000000000000000 ) ;
#2537 = DIRECTION ( 'NONE',  ( 0.000000000000000000, 0.000000000000000000, 1.000000000000000000 ) ) ;
#2538 = VECTOR ( 'NONE', #2006, 1000.000000000000000 ) ;
#2539 = CIRCLE ( 'NONE', #2856, 2.249999999999988010 ) ;
#2540 = AXIS2_PLACEMENT_3D ( 'NONE', #328, #2154, #2141 ) ;
#2541 = ORIENTED_EDGE ( 'NONE', *, *, #713, .T. ) ;
#2542 = DIRECTION ( 'NONE',  ( 1.000000000000000000, -3.469446951953613400E-15, -1.387778780781445676E-16 ) ) ;
#2543 = DIRECTION ( 'NONE',  ( -1.000000000000000000, -3.469446951953614583E-15, 2.775557561562891351E-16 ) ) ;
#2544 = ORIENTED_EDGE ( 'NONE', *, *, #2119, .F. ) ;
#2545 = CIRCLE ( 'NONE', #1880, 2.249999999999988010 ) ;
#2546 = AXIS2_PLACEMENT_3D ( 'NONE', #1083, #1744, #1290 ) ;
#2547 = DIRECTION ( 'NONE',  ( -3.083952846181006649E-15, 1.000000000000000000, 0.000000000000000000 ) ) ;
#2548 = VERTEX_POINT ( 'NONE', #2750 ) ;
#2549 = LINE ( 'NONE', #1005, #625 ) ;
#2550 = DIRECTION ( 'NONE',  ( -3.083952846181006649E-15, 1.000000000000000000, 0.000000000000000000 ) ) ;
#2551 = CARTESIAN_POINT ( 'NONE',  ( -44.00000000000036948, 106.0000000000000142, -14.99999999999998757 ) ) ;
#2552 = CC_DESIGN_PERSON_AND_ORGANIZATION_ASSIGNMENT ( #1179, #920, ( #728 ) ) ;
#2553 = ORIENTED_EDGE ( 'NONE', *, *, #135, .T. ) ;
#2554 = CARTESIAN_POINT ( 'NONE',  ( 40.00000000000044054, 126.0000000000000284, 23.00000000000000000 ) ) ;
#2555 = LINE ( 'NONE', #1434, #2204 ) ;
#2556 = DIRECTION ( 'NONE',  ( -1.000000000000000000, -3.469446951953614583E-15, 2.775557561562891351E-16 ) ) ;
#2557 = ORIENTED_EDGE ( 'NONE', *, *, #632, .F. ) ;
#2558 = EDGE_LOOP ( 'NONE', ( #1721, #130, #2469, #113, #2827, #1375 ) ) ;
#2559 = FACE_OUTER_BOUND ( 'NONE', #623, .T. ) ;
#2560 = ORIENTED_EDGE ( 'NONE', *, *, #471, .T. ) ;
#2561 = CARTESIAN_POINT ( 'NONE',  ( 30.00000000000000000, -4.000000000000011546, 20.00000000000000000 ) ) ;
#2562 = CARTESIAN_POINT ( 'NONE',  ( 30.00000000000000000, 0.000000000000000000, 20.00000000000000000 ) ) ;
#2563 = CARTESIAN_POINT ( 'NONE',  ( 39.00000000000000000, 0.9999999999999885647, -24.99999999999998579 ) ) ;
#2564 = ORIENTED_EDGE ( 'NONE', *, *, #1450, .T. ) ;
#2565 = DIRECTION ( 'NONE',  ( 1.000000000000000000, 0.000000000000000000, -2.775557561562890365E-16 ) ) ;
#2566 = EDGE_CURVE ( 'NONE', #790, #1253, #1399, .T. ) ;
#2567 = EDGE_CURVE ( 'NONE', #482, #1059, #1277, .T. ) ;
#2568 = EDGE_CURVE ( 'NONE', #2697, #2695, #511, .T. ) ;
#2569 = CARTESIAN_POINT ( 'NONE',  ( -44.00000000000043343, 126.0000000000000000, -11.88194301613414261 ) ) ;
#2570 = CYLINDRICAL_SURFACE ( 'NONE', #1363, 1.000000000000007772 ) ;
#2571 = ORIENTED_EDGE ( 'NONE', *, *, #1825, .T. ) ;
#2572 = ORIENTED_EDGE ( 'NONE', *, *, #939, .T. ) ;
#2573 = CARTESIAN_POINT ( 'NONE',  ( -44.00000000000036948, 106.0000000000000142, -14.99999999999998757 ) ) ;
#2574 = ORIENTED_EDGE ( 'NONE', *, *, #1450, .F. ) ;
#2575 = DIRECTION ( 'NONE',  ( -0.000000000000000000, 1.000000000000000000, -0.000000000000000000 ) ) ;
#2576 = CARTESIAN_POINT ( 'NONE',  ( -40.00000000000036238, 106.0000000000000142, 15.00000000000001066 ) ) ;
#2577 = CARTESIAN_POINT ( 'NONE',  ( -30.00000000000000000, -2.250000000000000000, -22.74999999999998224 ) ) ;
#2578 = ORIENTED_EDGE ( 'NONE', *, *, #1798, .F. ) ;
#2579 = LINE ( 'NONE', #580, #1038 ) ;
#2580 = CIRCLE ( 'NONE', #715, 5.000000000000000888 ) ;
#2581 = DIRECTION ( 'NONE',  ( -1.000000000000000000, -0.000000000000000000, 2.775557561562891351E-16 ) ) ;
#2582 = CIRCLE ( 'NONE', #2806, 2.000000000000001776 ) ;
#2583 = CONICAL_SURFACE ( 'NONE', #2249, 4.699999999999993960, 0.7853981633974482790 ) ;
#2584 = CARTESIAN_POINT ( 'NONE',  ( 44.00000000000042633, 124.0000000000000000, 23.00000000000000000 ) ) ;
#2585 = ORIENTED_EDGE ( 'NONE', *, *, #240, .F. ) ;
#2586 = ORIENTED_EDGE ( 'NONE', *, *, #1914, .T. ) ;
#2587 = VECTOR ( 'NONE', #2367, 1000.000000000000000 ) ;
#2588 = CONICAL_SURFACE ( 'NONE', #810, 4.699999999999997513, 0.7853981633974482790 ) ;
#2589 = DIRECTION ( 'NONE',  ( -0.000000000000000000, 1.000000000000000000, -0.000000000000000000 ) ) ;
#2590 = CIRCLE ( 'NONE', #585, 4.699999999999993960 ) ;
#2591 = ADVANCED_FACE ( 'NONE', ( #1803 ), #266, .F. ) ;
#2592 = ORIENTED_EDGE ( 'NONE', *, *, #110, .T. ) ;
#2593 = CIRCLE ( 'NONE', #1187, 2.000000000000001776 ) ;
#2594 = AXIS2_PLACEMENT_3D ( 'NONE', #1818, #243, #55 ) ;
#2595 = DIRECTION ( 'NONE',  ( 0.000000000000000000, 0.000000000000000000, 1.000000000000000000 ) ) ;
#2596 = FACE_OUTER_BOUND ( 'NONE', #840, .T. ) ;
#2597 = DIRECTION ( 'NONE',  ( -3.469446951953611033E-15, 1.000000000000000000, 0.000000000000000000 ) ) ;
#2598 = EDGE_LOOP ( 'NONE', ( #226, #2322, #2842, #850 ) ) ;
#2599 = DIRECTION ( 'NONE',  ( -0.7071067811865477948, 8.659560562354934091E-17, -0.7071067811865473507 ) ) ;
#2600 = CARTESIAN_POINT ( 'NONE',  ( -44.00000000000019895, 56.00000000000000711, -14.99999999999998757 ) ) ;
#2601 = DIRECTION ( 'NONE',  ( -1.000000000000000000, -3.469446951953614583E-15, 2.775557561562891351E-16 ) ) ;
#2602 = ORIENTED_EDGE ( 'NONE', *, *, #2701, .T. ) ;
#2603 = EDGE_LOOP ( 'NONE', ( #2723, #1838, #188, #1912 ) ) ;
#2604 = CARTESIAN_POINT ( 'NONE',  ( 44.00000000000019895, 56.00000000000000711, -14.99999999999998757 ) ) ;
#2605 = CARTESIAN_POINT ( 'NONE',  ( -40.00000000000037659, 106.0000000000000142, -12.75000000000000178 ) ) ;
#2606 = DIRECTION ( 'NONE',  ( -1.000000000000000000, -3.469446951953614583E-15, 2.775557561562891351E-16 ) ) ;
#2607 = DIRECTION ( 'NONE',  ( 0.000000000000000000, 0.000000000000000000, -1.000000000000000000 ) ) ;
#2608 = VERTEX_POINT ( 'NONE', #1852 ) ;
#2609 = ORIENTED_EDGE ( 'NONE', *, *, #1344, .F. ) ;
#2610 = ADVANCED_FACE ( 'NONE', ( #2699 ), #73, .F. ) ;
#2611 = DIRECTION ( 'NONE',  ( -1.000000000000000000, -0.000000000000000000, 2.775557561562891351E-16 ) ) ;
#2612 = DIRECTION ( 'NONE',  ( -0.000000000000000000, 1.000000000000000000, -0.000000000000000000 ) ) ;
#2613 = EDGE_LOOP ( 'NONE', ( #912, #2080, #1584, #624 ) ) ;
#2614 = EDGE_LOOP ( 'NONE', ( #2182, #973, #1058, #104, #333, #2354, #1272, #1814, #1411, #127, #2578 ) ) ;
#2615 = CARTESIAN_POINT ( 'NONE',  ( 44.00000000000000000, -1.396592535537250976E-14, 25.00000000000000000 ) ) ;
#2616 = CARTESIAN_POINT ( 'NONE',  ( 30.00000000000000000, -2.250000000000000000, -19.99999999999998224 ) ) ;
#2617 = CYLINDRICAL_SURFACE ( 'NONE', #726, 2.249999999999988010 ) ;
#2618 = VERTEX_POINT ( 'NONE', #1143 ) ;
#2619 =( LENGTH_UNIT ( ) NAMED_UNIT ( * ) SI_UNIT ( .MILLI., .METRE. ) );
#2620 = VERTEX_POINT ( 'NONE', #2737 ) ;
#2621 = EDGE_LOOP ( 'NONE', ( #1144, #1621, #2055, #1933 ) ) ;
#2622 = EDGE_CURVE ( 'NONE', #1209, #2680, #2492, .T. ) ;
#2623 = DIRECTION ( 'NONE',  ( 0.000000000000000000, 0.000000000000000000, -1.000000000000000000 ) ) ;
#2624 = CARTESIAN_POINT ( 'NONE',  ( 44.00000000000044054, 126.0000000000000000, 23.00000000000000000 ) ) ;
#2625 = VECTOR ( 'NONE', #305, 1000.000000000000000 ) ;
#2626 = EDGE_LOOP ( 'NONE', ( #2756, #1327, #589, #449 ) ) ;
#2627 = CIRCLE ( 'NONE', #2807, 4.999999999999997335 ) ;
#2628 = DIRECTION ( 'NONE',  ( -3.083952846181006649E-15, -1.000000000000000000, 0.000000000000000000 ) ) ;
#2629 = CIRCLE ( 'NONE', #1359, 2.249999999999988010 ) ;
#2630 = VECTOR ( 'NONE', #1636, 1000.000000000000000 ) ;
#2631 = LINE ( 'NONE', #639, #1219 ) ;
#2632 = CONICAL_SURFACE ( 'NONE', #1364, 4.699999999999995737, 0.7853981633974482790 ) ;
#2633 = CARTESIAN_POINT ( 'NONE',  ( -44.00000000000044054, 126.0000000000000000, -25.00000000000000355 ) ) ;
#2634 = EDGE_LOOP ( 'NONE', ( #2544, #391, #2091, #2365 ) ) ;
#2635 = FACE_OUTER_BOUND ( 'NONE', #2677, .T. ) ;
#2636 = AXIS2_PLACEMENT_3D ( 'NONE', #1212, #2122, #1898 ) ;
#2637 = VERTEX_POINT ( 'NONE', #2136 ) ;
#2638 = VECTOR ( 'NONE', #803, 999.9999999999998863 ) ;
#2639 = VERTEX_POINT ( 'NONE', #2791 ) ;
#2640 = LINE ( 'NONE', #1102, #538 ) ;
#2641 = APPROVAL ( #302, '未' ) ;
#2642 = ADVANCED_FACE ( 'NONE', ( #116 ), #1229, .F. ) ;
#2643 = CARTESIAN_POINT ( 'NONE',  ( 30.00000000000000000, 0.000000000000000000, 20.00000000000000000 ) ) ;
#2644 = ORIENTED_EDGE ( 'NONE', *, *, #667, .F. ) ;
#2645 = EDGE_CURVE ( 'NONE', #1467, #1641, #174, .T. ) ;
#2646 = ORIENTED_EDGE ( 'NONE', *, *, #1433, .F. ) ;
#2647 = FACE_OUTER_BOUND ( 'NONE', #844, .T. ) ;
#2648 = DIRECTION ( 'NONE',  ( 0.000000000000000000, 0.000000000000000000, 1.000000000000000000 ) ) ;
#2649 = CYLINDRICAL_SURFACE ( 'NONE', #2118, 2.249999999999989786 ) ;
#2650 = EDGE_LOOP ( 'NONE', ( #2028, #1895 ) ) ;
#2651 = FACE_OUTER_BOUND ( 'NONE', #2747, .T. ) ;
#2652 = EDGE_LOOP ( 'NONE', ( #2400, #954 ) ) ;
#2653 = ORIENTED_EDGE ( 'NONE', *, *, #2384, .T. ) ;
#2654 = CARTESIAN_POINT ( 'NONE',  ( 38.99999999999999289, -1.235990476633475055E-14, -24.99999999999998579 ) ) ;
#2655 = CYLINDRICAL_SURFACE ( 'NONE', #2499, 2.750000000000002665 ) ;
#2656 = FACE_OUTER_BOUND ( 'NONE', #1778, .T. ) ;
#2657 = EDGE_CURVE ( 'NONE', #1024, #2010, #1254, .T. ) ;
#2658 = ADVANCED_FACE ( 'NONE', ( #1483 ), #992, .F. ) ;
#2659 = EDGE_CURVE ( 'NONE', #512, #2510, #1556, .T. ) ;
#2660 = LINE ( 'NONE', #419, #1226 ) ;
#2661 = EDGE_CURVE ( 'NONE', #1576, #1055, #2593, .T. ) ;
#2662 = CARTESIAN_POINT ( 'NONE',  ( 44.00000000000042633, 124.0000000000000000, -11.88194301613413018 ) ) ;
#2663 = DIRECTION ( 'NONE',  ( -1.000000000000000000, 3.469446951953613400E-15, 1.387778780781445676E-16 ) ) ;
#2664 = EDGE_LOOP ( 'NONE', ( #52, #2146 ) ) ;
#2665 = CYLINDRICAL_SURFACE ( 'NONE', #269, 4.999999999999997335 ) ;
#2666 = VERTEX_POINT ( 'NONE', #2577 ) ;
#2667 = VERTEX_POINT ( 'NONE', #2151 ) ;
#2668 = CARTESIAN_POINT ( 'NONE',  ( -40.00000000000019895, 56.00000000000000711, -14.99999999999998934 ) ) ;
#2669 = CARTESIAN_POINT ( 'NONE',  ( 41.55000000000027427, 81.00000000000000000, 1.153244166829381041E-14 ) ) ;
#2670 = CARTESIAN_POINT ( 'NONE',  ( -44.00000000000042633, 126.0000000000000000, 22.99999999999999645 ) ) ;
#2671 = CARTESIAN_POINT ( 'NONE',  ( 44.00000000000019895, 56.00000000000000711, -17.24999999999997513 ) ) ;
#2672 = PRODUCT_DEFINITION ( '�', '', #728, #1993 ) ;
#2673 = AXIS2_PLACEMENT_3D ( 'NONE', #2222, #949, #1999 ) ;
#2674 = DIRECTION ( 'NONE',  ( -0.000000000000000000, 1.000000000000000000, -0.000000000000000000 ) ) ;
#2675 = DIRECTION ( 'NONE',  ( 0.000000000000000000, 0.000000000000000000, 1.000000000000000000 ) ) ;
#2676 = VECTOR ( 'NONE', #2115, 1000.000000000000000 ) ;
#2677 = EDGE_LOOP ( 'NONE', ( #1425, #2786, #1492, #578 ) ) ;
#2678 = CARTESIAN_POINT ( 'NONE',  ( 44.00000000000044054, 126.0000000000000000, 25.00000000000000000 ) ) ;
#2679 = AXIS2_PLACEMENT_3D ( 'NONE', #459, #843, #2196 ) ;
#2680 = VERTEX_POINT ( 'NONE', #1864 ) ;
#2681 = ADVANCED_FACE ( 'NONE', ( #1243 ), #576, .T. ) ;
#2682 = AXIS2_PLACEMENT_3D ( 'NONE', #442, #2260, #1347 ) ;
#2683 = CARTESIAN_POINT ( 'NONE',  ( 44.00000000000019895, 56.00000000000000711, -14.99999999999998757 ) ) ;
#2684 = LINE ( 'NONE', #265, #2815 ) ;
#2685 = CARTESIAN_POINT ( 'NONE',  ( -44.00000000000019895, 56.00000000000000711, -14.99999999999998757 ) ) ;
#2686 = VECTOR ( 'NONE', #704, 1000.000000000000000 ) ;
#2687 = AXIS2_PLACEMENT_3D ( 'NONE', #710, #467, #498 ) ;
#2688 = AXIS2_PLACEMENT_3D ( 'NONE', #2359, #146, #1200 ) ;
#2689 = AXIS2_PLACEMENT_3D ( 'NONE', #2562, #134, #563 ) ;
#2690 = FACE_OUTER_BOUND ( 'NONE', #1431, .T. ) ;
#2691 = CC_DESIGN_APPROVAL ( #1203, ( #728 ) ) ;
#2692 = PLANE ( 'NONE',  #2210 ) ;
#2693 = LINE ( 'NONE', #2504, #2867 ) ;
#2694 = ORIENTED_EDGE ( 'NONE', *, *, #1619, .F. ) ;
#2695 = VERTEX_POINT ( 'NONE', #1472 ) ;
#2696 = ADVANCED_FACE ( 'NONE', ( #826 ), #1835, .F. ) ;
#2697 = VERTEX_POINT ( 'NONE', #2779 ) ;
#2698 = CYLINDRICAL_SURFACE ( 'NONE', #2727, 2.750000000000002665 ) ;
#2699 = FACE_OUTER_BOUND ( 'NONE', #734, .T. ) ;
#2700 = ORIENTED_EDGE ( 'NONE', *, *, #191, .T. ) ;
#2701 = EDGE_CURVE ( 'NONE', #1079, #908, #2166, .T. ) ;
#2702 = DIRECTION ( 'NONE',  ( 0.000000000000000000, 0.000000000000000000, 1.000000000000000000 ) ) ;
#2703 = CARTESIAN_POINT ( 'NONE',  ( -39.00000000000000000, 0.9999999999999974465, 24.99999999999999645 ) ) ;
#2704 = ADVANCED_FACE ( 'NONE', ( #158 ), #1417, .F. ) ;
#2705 = LINE ( 'NONE', #1162, #867 ) ;
#2706 = ORIENTED_EDGE ( 'NONE', *, *, #458, .T. ) ;
#2707 = ORIENTED_EDGE ( 'NONE', *, *, #2187, .T. ) ;
#2708 = ORIENTED_EDGE ( 'NONE', *, *, #1800, .F. ) ;
#2709 = CARTESIAN_POINT ( 'NONE',  ( -44.00000000000042633, 126.0000000000000000, 21.88194301613413373 ) ) ;
#2710 = FACE_BOUND ( 'NONE', #702, .T. ) ;
#2711 = ORIENTED_EDGE ( 'NONE', *, *, #1660, .T. ) ;
#2712 = CARTESIAN_POINT ( 'NONE',  ( 40.00000000000036238, 106.0000000000000142, 15.00000000000001066 ) ) ;
#2713 = LINE ( 'NONE', #1832, #1505 ) ;
#2714 = CARTESIAN_POINT ( 'NONE',  ( -44.00000000000018474, 56.00000000000000711, 15.00000000000001243 ) ) ;
#2715 = ORIENTED_EDGE ( 'NONE', *, *, #2137, .T. ) ;
#2716 = VECTOR ( 'NONE', #2789, 1000.000000000000000 ) ;
#2717 = ORIENTED_EDGE ( 'NONE', *, *, #2191, .T. ) ;
#2718 = EDGE_LOOP ( 'NONE', ( #137, #894, #1217, #1326 ) ) ;
#2719 = AXIS2_PLACEMENT_3D ( 'NONE', #2005, #318, #2317 ) ;
#2720 = DIRECTION ( 'NONE',  ( -1.000000000000000000, -0.000000000000000000, 2.775557561562891351E-16 ) ) ;
#2721 = DIRECTION ( 'NONE',  ( 1.000000000000000000, 3.469446951953613400E-15, -2.775557561562891351E-16 ) ) ;
#2722 = AXIS2_PLACEMENT_3D ( 'NONE', #2615, #1952, #618 ) ;
#2723 = ORIENTED_EDGE ( 'NONE', *, *, #2440, .F. ) ;
#2724 = VECTOR ( 'NONE', #343, 1000.000000000000000 ) ;
#2725 = DIRECTION ( 'NONE',  ( -1.000000000000000000, -0.000000000000000000, 2.775557561562891351E-16 ) ) ;
#2726 = CIRCLE ( 'NONE', #2304, 4.699999999999995737 ) ;
#2727 = AXIS2_PLACEMENT_3D ( 'NONE', #1840, #2736, #49 ) ;
#2728 = CIRCLE ( 'NONE', #317, 5.000000000000011546 ) ;
#2729 = CARTESIAN_POINT ( 'NONE',  ( -30.00000000000000000, -2.250000000000000000, 22.75000000000000000 ) ) ;
#2730 = EDGE_LOOP ( 'NONE', ( #2429, #2479, #1670, #2787 ) ) ;
#2731 = CARTESIAN_POINT ( 'NONE',  ( -44.00000000000044054, 124.0000000000000000, -23.00000000000000355 ) ) ;
#2732 = EDGE_CURVE ( 'NONE', #2639, #2667, #1885, .T. ) ;
#2733 = DIRECTION ( 'NONE',  ( 0.7071067811865473507, 8.659560562354934091E-17, 0.7071067811865477948 ) ) ;
#2734 = EDGE_LOOP ( 'NONE', ( #434, #2802, #1947, #271 ) ) ;
#2735 = CARTESIAN_POINT ( 'NONE',  ( -30.00000000000000000, -2.250000000000000000, -19.99999999999998224 ) ) ;
#2736 = DIRECTION ( 'NONE',  ( -0.000000000000000000, 1.000000000000000000, -0.000000000000000000 ) ) ;
#2737 = CARTESIAN_POINT ( 'NONE',  ( -41.55000000000035243, 106.0000000000000142, 12.75000000000002309 ) ) ;
#2738 = ORIENTED_EDGE ( 'NONE', *, *, #969, .F. ) ;
#2739 = CYLINDRICAL_SURFACE ( 'NONE', #406, 2.249999999999988010 ) ;
#2740 = CARTESIAN_POINT ( 'NONE',  ( 30.00000000000000000, 0.000000000000000000, 20.00000000000000000 ) ) ;
#2741 = CARTESIAN_POINT ( 'NONE',  ( -44.00000000000035527, 106.0000000000000142, 10.30000000000001315 ) ) ;
#2742 = EDGE_CURVE ( 'NONE', #1956, #221, #1442, .T. ) ;
#2743 = ORIENTED_EDGE ( 'NONE', *, *, #627, .T. ) ;
#2744 = CARTESIAN_POINT ( 'NONE',  ( 39.99999999999999289, -1.387778780781445171E-13, -5.551115123125781124E-15 ) ) ;
#2745 = APPROVAL_DATE_TIME ( #1847, #884 ) ;
#2746 = EDGE_CURVE ( 'NONE', #908, #1079, #685, .T. ) ;
#2747 = EDGE_LOOP ( 'NONE', ( #1169, #2270, #2366, #2368 ) ) ;
#2748 = DIRECTION ( 'NONE',  ( 1.000000000000000000, 3.469446951953613400E-15, -2.775557561562891351E-16 ) ) ;
#2749 = FACE_OUTER_BOUND ( 'NONE', #1560, .T. ) ;
#2750 = CARTESIAN_POINT ( 'NONE',  ( -44.00000000000044054, 124.0000000000000000, -25.00000000000000355 ) ) ;
#2751 = ORIENTED_EDGE ( 'NONE', *, *, #2384, .F. ) ;
#2752 = LINE ( 'NONE', #749, #493 ) ;
#2753 = CARTESIAN_POINT ( 'NONE',  ( -40.00000000000043343, 124.0000000000000142, -11.88194301613414439 ) ) ;
#2754 = FACE_OUTER_BOUND ( 'NONE', #37, .T. ) ;
#2755 = DIRECTION ( 'NONE',  ( 0.000000000000000000, 0.000000000000000000, 1.000000000000000000 ) ) ;
#2756 = ORIENTED_EDGE ( 'NONE', *, *, #1539, .F. ) ;
#2757 = LINE ( 'NONE', #562, #1129 ) ;
#2758 = LINE ( 'NONE', #1631, #2638 ) ;
#2759 = CARTESIAN_POINT ( 'NONE',  ( -39.00000000000000000, 0.9999999999999974465, 25.00000000000000000 ) ) ;
#2760 = CIRCLE ( 'NONE', #162, 2.750000000000002665 ) ;
#2761 = EDGE_CURVE ( 'NONE', #2173, #1729, #1008, .T. ) ;
#2762 = ORIENTED_EDGE ( 'NONE', *, *, #1633, .T. ) ;
#2763 = AXIS2_PLACEMENT_3D ( 'NONE', #1763, #956, #740 ) ;
#2764 = FACE_OUTER_BOUND ( 'NONE', #1723, .T. ) ;
#2765 = AXIS2_PLACEMENT_3D ( 'NONE', #143, #131, #368 ) ;
#2766 = AXIS2_PLACEMENT_3D ( 'NONE', #2643, #239, #1770 ) ;
#2767 = CIRCLE ( 'NONE', #2860, 15.00000000000001421 ) ;
#2768 = VECTOR ( 'NONE', #645, 1000.000000000000000 ) ;
#2769 = DIRECTION ( 'NONE',  ( -1.000000000000000000, -0.000000000000000000, 2.775557561562891351E-16 ) ) ;
#2770 = DIRECTION ( 'NONE',  ( 0.000000000000000000, 0.000000000000000000, -1.000000000000000000 ) ) ;
#2771 = ORIENTED_EDGE ( 'NONE', *, *, #756, .F. ) ;
#2772 = VECTOR ( 'NONE', #1504, 1000.000000000000000 ) ;
#2773 = VERTEX_POINT ( 'NONE', #1457 ) ;
#2774 = CC_DESIGN_SECURITY_CLASSIFICATION ( #1704, ( #728 ) ) ;
#2775 = FACE_BOUND ( 'NONE', #2841, .T. ) ;
#2776 = ORIENTED_EDGE ( 'NONE', *, *, #687, .F. ) ;
#2777 = DIRECTION ( 'NONE',  ( 1.387778780781445676E-16, -0.000000000000000000, 1.000000000000000000 ) ) ;
#2778 = CYLINDRICAL_SURFACE ( 'NONE', #943, 2.249999999999989786 ) ;
#2779 = CARTESIAN_POINT ( 'NONE',  ( 40.00000000000043343, 126.0000000000000284, -11.88194301613412840 ) ) ;
#2780 = ADVANCED_FACE ( 'NONE', ( #1911 ), #2801, .T. ) ;
#2781 = ORIENTED_EDGE ( 'NONE', *, *, #26, .T. ) ;
#2782 = DIRECTION ( 'NONE',  ( -1.000000000000000000, -3.469446951953614583E-15, 2.775557561562891351E-16 ) ) ;
#2783 = ADVANCED_FACE ( 'NONE', ( #2820 ), #196, .F. ) ;
#2784 = CARTESIAN_POINT ( 'NONE',  ( -44.00000000000018474, 56.00000000000000711, 15.00000000000001243 ) ) ;
#2785 = LINE ( 'NONE', #515, #1785 ) ;
#2786 = ORIENTED_EDGE ( 'NONE', *, *, #1486, .T. ) ;
#2787 = ORIENTED_EDGE ( 'NONE', *, *, #1106, .F. ) ;
#2788 = LINE ( 'NONE', #1221, #30 ) ;
#2789 = DIRECTION ( 'NONE',  ( -0.7071067811865473507, 0.000000000000000000, 0.7071067811865477948 ) ) ;
#2790 = DIRECTION ( 'NONE',  ( -1.000000000000000000, -0.000000000000000000, 2.775557561562891351E-16 ) ) ;
#2791 = CARTESIAN_POINT ( 'NONE',  ( -44.00000000000000711, 0.9999999999999800160, 24.99999999999999645 ) ) ;
#2792 = ORIENTED_EDGE ( 'NONE', *, *, #1964, .T. ) ;
#2793 = CARTESIAN_POINT ( 'NONE',  ( 44.00000000000035527, 106.0000000000000142, 10.30000000000001315 ) ) ;
#2794 = FACE_OUTER_BOUND ( 'NONE', #1383, .T. ) ;
#2795 = LINE ( 'NONE', #671, #1602 ) ;
#2796 = VERTEX_POINT ( 'NONE', #1078 ) ;
#2797 = ORIENTED_EDGE ( 'NONE', *, *, #571, .F. ) ;
#2798 = CARTESIAN_POINT ( 'NONE',  ( 44.00000000000019895, 56.00000000000000711, -14.99999999999998757 ) ) ;
#2799 = DIRECTION ( 'NONE',  ( 1.000000000000000000, -0.000000000000000000, 2.775557561562891351E-16 ) ) ;
#2800 = DIRECTION ( 'NONE',  ( 0.000000000000000000, 0.000000000000000000, 1.000000000000000000 ) ) ;
#2801 = CYLINDRICAL_SURFACE ( 'NONE', #1366, 2.000000000000001776 ) ;
#2802 = ORIENTED_EDGE ( 'NONE', *, *, #1827, .F. ) ;
#2803 = CYLINDRICAL_SURFACE ( 'NONE', #2540, 2.750000000000002665 ) ;
#2804 = AXIS2_PLACEMENT_3D ( 'NONE', #2616, #1470, #410 ) ;
#2805 = FACE_BOUND ( 'NONE', #2809, .T. ) ;
#2806 = AXIS2_PLACEMENT_3D ( 'NONE', #640, #1528, #2189 ) ;
#2807 = AXIS2_PLACEMENT_3D ( 'NONE', #229, #1949, #1332 ) ;
#2808 = DIRECTION ( 'NONE',  ( -1.000000000000000000, -0.000000000000000000, 2.775557561562891351E-16 ) ) ;
#2809 = EDGE_LOOP ( 'NONE', ( #235, #2797 ) ) ;
#2810 = ORIENTED_EDGE ( 'NONE', *, *, #110, .F. ) ;
#2811 = VECTOR ( 'NONE', #2462, 1000.000000000000000 ) ;
#2812 = CIRCLE ( 'NONE', #862, 5.000000000000011546 ) ;
#2813 = CARTESIAN_POINT ( 'NONE',  ( 40.00000000000044054, 126.0000000000000284, 21.88194301613407333 ) ) ;
#2814 = AXIS2_PLACEMENT_3D ( 'NONE', #300, #2556, #2129 ) ;
#2815 = VECTOR ( 'NONE', #1565, 1000.000000000000000 ) ;
#2816 = VECTOR ( 'NONE', #711, 1000.000000000000000 ) ;
#2817 = AXIS2_PLACEMENT_3D ( 'NONE', #1559, #44, #1391 ) ;
#2818 = DIRECTION ( 'NONE',  ( 0.000000000000000000, 0.000000000000000000, -1.000000000000000000 ) ) ;
#2819 = CARTESIAN_POINT ( 'NONE',  ( -30.00000000000000000, 0.000000000000000000, -19.99999999999998224 ) ) ;
#2820 = FACE_OUTER_BOUND ( 'NONE', #356, .T. ) ;
#2821 = ORIENTED_EDGE ( 'NONE', *, *, #1381, .T. ) ;
#2822 = ORIENTED_EDGE ( 'NONE', *, *, #1281, .F. ) ;
#2823 = CYLINDRICAL_SURFACE ( 'NONE', #2066, 2.749999999999999112 ) ;
#2824 = ORIENTED_EDGE ( 'NONE', *, *, #2517, .F. ) ;
#2825 = ADVANCED_FACE ( 'NONE', ( #683 ), #396, .T. ) ;
#2826 = FACE_OUTER_BOUND ( 'NONE', #509, .T. ) ;
#2827 = ORIENTED_EDGE ( 'NONE', *, *, #1295, .F. ) ;
#2828 = ORIENTED_EDGE ( 'NONE', *, *, #1581, .T. ) ;
#2829 = ADVANCED_FACE ( 'NONE', ( #2203 ), #2023, .F. ) ;
#2830 = DIRECTION ( 'NONE',  ( 0.000000000000000000, 0.000000000000000000, 1.000000000000000000 ) ) ;
#2831 = ADVANCED_FACE ( 'NONE', ( #2651 ), #1516, .F. ) ;
#2832 = LINE ( 'NONE', #836, #303 ) ;
#2833 = PLANE ( 'NONE',  #2355 ) ;
#2834 = ADVANCED_FACE ( 'NONE', ( #1498 ), #2665, .T. ) ;
#2835 = ORIENTED_EDGE ( 'NONE', *, *, #251, .F. ) ;
#2836 = CARTESIAN_POINT ( 'NONE',  ( 30.00000000000000000, 0.000000000000000000, 24.99999999999999645 ) ) ;
#2837 = ORIENTED_EDGE ( 'NONE', *, *, #555, .T. ) ;
#2838 = EDGE_LOOP ( 'NONE', ( #2416, #2076, #699, #697 ) ) ;
#2839 = CARTESIAN_POINT ( 'NONE',  ( 44.00000000000035527, 106.0000000000000142, 15.00000000000001243 ) ) ;
#2840 = DIRECTION ( 'NONE',  ( 1.000000000000000000, 3.491481338843133355E-15, -2.775557561562891351E-16 ) ) ;
#2841 = EDGE_LOOP ( 'NONE', ( #1384, #1931 ) ) ;
#2842 = ORIENTED_EDGE ( 'NONE', *, *, #2761, .T. ) ;
#2843 = CARTESIAN_POINT ( 'NONE',  ( 40.00000000000018474, 56.00000000000000711, 15.00000000000001066 ) ) ;
#2844 = DIRECTION ( 'NONE',  ( 0.000000000000000000, 0.000000000000000000, 1.000000000000000000 ) ) ;
#2845 = FACE_OUTER_BOUND ( 'NONE', #392, .T. ) ;
#2846 = ORIENTED_EDGE ( 'NONE', *, *, #2226, .T. ) ;
#2847 = CARTESIAN_POINT ( 'NONE',  ( 44.00000000000028422, 81.00000000000000000, 1.221245327087672037E-14 ) ) ;
#2848 = EDGE_LOOP ( 'NONE', ( #1466, #418, #1658, #2586 ) ) ;
#2849 = ORIENTED_EDGE ( 'NONE', *, *, #192, .F. ) ;
#2850 = CARTESIAN_POINT ( 'NONE',  ( 40.00000000000042633, 123.9999999999999858, -11.88194301613412840 ) ) ;
#2851 = EDGE_CURVE ( 'NONE', #1261, #2372, #2075, .T. ) ;
#2852 = EDGE_CURVE ( 'NONE', #2548, #2518, #1541, .T. ) ;
#2853 = ADVANCED_FACE ( 'NONE', ( #2635 ), #1969, .F. ) ;
#2854 = FACE_BOUND ( 'NONE', #1938, .T. ) ;
#2855 = VERTEX_POINT ( 'NONE', #2180 ) ;
#2856 = AXIS2_PLACEMENT_3D ( 'NONE', #831, #1937, #1655 ) ;
#2857 = LINE ( 'NONE', #2176, #443 ) ;
#2858 = VECTOR ( 'NONE', #2495, 1000.000000000000000 ) ;
#2859 = DIRECTION ( 'NONE',  ( 0.000000000000000000, 0.000000000000000000, -1.000000000000000000 ) ) ;
#2860 = AXIS2_PLACEMENT_3D ( 'NONE', #1990, #228, #658 ) ;
#2861 = VECTOR ( 'NONE', #2031, 1000.000000000000000 ) ;
#2862 = DIRECTION ( 'NONE',  ( -1.000000000000000000, -0.000000000000000000, 2.775557561562891351E-16 ) ) ;
#2863 = VERTEX_POINT ( 'NONE', #641 ) ;
#2864 = DIRECTION ( 'NONE',  ( 0.000000000000000000, 0.7071067811865483499, 0.7071067811865467956 ) ) ;
#2865 = AXIS2_PLACEMENT_3D ( 'NONE', #814, #2601, #1115 ) ;
#2866 = VERTEX_POINT ( 'NONE', #222 ) ;
#2867 = VECTOR ( 'NONE', #506, 1000.000000000000000 ) ;
#2868 = EDGE_CURVE ( 'NONE', #1032, #75, #1098, .T. ) ;
#2869 = EDGE_LOOP ( 'NONE', ( #2244, #1796 ) ) ;
#2870 = DIRECTION ( 'NONE',  ( 1.000000000000000000, 3.469446951953613400E-15, -2.775557561562891351E-16 ) ) ;
#2871 = CARTESIAN_POINT ( 'NONE',  ( -44.00000000000018474, 56.00000000000000711, 19.70000000000000995 ) ) ;
ENDSEC;
END-ISO-10303-21;
