ISO-10303-21;
HEADER;
FILE_DESCRIPTION (( 'STEP AP203' ),
    '1' );
FILE_NAME ('part_yaobu_2.STEP',
    '2026-07-30T12:46:26',
    ( '' ),
    ( '' ),
    'SwSTEP 2.0',
    'SolidWorks 2025',
    '' );
FILE_SCHEMA (( 'CONFIG_CONTROL_DESIGN' ));
ENDSEC;

DATA;
#1 = DIRECTION ( 'NONE',  ( 1.000000000000000000, -3.491481338843134144E-15, 0.000000000000000000 ) ) ;
#2 = ORIENTED_EDGE ( 'NONE', *, *, #1669, .T. ) ;
#3 = MANIFOLD_SOLID_BREP ( 'M4x0.7 \X2\87ba7eb95b54\X0\2', #424 ) ;
#4 = FACE_OUTER_BOUND ( 'NONE', #1826, .T. ) ;
#5 = DIRECTION ( 'NONE',  ( -1.541976423090495387E-16, -5.349805401075656121E-31, -1.000000000000000000 ) ) ;
#6 = ORIENTED_EDGE ( 'NONE', *, *, #816, .F. ) ;
#7 = EDGE_CURVE ( 'NONE', #1591, #1948, #210, .T. ) ;
#8 = LINE ( 'NONE', #834, #335 ) ;
#9 = DIRECTION ( 'NONE',  ( 0.000000000000000000, 0.000000000000000000, -1.000000000000000000 ) ) ;
#10 = ORIENTED_EDGE ( 'NONE', *, *, #2059, .T. ) ;
#11 = CARTESIAN_POINT ( 'NONE',  ( 40.00000000000014921, 49.99999999999998579, -44.99999999999998579 ) ) ;
#12 = FACE_OUTER_BOUND ( 'NONE', #754, .T. ) ;
#13 = VERTEX_POINT ( 'NONE', #1886 ) ;
#14 = DIRECTION ( 'NONE',  ( 0.000000000000000000, 0.000000000000000000, -1.000000000000000000 ) ) ;
#15 = DIRECTION ( 'NONE',  ( 0.000000000000000000, 0.000000000000000000, 1.000000000000000000 ) ) ;
#16 = AXIS2_PLACEMENT_3D ( 'NONE', #1221, #1715, #715 ) ;
#17 = EDGE_CURVE ( 'NONE', #1015, #1947, #736, .T. ) ;
#18 = CIRCLE ( 'NONE', #296, 1.649999999999998579 ) ;
#19 = ORIENTED_EDGE ( 'NONE', *, *, #1113, .T. ) ;
#20 = CYLINDRICAL_SURFACE ( 'NONE', #1084, 1.649999999999998579 ) ;
#21 = VECTOR ( 'NONE', #1757, 1000.000000000000000 ) ;
#22 = EDGE_CURVE ( 'NONE', #1338, #1448, #2114, .T. ) ;
#23 = DIRECTION ( 'NONE',  ( -1.000000000000000000, -0.000000000000000000, 1.541976423090495880E-16 ) ) ;
#24 = AXIS2_PLACEMENT_3D ( 'NONE', #1627, #666, #2002 ) ;
#25 = EDGE_LOOP ( 'NONE', ( #108, #783, #193, #2021, #1061, #800 ) ) ;
#26 = CARTESIAN_POINT ( 'NONE',  ( 36.00000000000017053, 50.00000000000000000, 44.99999999999998579 ) ) ;
#27 = DIRECTION ( 'NONE',  ( -0.000000000000000000, -1.000000000000000000, -0.000000000000000000 ) ) ;
#28 = ORIENTED_EDGE ( 'NONE', *, *, #1665, .T. ) ;
#29 = CARTESIAN_POINT ( 'NONE',  ( 25.00000000000001066, -4.000000000000000000, -28.35000000000000853 ) ) ;
#30 = EDGE_LOOP ( 'NONE', ( #1996, #91, #867, #1280 ) ) ;
#31 = FACE_OUTER_BOUND ( 'NONE', #2094, .T. ) ;
#32 = EDGE_CURVE ( 'NONE', #828, #994, #451, .T. ) ;
#33 = ORIENTED_EDGE ( 'NONE', *, *, #533, .F. ) ;
#34 = DIRECTION ( 'NONE',  ( 1.000000000000000000, 0.000000000000000000, 0.000000000000000000 ) ) ;
#35 = DIRECTION ( 'NONE',  ( -0.000000000000000000, -1.000000000000000000, -0.000000000000000000 ) ) ;
#36 = CARTESIAN_POINT ( 'NONE',  ( 34.99999999999999289, 0.9999999999999940048, -44.99999999999998579 ) ) ;
#37 = EDGE_CURVE ( 'NONE', #1001, #1082, #254, .T. ) ;
#38 = LINE ( 'NONE', #1572, #1510 ) ;
#39 = ORIENTED_EDGE ( 'NONE', *, *, #102, .F. ) ;
#40 = DIRECTION ( 'NONE',  ( 0.000000000000000000, 0.000000000000000000, -1.000000000000000000 ) ) ;
#41 = CARTESIAN_POINT ( 'NONE',  ( 34.99999999999999289, -1.387778780781445676E-14, -44.99999999999998579 ) ) ;
#42 = AXIS2_PLACEMENT_3D ( 'NONE', #1889, #1937, #1045 ) ;
#43 = AXIS2_PLACEMENT_3D ( 'NONE', #2062, #1412, #82 ) ;
#44 = CYLINDRICAL_SURFACE ( 'NONE', #1719, 1.649999999999998579 ) ;
#45 = AXIS2_PLACEMENT_3D ( 'NONE', #58, #1882, #1022 ) ;
#46 = DIRECTION ( 'NONE',  ( 1.000000000000000000, -0.000000000000000000, 1.541976423090495880E-16 ) ) ;
#47 = DIRECTION ( 'NONE',  ( -1.000000000000000000, -0.000000000000000000, 1.541976423090495880E-16 ) ) ;
#48 = CIRCLE ( 'NONE', #2084, 5.000000000000007994 ) ;
#49 = CARTESIAN_POINT ( 'NONE',  ( 36.00000000000000711, 0.9999999999999904521, -44.99999999999998579 ) ) ;
#50 = ORIENTED_EDGE ( 'NONE', *, *, #1038, .F. ) ;
#51 = AXIS2_PLACEMENT_3D ( 'NONE', #1872, #1702, #53 ) ;
#52 = ORIENTED_EDGE ( 'NONE', *, *, #1526, .T. ) ;
#53 = DIRECTION ( 'NONE',  ( 0.000000000000000000, 0.000000000000000000, 1.000000000000000000 ) ) ;
#54 = DESIGN_CONTEXT ( 'detailed design', #393, 'design' ) ;
#55 = FACE_BOUND ( 'NONE', #1451, .T. ) ;
#56 = ADVANCED_FACE ( 'NONE', ( #1965 ), #1800, .F. ) ;
#57 = EDGE_CURVE ( 'NONE', #1730, #2116, #1713, .T. ) ;
#58 = CARTESIAN_POINT ( 'NONE',  ( 35.99999999999999289, -1.387778780781445423E-13, -5.551115123125782702E-15 ) ) ;
#59 = DIRECTION ( 'NONE',  ( -4.205390244792263185E-15, -1.000000000000000000, 0.000000000000000000 ) ) ;
#60 = DIRECTION ( 'NONE',  ( -3.700743415417189520E-15, 1.000000000000000000, 0.000000000000000000 ) ) ;
#61 = VERTEX_POINT ( 'NONE', #1064 ) ;
#62 = ORIENTED_EDGE ( 'NONE', *, *, #1561, .T. ) ;
#63 = FACE_OUTER_BOUND ( 'NONE', #1379, .T. ) ;
#64 = DIRECTION ( 'NONE',  ( -1.000000000000000000, -3.469446951953614189E-15, 1.541976423090495880E-16 ) ) ;
#65 = ADVANCED_FACE ( 'NONE', ( #1421, #713, #2050, #873, #1233, #1750 ), #1562, .T. ) ;
#66 = ORIENTED_EDGE ( 'NONE', *, *, #132, .F. ) ;
#67 = CARTESIAN_POINT ( 'NONE',  ( -24.99999999999998934, -4.000000000000001776, -29.99999999999999645 ) ) ;
#68 = DIRECTION ( 'NONE',  ( 1.000000000000000000, 3.469446951953614583E-15, -1.541976423090495880E-16 ) ) ;
#69 = DIRECTION ( 'NONE',  ( 0.000000000000000000, 0.000000000000000000, -1.000000000000000000 ) ) ;
#70 = CARTESIAN_POINT ( 'NONE',  ( 1.040834085586084257E-14, -4.000000000000001776, -29.99999999999999645 ) ) ;
#71 = ORIENTED_EDGE ( 'NONE', *, *, #1395, .F. ) ;
#72 = ORIENTED_EDGE ( 'NONE', *, *, #583, .F. ) ;
#73 = DIRECTION ( 'NONE',  ( 0.000000000000000000, 0.000000000000000000, 1.000000000000000000 ) ) ;
#74 = DIRECTION ( 'NONE',  ( 0.000000000000000000, -0.000000000000000000, 1.000000000000000000 ) ) ;
#75 = ORIENTED_EDGE ( 'NONE', *, *, #797, .F. ) ;
#76 = LINE ( 'NONE', #93, #333 ) ;
#77 = CARTESIAN_POINT ( 'NONE',  ( -36.00000000000002842, 0.9999999999999940048, 44.99999999999998579 ) ) ;
#78 = AXIS2_PLACEMENT_3D ( 'NONE', #582, #199, #1527 ) ;
#79 = ADVANCED_FACE ( 'NONE', ( #1587 ), #96, .F. ) ;
#80 = AXIS2_PLACEMENT_3D ( 'NONE', #148, #817, #1815 ) ;
#81 = DIRECTION ( 'NONE',  ( -1.000000000000000000, -0.000000000000000000, 1.541976423090495880E-16 ) ) ;
#82 = DIRECTION ( 'NONE',  ( -4.205390244792263185E-15, -1.000000000000000000, 0.000000000000000000 ) ) ;
#83 = AXIS2_PLACEMENT_3D ( 'NONE', #1186, #1199, #721 ) ;
#84 = ORIENTED_EDGE ( 'NONE', *, *, #2140, .T. ) ;
#85 = EDGE_CURVE ( 'NONE', #1009, #869, #500, .T. ) ;
#86 = CIRCLE ( 'NONE', #1050, 1.649999999999988365 ) ;
#87 = EDGE_CURVE ( 'NONE', #366, #2116, #407, .T. ) ;
#88 = EDGE_LOOP ( 'NONE', ( #2025, #1248 ) ) ;
#89 = CARTESIAN_POINT ( 'NONE',  ( 34.99999999999999289, 0.9999999999999940048, 44.99999999999998579 ) ) ;
#90 = CIRCLE ( 'NONE', #1582, 1.649999999999998579 ) ;
#91 = ORIENTED_EDGE ( 'NONE', *, *, #1489, .T. ) ;
#92 = LOCAL_TIME ( 20, 46, 26.00000000000000000, #1301 ) ;
#93 = CARTESIAN_POINT ( 'NONE',  ( -24.99999999999998934, -4.000000000000000000, 31.64999999999999147 ) ) ;
#94 = CARTESIAN_POINT ( 'NONE',  ( 1.061040757772015493E-14, -4.000000000000001776, -28.35000000000000853 ) ) ;
#95 = DATE_AND_TIME ( #604, #1854 ) ;
#96 = PLANE ( 'NONE',  #2152 ) ;
#97 = VERTEX_POINT ( 'NONE', #1930 ) ;
#98 = DIRECTION ( 'NONE',  ( -1.000000000000000000, -3.469446951953614583E-15, 1.541976423090495880E-16 ) ) ;
#99 = VERTEX_POINT ( 'NONE', #429 ) ;
#100 = VERTEX_POINT ( 'NONE', #245 ) ;
#101 = CARTESIAN_POINT ( 'NONE',  ( -24.99999999999998934, -4.000000000000001776, 3.469446951953614189E-15 ) ) ;
#102 = EDGE_CURVE ( 'NONE', #13, #1734, #879, .T. ) ;
#103 = ORIENTED_EDGE ( 'NONE', *, *, #1113, .F. ) ;
#104 = CARTESIAN_POINT ( 'NONE',  ( 34.99999999999999289, 0.9999999999999940048, -44.99999999999998579 ) ) ;
#105 = DIRECTION ( 'NONE',  ( -3.469446951953614583E-15, -1.000000000000000000, -0.000000000000000000 ) ) ;
#106 = EDGE_LOOP ( 'NONE', ( #798, #1066, #292, #717 ) ) ;
#107 = DIRECTION ( 'NONE',  ( -1.000000000000000000, 3.469446951953614583E-15, 1.541976423090495880E-16 ) ) ;
#108 = ORIENTED_EDGE ( 'NONE', *, *, #357, .T. ) ;
#109 = DIRECTION ( 'NONE',  ( 0.000000000000000000, 0.000000000000000000, 1.000000000000000000 ) ) ;
#110 = ORIENTED_EDGE ( 'NONE', *, *, #2093, .F. ) ;
#111 = DIRECTION ( 'NONE',  ( -1.000000000000000000, 0.000000000000000000, -0.000000000000000000 ) ) ;
#112 = CARTESIAN_POINT ( 'NONE',  ( -24.99999999999998934, 0.000000000000000000, 3.469446951953614189E-15 ) ) ;
#113 = PERSON_AND_ORGANIZATION ( #2013, #923 ) ;
#114 = ORIENTED_EDGE ( 'NONE', *, *, #1540, .F. ) ;
#115 = DIRECTION ( 'NONE',  ( -0.000000000000000000, -0.000000000000000000, 1.000000000000000000 ) ) ;
#116 = VECTOR ( 'NONE', #747, 1000.000000000000000 ) ;
#117 = ORIENTED_EDGE ( 'NONE', *, *, #1193, .T. ) ;
#118 = AXIS2_PLACEMENT_3D ( 'NONE', #962, #1957, #455 ) ;
#119 = DIRECTION ( 'NONE',  ( 0.000000000000000000, 0.000000000000000000, 1.000000000000000000 ) ) ;
#120 = VECTOR ( 'NONE', #270, 1000.000000000000000 ) ;
#121 = ORIENTED_EDGE ( 'NONE', *, *, #1173, .T. ) ;
#122 = CARTESIAN_POINT ( 'NONE',  ( -40.00000000000018474, 49.99999999999998579, -44.99999999999998579 ) ) ;
#123 = CIRCLE ( 'NONE', #883, 1.649999999999989253 ) ;
#124 = AXIS2_PLACEMENT_3D ( 'NONE', #331, #989, #169 ) ;
#125 = CARTESIAN_POINT ( 'NONE',  ( -40.00000000000009948, 24.99999999999998579, -1.464877601935970260E-14 ) ) ;
#126 = VECTOR ( 'NONE', #340, 1000.000000000000000 ) ;
#127 = ADVANCED_FACE ( 'NONE', ( #898 ), #907, .T. ) ;
#128 = DIRECTION ( 'NONE',  ( 0.000000000000000000, 1.000000000000000000, 0.000000000000000000 ) ) ;
#129 = EDGE_CURVE ( 'NONE', #784, #97, #206, .T. ) ;
#130 = ORIENTED_EDGE ( 'NONE', *, *, #1157, .T. ) ;
#131 = CARTESIAN_POINT ( 'NONE',  ( 36.00000000000002842, 9.999999999999987566, 24.99999999999998579 ) ) ;
#132 = EDGE_CURVE ( 'NONE', #1879, #2015, #1042, .T. ) ;
#133 = ORIENTED_EDGE ( 'NONE', *, *, #1791, .T. ) ;
#134 = LINE ( 'NONE', #799, #1658 ) ;
#135 = ORIENTED_EDGE ( 'NONE', *, *, #606, .F. ) ;
#136 = DIRECTION ( 'NONE',  ( 1.000000000000000000, 3.491481338843134144E-15, -1.541976423090495387E-16 ) ) ;
#137 = EDGE_CURVE ( 'NONE', #1717, #1637, #1536, .T. ) ;
#138 = DIRECTION ( 'NONE',  ( -1.000000000000000000, -0.000000000000000000, 1.541976423090495880E-16 ) ) ;
#139 = SECURITY_CLASSIFICATION_LEVEL ( 'unclassified' ) ;
#140 = ORIENTED_EDGE ( 'NONE', *, *, #2170, .F. ) ;
#141 = CARTESIAN_POINT ( 'NONE',  ( 25.00000000000001066, 0.000000000000000000, -1.649999999999984812 ) ) ;
#142 = ORIENTED_EDGE ( 'NONE', *, *, #1023, .T. ) ;
#143 = FACE_OUTER_BOUND ( 'NONE', #484, .T. ) ;
#144 = EDGE_LOOP ( 'NONE', ( #6, #527 ) ) ;
#145 = DIRECTION ( 'NONE',  ( -1.000000000000000000, 3.469446951953614583E-15, 1.541976423090495880E-16 ) ) ;
#146 = DIRECTION ( 'NONE',  ( 0.000000000000000000, 0.000000000000000000, 1.000000000000000000 ) ) ;
#147 = ORIENTED_EDGE ( 'NONE', *, *, #1608, .T. ) ;
#148 = CARTESIAN_POINT ( 'NONE',  ( -36.00000000000015632, 39.99999999999998579, 24.99999999999998579 ) ) ;
#149 = EDGE_CURVE ( 'NONE', #100, #2033, #1187, .T. ) ;
#150 = ORIENTED_EDGE ( 'NONE', *, *, #693, .F. ) ;
#151 = DIRECTION ( 'NONE',  ( -1.000000000000000000, -0.000000000000000000, 1.541976423090495880E-16 ) ) ;
#152 = CIRCLE ( 'NONE', #1360, 1.649999999999988365 ) ;
#153 = ADVANCED_FACE ( 'NONE', ( #1245 ), #1883, .F. ) ;
#154 = EDGE_CURVE ( 'NONE', #548, #1414, #390, .T. ) ;
#155 = CIRCLE ( 'NONE', #706, 1.649999999999988365 ) ;
#156 = ORIENTED_EDGE ( 'NONE', *, *, #530, .T. ) ;
#157 = DIRECTION ( 'NONE',  ( 1.000000000000000000, -0.000000000000000000, 1.541976423090495880E-16 ) ) ;
#158 = CIRCLE ( 'NONE', #83, 1.649999999999988365 ) ;
#159 = CIRCLE ( 'NONE', #1407, 1.649999999999988365 ) ;
#160 = CARTESIAN_POINT ( 'NONE',  ( 40.00000000000024158, 30.00000000000026645, 44.99999999999996447 ) ) ;
#161 = VECTOR ( 'NONE', #136, 1000.000000000000000 ) ;
#162 = ORIENTED_EDGE ( 'NONE', *, *, #405, .T. ) ;
#163 = CYLINDRICAL_SURFACE ( 'NONE', #703, 1.649999999999998579 ) ;
#164 = ORIENTED_EDGE ( 'NONE', *, *, #530, .F. ) ;
#165 = DIRECTION ( 'NONE',  ( 0.000000000000000000, 0.000000000000000000, -1.000000000000000000 ) ) ;
#166 = AXIS2_PLACEMENT_3D ( 'NONE', #821, #469, #2131 ) ;
#167 = CARTESIAN_POINT ( 'NONE',  ( -40.00000000000015632, 39.99999999999998579, -23.35000000000001563 ) ) ;
#168 = EDGE_LOOP ( 'NONE', ( #28, #498, #1997, #1677 ) ) ;
#169 = DIRECTION ( 'NONE',  ( 0.000000000000000000, 0.000000000000000000, -1.000000000000000000 ) ) ;
#170 = FACE_OUTER_BOUND ( 'NONE', #168, .T. ) ;
#171 = EDGE_LOOP ( 'NONE', ( #1413, #965 ) ) ;
#172 = DIRECTION ( 'NONE',  ( -3.469446951953614583E-15, 1.000000000000000000, 0.000000000000000000 ) ) ;
#173 = DIRECTION ( 'NONE',  ( 0.000000000000000000, 0.000000000000000000, -1.000000000000000000 ) ) ;
#174 = ORIENTED_EDGE ( 'NONE', *, *, #475, .F. ) ;
#175 = CARTESIAN_POINT ( 'NONE',  ( -36.00000000000019895, 50.00000000000000000, -44.99999999999998579 ) ) ;
#176 = ADVANCED_FACE ( 'NONE', ( #2061 ), #555, .F. ) ;
#177 = DIRECTION ( 'NONE',  ( -0.000000000000000000, -1.000000000000000000, -0.000000000000000000 ) ) ;
#178 = ORIENTED_EDGE ( 'NONE', *, *, #2064, .T. ) ;
#179 = CARTESIAN_POINT ( 'NONE',  ( 25.00000000000001066, -4.000000000000001776, 30.00000000000000355 ) ) ;
#180 = EDGE_LOOP ( 'NONE', ( #1751, #819, #1391, #1094 ) ) ;
#181 = AXIS2_PLACEMENT_3D ( 'NONE', #739, #1403, #2083 ) ;
#182 = DIRECTION ( 'NONE',  ( -1.000000000000000000, -0.000000000000000000, 1.541976423090495880E-16 ) ) ;
#183 = FACE_OUTER_BOUND ( 'NONE', #2143, .T. ) ;
#184 = AXIS2_PLACEMENT_3D ( 'NONE', #131, #1423, #1303 ) ;
#185 = DIRECTION ( 'NONE',  ( 6.938893903907173946E-15, -1.000000000000000000, 0.000000000000000000 ) ) ;
#186 = AXIS2_PLACEMENT_3D ( 'NONE', #1570, #1866, #1737 ) ;
#187 = EDGE_LOOP ( 'NONE', ( #509, #1956, #862, #1332 ) ) ;
#188 = CARTESIAN_POINT ( 'NONE',  ( 40.00000000000015632, 39.99999999999998579, -26.65000000000001279 ) ) ;
#189 = AXIS2_PLACEMENT_3D ( 'NONE', #1389, #2067, #586 ) ;
#190 = ADVANCED_FACE ( 'NONE', ( #732 ), #1396, .T. ) ;
#191 = VECTOR ( 'NONE', #1691, 1000.000000000000000 ) ;
#192 = CYLINDRICAL_SURFACE ( 'NONE', #229, 1.649999999999988365 ) ;
#193 = ORIENTED_EDGE ( 'NONE', *, *, #942, .T. ) ;
#194 = DIRECTION ( 'NONE',  ( -0.000000000000000000, -1.000000000000000000, -0.000000000000000000 ) ) ;
#195 = CARTESIAN_POINT ( 'NONE',  ( -35.00000000000001421, -1.040834085586084257E-14, 44.99999999999998579 ) ) ;
#196 = EDGE_CURVE ( 'NONE', #823, #1009, #551, .T. ) ;
#197 = ORIENTED_EDGE ( 'NONE', *, *, #1416, .T. ) ;
#198 = DIRECTION ( 'NONE',  ( 0.000000000000000000, 0.000000000000000000, -1.000000000000000000 ) ) ;
#199 = DIRECTION ( 'NONE',  ( 1.541976423090495387E-16, -5.349805401075656121E-31, 1.000000000000000000 ) ) ;
#200 = EDGE_LOOP ( 'NONE', ( #409, #1741 ) ) ;
#201 = CARTESIAN_POINT ( 'NONE',  ( 40.00000000000004974, 9.999999999999987566, -25.00000000000001421 ) ) ;
#202 = ORIENTED_EDGE ( 'NONE', *, *, #413, .F. ) ;
#203 = CARTESIAN_POINT ( 'NONE',  ( 40.00000000000016342, 49.99999999999998579, 44.99999999999998579 ) ) ;
#204 = DIRECTION ( 'NONE',  ( -1.000000000000000000, -3.469446951953614189E-15, 1.541976423090495880E-16 ) ) ;
#205 = CARTESIAN_POINT ( 'NONE',  ( -40.00000000000004974, 9.999999999999987566, -25.00000000000001421 ) ) ;
#206 = LINE ( 'NONE', #415, #1613 ) ;
#207 = EDGE_CURVE ( 'NONE', #99, #833, #1914, .T. ) ;
#208 = DIRECTION ( 'NONE',  ( -0.000000000000000000, -0.000000000000000000, 1.000000000000000000 ) ) ;
#209 = CARTESIAN_POINT ( 'NONE',  ( 36.00000000000015632, 45.00000000000024869, 44.99999999999998579 ) ) ;
#210 = LINE ( 'NONE', #2065, #876 ) ;
#211 = ORIENTED_EDGE ( 'NONE', *, *, #132, .T. ) ;
#212 = CARTESIAN_POINT ( 'NONE',  ( 40.00000000000009948, 24.99999999999998579, -1.650000000000013456 ) ) ;
#213 = CC_DESIGN_DATE_AND_TIME_ASSIGNMENT ( #781, #1964, ( #2169 ) ) ;
#214 = ADVANCED_FACE ( 'NONE', ( #1216 ), #250, .F. ) ;
#215 = DIRECTION ( 'NONE',  ( -4.205390244792263185E-15, 1.000000000000000000, 0.000000000000000000 ) ) ;
#216 = VECTOR ( 'NONE', #1386, 1000.000000000000000 ) ;
#217 = CIRCLE ( 'NONE', #1505, 15.00000000000000000 ) ;
#218 = ADVANCED_FACE ( 'NONE', ( #1722 ), #1743, .F. ) ;
#219 = DIRECTION ( 'NONE',  ( -0.000000000000000000, -1.000000000000000000, -0.000000000000000000 ) ) ;
#220 = AXIS2_PLACEMENT_3D ( 'NONE', #1107, #414, #1072 ) ;
#221 = DIRECTION ( 'NONE',  ( 0.000000000000000000, 0.000000000000000000, -1.000000000000000000 ) ) ;
#222 = DIRECTION ( 'NONE',  ( -1.000000000000000000, 3.491481338843134144E-15, 1.541976423090495387E-16 ) ) ;
#223 = VECTOR ( 'NONE', #1490, 1000.000000000000000 ) ;
#224 = EDGE_CURVE ( 'NONE', #1317, #1642, #1555, .T. ) ;
#225 = VERTEX_POINT ( 'NONE', #728 ) ;
#226 = AXIS2_PLACEMENT_3D ( 'NONE', #679, #157, #1973 ) ;
#227 = ORIENTED_EDGE ( 'NONE', *, *, #651, .F. ) ;
#228 = CARTESIAN_POINT ( 'NONE',  ( -40.00000000000000711, 0.000000000000000000, 45.00000000000000000 ) ) ;
#229 = AXIS2_PLACEMENT_3D ( 'NONE', #1700, #1355, #2016 ) ;
#230 = DIRECTION ( 'NONE',  ( 0.000000000000000000, 0.000000000000000000, -1.000000000000000000 ) ) ;
#231 = CARTESIAN_POINT ( 'NONE',  ( 2.020667218593119443E-16, 0.000000000000000000, 1.649999999999989253 ) ) ;
#232 = DIRECTION ( 'NONE',  ( 1.000000000000000000, -3.469446951953606300E-15, 0.000000000000000000 ) ) ;
#233 = DIRECTION ( 'NONE',  ( -1.000000000000000000, 0.000000000000000000, -0.000000000000000000 ) ) ;
#234 = DIRECTION ( 'NONE',  ( 0.000000000000000000, 0.000000000000000000, -1.000000000000000000 ) ) ;
#235 = PRODUCT_DEFINITION_SHAPE ( 'NONE', 'NONE',  #2169 ) ;
#236 = ORIENTED_EDGE ( 'NONE', *, *, #17, .T. ) ;
#237 = ORIENTED_EDGE ( 'NONE', *, *, #1424, .T. ) ;
#238 = LINE ( 'NONE', #1577, #749 ) ;
#239 = FACE_BOUND ( 'NONE', #691, .T. ) ;
#240 = ORIENTED_EDGE ( 'NONE', *, *, #1736, .F. ) ;
#241 = ADVANCED_FACE ( 'NONE', ( #753, #1390, #239, #2068, #560, #1226, #1901, #2096, #402, #1060 ), #1733, .T. ) ;
#242 = DIRECTION ( 'NONE',  ( 0.000000000000000000, 0.000000000000000000, 1.000000000000000000 ) ) ;
#243 = FACE_OUTER_BOUND ( 'NONE', #25, .T. ) ;
#244 = EDGE_CURVE ( 'NONE', #671, #1968, #291, .T. ) ;
#245 = CARTESIAN_POINT ( 'NONE',  ( 40.00000000000019185, 45.00000000000026290, 44.99999999999998579 ) ) ;
#246 = FACE_OUTER_BOUND ( 'NONE', #1816, .T. ) ;
#247 = VERTEX_POINT ( 'NONE', #2057 ) ;
#248 = ORIENTED_EDGE ( 'NONE', *, *, #32, .F. ) ;
#249 = DIRECTION ( 'NONE',  ( 3.469446951953614583E-15, -1.000000000000000000, -0.000000000000000000 ) ) ;
#250 = CYLINDRICAL_SURFACE ( 'NONE', #42, 1.649999999999998579 ) ;
#251 = EDGE_LOOP ( 'NONE', ( #663, #1487, #2, #519 ) ) ;
#252 = FACE_OUTER_BOUND ( 'NONE', #1171, .T. ) ;
#253 = CARTESIAN_POINT ( 'NONE',  ( -40.00000000000004974, 9.999999999999987566, -26.65000000000001279 ) ) ;
#254 = CIRCLE ( 'NONE', #1753, 1.649999999999988365 ) ;
#255 = COORDINATED_UNIVERSAL_TIME_OFFSET ( 8, 0, .AHEAD. ) ;
#256 = VECTOR ( 'NONE', #1343, 1000.000000000000000 ) ;
#257 = DIRECTION ( 'NONE',  ( 0.000000000000000000, 0.000000000000000000, -1.000000000000000000 ) ) ;
#258 = ORIENTED_EDGE ( 'NONE', *, *, #37, .F. ) ;
#259 = LINE ( 'NONE', #1635, #1047 ) ;
#260 = ADVANCED_FACE ( 'NONE', ( #183 ), #1710, .F. ) ;
#261 = CIRCLE ( 'NONE', #1265, 1.000000000000007772 ) ;
#262 = ORIENTED_EDGE ( 'NONE', *, *, #1183, .T. ) ;
#263 = AXIS2_PLACEMENT_3D ( 'NONE', #1661, #2158, #1988 ) ;
#264 = ORIENTED_EDGE ( 'NONE', *, *, #2000, .F. ) ;
#265 = DIRECTION ( 'NONE',  ( -1.000000000000000000, -0.000000000000000000, 1.541976423090495880E-16 ) ) ;
#266 = AXIS2_PLACEMENT_3D ( 'NONE', #614, #1951, #119 ) ;
#267 = ORIENTED_EDGE ( 'NONE', *, *, #475, .T. ) ;
#268 = CIRCLE ( 'NONE', #166, 1.649999999999988365 ) ;
#269 = CARTESIAN_POINT ( 'NONE',  ( 40.00000000000003553, 9.999999999999987566, 23.34999999999998721 ) ) ;
#270 = DIRECTION ( 'NONE',  ( -3.469446951953614583E-15, -1.000000000000000000, 0.000000000000000000 ) ) ;
#271 = APPROVAL_STATUS ( 'not_yet_approved' ) ;
#272 = ORIENTED_EDGE ( 'NONE', *, *, #1005, .F. ) ;
#273 = ORIENTED_EDGE ( 'NONE', *, *, #2063, .F. ) ;
#274 = CARTESIAN_POINT ( 'NONE',  ( -40.00000000000009948, 24.99999999999998579, -1.464877601935970260E-14 ) ) ;
#275 = ORIENTED_EDGE ( 'NONE', *, *, #2063, .T. ) ;
#276 = CARTESIAN_POINT ( 'NONE',  ( -24.99999999999998934, 0.000000000000000000, 1.649999999999991696 ) ) ;
#277 = ORIENTED_EDGE ( 'NONE', *, *, #1604, .F. ) ;
#278 = DIRECTION ( 'NONE',  ( -0.000000000000000000, -1.000000000000000000, -0.000000000000000000 ) ) ;
#279 = CARTESIAN_POINT ( 'NONE',  ( 36.00000000000017053, 50.00000000000000000, 44.99999999999998579 ) ) ;
#280 = ORIENTED_EDGE ( 'NONE', *, *, #32, .T. ) ;
#281 = FACE_OUTER_BOUND ( 'NONE', #877, .T. ) ;
#282 = ORIENTED_EDGE ( 'NONE', *, *, #1151, .F. ) ;
#283 = CARTESIAN_POINT ( 'NONE',  ( -40.00000000000014211, 39.99999999999998579, 26.64999999999998792 ) ) ;
#284 = ORIENTED_EDGE ( 'NONE', *, *, #1312, .F. ) ;
#285 = CARTESIAN_POINT ( 'NONE',  ( 39.99999999999997158, -1.527438034335170757E-13, -44.99999999999998579 ) ) ;
#286 = EDGE_CURVE ( 'NONE', #2130, #1388, #1018, .T. ) ;
#287 = FACE_OUTER_BOUND ( 'NONE', #1802, .T. ) ;
#288 = VERTEX_POINT ( 'NONE', #705 ) ;
#289 = EDGE_LOOP ( 'NONE', ( #1181, #396, #277, #1258 ) ) ;
#290 = CARTESIAN_POINT ( 'NONE',  ( 40.00000000000015632, 39.99999999999998579, -23.35000000000001563 ) ) ;
#291 = CIRCLE ( 'NONE', #181, 1.649999999999988365 ) ;
#292 = ORIENTED_EDGE ( 'NONE', *, *, #1540, .T. ) ;
#293 = AXIS2_PLACEMENT_3D ( 'NONE', #1599, #115, #416 ) ;
#294 = CYLINDRICAL_SURFACE ( 'NONE', #24, 1.649999999999998579 ) ;
#295 = EDGE_CURVE ( 'NONE', #386, #977, #543, .T. ) ;
#296 = AXIS2_PLACEMENT_3D ( 'NONE', #1650, #1810, #1323 ) ;
#297 = ORIENTED_EDGE ( 'NONE', *, *, #1630, .F. ) ;
#298 = DIRECTION ( 'NONE',  ( -0.000000000000000000, -1.000000000000000000, -0.000000000000000000 ) ) ;
#299 = AXIS2_PLACEMENT_3D ( 'NONE', #1392, #1680, #2028 ) ;
#300 = AXIS2_PLACEMENT_3D ( 'NONE', #801, #1463, #1136 ) ;
#301 = CARTESIAN_POINT ( 'NONE',  ( -40.00000000000001421, -1.527438034335172019E-13, -44.99999999999998579 ) ) ;
#302 = PERSON_AND_ORGANIZATION_ROLE ( 'creator' ) ;
#303 = AXIS2_PLACEMENT_3D ( 'NONE', #1638, #1132, #1825 ) ;
#304 = CARTESIAN_POINT ( 'NONE',  ( 25.00000000000001066, 0.000000000000000000, 30.00000000000000355 ) ) ;
#305 = CARTESIAN_POINT ( 'NONE',  ( 40.00000000000014211, 39.99999999999998579, 24.99999999999998579 ) ) ;
#306 = ORIENTED_EDGE ( 'NONE', *, *, #2027, .F. ) ;
#307 = FACE_OUTER_BOUND ( 'NONE', #289, .T. ) ;
#308 = VERTEX_POINT ( 'NONE', #1946 ) ;
#309 = CARTESIAN_POINT ( 'NONE',  ( -36.00000000000018474, 50.00000000000000000, 44.99999999999998579 ) ) ;
#310 = ORIENTED_EDGE ( 'NONE', *, *, #673, .T. ) ;
#311 = DIRECTION ( 'NONE',  ( -0.000000000000000000, -1.000000000000000000, -0.000000000000000000 ) ) ;
#312 = EDGE_CURVE ( 'NONE', #1717, #1214, #562, .T. ) ;
#313 = CYLINDRICAL_SURFACE ( 'NONE', #950, 15.00000000000000000 ) ;
#314 = VERTEX_POINT ( 'NONE', #1290 ) ;
#315 = DIRECTION ( 'NONE',  ( 0.000000000000000000, 0.000000000000000000, -1.000000000000000000 ) ) ;
#316 = EDGE_CURVE ( 'NONE', #1101, #970, #464, .T. ) ;
#317 = ADVANCED_FACE ( 'NONE', ( #1917 ), #1747, .F. ) ;
#318 = VERTEX_POINT ( 'NONE', #959 ) ;
#319 = LINE ( 'NONE', #1327, #126 ) ;
#320 = EDGE_LOOP ( 'NONE', ( #1771, #926 ) ) ;
#321 = DIRECTION ( 'NONE',  ( 0.000000000000000000, 0.000000000000000000, -1.000000000000000000 ) ) ;
#322 = DIRECTION ( 'NONE',  ( -1.000000000000000000, -3.469446951953614189E-15, 1.541976423090495880E-16 ) ) ;
#323 = ORIENTED_EDGE ( 'NONE', *, *, #476, .T. ) ;
#324 = ORIENTED_EDGE ( 'NONE', *, *, #413, .T. ) ;
#325 = CARTESIAN_POINT ( 'NONE',  ( -36.00000000000009948, 24.99999999999998579, -1.526556658859589612E-14 ) ) ;
#326 = EDGE_CURVE ( 'NONE', #1262, #2130, #152, .T. ) ;
#327 = CARTESIAN_POINT ( 'NONE',  ( -24.99999999999998934, -4.000000000000000000, -29.99999999999999645 ) ) ;
#328 = CIRCLE ( 'NONE', #1828, 1.649999999999988365 ) ;
#329 = VECTOR ( 'NONE', #633, 1000.000000000000000 ) ;
#330 = ORIENTED_EDGE ( 'NONE', *, *, #381, .F. ) ;
#331 = CARTESIAN_POINT ( 'NONE',  ( 0.000000000000000000, -4.000000000000000000, 0.000000000000000000 ) ) ;
#332 = VECTOR ( 'NONE', #846, 1000.000000000000000 ) ;
#333 = VECTOR ( 'NONE', #1263, 1000.000000000000000 ) ;
#334 = DIRECTION ( 'NONE',  ( -1.000000000000000000, -0.000000000000000000, 1.541976423090495880E-16 ) ) ;
#335 = VECTOR ( 'NONE', #485, 1000.000000000000000 ) ;
#336 = EDGE_LOOP ( 'NONE', ( #1227, #1310 ) ) ;
#337 = LINE ( 'NONE', #1010, #256 ) ;
#338 = CIRCLE ( 'NONE', #686, 1.649999999999988365 ) ;
#339 = ADVANCED_FACE ( 'NONE', ( #1589 ), #163, .F. ) ;
#340 = DIRECTION ( 'NONE',  ( -0.000000000000000000, -1.000000000000000000, -0.000000000000000000 ) ) ;
#341 = ORIENTED_EDGE ( 'NONE', *, *, #444, .T. ) ;
#342 = LINE ( 'NONE', #1819, #1941 ) ;
#343 = CARTESIAN_POINT ( 'NONE',  ( 40.00000000000009948, 24.99999999999998579, -1.464877601935970260E-14 ) ) ;
#344 = ORIENTED_EDGE ( 'NONE', *, *, #374, .F. ) ;
#345 = CARTESIAN_POINT ( 'NONE',  ( -35.00000000000002132, 0.9999999999999974465, -44.99999999999998579 ) ) ;
#346 = DIRECTION ( 'NONE',  ( 1.000000000000000000, 3.469446951953614189E-15, -1.541976423090495880E-16 ) ) ;
#347 = EDGE_CURVE ( 'NONE', #2015, #1879, #1011, .T. ) ;
#348 = EDGE_LOOP ( 'NONE', ( #1026, #657, #972, #227 ) ) ;
#349 = CYLINDRICAL_SURFACE ( 'NONE', #683, 1.649999999999998579 ) ;
#350 = EDGE_CURVE ( 'NONE', #943, #741, #328, .T. ) ;
#351 = CARTESIAN_POINT ( 'NONE',  ( 34.99999999999999289, -1.387778780781445676E-14, 44.99999999999998579 ) ) ;
#352 = EDGE_LOOP ( 'NONE', ( #2045, #725, #599, #632 ) ) ;
#353 = CARTESIAN_POINT ( 'NONE',  ( -36.00000000000015632, 39.99999999999998579, -23.35000000000001563 ) ) ;
#354 = FACE_OUTER_BOUND ( 'NONE', #30, .T. ) ;
#355 = ORIENTED_EDGE ( 'NONE', *, *, #1669, .F. ) ;
#356 = VECTOR ( 'NONE', #64, 1000.000000000000000 ) ;
#357 = EDGE_CURVE ( 'NONE', #1695, #100, #1065, .T. ) ;
#358 = DIRECTION ( 'NONE',  ( 1.000000000000000000, -0.000000000000000000, 1.541976423090495880E-16 ) ) ;
#359 = FACE_BOUND ( 'NONE', #2011, .T. ) ;
#360 = CIRCLE ( 'NONE', #852, 1.649999999999998579 ) ;
#361 = CIRCLE ( 'NONE', #1903, 1.649999999999988365 ) ;
#362 = ORIENTED_EDGE ( 'NONE', *, *, #1911, .T. ) ;
#363 = FACE_BOUND ( 'NONE', #2031, .T. ) ;
#364 = CIRCLE ( 'NONE', #1689, 1.649999999999988365 ) ;
#365 = VECTOR ( 'NONE', #346, 1000.000000000000000 ) ;
#366 = VERTEX_POINT ( 'NONE', #1209 ) ;
#367 = CARTESIAN_POINT ( 'NONE',  ( -36.00000000000005684, 9.999999999999987566, -25.00000000000001421 ) ) ;
#368 = ORIENTED_EDGE ( 'NONE', *, *, #793, .F. ) ;
#369 = CARTESIAN_POINT ( 'NONE',  ( -40.00000000000003553, 9.999999999999987566, 24.99999999999998579 ) ) ;
#370 = DIRECTION ( 'NONE',  ( 0.000000000000000000, 1.000000000000000000, 0.000000000000000000 ) ) ;
#371 = ADVANCED_FACE ( 'NONE', ( #1697 ), #1024, .F. ) ;
#372 = DIRECTION ( 'NONE',  ( -1.000000000000000000, -0.000000000000000000, 1.541976423090495880E-16 ) ) ;
#373 = DIRECTION ( 'NONE',  ( -4.205390244792263185E-15, -1.000000000000000000, 0.000000000000000000 ) ) ;
#374 = EDGE_CURVE ( 'NONE', #828, #1690, #2077, .T. ) ;
#375 = ADVANCED_FACE ( 'NONE', ( #1705 ), #556, .F. ) ;
#376 = DIRECTION ( 'NONE',  ( -1.000000000000000000, -0.000000000000000000, 1.541976423090495880E-16 ) ) ;
#377 = ORIENTED_EDGE ( 'NONE', *, *, #1858, .T. ) ;
#378 = CYLINDRICAL_SURFACE ( 'NONE', #397, 1.649999999999998579 ) ;
#379 = CARTESIAN_POINT ( 'NONE',  ( -35.00000000000001421, -1.040834085586084257E-14, 44.99999999999998579 ) ) ;
#380 = CARTESIAN_POINT ( 'NONE',  ( 1.061040757772015493E-14, -4.000000000000000000, 31.64999999999999147 ) ) ;
#381 = EDGE_CURVE ( 'NONE', #1980, #635, #978, .T. ) ;
#382 = DIRECTION ( 'NONE',  ( -1.000000000000000000, 0.000000000000000000, 0.000000000000000000 ) ) ;
#383 = CYLINDRICAL_SURFACE ( 'NONE', #782, 15.00000000000000000 ) ;
#384 = LINE ( 'NONE', #1345, #1692 ) ;
#385 = CARTESIAN_POINT ( 'NONE',  ( -36.00000000000018474, 50.00000000000000000, 44.99999999999998579 ) ) ;
#386 = VERTEX_POINT ( 'NONE', #539 ) ;
#387 = FACE_OUTER_BOUND ( 'NONE', #1453, .T. ) ;
#388 = DIRECTION ( 'NONE',  ( 0.000000000000000000, 0.000000000000000000, 1.000000000000000000 ) ) ;
#389 = DIRECTION ( 'NONE',  ( -0.000000000000000000, -1.000000000000000000, -0.000000000000000000 ) ) ;
#390 = CIRCLE ( 'NONE', #1893, 1.649999999999998579 ) ;
#391 = FACE_OUTER_BOUND ( 'NONE', #2128, .T. ) ;
#392 = CC_DESIGN_PERSON_AND_ORGANIZATION_ASSIGNMENT ( #1632, #591, ( #1486 ) ) ;
#393 = APPLICATION_CONTEXT ( 'configuration controlled 3d designs of mechanical parts and assemblies' ) ;
#394 = DIRECTION ( 'NONE',  ( 0.000000000000000000, 0.000000000000000000, 1.000000000000000000 ) ) ;
#395 = CARTESIAN_POINT ( 'NONE',  ( 34.99999999999996447, -4.000000000000014211, -44.99999999999998579 ) ) ;
#396 = ORIENTED_EDGE ( 'NONE', *, *, #1531, .F. ) ;
#397 = AXIS2_PLACEMENT_3D ( 'NONE', #1857, #358, #1176 ) ;
#398 = EDGE_CURVE ( 'NONE', #1806, #1628, #38, .T. ) ;
#399 = EDGE_LOOP ( 'NONE', ( #1103, #2138, #1950, #323 ) ) ;
#400 = CARTESIAN_POINT ( 'NONE',  ( 36.00000000000012790, 39.99999999999998579, 23.34999999999998721 ) ) ;
#401 = AXIS2_PLACEMENT_3D ( 'NONE', #1212, #1885, #1878 ) ;
#402 = FACE_BOUND ( 'NONE', #795, .T. ) ;
#403 = EDGE_LOOP ( 'NONE', ( #1598, #1576, #2104, #121 ) ) ;
#404 = LINE ( 'NONE', #864, #951 ) ;
#405 = EDGE_CURVE ( 'NONE', #1695, #931, #1361, .T. ) ;
#406 = CARTESIAN_POINT ( 'NONE',  ( -36.00000000000000711, 0.9999999999999940048, 44.99999999999998579 ) ) ;
#407 = LINE ( 'NONE', #722, #2073 ) ;
#408 = DIRECTION ( 'NONE',  ( 1.000000000000000000, 3.469446951953614583E-15, -1.541976423090495880E-16 ) ) ;
#409 = ORIENTED_EDGE ( 'NONE', *, *, #445, .F. ) ;
#410 = CARTESIAN_POINT ( 'NONE',  ( 40.00000000000003553, 9.999999999999987566, 23.34999999999998721 ) ) ;
#411 = ORIENTED_EDGE ( 'NONE', *, *, #1812, .T. ) ;
#412 = DIRECTION ( 'NONE',  ( 1.000000000000000000, -3.469446951953587368E-15, 0.000000000000000000 ) ) ;
#413 = EDGE_CURVE ( 'NONE', #931, #2092, #570, .T. ) ;
#414 = DIRECTION ( 'NONE',  ( -0.000000000000000000, -1.000000000000000000, -0.000000000000000000 ) ) ;
#415 = CARTESIAN_POINT ( 'NONE',  ( 40.00000000000014921, 49.99999999999998579, -44.99999999999998579 ) ) ;
#416 = DIRECTION ( 'NONE',  ( 1.000000000000000000, 0.000000000000000000, 0.000000000000000000 ) ) ;
#417 = VERTEX_POINT ( 'NONE', #1910 ) ;
#418 = ORIENTED_EDGE ( 'NONE', *, *, #149, .F. ) ;
#419 = CARTESIAN_POINT ( 'NONE',  ( -36.00000000000009948, 24.99999999999998579, -1.526556658859589612E-14 ) ) ;
#420 = DIRECTION ( 'NONE',  ( -0.000000000000000000, -1.000000000000000000, -0.000000000000000000 ) ) ;
#421 = EDGE_CURVE ( 'NONE', #386, #1041, #677, .T. ) ;
#422 = ORIENTED_EDGE ( 'NONE', *, *, #634, .F. ) ;
#423 = DIRECTION ( 'NONE',  ( 1.000000000000000000, 3.469446951953614583E-15, -1.541976423090495880E-16 ) ) ;
#424 = CLOSED_SHELL ( 'NONE', ( #981, #1469, #769, #1150, #1293, #987, #218, #2135, #1237, #1075, #56, #470, #153, #1699, #637, #1612, #339, #2100, #1644, #835, #2009, #79, #1346, #241, #1381, #127, #669, #176, #190, #375, #2036, #1668, #1399, #65, #554, #1862, #1439, #860, #1444, #1474, #371, #807, #317, #1070, #454, #960, #868, #1838, #1353, #2023, #2003, #770, #2099, #214, #1447, #1718, #260, #1455, #1770, #1092, #2166, #1958, #1177, #1585 ) ) ;
#425 = CARTESIAN_POINT ( 'NONE',  ( 25.00000000000001066, -4.000000000000000000, -31.64999999999998437 ) ) ;
#426 = AXIS2_PLACEMENT_3D ( 'NONE', #1894, #1728, #233 ) ;
#427 = COORDINATED_UNIVERSAL_TIME_OFFSET ( 8, 0, .AHEAD. ) ;
#428 = AXIS2_PLACEMENT_3D ( 'NONE', #507, #1655, #165 ) ;
#429 = CARTESIAN_POINT ( 'NONE',  ( -36.00000000000002842, 0.9999999999999940048, -44.99999999999998579 ) ) ;
#430 = VERTEX_POINT ( 'NONE', #2051 ) ;
#431 = CYLINDRICAL_SURFACE ( 'NONE', #1122, 1.649999999999998579 ) ;
#432 = CIRCLE ( 'NONE', #1335, 1.649999999999998579 ) ;
#433 = AXIS2_PLACEMENT_3D ( 'NONE', #1406, #242, #2087 ) ;
#434 = VERTEX_POINT ( 'NONE', #1235 ) ;
#435 = CARTESIAN_POINT ( 'NONE',  ( -40.00000000000017764, 49.99999999999998579, 44.99999999999998579 ) ) ;
#436 = AXIS2_PLACEMENT_3D ( 'NONE', #689, #1348, #514 ) ;
#437 = EDGE_LOOP ( 'NONE', ( #1654, #1989 ) ) ;
#438 = AXIS2_PLACEMENT_3D ( 'NONE', #1969, #1657, #1991 ) ;
#439 = CARTESIAN_POINT ( 'NONE',  ( 0.000000000000000000, -4.000000000000000000, 0.000000000000000000 ) ) ;
#440 = CYLINDRICAL_SURFACE ( 'NONE', #1049, 1.649999999999988365 ) ;
#441 = ORIENTED_EDGE ( 'NONE', *, *, #777, .T. ) ;
#442 = ORIENTED_EDGE ( 'NONE', *, *, #1210, .F. ) ;
#443 = CARTESIAN_POINT ( 'NONE',  ( 36.00000000000012790, 39.99999999999998579, -23.35000000000001563 ) ) ;
#444 = EDGE_CURVE ( 'NONE', #1317, #1015, #1651, .T. ) ;
#445 = EDGE_CURVE ( 'NONE', #1414, #548, #2117, .T. ) ;
#446 = ORIENTED_EDGE ( 'NONE', *, *, #1183, .F. ) ;
#447 = FACE_OUTER_BOUND ( 'NONE', #1276, .T. ) ;
#448 = ORIENTED_EDGE ( 'NONE', *, *, #1531, .T. ) ;
#449 = DIRECTION ( 'NONE',  ( 0.000000000000000000, 1.000000000000000000, 0.000000000000000000 ) ) ;
#450 = CARTESIAN_POINT ( 'NONE',  ( -36.00000000000005684, 9.999999999999987566, -23.35000000000001563 ) ) ;
#451 = LINE ( 'NONE', #1124, #526 ) ;
#452 = ORIENTED_EDGE ( 'NONE', *, *, #832, .T. ) ;
#453 = ORIENTED_EDGE ( 'NONE', *, *, #697, .F. ) ;
#454 = ADVANCED_FACE ( 'NONE', ( #899 ), #383, .F. ) ;
#455 = DIRECTION ( 'NONE',  ( 1.000000000000000000, 3.491481338843134144E-15, 0.000000000000000000 ) ) ;
#456 = ORIENTED_EDGE ( 'NONE', *, *, #1698, .F. ) ;
#457 = LINE ( 'NONE', #1664, #1726 ) ;
#458 = VERTEX_POINT ( 'NONE', #1039 ) ;
#459 = CARTESIAN_POINT ( 'NONE',  ( 40.00000000000015632, 49.99999999999998579, -6.167905692362007777E-15 ) ) ;
#460 = DIRECTION ( 'NONE',  ( -0.000000000000000000, -1.000000000000000000, -0.000000000000000000 ) ) ;
#461 = PERSON_AND_ORGANIZATION ( #2013, #923 ) ;
#462 = DIRECTION ( 'NONE',  ( 0.000000000000000000, 0.000000000000000000, 1.000000000000000000 ) ) ;
#463 = ORIENTED_EDGE ( 'NONE', *, *, #22, .F. ) ;
#464 = CIRCLE ( 'NONE', #740, 1.649999999999988365 ) ;
#465 = DIRECTION ( 'NONE',  ( -4.205390244792263185E-15, -1.000000000000000000, 0.000000000000000000 ) ) ;
#466 = VECTOR ( 'NONE', #1609, 1000.000000000000000 ) ;
#467 = EDGE_LOOP ( 'NONE', ( #1295, #762 ) ) ;
#468 = AXIS2_PLACEMENT_3D ( 'NONE', #205, #1727, #1051 ) ;
#469 = DIRECTION ( 'NONE',  ( 0.000000000000000000, 1.000000000000000000, 0.000000000000000000 ) ) ;
#470 = ADVANCED_FACE ( 'NONE', ( #246 ), #908, .F. ) ;
#471 = AXIS2_PLACEMENT_3D ( 'NONE', #2121, #1083, #1615 ) ;
#472 = VERTEX_POINT ( 'NONE', #1376 ) ;
#473 = DIRECTION ( 'NONE',  ( 0.000000000000000000, 0.000000000000000000, -1.000000000000000000 ) ) ;
#474 = VECTOR ( 'NONE', #249, 1000.000000000000000 ) ;
#475 = EDGE_CURVE ( 'NONE', #1952, #2015, #888, .T. ) ;
#476 = EDGE_CURVE ( 'NONE', #2154, #823, #848, .T. ) ;
#477 = LINE ( 'NONE', #1641, #1796 ) ;
#478 = DATE_AND_TIME ( #1466, #1675 ) ;
#479 = VERTEX_POINT ( 'NONE', #920 ) ;
#480 = EDGE_LOOP ( 'NONE', ( #1848, #463 ) ) ;
#481 = LINE ( 'NONE', #1852, #1971 ) ;
#482 = EDGE_LOOP ( 'NONE', ( #1922, #1672, #1135, #456 ) ) ;
#483 = PLANE ( 'NONE',  #1234 ) ;
#484 = EDGE_LOOP ( 'NONE', ( #933, #1720, #1297, #2106 ) ) ;
#485 = DIRECTION ( 'NONE',  ( -1.541976423090495880E-16, 8.758115402030106693E-47, -1.000000000000000000 ) ) ;
#486 = DIRECTION ( 'NONE',  ( 1.000000000000000000, -0.000000000000000000, 1.541976423090495880E-16 ) ) ;
#487 = EDGE_CURVE ( 'NONE', #778, #808, #1756, .T. ) ;
#488 = ORIENTED_EDGE ( 'NONE', *, *, #1694, .T. ) ;
#489 = ORIENTED_EDGE ( 'NONE', *, *, #37, .T. ) ;
#490 = LINE ( 'NONE', #1824, #1300 ) ;
#491 = ORIENTED_EDGE ( 'NONE', *, *, #606, .T. ) ;
#492 = CARTESIAN_POINT ( 'NONE',  ( -40.00000000000000711, -4.000000000000000000, 45.00000000000000000 ) ) ;
#493 = VERTEX_POINT ( 'NONE', #1128 ) ;
#494 = CARTESIAN_POINT ( 'NONE',  ( -40.00000000000019185, 49.99999999999998579, -44.99999999999998579 ) ) ;
#495 = DIRECTION ( 'NONE',  ( 0.000000000000000000, 0.000000000000000000, -1.000000000000000000 ) ) ;
#496 = ORIENTED_EDGE ( 'NONE', *, *, #137, .T. ) ;
#497 = FACE_OUTER_BOUND ( 'NONE', #513, .T. ) ;
#498 = ORIENTED_EDGE ( 'NONE', *, *, #1777, .T. ) ;
#499 = DIRECTION ( 'NONE',  ( -0.000000000000000000, -1.000000000000000000, -0.000000000000000000 ) ) ;
#500 = CIRCLE ( 'NONE', #847, 1.000000000000007772 ) ;
#501 = AXIS2_PLACEMENT_3D ( 'NONE', #1981, #1140, #830 ) ;
#502 = VERTEX_POINT ( 'NONE', #1803 ) ;
#503 = CARTESIAN_POINT ( 'NONE',  ( 25.00000000000001066, -4.000000000000000000, 30.00000000000000355 ) ) ;
#504 = CIRCLE ( 'NONE', #1404, 5.000000000000007994 ) ;
#505 = CARTESIAN_POINT ( 'NONE',  ( -40.00000000000004974, 9.999999999999987566, -25.00000000000001421 ) ) ;
#506 = ORIENTED_EDGE ( 'NONE', *, *, #577, .F. ) ;
#507 = CARTESIAN_POINT ( 'NONE',  ( -24.99999999999998934, -4.000000000000000000, -29.99999999999999645 ) ) ;
#508 = VECTOR ( 'NONE', #1095, 1000.000000000000000 ) ;
#509 = ORIENTED_EDGE ( 'NONE', *, *, #1845, .F. ) ;
#510 = CARTESIAN_POINT ( 'NONE',  ( 1.040834085586084257E-14, -4.000000000000000000, -29.99999999999999645 ) ) ;
#511 = EDGE_CURVE ( 'NONE', #61, #472, #566, .T. ) ;
#512 = EDGE_CURVE ( 'NONE', #2154, #97, #1967, .T. ) ;
#513 = EDGE_LOOP ( 'NONE', ( #524, #845, #1865, #72 ) ) ;
#514 = DIRECTION ( 'NONE',  ( -1.000000000000000000, 0.000000000000000000, 0.000000000000000000 ) ) ;
#515 = CARTESIAN_POINT ( 'NONE',  ( -40.00000000000014211, 39.99999999999998579, 24.99999999999998579 ) ) ;
#516 = ORIENTED_EDGE ( 'NONE', *, *, #1008, .T. ) ;
#517 = CARTESIAN_POINT ( 'NONE',  ( 25.00000000000001066, -4.000000000000001776, -31.64999999999998437 ) ) ;
#518 = EDGE_CURVE ( 'NONE', #2092, #1553, #217, .T. ) ;
#519 = ORIENTED_EDGE ( 'NONE', *, *, #1416, .F. ) ;
#520 = DIRECTION ( 'NONE',  ( 1.541976423090495880E-16, 8.758115402030106693E-47, 1.000000000000000000 ) ) ;
#521 = DIRECTION ( 'NONE',  ( 0.000000000000000000, 0.000000000000000000, 1.000000000000000000 ) ) ;
#522 = ORIENTED_EDGE ( 'NONE', *, *, #1508, .T. ) ;
#523 = DIRECTION ( 'NONE',  ( 1.000000000000000000, -0.000000000000000000, 1.541976423090495880E-16 ) ) ;
#524 = ORIENTED_EDGE ( 'NONE', *, *, #326, .T. ) ;
#525 =( NAMED_UNIT ( * ) SI_UNIT ( $, .STERADIAN. ) SOLID_ANGLE_UNIT ( ) );
#526 = VECTOR ( 'NONE', #1457, 1000.000000000000000 ) ;
#527 = ORIENTED_EDGE ( 'NONE', *, *, #1046, .F. ) ;
#528 = VECTOR ( 'NONE', #1428, 1000.000000000000000 ) ;
#529 = CARTESIAN_POINT ( 'NONE',  ( -40.00000000000004974, 14.99999999999998934, 44.99999999999998579 ) ) ;
#530 = EDGE_CURVE ( 'NONE', #597, #1840, #1401, .T. ) ;
#531 = VECTOR ( 'NONE', #932, 1000.000000000000000 ) ;
#532 = FACE_BOUND ( 'NONE', #2066, .T. ) ;
#533 = EDGE_CURVE ( 'NONE', #726, #1642, #565, .T. ) ;
#534 = AXIS2_PLACEMENT_3D ( 'NONE', #811, #1640, #1117 ) ;
#535 = EDGE_CURVE ( 'NONE', #1980, #13, #2129, .T. ) ;
#536 = LINE ( 'NONE', #406, #1125 ) ;
#537 = CIRCLE ( 'NONE', #990, 1.649999999999998579 ) ;
#538 = APPROVAL_PERSON_ORGANIZATION ( #1087, #1597, #1099 ) ;
#539 = CARTESIAN_POINT ( 'NONE',  ( -36.00000000000005684, 9.999999999999987566, -26.65000000000001279 ) ) ;
#540 = CYLINDRICAL_SURFACE ( 'NONE', #1982, 1.649999999999988365 ) ;
#541 = EDGE_LOOP ( 'NONE', ( #572, #1281 ) ) ;
#542 = CARTESIAN_POINT ( 'NONE',  ( 36.00000000000007105, 24.99999999999998579, -1.526556658859590243E-14 ) ) ;
#543 = LINE ( 'NONE', #1446, #814 ) ;
#544 = DIRECTION ( 'NONE',  ( -1.000000000000000000, -0.000000000000000000, 1.541976423090495880E-16 ) ) ;
#545 = DIRECTION ( 'NONE',  ( 1.000000000000000000, 0.000000000000000000, 0.000000000000000000 ) ) ;
#546 = DIRECTION ( 'NONE',  ( -1.000000000000000000, -3.469446951953614583E-15, 1.541976423090495880E-16 ) ) ;
#547 = CARTESIAN_POINT ( 'NONE',  ( -40.00000000000003553, 9.999999999999987566, 26.64999999999998792 ) ) ;
#548 = VERTEX_POINT ( 'NONE', #443 ) ;
#549 = ORIENTED_EDGE ( 'NONE', *, *, #196, .F. ) ;
#550 = CARTESIAN_POINT ( 'NONE',  ( 40.00000000000014211, 39.99999999999998579, 26.64999999999998792 ) ) ;
#551 = LINE ( 'NONE', #1240, #603 ) ;
#552 = FACE_BOUND ( 'NONE', #1846, .T. ) ;
#553 = FACE_BOUND ( 'NONE', #2029, .T. ) ;
#554 = ADVANCED_FACE ( 'NONE', ( #307 ), #1778, .F. ) ;
#555 = PLANE ( 'NONE',  #426 ) ;
#556 = CYLINDRICAL_SURFACE ( 'NONE', #1861, 1.000000000000007772 ) ;
#557 = ORIENTED_EDGE ( 'NONE', *, *, #1636, .F. ) ;
#558 = ORIENTED_EDGE ( 'NONE', *, *, #129, .T. ) ;
#559 = DIRECTION ( 'NONE',  ( -1.000000000000000000, -0.000000000000000000, 1.541976423090495880E-16 ) ) ;
#560 = FACE_BOUND ( 'NONE', #625, .T. ) ;
#561 = PRODUCT ( 'part_yaobu_2', 'part_yaobu_2', '', ( #2102 ) ) ;
#562 = CIRCLE ( 'NONE', #1790, 1.649999999999988365 ) ;
#563 = EDGE_LOOP ( 'NONE', ( #282, #117, #280, #453 ) ) ;
#564 = DIRECTION ( 'NONE',  ( 0.000000000000000000, 0.000000000000000000, -1.000000000000000000 ) ) ;
#565 = CIRCLE ( 'NONE', #1364, 15.00000000000000000 ) ;
#566 = CIRCLE ( 'NONE', #1864, 1.649999999999998579 ) ;
#567 = CARTESIAN_POINT ( 'NONE',  ( 34.99999999999996447, -4.000000000000014211, -44.99999999999998579 ) ) ;
#568 = VECTOR ( 'NONE', #1178, 1000.000000000000000 ) ;
#569 = CARTESIAN_POINT ( 'NONE',  ( -35.00000000000002132, 0.9999999999999974465, 44.99999999999998579 ) ) ;
#570 = LINE ( 'NONE', #1200, #1334 ) ;
#571 = VECTOR ( 'NONE', #1440, 1000.000000000000000 ) ;
#572 = ORIENTED_EDGE ( 'NONE', *, *, #896, .F. ) ;
#573 = AXIS2_PLACEMENT_3D ( 'NONE', #1660, #2144, #473 ) ;
#574 = ORIENTED_EDGE ( 'NONE', *, *, #996, .F. ) ;
#575 = LINE ( 'NONE', #911, #474 ) ;
#576 = CIRCLE ( 'NONE', #2127, 1.649999999999989253 ) ;
#577 = EDGE_CURVE ( 'NONE', #548, #940, #1787, .T. ) ;
#578 = VERTEX_POINT ( 'NONE', #610 ) ;
#579 = FACE_OUTER_BOUND ( 'NONE', #399, .T. ) ;
#580 = CARTESIAN_POINT ( 'NONE',  ( -36.00000000000004263, 9.999999999999987566, 24.99999999999998579 ) ) ;
#581 = CARTESIAN_POINT ( 'NONE',  ( 1.040834085586084257E-14, -4.000000000000000000, 28.35000000000001563 ) ) ;
#582 = CARTESIAN_POINT ( 'NONE',  ( 40.00000000000014921, 49.99999999999998579, -44.99999999999998579 ) ) ;
#583 = EDGE_CURVE ( 'NONE', #1262, #430, #259, .T. ) ;
#584 = EDGE_LOOP ( 'NONE', ( #613, #1808 ) ) ;
#585 = ORIENTED_EDGE ( 'NONE', *, *, #1604, .T. ) ;
#586 = DIRECTION ( 'NONE',  ( 0.000000000000000000, 0.000000000000000000, 1.000000000000000000 ) ) ;
#587 = DIRECTION ( 'NONE',  ( 0.000000000000000000, 1.000000000000000000, 0.000000000000000000 ) ) ;
#588 = VERTEX_POINT ( 'NONE', #141 ) ;
#589 = FACE_OUTER_BOUND ( 'NONE', #608, .T. ) ;
#590 = DIRECTION ( 'NONE',  ( 0.000000000000000000, 1.000000000000000000, 0.000000000000000000 ) ) ;
#591 = PERSON_AND_ORGANIZATION_ROLE ( 'design_supplier' ) ;
#592 = DIRECTION ( 'NONE',  ( -1.000000000000000000, 0.000000000000000000, 1.541976423090495387E-16 ) ) ;
#593 = ORIENTED_EDGE ( 'NONE', *, *, #1845, .T. ) ;
#594 = DIRECTION ( 'NONE',  ( 0.000000000000000000, 0.000000000000000000, 1.000000000000000000 ) ) ;
#595 = PRODUCT_RELATED_PRODUCT_CATEGORY ( 'detail', '', ( #561 ) ) ;
#596 = ORIENTED_EDGE ( 'NONE', *, *, #673, .F. ) ;
#597 = VERTEX_POINT ( 'NONE', #806 ) ;
#598 = DIRECTION ( 'NONE',  ( 0.000000000000000000, 0.000000000000000000, 1.000000000000000000 ) ) ;
#599 = ORIENTED_EDGE ( 'NONE', *, *, #102, .T. ) ;
#600 = EDGE_CURVE ( 'NONE', #434, #2054, #2008, .T. ) ;
#601 = DIRECTION ( 'NONE',  ( 0.000000000000000000, -0.000000000000000000, 1.000000000000000000 ) ) ;
#602 = DIRECTION ( 'NONE',  ( 0.000000000000000000, 1.000000000000000000, 0.000000000000000000 ) ) ;
#603 = VECTOR ( 'NONE', #388, 1000.000000000000000 ) ;
#604 = CALENDAR_DATE ( 2026, 30, 7 ) ;
#605 = CC_DESIGN_PERSON_AND_ORGANIZATION_ASSIGNMENT ( #1799, #302, ( #2169 ) ) ;
#606 = EDGE_CURVE ( 'NONE', #833, #1317, #1459, .T. ) ;
#607 = VECTOR ( 'NONE', #664, 1000.000000000000000 ) ;
#608 = EDGE_LOOP ( 'NONE', ( #1592, #1362, #1116, #988 ) ) ;
#609 = ORIENTED_EDGE ( 'NONE', *, *, #1532, .F. ) ;
#610 = CARTESIAN_POINT ( 'NONE',  ( 39.99999999999997868, 0.9999999999999731326, -44.99999999999998579 ) ) ;
#611 = CIRCLE ( 'NONE', #220, 1.649999999999988365 ) ;
#612 = VECTOR ( 'NONE', #1454, 1000.000000000000000 ) ;
#613 = ORIENTED_EDGE ( 'NONE', *, *, #600, .F. ) ;
#614 = CARTESIAN_POINT ( 'NONE',  ( 25.00000000000001066, 0.000000000000000000, -29.99999999999999645 ) ) ;
#615 = EDGE_CURVE ( 'NONE', #635, #1980, #881, .T. ) ;
#616 = VECTOR ( 'NONE', #843, 1000.000000000000000 ) ;
#617 = ORIENTED_EDGE ( 'NONE', *, *, #2148, .F. ) ;
#618 = AXIS2_PLACEMENT_3D ( 'NONE', #1646, #1485, #2165 ) ;
#619 = FACE_BOUND ( 'NONE', #584, .T. ) ;
#620 = EDGE_CURVE ( 'NONE', #1833, #308, #2075, .T. ) ;
#621 = CARTESIAN_POINT ( 'NONE',  ( 1.040834085586084257E-14, -4.000000000000001776, -29.99999999999999645 ) ) ;
#622 = PERSON_AND_ORGANIZATION ( #2013, #923 ) ;
#623 = ORIENTED_EDGE ( 'NONE', *, *, #1999, .T. ) ;
#624 = DIRECTION ( 'NONE',  ( -4.205390244792263185E-15, -1.000000000000000000, 0.000000000000000000 ) ) ;
#625 = EDGE_LOOP ( 'NONE', ( #1939, #1924 ) ) ;
#626 = CYLINDRICAL_SURFACE ( 'NONE', #2088, 1.649999999999988365 ) ;
#627 = EDGE_LOOP ( 'NONE', ( #1653, #1405, #1934, #1856 ) ) ;
#628 = DIRECTION ( 'NONE',  ( 0.000000000000000000, 0.000000000000000000, -1.000000000000000000 ) ) ;
#629 = CARTESIAN_POINT ( 'NONE',  ( 25.00000000000001066, 0.000000000000000000, 31.64999999999999147 ) ) ;
#630 = DATE_AND_TIME ( #2126, #1765 ) ;
#631 = DIRECTION ( 'NONE',  ( -0.000000000000000000, -1.000000000000000000, -0.000000000000000000 ) ) ;
#632 = ORIENTED_EDGE ( 'NONE', *, *, #1372, .F. ) ;
#633 = DIRECTION ( 'NONE',  ( 1.000000000000000000, -0.000000000000000000, 1.541976423090495880E-16 ) ) ;
#634 = EDGE_CURVE ( 'NONE', #225, #247, #1752, .T. ) ;
#635 = VERTEX_POINT ( 'NONE', #1257 ) ;
#636 = CARTESIAN_POINT ( 'NONE',  ( 40.00000000000029843, 15.00000000000026645, 44.99999999999998579 ) ) ;
#637 = ADVANCED_FACE ( 'NONE', ( #281 ), #431, .F. ) ;
#638 = ORIENTED_EDGE ( 'NONE', *, *, #1797, .F. ) ;
#639 = FACE_OUTER_BOUND ( 'NONE', #662, .T. ) ;
#640 = FACE_OUTER_BOUND ( 'NONE', #2161, .T. ) ;
#641 = APPROVAL_ROLE ( '' ) ;
#642 = ORIENTED_EDGE ( 'NONE', *, *, #1902, .T. ) ;
#643 = ORIENTED_EDGE ( 'NONE', *, *, #896, .T. ) ;
#644 = CARTESIAN_POINT ( 'NONE',  ( -36.00000000000018474, 50.00000000000000000, 44.99999999999998579 ) ) ;
#645 = VECTOR ( 'NONE', #172, 1000.000000000000000 ) ;
#646 = EDGE_LOOP ( 'NONE', ( #1033, #164 ) ) ;
#647 = DIRECTION ( 'NONE',  ( -1.541976423090495387E-16, -5.349805401075656121E-31, -1.000000000000000000 ) ) ;
#648 = ORIENTED_EDGE ( 'NONE', *, *, #1744, .F. ) ;
#649 = CARTESIAN_POINT ( 'NONE',  ( 25.00000000000001066, -4.000000000000001776, 28.35000000000001563 ) ) ;
#650 = AXIS2_PLACEMENT_3D ( 'NONE', #1357, #1182, #1194 ) ;
#651 = EDGE_CURVE ( 'NONE', #1414, #729, #774, .T. ) ;
#652 = CIRCLE ( 'NONE', #1340, 1.649999999999998579 ) ;
#653 = CARTESIAN_POINT ( 'NONE',  ( -35.00000000000002132, 0.9999999999999974465, -44.99999999999998579 ) ) ;
#654 = VERTEX_POINT ( 'NONE', #1643 ) ;
#655 = EDGE_LOOP ( 'NONE', ( #890, #1224, #496, #262 ) ) ;
#656 = LINE ( 'NONE', #1998, #2153 ) ;
#657 = ORIENTED_EDGE ( 'NONE', *, *, #577, .T. ) ;
#658 = LINE ( 'NONE', #492, #714 ) ;
#659 = ORIENTED_EDGE ( 'NONE', *, *, #350, .F. ) ;
#660 = CARTESIAN_POINT ( 'NONE',  ( 40.00000000000000711, 0.9999999999999765743, 44.99999999999998579 ) ) ;
#661 = CYLINDRICAL_SURFACE ( 'NONE', #1229, 1.649999999999988365 ) ;
#662 = EDGE_LOOP ( 'NONE', ( #324, #1645, #1588, #162 ) ) ;
#663 = ORIENTED_EDGE ( 'NONE', *, *, #316, .T. ) ;
#664 = DIRECTION ( 'NONE',  ( -0.000000000000000000, -1.000000000000000000, -0.000000000000000000 ) ) ;
#665 = DIRECTION ( 'NONE',  ( 0.000000000000000000, 0.000000000000000000, -1.000000000000000000 ) ) ;
#666 = DIRECTION ( 'NONE',  ( -1.000000000000000000, -0.000000000000000000, 1.541976423090495880E-16 ) ) ;
#667 = ORIENTED_EDGE ( 'NONE', *, *, #1876, .T. ) ;
#668 = CYLINDRICAL_SURFACE ( 'NONE', #1483, 1.649999999999988365 ) ;
#669 = ADVANCED_FACE ( 'NONE', ( #4 ), #2162, .T. ) ;
#670 = CARTESIAN_POINT ( 'NONE',  ( -36.00000000000015632, 39.99999999999998579, 26.64999999999998792 ) ) ;
#671 = VERTEX_POINT ( 'NONE', #517 ) ;
#672 = DIRECTION ( 'NONE',  ( -0.000000000000000000, -1.000000000000000000, -0.000000000000000000 ) ) ;
#673 = EDGE_CURVE ( 'NONE', #458, #1806, #1682, .T. ) ;
#674 = EDGE_CURVE ( 'NONE', #869, #2154, #481, .T. ) ;
#675 = LINE ( 'NONE', #1174, #365 ) ;
#676 = AXIS2_PLACEMENT_3D ( 'NONE', #1037, #1714, #221 ) ;
#677 = CIRCLE ( 'NONE', #1479, 1.649999999999998579 ) ;
#678 = EDGE_LOOP ( 'NONE', ( #1759, #1433, #236, #841 ) ) ;
#679 = CARTESIAN_POINT ( 'NONE',  ( 40.00000000000003553, 9.999999999999987566, 24.99999999999998579 ) ) ;
#680 = CIRCLE ( 'NONE', #468, 1.649999999999998579 ) ;
#681 = VECTOR ( 'NONE', #2058, 1000.000000000000000 ) ;
#682 = FACE_OUTER_BOUND ( 'NONE', #180, .T. ) ;
#683 = AXIS2_PLACEMENT_3D ( 'NONE', #891, #1367, #1034 ) ;
#684 = VERTEX_POINT ( 'NONE', #353 ) ;
#685 = DIRECTION ( 'NONE',  ( -0.000000000000000000, -1.000000000000000000, -0.000000000000000000 ) ) ;
#686 = AXIS2_PLACEMENT_3D ( 'NONE', #101, #934, #831 ) ;
#687 = CARTESIAN_POINT ( 'NONE',  ( -24.99999999999998934, 0.000000000000000000, -29.99999999999999645 ) ) ;
#688 = EDGE_LOOP ( 'NONE', ( #506, #1139, #1522, #1417 ) ) ;
#689 = CARTESIAN_POINT ( 'NONE',  ( 34.99999999999999289, 0.9999999999999940048, 44.99999999999998579 ) ) ;
#690 = CARTESIAN_POINT ( 'NONE',  ( -35.00000000000001421, 0.000000000000000000, 45.00000000000000000 ) ) ;
#691 = EDGE_LOOP ( 'NONE', ( #913, #2160 ) ) ;
#692 = DIRECTION ( 'NONE',  ( 0.000000000000000000, 0.000000000000000000, -1.000000000000000000 ) ) ;
#693 = EDGE_CURVE ( 'NONE', #695, #1429, #1190, .T. ) ;
#694 = CARTESIAN_POINT ( 'NONE',  ( 0.000000000000000000, -4.000000000000001776, -1.649999999999989919 ) ) ;
#695 = VERTEX_POINT ( 'NONE', #1990 ) ;
#696 = DIRECTION ( 'NONE',  ( 1.000000000000000000, -0.000000000000000000, 1.541976423090495880E-16 ) ) ;
#697 = EDGE_CURVE ( 'NONE', #810, #994, #1499, .T. ) ;
#698 = EDGE_CURVE ( 'NONE', #654, #1105, #1441, .T. ) ;
#699 = FACE_BOUND ( 'NONE', #1003, .T. ) ;
#700 = CARTESIAN_POINT ( 'NONE',  ( 25.00000000000001066, 0.000000000000000000, 3.469446951953614189E-15 ) ) ;
#701 = DIRECTION ( 'NONE',  ( -1.000000000000000000, -3.469446951953587368E-15, 0.000000000000000000 ) ) ;
#702 = ORIENTED_EDGE ( 'NONE', *, *, #917, .T. ) ;
#703 = AXIS2_PLACEMENT_3D ( 'NONE', #1110, #1316, #1634 ) ;
#704 = CYLINDRICAL_SURFACE ( 'NONE', #1232, 1.649999999999998579 ) ;
#705 = CARTESIAN_POINT ( 'NONE',  ( -24.99999999999998934, -4.000000000000001776, 31.64999999999999147 ) ) ;
#706 = AXIS2_PLACEMENT_3D ( 'NONE', #179, #672, #2012 ) ;
#707 = EDGE_CURVE ( 'NONE', #2154, #578, #337, .T. ) ;
#708 = CARTESIAN_POINT ( 'NONE',  ( 25.00000000000001066, -4.000000000000000000, -29.99999999999999645 ) ) ;
#709 = CIRCLE ( 'NONE', #1302, 1.649999999999988365 ) ;
#710 = VECTOR ( 'NONE', #844, 1000.000000000000000 ) ;
#711 = PLANE ( 'NONE',  #45 ) ;
#712 = CIRCLE ( 'NONE', #1167, 1.649999999999998579 ) ;
#713 = FACE_BOUND ( 'NONE', #541, .T. ) ;
#714 = VECTOR ( 'NONE', #1073, 1000.000000000000000 ) ;
#715 = DIRECTION ( 'NONE',  ( 0.000000000000000000, 0.000000000000000000, -1.000000000000000000 ) ) ;
#716 = CARTESIAN_POINT ( 'NONE',  ( 40.00000000000004974, 9.999999999999987566, -26.65000000000001279 ) ) ;
#717 = ORIENTED_EDGE ( 'NONE', *, *, #1911, .F. ) ;
#718 = EDGE_LOOP ( 'NONE', ( #1568, #1706 ) ) ;
#719 = LINE ( 'NONE', #228, #1516 ) ;
#720 = FACE_BOUND ( 'NONE', #1986, .T. ) ;
#721 = DIRECTION ( 'NONE',  ( 0.000000000000000000, 0.000000000000000000, -1.000000000000000000 ) ) ;
#722 = CARTESIAN_POINT ( 'NONE',  ( 0.000000000000000000, -4.000000000000000000, -1.649999999999989253 ) ) ;
#723 = ADVANCED_BREP_SHAPE_REPRESENTATION ( 'part_yaobu_2', ( #3, #2017 ), #1168 ) ;
#724 = DIRECTION ( 'NONE',  ( -1.000000000000000000, 3.469446951953614583E-15, 1.541976423090495880E-16 ) ) ;
#725 = ORIENTED_EDGE ( 'NONE', *, *, #535, .T. ) ;
#726 = VERTEX_POINT ( 'NONE', #1684 ) ;
#727 = DIRECTION ( 'NONE',  ( -4.205390244792263185E-15, -1.000000000000000000, 0.000000000000000000 ) ) ;
#728 = CARTESIAN_POINT ( 'NONE',  ( -36.00000000000015632, 39.99999999999998579, -26.65000000000001279 ) ) ;
#729 = VERTEX_POINT ( 'NONE', #188 ) ;
#730 = DIRECTION ( 'NONE',  ( 0.000000000000000000, 0.000000000000000000, -1.000000000000000000 ) ) ;
#731 = CARTESIAN_POINT ( 'NONE',  ( 36.00000000000000711, 0.9999999999999904521, 44.99999999999998579 ) ) ;
#732 = FACE_OUTER_BOUND ( 'NONE', #1853, .T. ) ;
#733 = DIRECTION ( 'NONE',  ( -0.000000000000000000, -0.000000000000000000, -1.000000000000000000 ) ) ;
#734 = EDGE_CURVE ( 'NONE', #502, #1968, #1520, .T. ) ;
#735 = EDGE_CURVE ( 'NONE', #1223, #288, #1830, .T. ) ;
#736 = LINE ( 'NONE', #385, #1859 ) ;
#737 = EDGE_LOOP ( 'NONE', ( #341, #140, #2150, #750 ) ) ;
#738 = CARTESIAN_POINT ( 'NONE',  ( -36.00000000000015632, 39.99999999999998579, -25.00000000000001421 ) ) ;
#739 = CARTESIAN_POINT ( 'NONE',  ( 25.00000000000001066, -4.000000000000001776, -29.99999999999999645 ) ) ;
#740 = AXIS2_PLACEMENT_3D ( 'NONE', #304, #1559, #1393 ) ;
#741 = VERTEX_POINT ( 'NONE', #1482 ) ;
#742 = LINE ( 'NONE', #2098, #1835 ) ;
#743 = AXIS2_PLACEMENT_3D ( 'NONE', #1590, #2115, #624 ) ;
#744 = VECTOR ( 'NONE', #915, 1000.000000000000000 ) ;
#745 = CARTESIAN_POINT ( 'NONE',  ( -35.00000000000002132, 0.9999999999999974465, 44.99999999999998579 ) ) ;
#746 = EDGE_CURVE ( 'NONE', #99, #850, #656, .T. ) ;
#747 = DIRECTION ( 'NONE',  ( -0.000000000000000000, -1.000000000000000000, -0.000000000000000000 ) ) ;
#748 = DIRECTION ( 'NONE',  ( -1.000000000000000000, -0.000000000000000000, 1.541976423090495880E-16 ) ) ;
#749 = VECTOR ( 'NONE', #265, 1000.000000000000000 ) ;
#750 = ORIENTED_EDGE ( 'NONE', *, *, #224, .F. ) ;
#751 = ORIENTED_EDGE ( 'NONE', *, *, #816, .T. ) ;
#752 = LINE ( 'NONE', #1611, #21 ) ;
#753 = FACE_BOUND ( 'NONE', #336, .T. ) ;
#754 = EDGE_LOOP ( 'NONE', ( #1674, #1647, #488, #264 ) ) ;
#755 = DIRECTION ( 'NONE',  ( -0.000000000000000000, -0.000000000000000000, -1.000000000000000000 ) ) ;
#756 = CARTESIAN_POINT ( 'NONE',  ( 40.00000000000016342, 49.99999999999998579, 44.99999999999998579 ) ) ;
#757 = DIRECTION ( 'NONE',  ( -0.000000000000000000, -1.000000000000000000, -0.000000000000000000 ) ) ;
#758 = APPROVAL_DATE_TIME ( #95, #1464 ) ;
#759 = CARTESIAN_POINT ( 'NONE',  ( 39.99999999999999289, -1.396592535537253658E-14, 44.99999999999998579 ) ) ;
#760 = ORIENTED_EDGE ( 'NONE', *, *, #735, .T. ) ;
#761 = CARTESIAN_POINT ( 'NONE',  ( -40.00000000000014211, 39.99999999999998579, 24.99999999999998579 ) ) ;
#762 = ORIENTED_EDGE ( 'NONE', *, *, #1331, .F. ) ;
#763 = EDGE_CURVE ( 'NONE', #970, #1818, #490, .T. ) ;
#764 = ORIENTED_EDGE ( 'NONE', *, *, #735, .F. ) ;
#765 = CARTESIAN_POINT ( 'NONE',  ( 39.99999999999999289, 0.9999999999999800160, 44.99999999999998579 ) ) ;
#766 = DIRECTION ( 'NONE',  ( -1.000000000000000000, -3.469446951953606300E-15, 0.000000000000000000 ) ) ;
#767 = ORIENTED_EDGE ( 'NONE', *, *, #398, .T. ) ;
#768 = DIRECTION ( 'NONE',  ( 1.000000000000000000, -0.000000000000000000, 1.541976423090495880E-16 ) ) ;
#769 = ADVANCED_FACE ( 'NONE', ( #497 ), #980, .F. ) ;
#770 = ADVANCED_FACE ( 'NONE', ( #1160 ), #20, .F. ) ;
#771 = DIRECTION ( 'NONE',  ( 1.000000000000000000, 0.000000000000000000, 0.000000000000000000 ) ) ;
#772 = EDGE_LOOP ( 'NONE', ( #1458, #240 ) ) ;
#773 = ORIENTED_EDGE ( 'NONE', *, *, #1173, .F. ) ;
#774 = LINE ( 'NONE', #1434, #466 ) ;
#775 = ORIENTED_EDGE ( 'NONE', *, *, #1766, .F. ) ;
#776 = DIRECTION ( 'NONE',  ( 0.000000000000000000, 0.000000000000000000, -1.000000000000000000 ) ) ;
#777 = EDGE_CURVE ( 'NONE', #778, #1642, #1844, .T. ) ;
#778 = VERTEX_POINT ( 'NONE', #839 ) ;
#779 = DIRECTION ( 'NONE',  ( 0.000000000000000000, 0.000000000000000000, -1.000000000000000000 ) ) ;
#780 = CARTESIAN_POINT ( 'NONE',  ( 36.00000000000000000, -8.813754755809102555E-17, 44.99999999999998579 ) ) ;
#781 = DATE_AND_TIME ( #804, #2163 ) ;
#782 = AXIS2_PLACEMENT_3D ( 'NONE', #1739, #2091, #1537 ) ;
#783 = ORIENTED_EDGE ( 'NONE', *, *, #149, .T. ) ;
#784 = VERTEX_POINT ( 'NONE', #11 ) ;
#785 = CARTESIAN_POINT ( 'NONE',  ( 36.00000000000002132, 9.999999999999987566, -25.00000000000001421 ) ) ;
#786 = CIRCLE ( 'NONE', #983, 1.649999999999989919 ) ;
#787 = AXIS2_PLACEMENT_3D ( 'NONE', #1881, #2048, #521 ) ;
#788 = ORIENTED_EDGE ( 'NONE', *, *, #1678, .F. ) ;
#789 = DIRECTION ( 'NONE',  ( -4.205390244792263185E-15, -1.000000000000000000, 0.000000000000000000 ) ) ;
#790 = VECTOR ( 'NONE', #2108, 1000.000000000000000 ) ;
#791 = ORIENTED_EDGE ( 'NONE', *, *, #1324, .T. ) ;
#792 = FACE_BOUND ( 'NONE', #88, .T. ) ;
#793 = EDGE_CURVE ( 'NONE', #1471, #1818, #155, .T. ) ;
#794 = CYLINDRICAL_SURFACE ( 'NONE', #1085, 1.649999999999989253 ) ;
#795 = EDGE_LOOP ( 'NONE', ( #1966, #1096 ) ) ;
#796 = DIRECTION ( 'NONE',  ( 0.000000000000000000, 1.000000000000000000, 0.000000000000000000 ) ) ;
#797 = EDGE_CURVE ( 'NONE', #1947, #1528, #1002, .T. ) ;
#798 = ORIENTED_EDGE ( 'NONE', *, *, #620, .T. ) ;
#799 = CARTESIAN_POINT ( 'NONE',  ( -24.99999999999998934, -4.000000000000000000, -1.649999999999984812 ) ) ;
#800 = ORIENTED_EDGE ( 'NONE', *, *, #1557, .T. ) ;
#801 = CARTESIAN_POINT ( 'NONE',  ( 40.00000000000004974, 9.999999999999987566, -25.00000000000001421 ) ) ;
#802 = CARTESIAN_POINT ( 'NONE',  ( -40.00000000000003553, 9.999999999999987566, 24.99999999999998579 ) ) ;
#803 = DIRECTION ( 'NONE',  ( -0.000000000000000000, -1.000000000000000000, -0.000000000000000000 ) ) ;
#804 = CALENDAR_DATE ( 2026, 30, 7 ) ;
#805 = EDGE_LOOP ( 'NONE', ( #2110, #1961, #1972, #1188 ) ) ;
#806 = CARTESIAN_POINT ( 'NONE',  ( 36.00000000000012790, 39.99999999999998579, 26.64999999999998792 ) ) ;
#807 = ADVANCED_FACE ( 'NONE', ( #1507, #2040, #1892, #1549, #553, #391 ), #711, .T. ) ;
#808 = VERTEX_POINT ( 'NONE', #1231 ) ;
#809 = PLANE ( 'NONE',  #1548 ) ;
#810 = VERTEX_POINT ( 'NONE', #1696 ) ;
#811 = CARTESIAN_POINT ( 'NONE',  ( 39.99999999999999289, -1.396592535537253658E-14, 44.99999999999998579 ) ) ;
#812 = DIRECTION ( 'NONE',  ( 0.000000000000000000, 0.000000000000000000, -1.000000000000000000 ) ) ;
#813 = DIRECTION ( 'NONE',  ( 0.000000000000000000, 1.000000000000000000, 0.000000000000000000 ) ) ;
#814 = VECTOR ( 'NONE', #1269, 1000.000000000000000 ) ;
#815 = ORIENTED_EDGE ( 'NONE', *, *, #1557, .F. ) ;
#816 = EDGE_CURVE ( 'NONE', #588, #1591, #1014, .T. ) ;
#817 = DIRECTION ( 'NONE',  ( 1.000000000000000000, 3.469446951953614583E-15, -1.541976423090495880E-16 ) ) ;
#818 = VECTOR ( 'NONE', #1090, 1000.000000000000000 ) ;
#819 = ORIENTED_EDGE ( 'NONE', *, *, #1509, .T. ) ;
#820 = CIRCLE ( 'NONE', #1898, 1.649999999999988365 ) ;
#821 = CARTESIAN_POINT ( 'NONE',  ( 1.040834085586084257E-14, 0.000000000000000000, -29.99999999999999645 ) ) ;
#822 = VECTOR ( 'NONE', #1703, 1000.000000000000000 ) ;
#823 = VERTEX_POINT ( 'NONE', #1535 ) ;
#824 = CARTESIAN_POINT ( 'NONE',  ( -40.00000000000009948, 24.99999999999998579, 1.649999999999983924 ) ) ;
#825 = AXIS2_PLACEMENT_3D ( 'NONE', #542, #1709, #727 ) ;
#826 = CC_DESIGN_APPROVAL ( #1597, ( #1486 ) ) ;
#827 = DIRECTION ( 'NONE',  ( 0.000000000000000000, 0.000000000000000000, 1.000000000000000000 ) ) ;
#828 = VERTEX_POINT ( 'NONE', #567 ) ;
#829 = CC_DESIGN_DATE_AND_TIME_ASSIGNMENT ( #478, #1279, ( #1093 ) ) ;
#830 = DIRECTION ( 'NONE',  ( 0.000000000000000000, 0.000000000000000000, -1.000000000000000000 ) ) ;
#831 = DIRECTION ( 'NONE',  ( 0.000000000000000000, 0.000000000000000000, -1.000000000000000000 ) ) ;
#832 = EDGE_CURVE ( 'NONE', #833, #778, #536, .T. ) ;
#833 = VERTEX_POINT ( 'NONE', #77 ) ;
#834 = CARTESIAN_POINT ( 'NONE',  ( -40.00000000000018474, 49.99999999999998579, 6.167905692362012510E-15 ) ) ;
#835 = ADVANCED_FACE ( 'NONE', ( #872, #1712, #363, #2072, #243, #906 ), #1063, .F. ) ;
#836 = EDGE_CURVE ( 'NONE', #1429, #695, #2156, .T. ) ;
#837 = DIRECTION ( 'NONE',  ( 0.000000000000000000, 0.000000000000000000, -1.000000000000000000 ) ) ;
#838 = ORIENTED_EDGE ( 'NONE', *, *, #993, .T. ) ;
#839 = CARTESIAN_POINT ( 'NONE',  ( -40.00000000000000711, 0.9999999999999800160, 44.99999999999998579 ) ) ;
#840 = FACE_OUTER_BOUND ( 'NONE', #1492, .T. ) ;
#841 = ORIENTED_EDGE ( 'NONE', *, *, #1863, .F. ) ;
#842 = EDGE_CURVE ( 'NONE', #977, #1633, #680, .T. ) ;
#843 = DIRECTION ( 'NONE',  ( -0.000000000000000000, -1.000000000000000000, -0.000000000000000000 ) ) ;
#844 = DIRECTION ( 'NONE',  ( -1.000000000000000000, -0.000000000000000000, -0.000000000000000000 ) ) ;
#845 = ORIENTED_EDGE ( 'NONE', *, *, #286, .T. ) ;
#846 = DIRECTION ( 'NONE',  ( -1.541976423090495880E-16, 8.758115402030106693E-47, -1.000000000000000000 ) ) ;
#847 = AXIS2_PLACEMENT_3D ( 'NONE', #1255, #1909, #382 ) ;
#848 = CIRCLE ( 'NONE', #1264, 1.000000000000007772 ) ;
#849 = AXIS2_PLACEMENT_3D ( 'NONE', #36, #1394, #232 ) ;
#850 = VERTEX_POINT ( 'NONE', #2030 ) ;
#851 = PLANE ( 'NONE',  #650 ) ;
#852 = AXIS2_PLACEMENT_3D ( 'NONE', #580, #1918, #1954 ) ;
#853 = CARTESIAN_POINT ( 'NONE',  ( -24.99999999999998934, -4.000000000000000000, 3.469446951953614189E-15 ) ) ;
#854 = AXIS2_PLACEMENT_3D ( 'NONE', #419, #2095, #1068 ) ;
#855 = EDGE_CURVE ( 'NONE', #479, #318, #1542, .T. ) ;
#856 = EDGE_LOOP ( 'NONE', ( #788, #156, #1484, #1662 ) ) ;
#857 = DIRECTION ( 'NONE',  ( 1.000000000000000000, -0.000000000000000000, 1.541976423090495880E-16 ) ) ;
#858 = CIRCLE ( 'NONE', #1411, 1.649999999999998579 ) ;
#859 = EDGE_CURVE ( 'NONE', #909, #1637, #158, .T. ) ;
#860 = ADVANCED_FACE ( 'NONE', ( #1875 ), #865, .T. ) ;
#861 = CYLINDRICAL_SURFACE ( 'NONE', #1198, 1.649999999999998579 ) ;
#862 = ORIENTED_EDGE ( 'NONE', *, *, #1744, .T. ) ;
#863 = DIRECTION ( 'NONE',  ( 0.000000000000000000, 0.000000000000000000, -1.000000000000000000 ) ) ;
#864 = CARTESIAN_POINT ( 'NONE',  ( 40.00000000000029843, 15.00000000000026645, 44.99999999999998579 ) ) ;
#865 = CYLINDRICAL_SURFACE ( 'NONE', #849, 5.000000000000011546 ) ;
#866 = CARTESIAN_POINT ( 'NONE',  ( 36.00000000000002842, 9.999999999999987566, 24.99999999999998579 ) ) ;
#867 = ORIENTED_EDGE ( 'NONE', *, *, #1797, .T. ) ;
#868 = ADVANCED_FACE ( 'NONE', ( #2060 ), #44, .F. ) ;
#869 = VERTEX_POINT ( 'NONE', #731 ) ;
#870 = LINE ( 'NONE', #1530, #1804 ) ;
#871 = CARTESIAN_POINT ( 'NONE',  ( -24.99999999999998934, -4.000000000000001776, 28.35000000000001563 ) ) ;
#872 = FACE_BOUND ( 'NONE', #979, .T. ) ;
#873 = FACE_BOUND ( 'NONE', #1823, .T. ) ;
#874 = DIRECTION ( 'NONE',  ( 1.000000000000000000, 3.469446951953614583E-15, -1.541976423090495880E-16 ) ) ;
#875 = CARTESIAN_POINT ( 'NONE',  ( -40.00000000000015632, 39.99999999999998579, -25.00000000000001421 ) ) ;
#876 = VECTOR ( 'NONE', #1213, 1000.000000000000000 ) ;
#877 = EDGE_LOOP ( 'NONE', ( #310, #767, #1607, #998 ) ) ;
#878 = EDGE_LOOP ( 'NONE', ( #1236, #1813, #838, #133 ) ) ;
#879 = CIRCLE ( 'NONE', #1222, 1.649999999999998579 ) ;
#880 = CARTESIAN_POINT ( 'NONE',  ( 1.040834085586084257E-14, 0.000000000000000000, 28.35000000000001563 ) ) ;
#881 = CIRCLE ( 'NONE', #184, 1.649999999999998579 ) ;
#882 = CARTESIAN_POINT ( 'NONE',  ( 0.000000000000000000, 0.000000000000000000, 0.000000000000000000 ) ) ;
#883 = AXIS2_PLACEMENT_3D ( 'NONE', #882, #370, #1028 ) ;
#884 = CARTESIAN_POINT ( 'NONE',  ( 1.061040757772015493E-14, -4.000000000000001776, 31.64999999999999147 ) ) ;
#885 = AXIS2_PLACEMENT_3D ( 'NONE', #1809, #311, #1477 ) ;
#886 = CARTESIAN_POINT ( 'NONE',  ( 36.00000000000012790, 39.99999999999998579, -25.00000000000001421 ) ) ;
#887 = CIRCLE ( 'NONE', #1586, 1.649999999999998579 ) ;
#888 = LINE ( 'NONE', #547, #1161 ) ;
#889 = CARTESIAN_POINT ( 'NONE',  ( 36.00000000000007105, 24.99999999999998579, -1.526556658859590243E-14 ) ) ;
#890 = ORIENTED_EDGE ( 'NONE', *, *, #903, .F. ) ;
#891 = CARTESIAN_POINT ( 'NONE',  ( -40.00000000000014211, 39.99999999999998579, 24.99999999999998579 ) ) ;
#892 = CARTESIAN_POINT ( 'NONE',  ( 25.00000000000001066, -4.000000000000000000, 3.469446951953614189E-15 ) ) ;
#893 = ORIENTED_EDGE ( 'NONE', *, *, #1573, .T. ) ;
#894 = CARTESIAN_POINT ( 'NONE',  ( -24.99999999999998934, 0.000000000000000000, -31.64999999999998437 ) ) ;
#895 = EDGE_CURVE ( 'NONE', #994, #850, #504, .T. ) ;
#896 = EDGE_CURVE ( 'NONE', #1105, #654, #1191, .T. ) ;
#897 = CARTESIAN_POINT ( 'NONE',  ( -35.00000000000002132, 0.9999999999999974465, -44.99999999999998579 ) ) ;
#898 = FACE_OUTER_BOUND ( 'NONE', #1767, .T. ) ;
#899 = FACE_OUTER_BOUND ( 'NONE', #737, .T. ) ;
#900 = DIRECTION ( 'NONE',  ( -4.205390244792263185E-15, -1.000000000000000000, 0.000000000000000000 ) ) ;
#901 = ORIENTED_EDGE ( 'NONE', *, *, #476, .F. ) ;
#902 = DIRECTION ( 'NONE',  ( 1.000000000000000000, 3.469446951953614583E-15, -1.541976423090495880E-16 ) ) ;
#903 = EDGE_CURVE ( 'NONE', #1214, #909, #1207, .T. ) ;
#904 = ORIENTED_EDGE ( 'NONE', *, *, #1368, .F. ) ;
#905 = FACE_BOUND ( 'NONE', #2004, .T. ) ;
#906 = FACE_BOUND ( 'NONE', #1449, .T. ) ;
#907 = PLANE ( 'NONE',  #1398 ) ;
#908 = CYLINDRICAL_SURFACE ( 'NONE', #16, 1.649999999999998579 ) ;
#909 = VERTEX_POINT ( 'NONE', #884 ) ;
#910 = ORIENTED_EDGE ( 'NONE', *, *, #2000, .T. ) ;
#911 = CARTESIAN_POINT ( 'NONE',  ( -36.00000000000002842, -8.813754755809102555E-17, -44.99999999999998579 ) ) ;
#912 = AXIS2_PLACEMENT_3D ( 'NONE', #569, #2056, #766 ) ;
#913 = ORIENTED_EDGE ( 'NONE', *, *, #326, .F. ) ;
#914 = CARTESIAN_POINT ( 'NONE',  ( 25.00000000000001066, -4.000000000000000000, 3.469446951953614189E-15 ) ) ;
#915 = DIRECTION ( 'NONE',  ( 1.000000000000000000, -0.000000000000000000, 1.541976423090495880E-16 ) ) ;
#916 = PERSON_AND_ORGANIZATION ( #2013, #923 ) ;
#917 = EDGE_CURVE ( 'NONE', #493, #1948, #611, .T. ) ;
#918 = CARTESIAN_POINT ( 'NONE',  ( -36.00000000000002132, -1.387778780781446433E-13, 5.551115123125787435E-15 ) ) ;
#919 = ORIENTED_EDGE ( 'NONE', *, *, #1858, .F. ) ;
#920 = CARTESIAN_POINT ( 'NONE',  ( 40.00000000000009948, 24.99999999999998579, 1.649999999999984146 ) ) ;
#921 = AXIS2_PLACEMENT_3D ( 'NONE', #1225, #1923, #776 ) ;
#922 = ORIENTED_EDGE ( 'NONE', *, *, #381, .T. ) ;
#923 = ORGANIZATION ( '未', '未', '' ) ;
#924 = EDGE_CURVE ( 'NONE', #1342, #671, #1783, .T. ) ;
#925 = EDGE_CURVE ( 'NONE', #472, #1498, #1927, .T. ) ;
#926 = ORIENTED_EDGE ( 'NONE', *, *, #1573, .F. ) ;
#927 = LINE ( 'NONE', #1593, #508 ) ;
#928 = ORIENTED_EDGE ( 'NONE', *, *, #1974, .T. ) ;
#929 = LINE ( 'NONE', #1569, #1129 ) ;
#930 = DIRECTION ( 'NONE',  ( -1.000000000000000000, -0.000000000000000000, 1.541976423090495880E-16 ) ) ;
#931 = VERTEX_POINT ( 'NONE', #279 ) ;
#932 = DIRECTION ( 'NONE',  ( 1.000000000000000000, -0.000000000000000000, 1.541976423090495880E-16 ) ) ;
#933 = ORIENTED_EDGE ( 'NONE', *, *, #398, .F. ) ;
#934 = DIRECTION ( 'NONE',  ( -0.000000000000000000, -1.000000000000000000, -0.000000000000000000 ) ) ;
#935 = EDGE_LOOP ( 'NONE', ( #1400, #1639, #1622, #71 ) ) ;
#936 = CARTESIAN_POINT ( 'NONE',  ( 40.00000000000014211, 39.99999999999998579, 23.34999999999998721 ) ) ;
#937 = CARTESIAN_POINT ( 'NONE',  ( 0.000000000000000000, -4.000000000000000000, 0.000000000000000000 ) ) ;
#938 = VERTEX_POINT ( 'NONE', #1244 ) ;
#939 = DIRECTION ( 'NONE',  ( -1.000000000000000000, -0.000000000000000000, 1.541976423090495880E-16 ) ) ;
#940 = VERTEX_POINT ( 'NONE', #1121 ) ;
#941 = CARTESIAN_POINT ( 'NONE',  ( 40.00000000000009948, 24.99999999999998579, 1.649999999999983924 ) ) ;
#942 = EDGE_CURVE ( 'NONE', #2033, #1460, #1748, .T. ) ;
#943 = VERTEX_POINT ( 'NONE', #94 ) ;
#944 = LINE ( 'NONE', #269, #571 ) ;
#945 = FACE_OUTER_BOUND ( 'NONE', #961, .T. ) ;
#946 = APPROVAL_STATUS ( 'not_yet_approved' ) ;
#947 = AXIS2_PLACEMENT_3D ( 'NONE', #1077, #796, #2139 ) ;
#948 = ORIENTED_EDGE ( 'NONE', *, *, #836, .F. ) ;
#949 = DIRECTION ( 'NONE',  ( -3.469446951953614583E-15, 1.000000000000000000, -0.000000000000000000 ) ) ;
#950 = AXIS2_PLACEMENT_3D ( 'NONE', #160, #322, #992 ) ;
#951 = VECTOR ( 'NONE', #204, 1000.000000000000000 ) ;
#952 = FACE_OUTER_BOUND ( 'NONE', #403, .T. ) ;
#953 = VECTOR ( 'NONE', #1059, 1000.000000000000000 ) ;
#954 = EDGE_LOOP ( 'NONE', ( #2120, #574 ) ) ;
#955 = CIRCLE ( 'NONE', #401, 1.649999999999988365 ) ;
#956 = DIRECTION ( 'NONE',  ( 0.000000000000000000, 0.000000000000000000, 1.000000000000000000 ) ) ;
#957 = LINE ( 'NONE', #301, #1511 ) ;
#958 = CARTESIAN_POINT ( 'NONE',  ( 0.000000000000000000, 0.000000000000000000, 0.000000000000000000 ) ) ;
#959 = CARTESIAN_POINT ( 'NONE',  ( 40.00000000000009948, 24.99999999999998579, -1.650000000000013456 ) ) ;
#960 = ADVANCED_FACE ( 'NONE', ( #287 ), #1943, .F. ) ;
#961 = EDGE_LOOP ( 'NONE', ( #1481, #1701, #1286, #1351 ) ) ;
#962 = CARTESIAN_POINT ( 'NONE',  ( -40.00000000000018474, 49.99999999999998579, -44.99999999999998579 ) ) ;
#963 = ORIENTED_EDGE ( 'NONE', *, *, #1074, .T. ) ;
#964 = CARTESIAN_POINT ( 'NONE',  ( 25.00000000000001066, -4.000000000000001776, 1.649999999999991696 ) ) ;
#965 = ORIENTED_EDGE ( 'NONE', *, *, #1985, .F. ) ;
#966 = FACE_OUTER_BOUND ( 'NONE', #2113, .T. ) ;
#967 = EDGE_CURVE ( 'NONE', #2116, #1730, #786, .T. ) ;
#968 = CARTESIAN_POINT ( 'NONE',  ( -24.99999999999998934, -4.000000000000001776, -1.649999999999984812 ) ) ;
#969 = ORIENTED_EDGE ( 'NONE', *, *, #1252, .T. ) ;
#970 = VERTEX_POINT ( 'NONE', #629 ) ;
#971 = DIRECTION ( 'NONE',  ( 1.000000000000000000, 3.469446951953614583E-15, -1.541976423090495880E-16 ) ) ;
#972 = ORIENTED_EDGE ( 'NONE', *, *, #1313, .T. ) ;
#973 = DIRECTION ( 'NONE',  ( -1.000000000000000000, 0.000000000000000000, 1.541976423090495387E-16 ) ) ;
#974 = ORIENTED_EDGE ( 'NONE', *, *, #1424, .F. ) ;
#975 = FACE_OUTER_BOUND ( 'NONE', #251, .T. ) ;
#976 = FACE_OUTER_BOUND ( 'NONE', #106, .T. ) ;
#977 = VERTEX_POINT ( 'NONE', #253 ) ;
#978 = CIRCLE ( 'NONE', #1574, 1.649999999999998579 ) ;
#979 = EDGE_LOOP ( 'NONE', ( #609, #1993 ) ) ;
#980 = CYLINDRICAL_SURFACE ( 'NONE', #428, 1.649999999999988365 ) ;
#981 = ADVANCED_FACE ( 'NONE', ( #1798 ), #794, .F. ) ;
#982 = AXIS2_PLACEMENT_3D ( 'NONE', #325, #971, #1326 ) ;
#983 = AXIS2_PLACEMENT_3D ( 'NONE', #1431, #1596, #1963 ) ;
#984 = DIRECTION ( 'NONE',  ( -1.000000000000000000, 3.469446951953614583E-15, 1.541976423090495880E-16 ) ) ;
#985 = EDGE_CURVE ( 'NONE', #1378, #850, #957, .T. ) ;
#986 = CIRCLE ( 'NONE', #1656, 1.649999999999998579 ) ;
#987 = ADVANCED_FACE ( 'NONE', ( #945 ), #440, .F. ) ;
#988 = ORIENTED_EDGE ( 'NONE', *, *, #1532, .T. ) ;
#989 = DIRECTION ( 'NONE',  ( -0.000000000000000000, -1.000000000000000000, -0.000000000000000000 ) ) ;
#990 = AXIS2_PLACEMENT_3D ( 'NONE', #738, #902, #1415 ) ;
#991 = AXIS2_PLACEMENT_3D ( 'NONE', #201, #2024, #173 ) ;
#992 = DIRECTION ( 'NONE',  ( 3.700743415417188731E-15, -1.000000000000000000, 0.000000000000000000 ) ) ;
#993 = EDGE_CURVE ( 'NONE', #1553, #869, #2134, .T. ) ;
#994 = VERTEX_POINT ( 'NONE', #1617 ) ;
#995 = DIRECTION ( 'NONE',  ( 0.000000000000000000, 0.000000000000000000, -1.000000000000000000 ) ) ;
#996 = EDGE_CURVE ( 'NONE', #1628, #1594, #432, .T. ) ;
#997 = DIRECTION ( 'NONE',  ( -0.000000000000000000, -1.000000000000000000, -0.000000000000000000 ) ) ;
#998 = ORIENTED_EDGE ( 'NONE', *, *, #1605, .F. ) ;
#999 = LINE ( 'NONE', #1667, #616 ) ;
#1000 = CARTESIAN_POINT ( 'NONE',  ( 25.00000000000001066, -4.000000000000000000, -29.99999999999999645 ) ) ;
#1001 = VERTEX_POINT ( 'NONE', #1631 ) ;
#1002 = LINE ( 'NONE', #1673, #332 ) ;
#1003 = EDGE_LOOP ( 'NONE', ( #764, #114 ) ) ;
#1004 = CARTESIAN_POINT ( 'NONE',  ( 40.00000000000015632, 39.99999999999998579, -25.00000000000001421 ) ) ;
#1005 = EDGE_CURVE ( 'NONE', #833, #1274, #261, .T. ) ;
#1006 = CC_DESIGN_APPROVAL ( #1464, ( #1093 ) ) ;
#1007 = CYLINDRICAL_SURFACE ( 'NONE', #263, 1.649999999999988365 ) ;
#1008 = EDGE_CURVE ( 'NONE', #1079, #1801, #709, .T. ) ;
#1009 = VERTEX_POINT ( 'NONE', #1266 ) ;
#1010 = CARTESIAN_POINT ( 'NONE',  ( 35.99999999999997868, 0.9999999999999870104, -44.99999999999998579 ) ) ;
#1011 = CIRCLE ( 'NONE', #1261, 1.649999999999998579 ) ;
#1012 = DIRECTION ( 'NONE',  ( 0.000000000000000000, 1.000000000000000000, 0.000000000000000000 ) ) ;
#1013 = AXIS2_PLACEMENT_3D ( 'NONE', #1180, #857, #315 ) ;
#1014 = CIRCLE ( 'NONE', #1758, 1.649999999999988365 ) ;
#1015 = VERTEX_POINT ( 'NONE', #2125 ) ;
#1016 = LINE ( 'NONE', #212, #191 ) ;
#1017 = AXIS2_PLACEMENT_3D ( 'NONE', #1071, #768, #779 ) ;
#1018 = LINE ( 'NONE', #2035, #1504 ) ;
#1019 = CIRCLE ( 'NONE', #2044, 1.649999999999988365 ) ;
#1020 = LINE ( 'NONE', #195, #822 ) ;
#1021 = ORIENTED_EDGE ( 'NONE', *, *, #993, .F. ) ;
#1022 = DIRECTION ( 'NONE',  ( -3.469446951953614583E-15, -1.000000000000000000, 0.000000000000000000 ) ) ;
#1023 = EDGE_CURVE ( 'NONE', #741, #943, #820, .T. ) ;
#1024 = PLANE ( 'NONE',  #78 ) ;
#1025 = DIRECTION ( 'NONE',  ( 0.000000000000000000, 0.000000000000000000, 1.000000000000000000 ) ) ;
#1026 = ORIENTED_EDGE ( 'NONE', *, *, #445, .T. ) ;
#1027 = CARTESIAN_POINT ( 'NONE',  ( 34.99999999999999289, -4.000000000000000000, 44.99999999999998579 ) ) ;
#1028 = DIRECTION ( 'NONE',  ( 0.000000000000000000, 0.000000000000000000, 1.000000000000000000 ) ) ;
#1029 = DIRECTION ( 'NONE',  ( 0.000000000000000000, 0.000000000000000000, 1.000000000000000000 ) ) ;
#1030 = DIRECTION ( 'NONE',  ( -4.205390244792263185E-15, 1.000000000000000000, 0.000000000000000000 ) ) ;
#1031 = CARTESIAN_POINT ( 'NONE',  ( -24.99999999999998934, 0.000000000000000000, -28.35000000000000853 ) ) ;
#1032 = ORIENTED_EDGE ( 'NONE', *, *, #207, .T. ) ;
#1033 = ORIENTED_EDGE ( 'NONE', *, *, #1925, .F. ) ;
#1034 = DIRECTION ( 'NONE',  ( 0.000000000000000000, 0.000000000000000000, 1.000000000000000000 ) ) ;
#1035 = CARTESIAN_POINT ( 'NONE',  ( 40.00000000000018474, 45.00000000000026290, 44.99999999999998579 ) ) ;
#1036 = DIRECTION ( 'NONE',  ( -1.000000000000000000, -3.469446951953614978E-15, 1.541976423090495387E-16 ) ) ;
#1037 = CARTESIAN_POINT ( 'NONE',  ( 40.00000000000015632, 39.99999999999998579, -25.00000000000001421 ) ) ;
#1038 = EDGE_CURVE ( 'NONE', #2097, #1952, #360, .T. ) ;
#1039 = CARTESIAN_POINT ( 'NONE',  ( -36.00000000000009948, 24.99999999999998579, 1.649999999999983480 ) ) ;
#1040 = DIRECTION ( 'NONE',  ( -3.469446951953614583E-15, 1.000000000000000000, -0.000000000000000000 ) ) ;
#1041 = VERTEX_POINT ( 'NONE', #450 ) ;
#1042 = CIRCLE ( 'NONE', #1120, 1.649999999999998579 ) ;
#1043 = CYLINDRICAL_SURFACE ( 'NONE', #1546, 1.649999999999988365 ) ;
#1044 = UNCERTAINTY_MEASURE_WITH_UNIT (LENGTH_MEASURE( 1.000000000000000082E-05 ), #2032, 'distance_accuracy_value', 'NONE');
#1045 = DIRECTION ( 'NONE',  ( 0.000000000000000000, 0.000000000000000000, -1.000000000000000000 ) ) ;
#1046 = EDGE_CURVE ( 'NONE', #1591, #588, #2041, .T. ) ;
#1047 = VECTOR ( 'NONE', #1294, 1000.000000000000000 ) ;
#1048 = CARTESIAN_POINT ( 'NONE',  ( -40.00000000000004974, 9.999999999999987566, -23.35000000000001563 ) ) ;
#1049 = AXIS2_PLACEMENT_3D ( 'NONE', #2112, #1086, #1456 ) ;
#1050 = AXIS2_PLACEMENT_3D ( 'NONE', #1829, #1850, #812 ) ;
#1051 = DIRECTION ( 'NONE',  ( 0.000000000000000000, 0.000000000000000000, 1.000000000000000000 ) ) ;
#1052 = VECTOR ( 'NONE', #1260, 1000.000000000000000 ) ;
#1053 = DIRECTION ( 'NONE',  ( -1.000000000000000000, 3.469446951953614583E-15, 1.541976423090495880E-16 ) ) ;
#1054 = APPROVAL_PERSON_ORGANIZATION ( #113, #1769, #641 ) ;
#1055 = CARTESIAN_POINT ( 'NONE',  ( -36.00000000000012790, 30.00000000000000355, 44.99999999999997868 ) ) ;
#1056 = EDGE_CURVE ( 'NONE', #1594, #1628, #1480, .T. ) ;
#1057 = ORIENTED_EDGE ( 'NONE', *, *, #793, .T. ) ;
#1058 = ORIENTED_EDGE ( 'NONE', *, *, #917, .F. ) ;
#1059 = DIRECTION ( 'NONE',  ( 1.000000000000000000, -3.469446951953614978E-15, -1.541976423090495387E-16 ) ) ;
#1060 = FACE_OUTER_BOUND ( 'NONE', #1127, .T. ) ;
#1061 = ORIENTED_EDGE ( 'NONE', *, *, #1395, .T. ) ;
#1062 = FACE_OUTER_BOUND ( 'NONE', #1867, .T. ) ;
#1063 = PLANE ( 'NONE',  #186 ) ;
#1064 = CARTESIAN_POINT ( 'NONE',  ( 36.00000000000002132, 9.999999999999987566, -26.65000000000001279 ) ) ;
#1065 = LINE ( 'NONE', #1397, #1932 ) ;
#1066 = ORIENTED_EDGE ( 'NONE', *, *, #1368, .T. ) ;
#1067 = ORIENTED_EDGE ( 'NONE', *, *, #1331, .T. ) ;
#1068 = DIRECTION ( 'NONE',  ( -4.205390244792263185E-15, 1.000000000000000000, 0.000000000000000000 ) ) ;
#1069 = ORIENTED_EDGE ( 'NONE', *, *, #1372, .T. ) ;
#1070 = ADVANCED_FACE ( 'NONE', ( #640 ), #313, .F. ) ;
#1071 = CARTESIAN_POINT ( 'NONE',  ( 40.00000000000009948, 24.99999999999998579, -1.464877601935970260E-14 ) ) ;
#1072 = DIRECTION ( 'NONE',  ( 0.000000000000000000, 0.000000000000000000, -1.000000000000000000 ) ) ;
#1073 = DIRECTION ( 'NONE',  ( 1.000000000000000000, 0.000000000000000000, 0.000000000000000000 ) ) ;
#1074 = EDGE_CURVE ( 'NONE', #1009, #1690, #1341, .T. ) ;
#1075 = ADVANCED_FACE ( 'NONE', ( #170 ), #1842, .F. ) ;
#1076 = CARTESIAN_POINT ( 'NONE',  ( 0.000000000000000000, -4.000000000000001776, 0.000000000000000000 ) ) ;
#1077 = CARTESIAN_POINT ( 'NONE',  ( -24.99999999999998934, 0.000000000000000000, 30.00000000000000355 ) ) ;
#1078 = ORIENTED_EDGE ( 'NONE', *, *, #746, .F. ) ;
#1079 = VERTEX_POINT ( 'NONE', #2007 ) ;
#1080 = LINE ( 'NONE', #941, #1052 ) ;
#1081 = AXIS2_PLACEMENT_3D ( 'NONE', #305, #1344, #665 ) ;
#1082 = VERTEX_POINT ( 'NONE', #968 ) ;
#1083 = DIRECTION ( 'NONE',  ( -1.000000000000000000, -0.000000000000000000, 1.541976423090495880E-16 ) ) ;
#1084 = AXIS2_PLACEMENT_3D ( 'NONE', #1834, #1172, #995 ) ;
#1085 = AXIS2_PLACEMENT_3D ( 'NONE', #937, #757, #1278 ) ;
#1086 = DIRECTION ( 'NONE',  ( -0.000000000000000000, -1.000000000000000000, -0.000000000000000000 ) ) ;
#1087 = PERSON_AND_ORGANIZATION ( #2013, #923 ) ;
#1088 = CARTESIAN_POINT ( 'NONE',  ( 40.00000000000003553, 9.999999999999987566, 24.99999999999998579 ) ) ;
#1089 = ORIENTED_EDGE ( 'NONE', *, *, #1023, .F. ) ;
#1090 = DIRECTION ( 'NONE',  ( -1.000000000000000000, -0.000000000000000000, 1.541976423090495880E-16 ) ) ;
#1091 = CIRCLE ( 'NONE', #226, 1.649999999999998579 ) ;
#1092 = ADVANCED_FACE ( 'NONE', ( #682 ), #661, .F. ) ;
#1093 = SECURITY_CLASSIFICATION ( '', '', #139 ) ;
#1094 = ORIENTED_EDGE ( 'NONE', *, *, #244, .T. ) ;
#1095 = DIRECTION ( 'NONE',  ( -0.000000000000000000, -1.000000000000000000, -0.000000000000000000 ) ) ;
#1096 = ORIENTED_EDGE ( 'NONE', *, *, #2124, .F. ) ;
#1097 = FACE_BOUND ( 'NONE', #1159, .T. ) ;
#1098 = DIRECTION ( 'NONE',  ( -0.000000000000000000, -1.000000000000000000, -0.000000000000000000 ) ) ;
#1099 = APPROVAL_ROLE ( '' ) ;
#1100 = EDGE_LOOP ( 'NONE', ( #2137, #1328, #963, #1422 ) ) ;
#1101 = VERTEX_POINT ( 'NONE', #1670 ) ;
#1102 = CARTESIAN_POINT ( 'NONE',  ( -40.00000000000015632, 39.99999999999998579, -26.65000000000001279 ) ) ;
#1103 = ORIENTED_EDGE ( 'NONE', *, *, #196, .T. ) ;
#1104 = DIRECTION ( 'NONE',  ( 0.000000000000000000, 1.000000000000000000, 0.000000000000000000 ) ) ;
#1105 = VERTEX_POINT ( 'NONE', #670 ) ;
#1106 = CARTESIAN_POINT ( 'NONE',  ( -24.99999999999998934, -4.000000000000001776, -28.35000000000000853 ) ) ;
#1107 = CARTESIAN_POINT ( 'NONE',  ( 25.00000000000001066, -4.000000000000001776, 3.469446951953614189E-15 ) ) ;
#1108 = COORDINATED_UNIVERSAL_TIME_OFFSET ( 8, 0, .AHEAD. ) ;
#1109 = ORIENTED_EDGE ( 'NONE', *, *, #1145, .T. ) ;
#1110 = CARTESIAN_POINT ( 'NONE',  ( -40.00000000000004974, 9.999999999999987566, -25.00000000000001421 ) ) ;
#1111 = ORIENTED_EDGE ( 'NONE', *, *, #1974, .F. ) ;
#1112 = CARTESIAN_POINT ( 'NONE',  ( -40.00000000000010658, 29.99999999999998934, 44.99999999999997868 ) ) ;
#1113 = EDGE_CURVE ( 'NONE', #810, #99, #2119, .T. ) ;
#1114 = ORIENTED_EDGE ( 'NONE', *, *, #1526, .F. ) ;
#1115 = CARTESIAN_POINT ( 'NONE',  ( -40.00000000000017764, 49.99999999999998579, 44.99999999999998579 ) ) ;
#1116 = ORIENTED_EDGE ( 'NONE', *, *, #1707, .T. ) ;
#1117 = DIRECTION ( 'NONE',  ( -1.000000000000000000, 0.000000000000000000, 1.541976423090495387E-16 ) ) ;
#1118 = EDGE_CURVE ( 'NONE', #2167, #1498, #18, .T. ) ;
#1119 = EDGE_CURVE ( 'NONE', #2001, #741, #477, .T. ) ;
#1120 = AXIS2_PLACEMENT_3D ( 'NONE', #1919, #81, #394 ) ;
#1121 = CARTESIAN_POINT ( 'NONE',  ( 40.00000000000015632, 39.99999999999998579, -23.35000000000001563 ) ) ;
#1122 = AXIS2_PLACEMENT_3D ( 'NONE', #274, #939, #1271 ) ;
#1123 = APPROVAL_DATE_TIME ( #630, #1597 ) ;
#1124 = CARTESIAN_POINT ( 'NONE',  ( -40.00000000000002132, -4.000000000000000000, -45.00000000000000000 ) ) ;
#1125 = VECTOR ( 'NONE', #1036, 1000.000000000000000 ) ;
#1126 = EDGE_LOOP ( 'NONE', ( #969, #19, #1032, #1284 ) ) ;
#1127 = EDGE_LOOP ( 'NONE', ( #147, #549, #1933, #2085 ) ) ;
#1128 = CARTESIAN_POINT ( 'NONE',  ( 25.00000000000001066, -4.000000000000001776, -1.649999999999984812 ) ) ;
#1129 = VECTOR ( 'NONE', #628, 1000.000000000000000 ) ;
#1130 = AXIS2_PLACEMENT_3D ( 'NONE', #853, #27, #564 ) ;
#1131 = EDGE_LOOP ( 'NONE', ( #411, #1871, #893, #1514 ) ) ;
#1132 = DIRECTION ( 'NONE',  ( 1.000000000000000000, -0.000000000000000000, 1.541976423090495880E-16 ) ) ;
#1133 = EDGE_CURVE ( 'NONE', #2054, #434, #1337, .T. ) ;
#1134 = CIRCLE ( 'NONE', #266, 1.649999999999988365 ) ;
#1135 = ORIENTED_EDGE ( 'NONE', *, *, #693, .T. ) ;
#1136 = DIRECTION ( 'NONE',  ( 0.000000000000000000, 0.000000000000000000, -1.000000000000000000 ) ) ;
#1137 = LINE ( 'NONE', #1977, #710 ) ;
#1138 = ORIENTED_EDGE ( 'NONE', *, *, #511, .T. ) ;
#1139 = ORIENTED_EDGE ( 'NONE', *, *, #154, .T. ) ;
#1140 = DIRECTION ( 'NONE',  ( -0.000000000000000000, -1.000000000000000000, -0.000000000000000000 ) ) ;
#1141 = EDGE_LOOP ( 'NONE', ( #344, #1575, #1109, #1495 ) ) ;
#1142 = DIRECTION ( 'NONE',  ( -1.000000000000000000, 0.000000000000000000, 1.541976423090495387E-16 ) ) ;
#1143 = ORIENTED_EDGE ( 'NONE', *, *, #1283, .F. ) ;
#1144 = CARTESIAN_POINT ( 'NONE',  ( 36.00000000000002132, 9.999999999999987566, -25.00000000000001421 ) ) ;
#1145 = EDGE_CURVE ( 'NONE', #578, #1460, #1314, .T. ) ;
#1146 = DIRECTION ( 'NONE',  ( -0.000000000000000000, -1.000000000000000000, -0.000000000000000000 ) ) ;
#1147 = ORIENTED_EDGE ( 'NONE', *, *, #1038, .T. ) ;
#1148 = ORIENTED_EDGE ( 'NONE', *, *, #17, .F. ) ;
#1149 = DIRECTION ( 'NONE',  ( 6.938893903907173946E-15, -1.000000000000000000, 0.000000000000000000 ) ) ;
#1150 = ADVANCED_FACE ( 'NONE', ( #976 ), #1465, .F. ) ;
#1151 = EDGE_CURVE ( 'NONE', #823, #810, #1137, .T. ) ;
#1152 = ORIENTED_EDGE ( 'NONE', *, *, #2064, .F. ) ;
#1153 = FACE_OUTER_BOUND ( 'NONE', #1786, .T. ) ;
#1154 = ORIENTED_EDGE ( 'NONE', *, *, #2124, .T. ) ;
#1155 = CARTESIAN_POINT ( 'NONE',  ( 36.00000000000004263, 15.00000000000025224, 44.99999999999998579 ) ) ;
#1156 = DIRECTION ( 'NONE',  ( 0.000000000000000000, 0.000000000000000000, -1.000000000000000000 ) ) ;
#1157 = EDGE_CURVE ( 'NONE', #1633, #977, #1761, .T. ) ;
#1158 = AXIS2_PLACEMENT_3D ( 'NONE', #1217, #1890, #1349 ) ;
#1159 = EDGE_LOOP ( 'NONE', ( #2079, #66 ) ) ;
#1160 = FACE_OUTER_BOUND ( 'NONE', #688, .T. ) ;
#1161 = VECTOR ( 'NONE', #748, 1000.000000000000000 ) ;
#1162 = AXIS2_PLACEMENT_3D ( 'NONE', #653, #1156, #1503 ) ;
#1163 = CARTESIAN_POINT ( 'NONE',  ( 1.040834085586084257E-14, 0.000000000000000000, -31.64999999999998437 ) ) ;
#1164 = CIRCLE ( 'NONE', #299, 1.649999999999998579 ) ;
#1165 = ORIENTED_EDGE ( 'NONE', *, *, #295, .F. ) ;
#1166 = DIRECTION ( 'NONE',  ( -4.205390244792263185E-15, -1.000000000000000000, 0.000000000000000000 ) ) ;
#1167 = AXIS2_PLACEMENT_3D ( 'NONE', #1311, #1298, #14 ) ;
#1168 =( GEOMETRIC_REPRESENTATION_CONTEXT ( 3 ) GLOBAL_UNCERTAINTY_ASSIGNED_CONTEXT ( ( #1044 ) ) GLOBAL_UNIT_ASSIGNED_CONTEXT ( ( #2032, #2052, #525 ) ) REPRESENTATION_CONTEXT ( 'NONE', 'WORKASPACE' ) );
#1169 = LINE ( 'NONE', #41, #1195 ) ;
#1170 = DIRECTION ( 'NONE',  ( -3.491481338843134144E-15, -1.000000000000000000, 5.383781906156552198E-31 ) ) ;
#1171 = EDGE_LOOP ( 'NONE', ( #1202, #1843, #2147, #702 ) ) ;
#1172 = DIRECTION ( 'NONE',  ( 1.000000000000000000, -0.000000000000000000, 1.541976423090495880E-16 ) ) ;
#1173 = EDGE_CURVE ( 'NONE', #430, #1388, #86, .T. ) ;
#1174 = CARTESIAN_POINT ( 'NONE',  ( 40.00000000000018474, 45.00000000000026290, 44.99999999999997158 ) ) ;
#1175 = ORIENTED_EDGE ( 'NONE', *, *, #1118, .F. ) ;
#1176 = DIRECTION ( 'NONE',  ( 0.000000000000000000, 0.000000000000000000, -1.000000000000000000 ) ) ;
#1177 = ADVANCED_FACE ( 'NONE', ( #1478 ), #1007, .F. ) ;
#1178 = DIRECTION ( 'NONE',  ( -6.938893903907173946E-15, -1.000000000000000000, 0.000000000000000000 ) ) ;
#1179 = ORIENTED_EDGE ( 'NONE', *, *, #985, .T. ) ;
#1180 = CARTESIAN_POINT ( 'NONE',  ( 40.00000000000014211, 39.99999999999998579, 24.99999999999998579 ) ) ;
#1181 = ORIENTED_EDGE ( 'NONE', *, *, #797, .T. ) ;
#1182 = DIRECTION ( 'NONE',  ( 1.541976423090495387E-16, 5.349805401075656121E-31, 1.000000000000000000 ) ) ;
#1183 = EDGE_CURVE ( 'NONE', #1637, #909, #361, .T. ) ;
#1184 = CARTESIAN_POINT ( 'NONE',  ( 36.00000000000007105, 24.99999999999998579, 1.649999999999983480 ) ) ;
#1185 = ORIENTED_EDGE ( 'NONE', *, *, #57, .F. ) ;
#1186 = CARTESIAN_POINT ( 'NONE',  ( 1.040834085586084257E-14, -4.000000000000001776, 30.00000000000000355 ) ) ;
#1187 = CIRCLE ( 'NONE', #1437, 15.00000000000000000 ) ;
#1188 = ORIENTED_EDGE ( 'NONE', *, *, #1206, .F. ) ;
#1189 = DIRECTION ( 'NONE',  ( 0.000000000000000000, 1.000000000000000000, 0.000000000000000000 ) ) ;
#1190 = CIRCLE ( 'NONE', #1013, 1.649999999999998579 ) ;
#1191 = CIRCLE ( 'NONE', #1975, 1.649999999999998579 ) ;
#1192 = ORIENTED_EDGE ( 'NONE', *, *, #967, .F. ) ;
#1193 = EDGE_CURVE ( 'NONE', #823, #828, #1169, .T. ) ;
#1194 = DIRECTION ( 'NONE',  ( 1.000000000000000000, 0.000000000000000000, -1.541976423090495387E-16 ) ) ;
#1195 = VECTOR ( 'NONE', #1874, 1000.000000000000000 ) ;
#1196 = VECTOR ( 'NONE', #1215, 1000.000000000000000 ) ;
#1197 = CARTESIAN_POINT ( 'NONE',  ( 1.061040757772015493E-14, 0.000000000000000000, 31.64999999999999147 ) ) ;
#1198 = AXIS2_PLACEMENT_3D ( 'NONE', #875, #23, #1025 ) ;
#1199 = DIRECTION ( 'NONE',  ( -0.000000000000000000, -1.000000000000000000, -0.000000000000000000 ) ) ;
#1200 = CARTESIAN_POINT ( 'NONE',  ( 36.00000000000000000, -8.813754755809102555E-17, 44.99999999999998579 ) ) ;
#1201 = CARTESIAN_POINT ( 'NONE',  ( -40.00000000000003553, 9.999999999999987566, 23.34999999999998721 ) ) ;
#1202 = ORIENTED_EDGE ( 'NONE', *, *, #7, .F. ) ;
#1203 = CC_DESIGN_PERSON_AND_ORGANIZATION_ASSIGNMENT ( #622, #2146, ( #1093 ) ) ;
#1204 = DIRECTION ( 'NONE',  ( 1.000000000000000000, -0.000000000000000000, 1.541976423090495880E-16 ) ) ;
#1205 = LINE ( 'NONE', #1035, #681 ) ;
#1206 = EDGE_CURVE ( 'NONE', #1041, #1633, #1534, .T. ) ;
#1207 = LINE ( 'NONE', #380, #1365 ) ;
#1208 = DIRECTION ( 'NONE',  ( 3.700743415417188731E-15, -1.000000000000000000, 0.000000000000000000 ) ) ;
#1209 = CARTESIAN_POINT ( 'NONE',  ( 0.000000000000000000, 0.000000000000000000, -1.649999999999989253 ) ) ;
#1210 = EDGE_CURVE ( 'NONE', #684, #225, #2122, .T. ) ;
#1211 = EDGE_CURVE ( 'NONE', #2092, #100, #1205, .T. ) ;
#1212 = CARTESIAN_POINT ( 'NONE',  ( -24.99999999999998934, 0.000000000000000000, 3.469446951953614189E-15 ) ) ;
#1213 = DIRECTION ( 'NONE',  ( -0.000000000000000000, -1.000000000000000000, -0.000000000000000000 ) ) ;
#1214 = VERTEX_POINT ( 'NONE', #1197 ) ;
#1215 = DIRECTION ( 'NONE',  ( 1.000000000000000000, -0.000000000000000000, 1.541976423090495880E-16 ) ) ;
#1216 = FACE_OUTER_BOUND ( 'NONE', #856, .T. ) ;
#1217 = CARTESIAN_POINT ( 'NONE',  ( 1.040834085586084257E-14, -4.000000000000000000, -29.99999999999999645 ) ) ;
#1218 = PLANE ( 'NONE',  #1545 ) ;
#1219 = DIRECTION ( 'NONE',  ( -4.205390244792263185E-15, 1.000000000000000000, 0.000000000000000000 ) ) ;
#1220 = DIRECTION ( 'NONE',  ( 1.000000000000000000, 0.000000000000000000, -0.000000000000000000 ) ) ;
#1221 = CARTESIAN_POINT ( 'NONE',  ( 40.00000000000004974, 9.999999999999987566, -25.00000000000001421 ) ) ;
#1222 = AXIS2_PLACEMENT_3D ( 'NONE', #1088, #46, #69 ) ;
#1223 = VERTEX_POINT ( 'NONE', #871 ) ;
#1224 = ORIENTED_EDGE ( 'NONE', *, *, #1820, .T. ) ;
#1225 = CARTESIAN_POINT ( 'NONE',  ( 1.040834085586084257E-14, -4.000000000000000000, 30.00000000000000355 ) ) ;
#1226 = FACE_BOUND ( 'NONE', #718, .T. ) ;
#1227 = ORIENTED_EDGE ( 'NONE', *, *, #1243, .F. ) ;
#1228 = CYLINDRICAL_SURFACE ( 'NONE', #1130, 1.649999999999988365 ) ;
#1229 = AXIS2_PLACEMENT_3D ( 'NONE', #1000, #803, #2020 ) ;
#1230 = AXIS2_PLACEMENT_3D ( 'NONE', #2171, #177, #495 ) ;
#1231 = CARTESIAN_POINT ( 'NONE',  ( -34.99999999999999289, -4.000000000000010658, 44.99999999999998579 ) ) ;
#1232 = AXIS2_PLACEMENT_3D ( 'NONE', #369, #182, #2055 ) ;
#1233 = FACE_BOUND ( 'NONE', #1755, .T. ) ;
#1234 = AXIS2_PLACEMENT_3D ( 'NONE', #1115, #5, #973 ) ;
#1235 = CARTESIAN_POINT ( 'NONE',  ( -40.00000000000014211, 39.99999999999998579, 26.64999999999998792 ) ) ;
#1236 = ORIENTED_EDGE ( 'NONE', *, *, #942, .F. ) ;
#1237 = ADVANCED_FACE ( 'NONE', ( #1693 ), #1228, .F. ) ;
#1238 = EDGE_LOOP ( 'NONE', ( #773, #284 ) ) ;
#1239 = LINE ( 'NONE', #435, #1625 ) ;
#1240 = CARTESIAN_POINT ( 'NONE',  ( 34.99999999999999289, -1.387778780781445676E-14, -44.99999999999998579 ) ) ;
#1241 = ORIENTED_EDGE ( 'NONE', *, *, #1473, .T. ) ;
#1242 = PLANE ( 'NONE',  #2080 ) ;
#1243 = EDGE_CURVE ( 'NONE', #366, #1256, #123, .T. ) ;
#1244 = CARTESIAN_POINT ( 'NONE',  ( 1.061040757772015493E-14, 0.000000000000000000, -28.35000000000000853 ) ) ;
#1245 = FACE_OUTER_BOUND ( 'NONE', #348, .T. ) ;
#1246 = DIRECTION ( 'NONE',  ( -1.000000000000000000, -0.000000000000000000, 1.541976423090495880E-16 ) ) ;
#1247 = EDGE_LOOP ( 'NONE', ( #446, #2053 ) ) ;
#1248 = ORIENTED_EDGE ( 'NONE', *, *, #842, .F. ) ;
#1249 = FACE_OUTER_BOUND ( 'NONE', #655, .T. ) ;
#1250 = EDGE_LOOP ( 'NONE', ( #516, #667, #489, #306 ) ) ;
#1251 = FACE_OUTER_BOUND ( 'NONE', #187, .T. ) ;
#1252 = EDGE_CURVE ( 'NONE', #1274, #810, #1020, .T. ) ;
#1253 = DIRECTION ( 'NONE',  ( 0.000000000000000000, 0.000000000000000000, 1.000000000000000000 ) ) ;
#1254 = DIRECTION ( 'NONE',  ( 1.000000000000000000, 0.000000000000000000, 0.000000000000000000 ) ) ;
#1255 = CARTESIAN_POINT ( 'NONE',  ( 34.99999999999999289, 0.9999999999999940048, 44.99999999999998579 ) ) ;
#1256 = VERTEX_POINT ( 'NONE', #231 ) ;
#1257 = CARTESIAN_POINT ( 'NONE',  ( 36.00000000000002842, 9.999999999999987566, 23.34999999999998721 ) ) ;
#1258 = ORIENTED_EDGE ( 'NONE', *, *, #1863, .T. ) ;
#1259 = ORIENTED_EDGE ( 'NONE', *, *, #518, .T. ) ;
#1260 = DIRECTION ( 'NONE',  ( 1.000000000000000000, -0.000000000000000000, 1.541976423090495880E-16 ) ) ;
#1261 = AXIS2_PLACEMENT_3D ( 'NONE', #802, #1246, #1729 ) ;
#1262 = VERTEX_POINT ( 'NONE', #894 ) ;
#1263 = DIRECTION ( 'NONE',  ( -0.000000000000000000, -1.000000000000000000, -0.000000000000000000 ) ) ;
#1264 = AXIS2_PLACEMENT_3D ( 'NONE', #1551, #733, #1468 ) ;
#1265 = AXIS2_PLACEMENT_3D ( 'NONE', #745, #1419, #771 ) ;
#1266 = CARTESIAN_POINT ( 'NONE',  ( 34.99999999999999289, -1.387778780781445676E-14, 44.99999999999998579 ) ) ;
#1267 = PERSON_AND_ORGANIZATION_ROLE ( 'design_owner' ) ;
#1268 = AXIS2_PLACEMENT_3D ( 'NONE', #67, #1558, #1371 ) ;
#1269 = DIRECTION ( 'NONE',  ( -1.000000000000000000, -0.000000000000000000, 1.541976423090495880E-16 ) ) ;
#1270 = ORIENTED_EDGE ( 'NONE', *, *, #674, .F. ) ;
#1271 = DIRECTION ( 'NONE',  ( 0.000000000000000000, 0.000000000000000000, 1.000000000000000000 ) ) ;
#1272 = AXIS2_PLACEMENT_3D ( 'NONE', #89, #73, #1402 ) ;
#1273 = CIRCLE ( 'NONE', #438, 1.649999999999988365 ) ;
#1274 = VERTEX_POINT ( 'NONE', #690 ) ;
#1275 = CARTESIAN_POINT ( 'NONE',  ( 25.00000000000001066, 0.000000000000000000, 30.00000000000000355 ) ) ;
#1276 = EDGE_LOOP ( 'NONE', ( #1165, #1292, #1432, #130 ) ) ;
#1277 = DIRECTION ( 'NONE',  ( -1.000000000000000000, 0.000000000000000000, 0.000000000000000000 ) ) ;
#1278 = DIRECTION ( 'NONE',  ( 0.000000000000000000, 0.000000000000000000, -1.000000000000000000 ) ) ;
#1279 = DATE_TIME_ROLE ( 'classification_date' ) ;
#1280 = ORIENTED_EDGE ( 'NONE', *, *, #1118, .T. ) ;
#1281 = ORIENTED_EDGE ( 'NONE', *, *, #698, .F. ) ;
#1282 = CARTESIAN_POINT ( 'NONE',  ( 36.00000000000015632, 50.00000000000000000, -44.99999999999998579 ) ) ;
#1283 = EDGE_CURVE ( 'NONE', #2033, #1553, #404, .T. ) ;
#1284 = ORIENTED_EDGE ( 'NONE', *, *, #1005, .T. ) ;
#1285 = LINE ( 'NONE', #167, #2047 ) ;
#1286 = ORIENTED_EDGE ( 'NONE', *, *, #859, .T. ) ;
#1287 = FACE_OUTER_BOUND ( 'NONE', #563, .T. ) ;
#1288 = DIRECTION ( 'NONE',  ( 0.000000000000000000, 0.000000000000000000, 1.000000000000000000 ) ) ;
#1289 = CALENDAR_DATE ( 2026, 30, 7 ) ;
#1290 = CARTESIAN_POINT ( 'NONE',  ( -40.00000000000017764, 49.99999999999998579, 44.99999999999998579 ) ) ;
#1291 = DIRECTION ( 'NONE',  ( 0.000000000000000000, 0.000000000000000000, -1.000000000000000000 ) ) ;
#1292 = ORIENTED_EDGE ( 'NONE', *, *, #421, .T. ) ;
#1293 = ADVANCED_FACE ( 'NONE', ( #1350 ), #1711, .F. ) ;
#1294 = DIRECTION ( 'NONE',  ( -0.000000000000000000, -1.000000000000000000, -0.000000000000000000 ) ) ;
#1295 = ORIENTED_EDGE ( 'NONE', *, *, #1999, .F. ) ;
#1296 = CARTESIAN_POINT ( 'NONE',  ( 36.00000000000002842, 9.999999999999987566, 26.64999999999998792 ) ) ;
#1297 = ORIENTED_EDGE ( 'NONE', *, *, #1605, .T. ) ;
#1298 = DIRECTION ( 'NONE',  ( 1.000000000000000000, -0.000000000000000000, 1.541976423090495880E-16 ) ) ;
#1299 = CARTESIAN_POINT ( 'NONE',  ( 39.99999999999999289, 0.9999999999999800160, 44.99999999999998579 ) ) ;
#1300 = VECTOR ( 'NONE', #685, 1000.000000000000000 ) ;
#1301 = COORDINATED_UNIVERSAL_TIME_OFFSET ( 8, 0, .AHEAD. ) ;
#1302 = AXIS2_PLACEMENT_3D ( 'NONE', #112, #602, #1763 ) ;
#1303 = DIRECTION ( 'NONE',  ( -4.205390244792263185E-15, -1.000000000000000000, 0.000000000000000000 ) ) ;
#1304 = AXIS2_PLACEMENT_3D ( 'NONE', #1517, #1906, #215 ) ;
#1305 = CIRCLE ( 'NONE', #436, 5.000000000000007994 ) ;
#1306 = EDGE_LOOP ( 'NONE', ( #1425, #2141, #197, #1057 ) ) ;
#1307 = CARTESIAN_POINT ( 'NONE',  ( 36.00000000000012790, 39.99999999999998579, 24.99999999999998579 ) ) ;
#1308 = CC_DESIGN_APPROVAL ( #1769, ( #2169 ) ) ;
#1309 = EDGE_CURVE ( 'NONE', #1948, #493, #159, .T. ) ;
#1310 = ORIENTED_EDGE ( 'NONE', *, *, #2140, .F. ) ;
#1311 = CARTESIAN_POINT ( 'NONE',  ( 40.00000000000009948, 24.99999999999998579, -1.464877601935970260E-14 ) ) ;
#1312 = EDGE_CURVE ( 'NONE', #1388, #430, #1723, .T. ) ;
#1313 = EDGE_CURVE ( 'NONE', #940, #729, #1164, .T. ) ;
#1314 = LINE ( 'NONE', #1299, #223 ) ;
#1315 = EDGE_LOOP ( 'NONE', ( #617, #2070 ) ) ;
#1316 = DIRECTION ( 'NONE',  ( -1.000000000000000000, -0.000000000000000000, 1.541976423090495880E-16 ) ) ;
#1317 = VERTEX_POINT ( 'NONE', #2071 ) ;
#1318 = DIRECTION ( 'NONE',  ( -1.000000000000000000, -3.469446951953614978E-15, 1.541976423090495387E-16 ) ) ;
#1319 = ORIENTED_EDGE ( 'NONE', *, *, #512, .F. ) ;
#1320 = DIRECTION ( 'NONE',  ( 0.000000000000000000, 0.000000000000000000, -1.000000000000000000 ) ) ;
#1321 = ORIENTED_EDGE ( 'NONE', *, *, #697, .T. ) ;
#1322 = DIRECTION ( 'NONE',  ( -1.541976423090495880E-16, -0.000000000000000000, -1.000000000000000000 ) ) ;
#1323 = DIRECTION ( 'NONE',  ( 0.000000000000000000, 0.000000000000000000, -1.000000000000000000 ) ) ;
#1324 = EDGE_CURVE ( 'NONE', #1274, #808, #1860, .T. ) ;
#1325 = ORIENTED_EDGE ( 'NONE', *, *, #487, .T. ) ;
#1326 = DIRECTION ( 'NONE',  ( -4.205390244792263185E-15, 1.000000000000000000, 0.000000000000000000 ) ) ;
#1327 = CARTESIAN_POINT ( 'NONE',  ( 25.00000000000001066, -4.000000000000000000, -1.649999999999984812 ) ) ;
#1328 = ORIENTED_EDGE ( 'NONE', *, *, #85, .F. ) ;
#1329 = CARTESIAN_POINT ( 'NONE',  ( -40.00000000000002132, 0.9999999999999800160, -44.99999999999998579 ) ) ;
#1330 = DIRECTION ( 'NONE',  ( -1.000000000000000000, -0.000000000000000000, 1.541976423090495880E-16 ) ) ;
#1331 = EDGE_CURVE ( 'NONE', #938, #2001, #1513, .T. ) ;
#1332 = ORIENTED_EDGE ( 'NONE', *, *, #600, .T. ) ;
#1333 = CARTESIAN_POINT ( 'NONE',  ( -35.00000000000001421, -1.040834085586084257E-14, -44.99999999999998579 ) ) ;
#1334 = VECTOR ( 'NONE', #1563, 1000.000000000000000 ) ;
#1335 = AXIS2_PLACEMENT_3D ( 'NONE', #125, #1606, #1288 ) ;
#1336 = DIRECTION ( 'NONE',  ( -0.000000000000000000, -1.000000000000000000, -0.000000000000000000 ) ) ;
#1337 = CIRCLE ( 'NONE', #1687, 1.649999999999998579 ) ;
#1338 = VERTEX_POINT ( 'NONE', #1184 ) ;
#1339 = LINE ( 'NONE', #459, #1370 ) ;
#1340 = AXIS2_PLACEMENT_3D ( 'NONE', #1307, #984, #789 ) ;
#1341 = LINE ( 'NONE', #351, #568 ) ;
#1342 = VERTEX_POINT ( 'NONE', #1524 ) ;
#1343 = DIRECTION ( 'NONE',  ( 1.000000000000000000, -3.469446951953614978E-15, -1.541976423090495387E-16 ) ) ;
#1344 = DIRECTION ( 'NONE',  ( 1.000000000000000000, -0.000000000000000000, 1.541976423090495880E-16 ) ) ;
#1345 = CARTESIAN_POINT ( 'NONE',  ( 1.061040757772015493E-14, -4.000000000000000000, -28.35000000000000853 ) ) ;
#1346 = ADVANCED_FACE ( 'NONE', ( #359, #552, #1547, #699, #2037, #1725, #55, #532, #720, #1382 ), #1218, .F. ) ;
#1347 = ORIENTED_EDGE ( 'NONE', *, *, #1608, .F. ) ;
#1348 = DIRECTION ( 'NONE',  ( 0.000000000000000000, 0.000000000000000000, 1.000000000000000000 ) ) ;
#1349 = DIRECTION ( 'NONE',  ( 0.000000000000000000, 0.000000000000000000, -1.000000000000000000 ) ) ;
#1350 = FACE_OUTER_BOUND ( 'NONE', #1131, .T. ) ;
#1351 = ORIENTED_EDGE ( 'NONE', *, *, #137, .F. ) ;
#1352 = CARTESIAN_POINT ( 'NONE',  ( 40.00000000000014211, 39.99999999999998579, 24.99999999999998579 ) ) ;
#1353 = ADVANCED_FACE ( 'NONE', ( #1251 ), #1581, .F. ) ;
#1354 = EDGE_LOOP ( 'NONE', ( #1114, #39 ) ) ;
#1355 = DIRECTION ( 'NONE',  ( -0.000000000000000000, -1.000000000000000000, -0.000000000000000000 ) ) ;
#1356 = ORIENTED_EDGE ( 'NONE', *, *, #1324, .F. ) ;
#1357 = CARTESIAN_POINT ( 'NONE',  ( -40.00000000000002132, -1.396592535537253658E-14, -44.99999999999998579 ) ) ;
#1358 = CARTESIAN_POINT ( 'NONE',  ( 25.00000000000001066, -4.000000000000001776, 3.469446951953614189E-15 ) ) ;
#1359 = CARTESIAN_POINT ( 'NONE',  ( -40.00000000000015632, 39.99999999999998579, -25.00000000000001421 ) ) ;
#1360 = AXIS2_PLACEMENT_3D ( 'NONE', #1811, #813, #1831 ) ;
#1361 = LINE ( 'NONE', #2042, #1616 ) ;
#1362 = ORIENTED_EDGE ( 'NONE', *, *, #22, .T. ) ;
#1363 = APPLICATION_PROTOCOL_DEFINITION ( 'international standard', 'config_control_design', 1994, #1383 ) ;
#1364 = AXIS2_PLACEMENT_3D ( 'NONE', #1112, #98, #2105 ) ;
#1365 = VECTOR ( 'NONE', #219, 1000.000000000000000 ) ;
#1366 = EDGE_LOOP ( 'NONE', ( #596, #775 ) ) ;
#1367 = DIRECTION ( 'NONE',  ( -1.000000000000000000, -0.000000000000000000, 1.541976423090495880E-16 ) ) ;
#1368 = EDGE_CURVE ( 'NONE', #308, #288, #76, .T. ) ;
#1369 = AXIS2_PLACEMENT_3D ( 'NONE', #1418, #1953, #111 ) ;
#1370 = VECTOR ( 'NONE', #1827, 1000.000000000000000 ) ;
#1371 = DIRECTION ( 'NONE',  ( 0.000000000000000000, 0.000000000000000000, -1.000000000000000000 ) ) ;
#1372 = EDGE_CURVE ( 'NONE', #635, #1734, #944, .T. ) ;
#1373 = EDGE_CURVE ( 'NONE', #578, #828, #48, .T. ) ;
#1374 = DIRECTION ( 'NONE',  ( 0.000000000000000000, 0.000000000000000000, 1.000000000000000000 ) ) ;
#1375 = CARTESIAN_POINT ( 'NONE',  ( -40.00000000000000711, -4.000000000000000000, 45.00000000000000000 ) ) ;
#1376 = CARTESIAN_POINT ( 'NONE',  ( 36.00000000000002132, 9.999999999999987566, -23.35000000000001563 ) ) ;
#1377 = DIRECTION ( 'NONE',  ( 0.000000000000000000, 0.000000000000000000, 1.000000000000000000 ) ) ;
#1378 = VERTEX_POINT ( 'NONE', #122 ) ;
#1379 = EDGE_LOOP ( 'NONE', ( #10, #1851, #211, #174 ) ) ;
#1380 = CARTESIAN_POINT ( 'NONE',  ( -40.00000000000004974, 9.999999999999987566, -23.35000000000001563 ) ) ;
#1381 = ADVANCED_FACE ( 'NONE', ( #1287 ), #1595, .T. ) ;
#1382 = FACE_OUTER_BOUND ( 'NONE', #2018, .T. ) ;
#1383 = APPLICATION_CONTEXT ( 'configuration controlled 3d designs of mechanical parts and assemblies' ) ;
#1384 = CARTESIAN_POINT ( 'NONE',  ( 40.00000000000009948, 24.99999999999998579, -1.464877601935970260E-14 ) ) ;
#1385 = DIRECTION ( 'NONE',  ( -0.000000000000000000, -1.000000000000000000, -0.000000000000000000 ) ) ;
#1386 = DIRECTION ( 'NONE',  ( 0.000000000000000000, 0.000000000000000000, 1.000000000000000000 ) ) ;
#1387 = ORIENTED_EDGE ( 'NONE', *, *, #1309, .T. ) ;
#1388 = VERTEX_POINT ( 'NONE', #1106 ) ;
#1389 = CARTESIAN_POINT ( 'NONE',  ( 1.040834085586084257E-14, 0.000000000000000000, 30.00000000000000355 ) ) ;
#1390 = FACE_BOUND ( 'NONE', #772, .T. ) ;
#1391 = ORIENTED_EDGE ( 'NONE', *, *, #924, .T. ) ;
#1392 = CARTESIAN_POINT ( 'NONE',  ( 40.00000000000015632, 39.99999999999998579, -25.00000000000001421 ) ) ;
#1393 = DIRECTION ( 'NONE',  ( 0.000000000000000000, 0.000000000000000000, 1.000000000000000000 ) ) ;
#1394 = DIRECTION ( 'NONE',  ( -0.000000000000000000, -0.000000000000000000, -1.000000000000000000 ) ) ;
#1395 = EDGE_CURVE ( 'NONE', #578, #784, #1782, .T. ) ;
#1396 = CYLINDRICAL_SURFACE ( 'NONE', #912, 5.000000000000011546 ) ;
#1397 = CARTESIAN_POINT ( 'NONE',  ( 39.99999999999998579, -1.527438034335171262E-13, 44.99999999999998579 ) ) ;
#1398 = AXIS2_PLACEMENT_3D ( 'NONE', #1375, #1571, #1220 ) ;
#1399 = ADVANCED_FACE ( 'NONE', ( #1940, #619, #792, #905, #1097, #2133 ), #1242, .F. ) ;
#1400 = ORIENTED_EDGE ( 'NONE', *, *, #707, .F. ) ;
#1401 = CIRCLE ( 'NONE', #743, 1.649999999999998579 ) ;
#1402 = DIRECTION ( 'NONE',  ( 1.000000000000000000, 0.000000000000000000, -0.000000000000000000 ) ) ;
#1403 = DIRECTION ( 'NONE',  ( -0.000000000000000000, -1.000000000000000000, -0.000000000000000000 ) ) ;
#1404 = AXIS2_PLACEMENT_3D ( 'NONE', #897, #1704, #545 ) ;
#1405 = ORIENTED_EDGE ( 'NONE', *, *, #1518, .T. ) ;
#1406 = CARTESIAN_POINT ( 'NONE',  ( 34.99999999999999289, 0.9999999999999940048, -44.99999999999998579 ) ) ;
#1407 = AXIS2_PLACEMENT_3D ( 'NONE', #1358, #389, #730 ) ;
#1408 = DIRECTION ( 'NONE',  ( 0.000000000000000000, 0.000000000000000000, -1.000000000000000000 ) ) ;
#1409 = CIRCLE ( 'NONE', #189, 1.649999999999988365 ) ;
#1410 = DIRECTION ( 'NONE',  ( -0.000000000000000000, -1.000000000000000000, -0.000000000000000000 ) ) ;
#1411 = AXIS2_PLACEMENT_3D ( 'NONE', #367, #1688, #1500 ) ;
#1412 = DIRECTION ( 'NONE',  ( -1.000000000000000000, 3.469446951953614583E-15, 1.541976423090495880E-16 ) ) ;
#1413 = ORIENTED_EDGE ( 'NONE', *, *, #620, .F. ) ;
#1414 = VERTEX_POINT ( 'NONE', #1962 ) ;
#1415 = DIRECTION ( 'NONE',  ( -4.205390244792263185E-15, 1.000000000000000000, 0.000000000000000000 ) ) ;
#1416 = EDGE_CURVE ( 'NONE', #1101, #1471, #742, .T. ) ;
#1417 = ORIENTED_EDGE ( 'NONE', *, *, #1636, .T. ) ;
#1418 = CARTESIAN_POINT ( 'NONE',  ( -40.00000000000002132, -4.000000000000000000, -45.00000000000000000 ) ) ;
#1419 = DIRECTION ( 'NONE',  ( -0.000000000000000000, -0.000000000000000000, 1.000000000000000000 ) ) ;
#1420 = DIRECTION ( 'NONE',  ( 0.000000000000000000, 0.000000000000000000, 1.000000000000000000 ) ) ;
#1421 = FACE_BOUND ( 'NONE', #1366, .T. ) ;
#1422 = ORIENTED_EDGE ( 'NONE', *, *, #1671, .T. ) ;
#1423 = DIRECTION ( 'NONE',  ( -1.000000000000000000, 3.469446951953614583E-15, 1.541976423090495880E-16 ) ) ;
#1424 = EDGE_CURVE ( 'NONE', #808, #994, #929, .T. ) ;
#1425 = ORIENTED_EDGE ( 'NONE', *, *, #763, .F. ) ;
#1426 = ORIENTED_EDGE ( 'NONE', *, *, #1193, .F. ) ;
#1427 = CARTESIAN_POINT ( 'NONE',  ( -36.00000000000009948, 24.99999999999998579, -1.650000000000014122 ) ) ;
#1428 = DIRECTION ( 'NONE',  ( 1.541976423090495880E-16, 0.000000000000000000, 1.000000000000000000 ) ) ;
#1429 = VERTEX_POINT ( 'NONE', #936 ) ;
#1430 = CYLINDRICAL_SURFACE ( 'NONE', #1868, 1.649999999999988365 ) ;
#1431 = CARTESIAN_POINT ( 'NONE',  ( 0.000000000000000000, -4.000000000000001776, 0.000000000000000000 ) ) ;
#1432 = ORIENTED_EDGE ( 'NONE', *, *, #1206, .T. ) ;
#1433 = ORIENTED_EDGE ( 'NONE', *, *, #2170, .T. ) ;
#1434 = CARTESIAN_POINT ( 'NONE',  ( 40.00000000000015632, 39.99999999999998579, -26.65000000000001279 ) ) ;
#1435 = EDGE_LOOP ( 'NONE', ( #1897, #1154, #1915, #642 ) ) ;
#1436 = CARTESIAN_POINT ( 'NONE',  ( 2.020667218593120429E-16, -4.000000000000001776, 1.649999999999989697 ) ) ;
#1437 = AXIS2_PLACEMENT_3D ( 'NONE', #1550, #546, #1208 ) ;
#1438 = ORIENTED_EDGE ( 'NONE', *, *, #1473, .F. ) ;
#1439 = ADVANCED_FACE ( 'NONE', ( #1062 ), #1735, .F. ) ;
#1440 = DIRECTION ( 'NONE',  ( 1.000000000000000000, -0.000000000000000000, 1.541976423090495880E-16 ) ) ;
#1441 = CIRCLE ( 'NONE', #80, 1.649999999999998579 ) ;
#1442 = CARTESIAN_POINT ( 'NONE',  ( 40.00000000000004974, 9.999999999999987566, -23.35000000000001563 ) ) ;
#1443 = DATE_AND_TIME ( #1289, #92 ) ;
#1444 = ADVANCED_FACE ( 'NONE', ( #579 ), #1916, .F. ) ;
#1445 = AXIS2_PLACEMENT_3D ( 'NONE', #708, #35, #1891 ) ;
#1446 = CARTESIAN_POINT ( 'NONE',  ( -40.00000000000004974, 9.999999999999987566, -26.65000000000001279 ) ) ;
#1447 = ADVANCED_FACE ( 'NONE', ( #589 ), #2111, .F. ) ;
#1448 = VERTEX_POINT ( 'NONE', #1746 ) ;
#1449 = EDGE_LOOP ( 'NONE', ( #1175, #1666 ) ) ;
#1450 = DIRECTION ( 'NONE',  ( -3.700743415417188731E-15, -1.000000000000000000, 0.000000000000000000 ) ) ;
#1451 = EDGE_LOOP ( 'NONE', ( #1058, #1529 ) ) ;
#1452 = CARTESIAN_POINT ( 'NONE',  ( 25.00000000000001066, -4.000000000000001776, -28.35000000000000853 ) ) ;
#1453 = EDGE_LOOP ( 'NONE', ( #1785, #1475, #448, #1621 ) ) ;
#1454 = DIRECTION ( 'NONE',  ( 3.469446951953614583E-15, 1.000000000000000000, 0.000000000000000000 ) ) ;
#1455 = ADVANCED_FACE ( 'NONE', ( #252 ), #1430, .F. ) ;
#1456 = DIRECTION ( 'NONE',  ( 0.000000000000000000, 0.000000000000000000, -1.000000000000000000 ) ) ;
#1457 = DIRECTION ( 'NONE',  ( -1.000000000000000000, -0.000000000000000000, -0.000000000000000000 ) ) ;
#1458 = ORIENTED_EDGE ( 'NONE', *, *, #316, .F. ) ;
#1459 = LINE ( 'NONE', #644, #1792 ) ;
#1460 = VERTEX_POINT ( 'NONE', #660 ) ;
#1461 = CYLINDRICAL_SURFACE ( 'NONE', #303, 1.649999999999998579 ) ;
#1462 = EDGE_LOOP ( 'NONE', ( #491, #1779, #1506, #1822 ) ) ;
#1463 = DIRECTION ( 'NONE',  ( 1.000000000000000000, -0.000000000000000000, 1.541976423090495880E-16 ) ) ;
#1464 = APPROVAL ( #1784, '未' ) ;
#1465 = CYLINDRICAL_SURFACE ( 'NONE', #1230, 1.649999999999988365 ) ;
#1466 = CALENDAR_DATE ( 2026, 30, 7 ) ;
#1467 = ORIENTED_EDGE ( 'NONE', *, *, #405, .F. ) ;
#1468 = DIRECTION ( 'NONE',  ( -1.000000000000000000, 0.000000000000000000, 0.000000000000000000 ) ) ;
#1469 = ADVANCED_FACE ( 'NONE', ( #975 ), #668, .F. ) ;
#1470 = APPROVAL_PERSON_ORGANIZATION ( #1955, #1464, #1749 ) ;
#1471 = VERTEX_POINT ( 'NONE', #649 ) ;
#1472 = CARTESIAN_POINT ( 'NONE',  ( -40.00000000000015632, 39.99999999999998579, -25.00000000000001421 ) ) ;
#1473 = EDGE_CURVE ( 'NONE', #778, #850, #1629, .T. ) ;
#1474 = ADVANCED_FACE ( 'NONE', ( #639 ), #2005, .F. ) ;
#1475 = ORIENTED_EDGE ( 'NONE', *, *, #985, .F. ) ;
#1476 = AXIS2_PLACEMENT_3D ( 'NONE', #889, #1552, #900 ) ;
#1477 = DIRECTION ( 'NONE',  ( 0.000000000000000000, 0.000000000000000000, -1.000000000000000000 ) ) ;
#1478 = FACE_OUTER_BOUND ( 'NONE', #1306, .T. ) ;
#1479 = AXIS2_PLACEMENT_3D ( 'NONE', #1877, #408, #1030 ) ;
#1480 = CIRCLE ( 'NONE', #2010, 1.649999999999998579 ) ;
#1481 = ORIENTED_EDGE ( 'NONE', *, *, #312, .T. ) ;
#1482 = CARTESIAN_POINT ( 'NONE',  ( 1.040834085586084257E-14, -4.000000000000001776, -31.64999999999998437 ) ) ;
#1483 = AXIS2_PLACEMENT_3D ( 'NONE', #503, #298, #321 ) ;
#1484 = ORIENTED_EDGE ( 'NONE', *, *, #1698, .T. ) ;
#1485 = DIRECTION ( 'NONE',  ( 1.000000000000000000, 3.469446951953614583E-15, -1.541976423090495880E-16 ) ) ;
#1486 = PRODUCT_DEFINITION_FORMATION_WITH_SPECIFIED_SOURCE ( '�', '', #561, .NOT_KNOWN. ) ;
#1487 = ORIENTED_EDGE ( 'NONE', *, *, #763, .T. ) ;
#1488 = DIRECTION ( 'NONE',  ( -0.000000000000000000, -1.000000000000000000, -0.000000000000000000 ) ) ;
#1489 = EDGE_CURVE ( 'NONE', #472, #61, #986, .T. ) ;
#1490 = DIRECTION ( 'NONE',  ( 1.541976423090498592E-16, 7.709882115452480632E-17, 1.000000000000000000 ) ) ;
#1491 = ORIENTED_EDGE ( 'NONE', *, *, #374, .T. ) ;
#1492 = EDGE_LOOP ( 'NONE', ( #623, #178, #1731, #1912 ) ) ;
#1493 = DIRECTION ( 'NONE',  ( -1.000000000000000000, 0.000000000000000000, -0.000000000000000000 ) ) ;
#1494 = DIRECTION ( 'NONE',  ( -1.000000000000000000, -0.000000000000000000, 1.541976423090495880E-16 ) ) ;
#1495 = ORIENTED_EDGE ( 'NONE', *, *, #1671, .F. ) ;
#1496 = DIRECTION ( 'NONE',  ( 0.000000000000000000, 1.000000000000000000, 0.000000000000000000 ) ) ;
#1497 = CARTESIAN_POINT ( 'NONE',  ( 1.040834085586084257E-14, -4.000000000000001776, 30.00000000000000355 ) ) ;
#1498 = VERTEX_POINT ( 'NONE', #2168 ) ;
#1499 = LINE ( 'NONE', #1333, #1716 ) ;
#1500 = DIRECTION ( 'NONE',  ( -4.205390244792263185E-15, 1.000000000000000000, 0.000000000000000000 ) ) ;
#1501 = ORIENTED_EDGE ( 'NONE', *, *, #207, .F. ) ;
#1502 = DIRECTION ( 'NONE',  ( -3.469446951953614583E-15, 1.000000000000000000, 0.000000000000000000 ) ) ;
#1503 = DIRECTION ( 'NONE',  ( 1.000000000000000000, 0.000000000000000000, 0.000000000000000000 ) ) ;
#1504 = VECTOR ( 'NONE', #1533, 1000.000000000000000 ) ;
#1505 = AXIS2_PLACEMENT_3D ( 'NONE', #1949, #107, #1450 ) ;
#1506 = ORIENTED_EDGE ( 'NONE', *, *, #777, .F. ) ;
#1507 = FACE_BOUND ( 'NONE', #480, .T. ) ;
#1508 = EDGE_CURVE ( 'NONE', #726, #314, #342, .T. ) ;
#1509 = EDGE_CURVE ( 'NONE', #502, #1342, #2123, .T. ) ;
#1510 = VECTOR ( 'NONE', #47, 1000.000000000000000 ) ;
#1511 = VECTOR ( 'NONE', #2089, 1000.000000000000000 ) ;
#1512 = CYLINDRICAL_SURFACE ( 'NONE', #991, 1.649999999999998579 ) ;
#1513 = CIRCLE ( 'NONE', #787, 1.649999999999988365 ) ;
#1514 = ORIENTED_EDGE ( 'NONE', *, *, #924, .F. ) ;
#1515 = DIRECTION ( 'NONE',  ( -1.000000000000000000, -0.000000000000000000, 1.541976423090495880E-16 ) ) ;
#1516 = VECTOR ( 'NONE', #34, 1000.000000000000000 ) ;
#1517 = CARTESIAN_POINT ( 'NONE',  ( -36.00000000000015632, 39.99999999999998579, -25.00000000000001421 ) ) ;
#1518 = EDGE_CURVE ( 'NONE', #1256, #1730, #999, .T. ) ;
#1519 = ORIENTED_EDGE ( 'NONE', *, *, #1074, .F. ) ;
#1520 = LINE ( 'NONE', #29, #607 ) ;
#1521 = CARTESIAN_POINT ( 'NONE',  ( 0.000000000000000000, 0.000000000000000000, 0.000000000000000000 ) ) ;
#1522 = ORIENTED_EDGE ( 'NONE', *, *, #651, .T. ) ;
#1523 = CARTESIAN_POINT ( 'NONE',  ( -40.00000000000009948, 24.99999999999998579, 1.649999999999983924 ) ) ;
#1524 = CARTESIAN_POINT ( 'NONE',  ( 25.00000000000001066, 0.000000000000000000, -31.64999999999998437 ) ) ;
#1525 = DIRECTION ( 'NONE',  ( 1.000000000000000000, -0.000000000000000000, 1.541976423090495880E-16 ) ) ;
#1526 = EDGE_CURVE ( 'NONE', #1734, #13, #1091, .T. ) ;
#1527 = DIRECTION ( 'NONE',  ( 1.000000000000000000, 0.000000000000000000, -1.541976423090495387E-16 ) ) ;
#1528 = VERTEX_POINT ( 'NONE', #175 ) ;
#1529 = ORIENTED_EDGE ( 'NONE', *, *, #1309, .F. ) ;
#1530 = CARTESIAN_POINT ( 'NONE',  ( 40.00000000000014211, 39.99999999999998579, 23.34999999999998721 ) ) ;
#1531 = EDGE_CURVE ( 'NONE', #1378, #1528, #1794, .T. ) ;
#1532 = EDGE_CURVE ( 'NONE', #318, #479, #712, .T. ) ;
#1533 = DIRECTION ( 'NONE',  ( -0.000000000000000000, -1.000000000000000000, -0.000000000000000000 ) ) ;
#1534 = LINE ( 'NONE', #1048, #2043 ) ;
#1535 = CARTESIAN_POINT ( 'NONE',  ( 34.99999999999999289, -1.387778780781445676E-14, -44.99999999999998579 ) ) ;
#1536 = LINE ( 'NONE', #581, #116 ) ;
#1537 = DIRECTION ( 'NONE',  ( 3.700743415417188731E-15, -1.000000000000000000, 0.000000000000000000 ) ) ;
#1538 = DIRECTION ( 'NONE',  ( 0.000000000000000000, 0.000000000000000000, 1.000000000000000000 ) ) ;
#1539 = AXIS2_PLACEMENT_3D ( 'NONE', #345, #692, #1493 ) ;
#1540 = EDGE_CURVE ( 'NONE', #288, #1223, #1979, .T. ) ;
#1541 = EDGE_LOOP ( 'NONE', ( #1793, #1467, #815, #558 ) ) ;
#1542 = CIRCLE ( 'NONE', #1795, 1.649999999999998579 ) ;
#1543 = ORIENTED_EDGE ( 'NONE', *, *, #925, .T. ) ;
#1544 = DIRECTION ( 'NONE',  ( 0.000000000000000000, 0.000000000000000000, -1.000000000000000000 ) ) ;
#1545 = AXIS2_PLACEMENT_3D ( 'NONE', #439, #449, #601 ) ;
#1546 = AXIS2_PLACEMENT_3D ( 'NONE', #1721, #194, #863 ) ;
#1547 = FACE_BOUND ( 'NONE', #1238, .T. ) ;
#1548 = AXIS2_PLACEMENT_3D ( 'NONE', #2151, #647, #1142 ) ;
#1549 = FACE_BOUND ( 'NONE', #200, .T. ) ;
#1550 = CARTESIAN_POINT ( 'NONE',  ( 40.00000000000024158, 30.00000000000026645, 44.99999999999996447 ) ) ;
#1551 = CARTESIAN_POINT ( 'NONE',  ( 34.99999999999999289, 0.9999999999999940048, -44.99999999999998579 ) ) ;
#1552 = DIRECTION ( 'NONE',  ( -1.000000000000000000, 3.469446951953614583E-15, 1.541976423090495880E-16 ) ) ;
#1553 = VERTEX_POINT ( 'NONE', #1155 ) ;
#1554 = CARTESIAN_POINT ( 'NONE',  ( -40.00000000000009948, 24.99999999999998579, -1.650000000000013456 ) ) ;
#1555 = LINE ( 'NONE', #1578, #356 ) ;
#1556 = EDGE_LOOP ( 'NONE', ( #643, #593, #1600, #648 ) ) ;
#1557 = EDGE_CURVE ( 'NONE', #784, #1695, #1339, .T. ) ;
#1558 = DIRECTION ( 'NONE',  ( -0.000000000000000000, -1.000000000000000000, -0.000000000000000000 ) ) ;
#1559 = DIRECTION ( 'NONE',  ( 0.000000000000000000, 1.000000000000000000, 0.000000000000000000 ) ) ;
#1560 = CARTESIAN_POINT ( 'NONE',  ( -36.00000000000015632, 39.99999999999998579, 24.99999999999998579 ) ) ;
#1561 = EDGE_CURVE ( 'NONE', #1498, #2167, #1905, .T. ) ;
#1562 = PLANE ( 'NONE',  #2006 ) ;
#1563 = DIRECTION ( 'NONE',  ( -3.469446951953614583E-15, -1.000000000000000000, -0.000000000000000000 ) ) ;
#1564 = ORIENTED_EDGE ( 'NONE', *, *, #1211, .F. ) ;
#1565 = ORIENTED_EDGE ( 'NONE', *, *, #1985, .T. ) ;
#1566 = PLANE ( 'NONE',  #1272 ) ;
#1567 = CARTESIAN_POINT ( 'NONE',  ( 0.000000000000000000, 0.000000000000000000, 0.000000000000000000 ) ) ;
#1568 = ORIENTED_EDGE ( 'NONE', *, *, #312, .F. ) ;
#1569 = CARTESIAN_POINT ( 'NONE',  ( -34.99999999999999289, -4.000000000000010658, 44.99999999999998579 ) ) ;
#1570 = CARTESIAN_POINT ( 'NONE',  ( 39.99999999999997868, -1.527438034335171010E-13, -6.167905692361980955E-15 ) ) ;
#1571 = DIRECTION ( 'NONE',  ( 0.000000000000000000, 0.000000000000000000, 1.000000000000000000 ) ) ;
#1572 = CARTESIAN_POINT ( 'NONE',  ( -40.00000000000009948, 24.99999999999998579, -1.650000000000013456 ) ) ;
#1573 = EDGE_CURVE ( 'NONE', #1968, #671, #1836, .T. ) ;
#1574 = AXIS2_PLACEMENT_3D ( 'NONE', #866, #724, #373 ) ;
#1575 = ORIENTED_EDGE ( 'NONE', *, *, #1373, .F. ) ;
#1576 = ORIENTED_EDGE ( 'NONE', *, *, #2074, .T. ) ;
#1577 = CARTESIAN_POINT ( 'NONE',  ( -40.00000000000014211, 39.99999999999998579, 23.34999999999998721 ) ) ;
#1578 = CARTESIAN_POINT ( 'NONE',  ( 40.00000000000029843, 15.00000000000026645, 44.99999999999997158 ) ) ;
#1579 = AXIS2_PLACEMENT_3D ( 'NONE', #2101, #590, #2145 ) ;
#1580 = ORIENTED_EDGE ( 'NONE', *, *, #615, .F. ) ;
#1581 = CYLINDRICAL_SURFACE ( 'NONE', #471, 1.649999999999998579 ) ;
#1582 = AXIS2_PLACEMENT_3D ( 'NONE', #1004, #696, #40 ) ;
#1583 = CARTESIAN_POINT ( 'NONE',  ( 39.99999999999998579, -1.527438034335171262E-13, 44.99999999999998579 ) ) ;
#1584 = APPLICATION_PROTOCOL_DEFINITION ( 'international standard', 'config_control_design', 1994, #393 ) ;
#1585 = ADVANCED_FACE ( 'NONE', ( #966 ), #2155, .F. ) ;
#1586 = AXIS2_PLACEMENT_3D ( 'NONE', #1472, #1494, #2142 ) ;
#1587 = FACE_OUTER_BOUND ( 'NONE', #878, .T. ) ;
#1588 = ORIENTED_EDGE ( 'NONE', *, *, #357, .F. ) ;
#1589 = FACE_OUTER_BOUND ( 'NONE', #805, .T. ) ;
#1590 = CARTESIAN_POINT ( 'NONE',  ( 36.00000000000012790, 39.99999999999998579, 24.99999999999998579 ) ) ;
#1591 = VERTEX_POINT ( 'NONE', #1987 ) ;
#1592 = ORIENTED_EDGE ( 'NONE', *, *, #1777, .F. ) ;
#1593 = CARTESIAN_POINT ( 'NONE',  ( -24.99999999999998934, -4.000000000000000000, 1.649999999999991696 ) ) ;
#1594 = VERTEX_POINT ( 'NONE', #824 ) ;
#1595 = PLANE ( 'NONE',  #1369 ) ;
#1596 = DIRECTION ( 'NONE',  ( -0.000000000000000000, -1.000000000000000000, -0.000000000000000000 ) ) ;
#1597 = APPROVAL ( #271, '未' ) ;
#1598 = ORIENTED_EDGE ( 'NONE', *, *, #286, .F. ) ;
#1599 = CARTESIAN_POINT ( 'NONE',  ( -35.00000000000002132, 0.9999999999999974465, 44.99999999999998579 ) ) ;
#1600 = ORIENTED_EDGE ( 'NONE', *, *, #1133, .T. ) ;
#1601 = LINE ( 'NONE', #283, #790 ) ;
#1602 = ORIENTED_EDGE ( 'NONE', *, *, #1929, .F. ) ;
#1603 = DIRECTION ( 'NONE',  ( -0.000000000000000000, -0.000000000000000000, -1.000000000000000000 ) ) ;
#1604 = EDGE_CURVE ( 'NONE', #314, #1378, #8, .T. ) ;
#1605 = EDGE_CURVE ( 'NONE', #458, #1594, #1648, .T. ) ;
#1606 = DIRECTION ( 'NONE',  ( -1.000000000000000000, -0.000000000000000000, 1.541976423090495880E-16 ) ) ;
#1607 = ORIENTED_EDGE ( 'NONE', *, *, #996, .T. ) ;
#1608 = EDGE_CURVE ( 'NONE', #1274, #1009, #719, .T. ) ;
#1609 = DIRECTION ( 'NONE',  ( 1.000000000000000000, -0.000000000000000000, 1.541976423090495880E-16 ) ) ;
#1610 = ORIENTED_EDGE ( 'NONE', *, *, #1518, .F. ) ;
#1611 = CARTESIAN_POINT ( 'NONE',  ( 40.00000000000004974, 9.999999999999987566, -26.65000000000001279 ) ) ;
#1612 = ADVANCED_FACE ( 'NONE', ( #2046 ), #349, .F. ) ;
#1613 = VECTOR ( 'NONE', #2090, 1000.000000000000000 ) ;
#1614 = ORIENTED_EDGE ( 'NONE', *, *, #2059, .F. ) ;
#1615 = DIRECTION ( 'NONE',  ( 0.000000000000000000, 0.000000000000000000, 1.000000000000000000 ) ) ;
#1616 = VECTOR ( 'NONE', #222, 1000.000000000000000 ) ;
#1617 = CARTESIAN_POINT ( 'NONE',  ( -35.00000000000001421, -4.000000000000000000, -44.99999999999998579 ) ) ;
#1618 = PERSON_AND_ORGANIZATION_ROLE ( 'creator' ) ;
#1619 = AXIS2_PLACEMENT_3D ( 'NONE', #505, #1330, #146 ) ;
#1620 = CARTESIAN_POINT ( 'NONE',  ( 1.040834085586084257E-14, 0.000000000000000000, 30.00000000000000355 ) ) ;
#1621 = ORIENTED_EDGE ( 'NONE', *, *, #1839, .T. ) ;
#1622 = ORIENTED_EDGE ( 'NONE', *, *, #129, .F. ) ;
#1623 = DIRECTION ( 'NONE',  ( -1.000000000000000000, -0.000000000000000000, 1.541976423090495880E-16 ) ) ;
#1624 = AXIS2_PLACEMENT_3D ( 'NONE', #1994, #1496, #956 ) ;
#1625 = VECTOR ( 'NONE', #1913, 1000.000000000000000 ) ;
#1626 = ORIENTED_EDGE ( 'NONE', *, *, #707, .T. ) ;
#1627 = CARTESIAN_POINT ( 'NONE',  ( -40.00000000000009948, 24.99999999999998579, -1.464877601935970260E-14 ) ) ;
#1628 = VERTEX_POINT ( 'NONE', #1554 ) ;
#1629 = LINE ( 'NONE', #1329, #2157 ) ;
#1630 = EDGE_CURVE ( 'NONE', #97, #931, #1679, .T. ) ;
#1631 = CARTESIAN_POINT ( 'NONE',  ( -24.99999999999998934, -4.000000000000001776, 1.649999999999991696 ) ) ;
#1632 = PERSON_AND_ORGANIZATION ( #2013, #923 ) ;
#1633 = VERTEX_POINT ( 'NONE', #1380 ) ;
#1634 = DIRECTION ( 'NONE',  ( 0.000000000000000000, 0.000000000000000000, 1.000000000000000000 ) ) ;
#1635 = CARTESIAN_POINT ( 'NONE',  ( -24.99999999999998934, -4.000000000000000000, -31.64999999999998437 ) ) ;
#1636 = EDGE_CURVE ( 'NONE', #729, #940, #90, .T. ) ;
#1637 = VERTEX_POINT ( 'NONE', #2034 ) ;
#1638 = CARTESIAN_POINT ( 'NONE',  ( 40.00000000000003553, 9.999999999999987566, 24.99999999999998579 ) ) ;
#1639 = ORIENTED_EDGE ( 'NONE', *, *, #512, .T. ) ;
#1640 = DIRECTION ( 'NONE',  ( -1.541976423090495387E-16, 5.349805401075656121E-31, -1.000000000000000000 ) ) ;
#1641 = CARTESIAN_POINT ( 'NONE',  ( 1.040834085586084257E-14, -4.000000000000000000, -31.64999999999998437 ) ) ;
#1642 = VERTEX_POINT ( 'NONE', #529 ) ;
#1643 = CARTESIAN_POINT ( 'NONE',  ( -36.00000000000015632, 39.99999999999998579, 23.34999999999998721 ) ) ;
#1644 = ADVANCED_FACE ( 'NONE', ( #63 ), #704, .F. ) ;
#1645 = ORIENTED_EDGE ( 'NONE', *, *, #1211, .T. ) ;
#1646 = CARTESIAN_POINT ( 'NONE',  ( -36.00000000000004263, 9.999999999999987566, 24.99999999999998579 ) ) ;
#1647 = ORIENTED_EDGE ( 'NONE', *, *, #634, .T. ) ;
#1648 = LINE ( 'NONE', #1523, #1762 ) ;
#1649 = AXIS2_PLACEMENT_3D ( 'NONE', #1076, #1410, #257 ) ;
#1650 = CARTESIAN_POINT ( 'NONE',  ( 40.00000000000004974, 9.999999999999987566, -25.00000000000001421 ) ) ;
#1651 = CIRCLE ( 'NONE', #2039, 14.99999999999999645 ) ;
#1652 = AXIS2_PLACEMENT_3D ( 'NONE', #343, #486, #837 ) ;
#1653 = ORIENTED_EDGE ( 'NONE', *, *, #1243, .T. ) ;
#1654 = ORIENTED_EDGE ( 'NONE', *, *, #511, .F. ) ;
#1655 = DIRECTION ( 'NONE',  ( -0.000000000000000000, -1.000000000000000000, -0.000000000000000000 ) ) ;
#1656 = AXIS2_PLACEMENT_3D ( 'NONE', #1144, #145, #1166 ) ;
#1657 = DIRECTION ( 'NONE',  ( 0.000000000000000000, 1.000000000000000000, 0.000000000000000000 ) ) ;
#1658 = VECTOR ( 'NONE', #1837, 1000.000000000000000 ) ;
#1659 = EDGE_LOOP ( 'NONE', ( #1959, #135, #1501, #1983, #75, #1148 ) ) ;
#1660 = CARTESIAN_POINT ( 'NONE',  ( -24.99999999999998934, -4.000000000000001776, 30.00000000000000355 ) ) ;
#1661 = CARTESIAN_POINT ( 'NONE',  ( 25.00000000000001066, -4.000000000000000000, 30.00000000000000355 ) ) ;
#1662 = ORIENTED_EDGE ( 'NONE', *, *, #836, .T. ) ;
#1663 = CARTESIAN_POINT ( 'NONE',  ( -40.00000000000000000, -1.527438034335171515E-13, 44.99999999999998579 ) ) ;
#1664 = CARTESIAN_POINT ( 'NONE',  ( -24.99999999999998934, -4.000000000000000000, 28.35000000000001563 ) ) ;
#1665 = EDGE_CURVE ( 'NONE', #1448, #1338, #2086, .T. ) ;
#1666 = ORIENTED_EDGE ( 'NONE', *, *, #1561, .F. ) ;
#1667 = CARTESIAN_POINT ( 'NONE',  ( 2.020667218593119443E-16, -4.000000000000000000, 1.649999999999989253 ) ) ;
#1668 = ADVANCED_FACE ( 'NONE', ( #387 ), #851, .F. ) ;
#1669 = EDGE_CURVE ( 'NONE', #1818, #1471, #1019, .T. ) ;
#1670 = CARTESIAN_POINT ( 'NONE',  ( 25.00000000000001066, 0.000000000000000000, 28.35000000000001563 ) ) ;
#1671 = EDGE_CURVE ( 'NONE', #1690, #1460, #1305, .T. ) ;
#1672 = ORIENTED_EDGE ( 'NONE', *, *, #1678, .T. ) ;
#1673 = CARTESIAN_POINT ( 'NONE',  ( -36.00000000000019895, 50.00000000000000000, -44.99999999999998579 ) ) ;
#1674 = ORIENTED_EDGE ( 'NONE', *, *, #1210, .T. ) ;
#1675 = LOCAL_TIME ( 20, 46, 26.00000000000000000, #1108 ) ;
#1676 = DIRECTION ( 'NONE',  ( -0.000000000000000000, -1.000000000000000000, -0.000000000000000000 ) ) ;
#1677 = ORIENTED_EDGE ( 'NONE', *, *, #1707, .F. ) ;
#1678 = EDGE_CURVE ( 'NONE', #597, #695, #2026, .T. ) ;
#1679 = LINE ( 'NONE', #26, #1870 ) ;
#1680 = DIRECTION ( 'NONE',  ( 1.000000000000000000, -0.000000000000000000, 1.541976423090495880E-16 ) ) ;
#1681 = AXIS2_PLACEMENT_3D ( 'NONE', #1567, #587, #74 ) ;
#1682 = CIRCLE ( 'NONE', #982, 1.649999999999998579 ) ;
#1683 = EDGE_LOOP ( 'NONE', ( #272, #452, #1325, #1356 ) ) ;
#1684 = CARTESIAN_POINT ( 'NONE',  ( -40.00000000000015632, 44.99999999999998579, 44.99999999999998579 ) ) ;
#1685 = VECTOR ( 'NONE', #460, 1000.000000000000000 ) ;
#1686 = ORIENTED_EDGE ( 'NONE', *, *, #7, .T. ) ;
#1687 = AXIS2_PLACEMENT_3D ( 'NONE', #515, #334, #827 ) ;
#1688 = DIRECTION ( 'NONE',  ( 1.000000000000000000, 3.469446951953614583E-15, -1.541976423090495880E-16 ) ) ;
#1689 = AXIS2_PLACEMENT_3D ( 'NONE', #1275, #1104, #109 ) ;
#1690 = VERTEX_POINT ( 'NONE', #1027 ) ;
#1691 = DIRECTION ( 'NONE',  ( 1.000000000000000000, -0.000000000000000000, 1.541976423090495880E-16 ) ) ;
#1692 = VECTOR ( 'NONE', #1676, 1000.000000000000000 ) ;
#1693 = FACE_OUTER_BOUND ( 'NONE', #1250, .T. ) ;
#1694 = EDGE_CURVE ( 'NONE', #247, #417, #1724, .T. ) ;
#1695 = VERTEX_POINT ( 'NONE', #203 ) ;
#1696 = CARTESIAN_POINT ( 'NONE',  ( -35.00000000000001421, -1.040834085586084257E-14, -44.99999999999998579 ) ) ;
#1697 = FACE_OUTER_BOUND ( 'NONE', #935, .T. ) ;
#1698 = EDGE_CURVE ( 'NONE', #1840, #1429, #870, .T. ) ;
#1699 = ADVANCED_FACE ( 'NONE', ( #1880 ), #378, .F. ) ;
#1700 = CARTESIAN_POINT ( 'NONE',  ( -24.99999999999998934, -4.000000000000000000, 30.00000000000000355 ) ) ;
#1701 = ORIENTED_EDGE ( 'NONE', *, *, #903, .T. ) ;
#1702 = DIRECTION ( 'NONE',  ( -1.000000000000000000, -0.000000000000000000, 1.541976423090495880E-16 ) ) ;
#1703 = DIRECTION ( 'NONE',  ( 0.000000000000000000, 0.000000000000000000, -1.000000000000000000 ) ) ;
#1704 = DIRECTION ( 'NONE',  ( 0.000000000000000000, 0.000000000000000000, -1.000000000000000000 ) ) ;
#1705 = FACE_OUTER_BOUND ( 'NONE', #1126, .T. ) ;
#1706 = ORIENTED_EDGE ( 'NONE', *, *, #1820, .F. ) ;
#1707 = EDGE_CURVE ( 'NONE', #1448, #318, #1016, .T. ) ;
#1708 = ORIENTED_EDGE ( 'NONE', *, *, #347, .T. ) ;
#1709 = DIRECTION ( 'NONE',  ( -1.000000000000000000, 3.469446951953614583E-15, 1.541976423090495880E-16 ) ) ;
#1710 = CYLINDRICAL_SURFACE ( 'NONE', #1158, 1.649999999999988365 ) ;
#1711 = CYLINDRICAL_SURFACE ( 'NONE', #1445, 1.649999999999988365 ) ;
#1712 = FACE_BOUND ( 'NONE', #1887, .T. ) ;
#1713 = CIRCLE ( 'NONE', #1649, 1.649999999999989919 ) ;
#1714 = DIRECTION ( 'NONE',  ( 1.000000000000000000, -0.000000000000000000, 1.541976423090495880E-16 ) ) ;
#1715 = DIRECTION ( 'NONE',  ( 1.000000000000000000, -0.000000000000000000, 1.541976423090495880E-16 ) ) ;
#1716 = VECTOR ( 'NONE', #1149, 1000.000000000000000 ) ;
#1717 = VERTEX_POINT ( 'NONE', #880 ) ;
#1718 = ADVANCED_FACE ( 'NONE', ( #1888 ), #1043, .F. ) ;
#1719 = AXIS2_PLACEMENT_3D ( 'NONE', #1359, #372, #1029 ) ;
#1720 = ORIENTED_EDGE ( 'NONE', *, *, #1766, .T. ) ;
#1721 = CARTESIAN_POINT ( 'NONE',  ( -24.99999999999998934, -4.000000000000000000, 3.469446951953614189E-15 ) ) ;
#1722 = FACE_OUTER_BOUND ( 'NONE', #2132, .T. ) ;
#1723 = CIRCLE ( 'NONE', #1268, 1.649999999999988365 ) ;
#1724 = CIRCLE ( 'NONE', #51, 1.649999999999998579 ) ;
#1725 = FACE_BOUND ( 'NONE', #1247, .T. ) ;
#1726 = VECTOR ( 'NONE', #997, 1000.000000000000000 ) ;
#1727 = DIRECTION ( 'NONE',  ( -1.000000000000000000, -0.000000000000000000, 1.541976423090495880E-16 ) ) ;
#1728 = DIRECTION ( 'NONE',  ( 0.000000000000000000, 0.000000000000000000, -1.000000000000000000 ) ) ;
#1729 = DIRECTION ( 'NONE',  ( 0.000000000000000000, 0.000000000000000000, 1.000000000000000000 ) ) ;
#1730 = VERTEX_POINT ( 'NONE', #1436 ) ;
#1731 = ORIENTED_EDGE ( 'NONE', *, *, #350, .T. ) ;
#1732 = CARTESIAN_POINT ( 'NONE',  ( -24.99999999999998934, 0.000000000000000000, 28.35000000000001563 ) ) ;
#1733 = PLANE ( 'NONE',  #1681 ) ;
#1734 = VERTEX_POINT ( 'NONE', #410 ) ;
#1735 = PLANE ( 'NONE',  #433 ) ;
#1736 = EDGE_CURVE ( 'NONE', #970, #1101, #364, .T. ) ;
#1737 = DIRECTION ( 'NONE',  ( -3.469446951953614583E-15, -1.000000000000000000, 0.000000000000000000 ) ) ;
#1738 = DIRECTION ( 'NONE',  ( -3.469446951953614583E-15, 1.000000000000000000, 0.000000000000000000 ) ) ;
#1739 = CARTESIAN_POINT ( 'NONE',  ( 40.00000000000024158, 30.00000000000026645, 44.99999999999996447 ) ) ;
#1740 = ORIENTED_EDGE ( 'NONE', *, *, #967, .T. ) ;
#1741 = ORIENTED_EDGE ( 'NONE', *, *, #154, .F. ) ;
#1742 = LINE ( 'NONE', #765, #953 ) ;
#1743 = CYLINDRICAL_SURFACE ( 'NONE', #2038, 1.649999999999988365 ) ;
#1744 = EDGE_CURVE ( 'NONE', #1105, #434, #1601, .T. ) ;
#1745 = ORIENTED_EDGE ( 'NONE', *, *, #895, .F. ) ;
#1746 = CARTESIAN_POINT ( 'NONE',  ( 36.00000000000007105, 24.99999999999998579, -1.650000000000014122 ) ) ;
#1747 = PLANE ( 'NONE',  #1970 ) ;
#1748 = LINE ( 'NONE', #1583, #120 ) ;
#1749 = APPROVAL_ROLE ( '' ) ;
#1750 = FACE_OUTER_BOUND ( 'NONE', #1659, .T. ) ;
#1751 = ORIENTED_EDGE ( 'NONE', *, *, #734, .F. ) ;
#1752 = LINE ( 'NONE', #1102, #818 ) ;
#1753 = AXIS2_PLACEMENT_3D ( 'NONE', #2136, #631, #1291 ) ;
#1754 = EDGE_LOOP ( 'NONE', ( #422, #377, #910, #928 ) ) ;
#1755 = EDGE_LOOP ( 'NONE', ( #1614, #50 ) ) ;
#1756 = CIRCLE ( 'NONE', #293, 5.000000000000007994 ) ;
#1757 = DIRECTION ( 'NONE',  ( 1.000000000000000000, -0.000000000000000000, 1.541976423090495880E-16 ) ) ;
#1758 = AXIS2_PLACEMENT_3D ( 'NONE', #700, #1908, #1374 ) ;
#1759 = ORIENTED_EDGE ( 'NONE', *, *, #1508, .F. ) ;
#1760 = CARTESIAN_POINT ( 'NONE',  ( -40.00000000000000711, -1.527438034335171767E-13, 6.167905692361985689E-15 ) ) ;
#1761 = CIRCLE ( 'NONE', #1619, 1.649999999999998579 ) ;
#1762 = VECTOR ( 'NONE', #1515, 1000.000000000000000 ) ;
#1763 = DIRECTION ( 'NONE',  ( 0.000000000000000000, 0.000000000000000000, 1.000000000000000000 ) ) ;
#1764 = SHAPE_DEFINITION_REPRESENTATION ( #235, #723 ) ;
#1765 = LOCAL_TIME ( 20, 46, 26.00000000000000000, #427 ) ;
#1766 = EDGE_CURVE ( 'NONE', #1806, #458, #2159, .T. ) ;
#1767 = EDGE_LOOP ( 'NONE', ( #1519, #1347, #791, #275 ) ) ;
#1768 = CARTESIAN_POINT ( 'NONE',  ( 40.00000000000003553, 9.999999999999987566, 26.64999999999998792 ) ) ;
#1769 = APPROVAL ( #946, '未' ) ;
#1770 = ADVANCED_FACE ( 'NONE', ( #1249 ), #2118, .F. ) ;
#1771 = ORIENTED_EDGE ( 'NONE', *, *, #244, .F. ) ;
#1772 = CARTESIAN_POINT ( 'NONE',  ( -40.00000000000003553, 9.999999999999987566, 23.34999999999998721 ) ) ;
#1773 = ORIENTED_EDGE ( 'NONE', *, *, #1373, .T. ) ;
#1774 = DIRECTION ( 'NONE',  ( -3.469446951953614583E-15, 1.000000000000000000, 0.000000000000000000 ) ) ;
#1775 = CARTESIAN_POINT ( 'NONE',  ( -40.00000000000003553, 9.999999999999987566, 24.99999999999998579 ) ) ;
#1776 = ORIENTED_EDGE ( 'NONE', *, *, #87, .T. ) ;
#1777 = EDGE_CURVE ( 'NONE', #1338, #479, #1080, .T. ) ;
#1778 = PLANE ( 'NONE',  #118 ) ;
#1779 = ORIENTED_EDGE ( 'NONE', *, *, #224, .T. ) ;
#1780 = CYLINDRICAL_SURFACE ( 'NONE', #1942, 1.649999999999998579 ) ;
#1781 = ORIENTED_EDGE ( 'NONE', *, *, #1694, .F. ) ;
#1782 = LINE ( 'NONE', #285, #612 ) ;
#1783 = LINE ( 'NONE', #425, #1685 ) ;
#1784 = APPROVAL_STATUS ( 'not_yet_approved' ) ;
#1785 = ORIENTED_EDGE ( 'NONE', *, *, #746, .T. ) ;
#1786 = EDGE_LOOP ( 'NONE', ( #2164, #922, #1069, #52 ) ) ;
#1787 = LINE ( 'NONE', #290, #531 ) ;
#1788 = ORIENTED_EDGE ( 'NONE', *, *, #1902, .F. ) ;
#1789 = CARTESIAN_POINT ( 'NONE',  ( -40.00000000000003553, 9.999999999999987566, 26.64999999999998792 ) ) ;
#1790 = AXIS2_PLACEMENT_3D ( 'NONE', #1620, #128, #462 ) ;
#1791 = EDGE_CURVE ( 'NONE', #869, #1460, #1742, .T. ) ;
#1792 = VECTOR ( 'NONE', #949, 1000.000000000000000 ) ;
#1793 = ORIENTED_EDGE ( 'NONE', *, *, #1630, .T. ) ;
#1794 = LINE ( 'NONE', #494, #161 ) ;
#1795 = AXIS2_PLACEMENT_3D ( 'NONE', #1384, #523, #198 ) ;
#1796 = VECTOR ( 'NONE', #1821, 1000.000000000000000 ) ;
#1797 = EDGE_CURVE ( 'NONE', #61, #2167, #752, .T. ) ;
#1798 = FACE_OUTER_BOUND ( 'NONE', #627, .T. ) ;
#1799 = PERSON_AND_ORGANIZATION ( #2013, #923 ) ;
#1800 = CYLINDRICAL_SURFACE ( 'NONE', #1081, 1.649999999999998579 ) ;
#1801 = VERTEX_POINT ( 'NONE', #276 ) ;
#1802 = EDGE_LOOP ( 'NONE', ( #110, #1147, #267, #1708 ) ) ;
#1803 = CARTESIAN_POINT ( 'NONE',  ( 25.00000000000001066, 0.000000000000000000, -28.35000000000000853 ) ) ;
#1804 = VECTOR ( 'NONE', #1204, 1000.000000000000000 ) ;
#1805 = CIRCLE ( 'NONE', #618, 1.649999999999998579 ) ;
#1806 = VERTEX_POINT ( 'NONE', #1427 ) ;
#1807 = FACE_OUTER_BOUND ( 'NONE', #678, .T. ) ;
#1808 = ORIENTED_EDGE ( 'NONE', *, *, #1133, .F. ) ;
#1809 = CARTESIAN_POINT ( 'NONE',  ( 25.00000000000001066, -4.000000000000001776, -29.99999999999999645 ) ) ;
#1810 = DIRECTION ( 'NONE',  ( 1.000000000000000000, -0.000000000000000000, 1.541976423090495880E-16 ) ) ;
#1811 = CARTESIAN_POINT ( 'NONE',  ( -24.99999999999998934, 0.000000000000000000, -29.99999999999999645 ) ) ;
#1812 = EDGE_CURVE ( 'NONE', #1342, #502, #1134, .T. ) ;
#1813 = ORIENTED_EDGE ( 'NONE', *, *, #1283, .T. ) ;
#1814 = ORIENTED_EDGE ( 'NONE', *, *, #1313, .F. ) ;
#1815 = DIRECTION ( 'NONE',  ( -4.205390244792263185E-15, 1.000000000000000000, 0.000000000000000000 ) ) ;
#1816 = EDGE_LOOP ( 'NONE', ( #1138, #1543, #62, #638 ) ) ;
#1817 = CARTESIAN_POINT ( 'NONE',  ( -40.00000000000014211, 39.99999999999998579, 23.34999999999998721 ) ) ;
#1818 = VERTEX_POINT ( 'NONE', #2082 ) ;
#1819 = CARTESIAN_POINT ( 'NONE',  ( -40.00000000000000000, -1.527438034335171515E-13, 44.99999999999998579 ) ) ;
#1820 = EDGE_CURVE ( 'NONE', #1214, #1717, #1409, .T. ) ;
#1821 = DIRECTION ( 'NONE',  ( -0.000000000000000000, -1.000000000000000000, -0.000000000000000000 ) ) ;
#1822 = ORIENTED_EDGE ( 'NONE', *, *, #832, .F. ) ;
#1823 = EDGE_LOOP ( 'NONE', ( #442, #919 ) ) ;
#1824 = CARTESIAN_POINT ( 'NONE',  ( 25.00000000000001066, -4.000000000000000000, 31.64999999999999147 ) ) ;
#1825 = DIRECTION ( 'NONE',  ( 0.000000000000000000, 0.000000000000000000, -1.000000000000000000 ) ) ;
#1826 = EDGE_LOOP ( 'NONE', ( #1078, #103, #1321, #2081 ) ) ;
#1827 = DIRECTION ( 'NONE',  ( 1.541976423090495880E-16, 8.758115402030106693E-47, 1.000000000000000000 ) ) ;
#1828 = AXIS2_PLACEMENT_3D ( 'NONE', #70, #1920, #234 ) ;
#1829 = CARTESIAN_POINT ( 'NONE',  ( -24.99999999999998934, -4.000000000000001776, -29.99999999999999645 ) ) ;
#1830 = CIRCLE ( 'NONE', #501, 1.649999999999988365 ) ;
#1831 = DIRECTION ( 'NONE',  ( 0.000000000000000000, 0.000000000000000000, 1.000000000000000000 ) ) ;
#1832 = VECTOR ( 'NONE', #105, 1000.000000000000000 ) ;
#1833 = VERTEX_POINT ( 'NONE', #1732 ) ;
#1834 = CARTESIAN_POINT ( 'NONE',  ( 40.00000000000015632, 39.99999999999998579, -25.00000000000001421 ) ) ;
#1835 = VECTOR ( 'NONE', #278, 1000.000000000000000 ) ;
#1836 = CIRCLE ( 'NONE', #885, 1.649999999999988365 ) ;
#1837 = DIRECTION ( 'NONE',  ( -0.000000000000000000, -1.000000000000000000, -0.000000000000000000 ) ) ;
#1838 = ADVANCED_FACE ( 'NONE', ( #447 ), #1780, .F. ) ;
#1839 = EDGE_CURVE ( 'NONE', #1528, #99, #575, .T. ) ;
#1840 = VERTEX_POINT ( 'NONE', #400 ) ;
#1841 = DIRECTION ( 'NONE',  ( 0.000000000000000000, 0.000000000000000000, -1.000000000000000000 ) ) ;
#1842 = CYLINDRICAL_SURFACE ( 'NONE', #1652, 1.649999999999998579 ) ;
#1843 = ORIENTED_EDGE ( 'NONE', *, *, #1046, .T. ) ;
#1844 = LINE ( 'NONE', #1663, #645 ) ;
#1845 = EDGE_CURVE ( 'NONE', #654, #2054, #238, .T. ) ;
#1846 = EDGE_LOOP ( 'NONE', ( #368, #355 ) ) ;
#1847 = LINE ( 'NONE', #1201, #1907 ) ;
#1848 = ORIENTED_EDGE ( 'NONE', *, *, #1665, .F. ) ;
#1849 = DIRECTION ( 'NONE',  ( -0.000000000000000000, -1.000000000000000000, -0.000000000000000000 ) ) ;
#1850 = DIRECTION ( 'NONE',  ( -0.000000000000000000, -1.000000000000000000, -0.000000000000000000 ) ) ;
#1851 = ORIENTED_EDGE ( 'NONE', *, *, #2093, .T. ) ;
#1852 = CARTESIAN_POINT ( 'NONE',  ( 36.00000000000000711, 0.9999999999999940048, 44.99999999999998579 ) ) ;
#1853 = EDGE_LOOP ( 'NONE', ( #974, #1921, #1241, #1745 ) ) ;
#1854 = LOCAL_TIME ( 20, 46, 26.00000000000000000, #255 ) ;
#1855 = DIRECTION ( 'NONE',  ( 0.000000000000000000, 0.000000000000000000, -1.000000000000000000 ) ) ;
#1856 = ORIENTED_EDGE ( 'NONE', *, *, #87, .F. ) ;
#1857 = CARTESIAN_POINT ( 'NONE',  ( 40.00000000000003553, 9.999999999999987566, 24.99999999999998579 ) ) ;
#1858 = EDGE_CURVE ( 'NONE', #225, #684, #537, .T. ) ;
#1859 = VECTOR ( 'NONE', #1040, 1000.000000000000000 ) ;
#1860 = LINE ( 'NONE', #379, #2014 ) ;
#1861 = AXIS2_PLACEMENT_3D ( 'NONE', #1884, #208, #701 ) ;
#1862 = ADVANCED_FACE ( 'NONE', ( #1936 ), #1566, .T. ) ;
#1863 = EDGE_CURVE ( 'NONE', #314, #1947, #1239, .T. ) ;
#1864 = AXIS2_PLACEMENT_3D ( 'NONE', #785, #1931, #465 ) ;
#1865 = ORIENTED_EDGE ( 'NONE', *, *, #1312, .T. ) ;
#1866 = DIRECTION ( 'NONE',  ( -1.000000000000000000, 3.469446951953614583E-15, 1.541976423090495880E-16 ) ) ;
#1867 = EDGE_LOOP ( 'NONE', ( #901, #1626, #1773, #1426 ) ) ;
#1868 = AXIS2_PLACEMENT_3D ( 'NONE', #914, #1488, #1841 ) ;
#1869 = CARTESIAN_POINT ( 'NONE',  ( -36.00000000000004263, 9.999999999999987566, 23.34999999999998721 ) ) ;
#1870 = VECTOR ( 'NONE', #520, 1000.000000000000000 ) ;
#1871 = ORIENTED_EDGE ( 'NONE', *, *, #734, .T. ) ;
#1872 = CARTESIAN_POINT ( 'NONE',  ( -40.00000000000015632, 39.99999999999998579, -25.00000000000001421 ) ) ;
#1873 = AXIS2_PLACEMENT_3D ( 'NONE', #687, #1189, #1538 ) ;
#1874 = DIRECTION ( 'NONE',  ( -6.938893903907173946E-15, -1.000000000000000000, 0.000000000000000000 ) ) ;
#1875 = FACE_OUTER_BOUND ( 'NONE', #1141, .T. ) ;
#1876 = EDGE_CURVE ( 'NONE', #1801, #1001, #927, .T. ) ;
#1877 = CARTESIAN_POINT ( 'NONE',  ( -36.00000000000005684, 9.999999999999987566, -25.00000000000001421 ) ) ;
#1878 = DIRECTION ( 'NONE',  ( 0.000000000000000000, 0.000000000000000000, 1.000000000000000000 ) ) ;
#1879 = VERTEX_POINT ( 'NONE', #1772 ) ;
#1880 = FACE_OUTER_BOUND ( 'NONE', #352, .T. ) ;
#1881 = CARTESIAN_POINT ( 'NONE',  ( 1.040834085586084257E-14, 0.000000000000000000, -29.99999999999999645 ) ) ;
#1882 = DIRECTION ( 'NONE',  ( -1.000000000000000000, 3.469446951953614583E-15, 1.541976423090495880E-16 ) ) ;
#1883 = CYLINDRICAL_SURFACE ( 'NONE', #676, 1.649999999999998579 ) ;
#1884 = CARTESIAN_POINT ( 'NONE',  ( -35.00000000000002132, 0.9999999999999974465, 44.99999999999998579 ) ) ;
#1885 = DIRECTION ( 'NONE',  ( 0.000000000000000000, 1.000000000000000000, 0.000000000000000000 ) ) ;
#1886 = CARTESIAN_POINT ( 'NONE',  ( 40.00000000000003553, 9.999999999999987566, 26.64999999999998792 ) ) ;
#1887 = EDGE_LOOP ( 'NONE', ( #948, #150 ) ) ;
#1888 = FACE_OUTER_BOUND ( 'NONE', #1435, .T. ) ;
#1889 = CARTESIAN_POINT ( 'NONE',  ( 40.00000000000014211, 39.99999999999998579, 24.99999999999998579 ) ) ;
#1890 = DIRECTION ( 'NONE',  ( -0.000000000000000000, -1.000000000000000000, -0.000000000000000000 ) ) ;
#1891 = DIRECTION ( 'NONE',  ( 0.000000000000000000, 0.000000000000000000, -1.000000000000000000 ) ) ;
#1892 = FACE_BOUND ( 'NONE', #437, .T. ) ;
#1893 = AXIS2_PLACEMENT_3D ( 'NONE', #886, #1053, #59 ) ;
#1894 = CARTESIAN_POINT ( 'NONE',  ( -35.00000000000002132, 0.9999999999999974465, 44.99999999999998579 ) ) ;
#1895 = DIRECTION ( 'NONE',  ( -3.469446951953614583E-15, -1.000000000000000000, 0.000000000000000000 ) ) ;
#1896 = AXIS2_PLACEMENT_3D ( 'NONE', #761, #1623, #594 ) ;
#1897 = ORIENTED_EDGE ( 'NONE', *, *, #1876, .F. ) ;
#1898 = AXIS2_PLACEMENT_3D ( 'NONE', #621, #1098, #1408 ) ;
#1899 = ORIENTED_EDGE ( 'NONE', *, *, #1119, .T. ) ;
#1900 = CARTESIAN_POINT ( 'NONE',  ( -40.00000000000004974, 9.999999999999987566, -25.00000000000001421 ) ) ;
#1901 = FACE_BOUND ( 'NONE', #144, .T. ) ;
#1902 = EDGE_CURVE ( 'NONE', #1082, #1001, #338, .T. ) ;
#1903 = AXIS2_PLACEMENT_3D ( 'NONE', #1497, #1146, #9 ) ;
#1904 = ORIENTED_EDGE ( 'NONE', *, *, #518, .F. ) ;
#1905 = CIRCLE ( 'NONE', #300, 1.649999999999998579 ) ;
#1906 = DIRECTION ( 'NONE',  ( 1.000000000000000000, 3.469446951953614583E-15, -1.541976423090495880E-16 ) ) ;
#1907 = VECTOR ( 'NONE', #376, 1000.000000000000000 ) ;
#1908 = DIRECTION ( 'NONE',  ( 0.000000000000000000, 1.000000000000000000, 0.000000000000000000 ) ) ;
#1909 = DIRECTION ( 'NONE',  ( 0.000000000000000000, 0.000000000000000000, 1.000000000000000000 ) ) ;
#1910 = CARTESIAN_POINT ( 'NONE',  ( -40.00000000000015632, 39.99999999999998579, -23.35000000000001563 ) ) ;
#1911 = EDGE_CURVE ( 'NONE', #1833, #1223, #457, .T. ) ;
#1912 = ORIENTED_EDGE ( 'NONE', *, *, #1119, .F. ) ;
#1913 = DIRECTION ( 'NONE',  ( 1.000000000000000000, 3.491481338843134144E-15, -1.541976423090495387E-16 ) ) ;
#1914 = LINE ( 'NONE', #2109, #528 ) ;
#1915 = ORIENTED_EDGE ( 'NONE', *, *, #2027, .T. ) ;
#1916 = CYLINDRICAL_SURFACE ( 'NONE', #1976, 1.000000000000007772 ) ;
#1917 = FACE_OUTER_BOUND ( 'NONE', #1541, .T. ) ;
#1918 = DIRECTION ( 'NONE',  ( 1.000000000000000000, 3.469446951953614583E-15, -1.541976423090495880E-16 ) ) ;
#1919 = CARTESIAN_POINT ( 'NONE',  ( -40.00000000000003553, 9.999999999999987566, 24.99999999999998579 ) ) ;
#1920 = DIRECTION ( 'NONE',  ( -0.000000000000000000, -1.000000000000000000, -0.000000000000000000 ) ) ;
#1921 = ORIENTED_EDGE ( 'NONE', *, *, #487, .F. ) ;
#1922 = ORIENTED_EDGE ( 'NONE', *, *, #1925, .T. ) ;
#1923 = DIRECTION ( 'NONE',  ( -0.000000000000000000, -1.000000000000000000, -0.000000000000000000 ) ) ;
#1924 = ORIENTED_EDGE ( 'NONE', *, *, #1509, .F. ) ;
#1925 = EDGE_CURVE ( 'NONE', #1840, #597, #652, .T. ) ;
#1926 = CARTESIAN_POINT ( 'NONE',  ( 34.99999999999999289, 0.9999999999999940048, -44.99999999999998579 ) ) ;
#1927 = LINE ( 'NONE', #1442, #744 ) ;
#1928 = CC_DESIGN_PERSON_AND_ORGANIZATION_ASSIGNMENT ( #461, #1267, ( #561 ) ) ;
#1929 = EDGE_CURVE ( 'NONE', #588, #493, #319, .T. ) ;
#1930 = CARTESIAN_POINT ( 'NONE',  ( 36.00000000000015632, 50.00000000000000000, -44.99999999999998579 ) ) ;
#1931 = DIRECTION ( 'NONE',  ( -1.000000000000000000, 3.469446951953614583E-15, 1.541976423090495880E-16 ) ) ;
#1932 = VECTOR ( 'NONE', #1895, 1000.000000000000000 ) ;
#1933 = ORIENTED_EDGE ( 'NONE', *, *, #1151, .T. ) ;
#1934 = ORIENTED_EDGE ( 'NONE', *, *, #57, .T. ) ;
#1935 = VECTOR ( 'NONE', #2149, 1000.000000000000000 ) ;
#1936 = FACE_OUTER_BOUND ( 'NONE', #1100, .T. ) ;
#1937 = DIRECTION ( 'NONE',  ( 1.000000000000000000, -0.000000000000000000, 1.541976423090495880E-16 ) ) ;
#1938 = AXIS2_PLACEMENT_3D ( 'NONE', #1352, #1525, #2049 ) ;
#1939 = ORIENTED_EDGE ( 'NONE', *, *, #1812, .F. ) ;
#1940 = FACE_BOUND ( 'NONE', #954, .T. ) ;
#1941 = VECTOR ( 'NONE', #1502, 1000.000000000000000 ) ;
#1942 = AXIS2_PLACEMENT_3D ( 'NONE', #1900, #559, #598 ) ;
#1943 = CYLINDRICAL_SURFACE ( 'NONE', #2078, 1.649999999999998579 ) ;
#1944 = COORDINATED_UNIVERSAL_TIME_OFFSET ( 8, 0, .AHEAD. ) ;
#1945 = CIRCLE ( 'NONE', #1873, 1.649999999999988365 ) ;
#1946 = CARTESIAN_POINT ( 'NONE',  ( -24.99999999999998934, 0.000000000000000000, 31.64999999999999147 ) ) ;
#1947 = VERTEX_POINT ( 'NONE', #309 ) ;
#1948 = VERTEX_POINT ( 'NONE', #964 ) ;
#1949 = CARTESIAN_POINT ( 'NONE',  ( 36.00000000000009948, 30.00000000000025224, 44.99999999999996447 ) ) ;
#1950 = ORIENTED_EDGE ( 'NONE', *, *, #674, .T. ) ;
#1951 = DIRECTION ( 'NONE',  ( 0.000000000000000000, 1.000000000000000000, 0.000000000000000000 ) ) ;
#1952 = VERTEX_POINT ( 'NONE', #1984 ) ;
#1953 = DIRECTION ( 'NONE',  ( 0.000000000000000000, 0.000000000000000000, -1.000000000000000000 ) ) ;
#1954 = DIRECTION ( 'NONE',  ( -4.205390244792263185E-15, 1.000000000000000000, 0.000000000000000000 ) ) ;
#1955 = PERSON_AND_ORGANIZATION ( #2013, #923 ) ;
#1956 = ORIENTED_EDGE ( 'NONE', *, *, #698, .T. ) ;
#1957 = DIRECTION ( 'NONE',  ( 3.491481338843134144E-15, -1.000000000000000000, -5.383781906156552198E-31 ) ) ;
#1958 = ADVANCED_FACE ( 'NONE', ( #952 ), #626, .F. ) ;
#1959 = ORIENTED_EDGE ( 'NONE', *, *, #444, .F. ) ;
#1960 = FACE_OUTER_BOUND ( 'NONE', #1462, .T. ) ;
#1961 = ORIENTED_EDGE ( 'NONE', *, *, #295, .T. ) ;
#1962 = CARTESIAN_POINT ( 'NONE',  ( 36.00000000000012790, 39.99999999999998579, -26.65000000000001279 ) ) ;
#1963 = DIRECTION ( 'NONE',  ( 0.000000000000000000, 0.000000000000000000, -1.000000000000000000 ) ) ;
#1964 = DATE_TIME_ROLE ( 'creation_date' ) ;
#1965 = FACE_OUTER_BOUND ( 'NONE', #482, .T. ) ;
#1966 = ORIENTED_EDGE ( 'NONE', *, *, #1008, .F. ) ;
#1967 = LINE ( 'NONE', #1282, #1935 ) ;
#1968 = VERTEX_POINT ( 'NONE', #1452 ) ;
#1969 = CARTESIAN_POINT ( 'NONE',  ( -24.99999999999998934, 0.000000000000000000, 30.00000000000000355 ) ) ;
#1970 = AXIS2_PLACEMENT_3D ( 'NONE', #756, #1170, #1 ) ;
#1971 = VECTOR ( 'NONE', #2022, 1000.000000000000000 ) ;
#1972 = ORIENTED_EDGE ( 'NONE', *, *, #842, .T. ) ;
#1973 = DIRECTION ( 'NONE',  ( 0.000000000000000000, 0.000000000000000000, -1.000000000000000000 ) ) ;
#1974 = EDGE_CURVE ( 'NONE', #417, #247, #887, .T. ) ;
#1975 = AXIS2_PLACEMENT_3D ( 'NONE', #1560, #68, #1219 ) ;
#1976 = AXIS2_PLACEMENT_3D ( 'NONE', #104, #1603, #412 ) ;
#1977 = CARTESIAN_POINT ( 'NONE',  ( -40.00000000000002132, 0.000000000000000000, -45.00000000000000000 ) ) ;
#1978 = APPROVAL_DATE_TIME ( #1443, #1769 ) ;
#1979 = CIRCLE ( 'NONE', #573, 1.649999999999988365 ) ;
#1980 = VERTEX_POINT ( 'NONE', #1296 ) ;
#1981 = CARTESIAN_POINT ( 'NONE',  ( -24.99999999999998934, -4.000000000000001776, 30.00000000000000355 ) ) ;
#1982 = AXIS2_PLACEMENT_3D ( 'NONE', #510, #1336, #1855 ) ;
#1983 = ORIENTED_EDGE ( 'NONE', *, *, #1839, .F. ) ;
#1984 = CARTESIAN_POINT ( 'NONE',  ( -36.00000000000004263, 9.999999999999987566, 26.64999999999998792 ) ) ;
#1985 = EDGE_CURVE ( 'NONE', #308, #1833, #1273, .T. ) ;
#1986 = EDGE_LOOP ( 'NONE', ( #1788, #258 ) ) ;
#1987 = CARTESIAN_POINT ( 'NONE',  ( 25.00000000000001066, 0.000000000000000000, 1.649999999999991696 ) ) ;
#1988 = DIRECTION ( 'NONE',  ( 0.000000000000000000, 0.000000000000000000, -1.000000000000000000 ) ) ;
#1989 = ORIENTED_EDGE ( 'NONE', *, *, #1489, .F. ) ;
#1990 = CARTESIAN_POINT ( 'NONE',  ( 40.00000000000014211, 39.99999999999998579, 26.64999999999998792 ) ) ;
#1991 = DIRECTION ( 'NONE',  ( 0.000000000000000000, 0.000000000000000000, 1.000000000000000000 ) ) ;
#1992 = CC_DESIGN_PERSON_AND_ORGANIZATION_ASSIGNMENT ( #916, #1618, ( #1486 ) ) ;
#1993 = ORIENTED_EDGE ( 'NONE', *, *, #855, .F. ) ;
#1994 = CARTESIAN_POINT ( 'NONE',  ( 25.00000000000001066, 0.000000000000000000, -29.99999999999999645 ) ) ;
#1995 = CARTESIAN_POINT ( 'NONE',  ( -40.00000000000009948, 24.99999999999998579, -1.464877601935970260E-14 ) ) ;
#1996 = ORIENTED_EDGE ( 'NONE', *, *, #925, .F. ) ;
#1997 = ORIENTED_EDGE ( 'NONE', *, *, #855, .T. ) ;
#1998 = CARTESIAN_POINT ( 'NONE',  ( -40.00000000000002132, 0.9999999999999800160, -44.99999999999998579 ) ) ;
#1999 = EDGE_CURVE ( 'NONE', #2001, #938, #268, .T. ) ;
#2000 = EDGE_CURVE ( 'NONE', #684, #417, #1285, .T. ) ;
#2001 = VERTEX_POINT ( 'NONE', #1163 ) ;
#2002 = DIRECTION ( 'NONE',  ( 0.000000000000000000, 0.000000000000000000, 1.000000000000000000 ) ) ;
#2003 = ADVANCED_FACE ( 'NONE', ( #1153 ), #1461, .F. ) ;
#2004 = EDGE_LOOP ( 'NONE', ( #1111, #1781 ) ) ;
#2005 = PLANE ( 'NONE',  #534 ) ;
#2006 = AXIS2_PLACEMENT_3D ( 'NONE', #918, #2076, #1738 ) ;
#2007 = CARTESIAN_POINT ( 'NONE',  ( -24.99999999999998934, 0.000000000000000000, -1.649999999999984812 ) ) ;
#2008 = CIRCLE ( 'NONE', #1896, 1.649999999999998579 ) ;
#2009 = ADVANCED_FACE ( 'NONE', ( #1960 ), #483, .F. ) ;
#2010 = AXIS2_PLACEMENT_3D ( 'NONE', #1995, #138, #15 ) ;
#2011 = EDGE_LOOP ( 'NONE', ( #1192, #1185 ) ) ;
#2012 = DIRECTION ( 'NONE',  ( 0.000000000000000000, 0.000000000000000000, -1.000000000000000000 ) ) ;
#2013 = PERSON ( '未', '未', '未', ('未'), ('未'), ('未') ) ;
#2014 = VECTOR ( 'NONE', #185, 1000.000000000000000 ) ;
#2015 = VERTEX_POINT ( 'NONE', #1789 ) ;
#2016 = DIRECTION ( 'NONE',  ( 0.000000000000000000, 0.000000000000000000, -1.000000000000000000 ) ) ;
#2017 = AXIS2_PLACEMENT_3D ( 'NONE', #958, #1420, #1254 ) ;
#2018 = EDGE_LOOP ( 'NONE', ( #1491, #273, #237, #248 ) ) ;
#2019 = CARTESIAN_POINT ( 'NONE',  ( 25.00000000000001066, -4.000000000000001776, 30.00000000000000355 ) ) ;
#2020 = DIRECTION ( 'NONE',  ( 0.000000000000000000, 0.000000000000000000, -1.000000000000000000 ) ) ;
#2021 = ORIENTED_EDGE ( 'NONE', *, *, #1145, .F. ) ;
#2022 = DIRECTION ( 'NONE',  ( -1.541976423090498592E-16, -7.709882115452480632E-17, -1.000000000000000000 ) ) ;
#2023 = ADVANCED_FACE ( 'NONE', ( #143 ), #294, .F. ) ;
#2024 = DIRECTION ( 'NONE',  ( 1.000000000000000000, -0.000000000000000000, 1.541976423090495880E-16 ) ) ;
#2025 = ORIENTED_EDGE ( 'NONE', *, *, #1157, .F. ) ;
#2026 = LINE ( 'NONE', #550, #1196 ) ;
#2027 = EDGE_CURVE ( 'NONE', #1079, #1082, #134, .T. ) ;
#2028 = DIRECTION ( 'NONE',  ( 0.000000000000000000, 0.000000000000000000, -1.000000000000000000 ) ) ;
#2029 = EDGE_LOOP ( 'NONE', ( #1580, #330 ) ) ;
#2030 = CARTESIAN_POINT ( 'NONE',  ( -40.00000000000003553, 0.9999999999999800160, -44.99999999999998579 ) ) ;
#2031 = EDGE_LOOP ( 'NONE', ( #557, #1814 ) ) ;
#2032 =( LENGTH_UNIT ( ) NAMED_UNIT ( * ) SI_UNIT ( .MILLI., .METRE. ) );
#2033 = VERTEX_POINT ( 'NONE', #636 ) ;
#2034 = CARTESIAN_POINT ( 'NONE',  ( 1.040834085586084257E-14, -4.000000000000001776, 28.35000000000001563 ) ) ;
#2035 = CARTESIAN_POINT ( 'NONE',  ( -24.99999999999998934, -4.000000000000000000, -28.35000000000000853 ) ) ;
#2036 = ADVANCED_FACE ( 'NONE', ( #1807 ), #809, .F. ) ;
#2037 = FACE_BOUND ( 'NONE', #320, .T. ) ;
#2038 = AXIS2_PLACEMENT_3D ( 'NONE', #892, #420, #230 ) ;
#2039 = AXIS2_PLACEMENT_3D ( 'NONE', #1055, #874, #60 ) ;
#2040 = FACE_BOUND ( 'NONE', #646, .T. ) ;
#2041 = CIRCLE ( 'NONE', #1579, 1.649999999999988365 ) ;
#2042 = CARTESIAN_POINT ( 'NONE',  ( 40.00000000000017053, 49.99999999999998579, 44.99999999999998579 ) ) ;
#2043 = VECTOR ( 'NONE', #544, 1000.000000000000000 ) ;
#2044 = AXIS2_PLACEMENT_3D ( 'NONE', #2019, #1849, #1544 ) ;
#2045 = ORIENTED_EDGE ( 'NONE', *, *, #615, .T. ) ;
#2046 = FACE_OUTER_BOUND ( 'NONE', #1556, .T. ) ;
#2047 = VECTOR ( 'NONE', #151, 1000.000000000000000 ) ;
#2048 = DIRECTION ( 'NONE',  ( 0.000000000000000000, 1.000000000000000000, 0.000000000000000000 ) ) ;
#2049 = DIRECTION ( 'NONE',  ( 0.000000000000000000, 0.000000000000000000, -1.000000000000000000 ) ) ;
#2050 = FACE_BOUND ( 'NONE', #1315, .T. ) ;
#2051 = CARTESIAN_POINT ( 'NONE',  ( -24.99999999999998934, -4.000000000000001776, -31.64999999999998437 ) ) ;
#2052 =( NAMED_UNIT ( * ) PLANE_ANGLE_UNIT ( ) SI_UNIT ( $, .RADIAN. ) );
#2053 = ORIENTED_EDGE ( 'NONE', *, *, #859, .F. ) ;
#2054 = VERTEX_POINT ( 'NONE', #1817 ) ;
#2055 = DIRECTION ( 'NONE',  ( 0.000000000000000000, 0.000000000000000000, 1.000000000000000000 ) ) ;
#2056 = DIRECTION ( 'NONE',  ( -0.000000000000000000, -0.000000000000000000, 1.000000000000000000 ) ) ;
#2057 = CARTESIAN_POINT ( 'NONE',  ( -40.00000000000015632, 39.99999999999998579, -26.65000000000001279 ) ) ;
#2058 = DIRECTION ( 'NONE',  ( 1.000000000000000000, 3.469446951953614189E-15, -1.541976423090495880E-16 ) ) ;
#2059 = EDGE_CURVE ( 'NONE', #1952, #2097, #1805, .T. ) ;
#2060 = FACE_OUTER_BOUND ( 'NONE', #1754, .T. ) ;
#2061 = FACE_OUTER_BOUND ( 'NONE', #1683, .T. ) ;
#2062 = CARTESIAN_POINT ( 'NONE',  ( 36.00000000000012790, 39.99999999999998579, -25.00000000000001421 ) ) ;
#2063 = EDGE_CURVE ( 'NONE', #808, #1690, #658, .T. ) ;
#2064 = EDGE_CURVE ( 'NONE', #938, #943, #384, .T. ) ;
#2065 = CARTESIAN_POINT ( 'NONE',  ( 25.00000000000001066, -4.000000000000000000, 1.649999999999991696 ) ) ;
#2066 = EDGE_LOOP ( 'NONE', ( #1089, #659 ) ) ;
#2067 = DIRECTION ( 'NONE',  ( 0.000000000000000000, 1.000000000000000000, 0.000000000000000000 ) ) ;
#2068 = FACE_BOUND ( 'NONE', #171, .T. ) ;
#2069 = CC_DESIGN_SECURITY_CLASSIFICATION ( #1093, ( #1486 ) ) ;
#2070 = ORIENTED_EDGE ( 'NONE', *, *, #421, .F. ) ;
#2071 = CARTESIAN_POINT ( 'NONE',  ( -36.00000000000007105, 15.00000000000000355, 44.99999999999998579 ) ) ;
#2072 = FACE_BOUND ( 'NONE', #1354, .T. ) ;
#2073 = VECTOR ( 'NONE', #1385, 1000.000000000000000 ) ;
#2074 = EDGE_CURVE ( 'NONE', #2130, #1262, #1945, .T. ) ;
#2075 = CIRCLE ( 'NONE', #947, 1.649999999999988365 ) ;
#2076 = DIRECTION ( 'NONE',  ( 1.000000000000000000, 3.469446951953614583E-15, -1.541976423090495880E-16 ) ) ;
#2077 = LINE ( 'NONE', #395, #216 ) ;
#2078 = AXIS2_PLACEMENT_3D ( 'NONE', #1775, #930, #1253 ) ;
#2079 = ORIENTED_EDGE ( 'NONE', *, *, #347, .F. ) ;
#2080 = AXIS2_PLACEMENT_3D ( 'NONE', #1760, #423, #1774 ) ;
#2081 = ORIENTED_EDGE ( 'NONE', *, *, #895, .T. ) ;
#2082 = CARTESIAN_POINT ( 'NONE',  ( 25.00000000000001066, -4.000000000000001776, 31.64999999999999147 ) ) ;
#2083 = DIRECTION ( 'NONE',  ( 0.000000000000000000, 0.000000000000000000, -1.000000000000000000 ) ) ;
#2084 = AXIS2_PLACEMENT_3D ( 'NONE', #1926, #755, #1277 ) ;
#2085 = ORIENTED_EDGE ( 'NONE', *, *, #1252, .F. ) ;
#2086 = CIRCLE ( 'NONE', #825, 1.649999999999998579 ) ;
#2087 = DIRECTION ( 'NONE',  ( 1.000000000000000000, 0.000000000000000000, -0.000000000000000000 ) ) ;
#2088 = AXIS2_PLACEMENT_3D ( 'NONE', #327, #499, #1320 ) ;
#2089 = DIRECTION ( 'NONE',  ( 3.469446951953614583E-15, -1.000000000000000000, 0.000000000000000000 ) ) ;
#2090 = DIRECTION ( 'NONE',  ( -1.000000000000000000, 3.491481338843134144E-15, 1.541976423090495387E-16 ) ) ;
#2091 = DIRECTION ( 'NONE',  ( -1.000000000000000000, -3.469446951953614189E-15, 1.541976423090495880E-16 ) ) ;
#2092 = VERTEX_POINT ( 'NONE', #209 ) ;
#2093 = EDGE_CURVE ( 'NONE', #2097, #1879, #1847, .T. ) ;
#2094 = EDGE_LOOP ( 'NONE', ( #904, #1565, #362, #760 ) ) ;
#2095 = DIRECTION ( 'NONE',  ( 1.000000000000000000, 3.469446951953614583E-15, -1.541976423090495880E-16 ) ) ;
#2096 = FACE_BOUND ( 'NONE', #467, .T. ) ;
#2097 = VERTEX_POINT ( 'NONE', #1869 ) ;
#2098 = CARTESIAN_POINT ( 'NONE',  ( 25.00000000000001066, -4.000000000000000000, 28.35000000000001563 ) ) ;
#2099 = ADVANCED_FACE ( 'NONE', ( #354 ), #1512, .F. ) ;
#2100 = ADVANCED_FACE ( 'NONE', ( #12 ), #861, .F. ) ;
#2101 = CARTESIAN_POINT ( 'NONE',  ( 25.00000000000001066, 0.000000000000000000, 3.469446951953614189E-15 ) ) ;
#2102 = MECHANICAL_CONTEXT ( 'NONE', #1383, 'mechanical' ) ;
#2103 = DIRECTION ( 'NONE',  ( -1.541976423090495387E-16, 5.349805401075656121E-31, -1.000000000000000000 ) ) ;
#2104 = ORIENTED_EDGE ( 'NONE', *, *, #583, .T. ) ;
#2105 = DIRECTION ( 'NONE',  ( 3.700743415417188731E-15, -1.000000000000000000, 0.000000000000000000 ) ) ;
#2106 = ORIENTED_EDGE ( 'NONE', *, *, #1056, .T. ) ;
#2107 = EDGE_LOOP ( 'NONE', ( #441, #33, #522, #585, #1179, #1438 ) ) ;
#2108 = DIRECTION ( 'NONE',  ( -1.000000000000000000, -0.000000000000000000, 1.541976423090495880E-16 ) ) ;
#2109 = CARTESIAN_POINT ( 'NONE',  ( -36.00000000000002842, 0.9999999999999940048, -44.99999999999998579 ) ) ;
#2110 = ORIENTED_EDGE ( 'NONE', *, *, #2148, .T. ) ;
#2111 = CYLINDRICAL_SURFACE ( 'NONE', #1017, 1.649999999999998579 ) ;
#2112 = CARTESIAN_POINT ( 'NONE',  ( 1.040834085586084257E-14, -4.000000000000000000, 30.00000000000000355 ) ) ;
#2113 = EDGE_LOOP ( 'NONE', ( #1610, #84, #1776, #1740 ) ) ;
#2114 = CIRCLE ( 'NONE', #1476, 1.649999999999998579 ) ;
#2115 = DIRECTION ( 'NONE',  ( -1.000000000000000000, 3.469446951953614583E-15, 1.541976423090495880E-16 ) ) ;
#2116 = VERTEX_POINT ( 'NONE', #694 ) ;
#2117 = CIRCLE ( 'NONE', #43, 1.649999999999998579 ) ;
#2118 = CYLINDRICAL_SURFACE ( 'NONE', #921, 1.649999999999988365 ) ;
#2119 = CIRCLE ( 'NONE', #1162, 1.000000000000007772 ) ;
#2120 = ORIENTED_EDGE ( 'NONE', *, *, #1056, .F. ) ;
#2121 = CARTESIAN_POINT ( 'NONE',  ( -40.00000000000014211, 39.99999999999998579, 24.99999999999998579 ) ) ;
#2122 = CIRCLE ( 'NONE', #1304, 1.649999999999998579 ) ;
#2123 = CIRCLE ( 'NONE', #1624, 1.649999999999988365 ) ;
#2124 = EDGE_CURVE ( 'NONE', #1801, #1079, #955, .T. ) ;
#2125 = CARTESIAN_POINT ( 'NONE',  ( -36.00000000000018474, 45.00000000000000000, 44.99999999999998579 ) ) ;
#2126 = CALENDAR_DATE ( 2026, 30, 7 ) ;
#2127 = AXIS2_PLACEMENT_3D ( 'NONE', #1521, #1012, #1377 ) ;
#2128 = EDGE_LOOP ( 'NONE', ( #1904, #202, #297, #1319, #1270, #1021 ) ) ;
#2129 = LINE ( 'NONE', #1768, #329 ) ;
#2130 = VERTEX_POINT ( 'NONE', #1031 ) ;
#2131 = DIRECTION ( 'NONE',  ( 0.000000000000000000, 0.000000000000000000, 1.000000000000000000 ) ) ;
#2132 = EDGE_LOOP ( 'NONE', ( #751, #1686, #1387, #1602 ) ) ;
#2133 = FACE_OUTER_BOUND ( 'NONE', #2107, .T. ) ;
#2134 = LINE ( 'NONE', #780, #1832 ) ;
#2135 = ADVANCED_FACE ( 'NONE', ( #840 ), #540, .F. ) ;
#2136 = CARTESIAN_POINT ( 'NONE',  ( -24.99999999999998934, -4.000000000000001776, 3.469446951953614189E-15 ) ) ;
#2137 = ORIENTED_EDGE ( 'NONE', *, *, #1791, .F. ) ;
#2138 = ORIENTED_EDGE ( 'NONE', *, *, #85, .T. ) ;
#2139 = DIRECTION ( 'NONE',  ( 0.000000000000000000, 0.000000000000000000, 1.000000000000000000 ) ) ;
#2140 = EDGE_CURVE ( 'NONE', #1256, #366, #576, .T. ) ;
#2141 = ORIENTED_EDGE ( 'NONE', *, *, #1736, .T. ) ;
#2142 = DIRECTION ( 'NONE',  ( 0.000000000000000000, 0.000000000000000000, 1.000000000000000000 ) ) ;
#2143 = EDGE_LOOP ( 'NONE', ( #1152, #1067, #1899, #142 ) ) ;
#2144 = DIRECTION ( 'NONE',  ( -0.000000000000000000, -1.000000000000000000, -0.000000000000000000 ) ) ;
#2145 = DIRECTION ( 'NONE',  ( 0.000000000000000000, 0.000000000000000000, 1.000000000000000000 ) ) ;
#2146 = PERSON_AND_ORGANIZATION_ROLE ( 'classification_officer' ) ;
#2147 = ORIENTED_EDGE ( 'NONE', *, *, #1929, .T. ) ;
#2148 = EDGE_CURVE ( 'NONE', #1041, #386, #858, .T. ) ;
#2149 = DIRECTION ( 'NONE',  ( 3.469446951953614583E-15, 1.000000000000000000, -0.000000000000000000 ) ) ;
#2150 = ORIENTED_EDGE ( 'NONE', *, *, #533, .T. ) ;
#2151 = CARTESIAN_POINT ( 'NONE',  ( -40.00000000000017764, 49.99999999999998579, 44.99999999999998579 ) ) ;
#2152 = AXIS2_PLACEMENT_3D ( 'NONE', #759, #2103, #592 ) ;
#2153 = VECTOR ( 'NONE', #1318, 1000.000000000000000 ) ;
#2154 = VERTEX_POINT ( 'NONE', #49 ) ;
#2155 = CYLINDRICAL_SURFACE ( 'NONE', #124, 1.649999999999989253 ) ;
#2156 = CIRCLE ( 'NONE', #1938, 1.649999999999998579 ) ;
#2157 = VECTOR ( 'NONE', #1322, 1000.000000000000000 ) ;
#2158 = DIRECTION ( 'NONE',  ( -0.000000000000000000, -1.000000000000000000, -0.000000000000000000 ) ) ;
#2159 = CIRCLE ( 'NONE', #854, 1.649999999999998579 ) ;
#2160 = ORIENTED_EDGE ( 'NONE', *, *, #2074, .F. ) ;
#2161 = EDGE_LOOP ( 'NONE', ( #418, #1564, #1259, #1143 ) ) ;
#2162 = PLANE ( 'NONE',  #1539 ) ;
#2163 = LOCAL_TIME ( 20, 46, 26.00000000000000000, #1944 ) ;
#2164 = ORIENTED_EDGE ( 'NONE', *, *, #535, .F. ) ;
#2165 = DIRECTION ( 'NONE',  ( -4.205390244792263185E-15, 1.000000000000000000, 0.000000000000000000 ) ) ;
#2166 = ADVANCED_FACE ( 'NONE', ( #31 ), #192, .F. ) ;
#2167 = VERTEX_POINT ( 'NONE', #716 ) ;
#2168 = CARTESIAN_POINT ( 'NONE',  ( 40.00000000000004974, 9.999999999999987566, -23.35000000000001563 ) ) ;
#2169 = PRODUCT_DEFINITION ( '�', '', #1486, #54 ) ;
#2170 = EDGE_CURVE ( 'NONE', #726, #1015, #675, .T. ) ;
#2171 = CARTESIAN_POINT ( 'NONE',  ( -24.99999999999998934, -4.000000000000000000, 30.00000000000000355 ) ) ;
ENDSEC;
END-ISO-10303-21;
