ISO-10303-21;
HEADER;
FILE_DESCRIPTION (( 'STEP AP203' ),
    '1' );
FILE_NAME ('part_waike_5.STEP',
    '2026-07-30T12:44:46',
    ( '' ),
    ( '' ),
    'SwSTEP 2.0',
    'SolidWorks 2025',
    '' );
FILE_SCHEMA (( 'CONFIG_CONTROL_DESIGN' ));
ENDSEC;

DATA;
#1 = DIRECTION ( 'NONE',  ( -3.944304526105059903E-31, -0.7071067811865513475, 0.7071067811865437980 ) ) ;
#2 = CARTESIAN_POINT ( 'NONE',  ( 52.00000000000002842, 230.9680374315358904, -65.22539674441588886 ) ) ;
#3 = ORIENTED_EDGE ( 'NONE', *, *, #1748, .T. ) ;
#4 = AXIS2_PLACEMENT_3D ( 'NONE', #3199, #472, #2540 ) ;
#5 = ADVANCED_FACE ( 'NONE', ( #2238 ), #1263, .F. ) ;
#6 = ADVANCED_FACE ( 'NONE', ( #3117 ), #471, .F. ) ;
#7 = CARTESIAN_POINT ( 'NONE',  ( -113.0000000000000711, 135.4999999999999432, -33.00000000000002132 ) ) ;
#8 = CARTESIAN_POINT ( 'NONE',  ( 112.9999999999999716, 164.4684698699919920, -4.382683432365150900 ) ) ;
#9 = VERTEX_POINT ( 'NONE', #633 ) ;
#10 = ORIENTED_EDGE ( 'NONE', *, *, #38, .T. ) ;
#11 = DIRECTION ( 'NONE',  ( 0.000000000000000000, 0.000000000000000000, 1.000000000000000000 ) ) ;
#12 = FACE_OUTER_BOUND ( 'NONE', #530, .T. ) ;
#13 = ORIENTED_EDGE ( 'NONE', *, *, #3058, .F. ) ;
#14 = CARTESIAN_POINT ( 'NONE',  ( 115.2226573748646530, 166.0602555566322280, -2.471994885420665256 ) ) ;
#15 = CARTESIAN_POINT ( 'NONE',  ( -115.4951455534171316, 165.7653583104882955, -2.830672703625438658 ) ) ;
#16 = VECTOR ( 'NONE', #3040, 1000.000000000000000 ) ;
#17 = CARTESIAN_POINT ( 'NONE',  ( 112.0000000000000142, -164.5000000000000284, -4.000000000000041744 ) ) ;
#18 = LINE ( 'NONE', #1488, #1844 ) ;
#19 = EDGE_LOOP ( 'NONE', ( #1558, #2802, #882, #2634 ) ) ;
#20 = DIRECTION ( 'NONE',  ( -1.000000000000000000, -0.000000000000000000, 3.469446951953614189E-15 ) ) ;
#21 = CIRCLE ( 'NONE', #3572, 11.50000000000000355 ) ;
#22 = DIRECTION ( 'NONE',  ( 1.000000000000000000, 0.000000000000000000, 0.000000000000000000 ) ) ;
#23 = APPROVAL_ROLE ( '' ) ;
#24 = VECTOR ( 'NONE', #3387, 1000.000000000000000 ) ;
#25 = CARTESIAN_POINT ( 'NONE',  ( 115.4951455534170179, 165.7653583104883523, -2.830672703625386255 ) ) ;
#26 = CIRCLE ( 'NONE', #2253, 1.249999999999924727 ) ;
#27 = VECTOR ( 'NONE', #2698, 1000.000000000000000 ) ;
#28 = CARTESIAN_POINT ( 'NONE',  ( -46.50000000000000000, 226.4425540319419383, -64.94255403194131304 ) ) ;
#29 = CARTESIAN_POINT ( 'NONE',  ( -112.0000000000000284, 164.0857864376268935, -1.994931997373328159E-14 ) ) ;
#30 = ORIENTED_EDGE ( 'NONE', *, *, #2106, .F. ) ;
#31 = EDGE_LOOP ( 'NONE', ( #1221, #805, #155, #3197 ) ) ;
#32 = FACE_BOUND ( 'NONE', #631, .T. ) ;
#33 = FACE_OUTER_BOUND ( 'NONE', #2261, .T. ) ;
#34 = ORIENTED_EDGE ( 'NONE', *, *, #453, .F. ) ;
#35 = CARTESIAN_POINT ( 'NONE',  ( 115.9999999999999574, 164.4684698699919636, -4.382683432365191756 ) ) ;
#36 = DIRECTION ( 'NONE',  ( -1.000000000000000000, 0.000000000000000000, 3.469446951953611033E-15 ) ) ;
#37 = EDGE_CURVE ( 'NONE', #1586, #2875, #2208, .T. ) ;
#38 = EDGE_CURVE ( 'NONE', #907, #217, #3125, .T. ) ;
#39 = AXIS2_PLACEMENT_3D ( 'NONE', #1173, #3305, #1688 ) ;
#40 = PLANE ( 'NONE',  #2681 ) ;
#41 = DIRECTION ( 'NONE',  ( -3.271025955591214432E-16, 1.000000000000000000, 0.000000000000000000 ) ) ;
#42 = ORIENTED_EDGE ( 'NONE', *, *, #706, .F. ) ;
#43 = PLANE ( 'NONE',  #274 ) ;
#44 = DIRECTION ( 'NONE',  ( 0.000000000000000000, 0.000000000000000000, 1.000000000000000000 ) ) ;
#45 = VECTOR ( 'NONE', #1390, 1000.000000000000000 ) ;
#46 = EDGE_CURVE ( 'NONE', #1047, #871, #1596, .T. ) ;
#47 = ADVANCED_FACE ( 'NONE', ( #2482 ), #376, .F. ) ;
#48 = CARTESIAN_POINT ( 'NONE',  ( -116.0000000000002274, 189.0735931288074596, -68.75000000000002842 ) ) ;
#49 = EDGE_CURVE ( 'NONE', #2967, #736, #3811, .T. ) ;
#50 = LINE ( 'NONE', #622, #2658 ) ;
#51 = CIRCLE ( 'NONE', #553, 3.199999999999994849 ) ;
#52 = EDGE_CURVE ( 'NONE', #2500, #804, #398, .T. ) ;
#53 = CARTESIAN_POINT ( 'NONE',  ( 52.00000000000017053, 80.74999999999916156, 80.74999999999994316 ) ) ;
#54 = ORIENTED_EDGE ( 'NONE', *, *, #213, .F. ) ;
#55 = ORIENTED_EDGE ( 'NONE', *, *, #2561, .F. ) ;
#56 = LINE ( 'NONE', #1265, #2624 ) ;
#57 = VECTOR ( 'NONE', #3128, 1000.000000000000000 ) ;
#58 = CARTESIAN_POINT ( 'NONE',  ( 80.00000000000001421, -120.0000000000000000, -3.000000000000000000 ) ) ;
#59 = ORIENTED_EDGE ( 'NONE', *, *, #2983, .F. ) ;
#60 = CARTESIAN_POINT ( 'NONE',  ( 112.9696999999999605, 164.4684698699920204, -4.382683432365142018 ) ) ;
#61 = CARTESIAN_POINT ( 'NONE',  ( -112.9444613045652659, 164.5841649656918833, -4.139427192543564615 ) ) ;
#62 = AXIS2_PLACEMENT_3D ( 'NONE', #3893, #3873, #1152 ) ;
#63 = CARTESIAN_POINT ( 'NONE',  ( 45.50000000000000000, 221.4928065636361509, -69.89230150024715726 ) ) ;
#64 = CARTESIAN_POINT ( 'NONE',  ( 112.5959259543596573, 163.8602880625659566, -3.224563062926551815 ) ) ;
#65 = ORIENTED_EDGE ( 'NONE', *, *, #2393, .F. ) ;
#66 = CARTESIAN_POINT ( 'NONE',  ( 111.9999999999999574, 252.8883476483188986, -92.80256121069115238 ) ) ;
#67 = SECURITY_CLASSIFICATION_LEVEL ( 'unclassified' ) ;
#68 = AXIS2_PLACEMENT_3D ( 'NONE', #3838, #1120, #2032 ) ;
#69 = DIRECTION ( 'NONE',  ( -0.000000000000000000, 0.7071067811865437980, 0.7071067811865513475 ) ) ;
#70 = CARTESIAN_POINT ( 'NONE',  ( 115.1986673695926839, 163.7700887125416216, -1.541813120100369083 ) ) ;
#71 = EDGE_CURVE ( 'NONE', #3045, #1272, #2828, .T. ) ;
#72 = CARTESIAN_POINT ( 'NONE',  ( -79.99999999999998579, -120.0000000000000000, 1.402220585023716934E-15 ) ) ;
#73 = CARTESIAN_POINT ( 'NONE',  ( 115.9999999999999716, 253.5954544295054802, -92.09545442950455651 ) ) ;
#74 = FACE_OUTER_BOUND ( 'NONE', #1495, .T. ) ;
#75 = VERTEX_POINT ( 'NONE', #490 ) ;
#76 = ORIENTED_EDGE ( 'NONE', *, *, #2743, .T. ) ;
#77 = CARTESIAN_POINT ( 'NONE',  ( -46.50000000000000000, 219.2300648638392033, -67.62955980045022386 ) ) ;
#78 = AXIS2_PLACEMENT_3D ( 'NONE', #2215, #1302, #1895 ) ;
#79 = CYLINDRICAL_SURFACE ( 'NONE', #3831, 1.249999999999973355 ) ;
#80 = EDGE_LOOP ( 'NONE', ( #3725, #1362, #314, #3668 ) ) ;
#81 = DIRECTION ( 'NONE',  ( 0.000000000000000000, 0.000000000000000000, -1.000000000000000000 ) ) ;
#82 = ORIENTED_EDGE ( 'NONE', *, *, #1174, .F. ) ;
#83 = DIRECTION ( 'NONE',  ( -0.000000000000000000, 1.000000000000000000, -0.000000000000000000 ) ) ;
#84 = DIRECTION ( 'NONE',  ( 0.000000000000000000, 0.000000000000000000, 1.000000000000000000 ) ) ;
#85 = CARTESIAN_POINT ( 'NONE',  ( -68.50000000000000000, 215.0581348548385563, -63.45762979144961236 ) ) ;
#86 = ORIENTED_EDGE ( 'NONE', *, *, #790, .T. ) ;
#87 = CIRCLE ( 'NONE', #1288, 3.199999999999994849 ) ;
#88 = CIRCLE ( 'NONE', #2308, 1.599999999999992317 ) ;
#89 = ORIENTED_EDGE ( 'NONE', *, *, #1328, .T. ) ;
#90 = CARTESIAN_POINT ( 'NONE',  ( -112.9999999999999716, 163.5445903374807415, -4.000000000000031086 ) ) ;
#91 = CARTESIAN_POINT ( 'NONE',  ( -115.4951455534170179, 163.7249890375294399, -1.985524078516464064 ) ) ;
#92 = EDGE_CURVE ( 'NONE', #2991, #170, #1210, .T. ) ;
#93 = CARTESIAN_POINT ( 'NONE',  ( 68.00000000000002842, 228.8467170879762023, -67.34671708797557699 ) ) ;
#94 = CYLINDRICAL_SURFACE ( 'NONE', #2893, 1.249999999999924727 ) ;
#95 = ORIENTED_EDGE ( 'NONE', *, *, #878, .F. ) ;
#96 = VECTOR ( 'NONE', #1011, 999.9999999999998863 ) ;
#97 = ORIENTED_EDGE ( 'NONE', *, *, #1300, .F. ) ;
#98 = DIRECTION ( 'NONE',  ( -1.000000000000000000, -0.000000000000000000, -0.000000000000000000 ) ) ;
#99 = CIRCLE ( 'NONE', #1486, 1.249999999999917843 ) ;
#100 = CARTESIAN_POINT ( 'NONE',  ( -46.50000000000000000, 225.3111831820434645, -63.81118318204284634 ) ) ;
#101 = ORIENTED_EDGE ( 'NONE', *, *, #571, .T. ) ;
#102 = CARTESIAN_POINT ( 'NONE',  ( 1.387778780781445676E-14, -120.0000000000000000, -3.000000000000000000 ) ) ;
#103 = CARTESIAN_POINT ( 'NONE',  ( 74.50000000000001421, 219.2300648638392033, -67.62955980045020965 ) ) ;
#104 = PLANE ( 'NONE',  #1259 ) ;
#105 = CARTESIAN_POINT ( 'NONE',  ( 115.9999999999999716, 163.5896980839586945, -3.476307516196115444 ) ) ;
#106 = VERTEX_POINT ( 'NONE', #2876 ) ;
#107 = CARTESIAN_POINT ( 'NONE',  ( 1.530052174732959625E-14, 185.0060966544101007, -33.40559159102151199 ) ) ;
#108 = CYLINDRICAL_SURFACE ( 'NONE', #3890, 1.249999999999924727 ) ;
#109 = EDGE_LOOP ( 'NONE', ( #3913, #728 ) ) ;
#110 = DIRECTION ( 'NONE',  ( -1.000000000000000000, -0.000000000000000000, 3.469446951953614189E-15 ) ) ;
#111 = LINE ( 'NONE', #3502, #2401 ) ;
#112 = VERTEX_POINT ( 'NONE', #3180 ) ;
#113 = EDGE_LOOP ( 'NONE', ( #190, #2448, #1029, #3333 ) ) ;
#114 = PRODUCT_RELATED_PRODUCT_CATEGORY ( 'detail', '', ( #534 ) ) ;
#115 = CARTESIAN_POINT ( 'NONE',  ( 115.9999999999999716, 164.0857864376269220, -2.602085213965210642E-14 ) ) ;
#116 = DIRECTION ( 'NONE',  ( 0.000000000000000000, -0.7071067811865496822, 0.7071067811865453523 ) ) ;
#117 = ORIENTED_EDGE ( 'NONE', *, *, #3641, .F. ) ;
#118 = FACE_OUTER_BOUND ( 'NONE', #3022, .T. ) ;
#119 = ORIENTED_EDGE ( 'NONE', *, *, #1451, .F. ) ;
#120 = ADVANCED_FACE ( 'NONE', ( #1312, #1070, #1702, #1364, #2245, #3731, #1632, #2845, #149, #2303, #3768, #448, #1681, #1086 ), #3474, .T. ) ;
#121 = DIRECTION ( 'NONE',  ( -1.000000000000000000, -2.453269466693385605E-15, -2.453269466693411243E-15 ) ) ;
#122 = CARTESIAN_POINT ( 'NONE',  ( 74.50000000000001421, 228.5638743755015980, -62.82123368838163202 ) ) ;
#123 = CARTESIAN_POINT ( 'NONE',  ( 112.6145467199748964, 163.8602880625659566, -3.200333157601886303 ) ) ;
#124 = ORIENTED_EDGE ( 'NONE', *, *, #1621, .F. ) ;
#125 = CIRCLE ( 'NONE', #2276, 1.599999999999997424 ) ;
#126 = DIRECTION ( 'NONE',  ( -0.000000000000000000, -0.7071067811865437980, -0.7071067811865512365 ) ) ;
#127 = EDGE_CURVE ( 'NONE', #3842, #1059, #1916, .T. ) ;
#128 = EDGE_LOOP ( 'NONE', ( #1767, #2281, #3591, #229 ) ) ;
#129 = CARTESIAN_POINT ( 'NONE',  ( -116.0000000000000711, -114.5000000000000284, -33.00000000000000711 ) ) ;
#130 = DIRECTION ( 'NONE',  ( -0.000000000000000000, 0.7071067811865437980, 0.7071067811865513475 ) ) ;
#131 = VERTEX_POINT ( 'NONE', #2284 ) ;
#132 = EDGE_CURVE ( 'NONE', #3224, #924, #1647, .T. ) ;
#133 = ORIENTED_EDGE ( 'NONE', *, *, #407, .T. ) ;
#134 = CIRCLE ( 'NONE', #3493, 1.249999999999987121 ) ;
#135 = CARTESIAN_POINT ( 'NONE',  ( 1.530052174732959625E-14, 192.0771644662755477, -26.33452377915600096 ) ) ;
#136 = EDGE_LOOP ( 'NONE', ( #2797, #3051 ) ) ;
#137 = ORIENTED_EDGE ( 'NONE', *, *, #1150, .F. ) ;
#138 = DIRECTION ( 'NONE',  ( 1.373735107685318209E-32, -1.000000000000000000, 8.446979985513632612E-17 ) ) ;
#139 = CARTESIAN_POINT ( 'NONE',  ( -81.24999999999995737, 120.0000000000000000, -3.000000000000000000 ) ) ;
#140 = CARTESIAN_POINT ( 'NONE',  ( -1.249999999999987121, 1.530808498934175793E-16, 1.402220585023716934E-15 ) ) ;
#141 = VERTEX_POINT ( 'NONE', #3221 ) ;
#142 = CARTESIAN_POINT ( 'NONE',  ( -78.75000000000000000, 0.000000000000000000, 1.402220585023716934E-15 ) ) ;
#143 = ORIENTED_EDGE ( 'NONE', *, *, #1037, .T. ) ;
#144 = VECTOR ( 'NONE', #2620, 1000.000000000000000 ) ;
#145 = DIRECTION ( 'NONE',  ( 0.000000000000000000, -1.000000000000000000, 0.000000000000000000 ) ) ;
#146 = VERTEX_POINT ( 'NONE', #2913 ) ;
#147 = DIRECTION ( 'NONE',  ( -0.000000000000000000, -0.000000000000000000, 1.000000000000000000 ) ) ;
#148 = ORIENTED_EDGE ( 'NONE', *, *, #259, .T. ) ;
#149 = FACE_BOUND ( 'NONE', #710, .T. ) ;
#150 = CIRCLE ( 'NONE', #3208, 1.249999999999973355 ) ;
#151 = CARTESIAN_POINT ( 'NONE',  ( -115.1986673695927408, 163.7700887125416500, -1.541813120100402612 ) ) ;
#152 = DIRECTION ( 'NONE',  ( 0.000000000000000000, -0.7071067811865517916, 0.7071067811865433539 ) ) ;
#153 = VERTEX_POINT ( 'NONE', #3456 ) ;
#154 = FACE_OUTER_BOUND ( 'NONE', #749, .T. ) ;
#155 = ORIENTED_EDGE ( 'NONE', *, *, #2061, .T. ) ;
#156 = EDGE_CURVE ( 'NONE', #1950, #3149, #767, .T. ) ;
#157 = DIRECTION ( 'NONE',  ( 1.000000000000000000, -2.793261385626813401E-31, -3.469446951953613794E-15 ) ) ;
#158 = ORIENTED_EDGE ( 'NONE', *, *, #1696, .F. ) ;
#159 = CARTESIAN_POINT ( 'NONE',  ( -73.50000000000000000, 224.1798123321449907, -62.67981233214436543 ) ) ;
#160 = DIRECTION ( 'NONE',  ( -0.000000000000000000, -0.000000000000000000, 1.000000000000000000 ) ) ;
#161 = EDGE_CURVE ( 'NONE', #3848, #1262, #2521, .T. ) ;
#162 = ADVANCED_FACE ( 'NONE', ( #1981 ), #1346, .F. ) ;
#163 = PLANE ( 'NONE',  #1448 ) ;
#164 = ADVANCED_FACE ( 'NONE', ( #1015, #1053, #2895, #2263 ), #172, .T. ) ;
#165 = DIRECTION ( 'NONE',  ( -0.000000000000000000, 0.000000000000000000, 1.000000000000000000 ) ) ;
#166 = ORIENTED_EDGE ( 'NONE', *, *, #1745, .T. ) ;
#167 = B_SPLINE_CURVE_WITH_KNOTS ( 'NONE', 3,
 ( #2070, #876, #3874, #25, #560, #3046, #3581, #1177, #324, #3007 ),
 .UNSPECIFIED., .F., .F.,
 ( 4, 2, 2, 2, 4 ),
 ( 0.000000000000000000, 0.2500000000000000000, 0.5000000000000000000, 0.7500000000000000000, 1.000000000000000000 ),
 .UNSPECIFIED. ) ;
#168 = EDGE_CURVE ( 'NONE', #2214, #2728, #715, .T. ) ;
#169 = DIRECTION ( 'NONE',  ( -0.000000000000000000, -0.000000000000000000, 1.000000000000000000 ) ) ;
#170 = VERTEX_POINT ( 'NONE', #3747 ) ;
#171 = VERTEX_POINT ( 'NONE', #751 ) ;
#172 = PLANE ( 'NONE',  #1718 ) ;
#173 = CARTESIAN_POINT ( 'NONE',  ( -111.9999999999999858, 164.0857864376268935, -3.000000000000019984 ) ) ;
#174 = FACE_BOUND ( 'NONE', #2396, .T. ) ;
#175 = AXIS2_PLACEMENT_3D ( 'NONE', #852, #2982, #2111 ) ;
#176 = EDGE_LOOP ( 'NONE', ( #3377, #179 ) ) ;
#177 = EDGE_CURVE ( 'NONE', #2840, #189, #1661, .T. ) ;
#178 = DIRECTION ( 'NONE',  ( -1.000000000000000000, -0.000000000000000000, 3.469446951953614189E-15 ) ) ;
#179 = ORIENTED_EDGE ( 'NONE', *, *, #1041, .F. ) ;
#180 = CARTESIAN_POINT ( 'NONE',  ( 112.9999999999999858, 164.5898094203544417, -4.133782737881024794 ) ) ;
#181 = AXIS2_PLACEMENT_3D ( 'NONE', #3665, #1578, #642 ) ;
#182 = CARTESIAN_POINT ( 'NONE',  ( -116.0000000000001137, 225.3111831820437487, -120.3797256769666006 ) ) ;
#183 = CIRCLE ( 'NONE', #2407, 1.250000000000001110 ) ;
#184 = DIRECTION ( 'NONE',  ( -0.000000000000000000, 0.7071067811865437980, 0.7071067811865513475 ) ) ;
#185 = DIRECTION ( 'NONE',  ( -0.000000000000000000, -0.000000000000000000, 1.000000000000000000 ) ) ;
#186 = ORIENTED_EDGE ( 'NONE', *, *, #1989, .T. ) ;
#187 = CARTESIAN_POINT ( 'NONE',  ( -78.75000000000001421, 120.0000000000000000, -3.000000000000000000 ) ) ;
#188 = VECTOR ( 'NONE', #3501, 1000.000000000000000 ) ;
#189 = VERTEX_POINT ( 'NONE', #3144 ) ;
#190 = ORIENTED_EDGE ( 'NONE', *, *, #716, .F. ) ;
#191 = CARTESIAN_POINT ( 'NONE',  ( -115.9999999999999574, 3.324513247280030931E-29, 4.129302904431485071E-13 ) ) ;
#192 = CYLINDRICAL_SURFACE ( 'NONE', #3357, 1.599999999999992317 ) ;
#193 = PLANE ( 'NONE',  #1420 ) ;
#194 = ORIENTED_EDGE ( 'NONE', *, *, #1154, .T. ) ;
#195 = AXIS2_PLACEMENT_3D ( 'NONE', #2167, #1294, #1907 ) ;
#196 = FACE_OUTER_BOUND ( 'NONE', #2880, .T. ) ;
#197 = CARTESIAN_POINT ( 'NONE',  ( 115.9999999999999716, 164.7928932188134752, -3.292893218813486289 ) ) ;
#198 = VECTOR ( 'NONE', #3721, 1000.000000000000114 ) ;
#199 = ORIENTED_EDGE ( 'NONE', *, *, #741, .F. ) ;
#200 = DIRECTION ( 'NONE',  ( -2.111744996378435147E-16, 1.000000000000000000, 6.938893903907220489E-16 ) ) ;
#201 = DIRECTION ( 'NONE',  ( -0.000000000000000000, 0.7071067811865437980, 0.7071067811865513475 ) ) ;
#202 = DIRECTION ( 'NONE',  ( -5.135813185032629525E-31, -0.7071067811865513475, 0.7071067811865436870 ) ) ;
#203 = PLANE ( 'NONE',  #62 ) ;
#204 = CARTESIAN_POINT ( 'NONE',  ( 116.0000000000001847, -164.5000000000000284, -42.99999999999999289 ) ) ;
#205 = VERTEX_POINT ( 'NONE', #417 ) ;
#206 = EDGE_CURVE ( 'NONE', #955, #286, #3568, .T. ) ;
#207 = EDGE_CURVE ( 'NONE', #9, #1292, #2357, .T. ) ;
#208 = VECTOR ( 'NONE', #3554, 1000.000000000000000 ) ;
#209 = DIRECTION ( 'NONE',  ( -0.000000000000000000, -0.000000000000000000, 1.000000000000000000 ) ) ;
#210 = ORIENTED_EDGE ( 'NONE', *, *, #382, .F. ) ;
#211 = EDGE_LOOP ( 'NONE', ( #1400, #3116, #3014, #3233 ) ) ;
#212 = LINE ( 'NONE', #1464, #264 ) ;
#213 = EDGE_CURVE ( 'NONE', #1272, #3412, #388, .T. ) ;
#214 = CARTESIAN_POINT ( 'NONE',  ( -112.1269537963820966, 164.0406795021883681, -3.030300000000021754 ) ) ;
#215 = CIRCLE ( 'NONE', #724, 3.199999999999994849 ) ;
#216 = DIRECTION ( 'NONE',  ( -3.469446951953614189E-15, 0.000000000000000000, 1.000000000000000000 ) ) ;
#217 = VERTEX_POINT ( 'NONE', #549 ) ;
#218 = VECTOR ( 'NONE', #2008, 1000.000000000000000 ) ;
#219 = LINE ( 'NONE', #1074, #3446 ) ;
#220 = ORIENTED_EDGE ( 'NONE', *, *, #1533, .T. ) ;
#221 = FACE_BOUND ( 'NONE', #802, .T. ) ;
#222 = DIRECTION ( 'NONE',  ( 1.000000000000000000, 0.000000000000000000, 0.000000000000000000 ) ) ;
#223 = CARTESIAN_POINT ( 'NONE',  ( -116.0000000000000568, -134.5000000000000284, -33.00000000000000711 ) ) ;
#224 = CARTESIAN_POINT ( 'NONE',  ( -113.0000000000001137, 147.3902614049299871, -43.00000000000002842 ) ) ;
#225 = CYLINDRICAL_SURFACE ( 'NONE', #759, 1.249999999999931610 ) ;
#226 = VECTOR ( 'NONE', #2603, 1000.000000000000000 ) ;
#227 = PLANE ( 'NONE',  #1357 ) ;
#228 = ORIENTED_EDGE ( 'NONE', *, *, #1859, .F. ) ;
#229 = ORIENTED_EDGE ( 'NONE', *, *, #2277, .T. ) ;
#230 = VECTOR ( 'NONE', #1491, 1000.000000000000114 ) ;
#231 = DIRECTION ( 'NONE',  ( 0.000000000000000000, 0.000000000000000000, -1.000000000000000000 ) ) ;
#232 = DIRECTION ( 'NONE',  ( -0.000000000000000000, -0.000000000000000000, 1.000000000000000000 ) ) ;
#233 = ORIENTED_EDGE ( 'NONE', *, *, #1618, .F. ) ;
#234 = ADVANCED_FACE ( 'NONE', ( #510 ), #526, .F. ) ;
#235 = DIRECTION ( 'NONE',  ( 0.000000000000000000, -1.000000000000000000, 0.000000000000000000 ) ) ;
#236 = FACE_OUTER_BOUND ( 'NONE', #1810, .T. ) ;
#237 = ORIENTED_EDGE ( 'NONE', *, *, #1081, .F. ) ;
#238 = CARTESIAN_POINT ( 'NONE',  ( -111.9999999999999858, -164.5000000000000284, -3.000000000000019984 ) ) ;
#239 = EDGE_CURVE ( 'NONE', #1431, #1891, #212, .T. ) ;
#240 = DIRECTION ( 'NONE',  ( -0.000000000000000000, -0.000000000000000000, 1.000000000000000000 ) ) ;
#241 = AXIS2_PLACEMENT_3D ( 'NONE', #1930, #1016, #3082 ) ;
#242 = CARTESIAN_POINT ( 'NONE',  ( -73.50000000000000000, 228.5638743755015980, -62.82123368838163202 ) ) ;
#243 = CARTESIAN_POINT ( 'NONE',  ( -116.0000000000000568, -134.5000000000000284, -34.25000000000000711 ) ) ;
#244 = ORIENTED_EDGE ( 'NONE', *, *, #38, .F. ) ;
#245 =( GEOMETRIC_REPRESENTATION_CONTEXT ( 3 ) GLOBAL_UNCERTAINTY_ASSIGNED_CONTEXT ( ( #2949 ) ) GLOBAL_UNIT_ASSIGNED_CONTEXT ( ( #659, #1876, #3308 ) ) REPRESENTATION_CONTEXT ( 'NONE', 'WORKASPACE' ) );
#246 = EDGE_CURVE ( 'NONE', #616, #1292, #1779, .T. ) ;
#247 = DIRECTION ( 'NONE',  ( 0.000000000000000000, 0.7071067811865437980, 0.7071067811865513475 ) ) ;
#248 = EDGE_LOOP ( 'NONE', ( #266, #2952, #2612, #3304 ) ) ;
#249 = EDGE_LOOP ( 'NONE', ( #903, #3407, #1104, #1687 ) ) ;
#250 = DIRECTION ( 'NONE',  ( 0.000000000000000000, 0.7071067811865437980, 0.7071067811865513475 ) ) ;
#251 = AXIS2_PLACEMENT_3D ( 'NONE', #1837, #1793, #3664 ) ;
#252 = DIRECTION ( 'NONE',  ( -0.000000000000000000, -0.7071067811865437980, -0.7071067811865512365 ) ) ;
#253 = ORIENTED_EDGE ( 'NONE', *, *, #3395, .T. ) ;
#254 = AXIS2_PLACEMENT_3D ( 'NONE', #85, #3417, #1650 ) ;
#255 = EDGE_CURVE ( 'NONE', #871, #1047, #456, .T. ) ;
#256 = LINE ( 'NONE', #2381, #1350 ) ;
#257 = ORIENTED_EDGE ( 'NONE', *, *, #1455, .F. ) ;
#258 = DIRECTION ( 'NONE',  ( -0.000000000000000000, 0.7071067811865507924, -0.7071067811865442421 ) ) ;
#259 = EDGE_CURVE ( 'NONE', #3260, #3073, #3505, .T. ) ;
#260 = CARTESIAN_POINT ( 'NONE',  ( 113.0000000000000995, 164.0857864376268935, -43.00000000000002842 ) ) ;
#261 = CARTESIAN_POINT ( 'NONE',  ( 111.9999999999999574, 252.8883476483188986, -92.80256121069115238 ) ) ;
#262 = DIRECTION ( 'NONE',  ( 3.205351028043612454E-15, 0.3826834323650908920, 0.9238795325112862944 ) ) ;
#263 = EDGE_LOOP ( 'NONE', ( #1711, #1039, #2103, #2287 ) ) ;
#264 = VECTOR ( 'NONE', #1442, 1000.000000000000000 ) ;
#265 = LINE ( 'NONE', #545, #3457 ) ;
#266 = ORIENTED_EDGE ( 'NONE', *, *, #3202, .F. ) ;
#267 = ORIENTED_EDGE ( 'NONE', *, *, #2976, .T. ) ;
#268 = DIRECTION ( 'NONE',  ( -0.000000000000000000, 0.7071067811865437980, 0.7071067811865513475 ) ) ;
#269 = AXIS2_PLACEMENT_3D ( 'NONE', #1727, #3812, #1450 ) ;
#270 = CARTESIAN_POINT ( 'NONE',  ( -90.00000000000000000, 225.3111831820434361, -63.81118318204278950 ) ) ;
#271 = ORIENTED_EDGE ( 'NONE', *, *, #1834, .T. ) ;
#272 = CARTESIAN_POINT ( 'NONE',  ( 116.0299999999999869, 164.8096576927279102, -3.977703611436845588 ) ) ;
#273 = DIRECTION ( 'NONE',  ( -0.000000000000000000, -0.000000000000000000, 1.000000000000000000 ) ) ;
#274 = AXIS2_PLACEMENT_3D ( 'NONE', #66, #3085, #935 ) ;
#275 = CARTESIAN_POINT ( 'NONE',  ( 5.500000000000000000, 225.3111831820434645, -63.81118318204284634 ) ) ;
#276 = CARTESIAN_POINT ( 'NONE',  ( 111.9999999999999574, 164.0857864376268935, 0.02999999999991760299 ) ) ;
#277 = ORIENTED_EDGE ( 'NONE', *, *, #1327, .F. ) ;
#278 = CIRCLE ( 'NONE', #1048, 1.249999999999917843 ) ;
#279 = CARTESIAN_POINT ( 'NONE',  ( -116.0000000000000568, -134.5000000000000284, -33.00000000000000711 ) ) ;
#280 = APPROVAL ( #3620, '未' ) ;
#281 = CARTESIAN_POINT ( 'NONE',  ( 34.50000000000000000, 225.3111831820434645, -63.81118318204284634 ) ) ;
#282 = CIRCLE ( 'NONE', #3265, 11.50000000000000355 ) ;
#283 = COORDINATED_UNIVERSAL_TIME_OFFSET ( 8, 0, .AHEAD. ) ;
#284 = LINE ( 'NONE', #2410, #2927 ) ;
#285 = EDGE_CURVE ( 'NONE', #2633, #1227, #1800, .T. ) ;
#286 = VERTEX_POINT ( 'NONE', #3587 ) ;
#287 = EDGE_CURVE ( 'NONE', #2671, #3779, #806, .T. ) ;
#288 = CARTESIAN_POINT ( 'NONE',  ( -112.5959259543596716, 163.8602880625660134, -3.224563062926512735 ) ) ;
#289 = ADVANCED_FACE ( 'NONE', ( #1744 ), #1425, .F. ) ;
#290 = DIRECTION ( 'NONE',  ( 1.000000000000000000, -0.000000000000000000, -0.000000000000000000 ) ) ;
#291 = ORIENTED_EDGE ( 'NONE', *, *, #1524, .T. ) ;
#292 = ORIENTED_EDGE ( 'NONE', *, *, #1245, .F. ) ;
#293 = DIRECTION ( 'NONE',  ( 0.000000000000000000, 0.000000000000000000, 1.000000000000000000 ) ) ;
#294 = EDGE_CURVE ( 'NONE', #3184, #112, #2676, .T. ) ;
#295 = CIRCLE ( 'NONE', #3153, 0.9999999999999592548 ) ;
#296 = DIRECTION ( 'NONE',  ( -0.000000000000000000, 0.7071067811865437980, 0.7071067811865513475 ) ) ;
#297 = ORIENTED_EDGE ( 'NONE', *, *, #814, .T. ) ;
#298 = CARTESIAN_POINT ( 'NONE',  ( 111.9999999999999574, 166.9142135623731349, -1.171572875253820811 ) ) ;
#299 = CARTESIAN_POINT ( 'NONE',  ( 45.50000000000000000, 220.3614357137376771, -68.76093065034868346 ) ) ;
#300 = CARTESIAN_POINT ( 'NONE',  ( 114.4766232814988314, 163.8602880625659566, -0.7773426251353673377 ) ) ;
#301 = ORIENTED_EDGE ( 'NONE', *, *, #2231, .F. ) ;
#302 = DIRECTION ( 'NONE',  ( -0.000000000000000000, 0.000000000000000000, 1.000000000000000000 ) ) ;
#303 = ADVANCED_FACE ( 'NONE', ( #3863, #842, #2021, #3275 ), #1760, .F. ) ;
#304 = LINE ( 'NONE', #3577, #230 ) ;
#305 = CALENDAR_DATE ( 2026, 30, 7 ) ;
#306 = CARTESIAN_POINT ( 'NONE',  ( -73.50000000000000000, 226.4425540319419383, -64.94255403194132725 ) ) ;
#307 = ORIENTED_EDGE ( 'NONE', *, *, #2533, .F. ) ;
#308 = FACE_OUTER_BOUND ( 'NONE', #792, .T. ) ;
#309 = VERTEX_POINT ( 'NONE', #2635 ) ;
#310 = VERTEX_POINT ( 'NONE', #3881 ) ;
#311 = VECTOR ( 'NONE', #1704, 1000.000000000000000 ) ;
#312 = PLANE ( 'NONE',  #1617 ) ;
#313 = CARTESIAN_POINT ( 'NONE',  ( -111.9999999999999858, 164.0857864376268935, -3.000000000000019984 ) ) ;
#314 = ORIENTED_EDGE ( 'NONE', *, *, #2814, .T. ) ;
#315 = LINE ( 'NONE', #355, #1538 ) ;
#316 = CARTESIAN_POINT ( 'NONE',  ( -112.1269537963820397, 164.8033633032706291, -3.346213974210536346 ) ) ;
#317 = DIRECTION ( 'NONE',  ( 0.000000000000000000, 0.7071067811865437980, 0.7071067811865513475 ) ) ;
#318 = CARTESIAN_POINT ( 'NONE',  ( -51.49999999999990052, 80.74999999999911893, 80.74999999999998579 ) ) ;
#319 = EDGE_LOOP ( 'NONE', ( #1961, #55 ) ) ;
#320 = CARTESIAN_POINT ( 'NONE',  ( 112.0000000000000284, -164.5000000000000284, -3.000000000000082601 ) ) ;
#321 = AXIS2_PLACEMENT_3D ( 'NONE', #3793, #1095, #1060 ) ;
#322 = DIRECTION ( 'NONE',  ( 0.000000000000000000, -0.7071067811865509034, 0.7071067811865442421 ) ) ;
#323 = PERSON_AND_ORGANIZATION ( #3282, #2469 ) ;
#324 = CARTESIAN_POINT ( 'NONE',  ( 112.5235987755982734, 166.9461038484035669, -1.203463161284246130 ) ) ;
#325 = DIRECTION ( 'NONE',  ( -3.944304526105059903E-31, 0.7071067811865513475, -0.7071067811865437980 ) ) ;
#326 = DIRECTION ( 'NONE',  ( -2.960422955890225935E-15, -0.3826834323650835090, -0.9238795325112892920 ) ) ;
#327 = ORIENTED_EDGE ( 'NONE', *, *, #3563, .T. ) ;
#328 = VERTEX_POINT ( 'NONE', #860 ) ;
#329 = EDGE_CURVE ( 'NONE', #3385, #286, #87, .T. ) ;
#330 = EDGE_CURVE ( 'NONE', #1033, #850, #2175, .T. ) ;
#331 = DIRECTION ( 'NONE',  ( 0.000000000000000000, 0.7071067811865524577, -0.7071067811865426878 ) ) ;
#332 = DIRECTION ( 'NONE',  ( -1.000000000000000000, -0.000000000000000000, -0.000000000000000000 ) ) ;
#333 = ORIENTED_EDGE ( 'NONE', *, *, #3320, .F. ) ;
#334 = CARTESIAN_POINT ( 'NONE',  ( 112.5219866587632538, 163.9053877375781951, -3.107773096390258338 ) ) ;
#335 = DIRECTION ( 'NONE',  ( 0.000000000000000000, 0.000000000000000000, 1.000000000000000000 ) ) ;
#336 = EDGE_CURVE ( 'NONE', #1431, #1787, #1402, .T. ) ;
#337 = AXIS2_PLACEMENT_3D ( 'NONE', #275, #891, #2107 ) ;
#338 = EDGE_CURVE ( 'NONE', #3412, #1272, #2998, .T. ) ;
#339 = CARTESIAN_POINT ( 'NONE',  ( -46.50000000000000000, 226.3011326757046504, -60.55849198858470572 ) ) ;
#340 = DIRECTION ( 'NONE',  ( 1.000000000000000000, 0.000000000000000000, 0.000000000000000000 ) ) ;
#341 = VERTEX_POINT ( 'NONE', #1882 ) ;
#342 = FACE_OUTER_BOUND ( 'NONE', #2995, .T. ) ;
#343 = AXIS2_PLACEMENT_3D ( 'NONE', #3341, #617, #1831 ) ;
#344 = DIRECTION ( 'NONE',  ( 0.000000000000000000, 0.7071067811865513475, -0.7071067811865437980 ) ) ;
#345 = AXIS2_PLACEMENT_3D ( 'NONE', #3319, #273, #2400 ) ;
#346 = CIRCLE ( 'NONE', #2191, 1.249999999999973355 ) ;
#347 = CIRCLE ( 'NONE', #1482, 1.249999999999973355 ) ;
#348 = CYLINDRICAL_SURFACE ( 'NONE', #1644, 1.249999999999978906 ) ;
#349 = CYLINDRICAL_SURFACE ( 'NONE', #2202, 4.000000000000003553 ) ;
#350 = ORIENTED_EDGE ( 'NONE', *, *, #3927, .F. ) ;
#351 = ORIENTED_EDGE ( 'NONE', *, *, #1991, .T. ) ;
#352 = CARTESIAN_POINT ( 'NONE',  ( 116.0000000000000995, 147.3902614049299586, -43.00000000000002132 ) ) ;
#353 = CARTESIAN_POINT ( 'NONE',  ( -112.9999999999999716, 164.4684698699919920, -4.382683432365130471 ) ) ;
#354 = ORIENTED_EDGE ( 'NONE', *, *, #1573, .T. ) ;
#355 = CARTESIAN_POINT ( 'NONE',  ( -116.0000000000000568, -134.5000000000000284, -31.75000000000007816 ) ) ;
#356 = DIRECTION ( 'NONE',  ( -1.000000000000000000, -0.000000000000000000, 3.469446951953614189E-15 ) ) ;
#357 = CARTESIAN_POINT ( 'NONE',  ( -116.0000000000000853, 135.4999999999999432, -34.24999999999992895 ) ) ;
#358 = DIRECTION ( 'NONE',  ( 1.000000000000000000, 0.000000000000000000, 0.000000000000000000 ) ) ;
#359 = ORIENTED_EDGE ( 'NONE', *, *, #92, .T. ) ;
#360 = ADVANCED_FACE ( 'NONE', ( #3095 ), #3034, .F. ) ;
#361 = DIRECTION ( 'NONE',  ( 0.000000000000000000, -0.7071067811865517916, 0.7071067811865433539 ) ) ;
#362 = CARTESIAN_POINT ( 'NONE',  ( 74.50000000000001421, 225.3111831820434645, -63.81118318204284634 ) ) ;
#363 = VECTOR ( 'NONE', #3541, 1000.000000000000000 ) ;
#364 = CARTESIAN_POINT ( 'NONE',  ( 111.9999999999999574, 164.7928932188135036, -3.292893218813480072 ) ) ;
#365 = EDGE_CURVE ( 'NONE', #141, #432, #2122, .T. ) ;
#366 = DIRECTION ( 'NONE',  ( 0.000000000000000000, 0.000000000000000000, -1.000000000000000000 ) ) ;
#367 = VECTOR ( 'NONE', #2089, 1000.000000000000000 ) ;
#368 = PLANE ( 'NONE',  #738 ) ;
#369 = ORIENTED_EDGE ( 'NONE', *, *, #3810, .F. ) ;
#370 = VERTEX_POINT ( 'NONE', #352 ) ;
#371 = FACE_BOUND ( 'NONE', #3825, .T. ) ;
#372 = VECTOR ( 'NONE', #2455, 999.9999999999998863 ) ;
#373 = CARTESIAN_POINT ( 'NONE',  ( -112.5235987755983018, 166.9461038484035384, -1.203463161284237470 ) ) ;
#374 = ORIENTED_EDGE ( 'NONE', *, *, #820, .T. ) ;
#375 = EDGE_LOOP ( 'NONE', ( #1516, #3865, #86, #3879 ) ) ;
#376 = CYLINDRICAL_SURFACE ( 'NONE', #514, 1.000000000000000888 ) ;
#377 = DIRECTION ( 'NONE',  ( -0.000000000000000000, 0.7071067811865437980, 0.7071067811865513475 ) ) ;
#378 = CARTESIAN_POINT ( 'NONE',  ( 115.9999999999999716, 252.8883476483188986, -92.80256121069109554 ) ) ;
#379 = ORIENTED_EDGE ( 'NONE', *, *, #2682, .T. ) ;
#380 = DIRECTION ( 'NONE',  ( -1.000000000000000000, -0.000000000000000000, -0.000000000000000000 ) ) ;
#381 = CARTESIAN_POINT ( 'NONE',  ( -113.0000000000000711, -134.5000000000000284, -34.24999999999995026 ) ) ;
#382 = EDGE_CURVE ( 'NONE', #131, #3672, #3351, .T. ) ;
#383 = CIRCLE ( 'NONE', #2600, 1.249999999999973355 ) ;
#384 = ORIENTED_EDGE ( 'NONE', *, *, #1276, .T. ) ;
#385 = ADVANCED_FACE ( 'NONE', ( #2497, #2161, #371, #3711, #32, #1517, #1559, #3074, #1224, #2181 ), #312, .T. ) ;
#386 = CARTESIAN_POINT ( 'NONE',  ( 52.00000000000003553, 221.7756492761107268, -60.27564927611015122 ) ) ;
#387 = DIRECTION ( 'NONE',  ( -0.000000000000000000, 0.000000000000000000, 1.000000000000000000 ) ) ;
#388 = CIRCLE ( 'NONE', #1662, 1.600000000000002309 ) ;
#389 = CARTESIAN_POINT ( 'NONE',  ( 112.0000000000000284, 164.0857864376268935, -3.000000000000082601 ) ) ;
#390 = DIRECTION ( 'NONE',  ( 0.000000000000000000, 0.000000000000000000, -1.000000000000000000 ) ) ;
#391 = ORIENTED_EDGE ( 'NONE', *, *, #2353, .F. ) ;
#392 = CARTESIAN_POINT ( 'NONE',  ( -111.9999999999999858, 166.9354267658087281, -1.150359671818216967 ) ) ;
#393 = DIRECTION ( 'NONE',  ( -1.000000000000000000, -0.000000000000000000, 3.469446951953614189E-15 ) ) ;
#394 = AXIS2_PLACEMENT_3D ( 'NONE', #2174, #1003, #3739 ) ;
#395 = DIRECTION ( 'NONE',  ( -0.000000000000000000, -0.7071067811865437980, -0.7071067811865512365 ) ) ;
#396 = EDGE_LOOP ( 'NONE', ( #3161, #2602 ) ) ;
#397 = LINE ( 'NONE', #1609, #3639 ) ;
#398 = LINE ( 'NONE', #3374, #1397 ) ;
#399 = LINE ( 'NONE', #2830, #1134 ) ;
#400 = LINE ( 'NONE', #3772, #958 ) ;
#401 = ORIENTED_EDGE ( 'NONE', *, *, #2978, .T. ) ;
#402 = DIRECTION ( 'NONE',  ( 0.000000000000000000, 0.7071067811865437980, 0.7071067811865513475 ) ) ;
#403 = AXIS2_PLACEMENT_3D ( 'NONE', #2010, #2326, #3225 ) ;
#404 = ORIENTED_EDGE ( 'NONE', *, *, #750, .F. ) ;
#405 = CARTESIAN_POINT ( 'NONE',  ( -90.00000000000000000, 218.0986940139406727, -66.49818895055172163 ) ) ;
#406 = CIRCLE ( 'NONE', #1419, 5.750000000000008882 ) ;
#407 = EDGE_CURVE ( 'NONE', #1507, #131, #1584, .T. ) ;
#408 = CYLINDRICAL_SURFACE ( 'NONE', #3919, 1.599999999999992317 ) ;
#409 = ORIENTED_EDGE ( 'NONE', *, *, #1257, .T. ) ;
#410 = VECTOR ( 'NONE', #1445, 1000.000000000000000 ) ;
#411 = ORIENTED_EDGE ( 'NONE', *, *, #2162, .F. ) ;
#412 = CARTESIAN_POINT ( 'NONE',  ( 90.00000000000000000, 225.3111831820434361, -63.81118318204278950 ) ) ;
#413 = EDGE_CURVE ( 'NONE', #2120, #3439, #1935, .T. ) ;
#414 = CARTESIAN_POINT ( 'NONE',  ( -114.4581868798997704, 166.5070372555781830, -1.897652042353031199 ) ) ;
#415 = VERTEX_POINT ( 'NONE', #628 ) ;
#416 = ADVANCED_FACE ( 'NONE', ( #2779 ), #904, .F. ) ;
#417 = CARTESIAN_POINT ( 'NONE',  ( 5.500000000000000000, 228.5638743755015980, -62.82123368838163202 ) ) ;
#418 = DIRECTION ( 'NONE',  ( 1.000000000000000000, -2.414735078559702459E-15, -2.414735078559727703E-15 ) ) ;
#419 = PLANE ( 'NONE',  #443 ) ;
#420 = ORIENTED_EDGE ( 'NONE', *, *, #207, .T. ) ;
#421 = CARTESIAN_POINT ( 'NONE',  ( 78.75000000000004263, 1.530808498934175793E-16, -3.000000000000000000 ) ) ;
#422 = EDGE_CURVE ( 'NONE', #1338, #3260, #1246, .T. ) ;
#423 = EDGE_LOOP ( 'NONE', ( #3918, #3546 ) ) ;
#424 = DIRECTION ( 'NONE',  ( -1.000000000000000000, 0.000000000000000000, 0.000000000000000000 ) ) ;
#425 = EDGE_CURVE ( 'NONE', #205, #877, #2252, .T. ) ;
#426 = DIRECTION ( 'NONE',  ( 0.000000000000000000, -0.7071067811865519026, 0.7071067811865431318 ) ) ;
#427 = DIRECTION ( 'NONE',  ( 5.135813185032629525E-31, -0.7071067811865513475, 0.7071067811865436870 ) ) ;
#428 = AXIS2_PLACEMENT_3D ( 'NONE', #687, #1900, #2475 ) ;
#429 = ORIENTED_EDGE ( 'NONE', *, *, #952, .F. ) ;
#430 = VERTEX_POINT ( 'NONE', #646 ) ;
#431 = CARTESIAN_POINT ( 'NONE',  ( -116.0000000000001137, -164.5000000000000284, -42.99999999999999289 ) ) ;
#432 = VERTEX_POINT ( 'NONE', #609 ) ;
#433 = DIRECTION ( 'NONE',  ( 0.000000000000000000, 0.000000000000000000, 1.000000000000000000 ) ) ;
#434 = AXIS2_PLACEMENT_3D ( 'NONE', #72, #3405, #1838 ) ;
#435 = DIRECTION ( 'NONE',  ( -3.469446951953609456E-15, -0.7071067811865441310, -0.7071067811865510144 ) ) ;
#436 = CARTESIAN_POINT ( 'NONE',  ( 116.0000000000004690, -114.5000000000000284, -33.00000000000081002 ) ) ;
#437 = ORIENTED_EDGE ( 'NONE', *, *, #413, .F. ) ;
#438 = CIRCLE ( 'NONE', #181, 1.599999999999992317 ) ;
#439 = ORIENTED_EDGE ( 'NONE', *, *, #1518, .T. ) ;
#440 = CARTESIAN_POINT ( 'NONE',  ( 113.0000000000000853, 135.4999999999999432, -31.75000000000088818 ) ) ;
#441 = CYLINDRICAL_SURFACE ( 'NONE', #3296, 1.249999999999973355 ) ;
#442 = ORIENTED_EDGE ( 'NONE', *, *, #829, .F. ) ;
#443 = AXIS2_PLACEMENT_3D ( 'NONE', #754, #1634, #2192 ) ;
#444 = LINE ( 'NONE', #2632, #3330 ) ;
#445 = ORIENTED_EDGE ( 'NONE', *, *, #132, .T. ) ;
#446 = EDGE_CURVE ( 'NONE', #309, #1363, #406, .T. ) ;
#447 = CARTESIAN_POINT ( 'NONE',  ( 111.9999999999999574, 164.7928932188135036, -3.292893218813473410 ) ) ;
#448 = FACE_BOUND ( 'NONE', #969, .T. ) ;
#449 = CARTESIAN_POINT ( 'NONE',  ( -115.5213591450676631, 163.7249890375294683, -1.970415509105331697 ) ) ;
#450 = EDGE_CURVE ( 'NONE', #841, #840, #56, .T. ) ;
#451 = CARTESIAN_POINT ( 'NONE',  ( -113.0000000000000284, 164.5898094203543565, -4.133782737881033675 ) ) ;
#452 = ORIENTED_EDGE ( 'NONE', *, *, #2157, .T. ) ;
#453 = EDGE_CURVE ( 'NONE', #146, #3142, #2942, .T. ) ;
#454 = EDGE_CURVE ( 'NONE', #1012, #592, #912, .T. ) ;
#455 = CARTESIAN_POINT ( 'NONE',  ( 1.530052174732959625E-14, 176.8743686707647669, -25.27386360737625282 ) ) ;
#456 = CIRCLE ( 'NONE', #1606, 1.249999999999862332 ) ;
#457 = VERTEX_POINT ( 'NONE', #1501 ) ;
#458 = FACE_BOUND ( 'NONE', #2255, .T. ) ;
#459 = CARTESIAN_POINT ( 'NONE',  ( 1.530052174732959625E-14, 183.9454364826302140, -18.20279579551074178 ) ) ;
#460 = EDGE_CURVE ( 'NONE', #153, #2458, #2418, .T. ) ;
#461 = VECTOR ( 'NONE', #676, 1000.000000000000000 ) ;
#462 = DIRECTION ( 'NONE',  ( 1.000000000000000000, 0.000000000000000000, 0.000000000000000000 ) ) ;
#463 = CARTESIAN_POINT ( 'NONE',  ( 34.50000000000000000, 219.2300648638392033, -67.62955980045022386 ) ) ;
#464 = ORIENTED_EDGE ( 'NONE', *, *, #71, .T. ) ;
#465 = AXIS2_PLACEMENT_3D ( 'NONE', #3043, #20, #1913 ) ;
#466 = EDGE_CURVE ( 'NONE', #1950, #2244, #1413, .T. ) ;
#467 = CARTESIAN_POINT ( 'NONE',  ( -116.0000000000001137, 225.3111831820437487, -120.3797256769665864 ) ) ;
#468 = ORIENTED_EDGE ( 'NONE', *, *, #3206, .F. ) ;
#469 = VERTEX_POINT ( 'NONE', #1605 ) ;
#470 = AXIS2_PLACEMENT_3D ( 'NONE', #3528, #3484, #3232 ) ;
#471 = B_SPLINE_SURFACE_WITH_KNOTS ( 'NONE', 1, 3, ( 
 ( #392, #1866, #1229, #2188, #2804, #2784, #651, #1252, #3393, #2742 ),
 ( #3080, #3715, #1888, #3695, #1565, #2128, #15, #3633, #2424, #1544 ),
 ( #2443, #992, #909, #2463, #3655, #1827, #673, #1523, #613, #3101 ),
 ( #2502, #316, #2765, #951, #3674, #931, #3356, #61, #1848, #3057 ) ),
 .UNSPECIFIED., .F., .F., .F.,
 ( 2, 1, 1, 2 ),
 ( 4, 2, 2, 2, 4 ),
 ( -0.01000000000000000021, 0.000000000000000000, 1.000000000000000000, 1.010099999999999998 ),
 ( 0.000000000000000000, 0.2500000000000000000, 0.5000000000000000000, 0.7500000000000000000, 1.000000000000000000 ),
 .UNSPECIFIED. ) ;
#472 = DIRECTION ( 'NONE',  ( -0.000000000000000000, 0.7071067811865507924, -0.7071067811865442421 ) ) ;
#473 = AXIS2_PLACEMENT_3D ( 'NONE', #988, #1628, #116 ) ;
#474 = CARTESIAN_POINT ( 'NONE',  ( -112.2538169234631766, 163.9955870876025301, -3.055538695434758534 ) ) ;
#475 = DIRECTION ( 'NONE',  ( -2.111744996378408030E-16, 1.000000000000000000, -8.446979985513632612E-17 ) ) ;
#476 = ORIENTED_EDGE ( 'NONE', *, *, #2884, .T. ) ;
#477 = B_SPLINE_CURVE_WITH_KNOTS ( 'NONE', 3,
 ( #3652, #2994, #3922, #2377, #1465, #313 ),
 .UNSPECIFIED., .F., .F.,
 ( 4, 2, 4 ),
 ( 0.000000000000000000, 0.5000000000000000000, 1.000000000000000000 ),
 .UNSPECIFIED. ) ;
#478 = CARTESIAN_POINT ( 'NONE',  ( -90.00000000000000000, 223.0484414822464885, -61.54844148224585609 ) ) ;
#479 = ORIENTED_EDGE ( 'NONE', *, *, #3270, .F. ) ;
#480 = CARTESIAN_POINT ( 'NONE',  ( 81.25000000000000000, 0.000000000000000000, 1.402220585023716934E-15 ) ) ;
#481 = LINE ( 'NONE', #2294, #188 ) ;
#482 = DIRECTION ( 'NONE',  ( -0.000000000000000000, -0.7071067811865437980, -0.7071067811865512365 ) ) ;
#483 = CIRCLE ( 'NONE', #1433, 1.249999999999987121 ) ;
#484 = CARTESIAN_POINT ( 'NONE',  ( -116.0000000000000853, 135.4999999999999432, -31.75000000000003553 ) ) ;
#485 = DIRECTION ( 'NONE',  ( -1.000000000000000000, -0.000000000000000000, 3.469446951953614189E-15 ) ) ;
#486 = ORIENTED_EDGE ( 'NONE', *, *, #2348, .T. ) ;
#487 = CARTESIAN_POINT ( 'NONE',  ( 113.0000000000000853, 135.4999999999999432, -33.00000000000081002 ) ) ;
#488 = ORIENTED_EDGE ( 'NONE', *, *, #454, .F. ) ;
#489 = VERTEX_POINT ( 'NONE', #518 ) ;
#490 = CARTESIAN_POINT ( 'NONE',  ( -116.0000000000000568, -134.5000000000000284, -31.75000000000000711 ) ) ;
#491 = FACE_OUTER_BOUND ( 'NONE', #2867, .T. ) ;
#492 = CARTESIAN_POINT ( 'NONE',  ( -116.0000000000002274, 189.0735931288074596, -71.24999999999992895 ) ) ;
#493 = EDGE_LOOP ( 'NONE', ( #3177, #95, #2787, #1105 ) ) ;
#494 = CARTESIAN_POINT ( 'NONE',  ( 1.249999999999992895, 120.0000000000000000, -3.000000000000000000 ) ) ;
#495 = ORIENTED_EDGE ( 'NONE', *, *, #239, .F. ) ;
#496 = FACE_BOUND ( 'NONE', #686, .T. ) ;
#497 = CARTESIAN_POINT ( 'NONE',  ( -46.50000000000000000, 227.4325035256031242, -61.68986283848317242 ) ) ;
#498 = VECTOR ( 'NONE', #753, 1000.000000000000000 ) ;
#499 = B_SPLINE_CURVE_WITH_KNOTS ( 'NONE', 3,
 ( #2150, #3063, #2752, #1239, #2453, #70, #3090, #980, #3404, #3111 ),
 .UNSPECIFIED., .F., .F.,
 ( 4, 2, 2, 2, 4 ),
 ( 0.000000000000000000, 0.2500000000000000000, 0.5000000000000000000, 0.7500000000000000000, 1.000000000000000000 ),
 .UNSPECIFIED. ) ;
#500 = EDGE_CURVE ( 'NONE', #1310, #2466, #3726, .T. ) ;
#501 = LINE ( 'NONE', #3140, #2813 ) ;
#502 = LINE ( 'NONE', #1416, #562 ) ;
#503 = DIRECTION ( 'NONE',  ( 0.000000000000000000, 0.7071067811865474617, -0.7071067811865474617 ) ) ;
#504 = EDGE_LOOP ( 'NONE', ( #2595, #3286, #963, #1146 ) ) ;
#505 = EDGE_CURVE ( 'NONE', #432, #2057, #2841, .T. ) ;
#506 = DIRECTION ( 'NONE',  ( 0.000000000000000000, 0.7071067811865512365, -0.7071067811865439090 ) ) ;
#507 = VECTOR ( 'NONE', #2639, 1000.000000000000000 ) ;
#508 = VERTEX_POINT ( 'NONE', #1308 ) ;
#509 = VERTEX_POINT ( 'NONE', #2239 ) ;
#510 = FACE_OUTER_BOUND ( 'NONE', #786, .T. ) ;
#511 = CARTESIAN_POINT ( 'NONE',  ( -112.9999999999999716, 163.5896972810288617, -3.869079209515385642 ) ) ;
#512 = DIRECTION ( 'NONE',  ( -1.000000000000000000, -2.111744996378410988E-16, -3.469446951953614189E-15 ) ) ;
#513 = VERTEX_POINT ( 'NONE', #1323 ) ;
#514 = AXIS2_PLACEMENT_3D ( 'NONE', #1588, #83, #36 ) ;
#515 = CARTESIAN_POINT ( 'NONE',  ( -46.50000000000000000, 228.5638743755015980, -62.82123368838163202 ) ) ;
#516 = ORIENTED_EDGE ( 'NONE', *, *, #1451, .T. ) ;
#517 = FACE_OUTER_BOUND ( 'NONE', #248, .T. ) ;
#518 = CARTESIAN_POINT ( 'NONE',  ( 115.9999999999999716, 164.0857864376269220, -3.000000000000026201 ) ) ;
#519 = CARTESIAN_POINT ( 'NONE',  ( 80.00000000000001421, 120.0000000000000000, 1.402220585023716934E-15 ) ) ;
#520 = DIRECTION ( 'NONE',  ( -1.000000000000000000, -0.000000000000000000, -0.000000000000000000 ) ) ;
#521 = ORIENTED_EDGE ( 'NONE', *, *, #1354, .F. ) ;
#522 = CIRCLE ( 'NONE', #2684, 1.250000000000001110 ) ;
#523 = CARTESIAN_POINT ( 'NONE',  ( -116.0000000000002274, 189.0735931288074596, -70.00000000000000000 ) ) ;
#524 = ORIENTED_EDGE ( 'NONE', *, *, #3392, .T. ) ;
#525 = ORIENTED_EDGE ( 'NONE', *, *, #3163, .F. ) ;
#526 = CYLINDRICAL_SURFACE ( 'NONE', #2304, 1.600000000000002309 ) ;
#527 = AXIS2_PLACEMENT_3D ( 'NONE', #3920, #3690, #1842 ) ;
#528 = DIRECTION ( 'NONE',  ( 0.000000000000000000, 0.7071067811865437980, 0.7071067811865513475 ) ) ;
#529 = EDGE_CURVE ( 'NONE', #2613, #955, #215, .T. ) ;
#530 = EDGE_LOOP ( 'NONE', ( #1358, #3134, #3061, #3529, #1720, #2987, #2341, #291 ) ) ;
#531 = CIRCLE ( 'NONE', #1107, 3.199999999999994849 ) ;
#532 = VECTOR ( 'NONE', #296, 1000.000000000000000 ) ;
#533 = DIRECTION ( 'NONE',  ( -1.000000000000000000, -0.000000000000000000, 3.469446951953614189E-15 ) ) ;
#534 = PRODUCT ( 'part_waike_5', 'part_waike_5', '', ( #1216 ) ) ;
#535 = CARTESIAN_POINT ( 'NONE',  ( -68.50000000000000000, 225.6647365726367980, -74.06423150924779009 ) ) ;
#536 = EDGE_LOOP ( 'NONE', ( #2803, #2756, #1725, #2885 ) ) ;
#537 = CARTESIAN_POINT ( 'NONE',  ( -20.00000000000000000, 220.3614357137376771, -68.76093065034868346 ) ) ;
#538 = EDGE_CURVE ( 'NONE', #3156, #1310, #501, .T. ) ;
#539 = CARTESIAN_POINT ( 'NONE',  ( 1.530052174732959625E-14, 185.0060966544101007, -33.40559159102151199 ) ) ;
#540 = EDGE_CURVE ( 'NONE', #3253, #1484, #3744, .T. ) ;
#541 = CARTESIAN_POINT ( 'NONE',  ( -81.24999999999995737, -120.0000000000000000, -3.000000000000000000 ) ) ;
#542 = LINE ( 'NONE', #3561, #1868 ) ;
#543 = EDGE_LOOP ( 'NONE', ( #709, #124, #3477, #1349 ) ) ;
#544 = VECTOR ( 'NONE', #3312, 1000.000000000000000 ) ;
#545 = CARTESIAN_POINT ( 'NONE',  ( 0.000000000000000000, 221.7756492761107268, -60.27564927611013701 ) ) ;
#546 = ORIENTED_EDGE ( 'NONE', *, *, #1915, .F. ) ;
#547 = EDGE_LOOP ( 'NONE', ( #3763, #3432, #3485, #1763 ) ) ;
#548 = AXIS2_PLACEMENT_3D ( 'NONE', #833, #2749, #2408 ) ;
#549 = CARTESIAN_POINT ( 'NONE',  ( 27.99999999999997868, 228.8467170879762023, -67.34671708797557699 ) ) ;
#550 = EDGE_CURVE ( 'NONE', #2097, #1926, #1436, .T. ) ;
#551 = CARTESIAN_POINT ( 'NONE',  ( -112.9999999999999858, 252.8883476483188986, -92.80256121069115238 ) ) ;
#552 = ORIENTED_EDGE ( 'NONE', *, *, #1737, .T. ) ;
#553 = AXIS2_PLACEMENT_3D ( 'NONE', #3133, #3086, #2834 ) ;
#554 = CARTESIAN_POINT ( 'NONE',  ( 115.9999999999999716, 164.0857864376253019, -2.688821387764050996E-14 ) ) ;
#555 = ORIENTED_EDGE ( 'NONE', *, *, #862, .T. ) ;
#556 = DIRECTION ( 'NONE',  ( -3.469446951953613794E-15, 0.000000000000000000, -1.000000000000000000 ) ) ;
#557 = LINE ( 'NONE', #873, #367 ) ;
#558 = VECTOR ( 'NONE', #3182, 999.9999999999998863 ) ;
#559 = FACE_OUTER_BOUND ( 'NONE', #2009, .T. ) ;
#560 = CARTESIAN_POINT ( 'NONE',  ( 115.1986673695927408, 166.0472190520407594, -2.485031390012172103 ) ) ;
#561 = ORIENTED_EDGE ( 'NONE', *, *, #294, .T. ) ;
#562 = VECTOR ( 'NONE', #1119, 1000.000000000000000 ) ;
#563 = CARTESIAN_POINT ( 'NONE',  ( -111.9999999999999858, 252.8883476483188986, -92.80256121069113817 ) ) ;
#564 = ORIENTED_EDGE ( 'NONE', *, *, #2412, .F. ) ;
#565 = EDGE_LOOP ( 'NONE', ( #2328, #3693, #3032, #1820 ) ) ;
#566 = DIRECTION ( 'NONE',  ( 0.000000000000000000, -0.7071067811865496822, 0.7071067811865453523 ) ) ;
#567 = AXIS2_PLACEMENT_3D ( 'NONE', #2607, #2588, #503 ) ;
#568 = CARTESIAN_POINT ( 'NONE',  ( -115.9999999999999716, -164.5000000000000284, -4.000000000000007105 ) ) ;
#569 = ORIENTED_EDGE ( 'NONE', *, *, #3513, .F. ) ;
#570 = CARTESIAN_POINT ( 'NONE',  ( 112.5276202007370188, 166.9673227649049068, -1.182255670914431844 ) ) ;
#571 = EDGE_CURVE ( 'NONE', #3869, #3251, #1626, .T. ) ;
#572 = CARTESIAN_POINT ( 'NONE',  ( 112.0000000000000711, -164.5000000000000284, -8.239936510889833698E-14 ) ) ;
#573 = EDGE_CURVE ( 'NONE', #1926, #1462, #777, .T. ) ;
#574 = CARTESIAN_POINT ( 'NONE',  ( 1.387778780781445676E-14, 120.0000000000000000, 1.402220585023716934E-15 ) ) ;
#575 = CARTESIAN_POINT ( 'NONE',  ( -116.0000000000000853, 135.4999999999999432, -33.00000000000000711 ) ) ;
#576 = CARTESIAN_POINT ( 'NONE',  ( -90.00000000000000000, 227.4325035256030674, -61.68986283848314400 ) ) ;
#577 = ADVANCED_FACE ( 'NONE', ( #711 ), #1009, .F. ) ;
#578 = EDGE_CURVE ( 'NONE', #3672, #1751, #3247, .T. ) ;
#579 = VECTOR ( 'NONE', #3171, 1000.000000000000000 ) ;
#580 = DATE_AND_TIME ( #919, #1206 ) ;
#581 = DIRECTION ( 'NONE',  ( 0.000000000000000000, -1.000000000000000000, 0.000000000000000000 ) ) ;
#582 = EDGE_CURVE ( 'NONE', #1781, #1018, #1563, .T. ) ;
#583 = DIRECTION ( 'NONE',  ( -1.000000000000000000, -0.000000000000000000, -0.000000000000000000 ) ) ;
#584 = VECTOR ( 'NONE', #1106, 1000.000000000000000 ) ;
#585 = CARTESIAN_POINT ( 'NONE',  ( 1.530052174732959625E-14, 192.0771644662755477, -26.33452377915600096 ) ) ;
#586 = ORIENTED_EDGE ( 'NONE', *, *, #422, .F. ) ;
#587 = ORIENTED_EDGE ( 'NONE', *, *, #2451, .T. ) ;
#588 = DIRECTION ( 'NONE',  ( 0.000000000000000000, 0.7071067811865474617, -0.7071067811865474617 ) ) ;
#589 = EDGE_CURVE ( 'NONE', #2485, #3917, #1731, .T. ) ;
#590 = AXIS2_PLACEMENT_3D ( 'NONE', #3259, #157, #1990 ) ;
#591 = DIRECTION ( 'NONE',  ( -0.000000000000000000, 0.7071067811865437980, 0.7071067811865513475 ) ) ;
#592 = VERTEX_POINT ( 'NONE', #1097 ) ;
#593 = CARTESIAN_POINT ( 'NONE',  ( 114.0144759214836085, 166.6847887038037754, -1.656120022066540187 ) ) ;
#594 = CARTESIAN_POINT ( 'NONE',  ( -81.24999999999997158, 120.0000000000000000, 1.402220585023716934E-15 ) ) ;
#595 = DIRECTION ( 'NONE',  ( 0.000000000000000000, -0.7071067811865519026, 0.7071067811865431318 ) ) ;
#596 = CARTESIAN_POINT ( 'NONE',  ( 115.2226573748646246, 163.7700887125415932, -1.523376718501111116 ) ) ;
#597 = ORIENTED_EDGE ( 'NONE', *, *, #338, .T. ) ;
#598 = AXIS2_PLACEMENT_3D ( 'NONE', #3096, #2480, #3371 ) ;
#599 = DIRECTION ( 'NONE',  ( -1.000000000000000000, 0.000000000000000000, 3.469446951953611033E-15 ) ) ;
#600 = DIRECTION ( 'NONE',  ( -0.000000000000000000, -0.000000000000000000, 1.000000000000000000 ) ) ;
#601 = CIRCLE ( 'NONE', #1548, 1.249999999999931610 ) ;
#602 = DIRECTION ( 'NONE',  ( 1.000000000000000000, 0.000000000000000000, 0.000000000000000000 ) ) ;
#603 = LINE ( 'NONE', #1238, #2981 ) ;
#604 = ORIENTED_EDGE ( 'NONE', *, *, #2988, .T. ) ;
#605 = FACE_BOUND ( 'NONE', #720, .T. ) ;
#606 = DIRECTION ( 'NONE',  ( -0.000000000000000000, -0.000000000000000000, 1.000000000000000000 ) ) ;
#607 = ORIENTED_EDGE ( 'NONE', *, *, #3271, .T. ) ;
#608 = ORIENTED_EDGE ( 'NONE', *, *, #1163, .T. ) ;
#609 = CARTESIAN_POINT ( 'NONE',  ( 45.50000000000000000, 224.1798123321449907, -62.67981233214437964 ) ) ;
#610 = PLANE ( 'NONE',  #1299 ) ;
#611 = ORIENTED_EDGE ( 'NONE', *, *, #1524, .F. ) ;
#612 = CARTESIAN_POINT ( 'NONE',  ( -116.0000000000000711, -114.5000000000000284, -31.75000000000002132 ) ) ;
#613 = CARTESIAN_POINT ( 'NONE',  ( -113.0000000000000000, 164.5291494230804688, -4.258213027953708263 ) ) ;
#614 = DIRECTION ( 'NONE',  ( 1.000000000000000000, 0.000000000000000000, 0.000000000000000000 ) ) ;
#615 = CARTESIAN_POINT ( 'NONE',  ( 1.670886556634905676E-14, 198.0875721063612502, -36.58757210636090207 ) ) ;
#616 = VERTEX_POINT ( 'NONE', #2943 ) ;
#617 = DIRECTION ( 'NONE',  ( -0.000000000000000000, -0.7071067811865437980, -0.7071067811865512365 ) ) ;
#618 = CARTESIAN_POINT ( 'NONE',  ( -79.99999999999998579, -120.0000000000000000, 1.402220585023716934E-15 ) ) ;
#619 = ADVANCED_FACE ( 'NONE', ( #3526 ), #798, .F. ) ;
#620 = ADVANCED_FACE ( 'NONE', ( #2820, #1713 ), #2923, .T. ) ;
#621 = DIRECTION ( 'NONE',  ( -1.000000000000000000, -0.000000000000000000, 3.469446951953614189E-15 ) ) ;
#622 = CARTESIAN_POINT ( 'NONE',  ( 116.0000000000000995, 52.46572875253735901, 52.46572875253792745 ) ) ;
#623 = EDGE_CURVE ( 'NONE', #1068, #1283, #1136, .T. ) ;
#624 = CARTESIAN_POINT ( 'NONE',  ( -115.9999999999999858, 164.4684698699919920, -4.382683432365125142 ) ) ;
#625 = ORIENTED_EDGE ( 'NONE', *, *, #1984, .F. ) ;
#626 = ORIENTED_EDGE ( 'NONE', *, *, #2905, .T. ) ;
#627 = AXIS2_PLACEMENT_3D ( 'NONE', #3366, #3383, #921 ) ;
#628 = CARTESIAN_POINT ( 'NONE',  ( 113.0000000000001279, -114.5000000000000284, -31.75000000000088107 ) ) ;
#629 = ADVANCED_FACE ( 'NONE', ( #3559 ), #1924, .F. ) ;
#630 = LINE ( 'NONE', #3335, #783 ) ;
#631 = EDGE_LOOP ( 'NONE', ( #3783, #1677 ) ) ;
#632 = CARTESIAN_POINT ( 'NONE',  ( 111.9999999999999574, 166.9354267658087281, -1.150359671818224516 ) ) ;
#633 = CARTESIAN_POINT ( 'NONE',  ( -111.9999999999999858, 164.7928932188134752, -3.292893218813472522 ) ) ;
#634 = PLANE ( 'NONE',  #2873 ) ;
#635 = CARTESIAN_POINT ( 'NONE',  ( 80.00000000000001421, 0.000000000000000000, 0.000000000000000000 ) ) ;
#636 = ORIENTED_EDGE ( 'NONE', *, *, #1652, .F. ) ;
#637 = CARTESIAN_POINT ( 'NONE',  ( -115.9999999999999858, 164.4684698699919920, -4.382683432365125142 ) ) ;
#638 = DIRECTION ( 'NONE',  ( -0.000000000000000000, -0.000000000000000000, 1.000000000000000000 ) ) ;
#639 = PERSON_AND_ORGANIZATION ( #3282, #2469 ) ;
#640 = DIRECTION ( 'NONE',  ( -1.000000000000000000, 2.811001331764280642E-31, 0.000000000000000000 ) ) ;
#641 = CARTESIAN_POINT ( 'NONE',  ( -115.9999999999999716, 163.5445903374807415, -4.000000000000021316 ) ) ;
#642 = DIRECTION ( 'NONE',  ( 0.000000000000000000, 0.7071067811865519026, -0.7071067811865431318 ) ) ;
#643 = DIRECTION ( 'NONE',  ( 4.599880250050110088E-15, 0.7071067811865513475, -0.7071067811865437980 ) ) ;
#644 = EDGE_LOOP ( 'NONE', ( #3880, #3754, #2441, #1255 ) ) ;
#645 = EDGE_LOOP ( 'NONE', ( #3349, #1521 ) ) ;
#646 = CARTESIAN_POINT ( 'NONE',  ( 5.500000000000000000, 224.1798123321449907, -62.67981233214437964 ) ) ;
#647 = EDGE_CURVE ( 'NONE', #171, #1181, #2265, .T. ) ;
#648 = DIRECTION ( 'NONE',  ( 1.000000000000000000, 0.000000000000000000, -3.491481338843133355E-15 ) ) ;
#649 = ORIENTED_EDGE ( 'NONE', *, *, #2905, .F. ) ;
#650 = FACE_OUTER_BOUND ( 'NONE', #2979, .T. ) ;
#651 = CARTESIAN_POINT ( 'NONE',  ( -115.5213591450677484, 165.7760416823729486, -2.819989331740803795 ) ) ;
#652 = VECTOR ( 'NONE', #1505, 1000.000000000000000 ) ;
#653 = EDGE_CURVE ( 'NONE', #2810, #1528, #1755, .T. ) ;
#654 = DIRECTION ( 'NONE',  ( -2.960422955890225935E-15, 0.3826834323650840641, 0.9238795325112890700 ) ) ;
#655 = DIRECTION ( 'NONE',  ( 1.000000000000000000, 0.000000000000000000, 0.000000000000000000 ) ) ;
#656 = VERTEX_POINT ( 'NONE', #2365 ) ;
#657 = DIRECTION ( 'NONE',  ( 0.000000000000000000, 0.000000000000000000, 1.000000000000000000 ) ) ;
#658 = AXIS2_PLACEMENT_3D ( 'NONE', #3613, #2442, #930 ) ;
#659 =( LENGTH_UNIT ( ) NAMED_UNIT ( * ) SI_UNIT ( .MILLI., .METRE. ) );
#660 = DIRECTION ( 'NONE',  ( 1.000000000000000000, -5.414975985184640395E-31, -3.391901413832836801E-15 ) ) ;
#661 = VECTOR ( 'NONE', #2342, 1000.000000000000000 ) ;
#662 = AXIS2_PLACEMENT_3D ( 'NONE', #1699, #2874, #3471 ) ;
#663 = FACE_BOUND ( 'NONE', #934, .T. ) ;
#664 = LINE ( 'NONE', #3723, #675 ) ;
#665 = ORIENTED_EDGE ( 'NONE', *, *, #2887, .F. ) ;
#666 = ORIENTED_EDGE ( 'NONE', *, *, #1859, .T. ) ;
#667 = DIRECTION ( 'NONE',  ( -1.000000000000000000, 0.000000000000000000, -0.000000000000000000 ) ) ;
#668 = LINE ( 'NONE', #1585, #2829 ) ;
#669 = ORIENTED_EDGE ( 'NONE', *, *, #2370, .F. ) ;
#670 = ADVANCED_FACE ( 'NONE', ( #1192 ), #1833, .F. ) ;
#671 = FACE_OUTER_BOUND ( 'NONE', #263, .T. ) ;
#672 = ORIENTED_EDGE ( 'NONE', *, *, #2317, .F. ) ;
#673 = CARTESIAN_POINT ( 'NONE',  ( -112.8737863883542900, 164.6970211220248359, -3.899009892088920459 ) ) ;
#674 = EDGE_CURVE ( 'NONE', #3409, #616, #3264, .T. ) ;
#675 = VECTOR ( 'NONE', #3666, 1000.000000000000000 ) ;
#676 = DIRECTION ( 'NONE',  ( -0.000000000000000000, 0.7071067811865437980, 0.7071067811865513475 ) ) ;
#677 = LINE ( 'NONE', #1055, #1714 ) ;
#678 = ORIENTED_EDGE ( 'NONE', *, *, #3525, .T. ) ;
#679 = CARTESIAN_POINT ( 'NONE',  ( 113.0000000000000995, 225.3111831820437487, -120.3797256769666149 ) ) ;
#680 = CARTESIAN_POINT ( 'NONE',  ( 111.9999999999999574, 255.7167747730651399, -89.97413408594495365 ) ) ;
#681 = ORIENTED_EDGE ( 'NONE', *, *, #3030, .T. ) ;
#682 = CARTESIAN_POINT ( 'NONE',  ( -113.0000000000001137, -164.5000000000000284, -43.00000000000000000 ) ) ;
#683 = FACE_OUTER_BOUND ( 'NONE', #1840, .T. ) ;
#684 = CARTESIAN_POINT ( 'NONE',  ( -111.9999999999999858, -164.5000000000000284, -1.734723475976807094E-15 ) ) ;
#685 = FACE_OUTER_BOUND ( 'NONE', #375, .T. ) ;
#686 = EDGE_LOOP ( 'NONE', ( #1479, #199 ) ) ;
#687 = CARTESIAN_POINT ( 'NONE',  ( -115.9999999999999716, 255.7167747730650831, -89.97413408594491102 ) ) ;
#688 = CARTESIAN_POINT ( 'NONE',  ( 113.0000000000001137, -134.5000000000000284, -33.00000000000081002 ) ) ;
#689 = AXIS2_PLACEMENT_3D ( 'NONE', #3696, #2542, #3437 ) ;
#690 = CARTESIAN_POINT ( 'NONE',  ( -111.9999999999999858, 166.9142135623730780, -1.171572875253809709 ) ) ;
#691 = ORIENTED_EDGE ( 'NONE', *, *, #1000, .T. ) ;
#692 = ORIENTED_EDGE ( 'NONE', *, *, #1117, .T. ) ;
#693 = CARTESIAN_POINT ( 'NONE',  ( 0.000000000000000000, 228.8467170879762023, -67.34671708797556278 ) ) ;
#694 = CIRCLE ( 'NONE', #2909, 4.000000000000000888 ) ;
#695 = APPROVAL ( #2709, '未' ) ;
#696 = CARTESIAN_POINT ( 'NONE',  ( 111.9999999999999574, 166.9142135623731349, -1.171572875253827917 ) ) ;
#697 = DIRECTION ( 'NONE',  ( -0.000000000000000000, -0.000000000000000000, 1.000000000000000000 ) ) ;
#698 = ORIENTED_EDGE ( 'NONE', *, *, #3181, .T. ) ;
#699 = DIRECTION ( 'NONE',  ( -1.000000000000000000, -0.000000000000000000, 3.469446951953614189E-15 ) ) ;
#700 = EDGE_CURVE ( 'NONE', #3896, #328, #304, .T. ) ;
#701 = VECTOR ( 'NONE', #201, 1000.000000000000000 ) ;
#702 = ORIENTED_EDGE ( 'NONE', *, *, #2272, .T. ) ;
#703 = CARTESIAN_POINT ( 'NONE',  ( 1.387778780781445676E-14, -120.0000000000000000, 1.402220585023716934E-15 ) ) ;
#704 = ADVANCED_FACE ( 'NONE', ( #3004 ), #1753, .F. ) ;
#705 = ADVANCED_FACE ( 'NONE', ( #895 ), #1175, .F. ) ;
#706 = EDGE_CURVE ( 'NONE', #1283, #1891, #3871, .T. ) ;
#707 = CARTESIAN_POINT ( 'NONE',  ( 1.249999999999978906, 0.000000000000000000, -3.000000000000000000 ) ) ;
#708 = VECTOR ( 'NONE', #733, 1000.000000000000000 ) ;
#709 = ORIENTED_EDGE ( 'NONE', *, *, #790, .F. ) ;
#710 = EDGE_LOOP ( 'NONE', ( #2651, #1706 ) ) ;
#711 = FACE_OUTER_BOUND ( 'NONE', #565, .T. ) ;
#712 = VECTOR ( 'NONE', #69, 1000.000000000000000 ) ;
#713 = LINE ( 'NONE', #2203, #96 ) ;
#714 = ORIENTED_EDGE ( 'NONE', *, *, #700, .F. ) ;
#715 = LINE ( 'NONE', #1928, #2232 ) ;
#716 = EDGE_CURVE ( 'NONE', #170, #2991, #3291, .T. ) ;
#717 = CARTESIAN_POINT ( 'NONE',  ( -1.249999999999973355, -120.0000000000000000, 1.402220585023716934E-15 ) ) ;
#718 = EDGE_CURVE ( 'NONE', #3149, #2375, #1812, .T. ) ;
#719 = CARTESIAN_POINT ( 'NONE',  ( 115.8958907066732422, 163.6347896875050765, -2.953008462562889402 ) ) ;
#720 = EDGE_LOOP ( 'NONE', ( #1160, #3612 ) ) ;
#721 = CIRCLE ( 'NONE', #590, 1.249999999999924727 ) ;
#722 = ORIENTED_EDGE ( 'NONE', *, *, #3799, .F. ) ;
#723 = LINE ( 'NONE', #1938, #3131 ) ;
#724 = AXIS2_PLACEMENT_3D ( 'NONE', #412, #482, #2904 ) ;
#725 = DIRECTION ( 'NONE',  ( 0.000000000000000000, -1.000000000000000000, 0.000000000000000000 ) ) ;
#726 = CARTESIAN_POINT ( 'NONE',  ( 116.0000000000000995, 148.3141409374415787, -43.38268343236526192 ) ) ;
#727 = VECTOR ( 'NONE', #2950, 1000.000000000000000 ) ;
#728 = ORIENTED_EDGE ( 'NONE', *, *, #1764, .F. ) ;
#729 = CIRCLE ( 'NONE', #2626, 1.249999999999917843 ) ;
#730 = ORIENTED_EDGE ( 'NONE', *, *, #957, .F. ) ;
#731 = VERTEX_POINT ( 'NONE', #1214 ) ;
#732 = CARTESIAN_POINT ( 'NONE',  ( 112.4883593252656340, 164.8124866957628569, -3.528422030107494223 ) ) ;
#733 = DIRECTION ( 'NONE',  ( -1.000000000000000000, 2.478496230413036359E-15, 2.478496230413062392E-15 ) ) ;
#734 = LINE ( 'NONE', #2190, #3506 ) ;
#735 = PLANE ( 'NONE',  #254 ) ;
#736 = VERTEX_POINT ( 'NONE', #3044 ) ;
#737 = DIRECTION ( 'NONE',  ( 0.000000000000000000, -0.7071067811865509034, 0.7071067811865442421 ) ) ;
#738 = AXIS2_PLACEMENT_3D ( 'NONE', #3071, #643, #942 ) ;
#739 = ORIENTED_EDGE ( 'NONE', *, *, #1708, .T. ) ;
#740 = LINE ( 'NONE', #364, #198 ) ;
#741 = EDGE_CURVE ( 'NONE', #2310, #2199, #1065, .T. ) ;
#742 = EDGE_CURVE ( 'NONE', #3903, #3861, #2586, .T. ) ;
#743 = DIRECTION ( 'NONE',  ( 1.000000000000000000, -2.451788122981419615E-15, -2.377682034138010941E-15 ) ) ;
#744 = ORIENTED_EDGE ( 'NONE', *, *, #3114, .F. ) ;
#745 = ORIENTED_EDGE ( 'NONE', *, *, #2884, .F. ) ;
#746 = EDGE_CURVE ( 'NONE', #1178, #3251, #1697, .T. ) ;
#747 = ADVANCED_FACE ( 'NONE', ( #1454 ), #3891, .F. ) ;
#748 = DIRECTION ( 'NONE',  ( 0.000000000000000000, -0.7071067811865513475, 0.7071067811865437980 ) ) ;
#749 = EDGE_LOOP ( 'NONE', ( #714, #1603, #524, #2519 ) ) ;
#750 = EDGE_CURVE ( 'NONE', #1085, #2747, #1572, .T. ) ;
#751 = CARTESIAN_POINT ( 'NONE',  ( -90.00000000000000000, 225.1697618258061198, -59.42712113868620349 ) ) ;
#752 = AXIS2_PLACEMENT_3D ( 'NONE', #1078, #1023, #1601 ) ;
#753 = DIRECTION ( 'NONE',  ( -1.000000000000000000, -0.000000000000000000, 3.469446951953614189E-15 ) ) ;
#754 = CARTESIAN_POINT ( 'NONE',  ( -116.0000000000001137, 136.5086219713516869, -31.57716446627551576 ) ) ;
#755 = ORIENTED_EDGE ( 'NONE', *, *, #550, .T. ) ;
#756 = EDGE_LOOP ( 'NONE', ( #3050, #1503, #1306, #3713 ) ) ;
#757 = FACE_BOUND ( 'NONE', #1385, .T. ) ;
#758 = CARTESIAN_POINT ( 'NONE',  ( 90.00000000000000000, 220.3614357137376203, -68.76093065034865504 ) ) ;
#759 = AXIS2_PLACEMENT_3D ( 'NONE', #1138, #835, #1457 ) ;
#760 = FACE_OUTER_BOUND ( 'NONE', #1090, .T. ) ;
#761 = CARTESIAN_POINT ( 'NONE',  ( 112.0000000000000142, -164.5000000000000284, -4.000000000000041744 ) ) ;
#762 = ORIENTED_EDGE ( 'NONE', *, *, #3473, .T. ) ;
#763 = AXIS2_PLACEMENT_3D ( 'NONE', #1348, #3129, #2832 ) ;
#764 = CARTESIAN_POINT ( 'NONE',  ( -113.0000000000001137, 225.3111831820437487, -120.3797256769666006 ) ) ;
#765 = ORIENTED_EDGE ( 'NONE', *, *, #2865, .T. ) ;
#766 = VERTEX_POINT ( 'NONE', #3288 ) ;
#767 = LINE ( 'NONE', #2006, #708 ) ;
#768 = EDGE_CURVE ( 'NONE', #840, #1484, #557, .T. ) ;
#769 = CARTESIAN_POINT ( 'NONE',  ( -115.9999999999999716, 163.5445903374807415, -4.000000000000062172 ) ) ;
#770 = DIRECTION ( 'NONE',  ( -1.000000000000000000, -2.111744996378410988E-16, -3.469446951953614189E-15 ) ) ;
#771 = ORIENTED_EDGE ( 'NONE', *, *, #1336, .F. ) ;
#772 = EDGE_CURVE ( 'NONE', #3008, #3184, #1790, .T. ) ;
#773 = AXIS2_PLACEMENT_3D ( 'NONE', #1144, #2376, #231 ) ;
#774 = ORIENTED_EDGE ( 'NONE', *, *, #3490, .T. ) ;
#775 = FACE_BOUND ( 'NONE', #493, .T. ) ;
#776 = FACE_OUTER_BOUND ( 'NONE', #1778, .T. ) ;
#777 = LINE ( 'NONE', #2030, #363 ) ;
#778 = VECTOR ( 'NONE', #1889, 1000.000000000000000 ) ;
#779 = DIRECTION ( 'NONE',  ( -0.000000000000000000, -0.000000000000000000, 1.000000000000000000 ) ) ;
#780 = DIRECTION ( 'NONE',  ( 0.000000000000000000, -0.7071067811865512365, 0.7071067811865439090 ) ) ;
#781 = ORIENTED_EDGE ( 'NONE', *, *, #2569, .T. ) ;
#782 = VECTOR ( 'NONE', #2700, 1000.000000000000000 ) ;
#783 = VECTOR ( 'NONE', #2973, 999.9999999999998863 ) ;
#784 = CARTESIAN_POINT ( 'NONE',  ( 113.0000000000001705, -164.5000000000000000, -43.00000000000000000 ) ) ;
#785 = ORIENTED_EDGE ( 'NONE', *, *, #207, .F. ) ;
#786 = EDGE_LOOP ( 'NONE', ( #1026, #2517, #698, #1101 ) ) ;
#787 = CARTESIAN_POINT ( 'NONE',  ( 0.000000000000000000, 80.74999999999913314, 80.74999999999997158 ) ) ;
#788 = AXIS2_PLACEMENT_3D ( 'NONE', #2072, #1514, #1180 ) ;
#789 = CARTESIAN_POINT ( 'NONE',  ( -112.0000000000000284, 164.0857864376268935, -1.994931997373328159E-14 ) ) ;
#790 = EDGE_CURVE ( 'NONE', #1484, #1292, #1638, .T. ) ;
#791 = CARTESIAN_POINT ( 'NONE',  ( -68.50000000000000000, 232.7358043845022451, -66.99316369738227195 ) ) ;
#792 = EDGE_LOOP ( 'NONE', ( #297, #2848, #597, #2041 ) ) ;
#793 = DIRECTION ( 'NONE',  ( 1.000000000000000000, 0.000000000000000000, 3.491481338843133355E-15 ) ) ;
#794 = CARTESIAN_POINT ( 'NONE',  ( -115.9999999999999716, 164.0857864376269220, -4.000000000000023981 ) ) ;
#795 = VERTEX_POINT ( 'NONE', #2850 ) ;
#796 = LINE ( 'NONE', #2087, #2771 ) ;
#797 = DIRECTION ( 'NONE',  ( 1.000000000000000000, 0.000000000000000000, 0.000000000000000000 ) ) ;
#798 = CYLINDRICAL_SURFACE ( 'NONE', #2069, 1.249999999999931610 ) ;
#799 = AXIS2_PLACEMENT_3D ( 'NONE', #2669, #3898, #3878 ) ;
#800 = DIRECTION ( 'NONE',  ( -1.000000000000000000, -0.000000000000000000, 3.469446951953614189E-15 ) ) ;
#801 = LINE ( 'NONE', #1716, #3306 ) ;
#802 = EDGE_LOOP ( 'NONE', ( #1380, #672 ) ) ;
#803 = CARTESIAN_POINT ( 'NONE',  ( -116.0000000000010658, 37.11809241067656728, -309.2205659382237286 ) ) ;
#804 = VERTEX_POINT ( 'NONE', #1595 ) ;
#805 = ORIENTED_EDGE ( 'NONE', *, *, #3846, .T. ) ;
#806 = LINE ( 'NONE', #2657, #1791 ) ;
#807 = CARTESIAN_POINT ( 'NONE',  ( -112.7996668423981532, 163.7700887125416500, -3.385453280025115141 ) ) ;
#808 = DIRECTION ( 'NONE',  ( -1.000000000000000000, -0.000000000000000000, 3.469446951953614189E-15 ) ) ;
#809 = ORIENTED_EDGE ( 'NONE', *, *, #3806, .F. ) ;
#810 = LINE ( 'NONE', #2582, #1475 ) ;
#811 = ORIENTED_EDGE ( 'NONE', *, *, #2972, .F. ) ;
#812 = DIRECTION ( 'NONE',  ( 0.000000000000000000, 0.7071067811865437980, 0.7071067811865513475 ) ) ;
#813 = AXIS2_PLACEMENT_3D ( 'NONE', #3915, #2753, #3091 ) ;
#814 = EDGE_CURVE ( 'NONE', #3045, #1049, #1761, .T. ) ;
#815 = DIRECTION ( 'NONE',  ( -0.000000000000000000, 0.000000000000000000, 1.000000000000000000 ) ) ;
#816 = DIRECTION ( 'NONE',  ( -0.000000000000000000, 0.7071067811865437980, 0.7071067811865513475 ) ) ;
#817 = PRODUCT_DEFINITION_SHAPE ( 'NONE', 'NONE',  #3728 ) ;
#818 = CARTESIAN_POINT ( 'NONE',  ( -113.0000000000000711, -114.5000000000000284, -34.24999999999994316 ) ) ;
#819 = ORIENTED_EDGE ( 'NONE', *, *, #706, .T. ) ;
#820 = EDGE_CURVE ( 'NONE', #955, #2613, #51, .T. ) ;
#821 = LINE ( 'NONE', #2260, #3388 ) ;
#822 = VECTOR ( 'NONE', #1406, 1000.000000000000000 ) ;
#823 = ORIENTED_EDGE ( 'NONE', *, *, #2793, .F. ) ;
#824 = ORIENTED_EDGE ( 'NONE', *, *, #1245, .T. ) ;
#825 = DIRECTION ( 'NONE',  ( -1.000000000000000000, -0.000000000000000000, 3.469446951953614189E-15 ) ) ;
#826 = DIRECTION ( 'NONE',  ( 1.000000000000000000, 0.000000000000000000, 0.000000000000000000 ) ) ;
#827 = ORIENTED_EDGE ( 'NONE', *, *, #3327, .T. ) ;
#828 = LINE ( 'NONE', #3552, #3767 ) ;
#829 = EDGE_CURVE ( 'NONE', #3142, #795, #2172, .T. ) ;
#830 = LINE ( 'NONE', #455, #1225 ) ;
#831 = EDGE_LOOP ( 'NONE', ( #2768, #2026, #3099, #3719 ) ) ;
#832 = CYLINDRICAL_SURFACE ( 'NONE', #3777, 4.000000000000003553 ) ;
#833 = CARTESIAN_POINT ( 'NONE',  ( -68.50000000000000000, 225.6647365726367980, -74.06423150924779009 ) ) ;
#834 = DIRECTION ( 'NONE',  ( 0.000000000000000000, 0.7071067811865507924, -0.7071067811865442421 ) ) ;
#835 = DIRECTION ( 'NONE',  ( -1.000000000000000000, -0.000000000000000000, 3.469446951953614189E-15 ) ) ;
#836 = EDGE_LOOP ( 'NONE', ( #1353, #1440, #1222, #2033 ) ) ;
#837 = VECTOR ( 'NONE', #2741, 1000.000000000000000 ) ;
#838 = AXIS2_PLACEMENT_3D ( 'NONE', #2251, #999, #3419 ) ;
#839 = DIRECTION ( 'NONE',  ( -0.000000000000000000, 0.7071067811865507924, -0.7071067811865442421 ) ) ;
#840 = VERTEX_POINT ( 'NONE', #680 ) ;
#841 = VERTEX_POINT ( 'NONE', #977 ) ;
#842 = FACE_BOUND ( 'NONE', #1932, .T. ) ;
#843 = CARTESIAN_POINT ( 'NONE',  ( 116.0000000000001137, 148.3141409374415502, -43.38268343236524771 ) ) ;
#844 = VECTOR ( 'NONE', #1429, 999.9999999999998863 ) ;
#845 = VERTEX_POINT ( 'NONE', #3661 ) ;
#846 = AXIS2_PLACEMENT_3D ( 'NONE', #2611, #3196, #3823 ) ;
#847 = AXIS2_PLACEMENT_3D ( 'NONE', #58, #2164, #3160 ) ;
#848 = CYLINDRICAL_SURFACE ( 'NONE', #1546, 1.249999999999917843 ) ;
#849 = DIRECTION ( 'NONE',  ( -0.000000000000000000, 0.000000000000000000, 1.000000000000000000 ) ) ;
#850 = VERTEX_POINT ( 'NONE', #381 ) ;
#851 = DIRECTION ( 'NONE',  ( 1.000000000000000000, 0.000000000000000000, 0.000000000000000000 ) ) ;
#852 = CARTESIAN_POINT ( 'NONE',  ( 116.0000000000004547, 135.4999999999999432, -33.00000000000081002 ) ) ;
#853 = CYLINDRICAL_SURFACE ( 'NONE', #3422, 1.599999999999992317 ) ;
#854 = DIRECTION ( 'NONE',  ( -1.387778780781444413E-14, 0.000000000000000000, 1.000000000000000000 ) ) ;
#855 = ADVANCED_FACE ( 'NONE', ( #1892 ), #108, .F. ) ;
#856 = CARTESIAN_POINT ( 'NONE',  ( -116.0000000000000568, -134.5000000000000284, -31.75000000000007816 ) ) ;
#857 = EDGE_LOOP ( 'NONE', ( #3093, #964 ) ) ;
#858 = ORIENTED_EDGE ( 'NONE', *, *, #2652, .F. ) ;
#859 = AXIS2_PLACEMENT_3D ( 'NONE', #576, #2385, #3909 ) ;
#860 = CARTESIAN_POINT ( 'NONE',  ( 112.9999999999999574, 164.4684698699920489, -4.382683432365133136 ) ) ;
#861 = EDGE_CURVE ( 'NONE', #3574, #1338, #3207, .T. ) ;
#862 = EDGE_CURVE ( 'NONE', #1310, #3917, #499, .T. ) ;
#863 = CARTESIAN_POINT ( 'NONE',  ( -79.99999999999998579, -120.0000000000000000, -3.000000000000000000 ) ) ;
#864 = EDGE_LOOP ( 'NONE', ( #486, #3138, #1244, #1942 ) ) ;
#865 = EDGE_CURVE ( 'NONE', #656, #2466, #1594, .T. ) ;
#866 = LINE ( 'NONE', #1826, #837 ) ;
#867 = VECTOR ( 'NONE', #2213, 999.9999999999998863 ) ;
#868 = ADVANCED_FACE ( 'NONE', ( #196 ), #1057, .F. ) ;
#869 = LINE ( 'NONE', #3676, #1667 ) ;
#870 = CARTESIAN_POINT ( 'NONE',  ( 114.0295844908947061, 163.9053877375781383, -0.4786408549324014383 ) ) ;
#871 = VERTEX_POINT ( 'NONE', #1637 ) ;
#872 = DIRECTION ( 'NONE',  ( -0.000000000000000000, -0.000000000000000000, 1.000000000000000000 ) ) ;
#873 = CARTESIAN_POINT ( 'NONE',  ( -115.9999999999999716, 255.7167747730650831, -89.97413408594491102 ) ) ;
#874 = CIRCLE ( 'NONE', #241, 1.249999999999973355 ) ;
#875 = CARTESIAN_POINT ( 'NONE',  ( -73.50000000000000000, 225.3111831820434645, -63.81118318204284634 ) ) ;
#876 = CARTESIAN_POINT ( 'NONE',  ( 115.9999999999999574, 164.8068198288081589, -3.980552901488229711 ) ) ;
#877 = VERTEX_POINT ( 'NONE', #1765 ) ;
#878 = EDGE_CURVE ( 'NONE', #1377, #3224, #2975, .T. ) ;
#879 = LOCAL_TIME ( 20, 44, 46.00000000000000000, #3363 ) ;
#880 = CARTESIAN_POINT ( 'NONE',  ( -114.0144759214836085, 163.9053877375781667, -0.5048544465830072658 ) ) ;
#881 = CYLINDRICAL_SURFACE ( 'NONE', #2384, 1.000000000000000888 ) ;
#882 = ORIENTED_EDGE ( 'NONE', *, *, #1064, .T. ) ;
#883 = ORIENTED_EDGE ( 'NONE', *, *, #2153, .F. ) ;
#884 = DIRECTION ( 'NONE',  ( -0.000000000000000000, -0.000000000000000000, 1.000000000000000000 ) ) ;
#885 = AXIS2_PLACEMENT_3D ( 'NONE', #497, #2623, #2705 ) ;
#886 = AXIS2_PLACEMENT_3D ( 'NONE', #1494, #581, #854 ) ;
#887 = LINE ( 'NONE', #2673, #532 ) ;
#888 = VERTEX_POINT ( 'NONE', #594 ) ;
#889 = CARTESIAN_POINT ( 'NONE',  ( -116.0000000000010658, 37.11809241067656728, -309.2205659382237286 ) ) ;
#890 = CYLINDRICAL_SURFACE ( 'NONE', #345, 1.249999999999973355 ) ;
#891 = DIRECTION ( 'NONE',  ( -0.000000000000000000, -0.7071067811865437980, -0.7071067811865512365 ) ) ;
#892 = CARTESIAN_POINT ( 'NONE',  ( 27.99999999999997868, 223.8969696196704149, -72.29646455628142121 ) ) ;
#893 = ORIENTED_EDGE ( 'NONE', *, *, #1293, .F. ) ;
#894 = CYLINDRICAL_SURFACE ( 'NONE', #1369, 1.249999999999917843 ) ;
#895 = FACE_OUTER_BOUND ( 'NONE', #3097, .T. ) ;
#896 = VECTOR ( 'NONE', #660, 1000.000000000000000 ) ;
#897 = CALENDAR_DATE ( 2026, 30, 7 ) ;
#898 = DIRECTION ( 'NONE',  ( -0.000000000000000000, -0.000000000000000000, 1.000000000000000000 ) ) ;
#899 = EDGE_LOOP ( 'NONE', ( #2436, #1917 ) ) ;
#900 = LINE ( 'NONE', #1878, #2338 ) ;
#901 = DIRECTION ( 'NONE',  ( 1.000000000000000000, -2.793261385626813401E-31, -3.469446951953613794E-15 ) ) ;
#902 = ORIENTED_EDGE ( 'NONE', *, *, #2478, .T. ) ;
#903 = ORIENTED_EDGE ( 'NONE', *, *, #1708, .F. ) ;
#904 = PLANE ( 'NONE',  #3828 ) ;
#905 = VECTOR ( 'NONE', #3358, 1000.000000000000000 ) ;
#906 = CARTESIAN_POINT ( 'NONE',  ( -73.50000000000000000, 220.3614357137376771, -68.76093065034868346 ) ) ;
#907 = VERTEX_POINT ( 'NONE', #2063 ) ;
#908 = CARTESIAN_POINT ( 'NONE',  ( 112.7996668423981532, 164.7435685928901421, -3.788681849162792936 ) ) ;
#909 = CARTESIAN_POINT ( 'NONE',  ( -112.2617478843592949, 164.8382696940504104, -3.375077887698298529 ) ) ;
#910 = ADVANCED_FACE ( 'NONE', ( #2675 ), #848, .F. ) ;
#911 = EDGE_CURVE ( 'NONE', #2699, #469, #1165, .T. ) ;
#912 = CIRCLE ( 'NONE', #3454, 1.249999999999931610 ) ;
#913 = LINE ( 'NONE', #2745, #652 ) ;
#914 = CYLINDRICAL_SURFACE ( 'NONE', #1519, 1.249999999999973355 ) ;
#915 = AXIS2_PLACEMENT_3D ( 'NONE', #2617, #1129, #3829 ) ;
#916 = CARTESIAN_POINT ( 'NONE',  ( -90.00000000000000000, 227.5739248818403837, -66.07392488183973001 ) ) ;
#917 = CARTESIAN_POINT ( 'NONE',  ( -116.0000000000000853, 135.4999999999999432, -33.00000000000000711 ) ) ;
#918 = ADVANCED_FACE ( 'NONE', ( #2641 ), #890, .F. ) ;
#919 = CALENDAR_DATE ( 2026, 30, 7 ) ;
#920 = CARTESIAN_POINT ( 'NONE',  ( 80.00000000000001421, 0.000000000000000000, 1.402220585023716934E-15 ) ) ;
#921 = DIRECTION ( 'NONE',  ( 1.000000000000000000, 0.000000000000000000, 0.000000000000000000 ) ) ;
#922 = DIRECTION ( 'NONE',  ( -0.000000000000000000, 0.7071067811865437980, 0.7071067811865513475 ) ) ;
#923 = ORIENTED_EDGE ( 'NONE', *, *, #3770, .F. ) ;
#924 = VERTEX_POINT ( 'NONE', #3019 ) ;
#925 = DIRECTION ( 'NONE',  ( -0.000000000000000000, 0.7071067811865437980, 0.7071067811865513475 ) ) ;
#926 = AXIS2_PLACEMENT_3D ( 'NONE', #2346, #3870, #556 ) ;
#927 = DIRECTION ( 'NONE',  ( 0.000000000000000000, 0.000000000000000000, 1.000000000000000000 ) ) ;
#928 = ORIENTED_EDGE ( 'NONE', *, *, #127, .F. ) ;
#929 = AXIS2_PLACEMENT_3D ( 'NONE', #539, #3325, #322 ) ;
#930 = DIRECTION ( 'NONE',  ( 0.000000000000000000, -0.7071067811865496822, 0.7071067811865453523 ) ) ;
#931 = CARTESIAN_POINT ( 'NONE',  ( -112.7754369370735361, 164.7304017232526689, -3.801848718800214133 ) ) ;
#932 = DIRECTION ( 'NONE',  ( 0.000000000000000000, 1.000000000000000000, 0.000000000000000000 ) ) ;
#933 = CARTESIAN_POINT ( 'NONE',  ( -79.99999999999998579, -120.0000000000000000, 0.000000000000000000 ) ) ;
#934 = EDGE_LOOP ( 'NONE', ( #166, #143 ) ) ;
#935 = DIRECTION ( 'NONE',  ( 0.000000000000000000, 0.7071067811865441310, 0.7071067811865507924 ) ) ;
#936 = CARTESIAN_POINT ( 'NONE',  ( 115.9999999999999716, 164.7928932188134752, -3.292893218813472522 ) ) ;
#937 = COORDINATED_UNIVERSAL_TIME_OFFSET ( 8, 0, .AHEAD. ) ;
#938 = DIRECTION ( 'NONE',  ( 0.000000000000000000, 0.3826834323650907810, 0.9238795325112864054 ) ) ;
#939 = EDGE_CURVE ( 'NONE', #2466, #1411, #2105, .T. ) ;
#940 = AXIS2_PLACEMENT_3D ( 'NONE', #1241, #1260, #2871 ) ;
#941 = DIRECTION ( 'NONE',  ( 3.469446951953613794E-15, 1.555753819465285427E-61, 1.000000000000000000 ) ) ;
#942 = DIRECTION ( 'NONE',  ( 0.000000000000000000, 0.7071067811865437980, 0.7071067811865513475 ) ) ;
#943 = EDGE_LOOP ( 'NONE', ( #3273, #3463 ) ) ;
#944 = ORIENTED_EDGE ( 'NONE', *, *, #37, .T. ) ;
#945 = CIRCLE ( 'NONE', #2221, 0.9999999999999767963 ) ;
#946 = DIRECTION ( 'NONE',  ( -1.000000000000000000, -0.000000000000000000, 3.469446951953614189E-15 ) ) ;
#947 = EDGE_CURVE ( 'NONE', #2826, #2214, #2082, .T. ) ;
#948 = DIRECTION ( 'NONE',  ( 0.000000000000000000, 0.7071067811865496822, -0.7071067811865453523 ) ) ;
#949 = ORIENTED_EDGE ( 'NONE', *, *, #3607, .T. ) ;
#950 = CARTESIAN_POINT ( 'NONE',  ( 114.4766232814989024, 166.5240007509866871, -1.880688546944513595 ) ) ;
#951 = CARTESIAN_POINT ( 'NONE',  ( -112.4883593252656766, 164.8124866957629138, -3.528422030107499996 ) ) ;
#952 = EDGE_CURVE ( 'NONE', #656, #1971, #828, .T. ) ;
#953 = LINE ( 'NONE', #63, #778 ) ;
#954 = CARTESIAN_POINT ( 'NONE',  ( 112.5236924838037709, 164.0406786911489121, -7.513605482458850347E-14 ) ) ;
#955 = VERTEX_POINT ( 'NONE', #1447 ) ;
#956 = CARTESIAN_POINT ( 'NONE',  ( 80.00000000000001421, 0.000000000000000000, -3.000000000000000000 ) ) ;
#957 = EDGE_CURVE ( 'NONE', #1528, #3852, #3866, .T. ) ;
#958 = VECTOR ( 'NONE', #697, 1000.000000000000000 ) ;
#959 = DATE_TIME_ROLE ( 'creation_date' ) ;
#960 = CARTESIAN_POINT ( 'NONE',  ( 68.00000000000002842, 216.8259018078049110, -65.22539674441598834 ) ) ;
#961 = ADVANCED_FACE ( 'NONE', ( #2947 ), #1675, .T. ) ;
#962 = DIRECTION ( 'NONE',  ( 0.000000000000000000, 0.7071067811865512365, -0.7071067811865439090 ) ) ;
#963 = ORIENTED_EDGE ( 'NONE', *, *, #1658, .T. ) ;
#964 = ORIENTED_EDGE ( 'NONE', *, *, #3181, .F. ) ;
#965 = ADVANCED_FACE ( 'NONE', ( #1975 ), #2050, .F. ) ;
#966 = DIRECTION ( 'NONE',  ( 0.000000000000000000, 0.7071067811865752173, 0.7071067811865197061 ) ) ;
#967 = AXIS2_PLACEMENT_3D ( 'NONE', #2392, #3240, #3608 ) ;
#968 = DIRECTION ( 'NONE',  ( -0.000000000000000000, 0.000000000000000000, 1.000000000000000000 ) ) ;
#969 = EDGE_LOOP ( 'NONE', ( #2599, #2859 ) ) ;
#970 = CARTESIAN_POINT ( 'NONE',  ( 111.9999999999999574, 164.7714678833435471, -3.314318554283425922 ) ) ;
#971 = VECTOR ( 'NONE', #2785, 1000.000000000000114 ) ;
#972 = DIRECTION ( 'NONE',  ( 0.000000000000000000, 0.7071067811865524577, -0.7071067811865426878 ) ) ;
#973 = CARTESIAN_POINT ( 'NONE',  ( 112.7996668423981390, 163.7700887125415932, -3.385453280025142675 ) ) ;
#974 = VERTEX_POINT ( 'NONE', #3250 ) ;
#975 = LINE ( 'NONE', #2770, #3720 ) ;
#976 = CIRCLE ( 'NONE', #2498, 5.750000000000014211 ) ;
#977 = CARTESIAN_POINT ( 'NONE',  ( 111.9999999999999574, 253.5954544295054802, -92.09545442950462757 ) ) ;
#978 = CIRCLE ( 'NONE', #1102, 11.50000000000000355 ) ;
#979 = LINE ( 'NONE', #960, #1087 ) ;
#980 = CARTESIAN_POINT ( 'NONE',  ( 115.8958907066732422, 163.6347896875050765, -2.953008462562888958 ) ) ;
#981 = AXIS2_PLACEMENT_3D ( 'NONE', #2332, #185, #1079 ) ;
#982 = CIRCLE ( 'NONE', #3010, 11.50000000000000355 ) ;
#983 = CARTESIAN_POINT ( 'NONE',  ( -111.9999999999999858, 164.0857864376268935, -3.000000000000019984 ) ) ;
#984 = FACE_BOUND ( 'NONE', #2391, .T. ) ;
#985 = EDGE_LOOP ( 'NONE', ( #82, #3157 ) ) ;
#986 = VERTEX_POINT ( 'NONE', #818 ) ;
#987 = DIRECTION ( 'NONE',  ( -0.000000000000000000, 0.000000000000000000, 1.000000000000000000 ) ) ;
#988 = CARTESIAN_POINT ( 'NONE',  ( 90.00000000000000000, 220.3614357137376203, -68.76093065034865504 ) ) ;
#989 = LINE ( 'NONE', #2206, #1988 ) ;
#990 = VERTEX_POINT ( 'NONE', #243 ) ;
#991 = EDGE_CURVE ( 'NONE', #1130, #1267, #3503, .T. ) ;
#992 = CARTESIAN_POINT ( 'NONE',  ( -112.1309207904845806, 164.8247886444749497, -3.324788644474931498 ) ) ;
#993 = CIRCLE ( 'NONE', #2637, 1.249999999999924727 ) ;
#994 = EDGE_CURVE ( 'NONE', #841, #3253, #542, .T. ) ;
#995 = DIRECTION ( 'NONE',  ( -0.000000000000000000, 0.7071067811865437980, 0.7071067811865513475 ) ) ;
#996 = CARTESIAN_POINT ( 'NONE',  ( 112.9696999999999747, 163.5445903374807131, -4.000000000000031086 ) ) ;
#997 = ORIENTED_EDGE ( 'NONE', *, *, #1373, .T. ) ;
#998 = EDGE_CURVE ( 'NONE', #217, #2545, #1437, .T. ) ;
#999 = DIRECTION ( 'NONE',  ( -0.000000000000000000, -0.7071067811865437980, -0.7071067811865512365 ) ) ;
#1000 = EDGE_CURVE ( 'NONE', #1646, #3814, #3263, .T. ) ;
#1001 = ADVANCED_FACE ( 'NONE', ( #1734 ), #225, .F. ) ;
#1002 = EDGE_LOOP ( 'NONE', ( #3649, #2301, #1803, #3193 ) ) ;
#1003 = DIRECTION ( 'NONE',  ( -0.000000000000000000, 0.7071067811865437980, 0.7071067811865513475 ) ) ;
#1004 = DIRECTION ( 'NONE',  ( -0.000000000000000000, 0.7071067811865437980, 0.7071067811865513475 ) ) ;
#1005 = CARTESIAN_POINT ( 'NONE',  ( 116.0000000000000426, -164.5000000000000284, -4.000000000000034639 ) ) ;
#1006 = ORIENTED_EDGE ( 'NONE', *, *, #52, .T. ) ;
#1007 = EDGE_CURVE ( 'NONE', #1587, #1307, #2289, .T. ) ;
#1008 = ORIENTED_EDGE ( 'NONE', *, *, #3281, .F. ) ;
#1009 = PLANE ( 'NONE',  #1250 ) ;
#1010 = VECTOR ( 'NONE', #1219, 1000.000000000000000 ) ;
#1011 = DIRECTION ( 'NONE',  ( 0.000000000000000000, 0.7071067811865516806, -0.7071067811865434649 ) ) ;
#1012 = VERTEX_POINT ( 'NONE', #1100 ) ;
#1013 = CARTESIAN_POINT ( 'NONE',  ( 116.0000000000001137, 225.3111831820437487, -120.3797256769666006 ) ) ;
#1014 = ORIENTED_EDGE ( 'NONE', *, *, #168, .T. ) ;
#1015 = FACE_BOUND ( 'NONE', #1114, .T. ) ;
#1016 = DIRECTION ( 'NONE',  ( -0.000000000000000000, 0.000000000000000000, 1.000000000000000000 ) ) ;
#1017 = DIRECTION ( 'NONE',  ( -0.000000000000000000, 0.7071067811865512365, -0.7071067811865439090 ) ) ;
#1018 = VERTEX_POINT ( 'NONE', #1999 ) ;
#1019 = DIRECTION ( 'NONE',  ( -1.000000000000000000, -0.000000000000000000, 3.469446951953614189E-15 ) ) ;
#1020 = AXIS2_PLACEMENT_3D ( 'NONE', #2306, #1384, #3808 ) ;
#1021 = ORIENTED_EDGE ( 'NONE', *, *, #1573, .F. ) ;
#1022 = DIRECTION ( 'NONE',  ( 0.000000000000000000, 0.000000000000000000, 1.000000000000000000 ) ) ;
#1023 = DIRECTION ( 'NONE',  ( -0.000000000000000000, 0.7071067811865437980, 0.7071067811865513475 ) ) ;
#1024 = VECTOR ( 'NONE', #3805, 1000.000000000000000 ) ;
#1025 = EDGE_LOOP ( 'NONE', ( #2956, #1329, #2160, #827 ) ) ;
#1026 = ORIENTED_EDGE ( 'NONE', *, *, #3897, .T. ) ;
#1027 = CARTESIAN_POINT ( 'NONE',  ( -68.50000000000000000, 232.7358043845022451, -66.99316369738227195 ) ) ;
#1028 = DIRECTION ( 'NONE',  ( -0.000000000000000000, -0.000000000000000000, 1.000000000000000000 ) ) ;
#1029 = ORIENTED_EDGE ( 'NONE', *, *, #1764, .T. ) ;
#1030 = DIRECTION ( 'NONE',  ( -1.000000000000000000, -0.000000000000000000, 3.469446951953614189E-15 ) ) ;
#1031 = CARTESIAN_POINT ( 'NONE',  ( 113.0000000000001279, -114.5000000000000284, -33.00000000000081002 ) ) ;
#1032 = LINE ( 'NONE', #378, #2665 ) ;
#1033 = VERTEX_POINT ( 'NONE', #3215 ) ;
#1034 = LINE ( 'NONE', #1951, #2048 ) ;
#1035 = VECTOR ( 'NONE', #1849, 1000.000000000000000 ) ;
#1036 = EDGE_CURVE ( 'NONE', #170, #457, #3796, .T. ) ;
#1037 = EDGE_CURVE ( 'NONE', #3756, #2275, #383, .T. ) ;
#1038 = AXIS2_PLACEMENT_3D ( 'NONE', #1852, #2428, #3638 ) ;
#1039 = ORIENTED_EDGE ( 'NONE', *, *, #3394, .T. ) ;
#1040 = CARTESIAN_POINT ( 'NONE',  ( 112.0000000000000284, -164.5000000000000284, -3.000000000000082601 ) ) ;
#1041 = EDGE_CURVE ( 'NONE', #1049, #3045, #1775, .T. ) ;
#1042 = AXIS2_PLACEMENT_3D ( 'NONE', #1285, #987, #2757 ) ;
#1043 = DIRECTION ( 'NONE',  ( 0.000000000000000000, -0.7071067811865519026, 0.7071067811865431318 ) ) ;
#1044 = AXIS2_PLACEMENT_3D ( 'NONE', #2230, #126, #1335 ) ;
#1045 = EDGE_CURVE ( 'NONE', #986, #1121, #1062, .T. ) ;
#1046 = DIRECTION ( 'NONE',  ( 6.938893903907319097E-15, -1.000000000000000000, 0.000000000000000000 ) ) ;
#1047 = VERTEX_POINT ( 'NONE', #2907 ) ;
#1048 = AXIS2_PLACEMENT_3D ( 'NONE', #3902, #3279, #927 ) ;
#1049 = VERTEX_POINT ( 'NONE', #1394 ) ;
#1050 = DIRECTION ( 'NONE',  ( 3.469446951953614189E-15, 6.938893903907227392E-16, -1.000000000000000000 ) ) ;
#1051 = EDGE_LOOP ( 'NONE', ( #3491, #2355, #2267, #3616 ) ) ;
#1052 = ORIENTED_EDGE ( 'NONE', *, *, #538, .F. ) ;
#1053 = FACE_BOUND ( 'NONE', #319, .T. ) ;
#1054 = CARTESIAN_POINT ( 'NONE',  ( 81.24999999999998579, 120.0000000000000000, -3.000000000000000000 ) ) ;
#1055 = CARTESIAN_POINT ( 'NONE',  ( -90.00000000000000000, 222.6241774135345679, -71.02367235014560265 ) ) ;
#1056 = ORIENTED_EDGE ( 'NONE', *, *, #623, .F. ) ;
#1057 = PLANE ( 'NONE',  #2562 ) ;
#1058 = VECTOR ( 'NONE', #1305, 1000.000000000000000 ) ;
#1059 = VERTEX_POINT ( 'NONE', #2315 ) ;
#1060 = DIRECTION ( 'NONE',  ( 0.000000000000000000, 0.000000000000000000, -1.000000000000000000 ) ) ;
#1061 = CARTESIAN_POINT ( 'NONE',  ( -111.9999999999999716, -164.5000000000000284, -4.000000000000021316 ) ) ;
#1062 = LINE ( 'NONE', #2297, #2799 ) ;
#1063 = ORIENTED_EDGE ( 'NONE', *, *, #573, .F. ) ;
#1064 = EDGE_CURVE ( 'NONE', #3008, #3409, #801, .T. ) ;
#1065 = CIRCLE ( 'NONE', #3414, 1.249999999999917843 ) ;
#1066 = CARTESIAN_POINT ( 'NONE',  ( 68.00000000000002842, 221.7756492761107268, -60.27564927611012990 ) ) ;
#1067 = ORIENTED_EDGE ( 'NONE', *, *, #3234, .T. ) ;
#1068 = VERTEX_POINT ( 'NONE', #204 ) ;
#1069 = ADVANCED_FACE ( 'NONE', ( #1417 ), #2629, .F. ) ;
#1070 = FACE_BOUND ( 'NONE', #136, .T. ) ;
#1071 = CARTESIAN_POINT ( 'NONE',  ( -113.0548439739678912, 163.9955870876025301, -0.07489011302671792769 ) ) ;
#1072 = DIRECTION ( 'NONE',  ( 1.000000000000000000, 0.000000000000000000, 0.000000000000000000 ) ) ;
#1073 = ORIENTED_EDGE ( 'NONE', *, *, #206, .T. ) ;
#1074 = CARTESIAN_POINT ( 'NONE',  ( 115.9999999999999716, 164.0857864376269220, -3.000000000000026645 ) ) ;
#1075 = ORIENTED_EDGE ( 'NONE', *, *, #829, .T. ) ;
#1076 = FACE_BOUND ( 'NONE', #3372, .T. ) ;
#1077 = CIRCLE ( 'NONE', #3802, 1.249999999999987121 ) ;
#1078 = CARTESIAN_POINT ( 'NONE',  ( -20.00000000000000000, 220.3614357137376771, -68.76093065034868346 ) ) ;
#1079 = DIRECTION ( 'NONE',  ( 1.000000000000000000, 0.000000000000000000, 0.000000000000000000 ) ) ;
#1080 = ORIENTED_EDGE ( 'NONE', *, *, #865, .T. ) ;
#1081 = EDGE_CURVE ( 'NONE', #3917, #370, #3543, .T. ) ;
#1082 = DIRECTION ( 'NONE',  ( 0.000000000000000000, 0.000000000000000000, 1.000000000000000000 ) ) ;
#1083 = ORIENTED_EDGE ( 'NONE', *, *, #716, .T. ) ;
#1084 = EDGE_CURVE ( 'NONE', #2345, #2458, #1077, .T. ) ;
#1085 = VERTEX_POINT ( 'NONE', #3344 ) ;
#1086 = FACE_OUTER_BOUND ( 'NONE', #3072, .T. ) ;
#1087 = VECTOR ( 'NONE', #1955, 1000.000000000000000 ) ;
#1088 = CARTESIAN_POINT ( 'NONE',  ( -112.5236924838038988, 164.0406786911489121, -2.722139602297765416E-14 ) ) ;
#1089 = FACE_OUTER_BOUND ( 'NONE', #2506, .T. ) ;
#1090 = EDGE_LOOP ( 'NONE', ( #2839, #3689, #774, #3746 ) ) ;
#1091 = LINE ( 'NONE', #2309, #208 ) ;
#1092 = VECTOR ( 'NONE', #1162, 1000.000000000000000 ) ;
#1093 = ORIENTED_EDGE ( 'NONE', *, *, #2835, .T. ) ;
#1094 = CYLINDRICAL_SURFACE ( 'NONE', #2262, 5.750000000000008882 ) ;
#1095 = DIRECTION ( 'NONE',  ( 1.000000000000000000, -2.453269466693385999E-15, -2.453269466693411637E-15 ) ) ;
#1096 = CARTESIAN_POINT ( 'NONE',  ( -115.1986673695927408, 163.7700887125416784, -1.541813120100399725 ) ) ;
#1097 = CARTESIAN_POINT ( 'NONE',  ( 113.0000000000001137, -134.5000000000000284, -34.25000000000073896 ) ) ;
#1098 = VECTOR ( 'NONE', #2643, 1000.000000000000000 ) ;
#1099 = FACE_OUTER_BOUND ( 'NONE', #2405, .T. ) ;
#1100 = CARTESIAN_POINT ( 'NONE',  ( 113.0000000000001137, -134.5000000000000284, -31.75000000000087397 ) ) ;
#1101 = ORIENTED_EDGE ( 'NONE', *, *, #2978, .F. ) ;
#1102 = AXIS2_PLACEMENT_3D ( 'NONE', #3353, #252, #2739 ) ;
#1103 = LINE ( 'NONE', #784, #2882 ) ;
#1104 = ORIENTED_EDGE ( 'NONE', *, *, #2189, .T. ) ;
#1105 = ORIENTED_EDGE ( 'NONE', *, *, #3490, .F. ) ;
#1106 = DIRECTION ( 'NONE',  ( 2.111744996378412467E-16, -1.000000000000000000, -4.223489992756845888E-17 ) ) ;
#1107 = AXIS2_PLACEMENT_3D ( 'NONE', #2593, #1678, #1960 ) ;
#1108 = CARTESIAN_POINT ( 'NONE',  ( -112.8473106607871159, 163.7249890375294683, -3.511640674734369583 ) ) ;
#1109 = EDGE_CURVE ( 'NONE', #2633, #2058, #1459, .T. ) ;
#1110 = CARTESIAN_POINT ( 'NONE',  ( -112.9999999999999858, 164.0857864376269220, -4.000000000000051514 ) ) ;
#1111 = ORIENTED_EDGE ( 'NONE', *, *, #3400, .F. ) ;
#1112 = PLANE ( 'NONE',  #269 ) ;
#1113 = EDGE_CURVE ( 'NONE', #2991, #1342, #1532, .T. ) ;
#1114 = EDGE_LOOP ( 'NONE', ( #488, #3585 ) ) ;
#1115 = CARTESIAN_POINT ( 'NONE',  ( 111.9999999999999574, 164.7928932188135036, -3.292893218813481848 ) ) ;
#1116 = DIRECTION ( 'NONE',  ( -0.000000000000000000, 0.7071067811865437980, 0.7071067811865513475 ) ) ;
#1117 = EDGE_CURVE ( 'NONE', #3848, #3803, #603, .T. ) ;
#1118 = CARTESIAN_POINT ( 'NONE',  ( 45.50000000000000000, 219.2300648638392033, -67.62955980045022386 ) ) ;
#1119 = DIRECTION ( 'NONE',  ( -1.000000000000000000, 0.000000000000000000, 0.000000000000000000 ) ) ;
#1120 = DIRECTION ( 'NONE',  ( -1.000000000000000000, -0.000000000000000000, 3.469446951953614189E-15 ) ) ;
#1121 = VERTEX_POINT ( 'NONE', #2452 ) ;
#1122 = ADVANCED_FACE ( 'NONE', ( #3290 ), #2686, .F. ) ;
#1123 = CARTESIAN_POINT ( 'NONE',  ( 112.9999999999999716, 252.8883476483188986, -92.80256121069110975 ) ) ;
#1124 = ORIENTED_EDGE ( 'NONE', *, *, #2182, .T. ) ;
#1125 = ORIENTED_EDGE ( 'NONE', *, *, #911, .F. ) ;
#1126 = CARTESIAN_POINT ( 'NONE',  ( 90.00000000000000000, 218.0986940139406727, -66.49818895055172163 ) ) ;
#1127 = ADVANCED_FACE ( 'NONE', ( #3644 ), #3600, .F. ) ;
#1128 = CARTESIAN_POINT ( 'NONE',  ( 34.50000000000000000, 220.3614357137376771, -68.76093065034868346 ) ) ;
#1129 = DIRECTION ( 'NONE',  ( -1.000000000000000000, -0.000000000000000000, -0.000000000000000000 ) ) ;
#1130 = VERTEX_POINT ( 'NONE', #2 ) ;
#1131 = DIRECTION ( 'NONE',  ( -0.000000000000000000, -0.000000000000000000, 1.000000000000000000 ) ) ;
#1132 = ORIENTED_EDGE ( 'NONE', *, *, #2822, .T. ) ;
#1133 = CARTESIAN_POINT ( 'NONE',  ( 0.000000000000000000, 228.8467170879762023, -67.34671708797556278 ) ) ;
#1134 = VECTOR ( 'NONE', #377, 1000.000000000000000 ) ;
#1135 = B_SPLINE_CURVE_WITH_KNOTS ( 'NONE', 3,
 ( #2622, #180, #2383, #3834, #2027, #1115 ),
 .UNSPECIFIED., .F., .F.,
 ( 4, 2, 4 ),
 ( 0.000000000000000000, 0.5000000000000000000, 1.000000000000000000 ),
 .UNSPECIFIED. ) ;
#1136 = LINE ( 'NONE', #2347, #1948 ) ;
#1137 = CARTESIAN_POINT ( 'NONE',  ( 34.50000000000000000, 226.3011326757046504, -60.55849198858470572 ) ) ;
#1138 = CARTESIAN_POINT ( 'NONE',  ( -116.0000000000000568, -134.5000000000000284, -33.00000000000000711 ) ) ;
#1139 = ORIENTED_EDGE ( 'NONE', *, *, #1518, .F. ) ;
#1140 = DIRECTION ( 'NONE',  ( 1.000000000000000000, 0.000000000000000000, 0.000000000000000000 ) ) ;
#1141 = VECTOR ( 'NONE', #3615, 999.9999999999998863 ) ;
#1142 = VERTEX_POINT ( 'NONE', #1153 ) ;
#1143 = ORIENTED_EDGE ( 'NONE', *, *, #742, .F. ) ;
#1144 = CARTESIAN_POINT ( 'NONE',  ( 115.9999999999999716, 164.0857864376269220, -4.000000000000023981 ) ) ;
#1145 = CARTESIAN_POINT ( 'NONE',  ( 11.99999999999997868, 216.8259018078049110, -65.22539674441598834 ) ) ;
#1146 = ORIENTED_EDGE ( 'NONE', *, *, #1867, .F. ) ;
#1147 = DIRECTION ( 'NONE',  ( -0.000000000000000000, 0.000000000000000000, 1.000000000000000000 ) ) ;
#1148 = ORIENTED_EDGE ( 'NONE', *, *, #2865, .F. ) ;
#1149 = DIRECTION ( 'NONE',  ( 4.139892225045122745E-15, 0.7071067811865513475, -0.7071067811865437980 ) ) ;
#1150 = EDGE_CURVE ( 'NONE', #1190, #616, #167, .T. ) ;
#1151 = DIRECTION ( 'NONE',  ( 0.000000000000000000, 0.7071067811865519026, -0.7071067811865431318 ) ) ;
#1152 = DIRECTION ( 'NONE',  ( 0.000000000000000000, -0.7071067811865437980, -0.7071067811865513475 ) ) ;
#1153 = CARTESIAN_POINT ( 'NONE',  ( 11.99999999999997868, 223.8969696196703580, -58.15432893255047020 ) ) ;
#1154 = EDGE_CURVE ( 'NONE', #2097, #1423, #3911, .T. ) ;
#1155 = ORIENTED_EDGE ( 'NONE', *, *, #1622, .F. ) ;
#1156 = ADVANCED_FACE ( 'NONE', ( #1195 ), #3067, .T. ) ;
#1157 = AXIS2_PLACEMENT_3D ( 'NONE', #3020, #317, #3905 ) ;
#1158 = ADVANCED_FACE ( 'NONE', ( #2091 ), #3364, .F. ) ;
#1159 = CARTESIAN_POINT ( 'NONE',  ( -113.0000000000000711, -134.5000000000000284, -33.00000000000001421 ) ) ;
#1160 = ORIENTED_EDGE ( 'NONE', *, *, #3127, .T. ) ;
#1161 = EDGE_LOOP ( 'NONE', ( #611, #2220, #561, #649 ) ) ;
#1162 = DIRECTION ( 'NONE',  ( -1.000000000000000000, 0.000000000000000000, 0.000000000000000000 ) ) ;
#1163 = EDGE_CURVE ( 'NONE', #1774, #131, #284, .T. ) ;
#1164 = CARTESIAN_POINT ( 'NONE',  ( -113.0000000000001137, 136.5086219713516869, -31.57716446627552287 ) ) ;
#1165 = CIRCLE ( 'NONE', #1674, 1.249999999999862332 ) ;
#1166 = EDGE_LOOP ( 'NONE', ( #3566, #437, #1542, #516 ) ) ;
#1167 = CARTESIAN_POINT ( 'NONE',  ( 112.9999999999999716, 163.5445903374807131, -4.000000000000038192 ) ) ;
#1168 = CIRCLE ( 'NONE', #662, 1.599999999999992317 ) ;
#1169 = DIRECTION ( 'NONE',  ( -1.000000000000000000, -0.000000000000000000, 3.469446951953614189E-15 ) ) ;
#1170 = CARTESIAN_POINT ( 'NONE',  ( -81.24999999999997158, -120.0000000000000000, 1.402220585023716934E-15 ) ) ;
#1171 = LINE ( 'NONE', #318, #1141 ) ;
#1172 = ORIENTED_EDGE ( 'NONE', *, *, #2205, .F. ) ;
#1173 = CARTESIAN_POINT ( 'NONE',  ( -116.0000000000000568, -134.5000000000000284, -33.00000000000000711 ) ) ;
#1174 = EDGE_CURVE ( 'NONE', #2458, #2345, #1278, .T. ) ;
#1175 = CYLINDRICAL_SURFACE ( 'NONE', #2903, 3.199999999999994849 ) ;
#1176 = CARTESIAN_POINT ( 'NONE',  ( -116.0000000000000568, -134.5000000000000284, -33.00000000000000711 ) ) ;
#1177 = CARTESIAN_POINT ( 'NONE',  ( 113.0469915374371226, 166.9043777471380849, -1.308969834610549832 ) ) ;
#1178 = VERTEX_POINT ( 'NONE', #2115 ) ;
#1179 = AXIS2_PLACEMENT_3D ( 'NONE', #2492, #200, #3556 ) ;
#1180 = DIRECTION ( 'NONE',  ( 0.000000000000000000, -0.7071067811865474617, 0.7071067811865474617 ) ) ;
#1181 = VERTEX_POINT ( 'NONE', #1814 ) ;
#1182 = EDGE_LOOP ( 'NONE', ( #625, #2911, #1124, #3036 ) ) ;
#1183 = DIRECTION ( 'NONE',  ( 0.000000000000000000, 0.7071067811865439090, 0.7071067811865512365 ) ) ;
#1184 = CARTESIAN_POINT ( 'NONE',  ( -90.00000000000000000, 220.3614357137376203, -68.76093065034865504 ) ) ;
#1185 = ORIENTED_EDGE ( 'NONE', *, *, #3243, .F. ) ;
#1186 = CARTESIAN_POINT ( 'NONE',  ( 115.4951455534170037, 165.7653583104884092, -2.830672703625366715 ) ) ;
#1187 = AXIS2_PLACEMENT_3D ( 'NONE', #618, #1530, #22 ) ;
#1188 = CARTESIAN_POINT ( 'NONE',  ( 68.00000000000002842, 223.8969696196704149, -72.29646455628142121 ) ) ;
#1189 = DIRECTION ( 'NONE',  ( -0.000000000000000000, -0.000000000000000000, 1.000000000000000000 ) ) ;
#1190 = VERTEX_POINT ( 'NONE', #3028 ) ;
#1191 = CARTESIAN_POINT ( 'NONE',  ( -20.00000000000000000, 223.3666395337804431, -57.62399884666053396 ) ) ;
#1192 = FACE_OUTER_BOUND ( 'NONE', #3742, .T. ) ;
#1193 = CIRCLE ( 'NONE', #1703, 1.599999999999992317 ) ;
#1194 = COORDINATED_UNIVERSAL_TIME_OFFSET ( 8, 0, .AHEAD. ) ;
#1195 = FACE_OUTER_BOUND ( 'NONE', #2237, .T. ) ;
#1196 = ORIENTED_EDGE ( 'NONE', *, *, #653, .T. ) ;
#1197 = CARTESIAN_POINT ( 'NONE',  ( 68.00000000000002842, 80.74999999999913314, 80.74999999999997158 ) ) ;
#1198 = DIRECTION ( 'NONE',  ( 0.000000000000000000, -0.7071067811865519026, 0.7071067811865431318 ) ) ;
#1199 = VERTEX_POINT ( 'NONE', #306 ) ;
#1200 = EDGE_LOOP ( 'NONE', ( #2824, #2968, #3122, #3586 ) ) ;
#1201 = CC_DESIGN_PERSON_AND_ORGANIZATION_ASSIGNMENT ( #2173, #2470, ( #534 ) ) ;
#1202 = CARTESIAN_POINT ( 'NONE',  ( -116.0000000000002274, 189.0735931288074596, -70.00000000000000000 ) ) ;
#1203 = AXIS2_PLACEMENT_3D ( 'NONE', #574, #3060, #340 ) ;
#1204 = CARTESIAN_POINT ( 'NONE',  ( 113.0000000000000995, 147.3902614049299586, -43.00000000000002842 ) ) ;
#1205 = ORIENTED_EDGE ( 'NONE', *, *, #994, .T. ) ;
#1206 = LOCAL_TIME ( 20, 44, 46.00000000000000000, #3343 ) ;
#1207 = CARTESIAN_POINT ( 'NONE',  ( 112.8737863883542332, 164.6970211220248643, -3.899009892088916462 ) ) ;
#1208 = EDGE_CURVE ( 'NONE', #3401, #3510, #2609, .T. ) ;
#1209 = CARTESIAN_POINT ( 'NONE',  ( -81.24999999999995737, 1.530808498934167412E-16, 0.000000000000000000 ) ) ;
#1210 = CIRCLE ( 'NONE', #3748, 1.249999999999862332 ) ;
#1211 = LINE ( 'NONE', #892, #1337 ) ;
#1212 = ORIENTED_EDGE ( 'NONE', *, *, #1208, .T. ) ;
#1213 = CARTESIAN_POINT ( 'NONE',  ( -116.0000000000000568, -134.5000000000000284, -33.00000000000000711 ) ) ;
#1214 = CARTESIAN_POINT ( 'NONE',  ( 1.530052174732959625E-14, 181.8241161390705543, -20.32411613907039083 ) ) ;
#1215 = AXIS2_PLACEMENT_3D ( 'NONE', #3704, #2837, #2812 ) ;
#1216 = MECHANICAL_CONTEXT ( 'NONE', #3816, 'mechanical' ) ;
#1217 = DIRECTION ( 'NONE',  ( -0.000000000000000000, 0.000000000000000000, 1.000000000000000000 ) ) ;
#1218 = ORIENTED_EDGE ( 'NONE', *, *, #2106, .T. ) ;
#1219 = DIRECTION ( 'NONE',  ( -1.387778780781444413E-14, 0.000000000000000000, 1.000000000000000000 ) ) ;
#1220 = LINE ( 'NONE', #624, #3769 ) ;
#1221 = ORIENTED_EDGE ( 'NONE', *, *, #1823, .T. ) ;
#1222 = ORIENTED_EDGE ( 'NONE', *, *, #2246, .F. ) ;
#1223 = CIRCLE ( 'NONE', #1612, 1.249999999999987121 ) ;
#1224 = FACE_BOUND ( 'NONE', #3472, .T. ) ;
#1225 = VECTOR ( 'NONE', #2999, 1000.000000000000000 ) ;
#1226 = CARTESIAN_POINT ( 'NONE',  ( -115.9999999999999716, -164.5000000000000284, -3.000000000000000000 ) ) ;
#1227 = VERTEX_POINT ( 'NONE', #3135 ) ;
#1228 = CARTESIAN_POINT ( 'NONE',  ( 113.0548439739678770, 166.9250388276689421, -1.288308754079674046 ) ) ;
#1229 = CARTESIAN_POINT ( 'NONE',  ( -113.0548439739679480, 166.9250388276689989, -1.288308754079682705 ) ) ;
#1230 = AXIS2_PLACEMENT_3D ( 'NONE', #1202, #946, #11 ) ;
#1231 = DIRECTION ( 'NONE',  ( 0.000000000000000000, -0.000000000000000000, 1.000000000000000000 ) ) ;
#1232 = VECTOR ( 'NONE', #1776, 1000.000000000000000 ) ;
#1233 = DIRECTION ( 'NONE',  ( 1.000000000000000000, 0.000000000000000000, 0.000000000000000000 ) ) ;
#1234 = ORIENTED_EDGE ( 'NONE', *, *, #3921, .T. ) ;
#1235 = CARTESIAN_POINT ( 'NONE',  ( -20.00000000000000000, 227.4325035256031242, -61.68986283848317242 ) ) ;
#1236 = CARTESIAN_POINT ( 'NONE',  ( 80.00000000000001421, 120.0000000000000000, 0.000000000000000000 ) ) ;
#1237 = PERSON_AND_ORGANIZATION_ROLE ( 'creator' ) ;
#1238 = CARTESIAN_POINT ( 'NONE',  ( -113.0000000000001705, 141.0082531581177818, -58.40753086463098498 ) ) ;
#1239 = CARTESIAN_POINT ( 'NONE',  ( 114.0144759214835517, 163.9053877375781383, -0.5048544465830199224 ) ) ;
#1240 = ADVANCED_FACE ( 'NONE', ( #1575, #1598 ), #1319, .F. ) ;
#1241 = CARTESIAN_POINT ( 'NONE',  ( 113.0000000000001137, -134.5000000000000284, -33.00000000000081002 ) ) ;
#1242 = LINE ( 'NONE', #2218, #1058 ) ;
#1243 = ORIENTED_EDGE ( 'NONE', *, *, #1589, .T. ) ;
#1244 = ORIENTED_EDGE ( 'NONE', *, *, #2246, .T. ) ;
#1245 = EDGE_CURVE ( 'NONE', #2545, #766, #3403, .T. ) ;
#1246 = LINE ( 'NONE', #77, #1738 ) ;
#1247 = EDGE_CURVE ( 'NONE', #3409, #841, #740, .T. ) ;
#1248 = DIRECTION ( 'NONE',  ( -0.000000000000000000, 0.7071067811865437980, 0.7071067811865513475 ) ) ;
#1249 = EDGE_LOOP ( 'NONE', ( #374, #1880, #3295, #2356 ) ) ;
#1250 = AXIS2_PLACEMENT_3D ( 'NONE', #182, #202, #2535 ) ;
#1251 = CARTESIAN_POINT ( 'NONE',  ( 112.8922269036097816, 163.7249890375293262, -3.478013341236770195 ) ) ;
#1252 = CARTESIAN_POINT ( 'NONE',  ( -115.9251098869733738, 165.1505766250175213, -3.573015533217935413 ) ) ;
#1253 = DIRECTION ( 'NONE',  ( -0.000000000000000000, -0.000000000000000000, 1.000000000000000000 ) ) ;
#1254 = CARTESIAN_POINT ( 'NONE',  ( 112.5276202007369619, 164.0406786831196086, 0.02999999999992492353 ) ) ;
#1255 = ORIENTED_EDGE ( 'NONE', *, *, #3770, .T. ) ;
#1256 = CARTESIAN_POINT ( 'NONE',  ( 115.9999999999999574, 252.8883476483188986, -92.80256121069113817 ) ) ;
#1257 = EDGE_CURVE ( 'NONE', #3013, #171, #2794, .T. ) ;
#1258 = DIRECTION ( 'NONE',  ( 1.000000000000000000, -2.453269466693385999E-15, -2.453269466693411637E-15 ) ) ;
#1259 = AXIS2_PLACEMENT_3D ( 'NONE', #1331, #1314, #1633 ) ;
#1260 = DIRECTION ( 'NONE',  ( -1.000000000000000000, -2.111744996378410988E-16, -3.469446951953614189E-15 ) ) ;
#1261 = DIRECTION ( 'NONE',  ( -2.453269466693411243E-15, 0.000000000000000000, 1.000000000000000000 ) ) ;
#1262 = VERTEX_POINT ( 'NONE', #682 ) ;
#1263 = PLANE ( 'NONE',  #428 ) ;
#1264 = APPROVAL_PERSON_ORGANIZATION ( #1813, #3027, #23 ) ;
#1265 = CARTESIAN_POINT ( 'NONE',  ( 111.9999999999999574, 253.5954544295054802, -92.09545442950462757 ) ) ;
#1266 = CARTESIAN_POINT ( 'NONE',  ( -116.0000000000000568, 164.8068198288079600, -3.980552901488352724 ) ) ;
#1267 = VERTEX_POINT ( 'NONE', #3382 ) ;
#1268 = DIRECTION ( 'NONE',  ( -1.000000000000000000, -0.000000000000000000, 3.469446951953614189E-15 ) ) ;
#1269 = VECTOR ( 'NONE', #1694, 1000.000000000000000 ) ;
#1270 = CARTESIAN_POINT ( 'NONE',  ( 78.75000000000004263, 120.0000000000000000, -3.000000000000000000 ) ) ;
#1271 = CARTESIAN_POINT ( 'NONE',  ( 112.9444613045652375, 163.6347896875050765, -3.746183076536847789 ) ) ;
#1272 = VERTEX_POINT ( 'NONE', #1277 ) ;
#1273 = DIRECTION ( 'NONE',  ( -1.000000000000000000, -0.000000000000000000, 3.469446951953614189E-15 ) ) ;
#1274 = AXIS2_PLACEMENT_3D ( 'NONE', #758, #1116, #1973 ) ;
#1275 = CARTESIAN_POINT ( 'NONE',  ( -111.9999999999999858, 255.7167747730650831, -89.97413408594493944 ) ) ;
#1276 = EDGE_CURVE ( 'NONE', #804, #1262, #2489, .T. ) ;
#1277 = CARTESIAN_POINT ( 'NONE',  ( 74.50000000000001421, 226.3011326757046504, -60.55849198858469151 ) ) ;
#1278 = CIRCLE ( 'NONE', #3311, 1.249999999999987121 ) ;
#1279 = ADVANCED_FACE ( 'NONE', ( #1640 ), #1339, .F. ) ;
#1280 = FACE_OUTER_BOUND ( 'NONE', #1631, .T. ) ;
#1281 = ADVANCED_FACE ( 'NONE', ( #3683 ), #3464, .F. ) ;
#1282 = PLANE ( 'NONE',  #1179 ) ;
#1283 = VERTEX_POINT ( 'NONE', #3424 ) ;
#1284 = ORIENTED_EDGE ( 'NONE', *, *, #2472, .T. ) ;
#1285 = CARTESIAN_POINT ( 'NONE',  ( 1.387778780781445676E-14, 120.0000000000000000, -3.000000000000000000 ) ) ;
#1286 = EDGE_CURVE ( 'NONE', #2242, #1923, #979, .T. ) ;
#1287 = EDGE_CURVE ( 'NONE', #2613, #3385, #2195, .T. ) ;
#1288 = AXIS2_PLACEMENT_3D ( 'NONE', #2076, #3297, #566 ) ;
#1289 = CARTESIAN_POINT ( 'NONE',  ( -79.99999999999998579, -120.0000000000000000, -3.000000000000000000 ) ) ;
#1290 = ORIENTED_EDGE ( 'NONE', *, *, #2358, .F. ) ;
#1291 = CARTESIAN_POINT ( 'NONE',  ( 112.9444613045652233, 164.5841649656919117, -4.139427192543557510 ) ) ;
#1292 = VERTEX_POINT ( 'NONE', #2772 ) ;
#1293 = EDGE_CURVE ( 'NONE', #3453, #2694, #1600, .T. ) ;
#1294 = DIRECTION ( 'NONE',  ( -0.000000000000000000, 0.000000000000000000, 1.000000000000000000 ) ) ;
#1295 = CIRCLE ( 'NONE', #403, 1.249999999999978906 ) ;
#1296 = CARTESIAN_POINT ( 'NONE',  ( -20.00000000000000000, 225.3111831820434645, -63.81118318204284634 ) ) ;
#1297 = CARTESIAN_POINT ( 'NONE',  ( 112.1309207904846659, 164.0406794940787449, -3.000000000000080824 ) ) ;
#1298 = ORIENTED_EDGE ( 'NONE', *, *, #2688, .T. ) ;
#1299 = AXIS2_PLACEMENT_3D ( 'NONE', #1226, #2440, #3316 ) ;
#1300 = EDGE_CURVE ( 'NONE', #2875, #1121, #3498, .T. ) ;
#1301 = ORIENTED_EDGE ( 'NONE', *, *, #3392, .F. ) ;
#1302 = DIRECTION ( 'NONE',  ( 1.000000000000000000, -2.453269466693385999E-15, -2.453269466693411637E-15 ) ) ;
#1303 = VECTOR ( 'NONE', #3348, 1000.000000000000000 ) ;
#1304 = CARTESIAN_POINT ( 'NONE',  ( -111.9999999999999858, -164.5000000000000284, -3.000000000000019984 ) ) ;
#1305 = DIRECTION ( 'NONE',  ( -0.000000000000000000, 0.7071067811865437980, 0.7071067811865513475 ) ) ;
#1306 = ORIENTED_EDGE ( 'NONE', *, *, #2028, .T. ) ;
#1307 = VERTEX_POINT ( 'NONE', #48 ) ;
#1308 = CARTESIAN_POINT ( 'NONE',  ( -116.0000000000001137, 148.3141409374415502, -43.38268343236524771 ) ) ;
#1309 = CARTESIAN_POINT ( 'NONE',  ( -79.99999999999998579, 120.0000000000000000, 0.000000000000000000 ) ) ;
#1310 = VERTEX_POINT ( 'NONE', #2530 ) ;
#1311 = CARTESIAN_POINT ( 'NONE',  ( 112.5959259543596431, 164.7935545843662624, -3.611134713564942533 ) ) ;
#1312 = FACE_BOUND ( 'NONE', #3084, .T. ) ;
#1313 = CIRCLE ( 'NONE', #1944, 3.999999999999958256 ) ;
#1314 = DIRECTION ( 'NONE',  ( -1.000000000000000000, -2.453269466693385605E-15, -2.453269466693411243E-15 ) ) ;
#1315 = CARTESIAN_POINT ( 'NONE',  ( 112.0000000000000000, 164.0857864376268935, -3.030300000000082594 ) ) ;
#1316 = VERTEX_POINT ( 'NONE', #386 ) ;
#1317 = CARTESIAN_POINT ( 'NONE',  ( -116.0000000000000711, -114.5000000000000284, -33.00000000000000711 ) ) ;
#1318 = ORIENTED_EDGE ( 'NONE', *, *, #3030, .F. ) ;
#1319 = PLANE ( 'NONE',  #78 ) ;
#1320 = CARTESIAN_POINT ( 'NONE',  ( -79.99999999999998579, 0.000000000000000000, 0.000000000000000000 ) ) ;
#1321 = ORIENTED_EDGE ( 'NONE', *, *, #1915, .T. ) ;
#1322 = ORIENTED_EDGE ( 'NONE', *, *, #3607, .F. ) ;
#1323 = CARTESIAN_POINT ( 'NONE',  ( 34.50000000000000000, 228.5638743755015980, -62.82123368838163202 ) ) ;
#1324 = AXIS2_PLACEMENT_3D ( 'NONE', #1296, #1590, #972 ) ;
#1325 = FACE_OUTER_BOUND ( 'NONE', #547, .T. ) ;
#1326 = EDGE_LOOP ( 'NONE', ( #755, #2630 ) ) ;
#1327 = EDGE_CURVE ( 'NONE', #656, #3803, #2234, .T. ) ;
#1328 = EDGE_CURVE ( 'NONE', #1227, #3156, #3444, .T. ) ;
#1329 = ORIENTED_EDGE ( 'NONE', *, *, #3855, .F. ) ;
#1330 = DIRECTION ( 'NONE',  ( -1.000000000000000000, -0.000000000000000000, -0.000000000000000000 ) ) ;
#1331 = CARTESIAN_POINT ( 'NONE',  ( 116.0000000000003695, 2.918234633721127585E-13, 2.918234633721157878E-13 ) ) ;
#1332 = CARTESIAN_POINT ( 'NONE',  ( 114.4581868798995856, 163.8602880625659566, -0.8013326304073130624 ) ) ;
#1333 = ORIENTED_EDGE ( 'NONE', *, *, #2370, .T. ) ;
#1334 = EDGE_CURVE ( 'NONE', #850, #990, #723, .T. ) ;
#1335 = DIRECTION ( 'NONE',  ( 0.000000000000000000, 0.7071067811865519026, -0.7071067811865431318 ) ) ;
#1336 = EDGE_CURVE ( 'NONE', #341, #2807, #2808, .T. ) ;
#1337 = VECTOR ( 'NONE', #2702, 1000.000000000000000 ) ;
#1338 = VERTEX_POINT ( 'NONE', #2256 ) ;
#1339 = PLANE ( 'NONE',  #1215 ) ;
#1340 = FACE_OUTER_BOUND ( 'NONE', #3858, .T. ) ;
#1341 = ORIENTED_EDGE ( 'NONE', *, *, #1007, .T. ) ;
#1342 = VERTEX_POINT ( 'NONE', #440 ) ;
#1343 = DIRECTION ( 'NONE',  ( 0.000000000000000000, -0.7071067811865509034, 0.7071067811865442421 ) ) ;
#1344 = ORIENTED_EDGE ( 'NONE', *, *, #2567, .T. ) ;
#1345 = CARTESIAN_POINT ( 'NONE',  ( 112.7754369370734935, 164.7304017232526974, -3.801848718800214133 ) ) ;
#1346 = CYLINDRICAL_SURFACE ( 'NONE', #4, 1.000000000000000888 ) ;
#1347 = LINE ( 'NONE', #1567, #461 ) ;
#1348 = CARTESIAN_POINT ( 'NONE',  ( 68.00000000000002842, 216.8259018078049110, -65.22539674441598834 ) ) ;
#1349 = ORIENTED_EDGE ( 'NONE', *, *, #1989, .F. ) ;
#1350 = VECTOR ( 'NONE', #3594, 1000.000000000000000 ) ;
#1351 = EDGE_CURVE ( 'NONE', #2671, #9, #2471, .T. ) ;
#1352 = CIRCLE ( 'NONE', #2556, 0.9999999999999974465 ) ;
#1353 = ORIENTED_EDGE ( 'NONE', *, *, #1995, .F. ) ;
#1354 = EDGE_CURVE ( 'NONE', #2807, #341, #1908, .T. ) ;
#1355 = DIRECTION ( 'NONE',  ( -0.000000000000000000, -0.000000000000000000, 1.000000000000000000 ) ) ;
#1356 = VECTOR ( 'NONE', #235, 1000.000000000000000 ) ;
#1357 = AXIS2_PLACEMENT_3D ( 'NONE', #2300, #2572, #3781 ) ;
#1358 = ORIENTED_EDGE ( 'NONE', *, *, #3513, .T. ) ;
#1359 = CIRCLE ( 'NONE', #915, 3.999999999999998224 ) ;
#1360 = EDGE_CURVE ( 'NONE', #3257, #2778, #1653, .T. ) ;
#1361 = CARTESIAN_POINT ( 'NONE',  ( -116.0000000000002274, 189.0735931288074596, -68.75000000000008527 ) ) ;
#1362 = ORIENTED_EDGE ( 'NONE', *, *, #1045, .T. ) ;
#1363 = VERTEX_POINT ( 'NONE', #2270 ) ;
#1364 = FACE_BOUND ( 'NONE', #176, .T. ) ;
#1365 = CARTESIAN_POINT ( 'NONE',  ( -112.5276202007370898, 164.0406786831196086, 0.02999999999997272557 ) ) ;
#1366 = LINE ( 'NONE', #1110, #410 ) ;
#1367 = EDGE_LOOP ( 'NONE', ( #1143, #1937 ) ) ;
#1368 = CARTESIAN_POINT ( 'NONE',  ( -116.0000000000000711, -114.5000000000000284, -33.00000000000000711 ) ) ;
#1369 = AXIS2_PLACEMENT_3D ( 'NONE', #575, #3378, #2132 ) ;
#1370 = DIRECTION ( 'NONE',  ( 0.000000000000000000, 0.7071067811865513475, -0.7071067811865437980 ) ) ;
#1371 = ORIENTED_EDGE ( 'NONE', *, *, #3234, .F. ) ;
#1372 = PLANE ( 'NONE',  #3024 ) ;
#1373 = EDGE_CURVE ( 'NONE', #3741, #1899, #3835, .T. ) ;
#1374 = ADVANCED_FACE ( 'NONE', ( #3480 ), #3190, .F. ) ;
#1375 = DIRECTION ( 'NONE',  ( -1.000000000000000000, 0.000000000000000000, -0.000000000000000000 ) ) ;
#1376 = DIRECTION ( 'NONE',  ( -1.000000000000000000, -0.000000000000000000, 3.469446951953614189E-15 ) ) ;
#1377 = VERTEX_POINT ( 'NONE', #2585 ) ;
#1378 = AXIS2_PLACEMENT_3D ( 'NONE', #362, #1914, #1616 ) ;
#1379 = DIRECTION ( 'NONE',  ( -1.000000000000000000, -0.000000000000000000, 3.469446951953614189E-15 ) ) ;
#1380 = ORIENTED_EDGE ( 'NONE', *, *, #330, .F. ) ;
#1381 = ORIENTED_EDGE ( 'NONE', *, *, #1007, .F. ) ;
#1382 = DIRECTION ( 'NONE',  ( 1.000000000000000000, 2.478496230413035176E-15, 2.478496230413061208E-15 ) ) ;
#1383 = DIRECTION ( 'NONE',  ( 0.000000000000000000, -0.7071067811865496822, 0.7071067811865453523 ) ) ;
#1384 = DIRECTION ( 'NONE',  ( -1.000000000000000000, -0.000000000000000000, 3.469446951953614189E-15 ) ) ;
#1385 = EDGE_LOOP ( 'NONE', ( #1148, #2223 ) ) ;
#1386 = LOCAL_TIME ( 20, 44, 46.00000000000000000, #283 ) ;
#1387 = PLANE ( 'NONE',  #1730 ) ;
#1388 = ORIENTED_EDGE ( 'NONE', *, *, #1533, .F. ) ;
#1389 = CARTESIAN_POINT ( 'NONE',  ( 113.0000000000001279, -114.5000000000000284, -33.00000000000081002 ) ) ;
#1390 = DIRECTION ( 'NONE',  ( -2.111744996378412467E-16, 1.000000000000000000, 4.223489992756845888E-17 ) ) ;
#1391 = CIRCLE ( 'NONE', #1203, 1.249999999999987121 ) ;
#1392 = CC_DESIGN_DATE_AND_TIME_ASSIGNMENT ( #580, #1792, ( #2918 ) ) ;
#1393 = DIRECTION ( 'NONE',  ( -0.000000000000000000, 0.000000000000000000, 1.000000000000000000 ) ) ;
#1394 = CARTESIAN_POINT ( 'NONE',  ( 74.50000000000001421, 226.4425540319419383, -64.94255403194132725 ) ) ;
#1395 = VERTEX_POINT ( 'NONE', #459 ) ;
#1396 = EDGE_CURVE ( 'NONE', #2120, #310, #481, .T. ) ;
#1397 = VECTOR ( 'NONE', #1611, 1000.000000000000000 ) ;
#1398 = CARTESIAN_POINT ( 'NONE',  ( 1.249999999999978906, 0.000000000000000000, 0.000000000000000000 ) ) ;
#1399 = ORIENTED_EDGE ( 'NONE', *, *, #2652, .T. ) ;
#1400 = ORIENTED_EDGE ( 'NONE', *, *, #939, .F. ) ;
#1401 = ADVANCED_FACE ( 'NONE', ( #776 ), #2922, .F. ) ;
#1402 = LINE ( 'NONE', #2614, #584 ) ;
#1403 = EDGE_CURVE ( 'NONE', #3073, #3260, #2349, .T. ) ;
#1404 = VECTOR ( 'NONE', #2509, 1000.000000000000000 ) ;
#1405 = CARTESIAN_POINT ( 'NONE',  ( -116.0299999999999869, 163.5445903374807415, -4.000000000000062172 ) ) ;
#1406 = DIRECTION ( 'NONE',  ( 1.000000000000000000, 0.000000000000000000, 0.000000000000000000 ) ) ;
#1407 = ADVANCED_FACE ( 'NONE', ( #1805 ), #3155, .F. ) ;
#1408 = ORIENTED_EDGE ( 'NONE', *, *, #991, .T. ) ;
#1409 = CARTESIAN_POINT ( 'NONE',  ( 116.0000000000001137, 164.0857864376268935, -43.00000000000001421 ) ) ;
#1410 = DIRECTION ( 'NONE',  ( -1.000000000000000000, 0.000000000000000000, -0.000000000000000000 ) ) ;
#1411 = VERTEX_POINT ( 'NONE', #684 ) ;
#1412 = CARTESIAN_POINT ( 'NONE',  ( 112.0000000000000142, -164.5000000000000284, -4.000000000000041744 ) ) ;
#1413 = LINE ( 'NONE', #2625, #1545 ) ;
#1414 = EDGE_CURVE ( 'NONE', #509, #205, #3706, .T. ) ;
#1415 = VECTOR ( 'NONE', #1766, 1000.000000000000000 ) ;
#1416 = CARTESIAN_POINT ( 'NONE',  ( 0.000000000000000000, 166.9142135623730780, -1.171572875253809709 ) ) ;
#1417 = FACE_OUTER_BOUND ( 'NONE', #113, .T. ) ;
#1418 = VERTEX_POINT ( 'NONE', #726 ) ;
#1419 = AXIS2_PLACEMENT_3D ( 'NONE', #3015, #3410, #331 ) ;
#1420 = AXIS2_PLACEMENT_3D ( 'NONE', #3241, #512, #216 ) ;
#1421 = DIRECTION ( 'NONE',  ( -0.000000000000000000, -0.000000000000000000, 1.000000000000000000 ) ) ;
#1422 = ORIENTED_EDGE ( 'NONE', *, *, #1373, .F. ) ;
#1423 = VERTEX_POINT ( 'NONE', #2548 ) ;
#1424 = B_SPLINE_SURFACE_WITH_KNOTS ( 'NONE', 1, 3, ( 
 ( #1405, #3807, #2878, #449, #3475, #2339, #3602, #1071, #1365, #1964 ),
 ( #769, #1723, #1663, #1796, #151, #3222, #880, #2616, #1088, #789 ),
 ( #2095, #511, #3310, #3011, #807, #2022, #2577, #3785, #3827, #173 ),
 ( #2285, #1983, #3201, #1108, #2322, #288, #2933, #474, #214, #2896 ) ),
 .UNSPECIFIED., .F., .F., .F.,
 ( 2, 1, 1, 2 ),
 ( 4, 2, 2, 2, 4 ),
 ( -0.01000000000000000021, 0.000000000000000000, 1.000000000000000000, 1.010099999999999998 ),
 ( 0.000000000000000000, 0.2500000000000000000, 0.5000000000000000000, 0.7500000000000000000, 1.000000000000000000 ),
 .UNSPECIFIED. ) ;
#1425 = CYLINDRICAL_SURFACE ( 'NONE', #1982, 1.249999999999973355 ) ;
#1426 = CARTESIAN_POINT ( 'NONE',  ( -73.50000000000000000, 227.4325035256031242, -61.68986283848317242 ) ) ;
#1427 = LINE ( 'NONE', #3256, #218 ) ;
#1428 = VERTEX_POINT ( 'NONE', #2855 ) ;
#1429 = DIRECTION ( 'NONE',  ( 0.000000000000000000, 0.7071067811865516806, -0.7071067811865434649 ) ) ;
#1430 = DIRECTION ( 'NONE',  ( 1.000000000000000000, 0.000000000000000000, 0.000000000000000000 ) ) ;
#1431 = VERTEX_POINT ( 'NONE', #2197 ) ;
#1432 = DIRECTION ( 'NONE',  ( 0.000000000000000000, 0.000000000000000000, -1.000000000000000000 ) ) ;
#1433 = AXIS2_PLACEMENT_3D ( 'NONE', #3853, #872, #851 ) ;
#1434 = DIRECTION ( 'NONE',  ( -1.000000000000000000, -0.000000000000000000, 3.469446951953614189E-15 ) ) ;
#1435 = CARTESIAN_POINT ( 'NONE',  ( 0.000000000000000000, 0.000000000000000000, -3.000000000000000000 ) ) ;
#1436 = CIRCLE ( 'NONE', #2774, 1.249999999999973355 ) ;
#1437 = LINE ( 'NONE', #2650, #2371 ) ;
#1438 = ORIENTED_EDGE ( 'NONE', *, *, #3876, .T. ) ;
#1439 = DIRECTION ( 'NONE',  ( -0.000000000000000000, 0.7071067811865437980, 0.7071067811865513475 ) ) ;
#1440 = ORIENTED_EDGE ( 'NONE', *, *, #1987, .F. ) ;
#1441 = EDGE_LOOP ( 'NONE', ( #10, #2131, #445, #1468 ) ) ;
#1442 = DIRECTION ( 'NONE',  ( 3.286164010393002026E-15, -0.3826834323650907810, -0.9238795325112864054 ) ) ;
#1443 = ADVANCED_FACE ( 'NONE', ( #3761 ), #1957, .T. ) ;
#1444 = ADVANCED_FACE ( 'NONE', ( #3041 ), #1506, .F. ) ;
#1445 = DIRECTION ( 'NONE',  ( 3.944304526105059903E-31, 0.7071067811865513475, -0.7071067811865437980 ) ) ;
#1446 = VERTEX_POINT ( 'NONE', #615 ) ;
#1447 = CARTESIAN_POINT ( 'NONE',  ( 90.00000000000000000, 223.0484414822464885, -61.54844148224585609 ) ) ;
#1448 = AXIS2_PLACEMENT_3D ( 'NONE', #2587, #1375, #387 ) ;
#1449 = EDGE_CURVE ( 'NONE', #217, #3224, #1211, .T. ) ;
#1450 = DIRECTION ( 'NONE',  ( 0.000000000000000000, -0.7071067811865437980, -0.7071067811865513475 ) ) ;
#1451 = EDGE_CURVE ( 'NONE', #310, #888, #134, .T. ) ;
#1452 = ORIENTED_EDGE ( 'NONE', *, *, #1360, .T. ) ;
#1453 = DIRECTION ( 'NONE',  ( -0.000000000000000000, -0.000000000000000000, 1.000000000000000000 ) ) ;
#1454 = FACE_OUTER_BOUND ( 'NONE', #2514, .T. ) ;
#1455 = EDGE_CURVE ( 'NONE', #1751, #1507, #18, .T. ) ;
#1456 = DIRECTION ( 'NONE',  ( -0.000000000000000000, 0.7071067811865437980, 0.7071067811865513475 ) ) ;
#1457 = DIRECTION ( 'NONE',  ( 0.000000000000000000, 0.000000000000000000, 1.000000000000000000 ) ) ;
#1458 = ORIENTED_EDGE ( 'NONE', *, *, #425, .F. ) ;
#1459 = CIRCLE ( 'NONE', #886, 1.000000000000000888 ) ;
#1460 = DIRECTION ( 'NONE',  ( -1.000000000000000000, 0.000000000000000000, 0.000000000000000000 ) ) ;
#1461 = AXIS2_PLACEMENT_3D ( 'NONE', #2211, #2249, #3103 ) ;
#1462 = VERTEX_POINT ( 'NONE', #1786 ) ;
#1463 = ORIENTED_EDGE ( 'NONE', *, *, #1875, .F. ) ;
#1464 = CARTESIAN_POINT ( 'NONE',  ( 113.0000000000001563, 141.0082531581177534, -58.40753086463094235 ) ) ;
#1465 = CARTESIAN_POINT ( 'NONE',  ( -112.2617993877991438, 163.9955870876025301, -3.000000000000023537 ) ) ;
#1466 = ORIENTED_EDGE ( 'NONE', *, *, #2189, .F. ) ;
#1467 = DIRECTION ( 'NONE',  ( 0.000000000000000000, 0.7071067811865437980, 0.7071067811865513475 ) ) ;
#1468 = ORIENTED_EDGE ( 'NONE', *, *, #3872, .F. ) ;
#1469 = FACE_OUTER_BOUND ( 'NONE', #1721, .T. ) ;
#1470 = DIRECTION ( 'NONE',  ( 0.000000000000000000, -0.7071067811865496822, 0.7071067811865453523 ) ) ;
#1471 = EDGE_CURVE ( 'NONE', #430, #877, #3658, .T. ) ;
#1472 = CARTESIAN_POINT ( 'NONE',  ( -1.249999999999965139, -120.0000000000000000, 0.000000000000000000 ) ) ;
#1473 = DIRECTION ( 'NONE',  ( 1.141032264783439253E-15, 0.9238795325112864054, -0.3826834323650907810 ) ) ;
#1474 = EDGE_LOOP ( 'NONE', ( #359, #1083 ) ) ;
#1475 = VECTOR ( 'NONE', #2661, 1000.000000000000114 ) ;
#1476 = ADVANCED_FACE ( 'NONE', ( #2085 ), #914, .F. ) ;
#1477 = AXIS2_PLACEMENT_3D ( 'NONE', #107, #2268, #737 ) ;
#1478 = DIRECTION ( 'NONE',  ( 0.000000000000000000, 0.000000000000000000, -1.000000000000000000 ) ) ;
#1479 = ORIENTED_EDGE ( 'NONE', *, *, #3563, .F. ) ;
#1480 = ORIENTED_EDGE ( 'NONE', *, *, #156, .T. ) ;
#1481 = DIRECTION ( 'NONE',  ( 1.000000000000000000, -2.793261385626813401E-31, -3.469446951953613794E-15 ) ) ;
#1482 = AXIS2_PLACEMENT_3D ( 'NONE', #863, #2762, #1780 ) ;
#1483 = FACE_OUTER_BOUND ( 'NONE', #2017, .T. ) ;
#1484 = VERTEX_POINT ( 'NONE', #2678 ) ;
#1485 = CARTESIAN_POINT ( 'NONE',  ( -116.0000000000002274, 189.0735931288074596, -70.00000000000000000 ) ) ;
#1486 = AXIS2_PLACEMENT_3D ( 'NONE', #487, #2003, #2318 ) ;
#1487 = CARTESIAN_POINT ( 'NONE',  ( -1.249999999999978906, 1.530808498934165686E-16, 0.000000000000000000 ) ) ;
#1488 = CARTESIAN_POINT ( 'NONE',  ( -68.50000000000000000, 232.7358043845022451, -66.99316369738227195 ) ) ;
#1489 = ORIENTED_EDGE ( 'NONE', *, *, #2124, .F. ) ;
#1490 = CARTESIAN_POINT ( 'NONE',  ( -115.9999999999999716, 164.0857864376269220, -2.775557561562891351E-14 ) ) ;
#1491 = DIRECTION ( 'NONE',  ( -3.205351028043612454E-15, 0.3826834323650840641, 0.9238795325112890700 ) ) ;
#1492 = PERSON_AND_ORGANIZATION ( #3282, #2469 ) ;
#1493 = ADVANCED_FACE ( 'NONE', ( #2404 ), #2147, .F. ) ;
#1494 = CARTESIAN_POINT ( 'NONE',  ( -111.9999999999999716, -164.5000000000000284, -4.000000000000021316 ) ) ;
#1495 = EDGE_LOOP ( 'NONE', ( #564, #1821, #1056, #2703 ) ) ;
#1496 = AXIS2_PLACEMENT_3D ( 'NONE', #2449, #1529, #2486 ) ;
#1497 = FACE_OUTER_BOUND ( 'NONE', #3797, .T. ) ;
#1498 = CARTESIAN_POINT ( 'NONE',  ( 80.00000000000001421, -120.0000000000000000, 0.000000000000000000 ) ) ;
#1499 = EDGE_LOOP ( 'NONE', ( #2618, #2086, #569, #626 ) ) ;
#1500 = ORIENTED_EDGE ( 'NONE', *, *, #2687, .F. ) ;
#1501 = CARTESIAN_POINT ( 'NONE',  ( 113.0000000000000853, 135.4999999999999432, -34.25000000000072475 ) ) ;
#1502 = CARTESIAN_POINT ( 'NONE',  ( 115.9999999999999716, 164.0857864376269220, -4.000000000000023981 ) ) ;
#1503 = ORIENTED_EDGE ( 'NONE', *, *, #1869, .F. ) ;
#1504 = CARTESIAN_POINT ( 'NONE',  ( 112.9999999999999574, 164.4684698699920204, -4.382683432365142906 ) ) ;
#1505 = DIRECTION ( 'NONE',  ( -1.373735107685226249E-32, 1.000000000000000000, -8.446979985513605495E-17 ) ) ;
#1506 = CYLINDRICAL_SURFACE ( 'NONE', #2413, 1.249999999999973355 ) ;
#1507 = VERTEX_POINT ( 'NONE', #1850 ) ;
#1508 = LINE ( 'NONE', #2724, #2247 ) ;
#1509 = CARTESIAN_POINT ( 'NONE',  ( -115.9999999999999858, 164.0857864376269220, -4.000000000000043521 ) ) ;
#1510 = CIRCLE ( 'NONE', #3737, 1.249999999999973355 ) ;
#1511 = CARTESIAN_POINT ( 'NONE',  ( 80.00000000000001421, 120.0000000000000000, -3.000000000000000000 ) ) ;
#1512 = VERTEX_POINT ( 'NONE', #2108 ) ;
#1513 = PLANE ( 'NONE',  #813 ) ;
#1514 = DIRECTION ( 'NONE',  ( -0.000000000000000000, 0.7071067811865437980, 0.7071067811865513475 ) ) ;
#1515 = VERTEX_POINT ( 'NONE', #1829 ) ;
#1516 = ORIENTED_EDGE ( 'NONE', *, *, #3320, .T. ) ;
#1517 = FACE_BOUND ( 'NONE', #3596, .T. ) ;
#1518 = EDGE_CURVE ( 'NONE', #3109, #1774, #1171, .T. ) ;
#1519 = AXIS2_PLACEMENT_3D ( 'NONE', #635, #2447, #655 ) ;
#1520 = DIRECTION ( 'NONE',  ( 0.000000000000000000, -0.7071067811865474617, 0.7071067811865474617 ) ) ;
#1521 = ORIENTED_EDGE ( 'NONE', *, *, #2154, .F. ) ;
#1522 = DIRECTION ( 'NONE',  ( -1.000000000000000000, -0.000000000000000000, 3.469446951953614189E-15 ) ) ;
#1523 = CARTESIAN_POINT ( 'NONE',  ( -112.9739726766683248, 164.5897730019228504, -4.133819156312617871 ) ) ;
#1524 = EDGE_CURVE ( 'NONE', #3008, #489, #1970, .T. ) ;
#1525 = FACE_OUTER_BOUND ( 'NONE', #2335, .T. ) ;
#1526 = VECTOR ( 'NONE', #268, 1000.000000000000000 ) ;
#1527 = DIRECTION ( 'NONE',  ( 0.000000000000000000, 0.000000000000000000, -1.000000000000000000 ) ) ;
#1528 = VERTEX_POINT ( 'NONE', #2382 ) ;
#1529 = DIRECTION ( 'NONE',  ( -0.000000000000000000, -0.000000000000000000, 1.000000000000000000 ) ) ;
#1530 = DIRECTION ( 'NONE',  ( -0.000000000000000000, -0.000000000000000000, 1.000000000000000000 ) ) ;
#1531 = DIRECTION ( 'NONE',  ( -0.000000000000000000, -0.000000000000000000, 1.000000000000000000 ) ) ;
#1532 = LINE ( 'NONE', #2368, #3119 ) ;
#1533 = EDGE_CURVE ( 'NONE', #795, #3170, #1391, .T. ) ;
#1534 = FACE_BOUND ( 'NONE', #1326, .T. ) ;
#1535 = CARTESIAN_POINT ( 'NONE',  ( 78.75000000000002842, 1.530808498934184422E-16, 1.402220585023716934E-15 ) ) ;
#1536 = ORIENTED_EDGE ( 'NONE', *, *, #1737, .F. ) ;
#1537 = EDGE_LOOP ( 'NONE', ( #1747, #3698 ) ) ;
#1538 = VECTOR ( 'NONE', #1522, 1000.000000000000000 ) ;
#1539 = DIRECTION ( 'NONE',  ( 0.000000000000000000, 0.7071067811865519026, -0.7071067811865431318 ) ) ;
#1540 = AXIS2_PLACEMENT_3D ( 'NONE', #2881, #1967, #2809 ) ;
#1541 = CARTESIAN_POINT ( 'NONE',  ( 68.00000000000002842, 223.8969696196703580, -58.15432893255047020 ) ) ;
#1542 = ORIENTED_EDGE ( 'NONE', *, *, #1396, .T. ) ;
#1543 = CARTESIAN_POINT ( 'NONE',  ( 112.9999999999999716, 163.6347896875050481, -3.738200612200892170 ) ) ;
#1544 = CARTESIAN_POINT ( 'NONE',  ( -115.9999999999999858, 164.4684698699917931, -4.382683432365324983 ) ) ;
#1545 = VECTOR ( 'NONE', #2604, 1000.000000000000000 ) ;
#1546 = AXIS2_PLACEMENT_3D ( 'NONE', #2997, #533, #2380 ) ;
#1547 = CARTESIAN_POINT ( 'NONE',  ( 80.00000000000001421, 120.0000000000000000, -3.000000000000000000 ) ) ;
#1548 = AXIS2_PLACEMENT_3D ( 'NONE', #1159, #2966, #1478 ) ;
#1549 = FACE_OUTER_BOUND ( 'NONE', #2525, .T. ) ;
#1550 = ORIENTED_EDGE ( 'NONE', *, *, #674, .F. ) ;
#1551 = CIRCLE ( 'NONE', #3076, 1.599999999999992317 ) ;
#1552 = DIRECTION ( 'NONE',  ( 0.000000000000000000, 0.7071067811865437980, 0.7071067811865513475 ) ) ;
#1553 = DIRECTION ( 'NONE',  ( 1.000000000000000000, 0.000000000000000000, 0.000000000000000000 ) ) ;
#1554 = CARTESIAN_POINT ( 'NONE',  ( -115.9999999999999858, 163.5896900124928663, -3.476401224401765688 ) ) ;
#1555 = FACE_BOUND ( 'NONE', #1624, .T. ) ;
#1556 = CARTESIAN_POINT ( 'NONE',  ( 111.9999999999999574, 164.0857864376269504, -4.000000000000031086 ) ) ;
#1557 = ORIENTED_EDGE ( 'NONE', *, *, #1621, .T. ) ;
#1558 = ORIENTED_EDGE ( 'NONE', *, *, #3926, .F. ) ;
#1559 = FACE_BOUND ( 'NONE', #985, .T. ) ;
#1560 = AXIS2_PLACEMENT_3D ( 'NONE', #2663, #1453, #1752 ) ;
#1561 = DIRECTION ( 'NONE',  ( 1.000000000000000000, -3.562698402898564065E-15, -1.394294057927546322E-15 ) ) ;
#1562 = ORIENTED_EDGE ( 'NONE', *, *, #1036, .F. ) ;
#1563 = CIRCLE ( 'NONE', #3470, 1.249999999999862332 ) ;
#1564 = CARTESIAN_POINT ( 'NONE',  ( 112.2617993877991580, 163.9955870876025301, -3.000000000000079492 ) ) ;
#1565 = CARTESIAN_POINT ( 'NONE',  ( -114.4581868798997561, 166.5070372555781830, -1.897652042353030311 ) ) ;
#1566 = ADVANCED_FACE ( 'NONE', ( #1549 ), #2767, .F. ) ;
#1567 = CARTESIAN_POINT ( 'NONE',  ( -68.50000000000000000, 225.6647365726367980, -74.06423150924779009 ) ) ;
#1568 = CARTESIAN_POINT ( 'NONE',  ( 115.1986673695926697, 163.7700887125415932, -1.541813120100359091 ) ) ;
#1569 = EDGE_LOOP ( 'NONE', ( #1978, #1067, #1452, #3245 ) ) ;
#1570 = FACE_OUTER_BOUND ( 'NONE', #1657, .T. ) ;
#1571 = ADVANCED_FACE ( 'NONE', ( #3595 ), #2343, .F. ) ;
#1572 = CIRCLE ( 'NONE', #2077, 1.249999999999987121 ) ;
#1573 = EDGE_CURVE ( 'NONE', #3574, #3073, #3438, .T. ) ;
#1574 = APPROVAL_DATE_TIME ( #2152, #3027 ) ;
#1575 = FACE_BOUND ( 'NONE', #1881, .T. ) ;
#1576 = ADVANCED_FACE ( 'NONE', ( #3476 ), #419, .F. ) ;
#1577 = CIRCLE ( 'NONE', #3670, 1.249999999999924727 ) ;
#1578 = DIRECTION ( 'NONE',  ( -0.000000000000000000, -0.7071067811865437980, -0.7071067811865512365 ) ) ;
#1579 = EDGE_CURVE ( 'NONE', #1190, #2728, #1032, .T. ) ;
#1580 = DIRECTION ( 'NONE',  ( 1.000000000000000000, 0.000000000000000000, 2.385244779468107783E-15 ) ) ;
#1581 = ORIENTED_EDGE ( 'NONE', *, *, #2821, .F. ) ;
#1582 = ORIENTED_EDGE ( 'NONE', *, *, #3442, .F. ) ;
#1583 = AXIS2_PLACEMENT_3D ( 'NONE', #2946, #800, #3230 ) ;
#1584 = LINE ( 'NONE', #2716, #24 ) ;
#1585 = CARTESIAN_POINT ( 'NONE',  ( -78.75000000000001421, -120.0000000000000000, 0.000000000000000000 ) ) ;
#1586 = VERTEX_POINT ( 'NONE', #3697 ) ;
#1587 = VERTEX_POINT ( 'NONE', #2484 ) ;
#1588 = CARTESIAN_POINT ( 'NONE',  ( -111.9999999999999716, 164.0857864376268935, -4.000000000000021316 ) ) ;
#1589 = EDGE_CURVE ( 'NONE', #146, #3170, #400, .T. ) ;
#1590 = DIRECTION ( 'NONE',  ( -0.000000000000000000, -0.7071067811865437980, -0.7071067811865512365 ) ) ;
#1591 = DIRECTION ( 'NONE',  ( 0.000000000000000000, 0.000000000000000000, 1.000000000000000000 ) ) ;
#1592 = ORIENTED_EDGE ( 'NONE', *, *, #2205, .T. ) ;
#1593 = CYLINDRICAL_SURFACE ( 'NONE', #1477, 11.50000000000000355 ) ;
#1594 = B_SPLINE_CURVE_WITH_KNOTS ( 'NONE', 3,
 ( #641, #1554, #1599, #91, #1096, #1726, #3517, #3168, #1707, #1934 ),
 .UNSPECIFIED., .F., .F.,
 ( 4, 2, 2, 2, 4 ),
 ( 0.000000000000000000, 0.2500000000000000000, 0.5000000000000000000, 0.7500000000000000000, 1.000000000000000000 ),
 .UNSPECIFIED. ) ;
#1595 = CARTESIAN_POINT ( 'NONE',  ( -116.0000000000001137, -164.5000000000000284, -42.99999999999999289 ) ) ;
#1596 = CIRCLE ( 'NONE', #3126, 1.249999999999862332 ) ;
#1597 = ORIENTED_EDGE ( 'NONE', *, *, #1745, .F. ) ;
#1598 = FACE_OUTER_BOUND ( 'NONE', #2544, .T. ) ;
#1599 = CARTESIAN_POINT ( 'NONE',  ( -115.8958907066732422, 163.6347896875051049, -2.953008462562943137 ) ) ;
#1600 = CIRCLE ( 'NONE', #3813, 1.249999999999987121 ) ;
#1601 = DIRECTION ( 'NONE',  ( 0.000000000000000000, -0.7071067811865524577, 0.7071067811865426878 ) ) ;
#1602 = FACE_BOUND ( 'NONE', #2851, .T. ) ;
#1603 = ORIENTED_EDGE ( 'NONE', *, *, #1652, .T. ) ;
#1604 = ORIENTED_EDGE ( 'NONE', *, *, #46, .T. ) ;
#1605 = CARTESIAN_POINT ( 'NONE',  ( 116.0000000000004690, -114.5000000000000284, -34.25000000000067502 ) ) ;
#1606 = AXIS2_PLACEMENT_3D ( 'NONE', #2992, #825, #3255 ) ;
#1607 = LINE ( 'NONE', #1903, #2761 ) ;
#1608 = ORIENTED_EDGE ( 'NONE', *, *, #2983, .T. ) ;
#1609 = CARTESIAN_POINT ( 'NONE',  ( -73.50000000000000000, 219.2300648638392033, -67.62955980045020965 ) ) ;
#1610 = VERTEX_POINT ( 'NONE', #3717 ) ;
#1611 = DIRECTION ( 'NONE',  ( 1.373735107685318209E-32, -1.000000000000000000, 8.446979985513632612E-17 ) ) ;
#1612 = AXIS2_PLACEMENT_3D ( 'NONE', #3573, #1131, #2043 ) ;
#1613 = FACE_OUTER_BOUND ( 'NONE', #3369, .T. ) ;
#1614 = CARTESIAN_POINT ( 'NONE',  ( 112.4883593252656624, 163.9053877375781383, -3.152689339212947139 ) ) ;
#1615 = ORIENTED_EDGE ( 'NONE', *, *, #2697, .F. ) ;
#1616 = DIRECTION ( 'NONE',  ( 0.000000000000000000, 0.7071067811865474617, -0.7071067811865474617 ) ) ;
#1617 = AXIS2_PLACEMENT_3D ( 'NONE', #3334, #1822, #3370 ) ;
#1618 = EDGE_CURVE ( 'NONE', #2660, #1181, #677, .T. ) ;
#1619 = EDGE_LOOP ( 'NONE', ( #1489, #1006, #678, #429 ) ) ;
#1620 = DIRECTION ( 'NONE',  ( -0.000000000000000000, 0.7071067811865437980, 0.7071067811865513475 ) ) ;
#1621 = EDGE_CURVE ( 'NONE', #3149, #1484, #2984, .T. ) ;
#1622 = EDGE_CURVE ( 'NONE', #469, #2699, #3684, .T. ) ;
#1623 = CARTESIAN_POINT ( 'NONE',  ( 5.500000000000000000, 220.3614357137376771, -68.76093065034868346 ) ) ;
#1624 = EDGE_LOOP ( 'NONE', ( #3567, #1608 ) ) ;
#1625 = ORIENTED_EDGE ( 'NONE', *, *, #2295, .F. ) ;
#1626 = LINE ( 'NONE', #2312, #2958 ) ;
#1627 = ADVANCED_FACE ( 'NONE', ( #3460 ), #735, .F. ) ;
#1628 = DIRECTION ( 'NONE',  ( -0.000000000000000000, 0.7071067811865437980, 0.7071067811865513475 ) ) ;
#1629 = ORIENTED_EDGE ( 'NONE', *, *, #1834, .F. ) ;
#1630 = DIRECTION ( 'NONE',  ( -0.000000000000000000, 0.000000000000000000, 1.000000000000000000 ) ) ;
#1631 = EDGE_LOOP ( 'NONE', ( #2219, #1480, #1557, #3218 ) ) ;
#1632 = FACE_BOUND ( 'NONE', #2207, .T. ) ;
#1633 = DIRECTION ( 'NONE',  ( -2.453269466693411243E-15, 0.000000000000000000, 1.000000000000000000 ) ) ;
#1634 = DIRECTION ( 'NONE',  ( 3.414951097637210328E-15, 0.7071067811865436870, 0.7071067811865513475 ) ) ;
#1635 = ORIENTED_EDGE ( 'NONE', *, *, #3682, .F. ) ;
#1636 = PLANE ( 'NONE',  #1540 ) ;
#1637 = CARTESIAN_POINT ( 'NONE',  ( 116.0000000000004832, -134.5000000000000284, -34.25000000000067502 ) ) ;
#1638 = LINE ( 'NONE', #1275, #3100 ) ;
#1639 = ORIENTED_EDGE ( 'NONE', *, *, #2560, .F. ) ;
#1640 = FACE_OUTER_BOUND ( 'NONE', #1857, .T. ) ;
#1641 = CARTESIAN_POINT ( 'NONE',  ( -46.50000000000000000, 220.3614357137376771, -68.76093065034868346 ) ) ;
#1642 = ORIENTED_EDGE ( 'NONE', *, *, #2821, .T. ) ;
#1643 = ORIENTED_EDGE ( 'NONE', *, *, #1865, .F. ) ;
#1644 = AXIS2_PLACEMENT_3D ( 'NONE', #3048, #2136, #2414 ) ;
#1645 = CARTESIAN_POINT ( 'NONE',  ( 45.50000000000000000, 226.3011326757046504, -60.55849198858470572 ) ) ;
#1646 = VERTEX_POINT ( 'NONE', #140 ) ;
#1647 = LINE ( 'NONE', #3511, #2419 ) ;
#1648 = ADVANCED_FACE ( 'NONE', ( #1911 ), #2524, .F. ) ;
#1649 = DIRECTION ( 'NONE',  ( 0.000000000000000000, 0.7071067811865519026, -0.7071067811865431318 ) ) ;
#1650 = DIRECTION ( 'NONE',  ( 0.000000000000000000, -0.7071067811865437980, -0.7071067811865513475 ) ) ;
#1651 = ORIENTED_EDGE ( 'NONE', *, *, #1328, .F. ) ;
#1652 = EDGE_CURVE ( 'NONE', #3896, #1418, #2558, .T. ) ;
#1653 = CIRCLE ( 'NONE', #3365, 1.249999999999987121 ) ;
#1654 = ORIENTED_EDGE ( 'NONE', *, *, #2972, .T. ) ;
#1655 = ADVANCED_FACE ( 'NONE', ( #2040 ), #3847, .F. ) ;
#1656 = LINE ( 'NONE', #2273, #3606 ) ;
#1657 = EDGE_LOOP ( 'NONE', ( #2062, #3314, #3930, #2319 ) ) ;
#1658 = EDGE_CURVE ( 'NONE', #2074, #2679, #2729, .T. ) ;
#1659 = PLANE ( 'NONE',  #3712 ) ;
#1660 = EDGE_LOOP ( 'NONE', ( #1894, #354, #2565, #586 ) ) ;
#1661 = LINE ( 'NONE', #2596, #1024 ) ;
#1662 = AXIS2_PLACEMENT_3D ( 'NONE', #3843, #2039, #588 ) ;
#1663 = CARTESIAN_POINT ( 'NONE',  ( -115.8958907066732422, 163.6347896875051049, -2.953008462562940473 ) ) ;
#1664 = CARTESIAN_POINT ( 'NONE',  ( -112.9999999999999858, 164.4684698699920204, -4.382683432365096721 ) ) ;
#1665 = ORIENTED_EDGE ( 'NONE', *, *, #3478, .T. ) ;
#1666 = FACE_OUTER_BOUND ( 'NONE', #2071, .T. ) ;
#1667 = VECTOR ( 'NONE', #418, 1000.000000000000000 ) ;
#1668 = EDGE_CURVE ( 'NONE', #1411, #3156, #3570, .T. ) ;
#1669 = FACE_OUTER_BOUND ( 'NONE', #2570, .T. ) ;
#1670 = CIRCLE ( 'NONE', #3705, 1.599999999999992317 ) ;
#1671 = ORIENTED_EDGE ( 'NONE', *, *, #505, .F. ) ;
#1672 = CARTESIAN_POINT ( 'NONE',  ( -116.0000000000002274, 189.0735931288074596, -68.75000000000008527 ) ) ;
#1673 = DIRECTION ( 'NONE',  ( -1.387778780781444413E-14, 0.000000000000000000, 1.000000000000000000 ) ) ;
#1674 = AXIS2_PLACEMENT_3D ( 'NONE', #2957, #1169, #1749 ) ;
#1675 = CYLINDRICAL_SURFACE ( 'NONE', #2052, 3.999999999999961808 ) ;
#1676 = AXIS2_PLACEMENT_3D ( 'NONE', #1719, #147, #3176 ) ;
#1677 = ORIENTED_EDGE ( 'NONE', *, *, #2182, .F. ) ;
#1678 = DIRECTION ( 'NONE',  ( 0.000000000000000000, 0.7071067811865437980, 0.7071067811865513475 ) ) ;
#1679 = EDGE_LOOP ( 'NONE', ( #1371, #1597, #2894, #379 ) ) ;
#1680 = ORIENTED_EDGE ( 'NONE', *, *, #1045, .F. ) ;
#1681 = FACE_BOUND ( 'NONE', #423, .T. ) ;
#1682 = LINE ( 'NONE', #2914, #558 ) ;
#1683 = CARTESIAN_POINT ( 'NONE',  ( -51.49999999999999289, 220.0078823231443437, -58.50788232314376813 ) ) ;
#1684 = ORIENTED_EDGE ( 'NONE', *, *, #2283, .T. ) ;
#1685 = AXIS2_PLACEMENT_3D ( 'NONE', #1879, #3115, #962 ) ;
#1686 = CARTESIAN_POINT ( 'NONE',  ( -116.0000000000000711, -114.5000000000000284, -34.24999999999993605 ) ) ;
#1687 = ORIENTED_EDGE ( 'NONE', *, *, #750, .T. ) ;
#1688 = DIRECTION ( 'NONE',  ( 0.000000000000000000, 0.000000000000000000, 1.000000000000000000 ) ) ;
#1689 = DIRECTION ( 'NONE',  ( 0.000000000000000000, 0.000000000000000000, 1.000000000000000000 ) ) ;
#1690 = EDGE_CURVE ( 'NONE', #766, #1142, #2897, .T. ) ;
#1691 = CARTESIAN_POINT ( 'NONE',  ( 115.9999999999999574, 164.0857864376268935, -4.000000000000021316 ) ) ;
#1692 = LINE ( 'NONE', #3527, #2279 ) ;
#1693 = ADVANCED_FACE ( 'NONE', ( #2955 ), #2060, .F. ) ;
#1694 = DIRECTION ( 'NONE',  ( -1.000000000000000000, -0.000000000000000000, 3.469446951953614189E-15 ) ) ;
#1695 = ORIENTED_EDGE ( 'NONE', *, *, #2827, .T. ) ;
#1696 = EDGE_CURVE ( 'NONE', #2714, #3779, #1359, .T. ) ;
#1697 = CIRCLE ( 'NONE', #1187, 1.249999999999987121 ) ;
#1698 = EDGE_CURVE ( 'NONE', #9, #1743, #3326, .T. ) ;
#1699 = CARTESIAN_POINT ( 'NONE',  ( 45.50000000000000000, 227.4325035256031242, -61.68986283848317242 ) ) ;
#1700 = EDGE_LOOP ( 'NONE', ( #525, #2940, #3875, #3300 ) ) ;
#1701 = EDGE_LOOP ( 'NONE', ( #2038, #2539, #1841, #552 ) ) ;
#1702 = FACE_BOUND ( 'NONE', #831, .T. ) ;
#1703 = AXIS2_PLACEMENT_3D ( 'NONE', #3466, #2924, #2049 ) ;
#1704 = DIRECTION ( 'NONE',  ( 1.000000000000000000, 0.000000000000000000, 0.000000000000000000 ) ) ;
#1705 = CARTESIAN_POINT ( 'NONE',  ( 116.0000000000003126, 189.0735931288074596, -71.25000000000066791 ) ) ;
#1706 = ORIENTED_EDGE ( 'NONE', *, *, #653, .F. ) ;
#1707 = CARTESIAN_POINT ( 'NONE',  ( -112.5235987755983587, 164.0406867626147402, -2.723719145190927855E-14 ) ) ;
#1708 = EDGE_CURVE ( 'NONE', #3401, #2747, #1427, .T. ) ;
#1709 = VECTOR ( 'NONE', #184, 1000.000000000000000 ) ;
#1710 = CYLINDRICAL_SURFACE ( 'NONE', #1795, 1.249999999999978906 ) ;
#1711 = ORIENTED_EDGE ( 'NONE', *, *, #998, .T. ) ;
#1712 = DIRECTION ( 'NONE',  ( -0.000000000000000000, 0.7071067811865437980, 0.7071067811865513475 ) ) ;
#1713 = FACE_OUTER_BOUND ( 'NONE', #2573, .T. ) ;
#1714 = VECTOR ( 'NONE', #1890, 1000.000000000000000 ) ;
#1715 = CARTESIAN_POINT ( 'NONE',  ( -111.9999999999999716, -164.5000000000000284, -4.000000000000021316 ) ) ;
#1716 = CARTESIAN_POINT ( 'NONE',  ( 115.9999999999999716, 164.7928932188134752, -3.292893218813486289 ) ) ;
#1717 = EDGE_LOOP ( 'NONE', ( #1021, #1816, #3884, #148 ) ) ;
#1718 = AXIS2_PLACEMENT_3D ( 'NONE', #1963, #2225, #3435 ) ;
#1719 = CARTESIAN_POINT ( 'NONE',  ( 80.00000000000001421, -120.0000000000000000, 1.402220585023716934E-15 ) ) ;
#1720 = ORIENTED_EDGE ( 'NONE', *, *, #1351, .T. ) ;
#1721 = EDGE_LOOP ( 'NONE', ( #1856, #2916, #1742, #65 ) ) ;
#1722 = DIRECTION ( 'NONE',  ( 0.000000000000000000, 0.7071067811865437980, 0.7071067811865513475 ) ) ;
#1723 = CARTESIAN_POINT ( 'NONE',  ( -115.9999999999999716, 163.5896980839587229, -3.476307516196196712 ) ) ;
#1724 = DIRECTION ( 'NONE',  ( 0.000000000000000000, 0.000000000000000000, 1.000000000000000000 ) ) ;
#1725 = ORIENTED_EDGE ( 'NONE', *, *, #3114, .T. ) ;
#1726 = CARTESIAN_POINT ( 'NONE',  ( -114.4581868798996851, 163.8602880625659566, -0.8013326304073307149 ) ) ;
#1727 = CARTESIAN_POINT ( 'NONE',  ( 11.99999999999997868, 216.8259018078049110, -65.22539674441598834 ) ) ;
#1728 = ORIENTED_EDGE ( 'NONE', *, *, #550, .F. ) ;
#1729 = DIRECTION ( 'NONE',  ( -0.000000000000000000, -1.000000000000000000, -0.000000000000000000 ) ) ;
#1730 = AXIS2_PLACEMENT_3D ( 'NONE', #794, #1410, #1147 ) ;
#1731 = LINE ( 'NONE', #1691, #45 ) ;
#1732 = AXIS2_PLACEMENT_3D ( 'NONE', #3753, #2580, #3789 ) ;
#1733 = CYLINDRICAL_SURFACE ( 'NONE', #1583, 1.249999999999917843 ) ;
#1734 = FACE_OUTER_BOUND ( 'NONE', #1200, .T. ) ;
#1735 = VERTEX_POINT ( 'NONE', #3514 ) ;
#1736 = EDGE_CURVE ( 'NONE', #1743, #1950, #1366, .T. ) ;
#1737 = EDGE_CURVE ( 'NONE', #877, #205, #2054, .T. ) ;
#1738 = VECTOR ( 'NONE', #925, 1000.000000000000000 ) ;
#1739 = AXIS2_PLACEMENT_3D ( 'NONE', #1498, #3647, #1140 ) ;
#1740 = VECTOR ( 'NONE', #3589, 1000.000000000000000 ) ;
#1741 = LINE ( 'NONE', #1361, #727 ) ;
#1742 = ORIENTED_EDGE ( 'NONE', *, *, #3810, .T. ) ;
#1743 = VERTEX_POINT ( 'NONE', #3786 ) ;
#1744 = FACE_OUTER_BOUND ( 'NONE', #1679, .T. ) ;
#1745 = EDGE_CURVE ( 'NONE', #2275, #3756, #3579, .T. ) ;
#1746 = DIRECTION ( 'NONE',  ( -0.000000000000000000, 0.7071067811865437980, 0.7071067811865513475 ) ) ;
#1747 = ORIENTED_EDGE ( 'NONE', *, *, #2682, .F. ) ;
#1748 = EDGE_CURVE ( 'NONE', #1068, #370, #3495, .T. ) ;
#1749 = DIRECTION ( 'NONE',  ( 0.000000000000000000, 0.000000000000000000, 1.000000000000000000 ) ) ;
#1750 = LINE ( 'NONE', #3538, #2619 ) ;
#1751 = VERTEX_POINT ( 'NONE', #791 ) ;
#1752 = DIRECTION ( 'NONE',  ( 1.000000000000000000, 0.000000000000000000, 0.000000000000000000 ) ) ;
#1753 = CYLINDRICAL_SURFACE ( 'NONE', #2271, 1.249999999999973355 ) ;
#1754 = LINE ( 'NONE', #2963, #1769 ) ;
#1755 = CIRCLE ( 'NONE', #3780, 1.599999999999992317 ) ;
#1756 = ORIENTED_EDGE ( 'NONE', *, *, #862, .F. ) ;
#1757 = DIRECTION ( 'NONE',  ( 0.000000000000000000, 0.000000000000000000, -1.000000000000000000 ) ) ;
#1758 = ORIENTED_EDGE ( 'NONE', *, *, #2028, .F. ) ;
#1759 = ORIENTED_EDGE ( 'NONE', *, *, #3284, .F. ) ;
#1760 = PLANE ( 'NONE',  #3877 ) ;
#1761 = CIRCLE ( 'NONE', #1378, 1.600000000000002309 ) ;
#1762 = DIRECTION ( 'NONE',  ( 1.000000000000000000, 0.000000000000000000, 0.000000000000000000 ) ) ;
#1763 = ORIENTED_EDGE ( 'NONE', *, *, #52, .F. ) ;
#1764 = EDGE_CURVE ( 'NONE', #457, #1342, #729, .T. ) ;
#1765 = CARTESIAN_POINT ( 'NONE',  ( 5.500000000000000000, 226.3011326757046504, -60.55849198858470572 ) ) ;
#1766 = DIRECTION ( 'NONE',  ( -0.000000000000000000, -0.000000000000000000, 1.000000000000000000 ) ) ;
#1767 = ORIENTED_EDGE ( 'NONE', *, *, #1920, .T. ) ;
#1768 = CYLINDRICAL_SURFACE ( 'NONE', #1560, 1.249999999999973355 ) ;
#1769 = VECTOR ( 'NONE', #1456, 1000.000000000000000 ) ;
#1770 = EDGE_CURVE ( 'NONE', #1781, #3842, #3203, .T. ) ;
#1771 = CARTESIAN_POINT ( 'NONE',  ( -79.99999999999998579, -120.0000000000000000, 0.000000000000000000 ) ) ;
#1772 = DIRECTION ( 'NONE',  ( 0.000000000000000000, -1.000000000000000000, 0.000000000000000000 ) ) ;
#1773 = DIRECTION ( 'NONE',  ( 0.000000000000000000, 0.7071067811865437980, 0.7071067811865513475 ) ) ;
#1774 = VERTEX_POINT ( 'NONE', #1683 ) ;
#1775 = CIRCLE ( 'NONE', #567, 1.600000000000002309 ) ;
#1776 = DIRECTION ( 'NONE',  ( -1.000000000000000000, -0.000000000000000000, 3.469446951953614189E-15 ) ) ;
#1777 = ORIENTED_EDGE ( 'NONE', *, *, #2976, .F. ) ;
#1778 = EDGE_LOOP ( 'NONE', ( #327, #1993, #3467, #3443 ) ) ;
#1779 = LINE ( 'NONE', #3315, #1092 ) ;
#1780 = DIRECTION ( 'NONE',  ( 1.000000000000000000, 0.000000000000000000, 0.000000000000000000 ) ) ;
#1781 = VERTEX_POINT ( 'NONE', #1705 ) ;
#1782 = CARTESIAN_POINT ( 'NONE',  ( 115.9999999999999716, 164.8068803831274352, -3.980480932392458371 ) ) ;
#1783 = AXIS2_PLACEMENT_3D ( 'NONE', #1511, #1217, #2431 ) ;
#1784 = ADVANCED_FACE ( 'NONE', ( #2023, #174, #2598, #1089 ), #193, .F. ) ;
#1785 = CARTESIAN_POINT ( 'NONE',  ( -46.50000000000000000, 220.3614357137376771, -68.76093065034868346 ) ) ;
#1786 = CARTESIAN_POINT ( 'NONE',  ( 78.75000000000002842, -120.0000000000000000, 1.402220585023716934E-15 ) ) ;
#1787 = VERTEX_POINT ( 'NONE', #1845 ) ;
#1788 = DIRECTION ( 'NONE',  ( -1.000000000000000000, -0.000000000000000000, 3.469446951953614189E-15 ) ) ;
#1789 = EDGE_CURVE ( 'NONE', #1049, #3412, #887, .T. ) ;
#1790 = LINE ( 'NONE', #936, #867 ) ;
#1791 = VECTOR ( 'NONE', #1183, 999.9999999999998863 ) ;
#1792 = DATE_TIME_ROLE ( 'classification_date' ) ;
#1793 = DIRECTION ( 'NONE',  ( -1.000000000000000000, -0.000000000000000000, 3.469446951953614189E-15 ) ) ;
#1794 = ORIENTED_EDGE ( 'NONE', *, *, #2156, .F. ) ;
#1795 = AXIS2_PLACEMENT_3D ( 'NONE', #3497, #2919, #1430 ) ;
#1796 = CARTESIAN_POINT ( 'NONE',  ( -115.4951455534170321, 163.7249890375294683, -1.985524078516458291 ) ) ;
#1797 = FACE_OUTER_BOUND ( 'NONE', #249, .T. ) ;
#1798 = ORIENTED_EDGE ( 'NONE', *, *, #213, .T. ) ;
#1799 = ORIENTED_EDGE ( 'NONE', *, *, #1618, .T. ) ;
#1800 = LINE ( 'NONE', #3534, #3379 ) ;
#1801 = CIRCLE ( 'NONE', #2254, 1.249999999999973355 ) ;
#1802 = CARTESIAN_POINT ( 'NONE',  ( -20.00000000000000000, 216.2955717219149960, -64.69506665852605920 ) ) ;
#1803 = ORIENTED_EDGE ( 'NONE', *, *, #2124, .T. ) ;
#1804 = CARTESIAN_POINT ( 'NONE',  ( 113.0469915374371084, 166.9043777471380565, -1.308969834610551608 ) ) ;
#1805 = FACE_OUTER_BOUND ( 'NONE', #2020, .T. ) ;
#1806 = VECTOR ( 'NONE', #2693, 1000.000000000000000 ) ;
#1807 = CARTESIAN_POINT ( 'NONE',  ( -112.0000000000000284, 164.0857864376268935, -1.994931997373328159E-14 ) ) ;
#1808 = FACE_OUTER_BOUND ( 'NONE', #3809, .T. ) ;
#1809 = CARTESIAN_POINT ( 'NONE',  ( -79.99999999999998579, 120.0000000000000000, 0.000000000000000000 ) ) ;
#1810 = EDGE_LOOP ( 'NONE', ( #824, #2388, #2024, #3604 ) ) ;
#1811 = FACE_OUTER_BOUND ( 'NONE', #2777, .T. ) ;
#1812 = LINE ( 'NONE', #1509, #3787 ) ;
#1813 = PERSON_AND_ORGANIZATION ( #3282, #2469 ) ;
#1814 = CARTESIAN_POINT ( 'NONE',  ( -90.00000000000000000, 229.6952452254000150, -63.95260453828007030 ) ) ;
#1815 = ADVANCED_FACE ( 'NONE', ( #12 ), #2460, .F. ) ;
#1816 = ORIENTED_EDGE ( 'NONE', *, *, #861, .T. ) ;
#1817 = FACE_BOUND ( 'NONE', #2432, .T. ) ;
#1818 = ADVANCED_FACE ( 'NONE', ( #3883 ), #2102, .F. ) ;
#1819 = DIRECTION ( 'NONE',  ( 1.000000000000000000, 0.000000000000000000, 0.000000000000000000 ) ) ;
#1820 = ORIENTED_EDGE ( 'NONE', *, *, #2688, .F. ) ;
#1821 = ORIENTED_EDGE ( 'NONE', *, *, #2112, .T. ) ;
#1822 = DIRECTION ( 'NONE',  ( -0.000000000000000000, 0.000000000000000000, 1.000000000000000000 ) ) ;
#1823 = EDGE_CURVE ( 'NONE', #731, #1446, #978, .T. ) ;
#1824 = DIRECTION ( 'NONE',  ( 0.000000000000000000, -0.7071067811865496822, 0.7071067811865453523 ) ) ;
#1825 = ORIENTED_EDGE ( 'NONE', *, *, #3352, .T. ) ;
#1826 = CARTESIAN_POINT ( 'NONE',  ( 115.9999999999999716, 164.0857864376269220, -3.000000000000026645 ) ) ;
#1827 = CARTESIAN_POINT ( 'NONE',  ( -112.7996668423981959, 164.7435685928901137, -3.788681849162793380 ) ) ;
#1828 = DIRECTION ( 'NONE',  ( 0.000000000000000000, -0.7071067811865519026, 0.7071067811865431318 ) ) ;
#1829 = CARTESIAN_POINT ( 'NONE',  ( -78.75000000000001421, -120.0000000000000000, -3.000000000000000000 ) ) ;
#1830 = ORIENTED_EDGE ( 'NONE', *, *, #505, .T. ) ;
#1831 = DIRECTION ( 'NONE',  ( 0.000000000000000000, 0.7071067811865519026, -0.7071067811865431318 ) ) ;
#1832 = EDGE_CURVE ( 'NONE', #3803, #189, #477, .T. ) ;
#1833 = PLANE ( 'NONE',  #548 ) ;
#1834 = EDGE_CURVE ( 'NONE', #1059, #3842, #278, .T. ) ;
#1835 = VECTOR ( 'NONE', #583, 1000.000000000000000 ) ;
#1836 = PERSON_AND_ORGANIZATION_ROLE ( 'creator' ) ;
#1837 = CARTESIAN_POINT ( 'NONE',  ( -116.0000000000000711, -114.5000000000000284, -33.00000000000000711 ) ) ;
#1838 = DIRECTION ( 'NONE',  ( 1.000000000000000000, 0.000000000000000000, 0.000000000000000000 ) ) ;
#1839 = CARTESIAN_POINT ( 'NONE',  ( 52.00000000000002842, 223.8969696196704149, -72.29646455628142121 ) ) ;
#1840 = EDGE_LOOP ( 'NONE', ( #59, #1438, #3667, #1635 ) ) ;
#1841 = ORIENTED_EDGE ( 'NONE', *, *, #1471, .T. ) ;
#1842 = DIRECTION ( 'NONE',  ( 0.000000000000000000, -0.7071067811865519026, 0.7071067811865431318 ) ) ;
#1843 = APPLICATION_CONTEXT ( 'configuration controlled 3d designs of mechanical parts and assemblies' ) ;
#1844 = VECTOR ( 'NONE', #3339, 1000.000000000000114 ) ;
#1845 = CARTESIAN_POINT ( 'NONE',  ( 112.9999999999999716, -164.5000000000000284, -4.000000000000038192 ) ) ;
#1846 = ORIENTED_EDGE ( 'NONE', *, *, #2560, .T. ) ;
#1847 = CARTESIAN_POINT ( 'NONE',  ( -116.0000000000001137, 52.46572875253733770, 52.46572875253791324 ) ) ;
#1848 = CARTESIAN_POINT ( 'NONE',  ( -112.9697000000000031, 164.5263443403839858, -4.261018122118875873 ) ) ;
#1849 = DIRECTION ( 'NONE',  ( -0.000000000000000000, 0.7071067811865437980, 0.7071067811865513475 ) ) ;
#1850 = CARTESIAN_POINT ( 'NONE',  ( -68.50000000000000000, 222.1292026667040034, -56.38656197958409422 ) ) ;
#1851 = ORIENTED_EDGE ( 'NONE', *, *, #3202, .T. ) ;
#1852 = CARTESIAN_POINT ( 'NONE',  ( 1.387778780781445676E-14, 120.0000000000000000, -3.000000000000000000 ) ) ;
#1853 = APPROVAL_ROLE ( '' ) ;
#1854 = CARTESIAN_POINT ( 'NONE',  ( 80.00000000000001421, 0.000000000000000000, 1.402220585023716934E-15 ) ) ;
#1855 = FACE_BOUND ( 'NONE', #3094, .T. ) ;
#1856 = ORIENTED_EDGE ( 'NONE', *, *, #330, .T. ) ;
#1857 = EDGE_LOOP ( 'NONE', ( #3461, #702, #1408, #1941 ) ) ;
#1858 = VECTOR ( 'NONE', #178, 1000.000000000000000 ) ;
#1859 = EDGE_CURVE ( 'NONE', #2244, #974, #2717, .T. ) ;
#1860 = DIRECTION ( 'NONE',  ( -0.000000000000000000, 0.000000000000000000, 1.000000000000000000 ) ) ;
#1861 = CIRCLE ( 'NONE', #658, 3.199999999999994849 ) ;
#1862 = CARTESIAN_POINT ( 'NONE',  ( -20.00000000000000000, 231.4983675174258053, -65.75572683030580379 ) ) ;
#1863 = EDGE_LOOP ( 'NONE', ( #858, #1851, #3708, #2818 ) ) ;
#1864 = DIRECTION ( 'NONE',  ( 0.000000000000000000, 0.3826834323650908920, 0.9238795325112862944 ) ) ;
#1865 = EDGE_CURVE ( 'NONE', #845, #3555, #630, .T. ) ;
#1866 = CARTESIAN_POINT ( 'NONE',  ( -112.5276202007371751, 166.9673227649049068, -1.182255670914428958 ) ) ;
#1867 = EDGE_CURVE ( 'NONE', #309, #2679, #3035, .T. ) ;
#1868 = VECTOR ( 'NONE', #520, 1000.000000000000000 ) ;
#1869 = EDGE_CURVE ( 'NONE', #1515, #3869, #347, .T. ) ;
#1870 = CARTESIAN_POINT ( 'NONE',  ( 90.00000000000000000, 229.6952452254000150, -63.95260453828007030 ) ) ;
#1871 = CIRCLE ( 'NONE', #3075, 0.9999999999999767963 ) ;
#1872 = CARTESIAN_POINT ( 'NONE',  ( 111.9999999999999574, 164.0857864376268935, -8.239936510889833698E-14 ) ) ;
#1873 = ORIENTED_EDGE ( 'NONE', *, *, #2035, .F. ) ;
#1874 = FACE_OUTER_BOUND ( 'NONE', #1025, .T. ) ;
#1875 = EDGE_CURVE ( 'NONE', #112, #1310, #3054, .T. ) ;
#1876 =( NAMED_UNIT ( * ) PLANE_ANGLE_UNIT ( ) SI_UNIT ( $, .RADIAN. ) );
#1877 = CARTESIAN_POINT ( 'NONE',  ( -116.0000000000001137, -164.5000000000000284, -42.99999999999999289 ) ) ;
#1878 = CARTESIAN_POINT ( 'NONE',  ( -78.75000000000001421, 0.000000000000000000, 0.000000000000000000 ) ) ;
#1879 = CARTESIAN_POINT ( 'NONE',  ( 0.000000000000000000, 82.87132034355876442, 82.87132034355961707 ) ) ;
#1880 = ORIENTED_EDGE ( 'NONE', *, *, #1287, .T. ) ;
#1881 = EDGE_LOOP ( 'NONE', ( #1172, #1381 ) ) ;
#1882 = CARTESIAN_POINT ( 'NONE',  ( -113.0000000000000853, 189.0735931288074596, -71.24999999999994316 ) ) ;
#1883 = AXIS2_PLACEMENT_3D ( 'NONE', #956, #302, #3660 ) ;
#1884 = CARTESIAN_POINT ( 'NONE',  ( -115.1986673695928403, 166.0472190520406457, -2.485031390012227170 ) ) ;
#1885 = ORIENTED_EDGE ( 'NONE', *, *, #589, .F. ) ;
#1886 = PLANE ( 'NONE',  #3139 ) ;
#1887 = ORIENTED_EDGE ( 'NONE', *, *, #285, .T. ) ;
#1888 = CARTESIAN_POINT ( 'NONE',  ( -113.0469915374371794, 166.9043777471381134, -1.308969834610560268 ) ) ;
#1889 = DIRECTION ( 'NONE',  ( -0.000000000000000000, 0.7071067811865437980, 0.7071067811865513475 ) ) ;
#1890 = DIRECTION ( 'NONE',  ( -0.000000000000000000, 0.7071067811865437980, 0.7071067811865513475 ) ) ;
#1891 = VERTEX_POINT ( 'NONE', #1204 ) ;
#1892 = FACE_OUTER_BOUND ( 'NONE', #2390, .T. ) ;
#1893 = VECTOR ( 'NONE', #2708, 1000.000000000000000 ) ;
#1894 = ORIENTED_EDGE ( 'NONE', *, *, #2002, .T. ) ;
#1895 = DIRECTION ( 'NONE',  ( -2.453269466693411637E-15, 0.000000000000000000, -1.000000000000000000 ) ) ;
#1896 = AXIS2_PLACEMENT_3D ( 'NONE', #1641, #130, #1043 ) ;
#1897 = DIRECTION ( 'NONE',  ( -0.000000000000000000, -0.000000000000000000, 1.000000000000000000 ) ) ;
#1898 = FACE_OUTER_BOUND ( 'NONE', #3508, .T. ) ;
#1899 = VERTEX_POINT ( 'NONE', #3671 ) ;
#1900 = DIRECTION ( 'NONE',  ( 0.000000000000000000, -0.7071067811865512365, 0.7071067811865439090 ) ) ;
#1901 = PRODUCT_DEFINITION_FORMATION_WITH_SPECIFIED_SOURCE ( '�', '', #534, .NOT_KNOWN. ) ;
#1902 = DIRECTION ( 'NONE',  ( -0.000000000000000000, 0.7071067811865437980, 0.7071067811865513475 ) ) ;
#1903 = CARTESIAN_POINT ( 'NONE',  ( 68.00000000000002842, 230.9680374315358904, -65.22539674441588886 ) ) ;
#1904 = VERTEX_POINT ( 'NONE', #2395 ) ;
#1905 = LINE ( 'NONE', #1013, #3451 ) ;
#1906 = ORIENTED_EDGE ( 'NONE', *, *, #3682, .T. ) ;
#1907 = DIRECTION ( 'NONE',  ( 1.000000000000000000, 0.000000000000000000, 0.000000000000000000 ) ) ;
#1908 = CIRCLE ( 'NONE', #321, 1.249999999999917843 ) ;
#1909 = LINE ( 'NONE', #357, #57 ) ;
#1910 = CC_DESIGN_APPROVAL ( #280, ( #1901 ) ) ;
#1911 = FACE_OUTER_BOUND ( 'NONE', #1986, .T. ) ;
#1912 = ORIENTED_EDGE ( 'NONE', *, *, #1257, .F. ) ;
#1913 = DIRECTION ( 'NONE',  ( 0.000000000000000000, 0.000000000000000000, 1.000000000000000000 ) ) ;
#1914 = DIRECTION ( 'NONE',  ( -0.000000000000000000, -0.7071067811865437980, -0.7071067811865512365 ) ) ;
#1915 = EDGE_CURVE ( 'NONE', #3013, #2660, #2564, .T. ) ;
#1916 = CIRCLE ( 'NONE', #3248, 1.249999999999917843 ) ;
#1917 = ORIENTED_EDGE ( 'NONE', *, *, #2035, .T. ) ;
#1918 = DIRECTION ( 'NONE',  ( 1.000000000000000000, 0.000000000000000000, 0.000000000000000000 ) ) ;
#1919 = VECTOR ( 'NONE', #222, 1000.000000000000000 ) ;
#1920 = EDGE_CURVE ( 'NONE', #3253, #9, #3016, .T. ) ;
#1921 = CARTESIAN_POINT ( 'NONE',  ( -116.0000000000001137, 148.3141409374415502, -43.38268343236524771 ) ) ;
#1922 = EDGE_LOOP ( 'NONE', ( #2951, #3280, #2589, #2529 ) ) ;
#1923 = VERTEX_POINT ( 'NONE', #1541 ) ;
#1924 = CYLINDRICAL_SURFACE ( 'NONE', #929, 11.50000000000000355 ) ;
#1925 = CARTESIAN_POINT ( 'NONE',  ( -115.4951455534171316, 165.7653583104882955, -2.830672703625460418 ) ) ;
#1926 = VERTEX_POINT ( 'NONE', #3630 ) ;
#1927 = DIRECTION ( 'NONE',  ( 1.000000000000000000, 0.000000000000000000, 0.000000000000000000 ) ) ;
#1928 = CARTESIAN_POINT ( 'NONE',  ( 115.9999999999999716, 252.8883476483188986, -92.80256121069110975 ) ) ;
#1929 = CIRCLE ( 'NONE', #2819, 1.249999999999978906 ) ;
#1930 = CARTESIAN_POINT ( 'NONE',  ( 80.00000000000001421, 0.000000000000000000, -3.000000000000000000 ) ) ;
#1931 = CARTESIAN_POINT ( 'NONE',  ( 112.5036189803709021, 163.9053877375781383, -3.126213611645813018 ) ) ;
#1932 = EDGE_LOOP ( 'NONE', ( #97, #3238 ) ) ;
#1933 = EDGE_LOOP ( 'NONE', ( #1463, #3317, #2138, #2550, #3269, #158, #2352, #2139 ) ) ;
#1934 = CARTESIAN_POINT ( 'NONE',  ( -112.0000000000000284, 164.0857864376268935, -1.994931997373328159E-14 ) ) ;
#1935 = CIRCLE ( 'NONE', #2758, 1.249999999999973355 ) ;
#1936 = VECTOR ( 'NONE', #332, 1000.000000000000000 ) ;
#1937 = ORIENTED_EDGE ( 'NONE', *, *, #3445, .F. ) ;
#1938 = CARTESIAN_POINT ( 'NONE',  ( -116.0000000000000568, -134.5000000000000284, -34.24999999999994316 ) ) ;
#1939 = FACE_OUTER_BOUND ( 'NONE', #1569, .T. ) ;
#1940 = DIRECTION ( 'NONE',  ( 0.000000000000000000, -0.7071067811865436870, -0.7071067811865513475 ) ) ;
#1941 = ORIENTED_EDGE ( 'NONE', *, *, #3687, .F. ) ;
#1942 = ORIENTED_EDGE ( 'NONE', *, *, #1286, .F. ) ;
#1943 = DIRECTION ( 'NONE',  ( 1.000000000000000000, 0.000000000000000000, 0.000000000000000000 ) ) ;
#1944 = AXIS2_PLACEMENT_3D ( 'NONE', #1994, #2456, #390 ) ;
#1945 = ADVANCED_FACE ( 'NONE', ( #33 ), #2420, .F. ) ;
#1946 = DIRECTION ( 'NONE',  ( 0.000000000000000000, -0.7071067811865439090, -0.7071067811865512365 ) ) ;
#1947 = FACE_OUTER_BOUND ( 'NONE', #2583, .T. ) ;
#1948 = VECTOR ( 'NONE', #3430, 1000.000000000000000 ) ;
#1949 = CARTESIAN_POINT ( 'NONE',  ( 112.0000000000000000, 164.0857864376268935, -3.000000000000082601 ) ) ;
#1950 = VERTEX_POINT ( 'NONE', #551 ) ;
#1951 = CARTESIAN_POINT ( 'NONE',  ( 112.0000000000000284, 164.0857864376268935, -3.000000000000082601 ) ) ;
#1952 = ADVANCED_FACE ( 'NONE', ( #1483 ), #610, .T. ) ;
#1953 = DATE_AND_TIME ( #897, #2290 ) ;
#1954 = ORIENTED_EDGE ( 'NONE', *, *, #3327, .F. ) ;
#1955 = DIRECTION ( 'NONE',  ( -0.000000000000000000, 0.7071067811865437980, 0.7071067811865513475 ) ) ;
#1956 = LINE ( 'NONE', #1921, #2591 ) ;
#1957 = PLANE ( 'NONE',  #2479 ) ;
#1958 = ORIENTED_EDGE ( 'NONE', *, *, #239, .T. ) ;
#1959 = VECTOR ( 'NONE', #941, 1000.000000000000000 ) ;
#1960 = DIRECTION ( 'NONE',  ( 0.000000000000000000, -0.7071067811865496822, 0.7071067811865453523 ) ) ;
#1961 = ORIENTED_EDGE ( 'NONE', *, *, #3468, .F. ) ;
#1962 = CARTESIAN_POINT ( 'NONE',  ( 112.5036189803708737, 164.8312078622624028, -3.509700863607926546 ) ) ;
#1963 = CARTESIAN_POINT ( 'NONE',  ( 112.9999999999999858, 2.386271845907604355E-14, 4.024558464266191954E-13 ) ) ;
#1964 = CARTESIAN_POINT ( 'NONE',  ( -112.0000000000000284, 164.0857864376268935, 0.02999999999998005304 ) ) ;
#1965 = CARTESIAN_POINT ( 'NONE',  ( 112.9696999999999747, 163.5896972729192385, -3.873046203617882988 ) ) ;
#1966 = EDGE_LOOP ( 'NONE', ( #2711, #1284, #133, #2990 ) ) ;
#1967 = DIRECTION ( 'NONE',  ( 1.355257342980075446E-15, -0.9238795325112891810, 0.3826834323650841196 ) ) ;
#1968 = AXIS2_PLACEMENT_3D ( 'NONE', #2751, #1473, #938 ) ;
#1969 = DIRECTION ( 'NONE',  ( -0.000000000000000000, -0.000000000000000000, 1.000000000000000000 ) ) ;
#1970 = CIRCLE ( 'NONE', #3118, 0.9999999999999974465 ) ;
#1971 = VERTEX_POINT ( 'NONE', #568 ) ;
#1972 = FACE_OUTER_BOUND ( 'NONE', #3254, .T. ) ;
#1973 = DIRECTION ( 'NONE',  ( 0.000000000000000000, -0.7071067811865496822, 0.7071067811865453523 ) ) ;
#1974 = FACE_OUTER_BOUND ( 'NONE', #3499, .T. ) ;
#1975 = FACE_OUTER_BOUND ( 'NONE', #2065, .T. ) ;
#1976 = ORIENTED_EDGE ( 'NONE', *, *, #1414, .T. ) ;
#1977 = LINE ( 'NONE', #3507, #3578 ) ;
#1978 = ORIENTED_EDGE ( 'NONE', *, *, #1037, .F. ) ;
#1979 = EDGE_CURVE ( 'NONE', #3439, #2120, #1801, .T. ) ;
#1980 = ORIENTED_EDGE ( 'NONE', *, *, #453, .T. ) ;
#1981 = FACE_OUTER_BOUND ( 'NONE', #128, .T. ) ;
#1982 = AXIS2_PLACEMENT_3D ( 'NONE', #2059, #884, #2953 ) ;
#1983 = CARTESIAN_POINT ( 'NONE',  ( -112.9696999999999747, 163.5896972729192669, -3.873046203617909189 ) ) ;
#1984 = EDGE_CURVE ( 'NONE', #1926, #2097, #2123, .T. ) ;
#1985 = CARTESIAN_POINT ( 'NONE',  ( -115.9999999999999716, -164.5000000000000284, 0.000000000000000000 ) ) ;
#1986 = EDGE_LOOP ( 'NONE', ( #2126, #2817, #2493, #1422 ) ) ;
#1987 = EDGE_CURVE ( 'NONE', #1923, #1899, #713, .T. ) ;
#1988 = VECTOR ( 'NONE', #3413, 1000.000000000000000 ) ;
#1989 = EDGE_CURVE ( 'NONE', #1292, #2375, #2938, .T. ) ;
#1990 = DIRECTION ( 'NONE',  ( 0.000000000000000000, 0.000000000000000000, -1.000000000000000000 ) ) ;
#1991 = EDGE_CURVE ( 'NONE', #3852, #513, #3266, .T. ) ;
#1992 = AXIS2_PLACEMENT_3D ( 'NONE', #889, #3592, #1864 ) ;
#1993 = ORIENTED_EDGE ( 'NONE', *, *, #3400, .T. ) ;
#1994 = CARTESIAN_POINT ( 'NONE',  ( 112.0000000000000142, -164.5000000000000284, -4.000000000000041744 ) ) ;
#1995 = EDGE_CURVE ( 'NONE', #1899, #1130, #1607, .T. ) ;
#1996 = CARTESIAN_POINT ( 'NONE',  ( 116.0000000000003126, 189.0735931288074596, -70.00000000000081002 ) ) ;
#1997 = AXIS2_PLACEMENT_3D ( 'NONE', #3864, #2879, #2578 ) ;
#1998 = LINE ( 'NONE', #2547, #3481 ) ;
#1999 = CARTESIAN_POINT ( 'NONE',  ( 116.0000000000003126, 189.0735931288074596, -68.75000000000095213 ) ) ;
#2000 = VECTOR ( 'NONE', #1421, 1000.000000000000000 ) ;
#2001 = ORIENTED_EDGE ( 'NONE', *, *, #2472, .F. ) ;
#2002 = EDGE_CURVE ( 'NONE', #1338, #3574, #1551, .T. ) ;
#2003 = DIRECTION ( 'NONE',  ( -1.000000000000000000, -2.111744996378410988E-16, -3.469446951953614189E-15 ) ) ;
#2004 = ORIENTED_EDGE ( 'NONE', *, *, #407, .F. ) ;
#2005 = EDGE_LOOP ( 'NONE', ( #1680, #681, #944, #3294 ) ) ;
#2006 = CARTESIAN_POINT ( 'NONE',  ( -112.9999999999999716, 252.8883476483188986, -92.80256121069110975 ) ) ;
#2007 = LINE ( 'NONE', #2264, #311 ) ;
#2008 = DIRECTION ( 'NONE',  ( -0.000000000000000000, -0.000000000000000000, 1.000000000000000000 ) ) ;
#2009 = EDGE_LOOP ( 'NONE', ( #2316, #3537, #1830, #2755 ) ) ;
#2010 = CARTESIAN_POINT ( 'NONE',  ( 0.000000000000000000, 0.000000000000000000, -3.000000000000000000 ) ) ;
#2011 = ORIENTED_EDGE ( 'NONE', *, *, #3557, .F. ) ;
#2012 = CARTESIAN_POINT ( 'NONE',  ( 90.00000000000000000, 227.5739248818403837, -66.07392488183973001 ) ) ;
#2013 = DIRECTION ( 'NONE',  ( -1.000000000000000000, -0.000000000000000000, 3.469446951953614189E-15 ) ) ;
#2014 = DIRECTION ( 'NONE',  ( 0.000000000000000000, 0.000000000000000000, 1.000000000000000000 ) ) ;
#2015 = CARTESIAN_POINT ( 'NONE',  ( 113.0000000000000568, 189.0735931288074596, -71.25000000000071054 ) ) ;
#2016 = DIRECTION ( 'NONE',  ( 6.938893903907240211E-16, -0.7071067811865516806, 0.7071067811865434649 ) ) ;
#2017 = EDGE_LOOP ( 'NONE', ( #1887, #89, #2662, #3727 ) ) ;
#2018 = FACE_OUTER_BOUND ( 'NONE', #3418, .T. ) ;
#2019 = ORIENTED_EDGE ( 'NONE', *, *, #3557, .T. ) ;
#2020 = EDGE_LOOP ( 'NONE', ( #1014, #3450, #267, #3841 ) ) ;
#2021 = FACE_BOUND ( 'NONE', #1367, .T. ) ;
#2022 = CARTESIAN_POINT ( 'NONE',  ( -112.6145467199749106, 163.8602880625660134, -3.200333157601847667 ) ) ;
#2023 = FACE_BOUND ( 'NONE', #3346, .T. ) ;
#2024 = ORIENTED_EDGE ( 'NONE', *, *, #3151, .T. ) ;
#2025 = CARTESIAN_POINT ( 'NONE',  ( 74.50000000000001421, 224.1798123321449907, -62.67981233214436543 ) ) ;
#2026 = ORIENTED_EDGE ( 'NONE', *, *, #2569, .F. ) ;
#2027 = CARTESIAN_POINT ( 'NONE',  ( 112.2617993877991154, 164.8566737908743676, -3.356673790874323604 ) ) ;
#2028 = EDGE_CURVE ( 'NONE', #1515, #1178, #668, .T. ) ;
#2029 = ADVANCED_FACE ( 'NONE', ( #2801 ), #79, .F. ) ;
#2030 = CARTESIAN_POINT ( 'NONE',  ( 78.75000000000004263, -120.0000000000000000, 0.000000000000000000 ) ) ;
#2031 = LINE ( 'NONE', #3837, #1709 ) ;
#2032 = DIRECTION ( 'NONE',  ( 0.000000000000000000, 0.000000000000000000, 1.000000000000000000 ) ) ;
#2033 = ORIENTED_EDGE ( 'NONE', *, *, #991, .F. ) ;
#2034 = ADVANCED_FACE ( 'NONE', ( #3141 ), #3389, .F. ) ;
#2035 = EDGE_CURVE ( 'NONE', #3869, #1515, #150, .T. ) ;
#2036 = CARTESIAN_POINT ( 'NONE',  ( 112.9999999999999574, 252.8883476483188986, -92.80256121069118080 ) ) ;
#2037 = ORIENTED_EDGE ( 'NONE', *, *, #3345, .T. ) ;
#2038 = ORIENTED_EDGE ( 'NONE', *, *, #1414, .F. ) ;
#2039 = DIRECTION ( 'NONE',  ( 0.000000000000000000, 0.7071067811865437980, 0.7071067811865513475 ) ) ;
#2040 = FACE_OUTER_BOUND ( 'NONE', #2005, .T. ) ;
#2041 = ORIENTED_EDGE ( 'NONE', *, *, #71, .F. ) ;
#2042 = DIRECTION ( 'NONE',  ( 1.373735107685226249E-32, -1.000000000000000000, 8.446979985513605495E-17 ) ) ;
#2043 = DIRECTION ( 'NONE',  ( 1.000000000000000000, 0.000000000000000000, 0.000000000000000000 ) ) ;
#2044 = ORIENTED_EDGE ( 'NONE', *, *, #2231, .T. ) ;
#2045 = DIRECTION ( 'NONE',  ( -1.000000000000000000, -2.111744996378410988E-16, -3.469446951953614189E-15 ) ) ;
#2046 = CIRCLE ( 'NONE', #337, 1.599999999999992317 ) ;
#2047 = DIRECTION ( 'NONE',  ( 1.000000000000000000, 0.000000000000000000, 0.000000000000000000 ) ) ;
#2048 = VECTOR ( 'NONE', #3399, 1000.000000000000000 ) ;
#2049 = DIRECTION ( 'NONE',  ( 0.000000000000000000, 0.7071067811865519026, -0.7071067811865431318 ) ) ;
#2050 = CYLINDRICAL_SURFACE ( 'NONE', #981, 1.249999999999978906 ) ;
#2051 = EDGE_LOOP ( 'NONE', ( #2575, #277, #1080, #2250 ) ) ;
#2052 = AXIS2_PLACEMENT_3D ( 'NONE', #761, #2351, #3857 ) ;
#2053 = VECTOR ( 'NONE', #506, 999.9999999999998863 ) ;
#2054 = CIRCLE ( 'NONE', #1997, 1.599999999999992317 ) ;
#2055 = ADVANCED_FACE ( 'NONE', ( #1325 ), #2241, .F. ) ;
#2056 = FACE_OUTER_BOUND ( 'NONE', #1182, .T. ) ;
#2057 = VERTEX_POINT ( 'NONE', #1645 ) ;
#2058 = VERTEX_POINT ( 'NONE', #2858 ) ;
#2059 = CARTESIAN_POINT ( 'NONE',  ( -79.99999999999998579, 0.000000000000000000, 0.000000000000000000 ) ) ;
#2060 = CYLINDRICAL_SURFACE ( 'NONE', #3709, 1.249999999999978906 ) ;
#2061 = EDGE_CURVE ( 'NONE', #106, #1395, #282, .T. ) ;
#2062 = ORIENTED_EDGE ( 'NONE', *, *, #2478, .F. ) ;
#2063 = CARTESIAN_POINT ( 'NONE',  ( 11.99999999999997868, 228.8467170879762023, -67.34671708797556278 ) ) ;
#2064 = DIRECTION ( 'NONE',  ( 1.000000000000000000, 0.000000000000000000, 0.000000000000000000 ) ) ;
#2065 = EDGE_LOOP ( 'NONE', ( #3292, #3462, #1075, #220 ) ) ;
#2066 = FACE_OUTER_BOUND ( 'NONE', #19, .T. ) ;
#2067 = DIRECTION ( 'NONE',  ( 1.000000000000000000, 0.000000000000000000, 0.000000000000000000 ) ) ;
#2068 = DIRECTION ( 'NONE',  ( 0.000000000000000000, -0.7071067811865519026, 0.7071067811865431318 ) ) ;
#2069 = AXIS2_PLACEMENT_3D ( 'NONE', #223, #1434, #2014 ) ;
#2070 = CARTESIAN_POINT ( 'NONE',  ( 115.9999999999999716, 164.4684698699920204, -4.382683432365135801 ) ) ;
#2071 = EDGE_LOOP ( 'NONE', ( #3423, #2674, #3544, #1684 ) ) ;
#2072 = CARTESIAN_POINT ( 'NONE',  ( 74.50000000000001421, 220.3614357137376771, -68.76093065034868346 ) ) ;
#2073 = ORIENTED_EDGE ( 'NONE', *, *, #2861, .T. ) ;
#2074 = VERTEX_POINT ( 'NONE', #1862 ) ;
#2075 = EDGE_CURVE ( 'NONE', #2375, #1743, #3077, .T. ) ;
#2076 = CARTESIAN_POINT ( 'NONE',  ( 90.00000000000000000, 227.4325035256030674, -61.68986283848314400 ) ) ;
#2077 = AXIS2_PLACEMENT_3D ( 'NONE', #3598, #240, #2067 ) ;
#2078 = EDGE_CURVE ( 'NONE', #3439, #888, #3800, .T. ) ;
#2079 = CARTESIAN_POINT ( 'NONE',  ( 115.9999999999999716, 164.0857864376269220, -2.602085213965210642E-14 ) ) ;
#2080 = ORIENTED_EDGE ( 'NONE', *, *, #3583, .T. ) ;
#2081 = CARTESIAN_POINT ( 'NONE',  ( 116.0299999999999727, 164.4684698699919636, -4.382683432365192644 ) ) ;
#2082 = LINE ( 'NONE', #3849, #661 ) ;
#2083 = VECTOR ( 'NONE', #1673, 1000.000000000000000 ) ;
#2084 = CARTESIAN_POINT ( 'NONE',  ( 115.9999999999999716, 166.9142135623731065, -1.171572875253827029 ) ) ;
#2085 = FACE_OUTER_BOUND ( 'NONE', #1863, .T. ) ;
#2086 = ORIENTED_EDGE ( 'NONE', *, *, #2822, .F. ) ;
#2087 = CARTESIAN_POINT ( 'NONE',  ( -115.9999999999999716, -164.5000000000000284, -3.999999999999993339 ) ) ;
#2088 = AXIS2_PLACEMENT_3D ( 'NONE', #875, #3214, #3819 ) ;
#2089 = DIRECTION ( 'NONE',  ( -1.000000000000000000, -0.000000000000000000, -0.000000000000000000 ) ) ;
#2090 = PERSON_AND_ORGANIZATION_ROLE ( 'classification_officer' ) ;
#2091 = FACE_OUTER_BOUND ( 'NONE', #3167, .T. ) ;
#2092 = ORIENTED_EDGE ( 'NONE', *, *, #589, .T. ) ;
#2093 = AXIS2_PLACEMENT_3D ( 'NONE', #3268, #1376, #3820 ) ;
#2094 = CC_DESIGN_SECURITY_CLASSIFICATION ( #2918, ( #1901 ) ) ;
#2095 = CARTESIAN_POINT ( 'NONE',  ( -112.9999999999999716, 163.5445903374807415, -4.000000000000031086 ) ) ;
#2096 = DIRECTION ( 'NONE',  ( -0.000000000000000000, -0.7071067811865507924, 0.7071067811865442421 ) ) ;
#2097 = VERTEX_POINT ( 'NONE', #2910 ) ;
#2098 = ORIENTED_EDGE ( 'NONE', *, *, #1579, .F. ) ;
#2099 = CARTESIAN_POINT ( 'NONE',  ( -111.9999999999999858, 164.7928932188134752, -3.292893218813472522 ) ) ;
#2100 = VECTOR ( 'NONE', #2337, 1000.000000000000114 ) ;
#2101 = CC_DESIGN_PERSON_AND_ORGANIZATION_ASSIGNMENT ( #1492, #2090, ( #2918 ) ) ;
#2102 = CYLINDRICAL_SURFACE ( 'NONE', #3458, 3.199999999999994849 ) ;
#2103 = ORIENTED_EDGE ( 'NONE', *, *, #878, .T. ) ;
#2104 = CARTESIAN_POINT ( 'NONE',  ( 115.1986673695927124, 166.0472190520407310, -2.485031390012171215 ) ) ;
#2105 = LINE ( 'NONE', #1807, #1356 ) ;
#2106 = EDGE_CURVE ( 'NONE', #1735, #2057, #1168, .T. ) ;
#2107 = DIRECTION ( 'NONE',  ( 0.000000000000000000, 0.7071067811865519026, -0.7071067811865431318 ) ) ;
#2108 = CARTESIAN_POINT ( 'NONE',  ( 113.0000000000001279, -114.5000000000000284, -34.25000000000073186 ) ) ;
#2109 = ORIENTED_EDGE ( 'NONE', *, *, #3386, .F. ) ;
#2110 = CYLINDRICAL_SURFACE ( 'NONE', #3069, 4.000000000000003553 ) ;
#2111 = DIRECTION ( 'NONE',  ( 0.000000000000000000, 0.000000000000000000, 1.000000000000000000 ) ) ;
#2112 = EDGE_CURVE ( 'NONE', #1787, #1283, #1103, .T. ) ;
#2113 = EDGE_CURVE ( 'NONE', #1342, #457, #99, .T. ) ;
#2114 = PERSON_AND_ORGANIZATION_ROLE ( 'design_supplier' ) ;
#2115 = CARTESIAN_POINT ( 'NONE',  ( -78.75000000000000000, -120.0000000000000000, 1.402220585023716934E-15 ) ) ;
#2116 = ADVANCED_FACE ( 'NONE', ( #2018 ), #1659, .F. ) ;
#2117 = AXIS2_PLACEMENT_3D ( 'NONE', #2883, #1969, #3520 ) ;
#2118 = LINE ( 'NONE', #856, #544 ) ;
#2119 = VERTEX_POINT ( 'NONE', #467 ) ;
#2120 = VERTEX_POINT ( 'NONE', #187 ) ;
#2121 = DIRECTION ( 'NONE',  ( -0.000000000000000000, -0.000000000000000000, 1.000000000000000000 ) ) ;
#2122 = CIRCLE ( 'NONE', #3143, 1.599999999999992317 ) ;
#2123 = CIRCLE ( 'NONE', #847, 1.249999999999973355 ) ;
#2124 = EDGE_CURVE ( 'NONE', #2500, #656, #2891, .T. ) ;
#2125 = DIRECTION ( 'NONE',  ( -0.000000000000000000, -0.7071067811865437980, -0.7071067811865512365 ) ) ;
#2126 = ORIENTED_EDGE ( 'NONE', *, *, #3590, .T. ) ;
#2127 = DIRECTION ( 'NONE',  ( -0.000000000000000000, -0.7071067811865437980, -0.7071067811865512365 ) ) ;
#2128 = CARTESIAN_POINT ( 'NONE',  ( -115.1986673695928403, 166.0472190520406741, -2.485031390012228503 ) ) ;
#2129 = DIRECTION ( 'NONE',  ( 0.000000000000000000, 0.7071067811865513475, -0.7071067811865437980 ) ) ;
#2130 = DIRECTION ( 'NONE',  ( 1.000000000000000000, 0.000000000000000000, 0.000000000000000000 ) ) ;
#2131 = ORIENTED_EDGE ( 'NONE', *, *, #1449, .T. ) ;
#2132 = DIRECTION ( 'NONE',  ( 0.000000000000000000, 0.000000000000000000, 1.000000000000000000 ) ) ;
#2133 = DIRECTION ( 'NONE',  ( -1.000000000000000000, -0.000000000000000000, 3.469446951953614189E-15 ) ) ;
#2134 = CARTESIAN_POINT ( 'NONE',  ( 115.9999999999999574, 163.5445903374807131, -4.000000000000021316 ) ) ;
#2135 = ORIENTED_EDGE ( 'NONE', *, *, #3442, .T. ) ;
#2136 = DIRECTION ( 'NONE',  ( -0.000000000000000000, -0.000000000000000000, 1.000000000000000000 ) ) ;
#2137 = CYLINDRICAL_SURFACE ( 'NONE', #1739, 1.249999999999973355 ) ;
#2138 = ORIENTED_EDGE ( 'NONE', *, *, #3926, .T. ) ;
#2139 = ORIENTED_EDGE ( 'NONE', *, *, #500, .F. ) ;
#2140 = CARTESIAN_POINT ( 'NONE',  ( 45.50000000000000000, 225.3111831820434645, -63.81118318204284634 ) ) ;
#2141 = CLOSED_SHELL ( 'NONE', ( #3441, #747, #1444, #1493, #2327, #1693, #1476, #3759, #3558, #1374, #3186, #2278, #629, #2615, #1281, #2288, #705, #234, #3798, #2610, #619, #1122, #855, #1401, #1069, #2769, #2902, #3564, #385, #1952, #2445, #120, #5, #3064, #416, #3851, #1815, #2490, #2235, #2522, #1443, #6, #3610, #2571, #162, #1240, #620, #1576, #577, #2735, #3736, #3521, #2736, #47, #303, #2566, #2055, #1158, #2868, #2692, #2928, #2496, #2361, #3408, #2444, #2116, #1407, #2790, #1571, #3159, #961, #2935, #1784, #164, #868, #2520, #1156, #3924, #360, #2638, #910, #2454, #1655, #2706, #1001, #3236, #1945, #1566, #1627, #670, #3068, #1818, #3486, #3776, #2945, #3112, #3651, #1127, #3685, #2773, #2528, #1648, #3894, #1279, #3231, #3845, #2034, #2993, #289, #2526, #965, #918, #2029, #704, #2397, #3694 ) ) ;
#2142 = DIRECTION ( 'NONE',  ( 0.000000000000000000, -0.7071067811865507924, 0.7071067811865441310 ) ) ;
#2143 = EDGE_LOOP ( 'NONE', ( #1111, #2416, #3562, #2178 ) ) ;
#2144 = LINE ( 'NONE', #1847, #3822 ) ;
#2145 = CARTESIAN_POINT ( 'NONE',  ( 116.0000000000004832, -134.5000000000000284, -33.00000000000081002 ) ) ;
#2146 = CARTESIAN_POINT ( 'NONE',  ( 116.0000000000003695, 172.8454544295067308, -172.8454544295042297 ) ) ;
#2147 = CYLINDRICAL_SURFACE ( 'NONE', #3743, 1.249999999999973355 ) ;
#2148 = ORIENTED_EDGE ( 'NONE', *, *, #161, .F. ) ;
#2149 = PLANE ( 'NONE',  #2877 ) ;
#2150 = CARTESIAN_POINT ( 'NONE',  ( 112.0000000000000284, 164.0857864376268935, -2.775557561562891351E-14 ) ) ;
#2151 = CIRCLE ( 'NONE', #434, 1.249999999999987121 ) ;
#2152 = DATE_AND_TIME ( #305, #3298 ) ;
#2153 = EDGE_CURVE ( 'NONE', #1199, #3821, #821, .T. ) ;
#2154 = EDGE_CURVE ( 'NONE', #1181, #171, #531, .T. ) ;
#2155 = DIRECTION ( 'NONE',  ( -0.000000000000000000, -0.000000000000000000, 1.000000000000000000 ) ) ;
#2156 = EDGE_CURVE ( 'NONE', #3762, #3814, #3217, .T. ) ;
#2157 = EDGE_CURVE ( 'NONE', #3170, #795, #2563, .T. ) ;
#2158 = DIRECTION ( 'NONE',  ( -6.938893903907239224E-16, 0.7071067811865512365, -0.7071067811865439090 ) ) ;
#2159 = ORIENTED_EDGE ( 'NONE', *, *, #582, .T. ) ;
#2160 = ORIENTED_EDGE ( 'NONE', *, *, #450, .T. ) ;
#2161 = FACE_BOUND ( 'NONE', #2960, .T. ) ;
#2162 = EDGE_CURVE ( 'NONE', #766, #907, #2929, .T. ) ;
#2163 = VECTOR ( 'NONE', #2511, 1000.000000000000000 ) ;
#2164 = DIRECTION ( 'NONE',  ( -0.000000000000000000, 0.000000000000000000, 1.000000000000000000 ) ) ;
#2165 = ORIENTED_EDGE ( 'NONE', *, *, #1579, .T. ) ;
#2166 = DIRECTION ( 'NONE',  ( -5.916456789157590292E-31, -0.7071067811865513475, 0.7071067811865436870 ) ) ;
#2167 = CARTESIAN_POINT ( 'NONE',  ( 1.387778780781445676E-14, -120.0000000000000000, -3.000000000000000000 ) ) ;
#2168 = LINE ( 'NONE', #3716, #3039 ) ;
#2169 = CARTESIAN_POINT ( 'NONE',  ( 113.0469915374370942, 163.9955870876025017, -0.1041092933268104176 ) ) ;
#2170 = ORIENTED_EDGE ( 'NONE', *, *, #1698, .F. ) ;
#2171 = LINE ( 'NONE', #320, #3588 ) ;
#2172 = LINE ( 'NONE', #3701, #2783 ) ;
#2173 = PERSON_AND_ORGANIZATION ( #3282, #2469 ) ;
#2174 = CARTESIAN_POINT ( 'NONE',  ( 5.500000000000000000, 220.3614357137376771, -68.76093065034868346 ) ) ;
#2175 = CIRCLE ( 'NONE', #967, 1.249999999999931610 ) ;
#2176 = FACE_BOUND ( 'NONE', #899, .T. ) ;
#2177 = FACE_BOUND ( 'NONE', #2307, .T. ) ;
#2178 = ORIENTED_EDGE ( 'NONE', *, *, #742, .T. ) ;
#2179 = EDGE_LOOP ( 'NONE', ( #3336, #369 ) ) ;
#2180 = VECTOR ( 'NONE', #614, 1000.000000000000000 ) ;
#2181 = FACE_OUTER_BOUND ( 'NONE', #2229, .T. ) ;
#2182 = EDGE_CURVE ( 'NONE', #1462, #1423, #2760, .T. ) ;
#2183 = AXIS2_PLACEMENT_3D ( 'NONE', #1368, #699, #2507 ) ;
#2184 = DIRECTION ( 'NONE',  ( 0.000000000000000000, 0.7071067811865437980, 0.7071067811865513475 ) ) ;
#2185 = ORIENTED_EDGE ( 'NONE', *, *, #2209, .T. ) ;
#2186 = DIRECTION ( 'NONE',  ( -0.000000000000000000, -1.000000000000000000, -0.000000000000000000 ) ) ;
#2187 = ORIENTED_EDGE ( 'NONE', *, *, #338, .F. ) ;
#2188 = CARTESIAN_POINT ( 'NONE',  ( -114.0295844908948197, 166.7033245122192113, -1.637584213651145593 ) ) ;
#2189 = EDGE_CURVE ( 'NONE', #3510, #1085, #444, .T. ) ;
#2190 = CARTESIAN_POINT ( 'NONE',  ( 34.50000000000000000, 221.4928065636361509, -69.89230150024715726 ) ) ;
#2191 = AXIS2_PLACEMENT_3D ( 'NONE', #523, #1379, #1082 ) ;
#2192 = DIRECTION ( 'NONE',  ( 0.000000000000000000, -0.7071067811865513475, 0.7071067811865436870 ) ) ;
#2193 = ORIENTED_EDGE ( 'NONE', *, *, #1247, .T. ) ;
#2194 = DIRECTION ( 'NONE',  ( -3.469446951953614978E-15, -0.7071067811865436870, -0.7071067811865513475 ) ) ;
#2195 = LINE ( 'NONE', #3089, #2299 ) ;
#2196 = FACE_BOUND ( 'NONE', #3539, .T. ) ;
#2197 = CARTESIAN_POINT ( 'NONE',  ( 112.9999999999999716, 163.5445903374807131, -4.000000000000038192 ) ) ;
#2198 = CARTESIAN_POINT ( 'NONE',  ( 113.0000000000000426, -164.5000000000000284, -4.000000000000045297 ) ) ;
#2199 = VERTEX_POINT ( 'NONE', #2653 ) ;
#2200 = ORIENTED_EDGE ( 'NONE', *, *, #1455, .T. ) ;
#2201 = DIRECTION ( 'NONE',  ( -4.625929269271482956E-16, 0.7071067811865503483, -0.7071067811865446862 ) ) ;
#2202 = AXIS2_PLACEMENT_3D ( 'NONE', #1556, #2776, #1580 ) ;
#2203 = CARTESIAN_POINT ( 'NONE',  ( 68.00000000000002842, 223.8969696196703580, -58.15432893255047020 ) ) ;
#2204 = ORIENTED_EDGE ( 'NONE', *, *, #939, .T. ) ;
#2205 = EDGE_CURVE ( 'NONE', #1307, #1587, #346, .T. ) ;
#2206 = CARTESIAN_POINT ( 'NONE',  ( -112.9999999999999716, -164.5000000000000284, -2.999999999999999556 ) ) ;
#2207 = EDGE_LOOP ( 'NONE', ( #3390, #244, #411, #292 ) ) ;
#2208 = LINE ( 'NONE', #3038, #2649 ) ;
#2209 = EDGE_CURVE ( 'NONE', #2214, #328, #3840, .T. ) ;
#2210 = DIRECTION ( 'NONE',  ( -1.000000000000000000, -0.000000000000000000, 3.469446951953614189E-15 ) ) ;
#2211 = CARTESIAN_POINT ( 'NONE',  ( -111.9999999999999858, 252.8883476483188986, -92.80256121069115238 ) ) ;
#2212 = EDGE_LOOP ( 'NONE', ( #3738, #2170, #420, #186 ) ) ;
#2213 = DIRECTION ( 'NONE',  ( 0.000000000000000000, 0.7071067811865439090, 0.7071067811865512365 ) ) ;
#2214 = VERTEX_POINT ( 'NONE', #2036 ) ;
#2215 = CARTESIAN_POINT ( 'NONE',  ( -116.0000000000003837, 2.918234633721128595E-13, 2.918234633721158382E-13 ) ) ;
#2216 = CIRCLE ( 'NONE', #1324, 5.750000000000008882 ) ;
#2217 = CARTESIAN_POINT ( 'NONE',  ( 0.000000000000000000, 0.000000000000000000, 0.000000000000000000 ) ) ;
#2218 = CARTESIAN_POINT ( 'NONE',  ( -68.50000000000000000, 215.0581348548385563, -63.45762979144961236 ) ) ;
#2219 = ORIENTED_EDGE ( 'NONE', *, *, #2277, .F. ) ;
#2220 = ORIENTED_EDGE ( 'NONE', *, *, #772, .T. ) ;
#2221 = AXIS2_PLACEMENT_3D ( 'NONE', #261, #834, #2314 ) ;
#2222 = DIRECTION ( 'NONE',  ( -1.000000000000000000, -0.000000000000000000, -0.000000000000000000 ) ) ;
#2223 = ORIENTED_EDGE ( 'NONE', *, *, #329, .F. ) ;
#2224 = LINE ( 'NONE', #2899, #144 ) ;
#2225 = DIRECTION ( 'NONE',  ( -1.000000000000000000, -2.111744996378410988E-16, -3.469446951953614189E-15 ) ) ;
#2226 = AXIS2_PLACEMENT_3D ( 'NONE', #436, #2866, #1591 ) ;
#2227 = CYLINDRICAL_SURFACE ( 'NONE', #689, 1.249999999999978906 ) ;
#2228 = CARTESIAN_POINT ( 'NONE',  ( 112.9999999999999716, 163.5896972810288332, -3.869079209515358553 ) ) ;
#2229 = EDGE_LOOP ( 'NONE', ( #2282, #3332, #3782, #2204 ) ) ;
#2230 = CARTESIAN_POINT ( 'NONE',  ( -46.50000000000000000, 225.3111831820434645, -63.81118318204284634 ) ) ;
#2231 = EDGE_CURVE ( 'NONE', #2807, #1307, #1741, .T. ) ;
#2232 = VECTOR ( 'NONE', #1382, 1000.000000000000000 ) ;
#2233 = ORIENTED_EDGE ( 'NONE', *, *, #768, .F. ) ;
#2234 = LINE ( 'NONE', #90, #896 ) ;
#2235 = ADVANCED_FACE ( 'NONE', ( #3487 ), #227, .T. ) ;
#2236 = DIRECTION ( 'NONE',  ( -0.000000000000000000, -0.000000000000000000, 1.000000000000000000 ) ) ;
#2237 = EDGE_LOOP ( 'NONE', ( #495, #3427, #2890, #3354 ) ) ;
#2238 = FACE_OUTER_BOUND ( 'NONE', #3532, .T. ) ;
#2239 = CARTESIAN_POINT ( 'NONE',  ( 5.500000000000000000, 226.4425540319419383, -64.94255403194131304 ) ) ;
#2240 = AXIS2_PLACEMENT_3D ( 'NONE', #299, #2766, #1828 ) ;
#2241 = PLANE ( 'NONE',  #2504 ) ;
#2242 = VERTEX_POINT ( 'NONE', #1066 ) ;
#2243 = CARTESIAN_POINT ( 'NONE',  ( 112.2617478843592522, 164.8382696940503536, -3.375077887698293200 ) ) ;
#2244 = VERTEX_POINT ( 'NONE', #764 ) ;
#2245 = FACE_BOUND ( 'NONE', #943, .T. ) ;
#2246 = EDGE_CURVE ( 'NONE', #1267, #1923, #1977, .T. ) ;
#2247 = VECTOR ( 'NONE', #2194, 1000.000000000000000 ) ;
#2248 = DIRECTION ( 'NONE',  ( -1.000000000000000000, 0.000000000000000000, 0.000000000000000000 ) ) ;
#2249 = DIRECTION ( 'NONE',  ( -0.000000000000000000, 0.7071067811865507924, -0.7071067811865442421 ) ) ;
#2250 = ORIENTED_EDGE ( 'NONE', *, *, #3634, .F. ) ;
#2251 = CARTESIAN_POINT ( 'NONE',  ( -73.50000000000000000, 225.3111831820434645, -63.81118318204284634 ) ) ;
#2252 = CIRCLE ( 'NONE', #527, 1.599999999999992317 ) ;
#2253 = AXIS2_PLACEMENT_3D ( 'NONE', #3565, #901, #1757 ) ;
#2254 = AXIS2_PLACEMENT_3D ( 'NONE', #3431, #2780, #1943 ) ;
#2255 = EDGE_LOOP ( 'NONE', ( #3130, #30 ) ) ;
#2256 = CARTESIAN_POINT ( 'NONE',  ( -46.50000000000000000, 224.1798123321449907, -62.67981233214437964 ) ) ;
#2257 = DIRECTION ( 'NONE',  ( -1.000000000000000000, -2.111744996378413700E-16, -3.491481338843133750E-15 ) ) ;
#2258 = ORIENTED_EDGE ( 'NONE', *, *, #3641, .T. ) ;
#2259 = ORIENTED_EDGE ( 'NONE', *, *, #820, .F. ) ;
#2260 = CARTESIAN_POINT ( 'NONE',  ( -73.50000000000000000, 221.4928065636361509, -69.89230150024717148 ) ) ;
#2261 = EDGE_LOOP ( 'NONE', ( #883, #1695, #401, #762 ) ) ;
#2262 = AXIS2_PLACEMENT_3D ( 'NONE', #537, #1712, #2961 ) ;
#2263 = FACE_OUTER_BOUND ( 'NONE', #3210, .T. ) ;
#2264 = CARTESIAN_POINT ( 'NONE',  ( -115.9999999999999716, 164.7928932188134752, -3.292893218813472522 ) ) ;
#2265 = CIRCLE ( 'NONE', #859, 3.199999999999994849 ) ;
#2266 = CARTESIAN_POINT ( 'NONE',  ( 112.2617478843592806, 163.9955870876025017, -3.026027323331762275 ) ) ;
#2267 = ORIENTED_EDGE ( 'NONE', *, *, #3206, .T. ) ;
#2268 = DIRECTION ( 'NONE',  ( -0.000000000000000000, 0.7071067811865437980, 0.7071067811865513475 ) ) ;
#2269 = ORIENTED_EDGE ( 'NONE', *, *, #1109, .F. ) ;
#2270 = CARTESIAN_POINT ( 'NONE',  ( -20.00000000000000000, 229.3770471738661456, -67.87704717386547770 ) ) ;
#2271 = AXIS2_PLACEMENT_3D ( 'NONE', #1771, #600, #3619 ) ;
#2272 = EDGE_CURVE ( 'NONE', #3175, #1130, #2434, .T. ) ;
#2273 = CARTESIAN_POINT ( 'NONE',  ( 116.0000000000001137, 147.3902614049299586, -43.00000000000001421 ) ) ;
#2274 = DIRECTION ( 'NONE',  ( -0.000000000000000000, 0.7071067811865437980, 0.7071067811865513475 ) ) ;
#2275 = VERTEX_POINT ( 'NONE', #3272 ) ;
#2276 = AXIS2_PLACEMENT_3D ( 'NONE', #1426, #3535, #1383 ) ;
#2277 = EDGE_CURVE ( 'NONE', #1950, #3253, #1871, .T. ) ;
#2278 = ADVANCED_FACE ( 'NONE', ( #308 ), #2389, .F. ) ;
#2279 = VECTOR ( 'NONE', #2906, 1000.000000000000000 ) ;
#2280 = DIRECTION ( 'NONE',  ( -3.414951097637209934E-15, 0.7071067811865437980, 0.7071067811865513475 ) ) ;
#2281 = ORIENTED_EDGE ( 'NONE', *, *, #1698, .T. ) ;
#2282 = ORIENTED_EDGE ( 'NONE', *, *, #1668, .T. ) ;
#2283 = EDGE_CURVE ( 'NONE', #1395, #106, #982, .T. ) ;
#2284 = CARTESIAN_POINT ( 'NONE',  ( -51.49999999999999289, 222.1292026667040034, -56.38656197958409422 ) ) ;
#2285 = CARTESIAN_POINT ( 'NONE',  ( -112.9696999999999747, 163.5445903374807415, -4.000000000000031086 ) ) ;
#2286 = CARTESIAN_POINT ( 'NONE',  ( -79.99999999999998579, 0.000000000000000000, -3.000000000000000000 ) ) ;
#2287 = ORIENTED_EDGE ( 'NONE', *, *, #1449, .F. ) ;
#2288 = ADVANCED_FACE ( 'NONE', ( #3049 ), #2713, .F. ) ;
#2289 = CIRCLE ( 'NONE', #2093, 1.249999999999973355 ) ;
#2290 = LOCAL_TIME ( 20, 44, 46.00000000000000000, #1194 ) ;
#2291 = CARTESIAN_POINT ( 'NONE',  ( 116.0000000000004547, 135.4999999999999432, -31.75000000000095213 ) ) ;
#2292 = ORIENTED_EDGE ( 'NONE', *, *, #2744, .T. ) ;
#2293 = DIRECTION ( 'NONE',  ( -1.000000000000000000, -2.453269466693385605E-15, -2.453269466693411243E-15 ) ) ;
#2294 = CARTESIAN_POINT ( 'NONE',  ( -78.75000000000001421, 120.0000000000000000, 0.000000000000000000 ) ) ;
#2295 = EDGE_CURVE ( 'NONE', #1190, #328, #2732, .T. ) ;
#2296 = LINE ( 'NONE', #2838, #3172 ) ;
#2297 = CARTESIAN_POINT ( 'NONE',  ( -116.0000000000000711, -114.5000000000000284, -34.24999999999993605 ) ) ;
#2298 = ORIENTED_EDGE ( 'NONE', *, *, #540, .T. ) ;
#2299 = VECTOR ( 'NONE', #1620, 1000.000000000000000 ) ;
#2300 = CARTESIAN_POINT ( 'NONE',  ( -115.9999999999999716, 164.0857864376269220, -3.000000000000026201 ) ) ;
#2301 = ORIENTED_EDGE ( 'NONE', *, *, #3276, .T. ) ;
#2302 = EDGE_LOOP ( 'NONE', ( #1139, #1500, #1643, #2109 ) ) ;
#2303 = FACE_BOUND ( 'NONE', #2763, .T. ) ;
#2304 = AXIS2_PLACEMENT_3D ( 'NONE', #3548, #2970, #2696 ) ;
#2305 = FACE_OUTER_BOUND ( 'NONE', #2051, .T. ) ;
#2306 = CARTESIAN_POINT ( 'NONE',  ( -116.0000000000000711, -114.5000000000000284, -33.00000000000000711 ) ) ;
#2307 = EDGE_LOOP ( 'NONE', ( #1629, #928 ) ) ;
#2308 = AXIS2_PLACEMENT_3D ( 'NONE', #2503, #3416, #1649 ) ;
#2309 = CARTESIAN_POINT ( 'NONE',  ( 116.0000000000000284, -164.5000000000000284, 2.987854857238748023E-13 ) ) ;
#2310 = VERTEX_POINT ( 'NONE', #3860 ) ;
#2311 = DIRECTION ( 'NONE',  ( 0.000000000000000000, 0.000000000000000000, 1.000000000000000000 ) ) ;
#2312 = CARTESIAN_POINT ( 'NONE',  ( -81.24999999999995737, -120.0000000000000000, 0.000000000000000000 ) ) ;
#2313 = VECTOR ( 'NONE', #475, 1000.000000000000000 ) ;
#2314 = DIRECTION ( 'NONE',  ( 1.387778780781477861E-14, -0.7071067811865336949, -0.7071067811865614505 ) ) ;
#2315 = CARTESIAN_POINT ( 'NONE',  ( 113.0000000000000568, 189.0735931288074596, -68.75000000000088107 ) ) ;
#2316 = ORIENTED_EDGE ( 'NONE', *, *, #3345, .F. ) ;
#2317 = EDGE_CURVE ( 'NONE', #850, #1033, #601, .T. ) ;
#2318 = DIRECTION ( 'NONE',  ( 0.000000000000000000, 0.000000000000000000, 1.000000000000000000 ) ) ;
#2319 = ORIENTED_EDGE ( 'NONE', *, *, #454, .T. ) ;
#2320 = ORIENTED_EDGE ( 'NONE', *, *, #3634, .T. ) ;
#2321 = CARTESIAN_POINT ( 'NONE',  ( 74.50000000000001421, 227.4325035256031242, -61.68986283848317242 ) ) ;
#2322 = CARTESIAN_POINT ( 'NONE',  ( -112.7754369370734935, 163.7700887125416500, -3.404074045640354651 ) ) ;
#2323 = EDGE_CURVE ( 'NONE', #2199, #3903, #2354, .T. ) ;
#2324 = DIRECTION ( 'NONE',  ( -0.000000000000000000, 0.000000000000000000, 1.000000000000000000 ) ) ;
#2325 = ORIENTED_EDGE ( 'NONE', *, *, #3818, .T. ) ;
#2326 = DIRECTION ( 'NONE',  ( -0.000000000000000000, 0.000000000000000000, 1.000000000000000000 ) ) ;
#2327 = ADVANCED_FACE ( 'NONE', ( #2056 ), #2137, .F. ) ;
#2328 = ORIENTED_EDGE ( 'NONE', *, *, #156, .F. ) ;
#2329 = DIRECTION ( 'NONE',  ( -1.000000000000000000, 2.811001331764280642E-31, 3.391901413832836801E-15 ) ) ;
#2330 = DIRECTION ( 'NONE',  ( -0.000000000000000000, -0.000000000000000000, 1.000000000000000000 ) ) ;
#2331 = CARTESIAN_POINT ( 'NONE',  ( 115.9999999999999716, 163.5445903374807131, -4.000000000000027534 ) ) ;
#2332 = CARTESIAN_POINT ( 'NONE',  ( 1.387778780781445676E-14, 120.0000000000000000, 0.000000000000000000 ) ) ;
#2333 = ORIENTED_EDGE ( 'NONE', *, *, #425, .T. ) ;
#2334 = CARTESIAN_POINT ( 'NONE',  ( 116.0000000000001137, 225.3111831820437487, -120.3797256769666006 ) ) ;
#2335 = EDGE_LOOP ( 'NONE', ( #2292, #2037, #1218, #1671 ) ) ;
#2336 = ORIENTED_EDGE ( 'NONE', *, *, #2887, .T. ) ;
#2337 = DIRECTION ( 'NONE',  ( 0.000000000000000000, 0.7071067811865441310, 0.7071067811865507924 ) ) ;
#2338 = VECTOR ( 'NONE', #1897, 1000.000000000000000 ) ;
#2339 = CARTESIAN_POINT ( 'NONE',  ( -114.4766232814989309, 163.8602880625660134, -0.7773426251353884320 ) ) ;
#2340 = CARTESIAN_POINT ( 'NONE',  ( -112.5219866587633248, 164.8442472756482857, -3.496661450222142253 ) ) ;
#2341 = ORIENTED_EDGE ( 'NONE', *, *, #1064, .F. ) ;
#2342 = DIRECTION ( 'NONE',  ( -3.469446951953614189E-15, 0.7071067811865436870, 0.7071067811865513475 ) ) ;
#2343 = B_SPLINE_SURFACE_WITH_KNOTS ( 'NONE', 1, 3, ( 
 ( #276, #1254, #2465, #870, #300, #596, #3000, #3021, #3929, #3677 ),
 ( #1872, #954, #2169, #3376, #1332, #1568, #2847, #719, #105, #2806 ),
 ( #1949, #1297, #2266, #1931, #123, #973, #2786, #2505, #2228, #3397 ),
 ( #1315, #3166, #3147, #1614, #64, #3183, #2543, #1271, #1965, #996 ) ),
 .UNSPECIFIED., .F., .F., .F.,
 ( 2, 1, 1, 2 ),
 ( 4, 2, 2, 2, 4 ),
 ( -0.01000000000000000021, 0.000000000000000000, 1.000000000000000000, 1.010099999999999998 ),
 ( 0.000000000000000000, 0.2500000000000000000, 0.5000000000000000000, 0.7500000000000000000, 1.000000000000000000 ),
 .UNSPECIFIED. ) ;
#2344 = CARTESIAN_POINT ( 'NONE',  ( -51.50000000000000000, 230.6144840409426138, -69.11448404094193165 ) ) ;
#2345 = VERTEX_POINT ( 'NONE', #1535 ) ;
#2346 = CARTESIAN_POINT ( 'NONE',  ( -112.9999999999999574, 3.240183207327102581E-29, 4.024558464266190944E-13 ) ) ;
#2347 = CARTESIAN_POINT ( 'NONE',  ( 116.0000000000001847, -164.5000000000000284, -42.99999999999999289 ) ) ;
#2348 = EDGE_CURVE ( 'NONE', #2242, #1316, #265, .T. ) ;
#2349 = CIRCLE ( 'NONE', #885, 1.599999999999992317 ) ;
#2350 = DIRECTION ( 'NONE',  ( 1.000000000000000000, 0.000000000000000000, 0.000000000000000000 ) ) ;
#2351 = DIRECTION ( 'NONE',  ( -0.000000000000000000, -1.000000000000000000, -0.000000000000000000 ) ) ;
#2352 = ORIENTED_EDGE ( 'NONE', *, *, #3243, .T. ) ;
#2353 = EDGE_CURVE ( 'NONE', #2375, #508, #1220, .T. ) ;
#2354 = LINE ( 'NONE', #3603, #1232 ) ;
#2355 = ORIENTED_EDGE ( 'NONE', *, *, #1109, .T. ) ;
#2356 = ORIENTED_EDGE ( 'NONE', *, *, #206, .F. ) ;
#2357 = LINE ( 'NONE', #2099, #2100 ) ;
#2358 = EDGE_CURVE ( 'NONE', #1586, #986, #26, .T. ) ;
#2359 = CARTESIAN_POINT ( 'NONE',  ( -20.00000000000000000, 227.4325035256031242, -61.68986283848317242 ) ) ;
#2360 = ORIENTED_EDGE ( 'NONE', *, *, #177, .T. ) ;
#2361 = ADVANCED_FACE ( 'NONE', ( #3916 ), #881, .F. ) ;
#2362 = PLANE ( 'NONE',  #3324 ) ;
#2363 = ORIENTED_EDGE ( 'NONE', *, *, #287, .T. ) ;
#2364 = CYLINDRICAL_SURFACE ( 'NONE', #2954, 1.600000000000002309 ) ;
#2365 = CARTESIAN_POINT ( 'NONE',  ( -115.9999999999999716, 163.5445903374807415, -4.000000000000021316 ) ) ;
#2366 = CIRCLE ( 'NONE', #838, 1.600000000000002309 ) ;
#2367 = DIRECTION ( 'NONE',  ( 0.000000000000000000, 0.000000000000000000, 1.000000000000000000 ) ) ;
#2368 = CARTESIAN_POINT ( 'NONE',  ( -116.0000000000000853, 135.4999999999999432, -31.75000000000009237 ) ) ;
#2369 = EDGE_LOOP ( 'NONE', ( #781, #997, #3900, #3862 ) ) ;
#2370 = EDGE_CURVE ( 'NONE', #2660, #3013, #2574, .T. ) ;
#2371 = VECTOR ( 'NONE', #780, 999.9999999999998863 ) ;
#2372 = VECTOR ( 'NONE', #169, 1000.000000000000000 ) ;
#2373 = DIRECTION ( 'NONE',  ( 0.000000000000000000, -0.7071067811865509034, 0.7071067811865442421 ) ) ;
#2374 = ORIENTED_EDGE ( 'NONE', *, *, #1150, .T. ) ;
#2375 = VERTEX_POINT ( 'NONE', #3584 ) ;
#2376 = DIRECTION ( 'NONE',  ( 1.000000000000000000, 0.000000000000000000, 0.000000000000000000 ) ) ;
#2377 = CARTESIAN_POINT ( 'NONE',  ( -112.5219866587632680, 163.9053877375781951, -3.107773096390214373 ) ) ;
#2378 = EDGE_LOOP ( 'NONE', ( #1063, #1728, #194, #1344 ) ) ;
#2379 = DIRECTION ( 'NONE',  ( 0.000000000000000000, 0.000000000000000000, 1.000000000000000000 ) ) ;
#2380 = DIRECTION ( 'NONE',  ( 0.000000000000000000, 0.000000000000000000, 1.000000000000000000 ) ) ;
#2381 = CARTESIAN_POINT ( 'NONE',  ( -116.0000000000001137, 147.3902614049299871, -43.00000000000001421 ) ) ;
#2382 = CARTESIAN_POINT ( 'NONE',  ( 34.50000000000000000, 224.1798123321449907, -62.67981233214437964 ) ) ;
#2383 = CARTESIAN_POINT ( 'NONE',  ( 112.8922269036097958, 164.7100090319707704, -3.886021982143008202 ) ) ;
#2384 = AXIS2_PLACEMENT_3D ( 'NONE', #2415, #2096, #3625 ) ;
#2385 = DIRECTION ( 'NONE',  ( 0.000000000000000000, 0.7071067811865437980, 0.7071067811865513475 ) ) ;
#2386 = CARTESIAN_POINT ( 'NONE',  ( 45.50000000000000000, 220.3614357137376771, -68.76093065034868346 ) ) ;
#2387 = DIRECTION ( 'NONE',  ( 1.000000000000000000, 0.000000000000000000, 0.000000000000000000 ) ) ;
#2388 = ORIENTED_EDGE ( 'NONE', *, *, #1690, .T. ) ;
#2389 = CYLINDRICAL_SURFACE ( 'NONE', #788, 1.600000000000002309 ) ;
#2390 = EDGE_LOOP ( 'NONE', ( #1155, #2723, #2417, #3274 ) ) ;
#2391 = EDGE_LOOP ( 'NONE', ( #54, #2187 ) ) ;
#2392 = CARTESIAN_POINT ( 'NONE',  ( -113.0000000000000711, -134.5000000000000284, -33.00000000000001421 ) ) ;
#2393 = EDGE_CURVE ( 'NONE', #1033, #75, #2118, .T. ) ;
#2394 = AXIS2_PLACEMENT_3D ( 'NONE', #917, #2133, #3342 ) ;
#2395 = CARTESIAN_POINT ( 'NONE',  ( -1.249999999999978906, 1.530808498934165686E-16, -3.000000000000000000 ) ) ;
#2396 = EDGE_LOOP ( 'NONE', ( #3571, #3605 ) ) ;
#2397 = ADVANCED_FACE ( 'NONE', ( #1797 ), #3012, .F. ) ;
#2398 = CARTESIAN_POINT ( 'NONE',  ( -51.50000000000000000, 225.6647365726367980, -74.06423150924779009 ) ) ;
#2399 = EDGE_CURVE ( 'NONE', #1018, #1059, #3031, .T. ) ;
#2400 = DIRECTION ( 'NONE',  ( 1.000000000000000000, 0.000000000000000000, 0.000000000000000000 ) ) ;
#2401 = VECTOR ( 'NONE', #779, 1000.000000000000000 ) ;
#2402 = EDGE_CURVE ( 'NONE', #1316, #3175, #2512, .T. ) ;
#2403 = LINE ( 'NONE', #1487, #1415 ) ;
#2404 = FACE_OUTER_BOUND ( 'NONE', #536, .T. ) ;
#2405 = EDGE_LOOP ( 'NONE', ( #2912, #1581, #3515, #271 ) ) ;
#2406 = FACE_OUTER_BOUND ( 'NONE', #644, .T. ) ;
#2407 = AXIS2_PLACEMENT_3D ( 'NONE', #1176, #3542, #2367 ) ;
#2408 = DIRECTION ( 'NONE',  ( 0.000000000000000000, 0.000000000000000000, 1.000000000000000000 ) ) ;
#2409 = PERSON_AND_ORGANIZATION ( #3282, #2469 ) ;
#2410 = CARTESIAN_POINT ( 'NONE',  ( -51.49999999999999289, 215.0581348548385563, -63.45762979144961236 ) ) ;
#2411 = ORIENTED_EDGE ( 'NONE', *, *, #3518, .F. ) ;
#2412 = EDGE_CURVE ( 'NONE', #1787, #2485, #3707, .T. ) ;
#2413 = AXIS2_PLACEMENT_3D ( 'NONE', #933, #1189, #1233 ) ;
#2414 = DIRECTION ( 'NONE',  ( 1.000000000000000000, 0.000000000000000000, 0.000000000000000000 ) ) ;
#2415 = CARTESIAN_POINT ( 'NONE',  ( 111.9999999999999574, 164.0857864376269504, -4.000000000000031086 ) ) ;
#2416 = ORIENTED_EDGE ( 'NONE', *, *, #741, .T. ) ;
#2417 = ORIENTED_EDGE ( 'NONE', *, *, #2561, .T. ) ;
#2418 = LINE ( 'NONE', #3628, #3262 ) ;
#2419 = VECTOR ( 'NONE', #1330, 1000.000000000000000 ) ;
#2420 = CYLINDRICAL_SURFACE ( 'NONE', #3516, 1.600000000000002309 ) ;
#2421 = VERTEX_POINT ( 'NONE', #159 ) ;
#2422 = CYLINDRICAL_SURFACE ( 'NONE', #3569, 1.249999999999917843 ) ;
#2423 = VECTOR ( 'NONE', #424, 1000.000000000000000 ) ;
#2424 = CARTESIAN_POINT ( 'NONE',  ( -116.0000000000000284, 164.8068803831273215, -3.980480932392547633 ) ) ;
#2425 = CARTESIAN_POINT ( 'NONE',  ( 52.00000000000002842, 228.8467170879762023, -67.34671708797556278 ) ) ;
#2426 = CARTESIAN_POINT ( 'NONE',  ( -79.99999999999998579, 120.0000000000000000, 1.402220585023716934E-15 ) ) ;
#2427 = ORIENTED_EDGE ( 'NONE', *, *, #1287, .F. ) ;
#2428 = DIRECTION ( 'NONE',  ( -0.000000000000000000, 0.000000000000000000, 1.000000000000000000 ) ) ;
#2429 = CARTESIAN_POINT ( 'NONE',  ( -113.0000000000000711, 135.4999999999999432, -33.00000000000002132 ) ) ;
#2430 = PERSON_AND_ORGANIZATION ( #3282, #2469 ) ;
#2431 = DIRECTION ( 'NONE',  ( 1.000000000000000000, 0.000000000000000000, 0.000000000000000000 ) ) ;
#2432 = EDGE_LOOP ( 'NONE', ( #76, #1980 ) ) ;
#2433 = CARTESIAN_POINT ( 'NONE',  ( -68.50000000000000000, 230.6144840409426138, -69.11448404094193165 ) ) ;
#2434 = LINE ( 'NONE', #1839, #1303 ) ;
#2435 = EDGE_LOOP ( 'NONE', ( #1642, #2159 ) ) ;
#2436 = ORIENTED_EDGE ( 'NONE', *, *, #1869, .T. ) ;
#2437 = CARTESIAN_POINT ( 'NONE',  ( -79.99999999999998579, 120.0000000000000000, -3.000000000000000000 ) ) ;
#2438 = VECTOR ( 'NONE', #98, 1000.000000000000000 ) ;
#2439 = AXIS2_PLACEMENT_3D ( 'NONE', #270, #2125, #948 ) ;
#2440 = DIRECTION ( 'NONE',  ( 0.000000000000000000, -1.000000000000000000, 0.000000000000000000 ) ) ;
#2441 = ORIENTED_EDGE ( 'NONE', *, *, #2353, .T. ) ;
#2442 = DIRECTION ( 'NONE',  ( 0.000000000000000000, 0.7071067811865437980, 0.7071067811865513475 ) ) ;
#2443 = CARTESIAN_POINT ( 'NONE',  ( -111.9999999999999858, 164.7928932188135036, -3.292893218813465861 ) ) ;
#2444 = ADVANCED_FACE ( 'NONE', ( #2177, #2473 ), #1372, .T. ) ;
#2445 = ADVANCED_FACE ( 'NONE', ( #757, #458, #2886, #984, #2584, #1602, #775, #1855, #1076, #3406, #3688, #3792, #2754, #685 ), #3500, .F. ) ;
#2446 = CARTESIAN_POINT ( 'NONE',  ( -1.249999999999973355, 120.0000000000000000, 1.402220585023716934E-15 ) ) ;
#2447 = DIRECTION ( 'NONE',  ( -0.000000000000000000, -0.000000000000000000, 1.000000000000000000 ) ) ;
#2448 = ORIENTED_EDGE ( 'NONE', *, *, #1036, .T. ) ;
#2449 = CARTESIAN_POINT ( 'NONE',  ( -79.99999999999998579, 0.000000000000000000, 1.402220585023716934E-15 ) ) ;
#2450 = DIRECTION ( 'NONE',  ( -0.000000000000000000, -0.000000000000000000, 1.000000000000000000 ) ) ;
#2451 = EDGE_CURVE ( 'NONE', #2485, #3156, #1313, .T. ) ;
#2452 = CARTESIAN_POINT ( 'NONE',  ( -116.0000000000000711, -114.5000000000000284, -34.24999999999999289 ) ) ;
#2453 = CARTESIAN_POINT ( 'NONE',  ( 114.4581868798996283, 163.8602880625659850, -0.8013326304073230544 ) ) ;
#2454 = ADVANCED_FACE ( 'NONE', ( #1898 ), #94, .F. ) ;
#2455 = DIRECTION ( 'NONE',  ( 0.000000000000000000, -0.7071067811865512365, 0.7071067811865439090 ) ) ;
#2456 = DIRECTION ( 'NONE',  ( -0.000000000000000000, -1.000000000000000000, -0.000000000000000000 ) ) ;
#2457 = ORIENTED_EDGE ( 'NONE', *, *, #336, .T. ) ;
#2458 = VERTEX_POINT ( 'NONE', #480 ) ;
#2459 = DIRECTION ( 'NONE',  ( -0.000000000000000000, -0.7071067811865437980, -0.7071067811865512365 ) ) ;
#2460 = CYLINDRICAL_SURFACE ( 'NONE', #2944, 0.9999999999999997780 ) ;
#2461 = ORIENTED_EDGE ( 'NONE', *, *, #1991, .F. ) ;
#2462 = LINE ( 'NONE', #2398, #782 ) ;
#2463 = CARTESIAN_POINT ( 'NONE',  ( -112.5036189803709021, 164.8312078622624597, -3.509700863607932320 ) ) ;
#2464 = LINE ( 'NONE', #3635, #1035 ) ;
#2465 = CARTESIAN_POINT ( 'NONE',  ( 113.0548439739678628, 163.9955870876025017, -0.07489011302676090720 ) ) ;
#2466 = VERTEX_POINT ( 'NONE', #29 ) ;
#2467 = DIRECTION ( 'NONE',  ( -0.000000000000000000, 1.000000000000000000, -0.000000000000000000 ) ) ;
#2468 = VECTOR ( 'NONE', #1004, 1000.000000000000000 ) ;
#2469 = ORGANIZATION ( '未', '未', '' ) ;
#2470 = PERSON_AND_ORGANIZATION_ROLE ( 'design_owner' ) ;
#2471 = LINE ( 'NONE', #3775, #1919 ) ;
#2472 = EDGE_CURVE ( 'NONE', #845, #1507, #1242, .T. ) ;
#2473 = FACE_OUTER_BOUND ( 'NONE', #1922, .T. ) ;
#2474 = ORIENTED_EDGE ( 'NONE', *, *, #1789, .F. ) ;
#2475 = DIRECTION ( 'NONE',  ( 0.000000000000000000, -0.7071067811865439090, -0.7071067811865512365 ) ) ;
#2476 = AXIS2_PLACEMENT_3D ( 'NONE', #3329, #3309, #640 ) ;
#2477 = DIRECTION ( 'NONE',  ( -1.000000000000000000, -2.111744996378410988E-16, -3.469446951953614189E-15 ) ) ;
#2478 = EDGE_CURVE ( 'NONE', #871, #592, #664, .T. ) ;
#2479 = AXIS2_PLACEMENT_3D ( 'NONE', #389, #1046, #3083 ) ;
#2480 = DIRECTION ( 'NONE',  ( 0.000000000000000000, 0.7071067811865437980, 0.7071067811865513475 ) ) ;
#2481 = ORIENTED_EDGE ( 'NONE', *, *, #3765, .T. ) ;
#2482 = FACE_OUTER_BOUND ( 'NONE', #1051, .T. ) ;
#2483 = FACE_BOUND ( 'NONE', #2435, .T. ) ;
#2484 = CARTESIAN_POINT ( 'NONE',  ( -116.0000000000002274, 189.0735931288074596, -71.24999999999998579 ) ) ;
#2485 = VERTEX_POINT ( 'NONE', #1005 ) ;
#2486 = DIRECTION ( 'NONE',  ( 1.000000000000000000, 0.000000000000000000, 0.000000000000000000 ) ) ;
#2487 = DIRECTION ( 'NONE',  ( 0.000000000000000000, -0.7071067811865507924, 0.7071067811865441310 ) ) ;
#2488 = DATE_AND_TIME ( #3026, #879 ) ;
#2489 = LINE ( 'NONE', #1877, #1404 ) ;
#2490 = ADVANCED_FACE ( 'NONE', ( #3092 ), #368, .T. ) ;
#2491 = PLANE ( 'NONE',  #2789 ) ;
#2492 = CARTESIAN_POINT ( 'NONE',  ( 116.0000000000001847, -164.5000000000000000, -42.99999999999999289 ) ) ;
#2493 = ORIENTED_EDGE ( 'NONE', *, *, #1987, .T. ) ;
#2494 = EDGE_LOOP ( 'NONE', ( #2474, #3078, #464, #1798 ) ) ;
#2495 = AXIS2_PLACEMENT_3D ( 'NONE', #2864, #3375, #435 ) ;
#2496 = ADVANCED_FACE ( 'NONE', ( #1972 ), #349, .T. ) ;
#2497 = FACE_BOUND ( 'NONE', #3752, .T. ) ;
#2498 = AXIS2_PLACEMENT_3D ( 'NONE', #1235, #1552, #361 ) ;
#2499 = DIRECTION ( 'NONE',  ( 3.491481338843133355E-15, 8.446979985513632612E-17, 1.000000000000000000 ) ) ;
#2500 = VERTEX_POINT ( 'NONE', #2796 ) ;
#2501 = CARTESIAN_POINT ( 'NONE',  ( 1.249999999999992895, -120.0000000000000000, -3.000000000000000000 ) ) ;
#2502 = CARTESIAN_POINT ( 'NONE',  ( -111.9999999999999858, 164.7714678833435471, -3.314318554283418372 ) ) ;
#2503 = CARTESIAN_POINT ( 'NONE',  ( 45.50000000000000000, 227.4325035256031242, -61.68986283848317242 ) ) ;
#2504 = AXIS2_PLACEMENT_3D ( 'NONE', #431, #2499, #648 ) ;
#2505 = CARTESIAN_POINT ( 'NONE',  ( 112.9739726766682963, 163.6347896875050765, -3.738252115640761541 ) ) ;
#2506 = EDGE_LOOP ( 'NONE', ( #237, #1885, #2965, #3 ) ) ;
#2507 = DIRECTION ( 'NONE',  ( 0.000000000000000000, 0.000000000000000000, 1.000000000000000000 ) ) ;
#2508 = ORIENTED_EDGE ( 'NONE', *, *, #450, .F. ) ;
#2509 = DIRECTION ( 'NONE',  ( 1.000000000000000000, -2.811001331764280642E-31, -3.491481338843133355E-15 ) ) ;
#2510 = CARTESIAN_POINT ( 'NONE',  ( 52.00000000000003553, 216.8259018078049110, -65.22539674441598834 ) ) ;
#2511 = DIRECTION ( 'NONE',  ( -0.000000000000000000, 0.7071067811865437980, 0.7071067811865513475 ) ) ;
#2512 = LINE ( 'NONE', #53, #3088 ) ;
#2513 = ORIENTED_EDGE ( 'NONE', *, *, #413, .T. ) ;
#2514 = EDGE_LOOP ( 'NONE', ( #3479, #739, #2534, #1466 ) ) ;
#2515 = DIRECTION ( 'NONE',  ( -2.453269466693411637E-15, 0.000000000000000000, -1.000000000000000000 ) ) ;
#2516 = DIRECTION ( 'NONE',  ( 1.000000000000000000, 0.000000000000000000, 0.000000000000000000 ) ) ;
#2517 = ORIENTED_EDGE ( 'NONE', *, *, #2153, .T. ) ;
#2518 = DIRECTION ( 'NONE',  ( 1.000000000000000000, 0.000000000000000000, 0.000000000000000000 ) ) ;
#2519 = ORIENTED_EDGE ( 'NONE', *, *, #2295, .T. ) ;
#2520 = ADVANCED_FACE ( 'NONE', ( #74 ), #1282, .F. ) ;
#2521 = LINE ( 'NONE', #2863, #3436 ) ;
#2522 = ADVANCED_FACE ( 'NONE', ( #2066 ), #3523, .T. ) ;
#2523 = LINE ( 'NONE', #696, #971 ) ;
#2524 = PLANE ( 'NONE',  #763 ) ;
#2525 = EDGE_LOOP ( 'NONE', ( #439, #608, #3637, #3104 ) ) ;
#2526 = ADVANCED_FACE ( 'NONE', ( #517 ), #1768, .F. ) ;
#2527 = CARTESIAN_POINT ( 'NONE',  ( -115.9999999999999716, 164.0857864376269220, -4.000000000000023981 ) ) ;
#2528 = ADVANCED_FACE ( 'NONE', ( #3597 ), #2364, .F. ) ;
#2529 = ORIENTED_EDGE ( 'NONE', *, *, #947, .F. ) ;
#2530 = CARTESIAN_POINT ( 'NONE',  ( 112.0000000000000284, 164.0857864376268935, -2.775557561562891351E-14 ) ) ;
#2531 = LINE ( 'NONE', #1304, #2083 ) ;
#2532 = ORIENTED_EDGE ( 'NONE', *, *, #3645, .T. ) ;
#2533 = EDGE_CURVE ( 'NONE', #1787, #1227, #295, .T. ) ;
#2534 = ORIENTED_EDGE ( 'NONE', *, *, #3927, .T. ) ;
#2535 = DIRECTION ( 'NONE',  ( 0.000000000000000000, -0.7071067811865436870, -0.7071067811865513475 ) ) ;
#2536 = EDGE_CURVE ( 'NONE', #2058, #1971, #796, .T. ) ;
#2537 = DIRECTION ( 'NONE',  ( 1.000000000000000000, 0.000000000000000000, 0.000000000000000000 ) ) ;
#2538 = ORIENTED_EDGE ( 'NONE', *, *, #1920, .F. ) ;
#2539 = ORIENTED_EDGE ( 'NONE', *, *, #3270, .T. ) ;
#2540 = DIRECTION ( 'NONE',  ( -1.000000000000000000, 0.000000000000000000, 0.000000000000000000 ) ) ;
#2541 = AXIS2_PLACEMENT_3D ( 'NONE', #2359, #528, #152 ) ;
#2542 = DIRECTION ( 'NONE',  ( -0.000000000000000000, -0.000000000000000000, 1.000000000000000000 ) ) ;
#2543 = CARTESIAN_POINT ( 'NONE',  ( 112.8473106607871017, 163.7249890375294399, -3.511640674734390899 ) ) ;
#2544 = EDGE_LOOP ( 'NONE', ( #391, #3033, #1298, #2336 ) ) ;
#2545 = VERTEX_POINT ( 'NONE', #2941 ) ;
#2546 = CARTESIAN_POINT ( 'NONE',  ( -113.0000000000000853, 189.0735931288074596, -70.00000000000001421 ) ) ;
#2547 = CARTESIAN_POINT ( 'NONE',  ( 5.467169244588278470E-13, 166.9142135623727370, -1.171572875253448665 ) ) ;
#2548 = CARTESIAN_POINT ( 'NONE',  ( 81.25000000000000000, -120.0000000000000000, 1.402220585023716934E-15 ) ) ;
#2549 = EDGE_LOOP ( 'NONE', ( #2363, #2898, #785, #3449 ) ) ;
#2550 = ORIENTED_EDGE ( 'NONE', *, *, #246, .T. ) ;
#2551 = CIRCLE ( 'NONE', #3065, 1.249999999999973355 ) ;
#2552 = CARTESIAN_POINT ( 'NONE',  ( -115.8958907066733133, 165.1450241138977617, -3.578568044337713694 ) ) ;
#2553 = ORIENTED_EDGE ( 'NONE', *, *, #529, .F. ) ;
#2554 = CARTESIAN_POINT ( 'NONE',  ( 112.0000000000000142, -164.5000000000000284, -4.000000000000041744 ) ) ;
#2555 = CARTESIAN_POINT ( 'NONE',  ( 113.0000000000000568, 189.0735931288074596, -70.00000000000079581 ) ) ;
#2556 = AXIS2_PLACEMENT_3D ( 'NONE', #2527, #380, #3735 ) ;
#2557 = CARTESIAN_POINT ( 'NONE',  ( 115.9999999999999716, 164.0857864376269220, -3.000000000000026645 ) ) ;
#2558 = LINE ( 'NONE', #843, #507 ) ;
#2559 = ORIENTED_EDGE ( 'NONE', *, *, #3352, .F. ) ;
#2560 = EDGE_CURVE ( 'NONE', #328, #3409, #1135, .T. ) ;
#2561 = EDGE_CURVE ( 'NONE', #1512, #415, #993, .T. ) ;
#2562 = AXIS2_PLACEMENT_3D ( 'NONE', #1409, #2581, #793 ) ;
#2563 = CIRCLE ( 'NONE', #846, 1.249999999999987121 ) ;
#2564 = CIRCLE ( 'NONE', #2439, 3.199999999999994849 ) ;
#2565 = ORIENTED_EDGE ( 'NONE', *, *, #1403, .T. ) ;
#2566 = ADVANCED_FACE ( 'NONE', ( #221, #2680, #496, #3540 ), #3287, .T. ) ;
#2567 = EDGE_CURVE ( 'NONE', #1423, #1462, #483, .T. ) ;
#2568 = DIRECTION ( 'NONE',  ( 1.000000000000000000, -3.252606517456521979E-15, 3.252606517456487664E-15 ) ) ;
#2569 = EDGE_CURVE ( 'NONE', #3175, #3741, #3815, .T. ) ;
#2570 = EDGE_LOOP ( 'NONE', ( #3718, #2073, #2931, #1008 ) ) ;
#2571 = ADVANCED_FACE ( 'NONE', ( #3246 ), #832, .T. ) ;
#2572 = DIRECTION ( 'NONE',  ( -6.938893903907247310E-15, -1.000000000000000000, 0.000000000000000000 ) ) ;
#2573 = EDGE_LOOP ( 'NONE', ( #3888, #3124, #228, #2920 ) ) ;
#2574 = CIRCLE ( 'NONE', #799, 3.199999999999994849 ) ;
#2575 = ORIENTED_EDGE ( 'NONE', *, *, #1832, .F. ) ;
#2576 = DIRECTION ( 'NONE',  ( -0.000000000000000000, 0.7071067811865437980, 0.7071067811865513475 ) ) ;
#2577 = CARTESIAN_POINT ( 'NONE',  ( -112.5036189803708879, 163.9053877375781667, -3.126213611645769053 ) ) ;
#2578 = DIRECTION ( 'NONE',  ( 0.000000000000000000, -0.7071067811865519026, 0.7071067811865431318 ) ) ;
#2579 = EDGE_LOOP ( 'NONE', ( #923, #665, #2644, #666 ) ) ;
#2580 = DIRECTION ( 'NONE',  ( -1.000000000000000000, -0.000000000000000000, 3.469446951953614189E-15 ) ) ;
#2581 = DIRECTION ( 'NONE',  ( -3.491481338843133355E-15, 8.446979985513558656E-17, 1.000000000000000000 ) ) ;
#2582 = CARTESIAN_POINT ( 'NONE',  ( -113.0000000000001705, 141.9321326906299703, -58.79021429699513135 ) ) ;
#2583 = EDGE_LOOP ( 'NONE', ( #809, #3198, #691, #1794 ) ) ;
#2584 = FACE_BOUND ( 'NONE', #396, .T. ) ;
#2585 = CARTESIAN_POINT ( 'NONE',  ( 27.99999999999997868, 223.8969696196703580, -58.15432893255047020 ) ) ;
#2586 = CIRCLE ( 'NONE', #2394, 1.249999999999973355 ) ;
#2587 = CARTESIAN_POINT ( 'NONE',  ( 11.99999999999997868, 216.8259018078049110, -65.22539674441598834 ) ) ;
#2588 = DIRECTION ( 'NONE',  ( -0.000000000000000000, -0.7071067811865437980, -0.7071067811865512365 ) ) ;
#2589 = ORIENTED_EDGE ( 'NONE', *, *, #2209, .F. ) ;
#2590 = MANIFOLD_SOLID_BREP ( 'M3x0.5 \X2\87ba7eb95b54\X0\3', #2141 ) ;
#2591 = VECTOR ( 'NONE', #743, 1000.000000000000000 ) ;
#2592 = CC_DESIGN_APPROVAL ( #3027, ( #3728 ) ) ;
#2593 = CARTESIAN_POINT ( 'NONE',  ( -90.00000000000000000, 227.4325035256030674, -61.68986283848314400 ) ) ;
#2594 = ORIENTED_EDGE ( 'NONE', *, *, #1979, .T. ) ;
#2595 = ORIENTED_EDGE ( 'NONE', *, *, #446, .T. ) ;
#2596 = CARTESIAN_POINT ( 'NONE',  ( -115.9999999999999716, 164.0857864376269220, -3.000000000000026201 ) ) ;
#2597 = LINE ( 'NONE', #2795, #1959 ) ;
#2598 = FACE_BOUND ( 'NONE', #1474, .T. ) ;
#2599 = ORIENTED_EDGE ( 'NONE', *, *, #3897, .F. ) ;
#2600 = AXIS2_PLACEMENT_3D ( 'NONE', #2889, #165, #2667 ) ;
#2601 = FACE_OUTER_BOUND ( 'NONE', #2655, .T. ) ;
#2602 = ORIENTED_EDGE ( 'NONE', *, *, #2061, .F. ) ;
#2603 = DIRECTION ( 'NONE',  ( 1.000000000000000000, 0.000000000000000000, 0.000000000000000000 ) ) ;
#2604 = DIRECTION ( 'NONE',  ( -3.469446951953614978E-15, -0.7071067811865436870, -0.7071067811865513475 ) ) ;
#2605 = VECTOR ( 'NONE', #3415, 1000.000000000000000 ) ;
#2606 = DIRECTION ( 'NONE',  ( 1.000000000000000000, 0.000000000000000000, 0.000000000000000000 ) ) ;
#2607 = CARTESIAN_POINT ( 'NONE',  ( 74.50000000000001421, 225.3111831820434645, -63.81118318204284634 ) ) ;
#2608 = ORIENTED_EDGE ( 'NONE', *, *, #92, .F. ) ;
#2609 = CIRCLE ( 'NONE', #1783, 1.249999999999973355 ) ;
#2610 = ADVANCED_FACE ( 'NONE', ( #1469 ), #3889, .F. ) ;
#2611 = CARTESIAN_POINT ( 'NONE',  ( 1.387778780781445676E-14, 120.0000000000000000, 1.402220585023716934E-15 ) ) ;
#2612 = ORIENTED_EDGE ( 'NONE', *, *, #460, .T. ) ;
#2613 = VERTEX_POINT ( 'NONE', #2012 ) ;
#2614 = CARTESIAN_POINT ( 'NONE',  ( 112.9999999999999716, 164.0857864376268935, -4.000000000000031086 ) ) ;
#2615 = ADVANCED_FACE ( 'NONE', ( #3227 ), #1094, .F. ) ;
#2616 = CARTESIAN_POINT ( 'NONE',  ( -113.0469915374371226, 163.9955870876025301, -0.1041092933267673548 ) ) ;
#2617 = CARTESIAN_POINT ( 'NONE',  ( -115.9999999999999716, 164.0857864376269220, -4.000000000000023981 ) ) ;
#2618 = ORIENTED_EDGE ( 'NONE', *, *, #1875, .T. ) ;
#2619 = VECTOR ( 'NONE', #2959, 1000.000000000000000 ) ;
#2620 = DIRECTION ( 'NONE',  ( 0.000000000000000000, 0.000000000000000000, 1.000000000000000000 ) ) ;
#2621 = ORIENTED_EDGE ( 'NONE', *, *, #3081, .F. ) ;
#2622 = CARTESIAN_POINT ( 'NONE',  ( 112.9999999999999574, 164.4684698699920489, -4.382683432365133136 ) ) ;
#2623 = DIRECTION ( 'NONE',  ( 0.000000000000000000, 0.7071067811865437980, 0.7071067811865513475 ) ) ;
#2624 = VECTOR ( 'NONE', #966, 1000.000000000000114 ) ;
#2625 = CARTESIAN_POINT ( 'NONE',  ( -113.0000000000001137, 225.3111831820437487, -120.3797256769666149 ) ) ;
#2626 = AXIS2_PLACEMENT_3D ( 'NONE', #3223, #770, #1724 ) ;
#2627 = DIRECTION ( 'NONE',  ( 0.000000000000000000, 0.7071067811865445751, 0.7071067811865505703 ) ) ;
#2628 = B_SPLINE_SURFACE_WITH_KNOTS ( 'NONE', 1, 3, ( 
 ( #2081, #272, #3301, #3318, #14, #950, #3056, #1228, #570, #632 ),
 ( #35, #1782, #3904, #1186, #2104, #3632, #593, #1804, #3018, #298 ),
 ( #1504, #2719, #3925, #1207, #908, #3729, #1962, #2243, #3179, #447 ),
 ( #60, #3455, #1291, #3433, #1345, #1311, #732, #3714, #2844, #970 ) ),
 .UNSPECIFIED., .F., .F., .F.,
 ( 2, 1, 1, 2 ),
 ( 4, 2, 2, 2, 4 ),
 ( -0.01000000000000000021, 0.000000000000000000, 1.000000000000000000, 1.010099999999999998 ),
 ( 0.000000000000000000, 0.2500000000000000000, 0.5000000000000000000, 0.7500000000000000000, 1.000000000000000000 ),
 .UNSPECIFIED. ) ;
#2629 = CYLINDRICAL_SURFACE ( 'NONE', #68, 1.249999999999917843 ) ;
#2630 = ORIENTED_EDGE ( 'NONE', *, *, #1984, .T. ) ;
#2631 = DESIGN_CONTEXT ( 'detailed design', #1843, 'design' ) ;
#2632 = CARTESIAN_POINT ( 'NONE',  ( 81.24999999999998579, 120.0000000000000000, 0.000000000000000000 ) ) ;
#2633 = VERTEX_POINT ( 'NONE', #238 ) ;
#2634 = ORIENTED_EDGE ( 'NONE', *, *, #674, .T. ) ;
#2635 = CARTESIAN_POINT ( 'NONE',  ( -20.00000000000000000, 221.2453191902207834, -59.74531919022021498 ) ) ;
#2636 = LINE ( 'NONE', #2557, #1835 ) ;
#2637 = AXIS2_PLACEMENT_3D ( 'NONE', #1389, #2045, #2311 ) ;
#2638 = ADVANCED_FACE ( 'NONE', ( #1811 ), #894, .F. ) ;
#2639 = DIRECTION ( 'NONE',  ( 1.000000000000000000, 2.451788122981419221E-15, 2.377682034138010941E-15 ) ) ;
#2640 = ORIENTED_EDGE ( 'NONE', *, *, #259, .F. ) ;
#2641 = FACE_OUTER_BOUND ( 'NONE', #2378, .T. ) ;
#2642 = VECTOR ( 'NONE', #3817, 1000.000000000000114 ) ;
#2643 = DIRECTION ( 'NONE',  ( -3.944304526105059903E-31, 0.7071067811865513475, -0.7071067811865437980 ) ) ;
#2644 = ORIENTED_EDGE ( 'NONE', *, *, #3277, .T. ) ;
#2645 = CARTESIAN_POINT ( 'NONE',  ( 115.9999999999999716, 164.7928932188134752, -3.292893218813486289 ) ) ;
#2646 = CARTESIAN_POINT ( 'NONE',  ( 68.00000000000002842, 223.8969696196704149, -72.29646455628142121 ) ) ;
#2647 = EDGE_CURVE ( 'NONE', #1227, #2908, #2171, .T. ) ;
#2648 = CARTESIAN_POINT ( 'NONE',  ( -113.0000000000003837, 2.845792581364337131E-13, 2.845792581364366918E-13 ) ) ;
#2649 = VECTOR ( 'NONE', #1268, 1000.000000000000000 ) ;
#2650 = CARTESIAN_POINT ( 'NONE',  ( 27.99999999999997868, 80.74999999999913314, 80.74999999999997158 ) ) ;
#2651 = ORIENTED_EDGE ( 'NONE', *, *, #3804, .F. ) ;
#2652 = EDGE_CURVE ( 'NONE', #2798, #153, #2707, .T. ) ;
#2653 = CARTESIAN_POINT ( 'NONE',  ( -113.0000000000000711, 135.4999999999999432, -31.75000000000010303 ) ) ;
#2654 = EDGE_LOOP ( 'NONE', ( #3220, #902, #2532, #3029 ) ) ;
#2655 = EDGE_LOOP ( 'NONE', ( #2974, #823, #604, #2857 ) ) ;
#2656 = CIRCLE ( 'NONE', #940, 1.249999999999931610 ) ;
#2657 = CARTESIAN_POINT ( 'NONE',  ( -115.9999999999999716, 164.7928932188134752, -3.292893218813472522 ) ) ;
#2658 = VECTOR ( 'NONE', #325, 1000.000000000000000 ) ;
#2659 = CARTESIAN_POINT ( 'NONE',  ( -111.9999999999999858, 164.7928932188134752, -3.292893218813472522 ) ) ;
#2660 = VERTEX_POINT ( 'NONE', #916 ) ;
#2661 = DIRECTION ( 'NONE',  ( -3.205351028043612059E-15, -0.3826834323650835090, -0.9238795325112892920 ) ) ;
#2662 = ORIENTED_EDGE ( 'NONE', *, *, #1668, .F. ) ;
#2663 = CARTESIAN_POINT ( 'NONE',  ( 80.00000000000001421, 0.000000000000000000, 0.000000000000000000 ) ) ;
#2664 = DIRECTION ( 'NONE',  ( 0.000000000000000000, 0.7071067811865441310, 0.7071067811865507924 ) ) ;
#2665 = VECTOR ( 'NONE', #1017, 999.9999999999998863 ) ;
#2666 = DIRECTION ( 'NONE',  ( -0.000000000000000000, -0.000000000000000000, 1.000000000000000000 ) ) ;
#2667 = DIRECTION ( 'NONE',  ( 1.000000000000000000, 0.000000000000000000, 0.000000000000000000 ) ) ;
#2668 = EDGE_LOOP ( 'NONE', ( #119, #744 ) ) ;
#2669 = CARTESIAN_POINT ( 'NONE',  ( -90.00000000000000000, 225.3111831820434361, -63.81118318204278950 ) ) ;
#2670 = ORIENTED_EDGE ( 'NONE', *, *, #2412, .T. ) ;
#2671 = VERTEX_POINT ( 'NONE', #3023 ) ;
#2672 = DIRECTION ( 'NONE',  ( -3.469446951953613794E-15, 0.000000000000000000, -1.000000000000000000 ) ) ;
#2673 = CARTESIAN_POINT ( 'NONE',  ( 74.50000000000001421, 221.4928065636361509, -69.89230150024717148 ) ) ;
#2674 = ORIENTED_EDGE ( 'NONE', *, *, #2860, .T. ) ;
#2675 = FACE_OUTER_BOUND ( 'NONE', #2143, .T. ) ;
#2676 = CIRCLE ( 'NONE', #773, 3.999999999999998224 ) ;
#2677 = CARTESIAN_POINT ( 'NONE',  ( 27.99999999999997868, 230.9680374315358620, -65.22539674441590307 ) ) ;
#2678 = CARTESIAN_POINT ( 'NONE',  ( -111.9999999999999858, 255.7167747730650831, -89.97413408594492523 ) ) ;
#2679 = VERTEX_POINT ( 'NONE', #1191 ) ;
#2680 = FACE_BOUND ( 'NONE', #3653, .T. ) ;
#2681 = AXIS2_PLACEMENT_3D ( 'NONE', #17, #932, #1231 ) ;
#2682 = EDGE_CURVE ( 'NONE', #2778, #3257, #3219, .T. ) ;
#2683 = DIRECTION ( 'NONE',  ( 1.000000000000000000, -2.793261385626813401E-31, -3.469446951953613794E-15 ) ) ;
#2684 = AXIS2_PLACEMENT_3D ( 'NONE', #1213, #1788, #657 ) ;
#2685 = FACE_OUTER_BOUND ( 'NONE', #864, .T. ) ;
#2686 = CYLINDRICAL_SURFACE ( 'NONE', #251, 1.249999999999924727 ) ;
#2687 = EDGE_CURVE ( 'NONE', #3555, #3109, #975, .T. ) ;
#2688 = EDGE_CURVE ( 'NONE', #3149, #2119, #1508, .T. ) ;
#2689 = VECTOR ( 'NONE', #2274, 1000.000000000000000 ) ;
#2690 = EDGE_CURVE ( 'NONE', #75, #990, #522, .T. ) ;
#2691 = VECTOR ( 'NONE', #3531, 999.9999999999998863 ) ;
#2692 = ADVANCED_FACE ( 'NONE', ( #1874 ), #43, .T. ) ;
#2693 = DIRECTION ( 'NONE',  ( -1.000000000000000000, -3.562698402898563276E-15, -1.394294057927544744E-15 ) ) ;
#2694 = VERTEX_POINT ( 'NONE', #3361 ) ;
#2695 = ORIENTED_EDGE ( 'NONE', *, *, #49, .F. ) ;
#2696 = DIRECTION ( 'NONE',  ( 0.000000000000000000, -0.7071067811865474617, 0.7071067811865474617 ) ) ;
#2697 = EDGE_CURVE ( 'NONE', #2679, #2074, #976, .T. ) ;
#2698 = DIRECTION ( 'NONE',  ( -5.916456789157590292E-31, -0.7071067811865513475, 0.7071067811865436870 ) ) ;
#2699 = VERTEX_POINT ( 'NONE', #3002 ) ;
#2700 = DIRECTION ( 'NONE',  ( -0.000000000000000000, 0.7071067811865437980, 0.7071067811865513475 ) ) ;
#2701 = LINE ( 'NONE', #2146, #905 ) ;
#2702 = DIRECTION ( 'NONE',  ( -0.000000000000000000, 0.7071067811865437980, 0.7071067811865513475 ) ) ;
#2703 = ORIENTED_EDGE ( 'NONE', *, *, #3113, .F. ) ;
#2704 = DIRECTION ( 'NONE',  ( 0.000000000000000000, 0.000000000000000000, 1.000000000000000000 ) ) ;
#2705 = DIRECTION ( 'NONE',  ( 0.000000000000000000, -0.7071067811865519026, 0.7071067811865431318 ) ) ;
#2706 = ADVANCED_FACE ( 'NONE', ( #1570 ), #2788, .F. ) ;
#2707 = CIRCLE ( 'NONE', #1883, 1.249999999999973355 ) ;
#2708 = DIRECTION ( 'NONE',  ( -2.111744996378408030E-16, 1.000000000000000000, -8.446979985513632612E-17 ) ) ;
#2709 = APPROVAL_STATUS ( 'not_yet_approved' ) ;
#2710 = DIRECTION ( 'NONE',  ( 3.276546970796260930E-15, -0.3826834323650907255, -0.9238795325112864054 ) ) ;
#2711 = ORIENTED_EDGE ( 'NONE', *, *, #3386, .T. ) ;
#2712 = LINE ( 'NONE', #1197, #372 ) ;
#2713 = CYLINDRICAL_SURFACE ( 'NONE', #3519, 1.599999999999992317 ) ;
#2714 = VERTEX_POINT ( 'NONE', #1490 ) ;
#2715 = EDGE_LOOP ( 'NONE', ( #1873, #101, #949, #1758 ) ) ;
#2716 = CARTESIAN_POINT ( 'NONE',  ( -68.50000000000000000, 222.1292026667040034, -56.38656197958409422 ) ) ;
#2717 = LINE ( 'NONE', #1164, #27 ) ;
#2718 = ORIENTED_EDGE ( 'NONE', *, *, #746, .F. ) ;
#2719 = CARTESIAN_POINT ( 'NONE',  ( 112.9999999999999574, 164.5291494230805256, -4.258213027953693164 ) ) ;
#2720 = CIRCLE ( 'NONE', #3859, 1.249999999999917843 ) ;
#2721 = CYLINDRICAL_SURFACE ( 'NONE', #2240, 1.599999999999992317 ) ;
#2722 = DIRECTION ( 'NONE',  ( 1.000000000000000000, 3.271025955591214432E-16, -3.271025955591178933E-16 ) ) ;
#2723 = ORIENTED_EDGE ( 'NONE', *, *, #3081, .T. ) ;
#2724 = CARTESIAN_POINT ( 'NONE',  ( -116.0000000000003837, 172.8454544295067308, -172.8454544295042297 ) ) ;
#2725 = DIRECTION ( 'NONE',  ( -0.000000000000000000, 0.7071067811865437980, 0.7071067811865513475 ) ) ;
#2726 = APPLICATION_PROTOCOL_DEFINITION ( 'international standard', 'config_control_design', 1994, #3816 ) ;
#2727 = CARTESIAN_POINT ( 'NONE',  ( 11.99999999999997868, 223.8969696196704149, -72.29646455628142121 ) ) ;
#2728 = VERTEX_POINT ( 'NONE', #1256 ) ;
#2729 = CIRCLE ( 'NONE', #2541, 5.750000000000014211 ) ;
#2730 = CC_DESIGN_APPROVAL ( #695, ( #2918 ) ) ;
#2731 = LINE ( 'NONE', #983, #1010 ) ;
#2732 = LINE ( 'NONE', #8, #1806 ) ;
#2733 = ORIENTED_EDGE ( 'NONE', *, *, #1000, .F. ) ;
#2734 = ORIENTED_EDGE ( 'NONE', *, *, #285, .F. ) ;
#2735 = ADVANCED_FACE ( 'NONE', ( #2406 ), #2149, .T. ) ;
#2736 = ADVANCED_FACE ( 'NONE', ( #3062 ), #2110, .T. ) ;
#2737 = CARTESIAN_POINT ( 'NONE',  ( 115.9999999999999716, 164.0857864376269220, -4.000000000000023981 ) ) ;
#2738 = AXIS2_PLACEMENT_3D ( 'NONE', #787, #1946, #3784 ) ;
#2739 = DIRECTION ( 'NONE',  ( 0.000000000000000000, 0.7071067811865509034, -0.7071067811865442421 ) ) ;
#2740 = ORIENTED_EDGE ( 'NONE', *, *, #3468, .T. ) ;
#2741 = DIRECTION ( 'NONE',  ( 0.000000000000000000, 0.000000000000000000, 1.000000000000000000 ) ) ;
#2742 = CARTESIAN_POINT ( 'NONE',  ( -116.0300000000000011, 164.4684698699917931, -4.382683432365326759 ) ) ;
#2743 = EDGE_CURVE ( 'NONE', #3142, #146, #3885, .T. ) ;
#2744 = EDGE_CURVE ( 'NONE', #432, #141, #3200, .T. ) ;
#2745 = CARTESIAN_POINT ( 'NONE',  ( -112.9999999999999716, -164.5000000000000284, -4.000000000000003553 ) ) ;
#2746 = DIRECTION ( 'NONE',  ( -0.000000000000000000, -0.000000000000000000, 1.000000000000000000 ) ) ;
#2747 = VERTEX_POINT ( 'NONE', #2748 ) ;
#2748 = CARTESIAN_POINT ( 'NONE',  ( 78.75000000000002842, 120.0000000000000000, 1.402220585023716934E-15 ) ) ;
#2749 = DIRECTION ( 'NONE',  ( -1.000000000000000000, -0.000000000000000000, 0.000000000000000000 ) ) ;
#2750 = AXIS2_PLACEMENT_3D ( 'NONE', #1785, #3614, #595 ) ;
#2751 = CARTESIAN_POINT ( 'NONE',  ( 115.9999999999999574, 163.5445903374807131, -4.000000000000021316 ) ) ;
#2752 = CARTESIAN_POINT ( 'NONE',  ( 113.0469915374370942, 163.9955870876025585, -0.1041092933268049359 ) ) ;
#2753 = DIRECTION ( 'NONE',  ( -0.000000000000000000, 0.000000000000000000, 1.000000000000000000 ) ) ;
#2754 = FACE_BOUND ( 'NONE', #3801, .T. ) ;
#2755 = ORIENTED_EDGE ( 'NONE', *, *, #3362, .T. ) ;
#2756 = ORIENTED_EDGE ( 'NONE', *, *, #2078, .T. ) ;
#2757 = DIRECTION ( 'NONE',  ( 1.000000000000000000, 0.000000000000000000, 0.000000000000000000 ) ) ;
#2758 = AXIS2_PLACEMENT_3D ( 'NONE', #2437, #1860, #2800 ) ;
#2759 = ADVANCED_BREP_SHAPE_REPRESENTATION ( 'part_waike_5', ( #2590, #2971 ), #245 ) ;
#2760 = CIRCLE ( 'NONE', #1676, 1.249999999999987121 ) ;
#2761 = VECTOR ( 'NONE', #3692, 1000.000000000000000 ) ;
#2762 = DIRECTION ( 'NONE',  ( -0.000000000000000000, 0.000000000000000000, 1.000000000000000000 ) ) ;
#2763 = EDGE_LOOP ( 'NONE', ( #546, #669 ) ) ;
#2764 = CARTESIAN_POINT ( 'NONE',  ( 112.0000000000000284, 164.0857864376268935, -3.000000000000082601 ) ) ;
#2765 = CARTESIAN_POINT ( 'NONE',  ( -112.2538169234632051, 164.8174020027142319, -3.395945579034485018 ) ) ;
#2766 = DIRECTION ( 'NONE',  ( -0.000000000000000000, 0.7071067811865437980, 0.7071067811865513475 ) ) ;
#2767 = PLANE ( 'NONE',  #3618 ) ;
#2768 = ORIENTED_EDGE ( 'NONE', *, *, #3590, .F. ) ;
#2769 = ADVANCED_FACE ( 'NONE', ( #342 ), #3679, .F. ) ;
#2770 = CARTESIAN_POINT ( 'NONE',  ( 0.000000000000000000, 230.6144840409426138, -69.11448404094193165 ) ) ;
#2772 = CARTESIAN_POINT ( 'NONE',  ( -111.9999999999999858, 166.9142135623730780, -1.171572875253809709 ) ) ;
#2771 = VECTOR ( 'NONE', #2329, 1000.000000000000000 ) ;
#2773 = ADVANCED_FACE ( 'NONE', ( #1666 ), #1593, .F. ) ;
#2774 = AXIS2_PLACEMENT_3D ( 'NONE', #3452, #815, #3836 ) ;
#2775 = DIRECTION ( 'NONE',  ( 0.000000000000000000, -0.7071067811865509034, 0.7071067811865442421 ) ) ;
#2776 = DIRECTION ( 'NONE',  ( -0.000000000000000000, -0.7071067811865507924, 0.7071067811865442421 ) ) ;
#2777 = EDGE_LOOP ( 'NONE', ( #1562, #2608, #3648, #3428 ) ) ;
#2778 = VERTEX_POINT ( 'NONE', #142 ) ;
#2779 = FACE_OUTER_BOUND ( 'NONE', #1161, .T. ) ;
#2780 = DIRECTION ( 'NONE',  ( -0.000000000000000000, 0.000000000000000000, 1.000000000000000000 ) ) ;
#2781 = ORIENTED_EDGE ( 'NONE', *, *, #3244, .F. ) ;
#2782 = CARTESIAN_POINT ( 'NONE',  ( 112.0000000000000284, 164.0857864376268935, -3.000000000000082601 ) ) ;
#2783 = VECTOR ( 'NONE', #638, 1000.000000000000000 ) ;
#2784 = CARTESIAN_POINT ( 'NONE',  ( -115.2226573748647809, 166.0602555566321712, -2.471994885420722987 ) ) ;
#2785 = DIRECTION ( 'NONE',  ( 0.000000000000000000, 0.7071067811865507924, -0.7071067811865441310 ) ) ;
#2786 = CARTESIAN_POINT ( 'NONE',  ( 112.8737863883542332, 163.7249890375294399, -3.496381019629152487 ) ) ;
#2787 = ORIENTED_EDGE ( 'NONE', *, *, #3151, .F. ) ;
#2788 = CYLINDRICAL_SURFACE ( 'NONE', #3005, 1.249999999999931610 ) ;
#2789 = AXIS2_PLACEMENT_3D ( 'NONE', #3070, #2775, #3646 ) ;
#2790 = ADVANCED_FACE ( 'NONE', ( #154 ), #1636, .T. ) ;
#2791 = CIRCLE ( 'NONE', #3482, 1.249999999999987121 ) ;
#2792 = DATE_AND_TIME ( #3381, #1386 ) ;
#2793 = EDGE_CURVE ( 'NONE', #2840, #2671, #1352, .T. ) ;
#2794 = LINE ( 'NONE', #405, #712 ) ;
#2795 = CARTESIAN_POINT ( 'NONE',  ( -115.9999999999999574, -164.5000000000000284, 4.129302904431485071E-13 ) ) ;
#2796 = CARTESIAN_POINT ( 'NONE',  ( -116.0000000000001137, 147.3902614049299871, -43.00000000000001421 ) ) ;
#2797 = ORIENTED_EDGE ( 'NONE', *, *, #2744, .F. ) ;
#2798 = VERTEX_POINT ( 'NONE', #421 ) ;
#2799 = VECTOR ( 'NONE', #485, 1000.000000000000000 ) ;
#2800 = DIRECTION ( 'NONE',  ( 1.000000000000000000, 0.000000000000000000, 0.000000000000000000 ) ) ;
#2801 = FACE_OUTER_BOUND ( 'NONE', #1166, .T. ) ;
#2802 = ORIENTED_EDGE ( 'NONE', *, *, #772, .F. ) ;
#2803 = ORIENTED_EDGE ( 'NONE', *, *, #1979, .F. ) ;
#2804 = CARTESIAN_POINT ( 'NONE',  ( -114.4766232814990019, 166.5240007509866871, -1.880688546944536910 ) ) ;
#2805 = DIRECTION ( 'NONE',  ( -1.000000000000000000, -0.000000000000000000, 3.469446951953614189E-15 ) ) ;
#2806 = CARTESIAN_POINT ( 'NONE',  ( 115.9999999999999716, 163.5445903374807131, -4.000000000000000000 ) ) ;
#2807 = VERTEX_POINT ( 'NONE', #3185 ) ;
#2808 = CIRCLE ( 'NONE', #3624, 1.249999999999917843 ) ;
#2809 = DIRECTION ( 'NONE',  ( 0.000000000000000000, -0.3826834323650840641, -0.9238795325112890700 ) ) ;
#2810 = VERTEX_POINT ( 'NONE', #2849 ) ;
#2811 = CC_DESIGN_PERSON_AND_ORGANIZATION_ASSIGNMENT ( #2430, #1237, ( #3728 ) ) ;
#2812 = DIRECTION ( 'NONE',  ( 4.906538933386830769E-16, -1.000000000000000000, 0.000000000000000000 ) ) ;
#2813 = VECTOR ( 'NONE', #3120, 1000.000000000000000 ) ;
#2814 = EDGE_CURVE ( 'NONE', #1121, #2875, #3258, .T. ) ;
#2815 = PLANE ( 'NONE',  #3421 ) ;
#2816 = DIRECTION ( 'NONE',  ( -1.000000000000000000, -0.000000000000000000, 3.469446951953614189E-15 ) ) ;
#2817 = ORIENTED_EDGE ( 'NONE', *, *, #1286, .T. ) ;
#2818 = ORIENTED_EDGE ( 'NONE', *, *, #460, .F. ) ;
#2819 = AXIS2_PLACEMENT_3D ( 'NONE', #102, #1630, #2518 ) ;
#2820 = FACE_BOUND ( 'NONE', #3766, .T. ) ;
#2821 = EDGE_CURVE ( 'NONE', #1018, #1781, #3764, .T. ) ;
#2822 = EDGE_CURVE ( 'NONE', #2908, #1310, #1034, .T. ) ;
#2823 = DIRECTION ( 'NONE',  ( 0.000000000000000000, 0.7071067811865519026, -0.7071067811865431318 ) ) ;
#2824 = ORIENTED_EDGE ( 'NONE', *, *, #1334, .F. ) ;
#2825 = DIRECTION ( 'NONE',  ( -0.000000000000000000, 0.7071067811865437980, 0.7071067811865513475 ) ) ;
#2826 = VERTEX_POINT ( 'NONE', #679 ) ;
#2827 = EDGE_CURVE ( 'NONE', #1199, #2421, #2366, .T. ) ;
#2828 = LINE ( 'NONE', #103, #3622 ) ;
#2829 = VECTOR ( 'NONE', #1028, 1000.000000000000000 ) ;
#2830 = CARTESIAN_POINT ( 'NONE',  ( 27.99999999999997868, 216.8259018078049110, -65.22539674441598834 ) ) ;
#2831 = VECTOR ( 'NONE', #1561, 1000.000000000000000 ) ;
#2832 = DIRECTION ( 'NONE',  ( 0.000000000000000000, 0.000000000000000000, -1.000000000000000000 ) ) ;
#2833 = ORIENTED_EDGE ( 'NONE', *, *, #3876, .F. ) ;
#2834 = DIRECTION ( 'NONE',  ( 0.000000000000000000, 0.7071067811865496822, -0.7071067811865453523 ) ) ;
#2835 = EDGE_CURVE ( 'NONE', #513, #3852, #1670, .T. ) ;
#2836 = ORIENTED_EDGE ( 'NONE', *, *, #1867, .T. ) ;
#2837 = DIRECTION ( 'NONE',  ( -1.000000000000000000, -4.906538933386830769E-16, 4.906538933386778506E-16 ) ) ;
#2838 = CARTESIAN_POINT ( 'NONE',  ( -111.9999999999999858, 164.0857864376268935, -3.000000000000019984 ) ) ;
#2839 = ORIENTED_EDGE ( 'NONE', *, *, #2162, .T. ) ;
#2840 = VERTEX_POINT ( 'NONE', #3337 ) ;
#2841 = LINE ( 'NONE', #1118, #3643 ) ;
#2842 = DIRECTION ( 'NONE',  ( -0.000000000000000000, -0.000000000000000000, 1.000000000000000000 ) ) ;
#2843 = ORIENTED_EDGE ( 'NONE', *, *, #1865, .T. ) ;
#2844 = CARTESIAN_POINT ( 'NONE',  ( 112.1269537963820113, 164.8033633032706291, -3.346213974210545672 ) ) ;
#2845 = FACE_BOUND ( 'NONE', #3204, .T. ) ;
#2846 = LINE ( 'NONE', #3102, #3003 ) ;
#2847 = CARTESIAN_POINT ( 'NONE',  ( 115.4951455534169895, 163.7249890375294399, -1.985524078516425428 ) ) ;
#2848 = ORIENTED_EDGE ( 'NONE', *, *, #1789, .T. ) ;
#2849 = CARTESIAN_POINT ( 'NONE',  ( 34.50000000000000000, 226.4425540319419383, -64.94255403194131304 ) ) ;
#2850 = CARTESIAN_POINT ( 'NONE',  ( 1.250000000000001110, 120.0000000000000000, 1.402220585023716934E-15 ) ) ;
#2851 = EDGE_LOOP ( 'NONE', ( #1615, #2862 ) ) ;
#2852 = CARTESIAN_POINT ( 'NONE',  ( 0.000000000000000000, 221.7756492761107268, -60.27564927611013701 ) ) ;
#2853 = VECTOR ( 'NONE', #2248, 1000.000000000000000 ) ;
#2854 = CYLINDRICAL_SURFACE ( 'NONE', #752, 5.750000000000008882 ) ;
#2855 = CARTESIAN_POINT ( 'NONE',  ( -73.50000000000000000, 226.3011326757046504, -60.55849198858469151 ) ) ;
#2856 = ORIENTED_EDGE ( 'NONE', *, *, #255, .T. ) ;
#2857 = ORIENTED_EDGE ( 'NONE', *, *, #1696, .T. ) ;
#2858 = CARTESIAN_POINT ( 'NONE',  ( -112.9999999999999716, -164.5000000000000284, -4.000000000000017764 ) ) ;
#2859 = ORIENTED_EDGE ( 'NONE', *, *, #2827, .F. ) ;
#2860 = EDGE_CURVE ( 'NONE', #1446, #731, #21, .T. ) ;
#2861 = EDGE_CURVE ( 'NONE', #3109, #3672, #2462, .T. ) ;
#2862 = ORIENTED_EDGE ( 'NONE', *, *, #1658, .F. ) ;
#2863 = CARTESIAN_POINT ( 'NONE',  ( -113.0000000000001137, -164.5000000000000284, -43.00000000000000000 ) ) ;
#2864 = CARTESIAN_POINT ( 'NONE',  ( 111.9999999999999574, 252.8883476483188986, -92.80256121069116659 ) ) ;
#2865 = EDGE_CURVE ( 'NONE', #286, #3385, #1861, .T. ) ;
#2866 = DIRECTION ( 'NONE',  ( -1.000000000000000000, -0.000000000000000000, 3.469446951953614189E-15 ) ) ;
#2867 = EDGE_LOOP ( 'NONE', ( #1759, #1196, #3313, #351 ) ) ;
#2868 = ADVANCED_FACE ( 'NONE', ( #3654 ), #3673, .T. ) ;
#2869 = EDGE_CURVE ( 'NONE', #1047, #1012, #315, .T. ) ;
#2870 = ORIENTED_EDGE ( 'NONE', *, *, #3583, .F. ) ;
#2871 = DIRECTION ( 'NONE',  ( 0.000000000000000000, 0.000000000000000000, 1.000000000000000000 ) ) ;
#2872 = EDGE_LOOP ( 'NONE', ( #2833, #2695, #1906, #2019 ) ) ;
#2873 = AXIS2_PLACEMENT_3D ( 'NONE', #1188, #2129, #1467 ) ;
#2874 = DIRECTION ( 'NONE',  ( 0.000000000000000000, 0.7071067811865437980, 0.7071067811865513475 ) ) ;
#2875 = VERTEX_POINT ( 'NONE', #612 ) ;
#2876 = CARTESIAN_POINT ( 'NONE',  ( 1.670886556634905676E-14, 200.2088924499208815, -34.46625176280124947 ) ) ;
#2877 = AXIS2_PLACEMENT_3D ( 'NONE', #637, #3931, #3617 ) ;
#2878 = CARTESIAN_POINT ( 'NONE',  ( -115.9251098869733028, 163.6347896875051049, -2.945156026032162533 ) ) ;
#2879 = DIRECTION ( 'NONE',  ( 0.000000000000000000, 0.7071067811865437980, 0.7071067811865513475 ) ) ;
#2880 = EDGE_LOOP ( 'NONE', ( #722, #3420, #3791, #819 ) ) ;
#2881 = CARTESIAN_POINT ( 'NONE',  ( 116.0000000000004690, 101.6808262504636389, -155.9654642080817553 ) ) ;
#2882 = VECTOR ( 'NONE', #1050, 1000.000000000000000 ) ;
#2883 = CARTESIAN_POINT ( 'NONE',  ( -79.99999999999998579, 120.0000000000000000, 1.402220585023716934E-15 ) ) ;
#2884 = EDGE_CURVE ( 'NONE', #2908, #1431, #3749, .T. ) ;
#2885 = ORIENTED_EDGE ( 'NONE', *, *, #1396, .F. ) ;
#2886 = FACE_BOUND ( 'NONE', #836, .T. ) ;
#2887 = EDGE_CURVE ( 'NONE', #2119, #508, #2144, .T. ) ;
#2888 = CYLINDRICAL_SURFACE ( 'NONE', #1896, 1.599999999999992317 ) ;
#2889 = CARTESIAN_POINT ( 'NONE',  ( -79.99999999999998579, 0.000000000000000000, -3.000000000000000000 ) ) ;
#2890 = ORIENTED_EDGE ( 'NONE', *, *, #1081, .T. ) ;
#2891 = LINE ( 'NONE', #803, #2691 ) ;
#2892 = ORIENTED_EDGE ( 'NONE', *, *, #647, .T. ) ;
#2893 = AXIS2_PLACEMENT_3D ( 'NONE', #3426, #3211, #3384 ) ;
#2894 = ORIENTED_EDGE ( 'NONE', *, *, #3530, .T. ) ;
#2895 = FACE_BOUND ( 'NONE', #109, .T. ) ;
#2896 = CARTESIAN_POINT ( 'NONE',  ( -111.9999999999999858, 164.0857864376268935, -3.030300000000019978 ) ) ;
#2897 = LINE ( 'NONE', #1145, #3047 ) ;
#2898 = ORIENTED_EDGE ( 'NONE', *, *, #3702, .T. ) ;
#2899 = CARTESIAN_POINT ( 'NONE',  ( -115.9999999999999716, 164.0857864376269220, -3.000000000000026645 ) ) ;
#2900 = ORIENTED_EDGE ( 'NONE', *, *, #1471, .F. ) ;
#2901 = CARTESIAN_POINT ( 'NONE',  ( 74.50000000000001421, 220.3614357137376771, -68.76093065034868346 ) ) ;
#2902 = ADVANCED_FACE ( 'NONE', ( #650 ), #2422, .F. ) ;
#2903 = AXIS2_PLACEMENT_3D ( 'NONE', #3640, #2725, #1470 ) ;
#2904 = DIRECTION ( 'NONE',  ( 0.000000000000000000, 0.7071067811865496822, -0.7071067811865453523 ) ) ;
#2905 = EDGE_CURVE ( 'NONE', #489, #112, #866, .T. ) ;
#2906 = DIRECTION ( 'NONE',  ( -1.000000000000000000, -5.414975985184640395E-31, -3.391901413832836801E-15 ) ) ;
#2907 = CARTESIAN_POINT ( 'NONE',  ( 116.0000000000004832, -134.5000000000000284, -31.75000000000095213 ) ) ;
#2908 = VERTEX_POINT ( 'NONE', #2764 ) ;
#2909 = AXIS2_PLACEMENT_3D ( 'NONE', #1715, #1772, #3856 ) ;
#2910 = CARTESIAN_POINT ( 'NONE',  ( 81.24999999999998579, -120.0000000000000000, -3.000000000000000000 ) ) ;
#2911 = ORIENTED_EDGE ( 'NONE', *, *, #573, .T. ) ;
#2912 = ORIENTED_EDGE ( 'NONE', *, *, #1770, .F. ) ;
#2913 = CARTESIAN_POINT ( 'NONE',  ( -1.249999999999965139, 120.0000000000000000, -3.000000000000000000 ) ) ;
#2914 = CARTESIAN_POINT ( 'NONE',  ( 11.99999999999997868, 223.8969696196703580, -58.15432893255047020 ) ) ;
#2915 = CARTESIAN_POINT ( 'NONE',  ( -112.2617993877991580, 164.8566737908743391, -3.356673790874313390 ) ) ;
#2916 = ORIENTED_EDGE ( 'NONE', *, *, #1334, .T. ) ;
#2917 = VECTOR ( 'NONE', #3636, 1000.000000000000000 ) ;
#2918 = SECURITY_CLASSIFICATION ( '', '', #67 ) ;
#2919 = DIRECTION ( 'NONE',  ( -0.000000000000000000, -0.000000000000000000, 1.000000000000000000 ) ) ;
#2920 = ORIENTED_EDGE ( 'NONE', *, *, #466, .F. ) ;
#2921 = DIRECTION ( 'NONE',  ( -0.000000000000000000, 0.7071067811865437980, 0.7071067811865513475 ) ) ;
#2922 = CYLINDRICAL_SURFACE ( 'NONE', #3867, 1.249999999999917843 ) ;
#2923 = PLANE ( 'NONE',  #3662 ) ;
#2924 = DIRECTION ( 'NONE',  ( -0.000000000000000000, -0.7071067811865437980, -0.7071067811865512365 ) ) ;
#2925 = DIRECTION ( 'NONE',  ( -1.000000000000000000, 6.938893903907198401E-15, 1.084202172485499701E-15 ) ) ;
#2926 = ORIENTED_EDGE ( 'NONE', *, *, #2536, .T. ) ;
#2927 = VECTOR ( 'NONE', #3621, 1000.000000000000000 ) ;
#2928 = ADVANCED_FACE ( 'NONE', ( #3355 ), #2628, .F. ) ;
#2929 = LINE ( 'NONE', #3237, #2053 ) ;
#2930 = ORIENTED_EDGE ( 'NONE', *, *, #446, .F. ) ;
#2931 = ORIENTED_EDGE ( 'NONE', *, *, #578, .T. ) ;
#2932 = DIRECTION ( 'NONE',  ( 0.000000000000000000, -0.7071067811865519026, 0.7071067811865431318 ) ) ;
#2933 = CARTESIAN_POINT ( 'NONE',  ( -112.4883593252656482, 163.9053877375781667, -3.152689339212902730 ) ) ;
#2934 = CARTESIAN_POINT ( 'NONE',  ( -112.8922269036097816, 164.7100090319707135, -3.886021982143010423 ) ) ;
#2935 = ADVANCED_FACE ( 'NONE', ( #118 ), #3162, .F. ) ;
#2936 = EDGE_LOOP ( 'NONE', ( #2080, #1976, #2333, #2900 ) ) ;
#2937 = CIRCLE ( 'NONE', #2117, 1.249999999999987121 ) ;
#2938 = B_SPLINE_CURVE_WITH_KNOTS ( 'NONE', 3,
 ( #690, #373, #3745, #3411, #414, #1884, #1925, #2552, #1266, #3121 ),
 .UNSPECIFIED., .F., .F.,
 ( 4, 2, 2, 2, 4 ),
 ( 0.000000000000000000, 0.2500000000000000000, 0.5000000000000000000, 0.7500000000000000000, 1.000000000000000000 ),
 .UNSPECIFIED. ) ;
#2939 = CARTESIAN_POINT ( 'NONE',  ( 113.0000000000000995, 225.3111831820437487, -120.3797256769666149 ) ) ;
#2940 = ORIENTED_EDGE ( 'NONE', *, *, #3127, .F. ) ;
#2941 = CARTESIAN_POINT ( 'NONE',  ( 27.99999999999997868, 221.7756492761107268, -60.27564927611012990 ) ) ;
#2942 = CIRCLE ( 'NONE', #1042, 1.249999999999978906 ) ;
#2943 = CARTESIAN_POINT ( 'NONE',  ( 111.9999999999999574, 166.9142135623731349, -1.171572875253831914 ) ) ;
#2944 = AXIS2_PLACEMENT_3D ( 'NONE', #1502, #1762, #3611 ) ;
#2945 = ADVANCED_FACE ( 'NONE', ( #671 ), #1886, .F. ) ;
#2946 = CARTESIAN_POINT ( 'NONE',  ( -116.0000000000002274, 189.0735931288074596, -70.00000000000000000 ) ) ;
#2947 = FACE_OUTER_BOUND ( 'NONE', #3340, .T. ) ;
#2948 = EDGE_LOOP ( 'NONE', ( #3496, #210, #2004, #257 ) ) ;
#2949 = UNCERTAINTY_MEASURE_WITH_UNIT (LENGTH_MEASURE( 1.000000000000000082E-05 ), #659, 'distance_accuracy_value', 'NONE');
#2950 = DIRECTION ( 'NONE',  ( -1.000000000000000000, -0.000000000000000000, 3.469446951953614189E-15 ) ) ;
#2951 = ORIENTED_EDGE ( 'NONE', *, *, #3053, .F. ) ;
#2952 = ORIENTED_EDGE ( 'NONE', *, *, #3395, .F. ) ;
#2953 = DIRECTION ( 'NONE',  ( 1.000000000000000000, 0.000000000000000000, 0.000000000000000000 ) ) ;
#2954 = AXIS2_PLACEMENT_3D ( 'NONE', #2901, #2921, #3575 ) ;
#2955 = FACE_OUTER_BOUND ( 'NONE', #3488, .T. ) ;
#2956 = ORIENTED_EDGE ( 'NONE', *, *, #168, .F. ) ;
#2957 = CARTESIAN_POINT ( 'NONE',  ( 116.0000000000004690, -114.5000000000000284, -33.00000000000081002 ) ) ;
#2958 = VECTOR ( 'NONE', #2330, 1000.000000000000000 ) ;
#2959 = DIRECTION ( 'NONE',  ( 1.000000000000000000, 0.000000000000000000, 0.000000000000000000 ) ) ;
#2960 = EDGE_LOOP ( 'NONE', ( #404, #350 ) ) ;
#2961 = DIRECTION ( 'NONE',  ( 0.000000000000000000, -0.7071067811865524577, 0.7071067811865426878 ) ) ;
#2962 = DIRECTION ( 'NONE',  ( 0.000000000000000000, 0.000000000000000000, -1.000000000000000000 ) ) ;
#2963 = CARTESIAN_POINT ( 'NONE',  ( 11.99999999999997868, 223.8969696196704149, -72.29646455628142121 ) ) ;
#2964 = CARTESIAN_POINT ( 'NONE',  ( 52.00000000000003553, 223.8969696196703580, -58.15432893255047020 ) ) ;
#2965 = ORIENTED_EDGE ( 'NONE', *, *, #3113, .T. ) ;
#2966 = DIRECTION ( 'NONE',  ( 1.000000000000000000, -2.793261385626813401E-31, -3.469446951953613794E-15 ) ) ;
#2967 = VERTEX_POINT ( 'NONE', #2501 ) ;
#2968 = ORIENTED_EDGE ( 'NONE', *, *, #2317, .T. ) ;
#2969 = AXIS2_PLACEMENT_3D ( 'NONE', #2217, #2236, #3447 ) ;
#2970 = DIRECTION ( 'NONE',  ( -0.000000000000000000, 0.7071067811865437980, 0.7071067811865513475 ) ) ;
#2971 = AXIS2_PLACEMENT_3D ( 'NONE', #3663, #3066, #3703 ) ;
#2972 = EDGE_CURVE ( 'NONE', #1262, #2058, #989, .T. ) ;
#2973 = DIRECTION ( 'NONE',  ( 0.000000000000000000, 0.7071067811865512365, -0.7071067811865439090 ) ) ;
#2974 = ORIENTED_EDGE ( 'NONE', *, *, #287, .F. ) ;
#2975 = LINE ( 'NONE', #3593, #844 ) ;
#2976 = EDGE_CURVE ( 'NONE', #1610, #2826, #1905, .T. ) ;
#2977 = CARTESIAN_POINT ( 'NONE',  ( -81.24999999999997158, 1.530808498934184422E-16, 1.402220585023716934E-15 ) ) ;
#2978 = EDGE_CURVE ( 'NONE', #2421, #1428, #397, .T. ) ;
#2979 = EDGE_LOOP ( 'NONE', ( #3550, #3137, #3659, #3773 ) ) ;
#2980 = DIRECTION ( 'NONE',  ( -1.000000000000000000, 0.000000000000000000, 3.469446951953611033E-15 ) ) ;
#2981 = VECTOR ( 'NONE', #262, 999.9999999999998863 ) ;
#2982 = DIRECTION ( 'NONE',  ( -1.000000000000000000, -0.000000000000000000, 3.469446951953614189E-15 ) ) ;
#2983 = EDGE_CURVE ( 'NONE', #736, #2967, #1929, .T. ) ;
#2984 = CIRCLE ( 'NONE', #1461, 4.000000000000005329 ) ;
#2985 = CYLINDRICAL_SURFACE ( 'NONE', #3675, 4.000000000000002665 ) ;
#2986 = CARTESIAN_POINT ( 'NONE',  ( 81.24999999999998579, -120.0000000000000000, 0.000000000000000000 ) ) ;
#2987 = ORIENTED_EDGE ( 'NONE', *, *, #3518, .T. ) ;
#2988 = EDGE_CURVE ( 'NONE', #2840, #2714, #2224, .T. ) ;
#2989 = CARTESIAN_POINT ( 'NONE',  ( 34.50000000000000000, 220.3614357137376771, -68.76093065034868346 ) ) ;
#2990 = ORIENTED_EDGE ( 'NONE', *, *, #1163, .F. ) ;
#2991 = VERTEX_POINT ( 'NONE', #2291 ) ;
#2992 = CARTESIAN_POINT ( 'NONE',  ( 116.0000000000004832, -134.5000000000000284, -33.00000000000081002 ) ) ;
#2993 = ADVANCED_FACE ( 'NONE', ( #3790 ), #1710, .F. ) ;
#2994 = CARTESIAN_POINT ( 'NONE',  ( -112.9999999999999432, 163.6347896875051333, -3.738200612200881956 ) ) ;
#2995 = EDGE_LOOP ( 'NONE', ( #3148, #1825, #1341, #301 ) ) ;
#2996 = DIRECTION ( 'NONE',  ( -1.000000000000000000, -0.000000000000000000, 3.469446951953614189E-15 ) ) ;
#2997 = CARTESIAN_POINT ( 'NONE',  ( -116.0000000000000853, 135.4999999999999432, -33.00000000000000711 ) ) ;
#2998 = CIRCLE ( 'NONE', #3194, 1.600000000000002309 ) ;
#2999 = DIRECTION ( 'NONE',  ( -0.000000000000000000, 0.7071067811865437980, 0.7071067811865513475 ) ) ;
#3000 = CARTESIAN_POINT ( 'NONE',  ( 115.5213591450676205, 163.7249890375294399, -1.970415509105297946 ) ) ;
#3001 = ORIENTED_EDGE ( 'NONE', *, *, #2157, .F. ) ;
#3002 = CARTESIAN_POINT ( 'NONE',  ( 116.0000000000004690, -114.5000000000000284, -31.75000000000095213 ) ) ;
#3003 = VECTOR ( 'NONE', #2210, 1000.000000000000000 ) ;
#3004 = FACE_OUTER_BOUND ( 'NONE', #756, .T. ) ;
#3005 = AXIS2_PLACEMENT_3D ( 'NONE', #279, #1273, #2704 ) ;
#3006 = PERSON_AND_ORGANIZATION ( #3282, #2469 ) ;
#3007 = CARTESIAN_POINT ( 'NONE',  ( 111.9999999999999574, 166.9142135623731349, -1.171572875253831914 ) ) ;
#3008 = VERTEX_POINT ( 'NONE', #197 ) ;
#3009 = VECTOR ( 'NONE', #2142, 1000.000000000000114 ) ;
#3010 = AXIS2_PLACEMENT_3D ( 'NONE', #585, #247, #2373 ) ;
#3011 = CARTESIAN_POINT ( 'NONE',  ( -112.8737863883542474, 163.7249890375294683, -3.496381019629131615 ) ) ;
#3012 = CYLINDRICAL_SURFACE ( 'NONE', #3465, 1.249999999999973355 ) ;
#3013 = VERTEX_POINT ( 'NONE', #478 ) ;
#3014 = ORIENTED_EDGE ( 'NONE', *, *, #952, .T. ) ;
#3015 = CARTESIAN_POINT ( 'NONE',  ( -20.00000000000000000, 225.3111831820434645, -63.81118318204284634 ) ) ;
#3016 = LINE ( 'NONE', #3299, #3009 ) ;
#3017 = EDGE_LOOP ( 'NONE', ( #3601, #3830, #1093, #730 ) ) ;
#3018 = CARTESIAN_POINT ( 'NONE',  ( 112.5236924838038277, 166.9461095557917645, -1.203468868672456615 ) ) ;
#3019 = CARTESIAN_POINT ( 'NONE',  ( 11.99999999999997868, 230.9680374315358904, -65.22539674441588886 ) ) ;
#3020 = CARTESIAN_POINT ( 'NONE',  ( -73.50000000000000000, 227.4325035256031242, -61.68986283848317242 ) ) ;
#3021 = CARTESIAN_POINT ( 'NONE',  ( 115.9251098869732886, 163.6347896875050765, -2.945156026032111019 ) ) ;
#3022 = EDGE_LOOP ( 'NONE', ( #3226, #476, #2457, #3774 ) ) ;
#3023 = CARTESIAN_POINT ( 'NONE',  ( -115.9999999999999716, 164.7928932188134752, -3.292893218813474743 ) ) ;
#3024 = AXIS2_PLACEMENT_3D ( 'NONE', #3367, #2293, #1261 ) ;
#3025 = CARTESIAN_POINT ( 'NONE',  ( 111.9999999999999574, 164.7928932188135036, -3.292893218813500056 ) ) ;
#3026 = CALENDAR_DATE ( 2026, 30, 7 ) ;
#3027 = APPROVAL ( #3087, '未' ) ;
#3028 = CARTESIAN_POINT ( 'NONE',  ( 115.9999999999999716, 164.4684698699920204, -4.382683432365135801 ) ) ;
#3029 = ORIENTED_EDGE ( 'NONE', *, *, #2869, .F. ) ;
#3030 = EDGE_CURVE ( 'NONE', #986, #1586, #721, .T. ) ;
#3031 = LINE ( 'NONE', #1672, #3402 ) ;
#3032 = ORIENTED_EDGE ( 'NONE', *, *, #3277, .F. ) ;
#3033 = ORIENTED_EDGE ( 'NONE', *, *, #718, .F. ) ;
#3034 = CYLINDRICAL_SURFACE ( 'NONE', #1230, 1.249999999999917843 ) ;
#3035 = LINE ( 'NONE', #1802, #1740 ) ;
#3036 = ORIENTED_EDGE ( 'NONE', *, *, #1154, .F. ) ;
#3037 = CARTESIAN_POINT ( 'NONE',  ( 1.530052174732959625E-14, 189.9558441227159165, -28.45584412271565000 ) ) ;
#3038 = CARTESIAN_POINT ( 'NONE',  ( -116.0000000000000711, -114.5000000000000284, -31.75000000000008527 ) ) ;
#3039 = VECTOR ( 'NONE', #654, 1000.000000000000114 ) ;
#3040 = DIRECTION ( 'NONE',  ( -0.000000000000000000, -0.000000000000000000, 1.000000000000000000 ) ) ;
#3041 = FACE_OUTER_BOUND ( 'NONE', #2715, .T. ) ;
#3042 = ORIENTED_EDGE ( 'NONE', *, *, #1336, .T. ) ;
#3043 = CARTESIAN_POINT ( 'NONE',  ( -116.0000000000002274, 189.0735931288074596, -70.00000000000000000 ) ) ;
#3044 = CARTESIAN_POINT ( 'NONE',  ( -1.249999999999965139, -120.0000000000000000, -3.000000000000000000 ) ) ;
#3045 = VERTEX_POINT ( 'NONE', #2025 ) ;
#3046 = CARTESIAN_POINT ( 'NONE',  ( 114.4581868798996567, 166.5070372555781546, -1.897652042353006108 ) ) ;
#3047 = VECTOR ( 'NONE', #1746, 1000.000000000000000 ) ;
#3048 = CARTESIAN_POINT ( 'NONE',  ( 1.387778780781445676E-14, -120.0000000000000000, 0.000000000000000000 ) ) ;
#3049 = FACE_OUTER_BOUND ( 'NONE', #3017, .T. ) ;
#3050 = ORIENTED_EDGE ( 'NONE', *, *, #571, .F. ) ;
#3051 = ORIENTED_EDGE ( 'NONE', *, *, #365, .F. ) ;
#3052 = DIRECTION ( 'NONE',  ( 0.000000000000000000, 0.7071067811865474617, -0.7071067811865474617 ) ) ;
#3053 = EDGE_CURVE ( 'NONE', #3896, #2826, #3868, .T. ) ;
#3054 = LINE ( 'NONE', #2079, #1936 ) ;
#3055 = ORIENTED_EDGE ( 'NONE', *, *, #3281, .T. ) ;
#3056 = CARTESIAN_POINT ( 'NONE',  ( 114.0295844908947487, 166.7033245122191829, -1.637584213651126497 ) ) ;
#3057 = CARTESIAN_POINT ( 'NONE',  ( -112.9696999999999889, 164.4684698699919636, -4.382683432365155340 ) ) ;
#3058 = EDGE_CURVE ( 'NONE', #2908, #189, #219, .T. ) ;
#3059 = LINE ( 'NONE', #1209, #3882 ) ;
#3060 = DIRECTION ( 'NONE',  ( -0.000000000000000000, -0.000000000000000000, 1.000000000000000000 ) ) ;
#3061 = ORIENTED_EDGE ( 'NONE', *, *, #177, .F. ) ;
#3062 = FACE_OUTER_BOUND ( 'NONE', #211, .T. ) ;
#3063 = CARTESIAN_POINT ( 'NONE',  ( 112.5235987755982734, 164.0406867626147118, -7.517332703587187555E-14 ) ) ;
#3064 = ADVANCED_FACE ( 'NONE', ( #2601 ), #1387, .T. ) ;
#3065 = AXIS2_PLACEMENT_3D ( 'NONE', #1547, #849, #2064 ) ;
#3066 = DIRECTION ( 'NONE',  ( 0.000000000000000000, 0.000000000000000000, 1.000000000000000000 ) ) ;
#3067 = PLANE ( 'NONE',  #1968 ) ;
#3068 = ADVANCED_FACE ( 'NONE', ( #1669 ), #2362, .F. ) ;
#3069 = AXIS2_PLACEMENT_3D ( 'NONE', #3323, #2467, #599 ) ;
#3070 = CARTESIAN_POINT ( 'NONE',  ( -111.9999999999999858, 252.8883476483188986, -92.80256121069113817 ) ) ;
#3071 = CARTESIAN_POINT ( 'NONE',  ( -111.9999999999999858, 164.7928932188134752, -3.292893218813460088 ) ) ;
#3072 = EDGE_LOOP ( 'NONE', ( #3547, #3522, #2411, #2538 ) ) ;
#3073 = VERTEX_POINT ( 'NONE', #515 ) ;
#3074 = FACE_BOUND ( 'NONE', #1537, .T. ) ;
#3075 = AXIS2_PLACEMENT_3D ( 'NONE', #563, #839, #3293 ) ;
#3076 = AXIS2_PLACEMENT_3D ( 'NONE', #100, #395, #2823 ) ;
#3077 = LINE ( 'NONE', #353, #2831 ) ;
#3078 = ORIENTED_EDGE ( 'NONE', *, *, #1041, .T. ) ;
#3079 = DIRECTION ( 'NONE',  ( 0.000000000000000000, 0.7071067811865509034, -0.7071067811865442421 ) ) ;
#3080 = CARTESIAN_POINT ( 'NONE',  ( -111.9999999999999858, 166.9142135623731349, -1.171572875253813484 ) ) ;
#3081 = EDGE_CURVE ( 'NONE', #469, #1512, #3850, .T. ) ;
#3082 = DIRECTION ( 'NONE',  ( 1.000000000000000000, 0.000000000000000000, 0.000000000000000000 ) ) ;
#3083 = DIRECTION ( 'NONE',  ( 1.000000000000000000, 6.938893903907319097E-15, 0.000000000000000000 ) ) ;
#3084 = EDGE_LOOP ( 'NONE', ( #2259, #2553 ) ) ;
#3085 = DIRECTION ( 'NONE',  ( 0.000000000000000000, 0.7071067811865509034, -0.7071067811865442421 ) ) ;
#3086 = DIRECTION ( 'NONE',  ( -0.000000000000000000, -0.7071067811865437980, -0.7071067811865512365 ) ) ;
#3087 = APPROVAL_STATUS ( 'not_yet_approved' ) ;
#3089 = CARTESIAN_POINT ( 'NONE',  ( 90.00000000000000000, 222.6241774135345679, -71.02367235014560265 ) ) ;
#3088 = VECTOR ( 'NONE', #2158, 999.9999999999998863 ) ;
#3090 = CARTESIAN_POINT ( 'NONE',  ( 115.4951455534169895, 163.7249890375294399, -1.985524078516424096 ) ) ;
#3091 = DIRECTION ( 'NONE',  ( 1.000000000000000000, 0.000000000000000000, 0.000000000000000000 ) ) ;
#3092 = FACE_OUTER_BOUND ( 'NONE', #2549, .T. ) ;
#3093 = ORIENTED_EDGE ( 'NONE', *, *, #3473, .F. ) ;
#3094 = EDGE_LOOP ( 'NONE', ( #1536, #1458 ) ) ;
#3095 = FACE_OUTER_BOUND ( 'NONE', #3239, .T. ) ;
#3096 = CARTESIAN_POINT ( 'NONE',  ( 34.50000000000000000, 227.4325035256031242, -61.68986283848317242 ) ) ;
#3097 = EDGE_LOOP ( 'NONE', ( #1321, #1799, #3724, #1912 ) ) ;
#3098 = CARTESIAN_POINT ( 'NONE',  ( 27.99999999999997868, 216.8259018078049110, -65.22539674441598834 ) ) ;
#3099 = ORIENTED_EDGE ( 'NONE', *, *, #2402, .F. ) ;
#3100 = VECTOR ( 'NONE', #2487, 1000.000000000000114 ) ;
#3101 = CARTESIAN_POINT ( 'NONE',  ( -112.9999999999999858, 164.4684698699919636, -4.382683432365157117 ) ) ;
#3102 = CARTESIAN_POINT ( 'NONE',  ( -116.0000000000002274, 189.0735931288074596, -71.24999999999992895 ) ) ;
#3103 = DIRECTION ( 'NONE',  ( 0.000000000000000000, 0.7071067811865441310, 0.7071067811865510144 ) ) ;
#3104 = ORIENTED_EDGE ( 'NONE', *, *, #2861, .F. ) ;
#3105 = CIRCLE ( 'NONE', #627, 1.249999999999987121 ) ;
#3106 = EDGE_CURVE ( 'NONE', #3814, #1646, #1223, .T. ) ;
#3107 = EDGE_CURVE ( 'NONE', #1743, #974, #810, .T. ) ;
#3108 = APPROVAL_PERSON_ORGANIZATION ( #639, #280, #1853 ) ;
#3109 = VERTEX_POINT ( 'NONE', #2344 ) ;
#3110 = DIRECTION ( 'NONE',  ( -0.000000000000000000, -0.000000000000000000, 1.000000000000000000 ) ) ;
#3111 = CARTESIAN_POINT ( 'NONE',  ( 115.9999999999999716, 163.5445903374807131, -4.000000000000027534 ) ) ;
#3112 = ADVANCED_FACE ( 'NONE', ( #236 ), #1112, .F. ) ;
#3113 = EDGE_CURVE ( 'NONE', #2485, #1068, #1091, .T. ) ;
#3114 = EDGE_CURVE ( 'NONE', #888, #310, #2937, .T. ) ;
#3115 = DIRECTION ( 'NONE',  ( 0.000000000000000000, -0.7071067811865439090, -0.7071067811865512365 ) ) ;
#3116 = ORIENTED_EDGE ( 'NONE', *, *, #865, .F. ) ;
#3117 = FACE_OUTER_BOUND ( 'NONE', #2212, .T. ) ;
#3118 = AXIS2_PLACEMENT_3D ( 'NONE', #3887, #358, #1527 ) ;
#3119 = VECTOR ( 'NONE', #621, 1000.000000000000000 ) ;
#3120 = DIRECTION ( 'NONE',  ( 0.000000000000000000, 1.000000000000000000, 0.000000000000000000 ) ) ;
#3121 = CARTESIAN_POINT ( 'NONE',  ( -115.9999999999999858, 164.4684698699919920, -4.382683432365110932 ) ) ;
#3122 = ORIENTED_EDGE ( 'NONE', *, *, #2393, .T. ) ;
#3123 = DIRECTION ( 'NONE',  ( -1.000000000000000000, -2.414735078559702065E-15, -2.414735078559727308E-15 ) ) ;
#3124 = ORIENTED_EDGE ( 'NONE', *, *, #3107, .T. ) ;
#3125 = LINE ( 'NONE', #693, #2605 ) ;
#3126 = AXIS2_PLACEMENT_3D ( 'NONE', #2145, #356, #335 ) ;
#3127 = EDGE_CURVE ( 'NONE', #3762, #1904, #1295, .T. ) ;
#3128 = DIRECTION ( 'NONE',  ( -1.000000000000000000, -0.000000000000000000, 3.469446951953614189E-15 ) ) ;
#3129 = DIRECTION ( 'NONE',  ( 1.000000000000000000, 0.000000000000000000, 0.000000000000000000 ) ) ;
#3130 = ORIENTED_EDGE ( 'NONE', *, *, #3362, .F. ) ;
#3131 = VECTOR ( 'NONE', #3150, 1000.000000000000000 ) ;
#3132 = CARTESIAN_POINT ( 'NONE',  ( 34.50000000000000000, 227.4325035256031242, -61.68986283848317242 ) ) ;
#3133 = CARTESIAN_POINT ( 'NONE',  ( 90.00000000000000000, 225.3111831820434361, -63.81118318204278950 ) ) ;
#3134 = ORIENTED_EDGE ( 'NONE', *, *, #3058, .T. ) ;
#3135 = CARTESIAN_POINT ( 'NONE',  ( 112.0000000000000284, -164.5000000000000284, -3.000000000000082601 ) ) ;
#3136 = FACE_OUTER_BOUND ( 'NONE', #1701, .T. ) ;
#3137 = ORIENTED_EDGE ( 'NONE', *, *, #1770, .T. ) ;
#3138 = ORIENTED_EDGE ( 'NONE', *, *, #3687, .T. ) ;
#3139 = AXIS2_PLACEMENT_3D ( 'NONE', #3098, #1927, #81 ) ;
#3140 = CARTESIAN_POINT ( 'NONE',  ( 112.0000000000000711, -164.5000000000000284, -8.239936510889833698E-14 ) ) ;
#3141 = FACE_OUTER_BOUND ( 'NONE', #3533, .T. ) ;
#3142 = VERTEX_POINT ( 'NONE', #494 ) ;
#3143 = AXIS2_PLACEMENT_3D ( 'NONE', #2140, #2459, #1539 ) ;
#3144 = CARTESIAN_POINT ( 'NONE',  ( -111.9999999999999858, 164.0857864376268935, -3.000000000000019984 ) ) ;
#3145 = VECTOR ( 'NONE', #808, 1000.000000000000000 ) ;
#3146 = CARTESIAN_POINT ( 'NONE',  ( 0.000000000000000000, 220.0078823231443437, -58.50788232314376103 ) ) ;
#3147 = CARTESIAN_POINT ( 'NONE',  ( 112.2538169234631908, 163.9955870876025017, -3.055538695434812269 ) ) ;
#3148 = ORIENTED_EDGE ( 'NONE', *, *, #1354, .T. ) ;
#3149 = VERTEX_POINT ( 'NONE', #3187 ) ;
#3150 = DIRECTION ( 'NONE',  ( -1.000000000000000000, -0.000000000000000000, 3.469446951953614189E-15 ) ) ;
#3151 = EDGE_CURVE ( 'NONE', #1142, #1377, #1750, .T. ) ;
#3152 = EDGE_CURVE ( 'NONE', #731, #1395, #830, .T. ) ;
#3153 = AXIS2_PLACEMENT_3D ( 'NONE', #1412, #1729, #1432 ) ;
#3154 = DIRECTION ( 'NONE',  ( -0.000000000000000000, 0.7071067811865437980, 0.7071067811865513475 ) ) ;
#3155 = PLANE ( 'NONE',  #3553 ) ;
#3156 = VERTEX_POINT ( 'NONE', #572 ) ;
#3157 = ORIENTED_EDGE ( 'NONE', *, *, #1084, .F. ) ;
#3158 = VECTOR ( 'NONE', #2664, 1000.000000000000114 ) ;
#3159 = ADVANCED_FACE ( 'NONE', ( #1808 ), #40, .F. ) ;
#3160 = DIRECTION ( 'NONE',  ( 1.000000000000000000, 0.000000000000000000, 0.000000000000000000 ) ) ;
#3161 = ORIENTED_EDGE ( 'NONE', *, *, #2283, .F. ) ;
#3162 = CYLINDRICAL_SURFACE ( 'NONE', #3380, 0.9999999999999592548 ) ;
#3163 = EDGE_CURVE ( 'NONE', #1904, #1646, #2403, .T. ) ;
#3164 = DIRECTION ( 'NONE',  ( 0.000000000000000000, 0.000000000000000000, 1.000000000000000000 ) ) ;
#3165 = DIRECTION ( 'NONE',  ( 0.000000000000000000, 0.000000000000000000, 1.000000000000000000 ) ) ;
#3166 = CARTESIAN_POINT ( 'NONE',  ( 112.1269537963821534, 164.0406795021883397, -3.030300000000080818 ) ) ;
#3167 = EDGE_LOOP ( 'NONE', ( #2926, #3734, #384, #1654 ) ) ;
#3168 = CARTESIAN_POINT ( 'NONE',  ( -113.0469915374371368, 163.9955870876025301, -0.1041092933267716153 ) ) ;
#3169 = SHAPE_DEFINITION_REPRESENTATION ( #817, #2759 ) ;
#3170 = VERTEX_POINT ( 'NONE', #2446 ) ;
#3171 = DIRECTION ( 'NONE',  ( 1.387778780781502158E-14, 0.000000000000000000, 1.000000000000000000 ) ) ;
#3172 = VECTOR ( 'NONE', #145, 1000.000000000000000 ) ;
#3173 = VECTOR ( 'NONE', #2666, 1000.000000000000000 ) ;
#3174 = CARTESIAN_POINT ( 'NONE',  ( -81.24999999999995737, 1.530808498934175793E-16, -3.000000000000000000 ) ) ;
#3175 = VERTEX_POINT ( 'NONE', #2425 ) ;
#3176 = DIRECTION ( 'NONE',  ( 1.000000000000000000, 0.000000000000000000, 0.000000000000000000 ) ) ;
#3177 = ORIENTED_EDGE ( 'NONE', *, *, #132, .F. ) ;
#3178 = AXIS2_PLACEMENT_3D ( 'NONE', #2727, #344, #1773 ) ;
#3179 = CARTESIAN_POINT ( 'NONE',  ( 112.1309207904845522, 164.8247886444749497, -3.324788644474940824 ) ) ;
#3180 = CARTESIAN_POINT ( 'NONE',  ( 115.9999999999999716, 164.0857864376269220, -2.775557561562891351E-14 ) ) ;
#3181 = EDGE_CURVE ( 'NONE', #3821, #1428, #3758, .T. ) ;
#3182 = DIRECTION ( 'NONE',  ( -0.000000000000000000, -0.7071067811865516806, 0.7071067811865434649 ) ) ;
#3183 = CARTESIAN_POINT ( 'NONE',  ( 112.7754369370734793, 163.7700887125415932, -3.404074045640383073 ) ) ;
#3184 = VERTEX_POINT ( 'NONE', #2084 ) ;
#3185 = CARTESIAN_POINT ( 'NONE',  ( -113.0000000000000853, 189.0735931288074596, -68.75000000000009948 ) ) ;
#3186 = ADVANCED_FACE ( 'NONE', ( #1525 ), #2721, .F. ) ;
#3187 = CARTESIAN_POINT ( 'NONE',  ( -115.9999999999999858, 252.8883476483188986, -92.80256121069112396 ) ) ;
#3188 = EDGE_LOOP ( 'NONE', ( #2193, #3923, #2185, #1846 ) ) ;
#3189 = DIRECTION ( 'NONE',  ( 1.000000000000000000, 2.111744996378411727E-16, 3.391901413832836801E-15 ) ) ;
#3190 = CYLINDRICAL_SURFACE ( 'NONE', #1274, 3.199999999999994849 ) ;
#3191 = DIRECTION ( 'NONE',  ( 0.000000000000000000, -0.000000000000000000, -1.000000000000000000 ) ) ;
#3192 = CARTESIAN_POINT ( 'NONE',  ( -116.0000000000000853, 135.4999999999999432, -34.24999999999992895 ) ) ;
#3193 = ORIENTED_EDGE ( 'NONE', *, *, #1327, .T. ) ;
#3194 = AXIS2_PLACEMENT_3D ( 'NONE', #2321, #1722, #3052 ) ;
#3195 = CIRCLE ( 'NONE', #2495, 4.000000000000005329 ) ;
#3196 = DIRECTION ( 'NONE',  ( -0.000000000000000000, -0.000000000000000000, 1.000000000000000000 ) ) ;
#3197 = ORIENTED_EDGE ( 'NONE', *, *, #3152, .F. ) ;
#3198 = ORIENTED_EDGE ( 'NONE', *, *, #3163, .T. ) ;
#3199 = CARTESIAN_POINT ( 'NONE',  ( -111.9999999999999858, 252.8883476483188986, -92.80256121069115238 ) ) ;
#3200 = CIRCLE ( 'NONE', #343, 1.599999999999992317 ) ;
#3201 = CARTESIAN_POINT ( 'NONE',  ( -112.9444613045652233, 163.6347896875051049, -3.746183076536837131 ) ) ;
#3202 = EDGE_CURVE ( 'NONE', #2798, #2345, #3657, .T. ) ;
#3203 = LINE ( 'NONE', #492, #3145 ) ;
#3204 = EDGE_LOOP ( 'NONE', ( #2870, #479 ) ) ;
#3205 = AXIS2_PLACEMENT_3D ( 'NONE', #2286, #2324, #1072 ) ;
#3206 = EDGE_CURVE ( 'NONE', #2058, #3803, #913, .T. ) ;
#3207 = CIRCLE ( 'NONE', #1044, 1.599999999999992317 ) ;
#3208 = AXIS2_PLACEMENT_3D ( 'NONE', #1289, #968, #2516 ) ;
#3209 = DIRECTION ( 'NONE',  ( 0.000000000000000000, 0.7071067811865437980, 0.7071067811865513475 ) ) ;
#3210 = EDGE_LOOP ( 'NONE', ( #3627, #1958, #42, #3242 ) ) ;
#3211 = DIRECTION ( 'NONE',  ( -1.000000000000000000, -0.000000000000000000, 3.469446951953614189E-15 ) ) ;
#3212 = CARTESIAN_POINT ( 'NONE',  ( -116.0000000000000853, 135.4999999999999432, -33.00000000000000711 ) ) ;
#3213 = DIRECTION ( 'NONE',  ( 0.000000000000000000, 0.000000000000000000, 1.000000000000000000 ) ) ;
#3214 = DIRECTION ( 'NONE',  ( -0.000000000000000000, -0.7071067811865437980, -0.7071067811865512365 ) ) ;
#3215 = CARTESIAN_POINT ( 'NONE',  ( -113.0000000000000711, -134.5000000000000284, -31.75000000000008527 ) ) ;
#3216 = EDGE_LOOP ( 'NONE', ( #1234, #745, #1132, #555 ) ) ;
#3217 = LINE ( 'NONE', #1398, #2000 ) ;
#3218 = ORIENTED_EDGE ( 'NONE', *, *, #540, .F. ) ;
#3219 = CIRCLE ( 'NONE', #1496, 1.249999999999987121 ) ;
#3220 = ORIENTED_EDGE ( 'NONE', *, *, #255, .F. ) ;
#3221 = CARTESIAN_POINT ( 'NONE',  ( 45.50000000000000000, 226.4425540319419383, -64.94255403194131304 ) ) ;
#3222 = CARTESIAN_POINT ( 'NONE',  ( -114.4581868798996851, 163.8602880625660134, -0.8013326304073336015 ) ) ;
#3223 = CARTESIAN_POINT ( 'NONE',  ( 113.0000000000000853, 135.4999999999999432, -33.00000000000081002 ) ) ;
#3224 = VERTEX_POINT ( 'NONE', #2677 ) ;
#3225 = DIRECTION ( 'NONE',  ( 1.000000000000000000, 0.000000000000000000, 0.000000000000000000 ) ) ;
#3226 = ORIENTED_EDGE ( 'NONE', *, *, #2647, .T. ) ;
#3227 = FACE_OUTER_BOUND ( 'NONE', #504, .T. ) ;
#3228 = EDGE_CURVE ( 'NONE', #1610, #2728, #2701, .T. ) ;
#3229 = CARTESIAN_POINT ( 'NONE',  ( -111.9999999999999858, 253.5954544295054234, -92.09545442950459915 ) ) ;
#3230 = DIRECTION ( 'NONE',  ( 0.000000000000000000, 0.000000000000000000, 1.000000000000000000 ) ) ;
#3231 = ADVANCED_FACE ( 'NONE', ( #3928 ), #634, .F. ) ;
#3232 = DIRECTION ( 'NONE',  ( 1.000000000000000000, 0.000000000000000000, 0.000000000000000000 ) ) ;
#3233 = ORIENTED_EDGE ( 'NONE', *, *, #3818, .F. ) ;
#3234 = EDGE_CURVE ( 'NONE', #3756, #3257, #3059, .T. ) ;
#3235 = CIRCLE ( 'NONE', #3609, 1.249999999999978906 ) ;
#3236 = ADVANCED_FACE ( 'NONE', ( #3321 ), #3886, .F. ) ;
#3237 = CARTESIAN_POINT ( 'NONE',  ( 11.99999999999997868, 80.74999999999913314, 80.74999999999997158 ) ) ;
#3238 = ORIENTED_EDGE ( 'NONE', *, *, #2814, .F. ) ;
#3239 = EDGE_LOOP ( 'NONE', ( #2559, #3042, #2044, #1592 ) ) ;
#3240 = DIRECTION ( 'NONE',  ( 1.000000000000000000, -2.793261385626813401E-31, -3.469446951953613794E-15 ) ) ;
#3241 = CARTESIAN_POINT ( 'NONE',  ( 115.9999999999999858, 2.449624195798956697E-14, 4.129302904431486081E-13 ) ) ;
#3242 = ORIENTED_EDGE ( 'NONE', *, *, #2112, .F. ) ;
#3243 = EDGE_CURVE ( 'NONE', #2714, #2466, #3302, .T. ) ;
#3244 = EDGE_CURVE ( 'NONE', #1363, #2074, #2464, .T. ) ;
#3245 = ORIENTED_EDGE ( 'NONE', *, *, #3530, .F. ) ;
#3246 = FACE_OUTER_BOUND ( 'NONE', #543, .T. ) ;
#3247 = LINE ( 'NONE', #1027, #3283 ) ;
#3248 = AXIS2_PLACEMENT_3D ( 'NONE', #2555, #121, #433 ) ;
#3249 = LINE ( 'NONE', #1472, #3173 ) ;
#3250 = CARTESIAN_POINT ( 'NONE',  ( -113.0000000000001137, 148.3141409374415502, -43.38268343236525482 ) ) ;
#3251 = VERTEX_POINT ( 'NONE', #1170 ) ;
#3252 = CARTESIAN_POINT ( 'NONE',  ( -81.24999999999995737, 120.0000000000000000, 0.000000000000000000 ) ) ;
#3253 = VERTEX_POINT ( 'NONE', #3338 ) ;
#3254 = EDGE_LOOP ( 'NONE', ( #333, #137, #2165, #1954 ) ) ;
#3255 = DIRECTION ( 'NONE',  ( 0.000000000000000000, 0.000000000000000000, 1.000000000000000000 ) ) ;
#3256 = CARTESIAN_POINT ( 'NONE',  ( 78.75000000000004263, 120.0000000000000000, 0.000000000000000000 ) ) ;
#3257 = VERTEX_POINT ( 'NONE', #2977 ) ;
#3258 = CIRCLE ( 'NONE', #2183, 1.249999999999987121 ) ;
#3259 = CARTESIAN_POINT ( 'NONE',  ( -113.0000000000000711, -114.5000000000000284, -33.00000000000001421 ) ) ;
#3260 = VERTEX_POINT ( 'NONE', #339 ) ;
#3261 = CARTESIAN_POINT ( 'NONE',  ( -111.9999999999999858, 252.8883476483188986, -92.80256121069115238 ) ) ;
#3262 = VECTOR ( 'NONE', #2121, 1000.000000000000000 ) ;
#3263 = CIRCLE ( 'NONE', #470, 1.249999999999987121 ) ;
#3264 = LINE ( 'NONE', #3025, #3158 ) ;
#3265 = AXIS2_PLACEMENT_3D ( 'NONE', #135, #2184, #1343 ) ;
#3266 = CIRCLE ( 'NONE', #598, 1.599999999999992317 ) ;
#3267 = CARTESIAN_POINT ( 'NONE',  ( -116.0000000000000853, 135.4999999999999432, -34.24999999999997868 ) ) ;
#3268 = CARTESIAN_POINT ( 'NONE',  ( -116.0000000000002274, 189.0735931288074596, -70.00000000000000000 ) ) ;
#3269 = ORIENTED_EDGE ( 'NONE', *, *, #3702, .F. ) ;
#3270 = EDGE_CURVE ( 'NONE', #509, #430, #2046, .T. ) ;
#3271 = EDGE_CURVE ( 'NONE', #3510, #3401, #2551, .T. ) ;
#3272 = CARTESIAN_POINT ( 'NONE',  ( -78.75000000000001421, 0.000000000000000000, -3.000000000000000000 ) ) ;
#3273 = ORIENTED_EDGE ( 'NONE', *, *, #1823, .F. ) ;
#3274 = ORIENTED_EDGE ( 'NONE', *, *, #3478, .F. ) ;
#3275 = FACE_OUTER_BOUND ( 'NONE', #1619, .T. ) ;
#3276 = EDGE_CURVE ( 'NONE', #3848, #2500, #256, .T. ) ;
#3277 = EDGE_CURVE ( 'NONE', #2119, #2244, #869, .T. ) ;
#3278 = AXIS2_PLACEMENT_3D ( 'NONE', #2645, #1149, #812 ) ;
#3279 = DIRECTION ( 'NONE',  ( -1.000000000000000000, -2.453269466693385605E-15, -2.453269466693411243E-15 ) ) ;
#3280 = ORIENTED_EDGE ( 'NONE', *, *, #700, .T. ) ;
#3281 = EDGE_CURVE ( 'NONE', #3555, #1751, #1347, .T. ) ;
#3282 = PERSON ( '未', '未', '未', ('未'), ('未'), ('未') ) ;
#3283 = VECTOR ( 'NONE', #2222, 1000.000000000000000 ) ;
#3284 = EDGE_CURVE ( 'NONE', #2810, #513, #734, .T. ) ;
#3285 = CARTESIAN_POINT ( 'NONE',  ( 78.75000000000004263, 1.530808498934167412E-16, 0.000000000000000000 ) ) ;
#3286 = ORIENTED_EDGE ( 'NONE', *, *, #3244, .T. ) ;
#3287 = PLANE ( 'NONE',  #926 ) ;
#3288 = CARTESIAN_POINT ( 'NONE',  ( 11.99999999999997868, 221.7756492761106983, -60.27564927611015122 ) ) ;
#3289 = CARTESIAN_POINT ( 'NONE',  ( 115.9999999999999716, 164.0857864376269220, -4.000000000000023981 ) ) ;
#3290 = FACE_OUTER_BOUND ( 'NONE', #80, .T. ) ;
#3291 = CIRCLE ( 'NONE', #175, 1.249999999999862332 ) ;
#3292 = ORIENTED_EDGE ( 'NONE', *, *, #1589, .F. ) ;
#3293 = DIRECTION ( 'NONE',  ( 0.000000000000000000, 0.7071067811865336949, 0.7071067811865614505 ) ) ;
#3294 = ORIENTED_EDGE ( 'NONE', *, *, #1300, .T. ) ;
#3295 = ORIENTED_EDGE ( 'NONE', *, *, #329, .T. ) ;
#3296 = AXIS2_PLACEMENT_3D ( 'NONE', #1320, #1355, #462 ) ;
#3297 = DIRECTION ( 'NONE',  ( 0.000000000000000000, 0.7071067811865437980, 0.7071067811865513475 ) ) ;
#3298 = LOCAL_TIME ( 20, 44, 46.00000000000000000, #937 ) ;
#3299 = CARTESIAN_POINT ( 'NONE',  ( -111.9999999999999858, 253.5954544295054234, -92.09545442950459915 ) ) ;
#3300 = ORIENTED_EDGE ( 'NONE', *, *, #3106, .T. ) ;
#3301 = CARTESIAN_POINT ( 'NONE',  ( 115.9251098869732743, 165.1505766250176350, -3.573015533217838158 ) ) ;
#3302 = LINE ( 'NONE', #554, #2180 ) ;
#3303 = DIRECTION ( 'NONE',  ( 1.000000000000000000, 0.000000000000000000, 0.000000000000000000 ) ) ;
#3304 = ORIENTED_EDGE ( 'NONE', *, *, #1174, .T. ) ;
#3305 = DIRECTION ( 'NONE',  ( -1.000000000000000000, -0.000000000000000000, 3.469446951953614189E-15 ) ) ;
#3306 = VECTOR ( 'NONE', #2925, 1000.000000000000000 ) ;
#3307 = DIRECTION ( 'NONE',  ( -0.000000000000000000, -0.7071067811865437980, -0.7071067811865512365 ) ) ;
#3308 =( NAMED_UNIT ( * ) SI_UNIT ( $, .STERADIAN. ) SOLID_ANGLE_UNIT ( ) );
#3309 = DIRECTION ( 'NONE',  ( 2.811001331764280642E-31, 1.000000000000000000, -9.752620002427133873E-46 ) ) ;
#3310 = CARTESIAN_POINT ( 'NONE',  ( -112.9739726766682821, 163.6347896875051049, -3.738252115640751327 ) ) ;
#3311 = AXIS2_PLACEMENT_3D ( 'NONE', #1854, #898, #1553 ) ;
#3312 = DIRECTION ( 'NONE',  ( -1.000000000000000000, -0.000000000000000000, 3.469446951953614189E-15 ) ) ;
#3313 = ORIENTED_EDGE ( 'NONE', *, *, #957, .T. ) ;
#3314 = ORIENTED_EDGE ( 'NONE', *, *, #46, .F. ) ;
#3315 = CARTESIAN_POINT ( 'NONE',  ( 0.000000000000000000, 166.9142135623730780, -1.171572875253809709 ) ) ;
#3316 = DIRECTION ( 'NONE',  ( 0.000000000000000000, -0.000000000000000000, -1.000000000000000000 ) ) ;
#3317 = ORIENTED_EDGE ( 'NONE', *, *, #294, .F. ) ;
#3318 = CARTESIAN_POINT ( 'NONE',  ( 115.5213591450676347, 165.7760416823730623, -2.819989331740730965 ) ) ;
#3319 = CARTESIAN_POINT ( 'NONE',  ( 80.00000000000001421, -120.0000000000000000, 0.000000000000000000 ) ) ;
#3320 = EDGE_CURVE ( 'NONE', #616, #840, #2523, .T. ) ;
#3321 = FACE_OUTER_BOUND ( 'NONE', #1717, .T. ) ;
#3322 = CARTESIAN_POINT ( 'NONE',  ( -51.50000000000000000, 225.6647365726367980, -74.06423150924779009 ) ) ;
#3323 = CARTESIAN_POINT ( 'NONE',  ( -111.9999999999999716, 164.0857864376268935, -4.000000000000021316 ) ) ;
#3324 = AXIS2_PLACEMENT_3D ( 'NONE', #535, #1370, #3209 ) ;
#3325 = DIRECTION ( 'NONE',  ( -0.000000000000000000, 0.7071067811865437980, 0.7071067811865513475 ) ) ;
#3326 = B_SPLINE_CURVE_WITH_KNOTS ( 'NONE', 3,
 ( #2659, #2915, #2340, #2934, #451, #1664 ),
 .UNSPECIFIED., .F., .F.,
 ( 4, 2, 4 ),
 ( 0.000000000000000000, 0.5000000000000000000, 1.000000000000000000 ),
 .UNSPECIFIED. ) ;
#3327 = EDGE_CURVE ( 'NONE', #840, #2728, #3195, .T. ) ;
#3328 = VECTOR ( 'NONE', #2201, 1000.000000000000114 ) ;
#3329 = CARTESIAN_POINT ( 'NONE',  ( -115.9999999999999716, -164.5000000000000284, -2.999999999999989342 ) ) ;
#3330 = VECTOR ( 'NONE', #209, 1000.000000000000000 ) ;
#3331 = CARTESIAN_POINT ( 'NONE',  ( 80.00000000000001421, 120.0000000000000000, 0.000000000000000000 ) ) ;
#3332 = ORIENTED_EDGE ( 'NONE', *, *, #538, .T. ) ;
#3333 = ORIENTED_EDGE ( 'NONE', *, *, #1113, .F. ) ;
#3334 = CARTESIAN_POINT ( 'NONE',  ( 0.000000000000000000, 0.000000000000000000, 0.000000000000000000 ) ) ;
#3335 = CARTESIAN_POINT ( 'NONE',  ( -68.50000000000000000, 80.74999999999913314, 80.74999999999997158 ) ) ;
#3336 = ORIENTED_EDGE ( 'NONE', *, *, #2690, .F. ) ;
#3337 = CARTESIAN_POINT ( 'NONE',  ( -115.9999999999999716, 164.0857864376269220, -3.000000000000026645 ) ) ;
#3338 = CARTESIAN_POINT ( 'NONE',  ( -111.9999999999999858, 253.5954544295054234, -92.09545442950459915 ) ) ;
#3339 = DIRECTION ( 'NONE',  ( 0.000000000000000000, -0.7071067811865503483, 0.7071067811865446862 ) ) ;
#3340 = EDGE_LOOP ( 'NONE', ( #1052, #3899, #2092, #1756 ) ) ;
#3341 = CARTESIAN_POINT ( 'NONE',  ( 45.50000000000000000, 225.3111831820434645, -63.81118318204284634 ) ) ;
#3342 = DIRECTION ( 'NONE',  ( 0.000000000000000000, 0.000000000000000000, 1.000000000000000000 ) ) ;
#3343 = COORDINATED_UNIVERSAL_TIME_OFFSET ( 8, 0, .AHEAD. ) ;
#3344 = CARTESIAN_POINT ( 'NONE',  ( 81.25000000000000000, 120.0000000000000000, 1.402220585023716934E-15 ) ) ;
#3345 = EDGE_CURVE ( 'NONE', #141, #1735, #953, .T. ) ;
#3346 = EDGE_LOOP ( 'NONE', ( #1604, #2856 ) ) ;
#3347 = FACE_BOUND ( 'NONE', #3710, .T. ) ;
#3348 = DIRECTION ( 'NONE',  ( -0.000000000000000000, 0.7071067811865437980, 0.7071067811865513475 ) ) ;
#3349 = ORIENTED_EDGE ( 'NONE', *, *, #647, .F. ) ;
#3350 = EDGE_LOOP ( 'NONE', ( #2930, #1582 ) ) ;
#3351 = LINE ( 'NONE', #3669, #3328 ) ;
#3352 = EDGE_CURVE ( 'NONE', #341, #1587, #2846, .T. ) ;
#3353 = CARTESIAN_POINT ( 'NONE',  ( 1.530052174732959625E-14, 189.9558441227159165, -28.45584412271565000 ) ) ;
#3354 = ORIENTED_EDGE ( 'NONE', *, *, #3799, .T. ) ;
#3355 = FACE_OUTER_BOUND ( 'NONE', #3839, .T. ) ;
#3356 = CARTESIAN_POINT ( 'NONE',  ( -112.8473106607871586, 164.6862309164213514, -3.909800097692401444 ) ) ;
#3357 = AXIS2_PLACEMENT_3D ( 'NONE', #1128, #3771, #3494 ) ;
#3358 = DIRECTION ( 'NONE',  ( -3.469446951953614189E-15, 0.7071067811865436870, 0.7071067811865513475 ) ) ;
#3359 = CARTESIAN_POINT ( 'NONE',  ( 5.500000000000000000, 219.2300648638392033, -67.62955980045022386 ) ) ;
#3360 = ORIENTED_EDGE ( 'NONE', *, *, #2647, .F. ) ;
#3361 = CARTESIAN_POINT ( 'NONE',  ( 1.250000000000001110, -120.0000000000000000, 1.402220585023716934E-15 ) ) ;
#3362 = EDGE_CURVE ( 'NONE', #2057, #1735, #88, .T. ) ;
#3363 = COORDINATED_UNIVERSAL_TIME_OFFSET ( 8, 0, .AHEAD. ) ;
#3364 = PLANE ( 'NONE',  #2476 ) ;
#3365 = AXIS2_PLACEMENT_3D ( 'NONE', #3524, #160, #797 ) ;
#3366 = CARTESIAN_POINT ( 'NONE',  ( 1.387778780781445676E-14, -120.0000000000000000, 1.402220585023716934E-15 ) ) ;
#3367 = CARTESIAN_POINT ( 'NONE',  ( 113.0000000000003695, 2.845792581364336121E-13, 2.845792581364366413E-13 ) ) ;
#3368 = ORIENTED_EDGE ( 'NONE', *, *, #2835, .F. ) ;
#3369 = EDGE_LOOP ( 'NONE', ( #1301, #2258, #3469, #2098 ) ) ;
#3370 = DIRECTION ( 'NONE',  ( 1.000000000000000000, 0.000000000000000000, 0.000000000000000000 ) ) ;
#3371 = DIRECTION ( 'NONE',  ( 0.000000000000000000, -0.7071067811865519026, 0.7071067811865431318 ) ) ;
#3372 = EDGE_LOOP ( 'NONE', ( #2461, #3368 ) ) ;
#3373 = DIRECTION ( 'NONE',  ( 0.000000000000000000, -0.7071067811865519026, 0.7071067811865431318 ) ) ;
#3374 = CARTESIAN_POINT ( 'NONE',  ( -116.0000000000001137, -3.632201393770863872E-15, -43.00000000000000000 ) ) ;
#3375 = DIRECTION ( 'NONE',  ( 0.000000000000000000, 0.7071067811865507924, -0.7071067811865442421 ) ) ;
#3376 = CARTESIAN_POINT ( 'NONE',  ( 114.0144759214835801, 163.9053877375781383, -0.5048544465830292483 ) ) ;
#3377 = ORIENTED_EDGE ( 'NONE', *, *, #814, .F. ) ;
#3378 = DIRECTION ( 'NONE',  ( -1.000000000000000000, -0.000000000000000000, 3.469446951953614189E-15 ) ) ;
#3379 = VECTOR ( 'NONE', #3826, 1000.000000000000000 ) ;
#3380 = AXIS2_PLACEMENT_3D ( 'NONE', #2554, #2186, #3391 ) ;
#3381 = CALENDAR_DATE ( 2026, 30, 7 ) ;
#3382 = CARTESIAN_POINT ( 'NONE',  ( 52.00000000000003553, 223.8969696196703580, -58.15432893255047020 ) ) ;
#3383 = DIRECTION ( 'NONE',  ( -0.000000000000000000, -0.000000000000000000, 1.000000000000000000 ) ) ;
#3384 = DIRECTION ( 'NONE',  ( 0.000000000000000000, 0.000000000000000000, 1.000000000000000000 ) ) ;
#3385 = VERTEX_POINT ( 'NONE', #1870 ) ;
#3386 = EDGE_CURVE ( 'NONE', #1774, #845, #3732, .T. ) ;
#3387 = DIRECTION ( 'NONE',  ( 1.000000000000000000, 0.000000000000000000, 0.000000000000000000 ) ) ;
#3388 = VECTOR ( 'NONE', #1439, 1000.000000000000000 ) ;
#3389 = CYLINDRICAL_SURFACE ( 'NONE', #473, 3.199999999999994849 ) ;
#3390 = ORIENTED_EDGE ( 'NONE', *, *, #998, .F. ) ;
#3391 = DIRECTION ( 'NONE',  ( 1.000000000000000000, 0.000000000000000000, 3.469446951953755395E-15 ) ) ;
#3392 = EDGE_CURVE ( 'NONE', #1418, #1190, #2168, .T. ) ;
#3393 = CARTESIAN_POINT ( 'NONE',  ( -116.0300000000000296, 164.8096576927277965, -3.977703611436935738 ) ) ;
#3394 = EDGE_CURVE ( 'NONE', #2545, #1377, #399, .T. ) ;
#3395 = EDGE_CURVE ( 'NONE', #153, #2798, #874, .T. ) ;
#3396 = CARTESIAN_POINT ( 'NONE',  ( 111.9999999999999574, 164.7928932188135036, -3.292893218813481848 ) ) ;
#3397 = CARTESIAN_POINT ( 'NONE',  ( 112.9999999999999716, 163.5445903374807131, -4.000000000000031086 ) ) ;
#3398 = ORIENTED_EDGE ( 'NONE', *, *, #2536, .F. ) ;
#3399 = DIRECTION ( 'NONE',  ( 1.387778780781502158E-14, -0.000000000000000000, 1.000000000000000000 ) ) ;
#3400 = EDGE_CURVE ( 'NONE', #2310, #3861, #1909, .T. ) ;
#3401 = VERTEX_POINT ( 'NONE', #1270 ) ;
#3403 = LINE ( 'NONE', #2852, #2423 ) ;
#3402 = VECTOR ( 'NONE', #2816, 1000.000000000000000 ) ;
#3404 = CARTESIAN_POINT ( 'NONE',  ( 115.9999999999999716, 163.5896900124928663, -3.476401224401704848 ) ) ;
#3405 = DIRECTION ( 'NONE',  ( -0.000000000000000000, -0.000000000000000000, 1.000000000000000000 ) ) ;
#3406 = FACE_BOUND ( 'NONE', #645, .T. ) ;
#3407 = ORIENTED_EDGE ( 'NONE', *, *, #3271, .F. ) ;
#3408 = ADVANCED_FACE ( 'NONE', ( #2483, #1613 ), #104, .F. ) ;
#3409 = VERTEX_POINT ( 'NONE', #3396 ) ;
#3410 = DIRECTION ( 'NONE',  ( -0.000000000000000000, -0.7071067811865437980, -0.7071067811865512365 ) ) ;
#3411 = CARTESIAN_POINT ( 'NONE',  ( -114.0144759214836512, 166.6847887038038039, -1.656120022066556396 ) ) ;
#3412 = VERTEX_POINT ( 'NONE', #122 ) ;
#3413 = DIRECTION ( 'NONE',  ( 3.469446951953613794E-15, 1.555753819465285427E-61, 1.000000000000000000 ) ) ;
#3414 = AXIS2_PLACEMENT_3D ( 'NONE', #2429, #2683, #2962 ) ;
#3415 = DIRECTION ( 'NONE',  ( 1.000000000000000000, 0.000000000000000000, 0.000000000000000000 ) ) ;
#3416 = DIRECTION ( 'NONE',  ( 0.000000000000000000, 0.7071067811865437980, 0.7071067811865513475 ) ) ;
#3417 = DIRECTION ( 'NONE',  ( 0.000000000000000000, -0.7071067811865513475, 0.7071067811865437980 ) ) ;
#3418 = EDGE_LOOP ( 'NONE', ( #636, #3833, #1777, #117 ) ) ;
#3419 = DIRECTION ( 'NONE',  ( 0.000000000000000000, 0.7071067811865474617, -0.7071067811865474617 ) ) ;
#3420 = ORIENTED_EDGE ( 'NONE', *, *, #1748, .F. ) ;
#3421 = AXIS2_PLACEMENT_3D ( 'NONE', #1061, #725, #3191 ) ;
#3422 = AXIS2_PLACEMENT_3D ( 'NONE', #2386, #816, #2068 ) ;
#3423 = ORIENTED_EDGE ( 'NONE', *, *, #3846, .F. ) ;
#3424 = CARTESIAN_POINT ( 'NONE',  ( 113.0000000000001705, -164.5000000000000284, -43.00000000000000000 ) ) ;
#3425 = CYLINDRICAL_SURFACE ( 'NONE', #2969, 1.249999999999978906 ) ;
#3426 = CARTESIAN_POINT ( 'NONE',  ( -116.0000000000000711, -114.5000000000000284, -33.00000000000000711 ) ) ;
#3427 = ORIENTED_EDGE ( 'NONE', *, *, #3921, .F. ) ;
#3428 = ORIENTED_EDGE ( 'NONE', *, *, #2113, .T. ) ;
#3429 = VECTOR ( 'NONE', #3733, 1000.000000000000000 ) ;
#3430 = DIRECTION ( 'NONE',  ( -1.000000000000000000, -2.111744996378410988E-16, -3.491481338843133355E-15 ) ) ;
#3431 = CARTESIAN_POINT ( 'NONE',  ( -79.99999999999998579, 120.0000000000000000, -3.000000000000000000 ) ) ;
#3432 = ORIENTED_EDGE ( 'NONE', *, *, #161, .T. ) ;
#3433 = CARTESIAN_POINT ( 'NONE',  ( 112.8473106607871017, 164.6862309164213798, -3.909800097692398335 ) ) ;
#3434 = ORIENTED_EDGE ( 'NONE', *, *, #3106, .F. ) ;
#3435 = DIRECTION ( 'NONE',  ( -3.469446951953614189E-15, 0.000000000000000000, 1.000000000000000000 ) ) ;
#3436 = VECTOR ( 'NONE', #138, 1000.000000000000000 ) ;
#3437 = DIRECTION ( 'NONE',  ( 1.000000000000000000, 0.000000000000000000, 0.000000000000000000 ) ) ;
#3438 = LINE ( 'NONE', #3751, #3429 ) ;
#3439 = VERTEX_POINT ( 'NONE', #139 ) ;
#3440 = AXIS2_PLACEMENT_3D ( 'NONE', #129, #110, #1022 ) ;
#3441 = ADVANCED_FACE ( 'NONE', ( #1947 ), #2227, .F. ) ;
#3442 = EDGE_CURVE ( 'NONE', #1363, #309, #2216, .T. ) ;
#3443 = ORIENTED_EDGE ( 'NONE', *, *, #2323, .F. ) ;
#3444 = LINE ( 'NONE', #1040, #579 ) ;
#3445 = EDGE_CURVE ( 'NONE', #3861, #3903, #1510, .T. ) ;
#3446 = VECTOR ( 'NONE', #3832, 1000.000000000000000 ) ;
#3447 = DIRECTION ( 'NONE',  ( 1.000000000000000000, 0.000000000000000000, 0.000000000000000000 ) ) ;
#3448 = CARTESIAN_POINT ( 'NONE',  ( 5.500000000000000000, 221.4928065636361509, -69.89230150024715726 ) ) ;
#3449 = ORIENTED_EDGE ( 'NONE', *, *, #1351, .F. ) ;
#3450 = ORIENTED_EDGE ( 'NONE', *, *, #3228, .F. ) ;
#3451 = VECTOR ( 'NONE', #3123, 1000.000000000000000 ) ;
#3452 = CARTESIAN_POINT ( 'NONE',  ( 80.00000000000001421, -120.0000000000000000, -3.000000000000000000 ) ) ;
#3453 = VERTEX_POINT ( 'NONE', #717 ) ;
#3454 = AXIS2_PLACEMENT_3D ( 'NONE', #688, #2477, #293 ) ;
#3455 = CARTESIAN_POINT ( 'NONE',  ( 112.9696999999999605, 164.5263443403840427, -4.261018122118861662 ) ) ;
#3456 = CARTESIAN_POINT ( 'NONE',  ( 81.24999999999998579, 0.000000000000000000, -3.000000000000000000 ) ) ;
#3457 = VECTOR ( 'NONE', #1460, 1000.000000000000000 ) ;
#3458 = AXIS2_PLACEMENT_3D ( 'NONE', #1184, #591, #1824 ) ;
#3459 = DIRECTION ( 'NONE',  ( -1.000000000000000000, -2.111744996378410988E-16, -3.469446951953614189E-15 ) ) ;
#3460 = FACE_OUTER_BOUND ( 'NONE', #1966, .T. ) ;
#3461 = ORIENTED_EDGE ( 'NONE', *, *, #2402, .T. ) ;
#3462 = ORIENTED_EDGE ( 'NONE', *, *, #2743, .F. ) ;
#3463 = ORIENTED_EDGE ( 'NONE', *, *, #2860, .F. ) ;
#3464 = CYLINDRICAL_SURFACE ( 'NONE', #394, 1.599999999999992317 ) ;
#3465 = AXIS2_PLACEMENT_3D ( 'NONE', #3331, #606, #1819 ) ;
#3466 = CARTESIAN_POINT ( 'NONE',  ( 34.50000000000000000, 225.3111831820434645, -63.81118318204284634 ) ) ;
#3467 = ORIENTED_EDGE ( 'NONE', *, *, #3445, .T. ) ;
#3468 = EDGE_CURVE ( 'NONE', #415, #1512, #1577, .T. ) ;
#3469 = ORIENTED_EDGE ( 'NONE', *, *, #3228, .T. ) ;
#3470 = AXIS2_PLACEMENT_3D ( 'NONE', #1996, #393, #3213 ) ;
#3471 = DIRECTION ( 'NONE',  ( 0.000000000000000000, 0.7071067811865519026, -0.7071067811865431318 ) ) ;
#3472 = EDGE_LOOP ( 'NONE', ( #2011, #893 ) ) ;
#3473 = EDGE_CURVE ( 'NONE', #1428, #3821, #125, .T. ) ;
#3474 = PLANE ( 'NONE',  #2738 ) ;
#3475 = CARTESIAN_POINT ( 'NONE',  ( -115.2226573748646814, 163.7700887125416500, -1.523376718501155525 ) ) ;
#3476 = FACE_OUTER_BOUND ( 'NONE', #2579, .T. ) ;
#3477 = ORIENTED_EDGE ( 'NONE', *, *, #718, .T. ) ;
#3478 = EDGE_CURVE ( 'NONE', #2699, #415, #3844, .T. ) ;
#3479 = ORIENTED_EDGE ( 'NONE', *, *, #1208, .F. ) ;
#3480 = FACE_OUTER_BOUND ( 'NONE', #1249, .T. ) ;
#3481 = VECTOR ( 'NONE', #2568, 1000.000000000000000 ) ;
#3482 = AXIS2_PLACEMENT_3D ( 'NONE', #519, #1531, #602 ) ;
#3483 = CARTESIAN_POINT ( 'NONE',  ( -112.9999999999999716, 163.5445903374807415, -4.000000000000017764 ) ) ;
#3484 = DIRECTION ( 'NONE',  ( -0.000000000000000000, -0.000000000000000000, 1.000000000000000000 ) ) ;
#3485 = ORIENTED_EDGE ( 'NONE', *, *, #1276, .F. ) ;
#3486 = ADVANCED_FACE ( 'NONE', ( #491 ), #192, .F. ) ;
#3487 = FACE_OUTER_BOUND ( 'NONE', #3907, .T. ) ;
#3488 = EDGE_LOOP ( 'NONE', ( #34, #1243, #452, #442 ) ) ;
#3489 = VECTOR ( 'NONE', #2710, 1000.000000000000114 ) ;
#3490 = EDGE_CURVE ( 'NONE', #924, #1142, #1682, .T. ) ;
#3491 = ORIENTED_EDGE ( 'NONE', *, *, #3691, .T. ) ;
#3492 = CARTESIAN_POINT ( 'NONE',  ( 116.0000000000004547, 135.4999999999999432, -33.00000000000081002 ) ) ;
#3493 = AXIS2_PLACEMENT_3D ( 'NONE', #2426, #3906, #2130 ) ;
#3494 = DIRECTION ( 'NONE',  ( 0.000000000000000000, -0.7071067811865519026, 0.7071067811865431318 ) ) ;
#3495 = LINE ( 'NONE', #3536, #2313 ) ;
#3496 = ORIENTED_EDGE ( 'NONE', *, *, #578, .F. ) ;
#3497 = CARTESIAN_POINT ( 'NONE',  ( 1.387778780781445676E-14, -120.0000000000000000, 0.000000000000000000 ) ) ;
#3498 = CIRCLE ( 'NONE', #3440, 1.249999999999987121 ) ;
#3499 = EDGE_LOOP ( 'NONE', ( #3398, #2269, #2481, #2325 ) ) ;
#3500 = PLANE ( 'NONE',  #1685 ) ;
#3501 = DIRECTION ( 'NONE',  ( -0.000000000000000000, -0.000000000000000000, 1.000000000000000000 ) ) ;
#3502 = CARTESIAN_POINT ( 'NONE',  ( 1.249999999999992895, -120.0000000000000000, 0.000000000000000000 ) ) ;
#3503 = LINE ( 'NONE', #2964, #3576 ) ;
#3504 = ORIENTED_EDGE ( 'NONE', *, *, #2988, .F. ) ;
#3505 = CIRCLE ( 'NONE', #3700, 1.599999999999992317 ) ;
#3506 = VECTOR ( 'NONE', #995, 1000.000000000000000 ) ;
#3507 = CARTESIAN_POINT ( 'NONE',  ( 68.00000000000002842, 223.8969696196703580, -58.15432893255047020 ) ) ;
#3508 = EDGE_LOOP ( 'NONE', ( #2621, #1125, #1665, #2740 ) ) ;
#3509 = CC_DESIGN_PERSON_AND_ORGANIZATION_ASSIGNMENT ( #323, #1836, ( #1901 ) ) ;
#3510 = VERTEX_POINT ( 'NONE', #1054 ) ;
#3511 = CARTESIAN_POINT ( 'NONE',  ( 11.99999999999997868, 230.9680374315358904, -65.22539674441588886 ) ) ;
#3512 = CARTESIAN_POINT ( 'NONE',  ( -116.0000000000000711, -114.5000000000000284, -31.75000000000008527 ) ) ;
#3513 = EDGE_CURVE ( 'NONE', #489, #2908, #2636, .T. ) ;
#3514 = CARTESIAN_POINT ( 'NONE',  ( 45.50000000000000000, 228.5638743755015980, -62.82123368838163202 ) ) ;
#3515 = ORIENTED_EDGE ( 'NONE', *, *, #2399, .T. ) ;
#3516 = AXIS2_PLACEMENT_3D ( 'NONE', #906, #1248, #1520 ) ;
#3517 = CARTESIAN_POINT ( 'NONE',  ( -114.0144759214836085, 163.9053877375781667, -0.5048544465830141492 ) ) ;
#3518 = EDGE_CURVE ( 'NONE', #9, #3409, #2007, .T. ) ;
#3519 = AXIS2_PLACEMENT_3D ( 'NONE', #2989, #922, #1198 ) ;
#3520 = DIRECTION ( 'NONE',  ( 1.000000000000000000, 0.000000000000000000, 0.000000000000000000 ) ) ;
#3521 = ADVANCED_FACE ( 'NONE', ( #2305 ), #1424, .F. ) ;
#3522 = ORIENTED_EDGE ( 'NONE', *, *, #1247, .F. ) ;
#3523 = PLANE ( 'NONE',  #3278 ) ;
#3524 = CARTESIAN_POINT ( 'NONE',  ( -79.99999999999998579, 0.000000000000000000, 1.402220585023716934E-15 ) ) ;
#3525 = EDGE_CURVE ( 'NONE', #804, #1971, #2597, .T. ) ;
#3526 = FACE_OUTER_BOUND ( 'NONE', #2654, .T. ) ;
#3527 = CARTESIAN_POINT ( 'NONE',  ( 112.9999999999999716, 163.5445903374807131, -4.000000000000031086 ) ) ;
#3528 = CARTESIAN_POINT ( 'NONE',  ( 0.000000000000000000, 0.000000000000000000, 1.402220585023716934E-15 ) ) ;
#3529 = ORIENTED_EDGE ( 'NONE', *, *, #2793, .T. ) ;
#3530 = EDGE_CURVE ( 'NONE', #2275, #2778, #900, .T. ) ;
#3531 = DIRECTION ( 'NONE',  ( 3.276546970796260536E-15, 0.3826834323650908365, 0.9238795325112862944 ) ) ;
#3532 = EDGE_LOOP ( 'NONE', ( #2508, #1205, #2298, #2233 ) ) ;
#3533 = EDGE_LOOP ( 'NONE', ( #2427, #3678, #1073, #765 ) ) ;
#3534 = CARTESIAN_POINT ( 'NONE',  ( -115.9999999999999716, -164.5000000000000284, -3.000000000000000000 ) ) ;
#3535 = DIRECTION ( 'NONE',  ( 0.000000000000000000, 0.7071067811865437980, 0.7071067811865513475 ) ) ;
#3536 = CARTESIAN_POINT ( 'NONE',  ( 116.0000000000001421, 2.086404056421869915E-14, -43.00000000000000000 ) ) ;
#3537 = ORIENTED_EDGE ( 'NONE', *, *, #365, .T. ) ;
#3538 = CARTESIAN_POINT ( 'NONE',  ( 11.99999999999997868, 223.8969696196703580, -58.15432893255047020 ) ) ;
#3539 = EDGE_LOOP ( 'NONE', ( #2513, #2594 ) ) ;
#3540 = FACE_OUTER_BOUND ( 'NONE', #3582, .T. ) ;
#3541 = DIRECTION ( 'NONE',  ( -0.000000000000000000, -0.000000000000000000, 1.000000000000000000 ) ) ;
#3542 = DIRECTION ( 'NONE',  ( -1.000000000000000000, -0.000000000000000000, 3.469446951953614189E-15 ) ) ;
#3543 = LINE ( 'NONE', #2134, #3489 ) ;
#3544 = ORIENTED_EDGE ( 'NONE', *, *, #3152, .T. ) ;
#3545 = DIRECTION ( 'NONE',  ( 0.000000000000000000, -0.7071067811865512365, 0.7071067811865439090 ) ) ;
#3546 = ORIENTED_EDGE ( 'NONE', *, *, #861, .F. ) ;
#3547 = ORIENTED_EDGE ( 'NONE', *, *, #994, .F. ) ;
#3548 = CARTESIAN_POINT ( 'NONE',  ( -73.50000000000000000, 220.3614357137376771, -68.76093065034868346 ) ) ;
#3549 = CARTESIAN_POINT ( 'NONE',  ( 1.387778780781445676E-14, 120.0000000000000000, 0.000000000000000000 ) ) ;
#3550 = ORIENTED_EDGE ( 'NONE', *, *, #582, .F. ) ;
#3551 = APPROVAL_PERSON_ORGANIZATION ( #3006, #695, #3910 ) ;
#3552 = CARTESIAN_POINT ( 'NONE',  ( -115.9999999999999716, -164.5000000000000284, -3.999999999999993339 ) ) ;
#3553 = AXIS2_PLACEMENT_3D ( 'NONE', #73, #427, #1940 ) ;
#3554 = DIRECTION ( 'NONE',  ( 3.469446951953614189E-15, 6.938893903907227392E-16, -1.000000000000000000 ) ) ;
#3555 = VERTEX_POINT ( 'NONE', #2433 ) ;
#3556 = DIRECTION ( 'NONE',  ( 0.000000000000000000, -6.938893903907220489E-16, 1.000000000000000000 ) ) ;
#3557 = EDGE_CURVE ( 'NONE', #2694, #3453, #3105, .T. ) ;
#3558 = ADVANCED_FACE ( 'NONE', ( #683 ), #348, .F. ) ;
#3559 = FACE_OUTER_BOUND ( 'NONE', #31, .T. ) ;
#3560 = FACE_OUTER_BOUND ( 'NONE', #1933, .T. ) ;
#3561 = CARTESIAN_POINT ( 'NONE',  ( -115.9999999999999716, 253.5954544295054802, -92.09545442950457073 ) ) ;
#3562 = ORIENTED_EDGE ( 'NONE', *, *, #2323, .T. ) ;
#3563 = EDGE_CURVE ( 'NONE', #2199, #2310, #2720, .T. ) ;
#3564 = ADVANCED_FACE ( 'NONE', ( #605, #3347, #2176, #2196, #1534, #1817, #3623, #663, #1555, #1497 ), #1513, .F. ) ;
#3565 = CARTESIAN_POINT ( 'NONE',  ( -113.0000000000000711, -114.5000000000000284, -33.00000000000001421 ) ) ;
#3566 = ORIENTED_EDGE ( 'NONE', *, *, #2078, .F. ) ;
#3567 = ORIENTED_EDGE ( 'NONE', *, *, #49, .T. ) ;
#3568 = LINE ( 'NONE', #1126, #1526 ) ;
#3569 = AXIS2_PLACEMENT_3D ( 'NONE', #1485, #2996, #2379 ) ;
#3570 = LINE ( 'NONE', #1985, #822 ) ;
#3571 = ORIENTED_EDGE ( 'NONE', *, *, #911, .T. ) ;
#3572 = AXIS2_PLACEMENT_3D ( 'NONE', #3037, #2127, #3079 ) ;
#3573 = CARTESIAN_POINT ( 'NONE',  ( 0.000000000000000000, 0.000000000000000000, 1.402220585023716934E-15 ) ) ;
#3574 = VERTEX_POINT ( 'NONE', #28 ) ;
#3575 = DIRECTION ( 'NONE',  ( 0.000000000000000000, -0.7071067811865474617, 0.7071067811865474617 ) ) ;
#3576 = VECTOR ( 'NONE', #2016, 999.9999999999998863 ) ;
#3577 = CARTESIAN_POINT ( 'NONE',  ( 113.0000000000001563, 141.9321326906298850, -58.79021429699519530 ) ) ;
#3578 = VECTOR ( 'NONE', #290, 1000.000000000000000 ) ;
#3579 = CIRCLE ( 'NONE', #3205, 1.249999999999973355 ) ;
#3580 = CARTESIAN_POINT ( 'NONE',  ( 1.249999999999987121, 0.000000000000000000, 1.402220585023716934E-15 ) ) ;
#3581 = CARTESIAN_POINT ( 'NONE',  ( 114.0144759214835801, 166.6847887038038039, -1.656120022066532416 ) ) ;
#3582 = EDGE_LOOP ( 'NONE', ( #2148, #692, #468, #811 ) ) ;
#3583 = EDGE_CURVE ( 'NONE', #430, #509, #438, .T. ) ;
#3584 = CARTESIAN_POINT ( 'NONE',  ( -115.9999999999999858, 164.4684698699919920, -4.382683432365110932 ) ) ;
#3585 = ORIENTED_EDGE ( 'NONE', *, *, #3645, .F. ) ;
#3586 = ORIENTED_EDGE ( 'NONE', *, *, #2690, .T. ) ;
#3587 = CARTESIAN_POINT ( 'NONE',  ( 90.00000000000000000, 225.1697618258061198, -59.42712113868620349 ) ) ;
#3588 = VECTOR ( 'NONE', #3908, 1000.000000000000000 ) ;
#3589 = DIRECTION ( 'NONE',  ( -0.000000000000000000, 0.7071067811865437980, 0.7071067811865513475 ) ) ;
#3590 = EDGE_CURVE ( 'NONE', #3741, #2242, #2712, .T. ) ;
#3591 = ORIENTED_EDGE ( 'NONE', *, *, #1736, .T. ) ;
#3592 = DIRECTION ( 'NONE',  ( -1.336132062787152571E-15, 0.9238795325112862944, -0.3826834323650908920 ) ) ;
#3593 = CARTESIAN_POINT ( 'NONE',  ( 27.99999999999997868, 223.8969696196703580, -58.15432893255047020 ) ) ;
#3594 = DIRECTION ( 'NONE',  ( -1.000000000000000000, 4.106794490369581624E-31, 3.491481338843133355E-15 ) ) ;
#3595 = FACE_OUTER_BOUND ( 'NONE', #3216, .T. ) ;
#3596 = EDGE_LOOP ( 'NONE', ( #1388, #3001 ) ) ;
#3597 = FACE_OUTER_BOUND ( 'NONE', #2494, .T. ) ;
#3598 = CARTESIAN_POINT ( 'NONE',  ( 80.00000000000001421, 120.0000000000000000, 1.402220585023716934E-15 ) ) ;
#3599 = CARTESIAN_POINT ( 'NONE',  ( 113.0000000000000995, 148.3141409374415502, -43.38268343236524771 ) ) ;
#3600 = PLANE ( 'NONE',  #3178 ) ;
#3601 = ORIENTED_EDGE ( 'NONE', *, *, #3804, .T. ) ;
#3602 = CARTESIAN_POINT ( 'NONE',  ( -114.0295844908947345, 163.9053877375781667, -0.4786408549323796224 ) ) ;
#3603 = CARTESIAN_POINT ( 'NONE',  ( -116.0000000000000853, 135.4999999999999432, -31.75000000000009237 ) ) ;
#3604 = ORIENTED_EDGE ( 'NONE', *, *, #3394, .F. ) ;
#3605 = ORIENTED_EDGE ( 'NONE', *, *, #1622, .T. ) ;
#3606 = VECTOR ( 'NONE', #2257, 1000.000000000000000 ) ;
#3607 = EDGE_CURVE ( 'NONE', #3251, #1178, #2151, .T. ) ;
#3608 = DIRECTION ( 'NONE',  ( 0.000000000000000000, 0.000000000000000000, -1.000000000000000000 ) ) ;
#3609 = AXIS2_PLACEMENT_3D ( 'NONE', #1435, #1393, #2350 ) ;
#3610 = ADVANCED_FACE ( 'NONE', ( #1280 ), #2491, .F. ) ;
#3611 = DIRECTION ( 'NONE',  ( 0.000000000000000000, 0.7071067811865451302, 0.7071067811865499042 ) ) ;
#3612 = ORIENTED_EDGE ( 'NONE', *, *, #3806, .T. ) ;
#3613 = CARTESIAN_POINT ( 'NONE',  ( 90.00000000000000000, 227.4325035256030674, -61.68986283848314400 ) ) ;
#3614 = DIRECTION ( 'NONE',  ( -0.000000000000000000, 0.7071067811865437980, 0.7071067811865513475 ) ) ;
#3615 = DIRECTION ( 'NONE',  ( 4.625929269271482956E-16, -0.7071067811865512365, 0.7071067811865439090 ) ) ;
#3616 = ORIENTED_EDGE ( 'NONE', *, *, #1832, .T. ) ;
#3617 = DIRECTION ( 'NONE',  ( 0.000000000000000000, -0.3826834323650835090, -0.9238795325112892920 ) ) ;
#3618 = AXIS2_PLACEMENT_3D ( 'NONE', #3322, #2722, #41 ) ;
#3619 = DIRECTION ( 'NONE',  ( 1.000000000000000000, 0.000000000000000000, 0.000000000000000000 ) ) ;
#3620 = APPROVAL_STATUS ( 'not_yet_approved' ) ;
#3621 = DIRECTION ( 'NONE',  ( -0.000000000000000000, 0.7071067811865437980, 0.7071067811865513475 ) ) ;
#3622 = VECTOR ( 'NONE', #2576, 1000.000000000000000 ) ;
#3623 = FACE_BOUND ( 'NONE', #3626, .T. ) ;
#3624 = AXIS2_PLACEMENT_3D ( 'NONE', #2546, #1258, #3757 ) ;
#3625 = DIRECTION ( 'NONE',  ( 1.000000000000000000, 0.000000000000000000, 2.602085213965208275E-15 ) ) ;
#3626 = EDGE_LOOP ( 'NONE', ( #253, #1399 ) ) ;
#3627 = ORIENTED_EDGE ( 'NONE', *, *, #336, .F. ) ;
#3628 = CARTESIAN_POINT ( 'NONE',  ( 81.24999999999998579, 0.000000000000000000, 0.000000000000000000 ) ) ;
#3629 = CC_DESIGN_DATE_AND_TIME_ASSIGNMENT ( #2488, #959, ( #3728 ) ) ;
#3630 = CARTESIAN_POINT ( 'NONE',  ( 78.75000000000004263, -120.0000000000000000, -3.000000000000000000 ) ) ;
#3631 = ORIENTED_EDGE ( 'NONE', *, *, #2697, .T. ) ;
#3632 = CARTESIAN_POINT ( 'NONE',  ( 114.4581868798996567, 166.5070372555781830, -1.897652042353007218 ) ) ;
#3633 = CARTESIAN_POINT ( 'NONE',  ( -115.8958907066733133, 165.1450241138977901, -3.578568044337684384 ) ) ;
#3634 = EDGE_CURVE ( 'NONE', #189, #2466, #2731, .T. ) ;
#3635 = CARTESIAN_POINT ( 'NONE',  ( -20.00000000000000000, 224.4272997055603582, -72.82679464217132193 ) ) ;
#3636 = DIRECTION ( 'NONE',  ( -0.000000000000000000, 0.7071067811865437980, 0.7071067811865513475 ) ) ;
#3637 = ORIENTED_EDGE ( 'NONE', *, *, #382, .T. ) ;
#3638 = DIRECTION ( 'NONE',  ( 1.000000000000000000, 0.000000000000000000, 0.000000000000000000 ) ) ;
#3639 = VECTOR ( 'NONE', #2825, 1000.000000000000000 ) ;
#3640 = CARTESIAN_POINT ( 'NONE',  ( -90.00000000000000000, 220.3614357137376203, -68.76093065034865504 ) ) ;
#3641 = EDGE_CURVE ( 'NONE', #1418, #1610, #50, .T. ) ;
#3642 = APPROVAL_DATE_TIME ( #2792, #280 ) ;
#3643 = VECTOR ( 'NONE', #1902, 1000.000000000000000 ) ;
#3644 = FACE_OUTER_BOUND ( 'NONE', #1441, .T. ) ;
#3645 = EDGE_CURVE ( 'NONE', #592, #1012, #2656, .T. ) ;
#3646 = DIRECTION ( 'NONE',  ( 0.000000000000000000, -0.7071067811865441310, -0.7071067811865507924 ) ) ;
#3647 = DIRECTION ( 'NONE',  ( -0.000000000000000000, -0.000000000000000000, 1.000000000000000000 ) ) ;
#3648 = ORIENTED_EDGE ( 'NONE', *, *, #1113, .T. ) ;
#3649 = ORIENTED_EDGE ( 'NONE', *, *, #1117, .F. ) ;
#3650 = DIRECTION ( 'NONE',  ( -0.000000000000000000, 0.000000000000000000, 1.000000000000000000 ) ) ;
#3651 = ADVANCED_FACE ( 'NONE', ( #760 ), #163, .F. ) ;
#3652 = CARTESIAN_POINT ( 'NONE',  ( -112.9999999999999716, 163.5445903374807415, -4.000000000000017764 ) ) ;
#3653 = EDGE_LOOP ( 'NONE', ( #1290, #1318 ) ) ;
#3654 = FACE_OUTER_BOUND ( 'NONE', #1002, .T. ) ;
#3655 = CARTESIAN_POINT ( 'NONE',  ( -112.6145467199749248, 164.8106877147288571, -3.594001583202359296 ) ) ;
#3656 = VECTOR ( 'NONE', #3189, 1000.000000000000000 ) ;
#3657 = LINE ( 'NONE', #3285, #16 ) ;
#3658 = LINE ( 'NONE', #3359, #2917 ) ;
#3659 = ORIENTED_EDGE ( 'NONE', *, *, #127, .T. ) ;
#3660 = DIRECTION ( 'NONE',  ( 1.000000000000000000, 0.000000000000000000, 0.000000000000000000 ) ) ;
#3661 = CARTESIAN_POINT ( 'NONE',  ( -68.50000000000000000, 220.0078823231443437, -58.50788232314378945 ) ) ;
#3662 = AXIS2_PLACEMENT_3D ( 'NONE', #2648, #3854, #2515 ) ;
#3663 = CARTESIAN_POINT ( 'NONE',  ( 0.000000000000000000, 0.000000000000000000, 0.000000000000000000 ) ) ;
#3664 = DIRECTION ( 'NONE',  ( 0.000000000000000000, 0.000000000000000000, 1.000000000000000000 ) ) ;
#3665 = CARTESIAN_POINT ( 'NONE',  ( 5.500000000000000000, 225.3111831820434645, -63.81118318204284634 ) ) ;
#3666 = DIRECTION ( 'NONE',  ( -1.000000000000000000, -0.000000000000000000, 3.469446951953614189E-15 ) ) ;
#3667 = ORIENTED_EDGE ( 'NONE', *, *, #1293, .T. ) ;
#3668 = ORIENTED_EDGE ( 'NONE', *, *, #37, .F. ) ;
#3669 = CARTESIAN_POINT ( 'NONE',  ( -51.50000000000000000, 232.7358043845022451, -66.99316369738227195 ) ) ;
#3670 = AXIS2_PLACEMENT_3D ( 'NONE', #1031, #3459, #3165 ) ;
#3671 = CARTESIAN_POINT ( 'NONE',  ( 68.00000000000002842, 230.9680374315358620, -65.22539674441590307 ) ) ;
#3672 = VERTEX_POINT ( 'NONE', #3740 ) ;
#3673 = PLANE ( 'NONE',  #1992 ) ;
#3674 = CARTESIAN_POINT ( 'NONE',  ( -112.5959259543596858, 164.7935545843662908, -3.611134713564937204 ) ) ;
#3675 = AXIS2_PLACEMENT_3D ( 'NONE', #3289, #2606, #2627 ) ;
#3676 = CARTESIAN_POINT ( 'NONE',  ( -116.0000000000001137, 225.3111831820437487, -120.3797256769665864 ) ) ;
#3677 = CARTESIAN_POINT ( 'NONE',  ( 116.0299999999999869, 163.5445903374807131, -4.000000000000000000 ) ) ;
#3678 = ORIENTED_EDGE ( 'NONE', *, *, #529, .T. ) ;
#3679 = CYLINDRICAL_SURFACE ( 'NONE', #465, 1.249999999999917843 ) ;
#3680 = APPLICATION_PROTOCOL_DEFINITION ( 'international standard', 'config_control_design', 1994, #1843 ) ;
#3681 = VECTOR ( 'NONE', #2155, 1000.000000000000000 ) ;
#3682 = EDGE_CURVE ( 'NONE', #2967, #2694, #111, .T. ) ;
#3683 = FACE_OUTER_BOUND ( 'NONE', #2936, .T. ) ;
#3684 = CIRCLE ( 'NONE', #2226, 1.249999999999862332 ) ;
#3685 = ADVANCED_FACE ( 'NONE', ( #1340 ), #2854, .F. ) ;
#3686 = DIRECTION ( 'NONE',  ( 1.000000000000000000, -2.793261385626813401E-31, -3.469446951953613794E-15 ) ) ;
#3687 = EDGE_CURVE ( 'NONE', #1316, #1267, #3795, .T. ) ;
#3688 = FACE_BOUND ( 'NONE', #2948, .T. ) ;
#3689 = ORIENTED_EDGE ( 'NONE', *, *, #3872, .T. ) ;
#3690 = DIRECTION ( 'NONE',  ( 0.000000000000000000, 0.7071067811865437980, 0.7071067811865513475 ) ) ;
#3691 = EDGE_CURVE ( 'NONE', #189, #2633, #2296, .T. ) ;
#3692 = DIRECTION ( 'NONE',  ( -1.000000000000000000, 0.000000000000000000, 0.000000000000000000 ) ) ;
#3693 = ORIENTED_EDGE ( 'NONE', *, *, #466, .T. ) ;
#3694 = ADVANCED_FACE ( 'NONE', ( #3722 ), #3425, .F. ) ;
#3695 = CARTESIAN_POINT ( 'NONE',  ( -114.0144759214836796, 166.6847887038038323, -1.656120022066559283 ) ) ;
#3696 = CARTESIAN_POINT ( 'NONE',  ( 0.000000000000000000, 0.000000000000000000, 0.000000000000000000 ) ) ;
#3697 = CARTESIAN_POINT ( 'NONE',  ( -113.0000000000000711, -114.5000000000000284, -31.75000000000009237 ) ) ;
#3698 = ORIENTED_EDGE ( 'NONE', *, *, #1360, .F. ) ;
#3699 = DIRECTION ( 'NONE',  ( 1.000000000000000000, 0.000000000000000000, 0.000000000000000000 ) ) ;
#3700 = AXIS2_PLACEMENT_3D ( 'NONE', #3901, #250, #2932 ) ;
#3701 = CARTESIAN_POINT ( 'NONE',  ( 1.249999999999992895, 120.0000000000000000, 0.000000000000000000 ) ) ;
#3702 = EDGE_CURVE ( 'NONE', #3779, #1292, #1998, .T. ) ;
#3703 = DIRECTION ( 'NONE',  ( 1.000000000000000000, 0.000000000000000000, 0.000000000000000000 ) ) ;
#3704 = CARTESIAN_POINT ( 'NONE',  ( 52.00000000000003553, 216.8259018078049110, -65.22539674441598834 ) ) ;
#3705 = AXIS2_PLACEMENT_3D ( 'NONE', #3132, #402, #3373 ) ;
#3706 = LINE ( 'NONE', #3448, #2163 ) ;
#3707 = LINE ( 'NONE', #2198, #3656 ) ;
#3708 = ORIENTED_EDGE ( 'NONE', *, *, #1084, .T. ) ;
#3709 = AXIS2_PLACEMENT_3D ( 'NONE', #3549, #232, #826 ) ;
#3710 = EDGE_LOOP ( 'NONE', ( #607, #1212 ) ) ;
#3711 = FACE_BOUND ( 'NONE', #2668, .T. ) ;
#3712 = AXIS2_PLACEMENT_3D ( 'NONE', #2334, #2280, #748 ) ;
#3713 = ORIENTED_EDGE ( 'NONE', *, *, #746, .T. ) ;
#3714 = CARTESIAN_POINT ( 'NONE',  ( 112.2538169234631624, 164.8174020027141751, -3.395945579034479245 ) ) ;
#3715 = CARTESIAN_POINT ( 'NONE',  ( -112.5236924838039840, 166.9461095557917645, -1.203468868672453729 ) ) ;
#3716 = CARTESIAN_POINT ( 'NONE',  ( 116.0000000000004690, 101.6808262504636389, -155.9654642080817553 ) ) ;
#3717 = CARTESIAN_POINT ( 'NONE',  ( 116.0000000000000995, 225.3111831820437487, -120.3797256769666149 ) ) ;
#3718 = ORIENTED_EDGE ( 'NONE', *, *, #2687, .T. ) ;
#3719 = ORIENTED_EDGE ( 'NONE', *, *, #2348, .F. ) ;
#3721 = DIRECTION ( 'NONE',  ( 0.000000000000000000, 0.7071067811865507924, -0.7071067811865441310 ) ) ;
#3720 = VECTOR ( 'NONE', #3699, 1000.000000000000000 ) ;
#3722 = FACE_OUTER_BOUND ( 'NONE', #1700, .T. ) ;
#3723 = CARTESIAN_POINT ( 'NONE',  ( -116.0000000000000568, -134.5000000000000284, -34.24999999999994316 ) ) ;
#3724 = ORIENTED_EDGE ( 'NONE', *, *, #2154, .T. ) ;
#3725 = ORIENTED_EDGE ( 'NONE', *, *, #2358, .T. ) ;
#3726 = LINE ( 'NONE', #115, #2438 ) ;
#3727 = ORIENTED_EDGE ( 'NONE', *, *, #3765, .F. ) ;
#3728 = PRODUCT_DEFINITION ( '�', '', #1901, #2631 ) ;
#3729 = CARTESIAN_POINT ( 'NONE',  ( 112.6145467199748822, 164.8106877147288287, -3.594001583202363737 ) ) ;
#3730 = ORIENTED_EDGE ( 'NONE', *, *, #1403, .F. ) ;
#3731 = FACE_BOUND ( 'NONE', #3350, .T. ) ;
#3732 = LINE ( 'NONE', #3146, #2853 ) ;
#3733 = DIRECTION ( 'NONE',  ( -0.000000000000000000, 0.7071067811865437980, 0.7071067811865513475 ) ) ;
#3734 = ORIENTED_EDGE ( 'NONE', *, *, #3525, .F. ) ;
#3735 = DIRECTION ( 'NONE',  ( 0.000000000000000000, 0.000000000000000000, -1.000000000000000000 ) ) ;
#3736 = ADVANCED_FACE ( 'NONE', ( #1974 ), #2815, .T. ) ;
#3737 = AXIS2_PLACEMENT_3D ( 'NONE', #3750, #2805, #84 ) ;
#3738 = ORIENTED_EDGE ( 'NONE', *, *, #2075, .T. ) ;
#3739 = DIRECTION ( 'NONE',  ( 0.000000000000000000, -0.7071067811865519026, 0.7071067811865431318 ) ) ;
#3740 = CARTESIAN_POINT ( 'NONE',  ( -51.50000000000000000, 232.7358043845022451, -66.99316369738228616 ) ) ;
#3741 = VERTEX_POINT ( 'NONE', #93 ) ;
#3742 = EDGE_LOOP ( 'NONE', ( #2843, #3055, #2200, #2001 ) ) ;
#3743 = AXIS2_PLACEMENT_3D ( 'NONE', #1809, #2746, #3303 ) ;
#3744 = LINE ( 'NONE', #3229, #2642 ) ;
#3745 = CARTESIAN_POINT ( 'NONE',  ( -113.0469915374372079, 166.9043777471381134, -1.308969834610559824 ) ) ;
#3746 = ORIENTED_EDGE ( 'NONE', *, *, #1690, .F. ) ;
#3747 = CARTESIAN_POINT ( 'NONE',  ( 116.0000000000004547, 135.4999999999999432, -34.25000000000067502 ) ) ;
#3748 = AXIS2_PLACEMENT_3D ( 'NONE', #3492, #1030, #3164 ) ;
#3749 = B_SPLINE_CURVE_WITH_KNOTS ( 'NONE', 3,
 ( #2782, #1564, #334, #1251, #1543, #1167 ),
 .UNSPECIFIED., .F., .F.,
 ( 4, 2, 4 ),
 ( 0.000000000000000000, 0.5000000000000000000, 1.000000000000000000 ),
 .UNSPECIFIED. ) ;
#3750 = CARTESIAN_POINT ( 'NONE',  ( -116.0000000000000853, 135.4999999999999432, -33.00000000000000711 ) ) ;
#3751 = CARTESIAN_POINT ( 'NONE',  ( -46.50000000000000000, 221.4928065636361509, -69.89230150024715726 ) ) ;
#3752 = EDGE_LOOP ( 'NONE', ( #3434, #2733 ) ) ;
#3753 = CARTESIAN_POINT ( 'NONE',  ( 116.0000000000003126, 189.0735931288074596, -70.00000000000081002 ) ) ;
#3754 = ORIENTED_EDGE ( 'NONE', *, *, #2075, .F. ) ;
#3755 = APPROVAL_DATE_TIME ( #1953, #695 ) ;
#3756 = VERTEX_POINT ( 'NONE', #3174 ) ;
#3757 = DIRECTION ( 'NONE',  ( 0.000000000000000000, 0.000000000000000000, -1.000000000000000000 ) ) ;
#3758 = CIRCLE ( 'NONE', #1157, 1.599999999999997424 ) ;
#3759 = ADVANCED_FACE ( 'NONE', ( #1939 ), #441, .F. ) ;
#3760 = CARTESIAN_POINT ( 'NONE',  ( -115.9999999999999716, 166.9142135623731065, -1.171572875253826584 ) ) ;
#3761 = FACE_OUTER_BOUND ( 'NONE', #1499, .T. ) ;
#3762 = VERTEX_POINT ( 'NONE', #707 ) ;
#3763 = ORIENTED_EDGE ( 'NONE', *, *, #3276, .F. ) ;
#3764 = CIRCLE ( 'NONE', #1732, 1.249999999999862332 ) ;
#3765 = EDGE_CURVE ( 'NONE', #2633, #1411, #2531, .T. ) ;
#3766 = EDGE_LOOP ( 'NONE', ( #521, #771 ) ) ;
#3767 = VECTOR ( 'NONE', #2042, 1000.000000000000000 ) ;
#3768 = FACE_BOUND ( 'NONE', #2302, .T. ) ;
#3769 = VECTOR ( 'NONE', #326, 1000.000000000000227 ) ;
#3770 = EDGE_CURVE ( 'NONE', #508, #974, #1956, .T. ) ;
#3771 = DIRECTION ( 'NONE',  ( -0.000000000000000000, 0.7071067811865437980, 0.7071067811865513475 ) ) ;
#3772 = CARTESIAN_POINT ( 'NONE',  ( -1.249999999999965139, 120.0000000000000000, 0.000000000000000000 ) ) ;
#3773 = ORIENTED_EDGE ( 'NONE', *, *, #2399, .F. ) ;
#3774 = ORIENTED_EDGE ( 'NONE', *, *, #2533, .T. ) ;
#3775 = CARTESIAN_POINT ( 'NONE',  ( -115.9999999999999716, 164.7928932188134752, -3.292893218813472522 ) ) ;
#3776 = ADVANCED_FACE ( 'NONE', ( #3136 ), #408, .F. ) ;
#3777 = AXIS2_PLACEMENT_3D ( 'NONE', #3261, #258, #2980 ) ;
#3778 = FACE_OUTER_BOUND ( 'NONE', #1660, .T. ) ;
#3779 = VERTEX_POINT ( 'NONE', #3760 ) ;
#3780 = AXIS2_PLACEMENT_3D ( 'NONE', #281, #3307, #1151 ) ;
#3781 = DIRECTION ( 'NONE',  ( 1.000000000000000000, -6.938893903907247310E-15, 0.000000000000000000 ) ) ;
#3782 = ORIENTED_EDGE ( 'NONE', *, *, #500, .T. ) ;
#3783 = ORIENTED_EDGE ( 'NONE', *, *, #2567, .F. ) ;
#3784 = DIRECTION ( 'NONE',  ( 0.000000000000000000, 0.7071067811865512365, -0.7071067811865439090 ) ) ;
#3785 = CARTESIAN_POINT ( 'NONE',  ( -112.2617478843592664, 163.9955870876025301, -3.026027323331708541 ) ) ;
#3786 = CARTESIAN_POINT ( 'NONE',  ( -112.9999999999999858, 164.4684698699920204, -4.382683432365096721 ) ) ;
#3787 = VECTOR ( 'NONE', #1, 1000.000000000000000 ) ;
#3788 = EDGE_LOOP ( 'NONE', ( #233, #1333, #409, #2892 ) ) ;
#3789 = DIRECTION ( 'NONE',  ( 0.000000000000000000, 0.000000000000000000, 1.000000000000000000 ) ) ;
#3790 = FACE_OUTER_BOUND ( 'NONE', #2872, .T. ) ;
#3791 = ORIENTED_EDGE ( 'NONE', *, *, #623, .T. ) ;
#3792 = FACE_BOUND ( 'NONE', #857, .T. ) ;
#3793 = CARTESIAN_POINT ( 'NONE',  ( -113.0000000000000853, 189.0735931288074596, -70.00000000000001421 ) ) ;
#3794 = CIRCLE ( 'NONE', #2088, 1.600000000000002309 ) ;
#3795 = LINE ( 'NONE', #2510, #2468 ) ;
#3796 = LINE ( 'NONE', #3192, #1269 ) ;
#3797 = EDGE_LOOP ( 'NONE', ( #3360, #2734, #3824, #13 ) ) ;
#3798 = ADVANCED_FACE ( 'NONE', ( #3778 ), #2888, .F. ) ;
#3799 = EDGE_CURVE ( 'NONE', #370, #1891, #1656, .T. ) ;
#3800 = LINE ( 'NONE', #3252, #2372 ) ;
#3801 = EDGE_LOOP ( 'NONE', ( #2640, #3730 ) ) ;
#3802 = AXIS2_PLACEMENT_3D ( 'NONE', #920, #3895, #2387 ) ;
#3803 = VERTEX_POINT ( 'NONE', #3483 ) ;
#3804 = EDGE_CURVE ( 'NONE', #1528, #2810, #1193, .T. ) ;
#3805 = DIRECTION ( 'NONE',  ( 1.000000000000000000, -6.938893903907246521E-15, 1.517883041479710152E-15 ) ) ;
#3806 = EDGE_CURVE ( 'NONE', #1904, #3762, #3235, .T. ) ;
#3807 = CARTESIAN_POINT ( 'NONE',  ( -116.0299999999999869, 163.5896980919880264, -3.472379799263004774 ) ) ;
#3808 = DIRECTION ( 'NONE',  ( 0.000000000000000000, 0.000000000000000000, 1.000000000000000000 ) ) ;
#3809 = EDGE_LOOP ( 'NONE', ( #307, #2670, #587, #1651 ) ) ;
#3810 = EDGE_CURVE ( 'NONE', #990, #75, #183, .T. ) ;
#3811 = CIRCLE ( 'NONE', #195, 1.249999999999978906 ) ;
#3812 = DIRECTION ( 'NONE',  ( 0.000000000000000000, -0.7071067811865513475, 0.7071067811865437980 ) ) ;
#3813 = AXIS2_PLACEMENT_3D ( 'NONE', #703, #3110, #1918 ) ;
#3814 = VERTEX_POINT ( 'NONE', #3580 ) ;
#3815 = LINE ( 'NONE', #1133, #226 ) ;
#3816 = APPLICATION_CONTEXT ( 'configuration controlled 3d designs of mechanical parts and assemblies' ) ;
#3817 = DIRECTION ( 'NONE',  ( 0.000000000000000000, 0.7071067811865441310, 0.7071067811865507924 ) ) ;
#3818 = EDGE_CURVE ( 'NONE', #1411, #1971, #694, .T. ) ;
#3819 = DIRECTION ( 'NONE',  ( 0.000000000000000000, 0.7071067811865474617, -0.7071067811865474617 ) ) ;
#3820 = DIRECTION ( 'NONE',  ( 0.000000000000000000, 0.000000000000000000, 1.000000000000000000 ) ) ;
#3821 = VERTEX_POINT ( 'NONE', #242 ) ;
#3822 = VECTOR ( 'NONE', #2166, 1000.000000000000000 ) ;
#3823 = DIRECTION ( 'NONE',  ( 1.000000000000000000, 0.000000000000000000, 0.000000000000000000 ) ) ;
#3824 = ORIENTED_EDGE ( 'NONE', *, *, #3691, .F. ) ;
#3825 = EDGE_LOOP ( 'NONE', ( #2718, #1322 ) ) ;
#3826 = DIRECTION ( 'NONE',  ( 1.000000000000000000, 0.000000000000000000, 0.000000000000000000 ) ) ;
#3827 = CARTESIAN_POINT ( 'NONE',  ( -112.1309207904846375, 164.0406794940787734, -3.000000000000021760 ) ) ;
#3828 = AXIS2_PLACEMENT_3D ( 'NONE', #2737, #667, #3650 ) ;
#3829 = DIRECTION ( 'NONE',  ( 0.000000000000000000, 0.000000000000000000, -1.000000000000000000 ) ) ;
#3830 = ORIENTED_EDGE ( 'NONE', *, *, #3284, .T. ) ;
#3831 = AXIS2_PLACEMENT_3D ( 'NONE', #1309, #2842, #2537 ) ;
#3832 = DIRECTION ( 'NONE',  ( -1.000000000000000000, -0.000000000000000000, -0.000000000000000000 ) ) ;
#3833 = ORIENTED_EDGE ( 'NONE', *, *, #3053, .T. ) ;
#3834 = CARTESIAN_POINT ( 'NONE',  ( 112.5219866587632396, 164.8442472756482573, -3.496661450222148915 ) ) ;
#3835 = LINE ( 'NONE', #2646, #701 ) ;
#3836 = DIRECTION ( 'NONE',  ( 1.000000000000000000, 0.000000000000000000, 0.000000000000000000 ) ) ;
#3837 = CARTESIAN_POINT ( 'NONE',  ( 1.670886556634905676E-14, 193.1378246380554344, -41.53731957466677471 ) ) ;
#3838 = CARTESIAN_POINT ( 'NONE',  ( -116.0000000000000853, 135.4999999999999432, -33.00000000000000711 ) ) ;
#3839 = EDGE_LOOP ( 'NONE', ( #1639, #1625, #2374, #1550 ) ) ;
#3840 = LINE ( 'NONE', #1123, #3892 ) ;
#3841 = ORIENTED_EDGE ( 'NONE', *, *, #947, .T. ) ;
#3842 = VERTEX_POINT ( 'NONE', #2015 ) ;
#3843 = CARTESIAN_POINT ( 'NONE',  ( 74.50000000000001421, 227.4325035256031242, -61.68986283848317242 ) ) ;
#3844 = LINE ( 'NONE', #3512, #498 ) ;
#3845 = ADVANCED_FACE ( 'NONE', ( #559 ), #853, .F. ) ;
#3846 = EDGE_CURVE ( 'NONE', #1446, #106, #2031, .T. ) ;
#3847 = CYLINDRICAL_SURFACE ( 'NONE', #1020, 1.249999999999924727 ) ;
#3848 = VERTEX_POINT ( 'NONE', #224 ) ;
#3849 = CARTESIAN_POINT ( 'NONE',  ( 112.9999999999999574, 253.5954544295054802, -92.09545442950457073 ) ) ;
#3850 = LINE ( 'NONE', #1686, #1858 ) ;
#3851 = ADVANCED_FACE ( 'NONE', ( #3560 ), #2985, .T. ) ;
#3852 = VERTEX_POINT ( 'NONE', #1137 ) ;
#3853 = CARTESIAN_POINT ( 'NONE',  ( 80.00000000000001421, -120.0000000000000000, 1.402220585023716934E-15 ) ) ;
#3854 = DIRECTION ( 'NONE',  ( 1.000000000000000000, -2.453269466693385999E-15, -2.453269466693411637E-15 ) ) ;
#3855 = EDGE_CURVE ( 'NONE', #841, #2214, #945, .T. ) ;
#3856 = DIRECTION ( 'NONE',  ( -3.469446951953613400E-15, 0.000000000000000000, 1.000000000000000000 ) ) ;
#3857 = DIRECTION ( 'NONE',  ( 1.000000000000000000, 0.000000000000000000, 3.469446951953647321E-15 ) ) ;
#3858 = EDGE_LOOP ( 'NONE', ( #2781, #2135, #2836, #3631 ) ) ;
#3859 = AXIS2_PLACEMENT_3D ( 'NONE', #7, #3686, #366 ) ;
#3860 = CARTESIAN_POINT ( 'NONE',  ( -113.0000000000000711, 135.4999999999999432, -34.24999999999994316 ) ) ;
#3861 = VERTEX_POINT ( 'NONE', #3267 ) ;
#3862 = ORIENTED_EDGE ( 'NONE', *, *, #2272, .F. ) ;
#3863 = FACE_BOUND ( 'NONE', #2179, .T. ) ;
#3864 = CARTESIAN_POINT ( 'NONE',  ( 5.500000000000000000, 227.4325035256031242, -61.68986283848317242 ) ) ;
#3865 = ORIENTED_EDGE ( 'NONE', *, *, #768, .T. ) ;
#3866 = LINE ( 'NONE', #463, #2689 ) ;
#3867 = AXIS2_PLACEMENT_3D ( 'NONE', #3212, #2013, #1689 ) ;
#3868 = LINE ( 'NONE', #2939, #1098 ) ;
#3869 = VERTEX_POINT ( 'NONE', #541 ) ;
#3870 = DIRECTION ( 'NONE',  ( 1.000000000000000000, -2.793261385626813401E-31, -3.469446951953613794E-15 ) ) ;
#3871 = LINE ( 'NONE', #260, #1893 ) ;
#3872 = EDGE_CURVE ( 'NONE', #907, #924, #1754, .T. ) ;
#3873 = DIRECTION ( 'NONE',  ( 0.000000000000000000, -0.7071067811865513475, 0.7071067811865437980 ) ) ;
#3874 = CARTESIAN_POINT ( 'NONE',  ( 115.8958907066732706, 165.1450241138979038, -3.578568044337609777 ) ) ;
#3875 = ORIENTED_EDGE ( 'NONE', *, *, #2156, .T. ) ;
#3876 = EDGE_CURVE ( 'NONE', #736, #3453, #3249, .T. ) ;
#3877 = AXIS2_PLACEMENT_3D ( 'NONE', #191, #1481, #2672 ) ;
#3878 = DIRECTION ( 'NONE',  ( 0.000000000000000000, 0.7071067811865496822, -0.7071067811865453523 ) ) ;
#3879 = ORIENTED_EDGE ( 'NONE', *, *, #246, .F. ) ;
#3880 = ORIENTED_EDGE ( 'NONE', *, *, #3107, .F. ) ;
#3881 = CARTESIAN_POINT ( 'NONE',  ( -78.75000000000000000, 120.0000000000000000, 1.402220585023716934E-15 ) ) ;
#3882 = VECTOR ( 'NONE', #1253, 1000.000000000000000 ) ;
#3883 = FACE_OUTER_BOUND ( 'NONE', #3788, .T. ) ;
#3884 = ORIENTED_EDGE ( 'NONE', *, *, #422, .T. ) ;
#3885 = CIRCLE ( 'NONE', #1038, 1.249999999999978906 ) ;
#3886 = CYLINDRICAL_SURFACE ( 'NONE', #2750, 1.599999999999992317 ) ;
#3887 = CARTESIAN_POINT ( 'NONE',  ( 115.9999999999999716, 164.0857864376269220, -4.000000000000023981 ) ) ;
#3888 = ORIENTED_EDGE ( 'NONE', *, *, #1736, .F. ) ;
#3889 = CYLINDRICAL_SURFACE ( 'NONE', #39, 1.249999999999931610 ) ;
#3890 = AXIS2_PLACEMENT_3D ( 'NONE', #1317, #1019, #44 ) ;
#3891 = CYLINDRICAL_SURFACE ( 'NONE', #3912, 1.249999999999973355 ) ;
#3892 = VECTOR ( 'NONE', #3545, 999.9999999999998863 ) ;
#3893 = CARTESIAN_POINT ( 'NONE',  ( 68.00000000000002842, 216.8259018078049110, -65.22539674441598834 ) ) ;
#3894 = ADVANCED_FACE ( 'NONE', ( #2685 ), #203, .F. ) ;
#3895 = DIRECTION ( 'NONE',  ( -0.000000000000000000, -0.000000000000000000, 1.000000000000000000 ) ) ;
#3896 = VERTEX_POINT ( 'NONE', #3599 ) ;
#3897 = EDGE_CURVE ( 'NONE', #2421, #1199, #3794, .T. ) ;
#3898 = DIRECTION ( 'NONE',  ( -0.000000000000000000, -0.7071067811865437980, -0.7071067811865512365 ) ) ;
#3899 = ORIENTED_EDGE ( 'NONE', *, *, #2451, .F. ) ;
#3900 = ORIENTED_EDGE ( 'NONE', *, *, #1995, .T. ) ;
#3901 = CARTESIAN_POINT ( 'NONE',  ( -46.50000000000000000, 227.4325035256031242, -61.68986283848317242 ) ) ;
#3902 = CARTESIAN_POINT ( 'NONE',  ( 113.0000000000000568, 189.0735931288074596, -70.00000000000079581 ) ) ;
#3903 = VERTEX_POINT ( 'NONE', #484 ) ;
#3904 = CARTESIAN_POINT ( 'NONE',  ( 115.8958907066732280, 165.1450241138979038, -3.578568044337588017 ) ) ;
#3905 = DIRECTION ( 'NONE',  ( 0.000000000000000000, -0.7071067811865496822, 0.7071067811865453523 ) ) ;
#3906 = DIRECTION ( 'NONE',  ( -0.000000000000000000, -0.000000000000000000, 1.000000000000000000 ) ) ;
#3907 = EDGE_LOOP ( 'NONE', ( #1185, #3504, #2360, #2320 ) ) ;
#3908 = DIRECTION ( 'NONE',  ( 0.000000000000000000, 1.000000000000000000, 0.000000000000000000 ) ) ;
#3909 = DIRECTION ( 'NONE',  ( 0.000000000000000000, -0.7071067811865496822, 0.7071067811865453523 ) ) ;
#3910 = APPROVAL_ROLE ( '' ) ;
#3911 = LINE ( 'NONE', #2986, #3681 ) ;
#3912 = AXIS2_PLACEMENT_3D ( 'NONE', #1236, #2450, #2047 ) ;
#3913 = ORIENTED_EDGE ( 'NONE', *, *, #2113, .F. ) ;
#3914 = CC_DESIGN_PERSON_AND_ORGANIZATION_ASSIGNMENT ( #2409, #2114, ( #1901 ) ) ;
#3915 = CARTESIAN_POINT ( 'NONE',  ( 0.000000000000000000, 0.000000000000000000, -3.000000000000000000 ) ) ;
#3916 = FACE_OUTER_BOUND ( 'NONE', #3188, .T. ) ;
#3917 = VERTEX_POINT ( 'NONE', #2331 ) ;
#3918 = ORIENTED_EDGE ( 'NONE', *, *, #2002, .F. ) ;
#3919 = AXIS2_PLACEMENT_3D ( 'NONE', #1623, #3154, #426 ) ;
#3920 = CARTESIAN_POINT ( 'NONE',  ( 5.500000000000000000, 227.4325035256031242, -61.68986283848317242 ) ) ;
#3921 = EDGE_CURVE ( 'NONE', #3917, #1431, #1692, .T. ) ;
#3922 = CARTESIAN_POINT ( 'NONE',  ( -112.8922269036098101, 163.7249890375294967, -3.478013341236749323 ) ) ;
#3923 = ORIENTED_EDGE ( 'NONE', *, *, #3855, .T. ) ;
#3924 = ADVANCED_FACE ( 'NONE', ( #1099 ), #1733, .F. ) ;
#3925 = CARTESIAN_POINT ( 'NONE',  ( 112.9739726766682679, 164.5897730019228788, -4.133819156312609877 ) ) ;
#3926 = EDGE_CURVE ( 'NONE', #3184, #616, #502, .T. ) ;
#3927 = EDGE_CURVE ( 'NONE', #2747, #1085, #2791, .T. ) ;
#3928 = FACE_OUTER_BOUND ( 'NONE', #2369, .T. ) ;
#3929 = CARTESIAN_POINT ( 'NONE',  ( 116.0299999999999869, 163.5896980919879979, -3.472379799262923061 ) ) ;
#3930 = ORIENTED_EDGE ( 'NONE', *, *, #2869, .T. ) ;
#3931 = DIRECTION ( 'NONE',  ( -1.355257342980078010E-15, -0.9238795325112894030, 0.3826834323650835645 ) ) ;
ENDSEC;
END-ISO-10303-21;
