ISO-10303-21;
HEADER;
FILE_DESCRIPTION (( 'STEP AP203' ),
    '1' );
FILE_NAME ('part_dipan_1.STEP',
    '2026-07-30T12:03:09',
    ( '' ),
    ( '' ),
    'SwSTEP 2.0',
    'SolidWorks 2025',
    '' );
FILE_SCHEMA (( 'CONFIG_CONTROL_DESIGN' ));
ENDSEC;

DATA;
#1 = CARTESIAN_POINT ( 'NONE',  ( -59.99999999999985789, 5.000000000000000000, 3.299999999999975842 ) ) ;
#2 = CARTESIAN_POINT ( 'NONE',  ( -59.99999999999985789, 5.000000000000000000, -2.165618536905904653E-14 ) ) ;
#3 = CIRCLE ( 'NONE', #4202, 3.299999999999997158 ) ;
#4 = ORIENTED_EDGE ( 'NONE', *, *, #2396, .F. ) ;
#5 = CARTESIAN_POINT ( 'NONE',  ( 197.7746032555828322, 5.000000000000000000, 197.7746032555856743 ) ) ;
#6 = VERTEX_POINT ( 'NONE', #4274 ) ;
#7 = CARTESIAN_POINT ( 'NONE',  ( -217.5735931288175493, 5.000000000000000000, -139.3207793864115160 ) ) ;
#8 = CIRCLE ( 'NONE', #3263, 1.700000000000007061 ) ;
#9 = CARTESIAN_POINT ( 'NONE',  ( 30.20000000000004547, 0.000000000000000000, 111.9999999999999716 ) ) ;
#10 = EDGE_CURVE ( 'NONE', #2587, #3477, #3749, .T. ) ;
#11 = DIRECTION ( 'NONE',  ( 0.000000000000000000, 1.000000000000000000, 0.000000000000000000 ) ) ;
#12 = ORIENTED_EDGE ( 'NONE', *, *, #681, .F. ) ;
#13 = AXIS2_PLACEMENT_3D ( 'NONE', #3645, #33, #1661 ) ;
#14 = VERTEX_POINT ( 'NONE', #1832 ) ;
#15 = EDGE_CURVE ( 'NONE', #2484, #4288, #4622, .T. ) ;
#16 = FACE_BOUND ( 'NONE', #717, .T. ) ;
#17 = CIRCLE ( 'NONE', #3960, 1.700000000000007061 ) ;
#18 = DIRECTION ( 'NONE',  ( 0.000000000000000000, 0.000000000000000000, 1.000000000000000000 ) ) ;
#19 = CARTESIAN_POINT ( 'NONE',  ( -169.4903320081222944, 5.000000000000000000, -226.0588745030462974 ) ) ;
#20 = VERTEX_POINT ( 'NONE', #3792 ) ;
#21 = EDGE_LOOP ( 'NONE', ( #2352, #120, #5206, #5179 ) ) ;
#23 = EDGE_CURVE ( 'NONE', #993, #4647, #1753, .T. ) ;
#22 = CARTESIAN_POINT ( 'NONE',  ( -10.19999999999995310, 0.000000000000000000, 112.0000000000000000 ) ) ;
#24 = VECTOR ( 'NONE', #2893, 1000.000000000000000 ) ;
#25 = CARTESIAN_POINT ( 'NONE',  ( 10.20000000000004370, 0.000000000000000000, 84.00000000000001421 ) ) ;
#26 = LINE ( 'NONE', #2163, #117 ) ;
#27 = CIRCLE ( 'NONE', #967, 3.000000000000002665 ) ;
#28 = ORIENTED_EDGE ( 'NONE', *, *, #741, .T. ) ;
#29 = EDGE_CURVE ( 'NONE', #2159, #4447, #746, .T. ) ;
#30 = EDGE_CURVE ( 'NONE', #443, #2293, #498, .T. ) ;
#31 = CIRCLE ( 'NONE', #3886, 3.000000000000002665 ) ;
#32 = VECTOR ( 'NONE', #4364, 1000.000000000000000 ) ;
#33 = DIRECTION ( 'NONE',  ( -0.000000000000000000, 1.000000000000000000, -0.000000000000000000 ) ) ;
#34 = EDGE_CURVE ( 'NONE', #4367, #1290, #1437, .T. ) ;
#35 = DIRECTION ( 'NONE',  ( 0.000000000000000000, 0.000000000000000000, 1.000000000000000000 ) ) ;
#36 = CYLINDRICAL_SURFACE ( 'NONE', #4478, 3.299999999999997158 ) ;
#37 = AXIS2_PLACEMENT_3D ( 'NONE', #1219, #4843, #5298 ) ;
#38 = ORIENTED_EDGE ( 'NONE', *, *, #618, .F. ) ;
#39 = CARTESIAN_POINT ( 'NONE',  ( -69.99999999999998579, 5.000000000000000000, 95.00000000000000000 ) ) ;
#40 = ORIENTED_EDGE ( 'NONE', *, *, #3900, .T. ) ;
#41 = CARTESIAN_POINT ( 'NONE',  ( -59.99999999999985789, 5.000000000000000000, -6.600000000000023626 ) ) ;
#42 = CONICAL_SURFACE ( 'NONE', #2177, 3.299999999999997158, 0.7853981633974447263 ) ;
#43 = DIRECTION ( 'NONE',  ( -0.000000000000000000, 1.000000000000000000, -0.000000000000000000 ) ) ;
#44 = ORIENTED_EDGE ( 'NONE', *, *, #1131, .T. ) ;
#45 = VERTEX_POINT ( 'NONE', #728 ) ;
#46 = CARTESIAN_POINT ( 'NONE',  ( -59.99999999999985789, 8.673617379884035472E-16, -2.165618536905904653E-14 ) ) ;
#47 = CYLINDRICAL_SURFACE ( 'NONE', #416, 1.649999999999998579 ) ;
#48 = EDGE_CURVE ( 'NONE', #2876, #1518, #4695, .T. ) ;
#49 = CARTESIAN_POINT ( 'NONE',  ( 99.99999999999978684, 5.000000000000000000, 58.34999999999977405 ) ) ;
#50 = ORIENTED_EDGE ( 'NONE', *, *, #3688, .T. ) ;
#51 = ORIENTED_EDGE ( 'NONE', *, *, #166, .T. ) ;
#52 = DIRECTION ( 'NONE',  ( 8.659560562354902043E-17, 0.7071067811865500152, -0.7071067811865450192 ) ) ;
#53 = EDGE_CURVE ( 'NONE', #5012, #232, #2120, .T. ) ;
#54 = CARTESIAN_POINT ( 'NONE',  ( 23.50000000000036948, 5.000000000000000000, 23.49999999999964473 ) ) ;
#55 = CARTESIAN_POINT ( 'NONE',  ( 20.85965004500353714, 0.000000000000000000, -189.1403499549965090 ) ) ;
#56 = EDGE_LOOP ( 'NONE', ( #327, #3513, #1758, #3282 ) ) ;
#57 = LINE ( 'NONE', #1632, #1221 ) ;
#58 = EDGE_CURVE ( 'NONE', #933, #2483, #1521, .T. ) ;
#59 = FACE_OUTER_BOUND ( 'NONE', #3170, .T. ) ;
#60 = CARTESIAN_POINT ( 'NONE',  ( -30.19999999999995310, 5.000000000000000000, 84.00000000000001421 ) ) ;
#61 = EDGE_LOOP ( 'NONE', ( #1470, #3015, #764, #375 ) ) ;
#62 = DIRECTION ( 'NONE',  ( 0.000000000000000000, 0.000000000000000000, 1.000000000000000000 ) ) ;
#63 = VERTEX_POINT ( 'NONE', #2690 ) ;
#64 = AXIS2_PLACEMENT_3D ( 'NONE', #4578, #2968, #1730 ) ;
#65 = DIRECTION ( 'NONE',  ( -0.000000000000000000, 1.000000000000000000, -0.000000000000000000 ) ) ;
#66 = CARTESIAN_POINT ( 'NONE',  ( 217.5735931288146219, 5.000000000000000000, 132.7207793864150460 ) ) ;
#67 = CIRCLE ( 'NONE', #2543, 3.299999999999997158 ) ;
#68 = ORIENTED_EDGE ( 'NONE', *, *, #2037, .F. ) ;
#69 = ORIENTED_EDGE ( 'NONE', *, *, #4659, .T. ) ;
#70 = CARTESIAN_POINT ( 'NONE',  ( 226.0588745030468374, 3.399999999999998579, -167.7903320081214531 ) ) ;
#71 = VECTOR ( 'NONE', #4357, 1000.000000000000000 ) ;
#72 = CYLINDRICAL_SURFACE ( 'NONE', #4446, 1.599999999999990319 ) ;
#73 = ORIENTED_EDGE ( 'NONE', *, *, #2061, .T. ) ;
#74 = ORIENTED_EDGE ( 'NONE', *, *, #573, .T. ) ;
#75 = VECTOR ( 'NONE', #2703, 1000.000000000000114 ) ;
#76 = DIRECTION ( 'NONE',  ( -0.000000000000000000, 1.000000000000000000, -0.000000000000000000 ) ) ;
#77 = LINE ( 'NONE', #5090, #4821 ) ;
#78 = FACE_OUTER_BOUND ( 'NONE', #3398, .T. ) ;
#79 = EDGE_CURVE ( 'NONE', #1462, #1080, #2716, .T. ) ;
#80 = VERTEX_POINT ( 'NONE', #1884 ) ;
#81 = CARTESIAN_POINT ( 'NONE',  ( 169.4903320081207880, 5.000000000000000000, 226.0588745030474342 ) ) ;
#82 = CIRCLE ( 'NONE', #3082, 3.299999999999997158 ) ;
#83 = DIRECTION ( 'NONE',  ( 0.000000000000000000, 0.000000000000000000, 1.000000000000000000 ) ) ;
#84 = DIRECTION ( 'NONE',  ( 0.000000000000000000, 0.000000000000000000, 1.000000000000000000 ) ) ;
#85 = VERTEX_POINT ( 'NONE', #5220 ) ;
#86 = CARTESIAN_POINT ( 'NONE',  ( -169.4903320081222944, 5.000000000000000000, -227.7588745030462860 ) ) ;
#87 = AXIS2_PLACEMENT_3D ( 'NONE', #3789, #5193, #253 ) ;
#88 = ORIENTED_EDGE ( 'NONE', *, *, #5096, .F. ) ;
#89 = EDGE_CURVE ( 'NONE', #3308, #14, #5216, .T. ) ;
#90 = CARTESIAN_POINT ( 'NONE',  ( -226.0588745030460132, 3.399999999999998579, -169.4903320081223796 ) ) ;
#91 = AXIS2_PLACEMENT_3D ( 'NONE', #2385, #3622, #4024 ) ;
#92 = FACE_OUTER_BOUND ( 'NONE', #4684, .T. ) ;
#93 = ORIENTED_EDGE ( 'NONE', *, *, #3558, .F. ) ;
#94 = VERTEX_POINT ( 'NONE', #1962 ) ;
#95 = AXIS2_PLACEMENT_3D ( 'NONE', #247, #5154, #4724 ) ;
#96 = DIRECTION ( 'NONE',  ( 0.000000000000000000, 0.000000000000000000, 1.000000000000000000 ) ) ;
#97 = DIRECTION ( 'NONE',  ( -0.000000000000000000, 1.000000000000000000, -0.000000000000000000 ) ) ;
#98 = AXIS2_PLACEMENT_3D ( 'NONE', #19, #3295, #4929 ) ;
#99 = PERSON_AND_ORGANIZATION ( #3021, #4226 ) ;
#100 = ORIENTED_EDGE ( 'NONE', *, *, #2974, .F. ) ;
#101 = ORIENTED_EDGE ( 'NONE', *, *, #2311, .F. ) ;
#102 = CARTESIAN_POINT ( 'NONE',  ( 169.4903320081207880, 5.000000000000000000, 229.3588745030474172 ) ) ;
#103 = CIRCLE ( 'NONE', #4385, 6.599999999999994316 ) ;
#104 = LINE ( 'NONE', #1333, #2343 ) ;
#105 = DIRECTION ( 'NONE',  ( -0.000000000000000000, 1.000000000000000000, -0.000000000000000000 ) ) ;
#106 = ORIENTED_EDGE ( 'NONE', *, *, #3275, .F. ) ;
#107 = VECTOR ( 'NONE', #2465, 1000.000000000000000 ) ;
#108 = EDGE_LOOP ( 'NONE', ( #150, #2328, #1540, #1950 ) ) ;
#109 = EDGE_CURVE ( 'NONE', #4662, #2632, #3496, .T. ) ;
#110 = DIRECTION ( 'NONE',  ( -0.000000000000000000, 1.000000000000000000, 0.000000000000000000 ) ) ;
#111 = AXIS2_PLACEMENT_3D ( 'NONE', #1655, #4554, #4072 ) ;
#112 = CARTESIAN_POINT ( 'NONE',  ( 23.49999999999987210, -1.000000000000000000, -23.49999999999991118 ) ) ;
#113 = DIRECTION ( 'NONE',  ( 0.000000000000000000, 0.000000000000000000, 1.000000000000000000 ) ) ;
#114 = FACE_OUTER_BOUND ( 'NONE', #2185, .T. ) ;
#115 = ADVANCED_FACE ( 'NONE', ( #3554 ), #2378, .F. ) ;
#116 = ORIENTED_EDGE ( 'NONE', *, *, #2242, .F. ) ;
#117 = VECTOR ( 'NONE', #3829, 1000.000000000000000 ) ;
#118 = CARTESIAN_POINT ( 'NONE',  ( -146.8629150101519940, 0.000000000000000000, -259.9999999999997726 ) ) ;
#119 = CIRCLE ( 'NONE', #2763, 1.700000000000007061 ) ;
#120 = ORIENTED_EDGE ( 'NONE', *, *, #4814, .T. ) ;
#121 = EDGE_CURVE ( 'NONE', #2201, #3564, #1862, .T. ) ;
#122 = CARTESIAN_POINT ( 'NONE',  ( 30.20000000000004192, 5.000000000000000000, 86.10000000000000853 ) ) ;
#123 = AXIS2_PLACEMENT_3D ( 'NONE', #2979, #1771, #4991 ) ;
#124 = CYLINDRICAL_SURFACE ( 'NONE', #1200, 1.649999999999998579 ) ;
#125 = EDGE_LOOP ( 'NONE', ( #1664, #4136, #3217, #2526 ) ) ;
#126 = VERTEX_POINT ( 'NONE', #3127 ) ;
#127 = CONICAL_SURFACE ( 'NONE', #3804, 3.299999999999997158, 0.7853981633974447263 ) ;
#128 = CYLINDRICAL_SURFACE ( 'NONE', #2939, 15.00000000000000000 ) ;
#129 = CARTESIAN_POINT ( 'NONE',  ( -59.99999999999985789, 0.000000000000000000, -15.00000000000000000 ) ) ;
#130 = EDGE_CURVE ( 'NONE', #2097, #2618, #1951, .T. ) ;
#131 = AXIS2_PLACEMENT_3D ( 'NONE', #3647, #2873, #2902 ) ;
#132 = ORIENTED_EDGE ( 'NONE', *, *, #211, .T. ) ;
#133 = EDGE_LOOP ( 'NONE', ( #3272, #3737 ) ) ;
#134 = DIRECTION ( 'NONE',  ( -0.000000000000000000, 1.000000000000000000, -0.000000000000000000 ) ) ;
#135 = CARTESIAN_POINT ( 'NONE',  ( 169.4903320081231470, 3.399999999999998579, -226.0588745030453879 ) ) ;
#136 = FACE_BOUND ( 'NONE', #1671, .T. ) ;
#137 = ORIENTED_EDGE ( 'NONE', *, *, #4240, .F. ) ;
#138 = ORIENTED_EDGE ( 'NONE', *, *, #3644, .F. ) ;
#139 = CARTESIAN_POINT ( 'NONE',  ( 226.0588745030448763, 8.673617379884035472E-16, 169.4903320081239144 ) ) ;
#140 = CYLINDRICAL_SURFACE ( 'NONE', #1316, 2.999999999999995559 ) ;
#141 = CARTESIAN_POINT ( 'NONE',  ( -2.220446049250313081E-13, 5.000000000000000000, 2.220446049250313081E-13 ) ) ;
#142 = DIRECTION ( 'NONE',  ( 0.000000000000000000, 0.000000000000000000, 1.000000000000000000 ) ) ;
#143 = ORIENTED_EDGE ( 'NONE', *, *, #3500, .F. ) ;
#144 = ORIENTED_EDGE ( 'NONE', *, *, #602, .F. ) ;
#145 = LINE ( 'NONE', #1774, #3957 ) ;
#146 = ADVANCED_FACE ( 'NONE', ( #1937 ), #3575, .F. ) ;
#147 = CARTESIAN_POINT ( 'NONE',  ( 100.0000000000000000, 0.000000000000000000, -180.0000000000000000 ) ) ;
#148 = EDGE_CURVE ( 'NONE', #4013, #1616, #2721, .T. ) ;
#149 = ORIENTED_EDGE ( 'NONE', *, *, #2775, .T. ) ;
#150 = ORIENTED_EDGE ( 'NONE', *, *, #3537, .F. ) ;
#151 = CARTESIAN_POINT ( 'NONE',  ( 0.000000000000000000, 5.000000000000000000, 0.000000000000000000 ) ) ;
#152 = CYLINDRICAL_SURFACE ( 'NONE', #1363, 1.599999999999990319 ) ;
#153 = AXIS2_PLACEMENT_3D ( 'NONE', #4200, #3802, #2160 ) ;
#154 = ORIENTED_EDGE ( 'NONE', *, *, #3273, .F. ) ;
#155 = ORIENTED_EDGE ( 'NONE', *, *, #1658, .T. ) ;
#156 = CARTESIAN_POINT ( 'NONE',  ( -132.7207793864129712, 5.000000000000000000, 217.5735931288193399 ) ) ;
#157 = AXIS2_PLACEMENT_3D ( 'NONE', #2658, #3149, #2312 ) ;
#158 = EDGE_CURVE ( 'NONE', #4336, #249, #240, .T. ) ;
#159 = CARTESIAN_POINT ( 'NONE',  ( -169.4903320081222944, 3.399999999999998579, -226.0588745030462974 ) ) ;
#160 = FACE_BOUND ( 'NONE', #666, .T. ) ;
#161 = ORIENTED_EDGE ( 'NONE', *, *, #3206, .F. ) ;
#162 = CIRCLE ( 'NONE', #3841, 2.100000000000004530 ) ;
#163 = VERTEX_POINT ( 'NONE', #227 ) ;
#164 = DIRECTION ( 'NONE',  ( 0.000000000000000000, 0.000000000000000000, 1.000000000000000000 ) ) ;
#165 = CARTESIAN_POINT ( 'NONE',  ( 60.00000000000013500, 5.000000000000000000, 1.609823385706476580E-12 ) ) ;
#166 = EDGE_CURVE ( 'NONE', #3731, #2258, #4601, .T. ) ;
#167 = DIRECTION ( 'NONE',  ( 0.000000000000000000, 0.000000000000000000, 1.000000000000000000 ) ) ;
#168 = DIRECTION ( 'NONE',  ( 0.000000000000000000, 0.000000000000000000, 1.000000000000000000 ) ) ;
#169 = VERTEX_POINT ( 'NONE', #5134 ) ;
#170 = VERTEX_POINT ( 'NONE', #4332 ) ;
#171 = CIRCLE ( 'NONE', #2047, 15.00000000000000000 ) ;
#172 = CARTESIAN_POINT ( 'NONE',  ( -20.85965004500283015, 0.000000000000000000, -189.1403499549963669 ) ) ;
#173 = CARTESIAN_POINT ( 'NONE',  ( -100.0000000000000000, 0.000000000000000000, -167.4000000000000057 ) ) ;
#174 = AXIS2_PLACEMENT_3D ( 'NONE', #147, #2503, #3817 ) ;
#175 = ORIENTED_EDGE ( 'NONE', *, *, #3830, .T. ) ;
#176 = VERTEX_POINT ( 'NONE', #655 ) ;
#177 = EDGE_CURVE ( 'NONE', #1808, #2695, #3927, .T. ) ;
#178 = CIRCLE ( 'NONE', #2138, 20.00000000000000000 ) ;
#179 = LINE ( 'NONE', #3153, #798 ) ;
#180 = DIRECTION ( 'NONE',  ( -0.000000000000000000, 1.000000000000000000, -0.000000000000000000 ) ) ;
#181 = ORIENTED_EDGE ( 'NONE', *, *, #3791, .F. ) ;
#182 = ORIENTED_EDGE ( 'NONE', *, *, #4634, .T. ) ;
#183 = VECTOR ( 'NONE', #3262, 1000.000000000000000 ) ;
#184 = DIRECTION ( 'NONE',  ( -0.000000000000000000, 1.000000000000000000, -0.000000000000000000 ) ) ;
#185 = EDGE_CURVE ( 'NONE', #801, #491, #1533, .T. ) ;
#186 = LINE ( 'NONE', #363, #1211 ) ;
#187 = CARTESIAN_POINT ( 'NONE',  ( 0.000000000000000000, 0.000000000000000000, -139.9999999999998579 ) ) ;
#188 = FACE_BOUND ( 'NONE', #477, .T. ) ;
#189 = ORIENTED_EDGE ( 'NONE', *, *, #3117, .F. ) ;
#190 = ORIENTED_EDGE ( 'NONE', *, *, #3324, .F. ) ;
#191 = DIRECTION ( 'NONE',  ( 0.000000000000000000, 0.000000000000000000, 1.000000000000000000 ) ) ;
#192 = CARTESIAN_POINT ( 'NONE',  ( -217.5735931288143661, 5.000000000000000000, 139.3207793864129087 ) ) ;
#193 = CIRCLE ( 'NONE', #3188, 3.299999999999997158 ) ;
#194 = DIRECTION ( 'NONE',  ( -0.000000000000000000, 1.000000000000000000, -0.000000000000000000 ) ) ;
#195 = EDGE_CURVE ( 'NONE', #4454, #1448, #2904, .T. ) ;
#196 = ORIENTED_EDGE ( 'NONE', *, *, #2463, .F. ) ;
#197 = EDGE_LOOP ( 'NONE', ( #1130, #5277, #4765, #4499 ) ) ;
#198 = CARTESIAN_POINT ( 'NONE',  ( 83.00000000000001421, 5.000000000000000000, 31.89999999999999858 ) ) ;
#199 = CARTESIAN_POINT ( 'NONE',  ( 169.4903320081231470, 5.000000000000000000, -222.7588745030453765 ) ) ;
#200 = CIRCLE ( 'NONE', #3709, 3.299999999999997158 ) ;
#201 = ORIENTED_EDGE ( 'NONE', *, *, #2115, .T. ) ;
#202 = EDGE_LOOP ( 'NONE', ( #963, #772 ) ) ;
#203 = VECTOR ( 'NONE', #2633, 1000.000000000000000 ) ;
#204 = DIRECTION ( 'NONE',  ( -0.000000000000000000, 1.000000000000000000, -0.000000000000000000 ) ) ;
#205 = DIRECTION ( 'NONE',  ( -0.000000000000000000, 1.000000000000000000, -0.000000000000000000 ) ) ;
#206 = ORIENTED_EDGE ( 'NONE', *, *, #185, .T. ) ;
#207 = EDGE_CURVE ( 'NONE', #2449, #2682, #471, .T. ) ;
#208 = EDGE_LOOP ( 'NONE', ( #4889, #4905, #4950, #1623 ) ) ;
#209 = DIRECTION ( 'NONE',  ( -0.000000000000000000, 1.000000000000000000, -0.000000000000000000 ) ) ;
#210 = CARTESIAN_POINT ( 'NONE',  ( -100.0000000000000000, 0.000000000000000000, -180.0000000000000000 ) ) ;
#211 = EDGE_CURVE ( 'NONE', #2293, #443, #2977, .T. ) ;
#212 = AXIS2_PLACEMENT_3D ( 'NONE', #2789, #4859, #4426 ) ;
#213 = FACE_BOUND ( 'NONE', #320, .T. ) ;
#214 = ORIENTED_EDGE ( 'NONE', *, *, #2974, .T. ) ;
#215 = ADVANCED_FACE ( 'NONE', ( #4487 ), #4942, .F. ) ;
#216 = EDGE_LOOP ( 'NONE', ( #1214, #4871 ) ) ;
#217 = DIRECTION ( 'NONE',  ( -0.000000000000000000, 1.000000000000000000, 0.000000000000000000 ) ) ;
#218 = DIRECTION ( 'NONE',  ( 0.000000000000000000, 0.000000000000000000, 1.000000000000000000 ) ) ;
#219 = DIRECTION ( 'NONE',  ( -0.000000000000000000, 1.000000000000000000, -0.000000000000000000 ) ) ;
#220 = CARTESIAN_POINT ( 'NONE',  ( -197.7746032555837985, 3.399999999999998579, -199.4746032555839292 ) ) ;
#221 = DIRECTION ( 'NONE',  ( 0.000000000000000000, 0.000000000000000000, 1.000000000000000000 ) ) ;
#222 = ORIENTED_EDGE ( 'NONE', *, *, #3259, .F. ) ;
#223 = EDGE_LOOP ( 'NONE', ( #3888, #3048, #2240, #5195 ) ) ;
#224 = CARTESIAN_POINT ( 'NONE',  ( -146.8629150101519940, 5.000000000000000000, -259.9999999999997726 ) ) ;
#225 = EDGE_CURVE ( 'NONE', #1462, #3762, #1266, .T. ) ;
#226 = CARTESIAN_POINT ( 'NONE',  ( -217.5735931288143661, 5.000000000000000000, 132.7207793864129144 ) ) ;
#227 = CARTESIAN_POINT ( 'NONE',  ( -226.0588745030480027, 3.399999999999998579, 167.7903320081199467 ) ) ;
#228 = ORIENTED_EDGE ( 'NONE', *, *, #899, .F. ) ;
#229 = CARTESIAN_POINT ( 'NONE',  ( -132.7207793864129712, 8.673617379884035472E-16, 214.2735931288193285 ) ) ;
#230 = CARTESIAN_POINT ( 'NONE',  ( -226.0588745030460132, 5.000000000000000000, -171.1903320081223967 ) ) ;
#231 = VERTEX_POINT ( 'NONE', #4862 ) ;
#232 = VERTEX_POINT ( 'NONE', #4055 ) ;
#233 = CARTESIAN_POINT ( 'NONE',  ( 20.85965004500353714, 0.000000000000000000, -187.5403499549965431 ) ) ;
#234 = CIRCLE ( 'NONE', #1262, 6.599999999999994316 ) ;
#235 = CARTESIAN_POINT ( 'NONE',  ( 197.7746032555807858, 5.000000000000000000, -197.7746032555809848 ) ) ;
#236 = CARTESIAN_POINT ( 'NONE',  ( 100.0000000000000000, 0.000000000000000000, -180.0000000000000000 ) ) ;
#237 = ORIENTED_EDGE ( 'NONE', *, *, #89, .F. ) ;
#238 = ORIENTED_EDGE ( 'NONE', *, *, #2706, .T. ) ;
#239 = AXIS2_PLACEMENT_3D ( 'NONE', #3484, #5205, #4365 ) ;
#240 = CIRCLE ( 'NONE', #1602, 15.00000000000000000 ) ;
#241 = PRODUCT_DEFINITION_SHAPE ( 'NONE', 'NONE',  #4860 ) ;
#242 = DIRECTION ( 'NONE',  ( 8.659560562354931626E-17, 0.7071067811865477948, -0.7071067811865473507 ) ) ;
#243 = DIRECTION ( 'NONE',  ( 0.000000000000000000, 0.000000000000000000, 1.000000000000000000 ) ) ;
#244 = EDGE_CURVE ( 'NONE', #3250, #2449, #5035, .T. ) ;
#245 = CARTESIAN_POINT ( 'NONE',  ( 169.4903320081231470, 5.000000000000000000, -226.0588745030453879 ) ) ;
#246 = AXIS2_PLACEMENT_3D ( 'NONE', #617, #4344, #5149 ) ;
#247 = CARTESIAN_POINT ( 'NONE',  ( 30.20000000000004547, 5.000000000000000000, 111.9999999999999716 ) ) ;
#248 = CARTESIAN_POINT ( 'NONE',  ( 20.85965004500326003, 5.000000000000000000, -229.2596500450028998 ) ) ;
#249 = VERTEX_POINT ( 'NONE', #39 ) ;
#250 = VECTOR ( 'NONE', #2029, 1000.000000000000000 ) ;
#251 = ORIENTED_EDGE ( 'NONE', *, *, #4805, .T. ) ;
#252 = LINE ( 'NONE', #2339, #959 ) ;
#253 = DIRECTION ( 'NONE',  ( 0.000000000000000000, 0.000000000000000000, 1.000000000000000000 ) ) ;
#254 = EDGE_CURVE ( 'NONE', #2723, #2023, #3732, .T. ) ;
#255 = DIRECTION ( 'NONE',  ( 0.000000000000000000, 1.000000000000000000, 0.000000000000000000 ) ) ;
#256 = VECTOR ( 'NONE', #4793, 1000.000000000000000 ) ;
#257 = ORIENTED_EDGE ( 'NONE', *, *, #5150, .T. ) ;
#258 = CARTESIAN_POINT ( 'NONE',  ( 169.4903320081207880, 3.399999999999998579, 227.7588745030474229 ) ) ;
#259 = AXIS2_PLACEMENT_3D ( 'NONE', #4219, #4651, #4620 ) ;
#260 = CARTESIAN_POINT ( 'NONE',  ( -100.0000000000002274, 5.000000000000000000, 59.99999999999977263 ) ) ;
#261 = EDGE_LOOP ( 'NONE', ( #338, #643 ) ) ;
#262 = EDGE_CURVE ( 'NONE', #4494, #1448, #807, .T. ) ;
#263 = ORIENTED_EDGE ( 'NONE', *, *, #53, .T. ) ;
#264 = EDGE_CURVE ( 'NONE', #2373, #2888, #390, .T. ) ;
#265 = AXIS2_PLACEMENT_3D ( 'NONE', #1506, #5105, #3447 ) ;
#266 = EDGE_CURVE ( 'NONE', #507, #504, #3649, .T. ) ;
#267 = CARTESIAN_POINT ( 'NONE',  ( 30.20000000000004192, 5.000000000000000000, 81.90000000000000568 ) ) ;
#268 = DIRECTION ( 'NONE',  ( 0.000000000000000000, 1.000000000000000000, 0.000000000000000000 ) ) ;
#269 = EDGE_LOOP ( 'NONE', ( #1096, #1172 ) ) ;
#270 = VERTEX_POINT ( 'NONE', #777 ) ;
#271 = CARTESIAN_POINT ( 'NONE',  ( 259.9999999999997726, 5.000000000000000000, -146.8629150101523919 ) ) ;
#272 = AXIS2_PLACEMENT_3D ( 'NONE', #4672, #1050, #4324 ) ;
#273 = LINE ( 'NONE', #2732, #4130 ) ;
#274 = CARTESIAN_POINT ( 'NONE',  ( 169.4903320081207880, 3.399999999999998579, 226.0588745030474342 ) ) ;
#275 = CYLINDRICAL_SURFACE ( 'NONE', #3435, 20.00000000000000000 ) ;
#276 =( NAMED_UNIT ( * ) PLANE_ANGLE_UNIT ( ) SI_UNIT ( $, .RADIAN. ) );
#277 = CIRCLE ( 'NONE', #1893, 3.299999999999997158 ) ;
#278 = ORIENTED_EDGE ( 'NONE', *, *, #2795, .T. ) ;
#279 = ADVANCED_FACE ( 'NONE', ( #2015 ), #2816, .F. ) ;
#280 = EDGE_CURVE ( 'NONE', #423, #231, #1778, .T. ) ;
#281 = ORIENTED_EDGE ( 'NONE', *, *, #4772, .T. ) ;
#282 = CARTESIAN_POINT ( 'NONE',  ( -132.7207793864151881, 8.673617379884035472E-16, -220.8735931288129564 ) ) ;
#283 = VECTOR ( 'NONE', #2627, 1000.000000000000000 ) ;
#284 = DIRECTION ( 'NONE',  ( -0.000000000000000000, 1.000000000000000000, -0.000000000000000000 ) ) ;
#285 = DIRECTION ( 'NONE',  ( 0.000000000000000000, 0.000000000000000000, 1.000000000000000000 ) ) ;
#286 = CIRCLE ( 'NONE', #537, 6.599999999999994316 ) ;
#287 = EDGE_CURVE ( 'NONE', #3769, #1065, #587, .T. ) ;
#288 = ORIENTED_EDGE ( 'NONE', *, *, #1756, .T. ) ;
#289 = DIRECTION ( 'NONE',  ( -0.000000000000000000, 1.000000000000000000, -0.000000000000000000 ) ) ;
#290 = CARTESIAN_POINT ( 'NONE',  ( 70.00000000000000000, 0.000000000000000000, 95.00000000000000000 ) ) ;
#291 = AXIS2_PLACEMENT_3D ( 'NONE', #135, #3827, #4259 ) ;
#292 = DIRECTION ( 'NONE',  ( -0.000000000000000000, 1.000000000000000000, -0.000000000000000000 ) ) ;
#293 = VERTEX_POINT ( 'NONE', #1265 ) ;
#294 = EDGE_LOOP ( 'NONE', ( #2573, #4799, #1729, #3387 ) ) ;
#295 = LOCAL_TIME ( 20, 3, 9.000000000000000000, #3671 ) ;
#296 = AXIS2_PLACEMENT_3D ( 'NONE', #3908, #297, #5116 ) ;
#297 = DIRECTION ( 'NONE',  ( 0.000000000000000000, 1.000000000000000000, 0.000000000000000000 ) ) ;
#298 = EDGE_CURVE ( 'NONE', #3477, #2587, #5300, .T. ) ;
#299 = DIRECTION ( 'NONE',  ( -0.000000000000000000, 1.000000000000000000, -0.000000000000000000 ) ) ;
#300 = AXIS2_PLACEMENT_3D ( 'NONE', #165, #4109, #5015 ) ;
#301 = ORIENTED_EDGE ( 'NONE', *, *, #4175, .T. ) ;
#302 = ORIENTED_EDGE ( 'NONE', *, *, #2559, .T. ) ;
#303 = DIRECTION ( 'NONE',  ( -0.000000000000000000, 1.000000000000000000, -0.000000000000000000 ) ) ;
#304 = CIRCLE ( 'NONE', #2688, 3.299999999999997158 ) ;
#305 = DIRECTION ( 'NONE',  ( -0.000000000000000000, 1.000000000000000000, -0.000000000000000000 ) ) ;
#306 = FACE_OUTER_BOUND ( 'NONE', #2558, .T. ) ;
#307 = ORIENTED_EDGE ( 'NONE', *, *, #2867, .T. ) ;
#308 = ORIENTED_EDGE ( 'NONE', *, *, #3474, .F. ) ;
#309 = CARTESIAN_POINT ( 'NONE',  ( 100.0000000000000000, 0.000000000000000000, -192.5999999999999943 ) ) ;
#310 = DIRECTION ( 'NONE',  ( 0.000000000000000000, 1.000000000000000000, 0.000000000000000000 ) ) ;
#311 = CARTESIAN_POINT ( 'NONE',  ( -59.99999999999985789, 5.000000000000000000, -6.600000000000023626 ) ) ;
#312 = ORIENTED_EDGE ( 'NONE', *, *, #4248, .T. ) ;
#313 = CYLINDRICAL_SURFACE ( 'NONE', #1041, 2.100000000000004530 ) ;
#314 = DIRECTION ( 'NONE',  ( -0.000000000000000000, 1.000000000000000000, -0.000000000000000000 ) ) ;
#315 = EDGE_CURVE ( 'NONE', #3193, #3350, #1102, .T. ) ;
#316 = CARTESIAN_POINT ( 'NONE',  ( 10.20000000000004370, 5.000000000000000000, 109.8999999999999915 ) ) ;
#317 = ORIENTED_EDGE ( 'NONE', *, *, #4326, .F. ) ;
#318 = LINE ( 'NONE', #4011, #5078 ) ;
#319 = CARTESIAN_POINT ( 'NONE',  ( 83.00000000000001421, 5.000000000000000000, 31.89999999999999858 ) ) ;
#320 = EDGE_LOOP ( 'NONE', ( #4375, #2100 ) ) ;
#321 = VERTEX_POINT ( 'NONE', #3221 ) ;
#323 = EDGE_CURVE ( 'NONE', #3831, #4674, #3158, .T. ) ;
#322 = DIRECTION ( 'NONE',  ( -0.000000000000000000, 1.000000000000000000, -0.000000000000000000 ) ) ;
#324 = DIRECTION ( 'NONE',  ( 0.000000000000000000, 0.000000000000000000, 1.000000000000000000 ) ) ;
#325 = FACE_OUTER_BOUND ( 'NONE', #1479, .T. ) ;
#326 = AXIS2_PLACEMENT_3D ( 'NONE', #1468, #4769, #3108 ) ;
#327 = ORIENTED_EDGE ( 'NONE', *, *, #4749, .F. ) ;
#328 = VECTOR ( 'NONE', #4760, 1000.000000000000000 ) ;
#329 = CARTESIAN_POINT ( 'NONE',  ( 60.00000000000013500, 1.700000000000001066, 3.300000000001607425 ) ) ;
#330 = ADVANCED_FACE ( 'NONE', ( #4890 ), #2845, .F. ) ;
#331 = CARTESIAN_POINT ( 'NONE',  ( -169.4903320081222944, 5.000000000000000000, -226.0588745030462974 ) ) ;
#332 = DIRECTION ( 'NONE',  ( -0.000000000000000000, 1.000000000000000000, 0.000000000000000000 ) ) ;
#333 = DIRECTION ( 'NONE',  ( -0.000000000000000000, 1.000000000000000000, -0.000000000000000000 ) ) ;
#334 = VERTEX_POINT ( 'NONE', #4027 ) ;
#335 = DIRECTION ( 'NONE',  ( -0.000000000000000000, 1.000000000000000000, -0.000000000000000000 ) ) ;
#336 = CARTESIAN_POINT ( 'NONE',  ( -59.99999999999985789, 0.000000000000000000, -15.00000000000000000 ) ) ;
#337 = LINE ( 'NONE', #5248, #1194 ) ;
#338 = ORIENTED_EDGE ( 'NONE', *, *, #450, .T. ) ;
#339 = APPROVAL ( #2761, '未' ) ;
#340 = EDGE_CURVE ( 'NONE', #3454, #1441, #2982, .T. ) ;
#341 = AXIS2_PLACEMENT_3D ( 'NONE', #1252, #3294, #5253 ) ;
#342 = DIRECTION ( 'NONE',  ( 0.7071067811865459074, 0.000000000000000000, 0.7071067811865491270 ) ) ;
#343 = CARTESIAN_POINT ( 'NONE',  ( 169.4903320081231470, 5.000000000000000000, -226.0588745030453879 ) ) ;
#344 = EDGE_CURVE ( 'NONE', #45, #691, #4720, .T. ) ;
#345 = VERTEX_POINT ( 'NONE', #2930 ) ;
#346 = ORIENTED_EDGE ( 'NONE', *, *, #1676, .T. ) ;
#347 = EDGE_CURVE ( 'NONE', #3937, #1808, #1471, .T. ) ;
#348 = VECTOR ( 'NONE', #2985, 1000.000000000000000 ) ;
#349 = DIRECTION ( 'NONE',  ( -0.000000000000000000, 1.000000000000000000, 0.000000000000000000 ) ) ;
#350 = CARTESIAN_POINT ( 'NONE',  ( 70.00000000000000000, -9.999999999999998224, 80.00000000000000000 ) ) ;
#351 = CIRCLE ( 'NONE', #944, 15.00000000000001421 ) ;
#352 = CYLINDRICAL_SURFACE ( 'NONE', #2351, 15.00000000000000000 ) ;
#353 = APPROVAL_DATE_TIME ( #4019, #339 ) ;
#354 = EDGE_LOOP ( 'NONE', ( #3442, #1319 ) ) ;
#355 = CARTESIAN_POINT ( 'NONE',  ( -10.19999999999995310, 5.000000000000000000, 84.00000000000001421 ) ) ;
#356 = EDGE_CURVE ( 'NONE', #835, #1767, #2464, .T. ) ;
#357 = CONICAL_SURFACE ( 'NONE', #4119, 6.600000000000001421, 0.7853981633974490562 ) ;
#358 = DIRECTION ( 'NONE',  ( -0.000000000000000000, 1.000000000000000000, -0.000000000000000000 ) ) ;
#359 = FACE_OUTER_BOUND ( 'NONE', #3707, .T. ) ;
#360 = DIRECTION ( 'NONE',  ( 0.000000000000000000, 0.000000000000000000, 1.000000000000000000 ) ) ;
#361 = VERTEX_POINT ( 'NONE', #669 ) ;
#362 = AXIS2_PLACEMENT_3D ( 'NONE', #3445, #1345, #549 ) ;
#363 = CARTESIAN_POINT ( 'NONE',  ( -146.8629150101519940, 5.000000000000000000, -259.9999999999997726 ) ) ;
#364 = DIRECTION ( 'NONE',  ( 0.000000000000000000, 0.000000000000000000, 1.000000000000000000 ) ) ;
#365 = DIRECTION ( 'NONE',  ( -0.000000000000000000, 1.000000000000000000, -0.000000000000000000 ) ) ;
#366 = CIRCLE ( 'NONE', #3361, 2.999999999999995559 ) ;
#367 = ORIENTED_EDGE ( 'NONE', *, *, #356, .T. ) ;
#368 = VECTOR ( 'NONE', #1203, 1000.000000000000000 ) ;
#369 = CARTESIAN_POINT ( 'NONE',  ( -2.220446049250313081E-13, 5.000000000000000000, 20.00000000000022382 ) ) ;
#370 = CYLINDRICAL_SURFACE ( 'NONE', #341, 1.599999999999990319 ) ;
#371 = DIRECTION ( 'NONE',  ( -0.000000000000000000, 1.000000000000000000, -0.000000000000000000 ) ) ;
#372 = ORIENTED_EDGE ( 'NONE', *, *, #551, .T. ) ;
#373 = AXIS2_PLACEMENT_3D ( 'NONE', #517, #2928, #3753 ) ;
#374 = AXIS2_PLACEMENT_3D ( 'NONE', #4168, #576, #3739 ) ;
#375 = ORIENTED_EDGE ( 'NONE', *, *, #2826, .F. ) ;
#376 = CARTESIAN_POINT ( 'NONE',  ( 23.49999999999987210, 0.000000000000000000, -26.49999999999990763 ) ) ;
#377 = EDGE_CURVE ( 'NONE', #345, #2722, #2124, .T. ) ;
#378 = FACE_OUTER_BOUND ( 'NONE', #2003, .T. ) ;
#379 = VECTOR ( 'NONE', #3119, 1000.000000000000000 ) ;
#380 = CIRCLE ( 'NONE', #2855, 1.700000000000007061 ) ;
#381 = FACE_OUTER_BOUND ( 'NONE', #3156, .T. ) ;
#382 = ADVANCED_FACE ( 'NONE', ( #1872 ), #943, .F. ) ;
#383 = EDGE_LOOP ( 'NONE', ( #3868, #4920 ) ) ;
#384 = VECTOR ( 'NONE', #4475, 1000.000000000000000 ) ;
#385 = DIRECTION ( 'NONE',  ( 0.000000000000000000, 0.000000000000000000, 1.000000000000000000 ) ) ;
#386 = AXIS2_PLACEMENT_3D ( 'NONE', #1713, #5045, #941 ) ;
#387 = CARTESIAN_POINT ( 'NONE',  ( 0.000000000000000000, 0.000000000000000000, -139.9999999999998579 ) ) ;
#388 = CARTESIAN_POINT ( 'NONE',  ( 217.5735931288146219, 1.700000000000001066, 129.4207793864150631 ) ) ;
#389 = ORIENTED_EDGE ( 'NONE', *, *, #3367, .T. ) ;
#390 = LINE ( 'NONE', #862, #2630 ) ;
#391 = EDGE_LOOP ( 'NONE', ( #1574, #956, #1492, #2376 ) ) ;
#392 = ADVANCED_FACE ( 'NONE', ( #3358 ), #1318, .F. ) ;
#393 = CARTESIAN_POINT ( 'NONE',  ( 217.5735931288179756, 5.000000000000000000, -136.0207793864104815 ) ) ;
#394 = DIRECTION ( 'NONE',  ( 8.659560562354931626E-17, 0.7071067811865477948, -0.7071067811865473507 ) ) ;
#395 = CARTESIAN_POINT ( 'NONE',  ( -226.0588745030460132, 5.000000000000000000, -169.4903320081223796 ) ) ;
#396 = VERTEX_POINT ( 'NONE', #3785 ) ;
#397 = ORIENTED_EDGE ( 'NONE', *, *, #939, .F. ) ;
#398 = FACE_BOUND ( 'NONE', #1043, .T. ) ;
#399 = DIRECTION ( 'NONE',  ( -0.000000000000000000, 1.000000000000000000, -0.000000000000000000 ) ) ;
#400 = DIRECTION ( 'NONE',  ( -0.000000000000000000, 1.000000000000000000, -0.000000000000000000 ) ) ;
#401 = EDGE_LOOP ( 'NONE', ( #913, #2431, #2497, #957 ) ) ;
#402 = ORIENTED_EDGE ( 'NONE', *, *, #158, .F. ) ;
#403 = LINE ( 'NONE', #4958, #2287 ) ;
#404 = FACE_OUTER_BOUND ( 'NONE', #778, .T. ) ;
#405 = DIRECTION ( 'NONE',  ( 0.000000000000000000, 0.000000000000000000, 1.000000000000000000 ) ) ;
#406 = PERSON_AND_ORGANIZATION_ROLE ( 'classification_officer' ) ;
#407 = VERTEX_POINT ( 'NONE', #1074 ) ;
#408 = EDGE_CURVE ( 'NONE', #2449, #3250, #3926, .T. ) ;
#409 = CARTESIAN_POINT ( 'NONE',  ( 83.00000000000001421, 5.000000000000000000, 36.10000000000000853 ) ) ;
#410 = VECTOR ( 'NONE', #209, 1000.000000000000000 ) ;
#411 = CARTESIAN_POINT ( 'NONE',  ( -23.50000000000019895, 0.000000000000000000, 23.50000000000020961 ) ) ;
#412 = CARTESIAN_POINT ( 'NONE',  ( -169.4903320081246818, 5.000000000000000000, 226.0588745030442510 ) ) ;
#413 = VERTEX_POINT ( 'NONE', #2574 ) ;
#414 = DIRECTION ( 'NONE',  ( 0.000000000000000000, 0.000000000000000000, 1.000000000000000000 ) ) ;
#415 = EDGE_CURVE ( 'NONE', #2401, #2511, #3514, .T. ) ;
#416 = AXIS2_PLACEMENT_3D ( 'NONE', #1673, #4953, #788 ) ;
#417 = VECTOR ( 'NONE', #4383, 1000.000000000000000 ) ;
#418 = ORIENTED_EDGE ( 'NONE', *, *, #1764, .T. ) ;
#419 = CARTESIAN_POINT ( 'NONE',  ( 197.7746032555807858, 5.000000000000000000, -201.0746032555809961 ) ) ;
#420 = DIRECTION ( 'NONE',  ( -0.000000000000000000, 1.000000000000000000, -0.000000000000000000 ) ) ;
#421 = LINE ( 'NONE', #3632, #4368 ) ;
#422 = ADVANCED_FACE ( 'NONE', ( #3332 ), #4320, .F. ) ;
#423 = VERTEX_POINT ( 'NONE', #4969 ) ;
#424 = ORIENTED_EDGE ( 'NONE', *, *, #4293, .F. ) ;
#425 = FACE_BOUND ( 'NONE', #4089, .T. ) ;
#426 = DIRECTION ( 'NONE',  ( 0.000000000000000000, 1.000000000000000000, 0.000000000000000000 ) ) ;
#427 = EDGE_CURVE ( 'NONE', #3738, #4826, #1291, .T. ) ;
#428 = CARTESIAN_POINT ( 'NONE',  ( 100.0000000000000000, 0.000000000000000000, -167.4000000000000057 ) ) ;
#429 = ORIENTED_EDGE ( 'NONE', *, *, #2826, .T. ) ;
#430 = ORIENTED_EDGE ( 'NONE', *, *, #1928, .T. ) ;
#431 = CARTESIAN_POINT ( 'NONE',  ( -197.7746032555863565, 8.673617379884035472E-16, 196.0746032555820761 ) ) ;
#432 = EDGE_CURVE ( 'NONE', #874, #126, #162, .T. ) ;
#433 = AXIS2_PLACEMENT_3D ( 'NONE', #2720, #4360, #2664 ) ;
#434 = CYLINDRICAL_SURFACE ( 'NONE', #3364, 15.00000000000000000 ) ;
#435 = DIRECTION ( 'NONE',  ( -0.000000000000000000, 1.000000000000000000, -0.000000000000000000 ) ) ;
#436 = AXIS2_PLACEMENT_3D ( 'NONE', #3312, #2821, #813 ) ;
#437 = ORIENTED_EDGE ( 'NONE', *, *, #1453, .T. ) ;
#438 = AXIS2_PLACEMENT_3D ( 'NONE', #5290, #4838, #1606 ) ;
#439 = DIRECTION ( 'NONE',  ( -0.000000000000000000, -1.000000000000000000, -0.000000000000000000 ) ) ;
#440 = CYLINDRICAL_SURFACE ( 'NONE', #4631, 3.299999999999997158 ) ;
#441 = DIRECTION ( 'NONE',  ( 0.000000000000000000, 0.000000000000000000, 1.000000000000000000 ) ) ;
#442 = AXIS2_PLACEMENT_3D ( 'NONE', #4294, #3917, #2680 ) ;
#443 = VERTEX_POINT ( 'NONE', #2957 ) ;
#444 = DIRECTION ( 'NONE',  ( -0.000000000000000000, 1.000000000000000000, 0.000000000000000000 ) ) ;
#445 = ORIENTED_EDGE ( 'NONE', *, *, #1859, .F. ) ;
#446 = DIRECTION ( 'NONE',  ( -0.000000000000000000, 1.000000000000000000, -0.000000000000000000 ) ) ;
#447 = ADVANCED_FACE ( 'NONE', ( #4587 ), #4356, .F. ) ;
#448 = DIRECTION ( 'NONE',  ( 0.000000000000000000, 0.000000000000000000, 1.000000000000000000 ) ) ;
#449 = DIRECTION ( 'NONE',  ( 0.000000000000000000, 0.000000000000000000, 1.000000000000000000 ) ) ;
#450 = EDGE_CURVE ( 'NONE', #3464, #3738, #3750, .T. ) ;
#451 = VERTEX_POINT ( 'NONE', #4188 ) ;
#452 = VECTOR ( 'NONE', #4218, 1000.000000000000000 ) ;
#453 = ORIENTED_EDGE ( 'NONE', *, *, #1514, .F. ) ;
#454 = FACE_BOUND ( 'NONE', #745, .T. ) ;
#455 = AXIS2_PLACEMENT_3D ( 'NONE', #4129, #2036, #1605 ) ;
#456 = CARTESIAN_POINT ( 'NONE',  ( 60.00000000000013500, 8.673617379884035472E-16, 1.609823385706476580E-12 ) ) ;
#457 = CARTESIAN_POINT ( 'NONE',  ( -217.5735931288175493, 5.000000000000000000, -126.1207793864115274 ) ) ;
#458 = ORIENTED_EDGE ( 'NONE', *, *, #2897, .T. ) ;
#459 = ORIENTED_EDGE ( 'NONE', *, *, #3372, .F. ) ;
#460 = DIRECTION ( 'NONE',  ( 0.000000000000000000, 0.000000000000000000, 1.000000000000000000 ) ) ;
#461 = DIRECTION ( 'NONE',  ( -0.000000000000000000, 1.000000000000000000, -0.000000000000000000 ) ) ;
#462 = CARTESIAN_POINT ( 'NONE',  ( 20.85965004500353714, 5.000000000000000000, -189.1403499549965090 ) ) ;
#463 = VECTOR ( 'NONE', #3821, 1000.000000000000000 ) ;
#464 = ORIENTED_EDGE ( 'NONE', *, *, #5060, .T. ) ;
#465 = CIRCLE ( 'NONE', #1401, 3.299999999999997158 ) ;
#466 = CARTESIAN_POINT ( 'NONE',  ( -260.0000000000002274, 5.000000000000000000, -146.8629150101527898 ) ) ;
#467 = DIRECTION ( 'NONE',  ( -0.000000000000000000, 1.000000000000000000, -0.000000000000000000 ) ) ;
#468 = DIRECTION ( 'NONE',  ( 0.000000000000000000, 0.000000000000000000, 1.000000000000000000 ) ) ;
#469 = VECTOR ( 'NONE', #3216, 1000.000000000000000 ) ;
#470 = ORIENTED_EDGE ( 'NONE', *, *, #29, .F. ) ;
#471 = LINE ( 'NONE', #751, #2895 ) ;
#472 = ORIENTED_EDGE ( 'NONE', *, *, #3759, .T. ) ;
#473 = DIRECTION ( 'NONE',  ( 0.000000000000000000, 0.000000000000000000, 1.000000000000000000 ) ) ;
#474 = AXIS2_PLACEMENT_3D ( 'NONE', #3439, #4245, #2117 ) ;
#475 = CARTESIAN_POINT ( 'NONE',  ( -197.7746032555863565, 5.000000000000000000, 201.0746032555820761 ) ) ;
#476 = ORIENTED_EDGE ( 'NONE', *, *, #1292, .T. ) ;
#477 = EDGE_LOOP ( 'NONE', ( #828, #4033 ) ) ;
#478 = ADVANCED_FACE ( 'NONE', ( #3083 ), #5039, .F. ) ;
#479 = DIRECTION ( 'NONE',  ( 0.000000000000000000, 0.000000000000000000, 1.000000000000000000 ) ) ;
#480 = DIRECTION ( 'NONE',  ( 0.000000000000000000, 0.7071067811865500152, 0.7071067811865450192 ) ) ;
#481 = ORIENTED_EDGE ( 'NONE', *, *, #1062, .F. ) ;
#482 = ORIENTED_EDGE ( 'NONE', *, *, #2410, .T. ) ;
#483 = DIRECTION ( 'NONE',  ( 0.000000000000000000, 0.000000000000000000, 1.000000000000000000 ) ) ;
#484 = DIRECTION ( 'NONE',  ( 0.000000000000000000, 0.000000000000000000, 1.000000000000000000 ) ) ;
#485 = CARTESIAN_POINT ( 'NONE',  ( -169.4903320081222944, 3.399999999999998579, -227.7588745030462860 ) ) ;
#486 = ADVANCED_FACE ( 'NONE', ( #3388 ), #5019, .F. ) ;
#487 = ORIENTED_EDGE ( 'NONE', *, *, #1321, .T. ) ;
#488 = DIRECTION ( 'NONE',  ( 0.000000000000000000, 0.000000000000000000, 1.000000000000000000 ) ) ;
#489 = DIRECTION ( 'NONE',  ( -0.000000000000000000, 1.000000000000000000, -0.000000000000000000 ) ) ;
#490 = DIRECTION ( 'NONE',  ( -0.000000000000000000, -0.000000000000000000, -1.000000000000000000 ) ) ;
#491 = VERTEX_POINT ( 'NONE', #3939 ) ;
#492 = CARTESIAN_POINT ( 'NONE',  ( 197.7746032555807858, 5.000000000000000000, -197.7746032555809848 ) ) ;
#493 = ORIENTED_EDGE ( 'NONE', *, *, #207, .F. ) ;
#494 = VECTOR ( 'NONE', #4632, 1000.000000000000000 ) ;
#495 = CARTESIAN_POINT ( 'NONE',  ( -59.99999999999985789, 1.700000000000001066, 3.299999999999975842 ) ) ;
#496 = DIRECTION ( 'NONE',  ( -0.000000000000000000, 1.000000000000000000, -0.000000000000000000 ) ) ;
#497 = AXIS2_PLACEMENT_3D ( 'NONE', #2052, #5279, #4902 ) ;
#498 = CIRCLE ( 'NONE', #5124, 20.00000000000000000 ) ;
#499 = EDGE_LOOP ( 'NONE', ( #4107, #4150, #4536, #1088 ) ) ;
#500 = EDGE_LOOP ( 'NONE', ( #3257, #3798 ) ) ;
#501 = FACE_OUTER_BOUND ( 'NONE', #2701, .T. ) ;
#502 = AXIS2_PLACEMENT_3D ( 'NONE', #719, #4471, #693 ) ;
#503 = CARTESIAN_POINT ( 'NONE',  ( -169.4903320081222944, 5.000000000000000000, -222.7588745030462860 ) ) ;
#504 = VERTEX_POINT ( 'NONE', #3187 ) ;
#505 = CC_DESIGN_PERSON_AND_ORGANIZATION_ASSIGNMENT ( #4374, #5101, ( #1054 ) ) ;
#506 = EDGE_CURVE ( 'NONE', #2530, #407, #2756, .T. ) ;
#507 = VERTEX_POINT ( 'NONE', #1897 ) ;
#508 = DIRECTION ( 'NONE',  ( -0.000000000000000000, -1.000000000000000000, -0.000000000000000000 ) ) ;
#509 = LINE ( 'NONE', #2109, #2760 ) ;
#510 = LINE ( 'NONE', #3774, #5006 ) ;
#511 = ORIENTED_EDGE ( 'NONE', *, *, #4204, .F. ) ;
#512 = ORIENTED_EDGE ( 'NONE', *, *, #2470, .T. ) ;
#513 = AXIS2_PLACEMENT_3D ( 'NONE', #4818, #205, #4388 ) ;
#514 = CARTESIAN_POINT ( 'NONE',  ( 197.7746032555828322, 5.000000000000000000, 201.0746032555856857 ) ) ;
#515 = VECTOR ( 'NONE', #4575, 1000.000000000000000 ) ;
#516 = CARTESIAN_POINT ( 'NONE',  ( -100.0000000000000000, 5.000000000000000000, -180.0000000000000000 ) ) ;
#517 = CARTESIAN_POINT ( 'NONE',  ( 70.00000000000000000, -9.999999999999998224, 80.00000000000000000 ) ) ;
#518 = ORIENTED_EDGE ( 'NONE', *, *, #3587, .T. ) ;
#519 = CARTESIAN_POINT ( 'NONE',  ( 169.4903320081231470, 5.000000000000000000, -226.0588745030453879 ) ) ;
#520 = AXIS2_PLACEMENT_3D ( 'NONE', #3336, #948, #4999 ) ;
#521 = ORIENTED_EDGE ( 'NONE', *, *, #347, .T. ) ;
#522 = DIRECTION ( 'NONE',  ( 0.000000000000000000, 0.000000000000000000, 1.000000000000000000 ) ) ;
#523 = ADVANCED_FACE ( 'NONE', ( #3164 ), #3214, .F. ) ;
#524 = VECTOR ( 'NONE', #858, 999.9999999999998863 ) ;
#525 = CARTESIAN_POINT ( 'NONE',  ( 217.5735931288146219, 5.000000000000000000, 129.4207793864150631 ) ) ;
#526 = ORIENTED_EDGE ( 'NONE', *, *, #2712, .T. ) ;
#527 = VERTEX_POINT ( 'NONE', #4015 ) ;
#528 = DIRECTION ( 'NONE',  ( 0.000000000000000000, 0.000000000000000000, 1.000000000000000000 ) ) ;
#529 = CARTESIAN_POINT ( 'NONE',  ( -197.7746032555863565, 5.000000000000000000, 194.4746032555820818 ) ) ;
#530 = CIRCLE ( 'NONE', #5156, 3.299999999999997158 ) ;
#531 = ORIENTED_EDGE ( 'NONE', *, *, #408, .F. ) ;
#532 = VERTEX_POINT ( 'NONE', #1500 ) ;
#533 = DIRECTION ( 'NONE',  ( -0.000000000000000000, 1.000000000000000000, -0.000000000000000000 ) ) ;
#534 = LINE ( 'NONE', #2615, #1306 ) ;
#535 = FACE_BOUND ( 'NONE', #5112, .T. ) ;
#536 = ORIENTED_EDGE ( 'NONE', *, *, #4339, .F. ) ;
#537 = AXIS2_PLACEMENT_3D ( 'NONE', #1740, #1364, #191 ) ;
#538 = ORIENTED_EDGE ( 'NONE', *, *, #2995, .T. ) ;
#539 = EDGE_CURVE ( 'NONE', #5001, #3023, #4852, .T. ) ;
#540 = CARTESIAN_POINT ( 'NONE',  ( 99.99999999999978684, 0.000000000000000000, 58.34999999999977405 ) ) ;
#541 = CONICAL_SURFACE ( 'NONE', #3025, 3.299999999999997158, 0.7853981633974447263 ) ;
#542 = ADVANCED_FACE ( 'NONE', ( #5180 ), #4869, .F. ) ;
#543 = DIRECTION ( 'NONE',  ( 0.000000000000000000, 0.000000000000000000, 1.000000000000000000 ) ) ;
#544 = DIRECTION ( 'NONE',  ( -0.000000000000000000, 1.000000000000000000, -0.000000000000000000 ) ) ;
#545 = CARTESIAN_POINT ( 'NONE',  ( -169.4903320081246818, 5.000000000000000000, 224.3588745030442340 ) ) ;
#546 = EDGE_LOOP ( 'NONE', ( #4495, #1461 ) ) ;
#547 = CIRCLE ( 'NONE', #4148, 3.299999999999997158 ) ;
#548 = VERTEX_POINT ( 'NONE', #376 ) ;
#549 = DIRECTION ( 'NONE',  ( 0.000000000000000000, 0.000000000000000000, 1.000000000000000000 ) ) ;
#550 = DIRECTION ( 'NONE',  ( -0.000000000000000000, 1.000000000000000000, -0.000000000000000000 ) ) ;
#551 = EDGE_CURVE ( 'NONE', #4384, #334, #1525, .T. ) ;
#552 = DIRECTION ( 'NONE',  ( 0.000000000000000000, 0.000000000000000000, 1.000000000000000000 ) ) ;
#553 = ORIENTED_EDGE ( 'NONE', *, *, #2744, .F. ) ;
#554 = CIRCLE ( 'NONE', #2260, 3.299999999999997158 ) ;
#555 = CARTESIAN_POINT ( 'NONE',  ( 132.7207793864120333, 8.673617379884035472E-16, 220.8735931288196070 ) ) ;
#556 = DIRECTION ( 'NONE',  ( -0.000000000000000000, 1.000000000000000000, -0.000000000000000000 ) ) ;
#557 = ORIENTED_EDGE ( 'NONE', *, *, #2559, .F. ) ;
#558 = EDGE_LOOP ( 'NONE', ( #1580, #3656, #1193, #73 ) ) ;
#559 = DIRECTION ( 'NONE',  ( -0.000000000000000000, 1.000000000000000000, -0.000000000000000000 ) ) ;
#560 = DIRECTION ( 'NONE',  ( -1.000000000000000000, -0.000000000000000000, 1.889896820699104937E-16 ) ) ;
#561 = FACE_BOUND ( 'NONE', #4410, .T. ) ;
#562 = VERTEX_POINT ( 'NONE', #2004 ) ;
#563 = EDGE_LOOP ( 'NONE', ( #999, #470 ) ) ;
#564 = DIRECTION ( 'NONE',  ( -0.000000000000000000, 1.000000000000000000, -0.000000000000000000 ) ) ;
#565 = CARTESIAN_POINT ( 'NONE',  ( 226.0588745030468374, 3.399999999999998579, -169.4903320081214702 ) ) ;
#566 = CARTESIAN_POINT ( 'NONE',  ( -59.99999999999985789, 1.700000000000001066, -2.165618536905904653E-14 ) ) ;
#567 = DIRECTION ( 'NONE',  ( -0.000000000000000000, 1.000000000000000000, 0.000000000000000000 ) ) ;
#568 = ORIENTED_EDGE ( 'NONE', *, *, #3967, .F. ) ;
#569 = EDGE_CURVE ( 'NONE', #4646, #1369, #1099, .T. ) ;
#570 = ORIENTED_EDGE ( 'NONE', *, *, #2380, .T. ) ;
#571 = LINE ( 'NONE', #198, #1807 ) ;
#572 = DIRECTION ( 'NONE',  ( 0.000000000000000000, 0.000000000000000000, 1.000000000000000000 ) ) ;
#573 = EDGE_CURVE ( 'NONE', #2636, #1670, #1782, .T. ) ;
#574 = ORIENTED_EDGE ( 'NONE', *, *, #2345, .T. ) ;
#575 = EDGE_LOOP ( 'NONE', ( #1376, #5118, #263, #38 ) ) ;
#576 = DIRECTION ( 'NONE',  ( -0.000000000000000000, 1.000000000000000000, -0.000000000000000000 ) ) ;
#577 = ADVANCED_FACE ( 'NONE', ( #1123 ), #4419, .F. ) ;
#578 = CARTESIAN_POINT ( 'NONE',  ( 70.00000000000000000, 5.000000000000000000, 95.00000000000000000 ) ) ;
#579 = AXIS2_PLACEMENT_3D ( 'NONE', #3723, #2919, #2863 ) ;
#580 = EDGE_LOOP ( 'NONE', ( #1913, #3906 ) ) ;
#581 = EDGE_LOOP ( 'NONE', ( #493, #3702, #4477, #1229 ) ) ;
#582 = DIRECTION ( 'NONE',  ( -0.000000000000000000, 1.000000000000000000, -0.000000000000000000 ) ) ;
#583 = FACE_OUTER_BOUND ( 'NONE', #5130, .T. ) ;
#584 = EDGE_CURVE ( 'NONE', #2923, #345, #4399, .T. ) ;
#585 = FACE_BOUND ( 'NONE', #5065, .T. ) ;
#586 = ORIENTED_EDGE ( 'NONE', *, *, #1274, .T. ) ;
#587 = CIRCLE ( 'NONE', #5129, 2.100000000000004530 ) ;
#588 = ADVANCED_FACE ( 'NONE', ( #739 ), #2329, .F. ) ;
#589 = ORIENTED_EDGE ( 'NONE', *, *, #1464, .T. ) ;
#590 = DIRECTION ( 'NONE',  ( -0.000000000000000000, 1.000000000000000000, -0.000000000000000000 ) ) ;
#591 = DIRECTION ( 'NONE',  ( 0.000000000000000000, 0.000000000000000000, 1.000000000000000000 ) ) ;
#592 = DIRECTION ( 'NONE',  ( -0.000000000000000000, 1.000000000000000000, -0.000000000000000000 ) ) ;
#593 = FACE_OUTER_BOUND ( 'NONE', #2048, .T. ) ;
#594 = ORIENTED_EDGE ( 'NONE', *, *, #1062, .T. ) ;
#595 = ORIENTED_EDGE ( 'NONE', *, *, #5023, .F. ) ;
#596 = CIRCLE ( 'NONE', #3850, 1.700000000000007061 ) ;
#597 = DIRECTION ( 'NONE',  ( 0.000000000000000000, 0.000000000000000000, 1.000000000000000000 ) ) ;
#598 = CYLINDRICAL_SURFACE ( 'NONE', #5316, 3.299999999999997158 ) ;
#599 = AXIS2_PLACEMENT_3D ( 'NONE', #5050, #1751, #3013 ) ;
#600 = ORIENTED_EDGE ( 'NONE', *, *, #4521, .T. ) ;
#601 = VERTEX_POINT ( 'NONE', #271 ) ;
#602 = EDGE_CURVE ( 'NONE', #4341, #2150, #766, .T. ) ;
#603 = AXIS2_PLACEMENT_3D ( 'NONE', #3475, #654, #2285 ) ;
#604 = CARTESIAN_POINT ( 'NONE',  ( -69.99999999999998579, 0.000000000000000000, 80.00000000000000000 ) ) ;
#605 = EDGE_CURVE ( 'NONE', #2184, #2468, #3611, .T. ) ;
#606 = FACE_OUTER_BOUND ( 'NONE', #3017, .T. ) ;
#607 = ORIENTED_EDGE ( 'NONE', *, *, #648, .T. ) ;
#608 = EDGE_LOOP ( 'NONE', ( #1349, #2986, #3485, #2143 ) ) ;
#609 = AXIS2_PLACEMENT_3D ( 'NONE', #2544, #4644, #35 ) ;
#610 = CARTESIAN_POINT ( 'NONE',  ( 30.20000000000004547, 5.000000000000000000, 114.0999999999999801 ) ) ;
#611 = CYLINDRICAL_SURFACE ( 'NONE', #2578, 1.649999999999998579 ) ;
#612 = DIRECTION ( 'NONE',  ( 0.000000000000000000, 0.000000000000000000, 1.000000000000000000 ) ) ;
#613 = CIRCLE ( 'NONE', #4726, 3.299999999999997158 ) ;
#614 = FACE_BOUND ( 'NONE', #3815, .T. ) ;
#615 = ORIENTED_EDGE ( 'NONE', *, *, #4164, .T. ) ;
#616 = EDGE_LOOP ( 'NONE', ( #2462, #1424 ) ) ;
#618 = EDGE_CURVE ( 'NONE', #3889, #232, #1522, .T. ) ;
#617 = CARTESIAN_POINT ( 'NONE',  ( 132.7207793864142786, 5.000000000000000000, -217.5735931288150766 ) ) ;
#619 = AXIS2_PLACEMENT_3D ( 'NONE', #3196, #3573, #2787 ) ;
#620 = CARTESIAN_POINT ( 'NONE',  ( -132.7207793864129712, 1.700000000000001066, 220.8735931288193228 ) ) ;
#621 = DIRECTION ( 'NONE',  ( -0.000000000000000000, 1.000000000000000000, -0.000000000000000000 ) ) ;
#622 = CIRCLE ( 'NONE', #4986, 3.299999999999997158 ) ;
#623 = CARTESIAN_POINT ( 'NONE',  ( -132.7207793864151881, 5.000000000000000000, -224.1735931288129677 ) ) ;
#624 = APPROVAL_DATE_TIME ( #5212, #3910 ) ;
#625 = ORIENTED_EDGE ( 'NONE', *, *, #5060, .F. ) ;
#626 = VERTEX_POINT ( 'NONE', #1952 ) ;
#627 = CARTESIAN_POINT ( 'NONE',  ( 60.00000000000013500, 5.000000000000000000, -15.00000000000000000 ) ) ;
#628 = DIRECTION ( 'NONE',  ( 0.000000000000000000, 0.000000000000000000, 1.000000000000000000 ) ) ;
#629 = AXIS2_PLACEMENT_3D ( 'NONE', #923, #2509, #4547 ) ;
#630 = DIRECTION ( 'NONE',  ( -0.000000000000000000, 1.000000000000000000, -0.000000000000000000 ) ) ;
#631 = ORIENTED_EDGE ( 'NONE', *, *, #2284, .T. ) ;
#632 = CONICAL_SURFACE ( 'NONE', #712, 6.599999999999994316, 0.7853981633974480570 ) ;
#633 = AXIS2_PLACEMENT_3D ( 'NONE', #2794, #2820, #2849 ) ;
#634 = CARTESIAN_POINT ( 'NONE',  ( -226.0588745030480027, 5.000000000000000000, 169.4903320081199354 ) ) ;
#635 = CARTESIAN_POINT ( 'NONE',  ( 217.5735931288146219, 5.000000000000000000, 139.3207793864150403 ) ) ;
#636 = ORIENTED_EDGE ( 'NONE', *, *, #3595, .F. ) ;
#637 = VERTEX_POINT ( 'NONE', #3588 ) ;
#638 = LINE ( 'NONE', #4234, #916 ) ;
#639 = EDGE_CURVE ( 'NONE', #2722, #345, #1181, .T. ) ;
#640 = LINE ( 'NONE', #1516, #3115 ) ;
#641 = VECTOR ( 'NONE', #5312, 1000.000000000000000 ) ;
#642 = DIRECTION ( 'NONE',  ( 0.000000000000000000, 0.000000000000000000, 1.000000000000000000 ) ) ;
#643 = ORIENTED_EDGE ( 'NONE', *, *, #4283, .T. ) ;
#644 = ORIENTED_EDGE ( 'NONE', *, *, #3814, .F. ) ;
#645 = CARTESIAN_POINT ( 'NONE',  ( -132.7207793864151881, 5.000000000000000000, -217.5735931288129734 ) ) ;
#646 = DIRECTION ( 'NONE',  ( -0.000000000000000000, 1.000000000000000000, -0.000000000000000000 ) ) ;
#647 = CARTESIAN_POINT ( 'NONE',  ( 169.4903320081231470, 5.000000000000000000, -226.0588745030453879 ) ) ;
#648 = EDGE_CURVE ( 'NONE', #2530, #1890, #2548, .T. ) ;
#649 = CARTESIAN_POINT ( 'NONE',  ( 169.4903320081231470, 3.399999999999998579, -224.3588745030453708 ) ) ;
#650 = APPROVAL_STATUS ( 'not_yet_approved' ) ;
#651 = ORIENTED_EDGE ( 'NONE', *, *, #48, .F. ) ;
#652 = ORIENTED_EDGE ( 'NONE', *, *, #5004, .T. ) ;
#653 = CARTESIAN_POINT ( 'NONE',  ( 197.7746032555807858, 3.399999999999998579, -196.0746032555809961 ) ) ;
#654 = DIRECTION ( 'NONE',  ( -0.000000000000000000, 1.000000000000000000, -0.000000000000000000 ) ) ;
#655 = CARTESIAN_POINT ( 'NONE',  ( 10.20000000000004370, 0.000000000000000000, 109.8999999999999915 ) ) ;
#656 = ORIENTED_EDGE ( 'NONE', *, *, #3433, .T. ) ;
#657 = CARTESIAN_POINT ( 'NONE',  ( 226.0588745030468374, 3.399999999999998579, -171.1903320081214872 ) ) ;
#658 = CARTESIAN_POINT ( 'NONE',  ( -146.8629150101528467, 0.000000000000000000, 260.0000000000002274 ) ) ;
#659 = ORIENTED_EDGE ( 'NONE', *, *, #4931, .T. ) ;
#660 = VERTEX_POINT ( 'NONE', #2486 ) ;
#661 = AXIS2_PLACEMENT_3D ( 'NONE', #876, #3771, #1279 ) ;
#662 = CARTESIAN_POINT ( 'NONE',  ( -59.99999999999985789, 5.000000000000000000, -16.64999999999999858 ) ) ;
#663 = DIRECTION ( 'NONE',  ( -0.000000000000000000, 1.000000000000000000, -0.000000000000000000 ) ) ;
#664 = EDGE_CURVE ( 'NONE', #2357, #231, #403, .T. ) ;
#665 = EDGE_CURVE ( 'NONE', #14, #3308, #3741, .T. ) ;
#666 = EDGE_LOOP ( 'NONE', ( #214, #5102 ) ) ;
#667 = EDGE_LOOP ( 'NONE', ( #651, #5008 ) ) ;
#668 = VECTOR ( 'NONE', #4315, 1000.000000000000000 ) ;
#669 = CARTESIAN_POINT ( 'NONE',  ( 169.4903320081231470, 8.673617379884035472E-16, -224.3588745030453708 ) ) ;
#670 = DIRECTION ( 'NONE',  ( 8.659560562354902043E-17, 0.7071067811865500152, -0.7071067811865450192 ) ) ;
#671 = CARTESIAN_POINT ( 'NONE',  ( -226.0588745030460132, 3.399999999999998579, -171.1903320081223967 ) ) ;
#672 = ADVANCED_FACE ( 'NONE', ( #4151 ), #2536, .F. ) ;
#673 = CARTESIAN_POINT ( 'NONE',  ( -197.7746032555837985, 5.000000000000000000, -196.0746032555838951 ) ) ;
#674 = ORIENTED_EDGE ( 'NONE', *, *, #1069, .F. ) ;
#675 = VERTEX_POINT ( 'NONE', #102 ) ;
#676 = DIRECTION ( 'NONE',  ( -0.000000000000000000, 1.000000000000000000, -0.000000000000000000 ) ) ;
#677 = LINE ( 'NONE', #3951, #2056 ) ;
#678 = DIRECTION ( 'NONE',  ( -0.000000000000000000, 1.000000000000000000, 0.000000000000000000 ) ) ;
#679 = AXIS2_PLACEMENT_3D ( 'NONE', #3047, #5084, #2533 ) ;
#680 = ORIENTED_EDGE ( 'NONE', *, *, #3474, .T. ) ;
#681 = EDGE_CURVE ( 'NONE', #1504, #63, #4596, .T. ) ;
#682 = DIRECTION ( 'NONE',  ( 0.000000000000000000, 0.000000000000000000, 1.000000000000000000 ) ) ;
#683 = AXIS2_PLACEMENT_3D ( 'NONE', #66, #2123, #1694 ) ;
#684 = DIRECTION ( 'NONE',  ( 0.000000000000000000, 0.000000000000000000, 1.000000000000000000 ) ) ;
#685 = VERTEX_POINT ( 'NONE', #3299 ) ;
#686 = ORIENTED_EDGE ( 'NONE', *, *, #3440, .T. ) ;
#687 = AXIS2_PLACEMENT_3D ( 'NONE', #3148, #310, #2341 ) ;
#688 = DIRECTION ( 'NONE',  ( -0.000000000000000000, 1.000000000000000000, -0.000000000000000000 ) ) ;
#689 = DIRECTION ( 'NONE',  ( -0.000000000000000000, 1.000000000000000000, -0.000000000000000000 ) ) ;
#690 = CIRCLE ( 'NONE', #3602, 3.299999999999997158 ) ;
#691 = VERTEX_POINT ( 'NONE', #3376 ) ;
#692 = ORIENTED_EDGE ( 'NONE', *, *, #4784, .F. ) ;
#693 = DIRECTION ( 'NONE',  ( 0.000000000000000000, 0.000000000000000000, 1.000000000000000000 ) ) ;
#694 = DIRECTION ( 'NONE',  ( 0.000000000000000000, 1.000000000000000000, 0.000000000000000000 ) ) ;
#695 = DIRECTION ( 'NONE',  ( -0.000000000000000000, 1.000000000000000000, -0.000000000000000000 ) ) ;
#696 = AXIS2_PLACEMENT_3D ( 'NONE', #3497, #4271, #2550 ) ;
#697 = ORIENTED_EDGE ( 'NONE', *, *, #4936, .F. ) ;
#698 = ORIENTED_EDGE ( 'NONE', *, *, #121, .T. ) ;
#699 = EDGE_CURVE ( 'NONE', #4205, #1611, #2552, .T. ) ;
#700 = CARTESIAN_POINT ( 'NONE',  ( 197.7746032555828322, 5.000000000000000000, 197.7746032555856743 ) ) ;
#701 = AXIS2_PLACEMENT_3D ( 'NONE', #1710, #3353, #4988 ) ;
#702 = CARTESIAN_POINT ( 'NONE',  ( 132.7207793864142786, 5.000000000000000000, -224.1735931288150709 ) ) ;
#703 = CARTESIAN_POINT ( 'NONE',  ( 217.5735931288146219, 5.000000000000000000, 132.7207793864150460 ) ) ;
#704 = AXIS2_PLACEMENT_3D ( 'NONE', #3215, #1627, #3700 ) ;
#705 = ORIENTED_EDGE ( 'NONE', *, *, #1106, .T. ) ;
#706 = CARTESIAN_POINT ( 'NONE',  ( 217.5735931288179756, 8.673617379884035472E-16, -129.4207793864104872 ) ) ;
#707 = FACE_OUTER_BOUND ( 'NONE', #4779, .T. ) ;
#708 = VECTOR ( 'NONE', #2641, 1000.000000000000000 ) ;
#709 = CYLINDRICAL_SURFACE ( 'NONE', #4879, 1.649999999999998579 ) ;
#710 = EDGE_CURVE ( 'NONE', #4297, #675, #2131, .T. ) ;
#711 = ORIENTED_EDGE ( 'NONE', *, *, #1911, .F. ) ;
#712 = AXIS2_PLACEMENT_3D ( 'NONE', #3812, #3007, #3730 ) ;
#713 = AXIS2_PLACEMENT_3D ( 'NONE', #5175, #1465, #714 ) ;
#714 = DIRECTION ( 'NONE',  ( 0.000000000000000000, 0.000000000000000000, 1.000000000000000000 ) ) ;
#715 = CARTESIAN_POINT ( 'NONE',  ( 197.7746032555828322, 5.000000000000000000, 199.4746032555856914 ) ) ;
#716 = AXIS2_PLACEMENT_3D ( 'NONE', #1006, #4736, #2265 ) ;
#717 = EDGE_LOOP ( 'NONE', ( #4120, #4675 ) ) ;
#718 = EDGE_LOOP ( 'NONE', ( #237, #1824, #3820, #1919 ) ) ;
#719 = CARTESIAN_POINT ( 'NONE',  ( 259.9999999999997726, 5.000000000000000000, -146.8629150101523919 ) ) ;
#720 = EDGE_CURVE ( 'NONE', #4545, #3242, #3266, .T. ) ;
#721 = CARTESIAN_POINT ( 'NONE',  ( -132.7207793864129712, 5.000000000000000000, 224.1735931288193342 ) ) ;
#722 = DIRECTION ( 'NONE',  ( 0.000000000000000000, 0.000000000000000000, 1.000000000000000000 ) ) ;
#723 = DATE_AND_TIME ( #1956, #295 ) ;
#724 = ORIENTED_EDGE ( 'NONE', *, *, #4209, .T. ) ;
#725 = CARTESIAN_POINT ( 'NONE',  ( -226.0588745030480027, 5.000000000000000000, 171.1903320081199524 ) ) ;
#726 = CARTESIAN_POINT ( 'NONE',  ( -100.0000000000002274, 5.000000000000000000, 118.3499999999997812 ) ) ;
#727 = EDGE_CURVE ( 'NONE', #3055, #4488, #4501, .T. ) ;
#728 = CARTESIAN_POINT ( 'NONE',  ( -132.7207793864129712, 1.700000000000001066, 214.2735931288193285 ) ) ;
#729 = ORIENTED_EDGE ( 'NONE', *, *, #2624, .F. ) ;
#730 = CARTESIAN_POINT ( 'NONE',  ( -169.4903320081222944, 5.000000000000000000, -222.7588745030462860 ) ) ;
#731 = CARTESIAN_POINT ( 'NONE',  ( 10.20000000000004370, 5.000000000000000000, 84.00000000000001421 ) ) ;
#732 = ADVANCED_FACE ( 'NONE', ( #4599 ), #5030, .F. ) ;
#733 = CARTESIAN_POINT ( 'NONE',  ( -169.4903320081246818, 3.399999999999998579, 226.0588745030442510 ) ) ;
#734 = EDGE_LOOP ( 'NONE', ( #40, #3001 ) ) ;
#735 = FACE_BOUND ( 'NONE', #4094, .T. ) ;
#736 = CARTESIAN_POINT ( 'NONE',  ( 132.7207793864142786, 5.000000000000000000, -224.1735931288150709 ) ) ;
#737 = VERTEX_POINT ( 'NONE', #3745 ) ;
#738 = ORIENTED_EDGE ( 'NONE', *, *, #3273, .T. ) ;
#739 = FACE_OUTER_BOUND ( 'NONE', #4361, .T. ) ;
#740 = AXIS2_PLACEMENT_3D ( 'NONE', #1654, #1233, #2457 ) ;
#741 = EDGE_CURVE ( 'NONE', #4674, #3831, #1430, .T. ) ;
#742 = CARTESIAN_POINT ( 'NONE',  ( -217.5735931288143661, 5.000000000000000000, 132.7207793864129144 ) ) ;
#743 = CYLINDRICAL_SURFACE ( 'NONE', #1660, 3.299999999999997158 ) ;
#744 = AXIS2_PLACEMENT_3D ( 'NONE', #456, #3636, #2081 ) ;
#745 = EDGE_LOOP ( 'NONE', ( #2812, #2603 ) ) ;
#746 = CIRCLE ( 'NONE', #2806, 1.599999999999990319 ) ;
#747 = DIRECTION ( 'NONE',  ( -0.000000000000000000, 1.000000000000000000, -0.000000000000000000 ) ) ;
#748 = DIRECTION ( 'NONE',  ( 0.000000000000000000, 0.000000000000000000, 1.000000000000000000 ) ) ;
#749 = CARTESIAN_POINT ( 'NONE',  ( -100.0000000000002274, 0.000000000000000000, 119.9999999999997726 ) ) ;
#750 = AXIS2_PLACEMENT_3D ( 'NONE', #645, #2276, #1443 ) ;
#751 = CARTESIAN_POINT ( 'NONE',  ( -217.5735931288175493, 5.000000000000000000, -139.3207793864115160 ) ) ;
#752 = EDGE_LOOP ( 'NONE', ( #674, #2413, #1255, #3973 ) ) ;
#753 = CARTESIAN_POINT ( 'NONE',  ( -23.49999999999970157, 5.000000000000000000, -20.50000000000038014 ) ) ;
#754 = CYLINDRICAL_SURFACE ( 'NONE', #4317, 1.599999999999962563 ) ;
#755 = CARTESIAN_POINT ( 'NONE',  ( 100.0000000000000000, 5.000000000000000000, -180.0000000000000000 ) ) ;
#756 = EDGE_CURVE ( 'NONE', #3618, #2456, #3998, .T. ) ;
#757 = ORIENTED_EDGE ( 'NONE', *, *, #3074, .F. ) ;
#758 = EDGE_CURVE ( 'NONE', #2456, #3618, #4424, .T. ) ;
#759 = CIRCLE ( 'NONE', #2989, 1.700000000000007061 ) ;
#760 = FACE_BOUND ( 'NONE', #2818, .T. ) ;
#761 = CARTESIAN_POINT ( 'NONE',  ( 10.20000000000004370, 5.000000000000000000, 84.00000000000001421 ) ) ;
#762 = LINE ( 'NONE', #49, #1374 ) ;
#763 = ORIENTED_EDGE ( 'NONE', *, *, #323, .T. ) ;
#764 = ORIENTED_EDGE ( 'NONE', *, *, #800, .T. ) ;
#765 = AXIS2_PLACEMENT_3D ( 'NONE', #4868, #3205, #1566 ) ;
#766 = LINE ( 'NONE', #795, #2634 ) ;
#767 = DIRECTION ( 'NONE',  ( 0.000000000000000000, 0.000000000000000000, 1.000000000000000000 ) ) ;
#768 = CIRCLE ( 'NONE', #2397, 20.00000000000000000 ) ;
#769 = CARTESIAN_POINT ( 'NONE',  ( 60.00000000000013500, 5.000000000000000000, -6.599999999998384936 ) ) ;
#770 = APPROVAL_DATE_TIME ( #5236, #1939 ) ;
#771 = EDGE_CURVE ( 'NONE', #2009, #2357, #2947, .T. ) ;
#772 = ORIENTED_EDGE ( 'NONE', *, *, #3275, .T. ) ;
#773 = CIRCLE ( 'NONE', #3002, 1.700000000000007061 ) ;
#774 = CARTESIAN_POINT ( 'NONE',  ( -30.19999999999994955, 5.000000000000000000, 111.9999999999999858 ) ) ;
#775 = DIRECTION ( 'NONE',  ( 0.000000000000000000, 0.000000000000000000, 1.000000000000000000 ) ) ;
#776 = ORIENTED_EDGE ( 'NONE', *, *, #4880, .T. ) ;
#777 = CARTESIAN_POINT ( 'NONE',  ( 99.99999999999978684, 5.000000000000000000, 121.6499999999997783 ) ) ;
#778 = EDGE_LOOP ( 'NONE', ( #4440, #4506, #1508, #2992 ) ) ;
#779 = AXIS2_PLACEMENT_3D ( 'NONE', #4330, #3949, #3551 ) ;
#780 = CARTESIAN_POINT ( 'NONE',  ( 100.0000000000000000, 0.000000000000000000, -167.4000000000000057 ) ) ;
#781 = CARTESIAN_POINT ( 'NONE',  ( 197.7746032555807858, 5.000000000000000000, -199.4746032555810018 ) ) ;
#782 = CARTESIAN_POINT ( 'NONE',  ( -197.7746032555837985, 8.673617379884035472E-16, -196.0746032555838951 ) ) ;
#783 = AXIS2_PLACEMENT_3D ( 'NONE', #3543, #646, #243 ) ;
#784 = ORIENTED_EDGE ( 'NONE', *, *, #898, .T. ) ;
#785 = ORIENTED_EDGE ( 'NONE', *, *, #1292, .F. ) ;
#786 = VECTOR ( 'NONE', #3301, 1000.000000000000000 ) ;
#787 = CARTESIAN_POINT ( 'NONE',  ( 169.4903320081207880, 5.000000000000000000, 226.0588745030474342 ) ) ;
#788 = DIRECTION ( 'NONE',  ( 0.000000000000000000, 0.000000000000000000, 1.000000000000000000 ) ) ;
#789 = DIRECTION ( 'NONE',  ( -0.000000000000000000, 1.000000000000000000, -0.000000000000000000 ) ) ;
#790 = EDGE_LOOP ( 'NONE', ( #1199, #951, #3235, #2854 ) ) ;
#791 = AXIS2_PLACEMENT_3D ( 'NONE', #3670, #1177, #1706 ) ;
#792 = AXIS2_PLACEMENT_3D ( 'NONE', #3370, #4195, #2103 ) ;
#793 = EDGE_CURVE ( 'NONE', #1895, #2043, #2112, .T. ) ;
#794 = ORIENTED_EDGE ( 'NONE', *, *, #2655, .T. ) ;
#795 = CARTESIAN_POINT ( 'NONE',  ( -23.49999999999970157, -1.000000000000000000, -26.50000000000038369 ) ) ;
#796 = CYLINDRICAL_SURFACE ( 'NONE', #2161, 3.299999999999997158 ) ;
#797 = PRODUCT_DEFINITION_FORMATION_WITH_SPECIFIED_SOURCE ( '�', '', #1054, .NOT_KNOWN. ) ;
#798 = VECTOR ( 'NONE', #1459, 999.9999999999998863 ) ;
#799 = CARTESIAN_POINT ( 'NONE',  ( 0.000000000000000000, 0.000000000000000000, -124.9999999999998295 ) ) ;
#800 = EDGE_CURVE ( 'NONE', #1904, #902, #2372, .T. ) ;
#801 = VERTEX_POINT ( 'NONE', #431 ) ;
#802 = DIRECTION ( 'NONE',  ( -0.000000000000000000, 1.000000000000000000, -0.000000000000000000 ) ) ;
#803 = ADVANCED_FACE ( 'NONE', ( #2890 ), #2057, .F. ) ;
#804 = DIRECTION ( 'NONE',  ( 0.000000000000000000, 0.000000000000000000, 1.000000000000000000 ) ) ;
#805 = DIRECTION ( 'NONE',  ( 0.000000000000000000, 0.000000000000000000, 1.000000000000000000 ) ) ;
#806 = VERTEX_POINT ( 'NONE', #4553 ) ;
#807 = LINE ( 'NONE', #1185, #4952 ) ;
#808 = ORIENTED_EDGE ( 'NONE', *, *, #5294, .T. ) ;
#809 = DIRECTION ( 'NONE',  ( -0.000000000000000000, 1.000000000000000000, -0.000000000000000000 ) ) ;
#810 = ADVANCED_FACE ( 'NONE', ( #1256 ), #4182, .F. ) ;
#811 = DIRECTION ( 'NONE',  ( 0.000000000000000000, 0.000000000000000000, 1.000000000000000000 ) ) ;
#812 = EDGE_CURVE ( 'NONE', #3425, #691, #4348, .T. ) ;
#813 = DIRECTION ( 'NONE',  ( 0.000000000000000000, 0.000000000000000000, 1.000000000000000000 ) ) ;
#814 = EDGE_CURVE ( 'NONE', #3937, #637, #5115, .T. ) ;
#815 = ORIENTED_EDGE ( 'NONE', *, *, #4007, .T. ) ;
#816 = ORIENTED_EDGE ( 'NONE', *, *, #3135, .T. ) ;
#817 = FACE_BOUND ( 'NONE', #3022, .T. ) ;
#818 = DIRECTION ( 'NONE',  ( 0.000000000000000000, 0.000000000000000000, 1.000000000000000000 ) ) ;
#819 = DIRECTION ( 'NONE',  ( 0.000000000000000000, 0.000000000000000000, 1.000000000000000000 ) ) ;
#820 = ORIENTED_EDGE ( 'NONE', *, *, #4217, .F. ) ;
#821 = ORIENTED_EDGE ( 'NONE', *, *, #344, .T. ) ;
#822 = DIRECTION ( 'NONE',  ( 0.000000000000000000, 0.000000000000000000, 1.000000000000000000 ) ) ;
#824 = EDGE_CURVE ( 'NONE', #4653, #3146, #2588, .T. ) ;
#823 = LINE ( 'NONE', #2459, #1053 ) ;
#825 = ADVANCED_FACE ( 'NONE', ( #4311 ), #1175, .F. ) ;
#826 = CARTESIAN_POINT ( 'NONE',  ( 197.7746032555807858, 8.673617379884035472E-16, -197.7746032555809848 ) ) ;
#827 = CALENDAR_DATE ( 2026, 30, 7 ) ;
#828 = ORIENTED_EDGE ( 'NONE', *, *, #1943, .T. ) ;
#829 = EDGE_CURVE ( 'NONE', #1065, #126, #2269, .T. ) ;
#830 = CARTESIAN_POINT ( 'NONE',  ( 169.4903320081231470, 5.000000000000000000, -222.7588745030453765 ) ) ;
#831 = EDGE_CURVE ( 'NONE', #1925, #2980, #1344, .T. ) ;
#832 = CIRCLE ( 'NONE', #2458, 3.299999999999997158 ) ;
#833 = CARTESIAN_POINT ( 'NONE',  ( -59.99999999999985789, 5.000000000000000000, 6.599999999999980105 ) ) ;
#834 = CARTESIAN_POINT ( 'NONE',  ( -226.0588745030460132, 5.000000000000000000, -172.7903320081223910 ) ) ;
#835 = VERTEX_POINT ( 'NONE', #233 ) ;
#836 = DIRECTION ( 'NONE',  ( 0.000000000000000000, 0.000000000000000000, 1.000000000000000000 ) ) ;
#837 = AXIS2_PLACEMENT_3D ( 'NONE', #1456, #255, #4408 ) ;
#838 = VERTEX_POINT ( 'NONE', #3455 ) ;
#839 = CARTESIAN_POINT ( 'NONE',  ( -169.4903320081222944, 3.399999999999998579, -226.0588745030462974 ) ) ;
#840 = CARTESIAN_POINT ( 'NONE',  ( -20.85965004500283015, 5.000000000000000000, -187.5403499549963726 ) ) ;
#841 = CYLINDRICAL_SURFACE ( 'NONE', #3855, 1.700000000000007061 ) ;
#842 = EDGE_CURVE ( 'NONE', #3443, #3250, #638, .T. ) ;
#843 = ORIENTED_EDGE ( 'NONE', *, *, #4704, .F. ) ;
#844 = VERTEX_POINT ( 'NONE', #2994 ) ;
#845 = FACE_BOUND ( 'NONE', #1377, .T. ) ;
#846 = CARTESIAN_POINT ( 'NONE',  ( 132.7207793864120333, 1.700000000000001066, 214.2735931288196127 ) ) ;
#847 = DIRECTION ( 'NONE',  ( -0.000000000000000000, 1.000000000000000000, -0.000000000000000000 ) ) ;
#848 = ORIENTED_EDGE ( 'NONE', *, *, #4326, .T. ) ;
#849 = ORIENTED_EDGE ( 'NONE', *, *, #2734, .T. ) ;
#850 = DIRECTION ( 'NONE',  ( -0.000000000000000000, 1.000000000000000000, -0.000000000000000000 ) ) ;
#851 = VECTOR ( 'NONE', #556, 1000.000000000000000 ) ;
#852 = CARTESIAN_POINT ( 'NONE',  ( -100.0000000000002274, 5.000000000000000000, 121.6499999999997783 ) ) ;
#853 = LINE ( 'NONE', #4882, #641 ) ;
#854 = CONICAL_SURFACE ( 'NONE', #683, 6.599999999999994316, 0.7853981633974480570 ) ;
#855 = EDGE_LOOP ( 'NONE', ( #4790, #2546 ) ) ;
#856 = VECTOR ( 'NONE', #4482, 1000.000000000000000 ) ;
#857 = DIRECTION ( 'NONE',  ( 0.000000000000000000, 1.000000000000000000, 0.000000000000000000 ) ) ;
#858 = DIRECTION ( 'NONE',  ( 0.7071067811865462405, 0.000000000000000000, -0.7071067811865489050 ) ) ;
#859 = CARTESIAN_POINT ( 'NONE',  ( -59.99999999999985789, 0.000000000000000000, -13.35000000000000142 ) ) ;
#860 = AXIS2_PLACEMENT_3D ( 'NONE', #3317, #3719, #2454 ) ;
#861 = ORIENTED_EDGE ( 'NONE', *, *, #5196, .T. ) ;
#862 = CARTESIAN_POINT ( 'NONE',  ( -197.7746032555837985, 5.000000000000000000, -201.0746032555838951 ) ) ;
#863 = EDGE_CURVE ( 'NONE', #4653, #4918, #2891, .T. ) ;
#864 = EDGE_LOOP ( 'NONE', ( #934, #4193, #1434, #1981 ) ) ;
#865 = DIRECTION ( 'NONE',  ( 0.000000000000000000, 0.000000000000000000, 1.000000000000000000 ) ) ;
#866 = AXIS2_PLACEMENT_3D ( 'NONE', #1246, #3711, #3735 ) ;
#867 = DIRECTION ( 'NONE',  ( -0.000000000000000000, 1.000000000000000000, -0.000000000000000000 ) ) ;
#868 = ORIENTED_EDGE ( 'NONE', *, *, #2822, .F. ) ;
#869 = ORIENTED_EDGE ( 'NONE', *, *, #3352, .T. ) ;
#870 = DIRECTION ( 'NONE',  ( 0.000000000000000000, 0.000000000000000000, 1.000000000000000000 ) ) ;
#871 = EDGE_CURVE ( 'NONE', #2631, #2298, #5142, .T. ) ;
#872 = CIRCLE ( 'NONE', #5249, 3.299999999999997158 ) ;
#873 = CARTESIAN_POINT ( 'NONE',  ( 99.99999999999978684, 5.000000000000000000, 59.99999999999977263 ) ) ;
#874 = VERTEX_POINT ( 'NONE', #1356 ) ;
#875 = ORIENTED_EDGE ( 'NONE', *, *, #4521, .F. ) ;
#876 = CARTESIAN_POINT ( 'NONE',  ( 226.0588745030468374, 5.000000000000000000, -169.4903320081214702 ) ) ;
#877 = AXIS2_PLACEMENT_3D ( 'NONE', #187, #3772, #905 ) ;
#878 = DIRECTION ( 'NONE',  ( -0.000000000000000000, -1.000000000000000000, -0.000000000000000000 ) ) ;
#879 = DIRECTION ( 'NONE',  ( 0.000000000000000000, 0.000000000000000000, 1.000000000000000000 ) ) ;
#880 = VECTOR ( 'NONE', #560, 1000.000000000000000 ) ;
#881 = EDGE_CURVE ( 'NONE', #1290, #4367, #2717, .T. ) ;
#882 = ORIENTED_EDGE ( 'NONE', *, *, #1404, .T. ) ;
#883 = AXIS2_PLACEMENT_3D ( 'NONE', #3386, #971, #142 ) ;
#884 = AXIS2_PLACEMENT_3D ( 'NONE', #1086, #2719, #2316 ) ;
#885 = DIRECTION ( 'NONE',  ( -0.000000000000000000, 1.000000000000000000, -0.000000000000000000 ) ) ;
#886 = FACE_OUTER_BOUND ( 'NONE', #2905, .T. ) ;
#887 = DIRECTION ( 'NONE',  ( -0.000000000000000000, 1.000000000000000000, -0.000000000000000000 ) ) ;
#888 = ORIENTED_EDGE ( 'NONE', *, *, #2715, .T. ) ;
#889 = DIRECTION ( 'NONE',  ( -0.000000000000000000, 1.000000000000000000, -0.000000000000000000 ) ) ;
#890 = ORIENTED_EDGE ( 'NONE', *, *, #3595, .T. ) ;
#891 = CARTESIAN_POINT ( 'NONE',  ( 169.4903320081207880, 8.673617379884035472E-16, 226.0588745030474342 ) ) ;
#892 = CIRCLE ( 'NONE', #3633, 1.700000000000007061 ) ;
#893 = CC_DESIGN_PERSON_AND_ORGANIZATION_ASSIGNMENT ( #4673, #2280, ( #4860 ) ) ;
#894 = EDGE_CURVE ( 'NONE', #2145, #2483, #5088, .T. ) ;
#895 = CYLINDRICAL_SURFACE ( 'NONE', #174, 12.59999999999999964 ) ;
#896 = ORIENTED_EDGE ( 'NONE', *, *, #926, .T. ) ;
#897 = ORIENTED_EDGE ( 'NONE', *, *, #3911, .F. ) ;
#898 = EDGE_CURVE ( 'NONE', #1858, #5007, #4777, .T. ) ;
#899 = EDGE_CURVE ( 'NONE', #902, #1904, #832, .T. ) ;
#900 = CARTESIAN_POINT ( 'NONE',  ( 83.00000000000001421, 5.000000000000000000, 34.00000000000000000 ) ) ;
#901 = LINE ( 'NONE', #1410, #3244 ) ;
#902 = VERTEX_POINT ( 'NONE', #3482 ) ;
#903 = ORIENTED_EDGE ( 'NONE', *, *, #2188, .F. ) ;
#904 = DIRECTION ( 'NONE',  ( -0.000000000000000000, 1.000000000000000000, -0.000000000000000000 ) ) ;
#905 = DIRECTION ( 'NONE',  ( 0.000000000000000000, 0.000000000000000000, 1.000000000000000000 ) ) ;
#906 = DIRECTION ( 'NONE',  ( -0.7071067811865486830, -0.000000000000000000, -0.7071067811865464625 ) ) ;
#907 = EDGE_CURVE ( 'NONE', #2966, #2450, #3241, .T. ) ;
#908 = EDGE_LOOP ( 'NONE', ( #5157, #476, #458, #1216 ) ) ;
#909 = EDGE_CURVE ( 'NONE', #4925, #2839, #1515, .T. ) ;
#910 = CARTESIAN_POINT ( 'NONE',  ( -197.7746032555863565, 3.399999999999998579, 199.4746032555820818 ) ) ;
#911 = CARTESIAN_POINT ( 'NONE',  ( 226.0588745030448763, 8.673617379884035472E-16, 171.1903320081239315 ) ) ;
#912 = CYLINDRICAL_SURFACE ( 'NONE', #2342, 2.100000000000004530 ) ;
#913 = ORIENTED_EDGE ( 'NONE', *, *, #3716, .F. ) ;
#914 = CARTESIAN_POINT ( 'NONE',  ( -169.4903320081222944, 8.673617379884035472E-16, -226.0588745030462974 ) ) ;
#915 = EDGE_LOOP ( 'NONE', ( #2422, #4268, #2014, #5056 ) ) ;
#916 = VECTOR ( 'NONE', #559, 1000.000000000000000 ) ;
#917 = DIRECTION ( 'NONE',  ( -0.000000000000000000, 1.000000000000000000, -0.000000000000000000 ) ) ;
#918 = CYLINDRICAL_SURFACE ( 'NONE', #5051, 2.100000000000004530 ) ;
#919 = VECTOR ( 'NONE', #3988, 1000.000000000000000 ) ;
#920 = AXIS2_PLACEMENT_3D ( 'NONE', #2742, #3901, #1135 ) ;
#921 = EDGE_LOOP ( 'NONE', ( #3714, #2967, #2307, #3585 ) ) ;
#922 = ORIENTED_EDGE ( 'NONE', *, *, #551, .F. ) ;
#923 = CARTESIAN_POINT ( 'NONE',  ( 217.5735931288146219, 5.000000000000000000, 132.7207793864150460 ) ) ;
#924 = AXIS2_PLACEMENT_3D ( 'NONE', #2981, #3914, #2674 ) ;
#925 = CARTESIAN_POINT ( 'NONE',  ( 1.836970198721031167E-15, 0.000000000000000000, -154.9999999999998579 ) ) ;
#926 = EDGE_CURVE ( 'NONE', #532, #801, #2202, .T. ) ;
#927 = ORIENTED_EDGE ( 'NONE', *, *, #2370, .T. ) ;
#928 = ORIENTED_EDGE ( 'NONE', *, *, #3046, .T. ) ;
#929 = CARTESIAN_POINT ( 'NONE',  ( -59.99999999999985789, 8.673617379884035472E-16, -2.165618536905904653E-14 ) ) ;
#930 = EDGE_CURVE ( 'NONE', #2468, #2513, #1004, .T. ) ;
#931 = DIRECTION ( 'NONE',  ( 0.000000000000000000, 0.000000000000000000, 1.000000000000000000 ) ) ;
#932 = FACE_BOUND ( 'NONE', #1958, .T. ) ;
#933 = VERTEX_POINT ( 'NONE', #2668 ) ;
#934 = ORIENTED_EDGE ( 'NONE', *, *, #3678, .F. ) ;
#935 = CIRCLE ( 'NONE', #4618, 3.299999999999997158 ) ;
#936 = DIRECTION ( 'NONE',  ( -0.000000000000000000, 1.000000000000000000, -0.000000000000000000 ) ) ;
#937 = VECTOR ( 'NONE', #2075, 1000.000000000000000 ) ;
#938 = LINE ( 'NONE', #2620, #4232 ) ;
#939 = EDGE_CURVE ( 'NONE', #3247, #1974, #234, .T. ) ;
#940 = DIRECTION ( 'NONE',  ( -0.000000000000000000, 1.000000000000000000, -0.000000000000000000 ) ) ;
#941 = DIRECTION ( 'NONE',  ( 0.000000000000000000, 0.000000000000000000, 1.000000000000000000 ) ) ;
#942 = ORIENTED_EDGE ( 'NONE', *, *, #4371, .F. ) ;
#943 = CYLINDRICAL_SURFACE ( 'NONE', #3666, 12.59999999999999964 ) ;
#944 = AXIS2_PLACEMENT_3D ( 'NONE', #387, #4407, #2012 ) ;
#945 = ORIENTED_EDGE ( 'NONE', *, *, #3984, .T. ) ;
#946 = LINE ( 'NONE', #2984, #3607 ) ;
#947 = CIRCLE ( 'NONE', #1628, 6.599999999999994316 ) ;
#948 = DIRECTION ( 'NONE',  ( -0.000000000000000000, 1.000000000000000000, -0.000000000000000000 ) ) ;
#949 = EDGE_CURVE ( 'NONE', #1974, #3247, #4263, .T. ) ;
#950 = DIRECTION ( 'NONE',  ( -0.000000000000000000, 1.000000000000000000, -0.000000000000000000 ) ) ;
#951 = ORIENTED_EDGE ( 'NONE', *, *, #3062, .F. ) ;
#952 = CIRCLE ( 'NONE', #866, 15.00000000000000000 ) ;
#953 = FACE_OUTER_BOUND ( 'NONE', #5073, .T. ) ;
#954 = FACE_OUTER_BOUND ( 'NONE', #2327, .T. ) ;
#955 = VECTOR ( 'NONE', #5297, 1000.000000000000000 ) ;
#956 = ORIENTED_EDGE ( 'NONE', *, *, #2808, .F. ) ;
#957 = ORIENTED_EDGE ( 'NONE', *, *, #1711, .F. ) ;
#958 = CARTESIAN_POINT ( 'NONE',  ( 83.00000000000001421, 0.000000000000000000, 34.00000000000000000 ) ) ;
#959 = VECTOR ( 'NONE', #4836, 1000.000000000000000 ) ;
#960 = DIRECTION ( 'NONE',  ( -0.000000000000000000, 1.000000000000000000, -0.000000000000000000 ) ) ;
#961 = FACE_BOUND ( 'NONE', #2943, .T. ) ;
#962 = EDGE_CURVE ( 'NONE', #3103, #3721, #3066, .T. ) ;
#963 = ORIENTED_EDGE ( 'NONE', *, *, #3628, .T. ) ;
#964 = AXIS2_PLACEMENT_3D ( 'NONE', #3408, #4669, #5014 ) ;
#965 = EDGE_LOOP ( 'NONE', ( #3873, #2993, #4252, #5026 ) ) ;
#966 = CARTESIAN_POINT ( 'NONE',  ( -132.7207793864151881, 5.000000000000000000, -210.9735931288129791 ) ) ;
#967 = AXIS2_PLACEMENT_3D ( 'NONE', #54, #5311, #767 ) ;
#968 = EDGE_CURVE ( 'NONE', #1051, #4289, #1097, .T. ) ;
#969 = FACE_OUTER_BOUND ( 'NONE', #864, .T. ) ;
#970 = CARTESIAN_POINT ( 'NONE',  ( -59.99999999999985789, 5.000000000000000000, -15.00000000000000000 ) ) ;
#971 = DIRECTION ( 'NONE',  ( -0.000000000000000000, 1.000000000000000000, -0.000000000000000000 ) ) ;
#972 = VERTEX_POINT ( 'NONE', #1093 ) ;
#973 = AXIS2_PLACEMENT_3D ( 'NONE', #2751, #4744, #3159 ) ;
#974 = VERTEX_POINT ( 'NONE', #319 ) ;
#975 = ADVANCED_FACE ( 'NONE', ( #1543 ), #4600, .F. ) ;
#976 = DIRECTION ( 'NONE',  ( -0.000000000000000000, 1.000000000000000000, -0.000000000000000000 ) ) ;
#977 = VECTOR ( 'NONE', #2073, 1000.000000000000000 ) ;
#978 = LINE ( 'NONE', #2204, #1113 ) ;
#979 = EDGE_LOOP ( 'NONE', ( #1513, #2288, #4795, #1059 ) ) ;
#980 = ORIENTED_EDGE ( 'NONE', *, *, #2242, .T. ) ;
#981 = EDGE_CURVE ( 'NONE', #1904, #1895, #1042, .T. ) ;
#982 = AXIS2_PLACEMENT_3D ( 'NONE', #2648, #1821, #543 ) ;
#983 = ADVANCED_FACE ( 'NONE', ( #3184 ), #1440, .F. ) ;
#984 = FACE_OUTER_BOUND ( 'NONE', #1675, .T. ) ;
#985 = ADVANCED_FACE ( 'NONE', ( #2670 ), #1517, .F. ) ;
#986 = FACE_OUTER_BOUND ( 'NONE', #5047, .T. ) ;
#987 = ORIENTED_EDGE ( 'NONE', *, *, #3393, .T. ) ;
#988 = ORIENTED_EDGE ( 'NONE', *, *, #4293, .T. ) ;
#989 = CARTESIAN_POINT ( 'NONE',  ( -132.7207793864151881, 5.000000000000000000, -217.5735931288129734 ) ) ;
#990 = DIRECTION ( 'NONE',  ( 0.000000000000000000, 0.000000000000000000, 1.000000000000000000 ) ) ;
#991 = FACE_BOUND ( 'NONE', #354, .T. ) ;
#992 = ORIENTED_EDGE ( 'NONE', *, *, #347, .F. ) ;
#993 = VERTEX_POINT ( 'NONE', #3160 ) ;
#994 = CARTESIAN_POINT ( 'NONE',  ( -30.19999999999994955, 0.000000000000000000, 114.0999999999999801 ) ) ;
#995 = DIRECTION ( 'NONE',  ( 0.000000000000000000, 0.000000000000000000, 1.000000000000000000 ) ) ;
#996 = CARTESIAN_POINT ( 'NONE',  ( -2.195953113267366051E-13, 0.000000000000000000, -19.99999999999977973 ) ) ;
#997 = CALENDAR_DATE ( 2026, 30, 7 ) ;
#998 = ORIENTED_EDGE ( 'NONE', *, *, #3567, .T. ) ;
#999 = ORIENTED_EDGE ( 'NONE', *, *, #2566, .F. ) ;
#1000 = EDGE_CURVE ( 'NONE', #3279, #45, #67, .T. ) ;
#1001 = DIRECTION ( 'NONE',  ( 0.000000000000000000, 0.000000000000000000, 1.000000000000000000 ) ) ;
#1002 = DIRECTION ( 'NONE',  ( -0.000000000000000000, 1.000000000000000000, -0.000000000000000000 ) ) ;
#1003 = ORIENTED_EDGE ( 'NONE', *, *, #3433, .F. ) ;
#1004 = CIRCLE ( 'NONE', #3576, 1.700000000000007061 ) ;
#1005 = EDGE_LOOP ( 'NONE', ( #4310, #928, #1072, #154 ) ) ;
#1006 = CARTESIAN_POINT ( 'NONE',  ( -197.7746032555837985, 5.000000000000000000, -197.7746032555839122 ) ) ;
#1007 = LINE ( 'NONE', #503, #3591 ) ;
#1008 = VECTOR ( 'NONE', #3935, 1000.000000000000000 ) ;
#1009 = ADVANCED_FACE ( 'NONE', ( #5117 ), #3079, .F. ) ;
#1010 = EDGE_LOOP ( 'NONE', ( #2189, #4021, #1402, #3139 ) ) ;
#1011 = ORIENTED_EDGE ( 'NONE', *, *, #5028, .T. ) ;
#1012 = CARTESIAN_POINT ( 'NONE',  ( -217.5735931288143661, 1.700000000000001066, 132.7207793864129144 ) ) ;
#1013 = AXIS2_PLACEMENT_3D ( 'NONE', #1987, #1215, #1665 ) ;
#1014 = DIRECTION ( 'NONE',  ( -0.000000000000000000, 1.000000000000000000, -0.000000000000000000 ) ) ;
#1015 = DIRECTION ( 'NONE',  ( -0.000000000000000000, 1.000000000000000000, -0.000000000000000000 ) ) ;
#1016 = FACE_BOUND ( 'NONE', #580, .T. ) ;
#1017 = ORIENTED_EDGE ( 'NONE', *, *, #1888, .T. ) ;
#1018 = AXIS2_PLACEMENT_3D ( 'NONE', #2791, #3248, #360 ) ;
#1019 = ORIENTED_EDGE ( 'NONE', *, *, #1676, .F. ) ;
#1020 = DIRECTION ( 'NONE',  ( 0.000000000000000000, 0.000000000000000000, 1.000000000000000000 ) ) ;
#1021 = DIRECTION ( 'NONE',  ( 0.000000000000000000, 0.000000000000000000, 1.000000000000000000 ) ) ;
#1022 = CARTESIAN_POINT ( 'NONE',  ( -83.00000000000001421, 5.000000000000000000, 34.00000000000000000 ) ) ;
#1023 = VERTEX_POINT ( 'NONE', #4823 ) ;
#1024 = ORIENTED_EDGE ( 'NONE', *, *, #1932, .F. ) ;
#1025 = VECTOR ( 'NONE', #1353, 1000.000000000000000 ) ;
#1026 = CYLINDRICAL_SURFACE ( 'NONE', #362, 3.299999999999997158 ) ;
#1027 = CARTESIAN_POINT ( 'NONE',  ( -132.7207793864129712, 5.000000000000000000, 217.5735931288193399 ) ) ;
#1028 = ADVANCED_FACE ( 'NONE', ( #4798 ), #2779, .F. ) ;
#1029 = AXIS2_PLACEMENT_3D ( 'NONE', #4085, #2371, #3287 ) ;
#1030 = DIRECTION ( 'NONE',  ( -0.000000000000000000, 1.000000000000000000, -0.000000000000000000 ) ) ;
#1031 = ORIENTED_EDGE ( 'NONE', *, *, #3929, .F. ) ;
#1032 = VECTOR ( 'NONE', #1531, 1000.000000000000000 ) ;
#1033 = DIRECTION ( 'NONE',  ( 0.000000000000000000, 0.000000000000000000, 1.000000000000000000 ) ) ;
#1034 = CARTESIAN_POINT ( 'NONE',  ( -59.99999999999985789, 5.000000000000000000, -15.00000000000000000 ) ) ;
#1035 = ORIENTED_EDGE ( 'NONE', *, *, #3759, .F. ) ;
#1036 = ORIENTED_EDGE ( 'NONE', *, *, #2783, .T. ) ;
#1037 = CIRCLE ( 'NONE', #3258, 3.299999999999997158 ) ;
#1038 = CARTESIAN_POINT ( 'NONE',  ( 70.00000000000000000, 5.000000000000000000, 80.00000000000000000 ) ) ;
#1039 = EDGE_CURVE ( 'NONE', #3539, #3846, #5034, .T. ) ;
#1040 = CARTESIAN_POINT ( 'NONE',  ( -260.0000000000001705, 5.000000000000000000, 146.8629150101523635 ) ) ;
#1041 = AXIS2_PLACEMENT_3D ( 'NONE', #1564, #289, #2390 ) ;
#1042 = LINE ( 'NONE', #736, #5295 ) ;
#1043 = EDGE_LOOP ( 'NONE', ( #4280, #2524 ) ) ;
#1044 = EDGE_LOOP ( 'NONE', ( #5282, #4470 ) ) ;
#1045 = DIRECTION ( 'NONE',  ( -0.000000000000000000, 1.000000000000000000, -0.000000000000000000 ) ) ;
#1046 = VECTOR ( 'NONE', #1082, 1000.000000000000000 ) ;
#1047 = CARTESIAN_POINT ( 'NONE',  ( 217.5735931288146219, 8.673617379884035472E-16, 132.7207793864150460 ) ) ;
#1048 = CYLINDRICAL_SURFACE ( 'NONE', #2772, 3.299999999999997158 ) ;
#1049 = EDGE_CURVE ( 'NONE', #2673, #4181, #2296, .T. ) ;
#1050 = DIRECTION ( 'NONE',  ( -0.000000000000000000, 1.000000000000000000, -0.000000000000000000 ) ) ;
#1051 = VERTEX_POINT ( 'NONE', #4395 ) ;
#1052 = ORIENTED_EDGE ( 'NONE', *, *, #3222, .F. ) ;
#1053 = VECTOR ( 'NONE', #4097, 1000.000000000000000 ) ;
#1054 = PRODUCT ( 'part_dipan_1', 'part_dipan_1', '', ( #3469 ) ) ;
#1055 = DIRECTION ( 'NONE',  ( -0.000000000000000000, 1.000000000000000000, -0.000000000000000000 ) ) ;
#1056 = DIRECTION ( 'NONE',  ( -0.000000000000000000, 1.000000000000000000, -0.000000000000000000 ) ) ;
#1057 = CIRCLE ( 'NONE', #4135, 3.000000000000002665 ) ;
#1058 = DIRECTION ( 'NONE',  ( 0.000000000000000000, 0.000000000000000000, 1.000000000000000000 ) ) ;
#1059 = ORIENTED_EDGE ( 'NONE', *, *, #962, .T. ) ;
#1060 = CC_DESIGN_PERSON_AND_ORGANIZATION_ASSIGNMENT ( #2361, #1553, ( #797 ) ) ;
#1061 = CIRCLE ( 'NONE', #4139, 15.00000000000000000 ) ;
#1062 = EDGE_CURVE ( 'NONE', #2636, #2373, #1868, .T. ) ;
#1063 = CARTESIAN_POINT ( 'NONE',  ( 0.000000000000000000, 0.000000000000000000, -124.9999999999998295 ) ) ;
#1064 = CARTESIAN_POINT ( 'NONE',  ( -20.85965004500283015, -19.00000000000000000, -190.7403499549963612 ) ) ;
#1065 = VERTEX_POINT ( 'NONE', #2355 ) ;
#1066 = EDGE_CURVE ( 'NONE', #527, #4384, #3511, .T. ) ;
#1067 = AXIS2_PLACEMENT_3D ( 'NONE', #3864, #3892, #995 ) ;
#1068 = EDGE_LOOP ( 'NONE', ( #656, #238 ) ) ;
#1069 = EDGE_CURVE ( 'NONE', #4918, #4653, #3321, .T. ) ;
#1070 = DIRECTION ( 'NONE',  ( -0.000000000000000000, 1.000000000000000000, -0.000000000000000000 ) ) ;
#1071 = CARTESIAN_POINT ( 'NONE',  ( 30.20000000000004192, 5.000000000000000000, 81.90000000000000568 ) ) ;
#1072 = ORIENTED_EDGE ( 'NONE', *, *, #3190, .T. ) ;
#1073 = EDGE_LOOP ( 'NONE', ( #2477, #12 ) ) ;
#1074 = CARTESIAN_POINT ( 'NONE',  ( -20.85965004500278752, 5.000000000000000000, -229.2596500450027293 ) ) ;
#1075 = CARTESIAN_POINT ( 'NONE',  ( 60.00000000000013500, 5.000000000000000000, -15.00000000000000000 ) ) ;
#1076 = CARTESIAN_POINT ( 'NONE',  ( 132.7207793864142786, 5.000000000000000000, -217.5735931288150766 ) ) ;
#1077 = CARTESIAN_POINT ( 'NONE',  ( -10.19999999999995310, 0.000000000000000000, 81.90000000000001990 ) ) ;
#1078 = CARTESIAN_POINT ( 'NONE',  ( 23.50000000000036948, 5.000000000000000000, 23.49999999999964473 ) ) ;
#1079 = EDGE_CURVE ( 'NONE', #1272, #3897, #4745, .T. ) ;
#1080 = VERTEX_POINT ( 'NONE', #1497 ) ;
#1081 = ORIENTED_EDGE ( 'NONE', *, *, #427, .F. ) ;
#1082 = DIRECTION ( 'NONE',  ( -0.000000000000000000, 1.000000000000000000, -0.000000000000000000 ) ) ;
#1083 = CYLINDRICAL_SURFACE ( 'NONE', #603, 2.100000000000004530 ) ;
#1084 = CARTESIAN_POINT ( 'NONE',  ( -197.7746032555863565, 5.000000000000000000, 196.0746032555820761 ) ) ;
#1085 = ORIENTED_EDGE ( 'NONE', *, *, #109, .F. ) ;
#1086 = CARTESIAN_POINT ( 'NONE',  ( 99.99999999999978684, 0.000000000000000000, 119.9999999999997726 ) ) ;
#1087 = CARTESIAN_POINT ( 'NONE',  ( 20.85965004500353714, -19.00000000000000000, -190.7403499549964749 ) ) ;
#1088 = ORIENTED_EDGE ( 'NONE', *, *, #4612, .T. ) ;
#1089 = EDGE_LOOP ( 'NONE', ( #3529, #4771 ) ) ;
#1090 = VECTOR ( 'NONE', #76, 1000.000000000000000 ) ;
#1091 = DIRECTION ( 'NONE',  ( 0.000000000000000000, 1.000000000000000000, 0.000000000000000000 ) ) ;
#1092 = EDGE_CURVE ( 'NONE', #321, #169, #1894, .T. ) ;
#1093 = CARTESIAN_POINT ( 'NONE',  ( 10.20000000000004370, 0.000000000000000000, 114.1000000000000085 ) ) ;
#1094 = ORIENTED_EDGE ( 'NONE', *, *, #2092, .F. ) ;
#1095 = ADVANCED_FACE ( 'NONE', ( #2480 ), #5120, .F. ) ;
#1096 = ORIENTED_EDGE ( 'NONE', *, *, #4845, .F. ) ;
#1097 = CIRCLE ( 'NONE', #1178, 3.299999999999997158 ) ;
#1098 = VECTOR ( 'NONE', #3200, 1000.000000000000000 ) ;
#1099 = LINE ( 'NONE', #3640, #4095 ) ;
#1100 = CARTESIAN_POINT ( 'NONE',  ( -59.99999999999985789, 5.000000000000000000, -13.35000000000000142 ) ) ;
#1101 = DIRECTION ( 'NONE',  ( -0.000000000000000000, 1.000000000000000000, -0.000000000000000000 ) ) ;
#1102 = CIRCLE ( 'NONE', #1018, 2.099999999999990763 ) ;
#1103 = ORIENTED_EDGE ( 'NONE', *, *, #1490, .F. ) ;
#1104 = ORIENTED_EDGE ( 'NONE', *, *, #5184, .F. ) ;
#1105 = LINE ( 'NONE', #725, #1046 ) ;
#1106 = EDGE_CURVE ( 'NONE', #1790, #5221, #4002, .T. ) ;
#1107 = DIRECTION ( 'NONE',  ( 0.000000000000000000, 0.000000000000000000, 1.000000000000000000 ) ) ;
#1108 = CARTESIAN_POINT ( 'NONE',  ( 217.5735931288146219, 1.700000000000001066, 132.7207793864150460 ) ) ;
#1109 = CIRCLE ( 'NONE', #1703, 1.700000000000007061 ) ;
#1110 = EDGE_LOOP ( 'NONE', ( #1094, #2089 ) ) ;
#1111 = CARTESIAN_POINT ( 'NONE',  ( -20.85965004500278752, 0.000000000000000000, -229.2596500450027293 ) ) ;
#1112 = DIRECTION ( 'NONE',  ( 0.000000000000000000, 0.000000000000000000, 1.000000000000000000 ) ) ;
#1113 = VECTOR ( 'NONE', #1802, 1000.000000000000000 ) ;
#1114 = DIRECTION ( 'NONE',  ( -0.000000000000000000, 1.000000000000000000, -0.000000000000000000 ) ) ;
#1115 = VERTEX_POINT ( 'NONE', #4548 ) ;
#1116 = ORIENTED_EDGE ( 'NONE', *, *, #1039, .T. ) ;
#1117 = AXIS2_PLACEMENT_3D ( 'NONE', #2466, #4915, #4858 ) ;
#1118 = LINE ( 'NONE', #4394, #2420 ) ;
#1119 = DIRECTION ( 'NONE',  ( -0.000000000000000000, 1.000000000000000000, -0.000000000000000000 ) ) ;
#1120 = VECTOR ( 'NONE', #2901, 1000.000000000000000 ) ;
#1121 = EDGE_LOOP ( 'NONE', ( #2607, #776, #1722, #3186 ) ) ;
#1122 = ORIENTED_EDGE ( 'NONE', *, *, #2311, .T. ) ;
#1123 = FACE_OUTER_BOUND ( 'NONE', #3111, .T. ) ;
#1124 = AXIS2_PLACEMENT_3D ( 'NONE', #4921, #4944, #473 ) ;
#1125 = DIRECTION ( 'NONE',  ( 0.000000000000000000, 0.000000000000000000, 1.000000000000000000 ) ) ;
#1126 = ADVANCED_FACE ( 'NONE', ( #2801 ), #4117, .F. ) ;
#1127 = CARTESIAN_POINT ( 'NONE',  ( 100.0000000000000000, 5.000000000000000000, -167.4000000000000057 ) ) ;
#1128 = AXIS2_PLACEMENT_3D ( 'NONE', #4249, #2147, #2228 ) ;
#1129 = ORIENTED_EDGE ( 'NONE', *, *, #4354, .F. ) ;
#1130 = ORIENTED_EDGE ( 'NONE', *, *, #1945, .F. ) ;
#1131 = EDGE_CURVE ( 'NONE', #507, #5001, #3922, .T. ) ;
#1132 = DIRECTION ( 'NONE',  ( -0.000000000000000000, 1.000000000000000000, -0.000000000000000000 ) ) ;
#1133 = AXIS2_PLACEMENT_3D ( 'NONE', #2542, #2139, #2596 ) ;
#1134 = DIRECTION ( 'NONE',  ( -0.000000000000000000, 1.000000000000000000, -0.000000000000000000 ) ) ;
#1135 = DIRECTION ( 'NONE',  ( 0.000000000000000000, 0.000000000000000000, 1.000000000000000000 ) ) ;
#1136 = ORIENTED_EDGE ( 'NONE', *, *, #2006, .F. ) ;
#1137 = CARTESIAN_POINT ( 'NONE',  ( 169.4903320081207880, 5.000000000000000000, 226.0588745030474342 ) ) ;
#1138 = DIRECTION ( 'NONE',  ( 0.000000000000000000, 0.000000000000000000, 1.000000000000000000 ) ) ;
#1139 = VECTOR ( 'NONE', #5054, 1000.000000000000000 ) ;
#1140 = FACE_OUTER_BOUND ( 'NONE', #1786, .T. ) ;
#1141 = ADVANCED_FACE ( 'NONE', ( #4467 ), #3718, .F. ) ;
#1142 = ORIENTED_EDGE ( 'NONE', *, *, #3678, .T. ) ;
#1143 = CIRCLE ( 'NONE', #716, 3.299999999999997158 ) ;
#1144 = ADVANCED_FACE ( 'NONE', ( #3210 ), #1999, .F. ) ;
#1145 = FACE_BOUND ( 'NONE', #2455, .T. ) ;
#1146 = DIRECTION ( 'NONE',  ( 0.000000000000000000, 0.000000000000000000, 1.000000000000000000 ) ) ;
#1147 = AXIS2_PLACEMENT_3D ( 'NONE', #4831, #4045, #405 ) ;
#1148 = EDGE_LOOP ( 'NONE', ( #2798, #1595, #1773, #189 ) ) ;
#1149 = ORIENTED_EDGE ( 'NONE', *, *, #4531, .T. ) ;
#1150 = DIRECTION ( 'NONE',  ( -0.000000000000000000, 1.000000000000000000, -0.000000000000000000 ) ) ;
#1151 = CONICAL_SURFACE ( 'NONE', #2776, 3.299999999999997158, 0.7853981633974447263 ) ;
#1152 = ADVANCED_FACE ( 'NONE', ( #4037 ), #3316, .F. ) ;
#1153 = CARTESIAN_POINT ( 'NONE',  ( -169.4903320081222944, 8.673617379884035472E-16, -224.3588745030462803 ) ) ;
#1154 = LINE ( 'NONE', #2360, #5002 ) ;
#1155 = PERSON_AND_ORGANIZATION ( #3021, #4226 ) ;
#1156 = ORIENTED_EDGE ( 'NONE', *, *, #5289, .T. ) ;
#1157 = CARTESIAN_POINT ( 'NONE',  ( -132.7207793864129712, 5.000000000000000000, 217.5735931288193399 ) ) ;
#1158 = ADVANCED_FACE ( 'NONE', ( #3660 ), #47, .F. ) ;
#1159 = CARTESIAN_POINT ( 'NONE',  ( -132.7207793864151881, 5.000000000000000000, -224.1735931288129677 ) ) ;
#1160 = CARTESIAN_POINT ( 'NONE',  ( -2.220446049250313081E-13, -1.000000000000000000, 20.00000000000022382 ) ) ;
#1161 = CARTESIAN_POINT ( 'NONE',  ( 169.4903320081207880, 5.000000000000000000, 226.0588745030474342 ) ) ;
#1162 = ADVANCED_FACE ( 'NONE', ( #1275 ), #1593, .F. ) ;
#1163 = ORIENTED_EDGE ( 'NONE', *, *, #10, .F. ) ;
#1164 = DIRECTION ( 'NONE',  ( 0.000000000000000000, 0.000000000000000000, 1.000000000000000000 ) ) ;
#1165 = DIRECTION ( 'NONE',  ( -0.000000000000000000, 1.000000000000000000, -0.000000000000000000 ) ) ;
#1166 = CARTESIAN_POINT ( 'NONE',  ( -83.00000000000001421, 5.000000000000000000, 36.10000000000000853 ) ) ;
#1167 = ORIENTED_EDGE ( 'NONE', *, *, #3402, .T. ) ;
#1168 = FACE_BOUND ( 'NONE', #1638, .T. ) ;
#1169 = ADVANCED_FACE ( 'NONE', ( #2857 ), #2914, .F. ) ;
#1170 = DIRECTION ( 'NONE',  ( 0.000000000000000000, 0.000000000000000000, 1.000000000000000000 ) ) ;
#1171 = CYLINDRICAL_SURFACE ( 'NONE', #442, 1.700000000000007061 ) ;
#1172 = ORIENTED_EDGE ( 'NONE', *, *, #3995, .F. ) ;
#1173 = ORIENTED_EDGE ( 'NONE', *, *, #584, .T. ) ;
#1174 = DIRECTION ( 'NONE',  ( -0.000000000000000000, 1.000000000000000000, -0.000000000000000000 ) ) ;
#1175 = CONICAL_SURFACE ( 'NONE', #3834, 6.599999999999994316, 0.7853981633974480570 ) ;
#1176 = LINE ( 'NONE', #5258, #24 ) ;
#1177 = DIRECTION ( 'NONE',  ( -0.000000000000000000, 1.000000000000000000, -0.000000000000000000 ) ) ;
#1178 = AXIS2_PLACEMENT_3D ( 'NONE', #3563, #299, #3962 ) ;
#1179 = AXIS2_PLACEMENT_3D ( 'NONE', #3069, #5194, #4732 ) ;
#1180 = ORIENTED_EDGE ( 'NONE', *, *, #710, .T. ) ;
#1181 = CIRCLE ( 'NONE', #3327, 3.299999999999997158 ) ;
#1182 = CARTESIAN_POINT ( 'NONE',  ( 23.49999999999987210, -1.000000000000000000, -26.49999999999990408 ) ) ;
#1183 = DIRECTION ( 'NONE',  ( 0.000000000000000000, 0.000000000000000000, 1.000000000000000000 ) ) ;
#1184 = CARTESIAN_POINT ( 'NONE',  ( -169.4903320081246818, 8.673617379884035472E-16, 226.0588745030442510 ) ) ;
#1185 = CARTESIAN_POINT ( 'NONE',  ( -146.8629150101528467, 5.000000000000000000, 260.0000000000002274 ) ) ;
#1186 = EDGE_LOOP ( 'NONE', ( #2491, #3031 ) ) ;
#1187 = FACE_OUTER_BOUND ( 'NONE', #5207, .T. ) ;
#1188 = CARTESIAN_POINT ( 'NONE',  ( 132.7207793864120333, 5.000000000000000000, 210.9735931288196014 ) ) ;
#1189 = ADVANCED_FACE ( 'NONE', ( #4522 ), #370, .F. ) ;
#1190 = DIRECTION ( 'NONE',  ( -0.000000000000000000, 1.000000000000000000, -0.000000000000000000 ) ) ;
#1191 = CIRCLE ( 'NONE', #513, 1.700000000000007061 ) ;
#1192 = ORIENTED_EDGE ( 'NONE', *, *, #1224, .F. ) ;
#1193 = ORIENTED_EDGE ( 'NONE', *, *, #3014, .T. ) ;
#1194 = VECTOR ( 'NONE', #4413, 1000.000000000000000 ) ;
#1195 = FACE_BOUND ( 'NONE', #269, .T. ) ;
#1196 = DIRECTION ( 'NONE',  ( -0.000000000000000000, 1.000000000000000000, -0.000000000000000000 ) ) ;
#1197 = LINE ( 'NONE', #4118, #1714 ) ;
#1198 = ORIENTED_EDGE ( 'NONE', *, *, #618, .T. ) ;
#1199 = ORIENTED_EDGE ( 'NONE', *, *, #264, .F. ) ;
#1200 = AXIS2_PLACEMENT_3D ( 'NONE', #3417, #2579, #1720 ) ;
#1202 = EDGE_CURVE ( 'NONE', #4639, #2723, #3509, .T. ) ;
#1201 = CARTESIAN_POINT ( 'NONE',  ( 197.7746032555807858, 5.000000000000000000, -197.7746032555809848 ) ) ;
#1203 = DIRECTION ( 'NONE',  ( -0.000000000000000000, 1.000000000000000000, -0.000000000000000000 ) ) ;
#1204 = CIRCLE ( 'NONE', #265, 3.299999999999997158 ) ;
#1205 = DIRECTION ( 'NONE',  ( 0.000000000000000000, 1.000000000000000000, 0.000000000000000000 ) ) ;
#1206 = ORIENTED_EDGE ( 'NONE', *, *, #1388, .F. ) ;
#1207 = CIRCLE ( 'NONE', #860, 3.299999999999997158 ) ;
#1208 = EDGE_CURVE ( 'NONE', #1670, #2636, #759, .T. ) ;
#1209 = LINE ( 'NONE', #1182, #107 ) ;
#1210 = EDGE_CURVE ( 'NONE', #4540, #5074, #4018, .T. ) ;
#1211 = VECTOR ( 'NONE', #5272, 1000.000000000000000 ) ;
#1212 = CARTESIAN_POINT ( 'NONE',  ( -197.7746032555863565, 5.000000000000000000, 197.7746032555820648 ) ) ;
#1213 = DIRECTION ( 'NONE',  ( -0.7071067811865464625, 0.000000000000000000, 0.7071067811865486830 ) ) ;
#1214 = ORIENTED_EDGE ( 'NONE', *, *, #280, .F. ) ;
#1215 = DIRECTION ( 'NONE',  ( 0.7071067811865436870, -0.000000000000000000, 0.7071067811865513475 ) ) ;
#1216 = ORIENTED_EDGE ( 'NONE', *, *, #4225, .F. ) ;
#1217 = AXIS2_PLACEMENT_3D ( 'NONE', #5239, #3924, #2711 ) ;
#1218 = CARTESIAN_POINT ( 'NONE',  ( -169.4903320081246818, 5.000000000000000000, 229.3588745030442340 ) ) ;
#1219 = CARTESIAN_POINT ( 'NONE',  ( 60.00000000000013500, 1.700000000000001066, 1.609823385706476580E-12 ) ) ;
#1220 = FACE_OUTER_BOUND ( 'NONE', #1512, .T. ) ;
#1221 = VECTOR ( 'NONE', #2521, 999.9999999999998863 ) ;
#1222 = ORIENTED_EDGE ( 'NONE', *, *, #4699, .F. ) ;
#1223 = ORIENTED_EDGE ( 'NONE', *, *, #3222, .T. ) ;
#1224 = EDGE_CURVE ( 'NONE', #4297, #2631, #596, .T. ) ;
#1225 = AXIS2_PLACEMENT_3D ( 'NONE', #159, #4178, #990 ) ;
#1226 = FACE_BOUND ( 'NONE', #2748, .T. ) ;
#1227 = DIRECTION ( 'NONE',  ( 0.000000000000000000, 0.000000000000000000, 1.000000000000000000 ) ) ;
#1228 = DIRECTION ( 'NONE',  ( -0.000000000000000000, 1.000000000000000000, -0.000000000000000000 ) ) ;
#1229 = ORIENTED_EDGE ( 'NONE', *, *, #3463, .T. ) ;
#1230 = AXIS2_PLACEMENT_3D ( 'NONE', #60, #887, #1687 ) ;
#1231 = AXIS2_PLACEMENT_3D ( 'NONE', #210, #1091, #2270 ) ;
#1232 = VERTEX_POINT ( 'NONE', #846 ) ;
#1233 = DIRECTION ( 'NONE',  ( -0.000000000000000000, 1.000000000000000000, -0.000000000000000000 ) ) ;
#1234 = EDGE_CURVE ( 'NONE', #3481, #4239, #1451, .T. ) ;
#1235 = DIRECTION ( 'NONE',  ( -0.000000000000000000, 1.000000000000000000, -0.000000000000000000 ) ) ;
#1236 = VECTOR ( 'NONE', #420, 1000.000000000000000 ) ;
#1237 = CARTESIAN_POINT ( 'NONE',  ( -169.4903320081246818, 8.673617379884035472E-16, 227.7588745030442396 ) ) ;
#1238 = ORIENTED_EDGE ( 'NONE', *, *, #2274, .F. ) ;
#1239 = VECTOR ( 'NONE', #4125, 999.9999999999998863 ) ;
#1240 = EDGE_CURVE ( 'NONE', #163, #3539, #1301, .T. ) ;
#1241 = CARTESIAN_POINT ( 'NONE',  ( -226.0588745030460132, 5.000000000000000000, -169.4903320081223796 ) ) ;
#1242 = LINE ( 'NONE', #4159, #4992 ) ;
#1243 = ORIENTED_EDGE ( 'NONE', *, *, #3521, .F. ) ;
#1244 = DIRECTION ( 'NONE',  ( 0.000000000000000000, 0.000000000000000000, 1.000000000000000000 ) ) ;
#1245 = EDGE_LOOP ( 'NONE', ( #4088, #843, #4588, #4328 ) ) ;
#1246 = CARTESIAN_POINT ( 'NONE',  ( -69.99999999999998579, 5.000000000000000000, 80.00000000000000000 ) ) ;
#1247 = CYLINDRICAL_SURFACE ( 'NONE', #1915, 1.700000000000007061 ) ;
#1248 = DIRECTION ( 'NONE',  ( 0.000000000000000000, 0.000000000000000000, 1.000000000000000000 ) ) ;
#1249 = ORIENTED_EDGE ( 'NONE', *, *, #1202, .T. ) ;
#1250 = EDGE_LOOP ( 'NONE', ( #5178, #4898, #5202, #301 ) ) ;
#1251 = FACE_BOUND ( 'NONE', #546, .T. ) ;
#1252 = CARTESIAN_POINT ( 'NONE',  ( -20.85965004500283015, -19.00000000000000000, -189.1403499549963669 ) ) ;
#1253 = CARTESIAN_POINT ( 'NONE',  ( 197.7746032555828322, 8.673617379884035472E-16, 197.7746032555856743 ) ) ;
#1254 = EDGE_LOOP ( 'NONE', ( #2507, #190, #1418, #2213 ) ) ;
#1255 = ORIENTED_EDGE ( 'NONE', *, *, #4241, .T. ) ;
#1256 = FACE_OUTER_BOUND ( 'NONE', #790, .T. ) ;
#1257 = DIRECTION ( 'NONE',  ( -0.000000000000000000, 1.000000000000000000, -0.000000000000000000 ) ) ;
#1258 = CARTESIAN_POINT ( 'NONE',  ( 169.4903320081207880, 5.000000000000000000, 224.3588745030474172 ) ) ;
#1259 = ADVANCED_FACE ( 'NONE', ( #2965 ), #72, .F. ) ;
#1260 = EDGE_LOOP ( 'NONE', ( #3169, #5301, #281, #3063 ) ) ;
#1261 = CARTESIAN_POINT ( 'NONE',  ( -30.19999999999994955, 0.000000000000000000, 109.8999999999999915 ) ) ;
#1262 = AXIS2_PLACEMENT_3D ( 'NONE', #1463, #3077, #3400 ) ;
#1263 = CARTESIAN_POINT ( 'NONE',  ( 60.00000000000013500, 5.000000000000000000, 1.609823385706476580E-12 ) ) ;
#1264 = DIRECTION ( 'NONE',  ( -0.000000000000000000, 1.000000000000000000, -0.000000000000000000 ) ) ;
#1265 = CARTESIAN_POINT ( 'NONE',  ( 132.7207793864120333, 5.000000000000000000, 224.1735931288195900 ) ) ;
#1266 = CIRCLE ( 'NONE', #2033, 2.100000000000004530 ) ;
#1267 = EDGE_LOOP ( 'NONE', ( #4133, #2027, #1779, #1167 ) ) ;
#1268 = EDGE_CURVE ( 'NONE', #3265, #4746, #2908, .T. ) ;
#1269 = CARTESIAN_POINT ( 'NONE',  ( -169.4903320081222944, 5.000000000000000000, -226.0588745030462974 ) ) ;
#1270 = CARTESIAN_POINT ( 'NONE',  ( -10.19999999999995310, 5.000000000000000000, 114.1000000000000085 ) ) ;
#1271 = EDGE_LOOP ( 'NONE', ( #116, #4616, #2416, #201 ) ) ;
#1272 = VERTEX_POINT ( 'NONE', #4595 ) ;
#1273 = CARTESIAN_POINT ( 'NONE',  ( -217.5735931288143661, 8.673617379884035472E-16, 136.0207793864128973 ) ) ;
#1274 = EDGE_CURVE ( 'NONE', #396, #94, #1109, .T. ) ;
#1275 = FACE_OUTER_BOUND ( 'NONE', #5108, .T. ) ;
#1276 = LINE ( 'NONE', #4875, #5151 ) ;
#1277 = VERTEX_POINT ( 'NONE', #2990 ) ;
#1278 = EDGE_LOOP ( 'NONE', ( #3571, #2070 ) ) ;
#1279 = DIRECTION ( 'NONE',  ( 0.000000000000000000, 0.000000000000000000, 1.000000000000000000 ) ) ;
#1280 = VECTOR ( 'NONE', #2157, 1000.000000000000000 ) ;
#1281 = CARTESIAN_POINT ( 'NONE',  ( -100.0000000000000000, 0.000000000000000000, -180.0000000000000000 ) ) ;
#1282 = CARTESIAN_POINT ( 'NONE',  ( 217.5735931288179756, 5.000000000000000000, -132.7207793864104985 ) ) ;
#1283 = ORIENTED_EDGE ( 'NONE', *, *, #3095, .T. ) ;
#1284 = CC_DESIGN_DATE_AND_TIME_ASSIGNMENT ( #723, #3168, ( #3969 ) ) ;
#1285 = EDGE_CURVE ( 'NONE', #2483, #933, #2388, .T. ) ;
#1286 = CARTESIAN_POINT ( 'NONE',  ( 20.85965004500326003, -19.00000000000000000, -230.8596500450028941 ) ) ;
#1287 = DIRECTION ( 'NONE',  ( 0.000000000000000000, 0.000000000000000000, 1.000000000000000000 ) ) ;
#1288 = DIRECTION ( 'NONE',  ( -0.000000000000000000, 1.000000000000000000, -0.000000000000000000 ) ) ;
#1289 = EDGE_CURVE ( 'NONE', #3605, #2586, #1007, .T. ) ;
#1290 = VERTEX_POINT ( 'NONE', #578 ) ;
#1291 = LINE ( 'NONE', #86, #1955 ) ;
#1292 = EDGE_CURVE ( 'NONE', #3548, #4398, #2942, .T. ) ;
#1293 = ORIENTED_EDGE ( 'NONE', *, *, #5276, .T. ) ;
#1294 = CARTESIAN_POINT ( 'NONE',  ( 169.4903320081231470, 5.000000000000000000, -224.3588745030453708 ) ) ;
#1295 = AXIS2_PLACEMENT_3D ( 'NONE', #1137, #3601, #4842 ) ;
#1296 = FACE_OUTER_BOUND ( 'NONE', #2208, .T. ) ;
#1297 = VERTEX_POINT ( 'NONE', #3020 ) ;
#1298 = EDGE_LOOP ( 'NONE', ( #1797, #1949 ) ) ;
#1299 = CARTESIAN_POINT ( 'NONE',  ( 132.7207793864142786, 5.000000000000000000, -210.9735931288150823 ) ) ;
#1300 = AXIS2_PLACEMENT_3D ( 'NONE', #4049, #802, #385 ) ;
#1301 = LINE ( 'NONE', #4169, #1025 ) ;
#1302 = EDGE_CURVE ( 'NONE', #2009, #2673, #5048, .T. ) ;
#1303 = ORIENTED_EDGE ( 'NONE', *, *, #1590, .T. ) ;
#1304 = ORIENTED_EDGE ( 'NONE', *, *, #3359, .F. ) ;
#1305 = CARTESIAN_POINT ( 'NONE',  ( -23.50000000000019895, -1.000000000000000000, 23.50000000000020961 ) ) ;
#1306 = VECTOR ( 'NONE', #3429, 1000.000000000000000 ) ;
#1307 = DIRECTION ( 'NONE',  ( 0.000000000000000000, 0.000000000000000000, 1.000000000000000000 ) ) ;
#1308 = FACE_BOUND ( 'NONE', #734, .T. ) ;
#1309 = AXIS2_PLACEMENT_3D ( 'NONE', #1282, #4555, #879 ) ;
#1310 = CIRCLE ( 'NONE', #1231, 12.59999999999999964 ) ;
#1311 = EDGE_LOOP ( 'NONE', ( #636, #2444, #1677, #4422 ) ) ;
#1312 = VECTOR ( 'NONE', #2305, 1000.000000000000000 ) ;
#1313 = FACE_OUTER_BOUND ( 'NONE', #915, .T. ) ;
#1314 = DIRECTION ( 'NONE',  ( 0.000000000000000000, 0.000000000000000000, 1.000000000000000000 ) ) ;
#1315 = DIRECTION ( 'NONE',  ( -0.000000000000000000, 1.000000000000000000, -0.000000000000000000 ) ) ;
#1316 = AXIS2_PLACEMENT_3D ( 'NONE', #112, #5123, #4265 ) ;
#1317 = ORIENTED_EDGE ( 'NONE', *, *, #4450, .F. ) ;
#1318 = CYLINDRICAL_SURFACE ( 'NONE', #2811, 3.000000000000002665 ) ;
#1319 = ORIENTED_EDGE ( 'NONE', *, *, #1302, .T. ) ;
#1320 = DIRECTION ( 'NONE',  ( 0.000000000000000000, 0.000000000000000000, 1.000000000000000000 ) ) ;
#1321 = EDGE_CURVE ( 'NONE', #5074, #2876, #4196, .T. ) ;
#1322 = CONICAL_SURFACE ( 'NONE', #2864, 6.599999999999994316, 0.7853981633974480570 ) ;
#1323 = CYLINDRICAL_SURFACE ( 'NONE', #599, 3.299999999999997158 ) ;
#1324 = EDGE_CURVE ( 'NONE', #3481, #4297, #901, .T. ) ;
#1325 = DIRECTION ( 'NONE',  ( 0.000000000000000000, 0.000000000000000000, 1.000000000000000000 ) ) ;
#1326 = ORIENTED_EDGE ( 'NONE', *, *, #727, .T. ) ;
#1327 = CARTESIAN_POINT ( 'NONE',  ( 132.7207793864142786, 5.000000000000000000, -220.8735931288150880 ) ) ;
#1328 = DIRECTION ( 'NONE',  ( 0.000000000000000000, 0.000000000000000000, 1.000000000000000000 ) ) ;
#1329 = ORIENTED_EDGE ( 'NONE', *, *, #5184, .T. ) ;
#1330 = EDGE_LOOP ( 'NONE', ( #2743, #5085 ) ) ;
#1331 = DIRECTION ( 'NONE',  ( -0.000000000000000000, 1.000000000000000000, -0.000000000000000000 ) ) ;
#1332 = ADVANCED_FACE ( 'NONE', ( #954 ), #2646, .F. ) ;
#1333 = CARTESIAN_POINT ( 'NONE',  ( 217.5735931288179756, 5.000000000000000000, -129.4207793864104872 ) ) ;
#1334 = FACE_BOUND ( 'NONE', #4167, .T. ) ;
#1335 = ORIENTED_EDGE ( 'NONE', *, *, #1898, .T. ) ;
#1336 = ORIENTED_EDGE ( 'NONE', *, *, #48, .T. ) ;
#1337 = CARTESIAN_POINT ( 'NONE',  ( 60.00000000000013500, 0.000000000000000000, -15.00000000000000000 ) ) ;
#1338 = DIRECTION ( 'NONE',  ( -0.000000000000000000, 1.000000000000000000, -0.000000000000000000 ) ) ;
#1339 = CARTESIAN_POINT ( 'NONE',  ( -2.195953113267366051E-13, -1.000000000000000000, -19.99999999999977973 ) ) ;
#1340 = CARTESIAN_POINT ( 'NONE',  ( -197.7746032555837985, 5.000000000000000000, -194.4746032555839008 ) ) ;
#1341 = EDGE_LOOP ( 'NONE', ( #4429, #1382, #615, #222 ) ) ;
#1342 = CARTESIAN_POINT ( 'NONE',  ( -217.5735931288175493, 5.000000000000000000, -132.7207793864115217 ) ) ;
#1343 = EDGE_LOOP ( 'NONE', ( #1104, #2916, #3663, #2136 ) ) ;
#1344 = CIRCLE ( 'NONE', #4170, 3.299999999999997158 ) ;
#1345 = DIRECTION ( 'NONE',  ( -0.000000000000000000, 1.000000000000000000, -0.000000000000000000 ) ) ;
#1346 = FACE_OUTER_BOUND ( 'NONE', #1737, .T. ) ;
#1347 = AXIS2_PLACEMENT_3D ( 'NONE', #4012, #2753, #1841 ) ;
#1348 = AXIS2_PLACEMENT_3D ( 'NONE', #3096, #1507, #4302 ) ;
#1349 = ORIENTED_EDGE ( 'NONE', *, *, #2407, .F. ) ;
#1350 = ORIENTED_EDGE ( 'NONE', *, *, #2931, .F. ) ;
#1351 = EDGE_CURVE ( 'NONE', #126, #874, #4533, .T. ) ;
#1352 = DIRECTION ( 'NONE',  ( -0.000000000000000000, 1.000000000000000000, -0.000000000000000000 ) ) ;
#1353 = DIRECTION ( 'NONE',  ( 8.659560562354902043E-17, 0.7071067811865500152, -0.7071067811865450192 ) ) ;
#1354 = ORIENTED_EDGE ( 'NONE', *, *, #1932, .T. ) ;
#1355 = ORIENTED_EDGE ( 'NONE', *, *, #4171, .T. ) ;
#1356 = CARTESIAN_POINT ( 'NONE',  ( 30.20000000000004547, 5.000000000000000000, 109.8999999999999631 ) ) ;
#1357 = EDGE_CURVE ( 'NONE', #4329, #1290, #3342, .T. ) ;
#1358 = CARTESIAN_POINT ( 'NONE',  ( -217.5735931288143661, 8.673617379884035472E-16, 132.7207793864129144 ) ) ;
#1359 = FACE_BOUND ( 'NONE', #1701, .T. ) ;
#1360 = ORIENTED_EDGE ( 'NONE', *, *, #4678, .F. ) ;
#1361 = ADVANCED_FACE ( 'NONE', ( #986 ), #152, .F. ) ;
#1362 = EDGE_LOOP ( 'NONE', ( #2958, #3331, #1486, #3070 ) ) ;
#1363 = AXIS2_PLACEMENT_3D ( 'NONE', #1727, #3371, #5005 ) ;
#1364 = DIRECTION ( 'NONE',  ( -0.000000000000000000, 1.000000000000000000, -0.000000000000000000 ) ) ;
#1365 = CARTESIAN_POINT ( 'NONE',  ( -69.99999999999998579, 0.000000000000000000, 80.00000000000000000 ) ) ;
#1366 = DIRECTION ( 'NONE',  ( 0.000000000000000000, 0.000000000000000000, 1.000000000000000000 ) ) ;
#1367 = CARTESIAN_POINT ( 'NONE',  ( 20.85965004500326003, 5.000000000000000000, -230.8596500450028941 ) ) ;
#1368 = EDGE_CURVE ( 'NONE', #1232, #4949, #82, .T. ) ;
#1369 = VERTEX_POINT ( 'NONE', #5055 ) ;
#1370 = CIRCLE ( 'NONE', #3770, 1.700000000000007061 ) ;
#1371 = ORIENTED_EDGE ( 'NONE', *, *, #1285, .T. ) ;
#1372 = EDGE_CURVE ( 'NONE', #491, #1925, #1380, .T. ) ;
#1373 = DIRECTION ( 'NONE',  ( -0.000000000000000000, 1.000000000000000000, -0.000000000000000000 ) ) ;
#1374 = VECTOR ( 'NONE', #2915, 1000.000000000000000 ) ;
#1375 = FACE_OUTER_BOUND ( 'NONE', #56, .T. ) ;
#1376 = ORIENTED_EDGE ( 'NONE', *, *, #2706, .F. ) ;
#1377 = EDGE_LOOP ( 'NONE', ( #1609, #5244 ) ) ;
#1378 = CIRCLE ( 'NONE', #4810, 1.700000000000007061 ) ;
#1379 = DIRECTION ( 'NONE',  ( -0.000000000000000000, 1.000000000000000000, -0.000000000000000000 ) ) ;
#1380 = LINE ( 'NONE', #529, #1280 ) ;
#1381 = AXIS2_PLACEMENT_3D ( 'NONE', #4676, #1853, #1001 ) ;
#1382 = ORIENTED_EDGE ( 'NONE', *, *, #664, .T. ) ;
#1383 = EDGE_CURVE ( 'NONE', #1277, #5170, #1963, .T. ) ;
#1384 = ORIENTED_EDGE ( 'NONE', *, *, #1792, .T. ) ;
#1385 = DIRECTION ( 'NONE',  ( -0.000000000000000000, 1.000000000000000000, -0.000000000000000000 ) ) ;
#1386 = CIRCLE ( 'NONE', #4389, 2.100000000000004530 ) ;
#1387 = CARTESIAN_POINT ( 'NONE',  ( -226.0588745030480027, 5.000000000000000000, 172.7903320081199467 ) ) ;
#1388 = EDGE_CURVE ( 'NONE', #806, #2145, #3674, .T. ) ;
#1389 = FACE_BOUND ( 'NONE', #3520, .T. ) ;
#1390 = ORIENTED_EDGE ( 'NONE', *, *, #5131, .F. ) ;
#1391 = AXIS2_PLACEMENT_3D ( 'NONE', #2162, #1761, #1307 ) ;
#1392 = EDGE_CURVE ( 'NONE', #3265, #2159, #5169, .T. ) ;
#1393 = ORIENTED_EDGE ( 'NONE', *, *, #907, .F. ) ;
#1394 = DIRECTION ( 'NONE',  ( 0.000000000000000000, 0.7071067811865500152, 0.7071067811865450192 ) ) ;
#1395 = AXIS2_PLACEMENT_3D ( 'NONE', #151, #3848, #4951 ) ;
#1396 = DIRECTION ( 'NONE',  ( 0.000000000000000000, 0.000000000000000000, 1.000000000000000000 ) ) ;
#1397 = CARTESIAN_POINT ( 'NONE',  ( -169.4903320081246818, 3.399999999999998579, 224.3588745030442340 ) ) ;
#1398 = CARTESIAN_POINT ( 'NONE',  ( 259.9999999999997726, 0.000000000000000000, -146.8629150101523919 ) ) ;
#1399 = ORIENTED_EDGE ( 'NONE', *, *, #3300, .F. ) ;
#1400 = LOCAL_TIME ( 20, 3, 9.000000000000000000, #2650 ) ;
#1401 = AXIS2_PLACEMENT_3D ( 'NONE', #1409, #3955, #3531 ) ;
#1402 = ORIENTED_EDGE ( 'NONE', *, *, #793, .T. ) ;
#1403 = FACE_OUTER_BOUND ( 'NONE', #1816, .T. ) ;
#1404 = EDGE_CURVE ( 'NONE', #1767, #3721, #1918, .T. ) ;
#1405 = CIRCLE ( 'NONE', #3123, 6.600000000000001421 ) ;
#1406 = FACE_OUTER_BOUND ( 'NONE', #108, .T. ) ;
#1407 = ORIENTED_EDGE ( 'NONE', *, *, #4087, .F. ) ;
#1408 = EDGE_LOOP ( 'NONE', ( #181, #137, #927, #4418 ) ) ;
#1409 = CARTESIAN_POINT ( 'NONE',  ( -59.99999999999985789, 1.700000000000001066, -2.165618536905904653E-14 ) ) ;
#1410 = CARTESIAN_POINT ( 'NONE',  ( 169.4903320081207880, 5.000000000000000000, 227.7588745030474229 ) ) ;
#1411 = ORIENTED_EDGE ( 'NONE', *, *, #4835, .F. ) ;
#1412 = ORIENTED_EDGE ( 'NONE', *, *, #4628, .T. ) ;
#1413 = CARTESIAN_POINT ( 'NONE',  ( 169.4903320081207880, 5.000000000000000000, 222.7588745030474229 ) ) ;
#1414 = CARTESIAN_POINT ( 'NONE',  ( 226.0588745030448763, 3.399999999999998579, 167.7903320081238974 ) ) ;
#1415 = DIRECTION ( 'NONE',  ( 0.000000000000000000, 0.000000000000000000, 1.000000000000000000 ) ) ;
#1416 = FACE_BOUND ( 'NONE', #1089, .T. ) ;
#1417 = ORIENTED_EDGE ( 'NONE', *, *, #3420, .F. ) ;
#1418 = ORIENTED_EDGE ( 'NONE', *, *, #605, .T. ) ;
#1419 = CARTESIAN_POINT ( 'NONE',  ( 23.49999999999987210, 0.000000000000000000, -23.49999999999991118 ) ) ;
#1420 = EDGE_CURVE ( 'NONE', #2632, #4270, #3154, .T. ) ;
#1421 = DIRECTION ( 'NONE',  ( -0.000000000000000000, 1.000000000000000000, -0.000000000000000000 ) ) ;
#1422 = CARTESIAN_POINT ( 'NONE',  ( -132.7207793864151881, 8.673617379884035472E-16, -214.2735931288129620 ) ) ;
#1423 = CARTESIAN_POINT ( 'NONE',  ( -83.00000000000001421, 5.000000000000000000, 34.00000000000000000 ) ) ;
#1424 = ORIENTED_EDGE ( 'NONE', *, *, #4224, .F. ) ;
#1425 = EDGE_LOOP ( 'NONE', ( #1772, #3360, #3075, #2889 ) ) ;
#1426 = LINE ( 'NONE', #2259, #1978 ) ;
#1427 = DIRECTION ( 'NONE',  ( -0.000000000000000000, 1.000000000000000000, -0.000000000000000000 ) ) ;
#1428 = EDGE_CURVE ( 'NONE', #3846, #3539, #4796, .T. ) ;
#1429 = ORIENTED_EDGE ( 'NONE', *, *, #3883, .F. ) ;
#1430 = CIRCLE ( 'NONE', #3227, 6.599999999999994316 ) ;
#1431 = EDGE_LOOP ( 'NONE', ( #2728, #2158 ) ) ;
#1432 = LINE ( 'NONE', #1063, #3374 ) ;
#1433 = DIRECTION ( 'NONE',  ( -0.000000000000000000, 1.000000000000000000, -0.000000000000000000 ) ) ;
#1434 = ORIENTED_EDGE ( 'NONE', *, *, #4339, .T. ) ;
#1435 = ORIENTED_EDGE ( 'NONE', *, *, #1464, .F. ) ;
#1436 = CARTESIAN_POINT ( 'NONE',  ( -197.7746032555863565, 8.673617379884035472E-16, 197.7746032555820648 ) ) ;
#1437 = CIRCLE ( 'NONE', #837, 15.00000000000000000 ) ;
#1438 = ADVANCED_FACE ( 'NONE', ( #3904 ), #3505, .F. ) ;
#1439 = CARTESIAN_POINT ( 'NONE',  ( 83.00000000000001421, 5.000000000000000000, 34.00000000000000000 ) ) ;
#1440 = CYLINDRICAL_SURFACE ( 'NONE', #239, 1.700000000000007061 ) ;
#1441 = VERTEX_POINT ( 'NONE', #316 ) ;
#1442 = ORIENTED_EDGE ( 'NONE', *, *, #2239, .F. ) ;
#1443 = DIRECTION ( 'NONE',  ( 0.000000000000000000, 0.000000000000000000, 1.000000000000000000 ) ) ;
#1444 = DIRECTION ( 'NONE',  ( 0.000000000000000000, 1.000000000000000000, 0.000000000000000000 ) ) ;
#1445 = DIRECTION ( 'NONE',  ( 0.000000000000000000, 0.000000000000000000, 1.000000000000000000 ) ) ;
#1446 = CYLINDRICAL_SURFACE ( 'NONE', #4721, 2.100000000000004530 ) ;
#1447 = CYLINDRICAL_SURFACE ( 'NONE', #3460, 1.599999999999990319 ) ;
#1448 = VERTEX_POINT ( 'NONE', #658 ) ;
#1449 = EDGE_CURVE ( 'NONE', #801, #532, #1191, .T. ) ;
#1450 = ORIENTED_EDGE ( 'NONE', *, *, #2642, .F. ) ;
#1451 = CIRCLE ( 'NONE', #3167, 1.700000000000007061 ) ;
#1452 = DIRECTION ( 'NONE',  ( -0.000000000000000000, 1.000000000000000000, -0.000000000000000000 ) ) ;
#1453 = EDGE_CURVE ( 'NONE', #4003, #2923, #4363, .T. ) ;
#1454 = DIRECTION ( 'NONE',  ( -0.000000000000000000, 1.000000000000000000, 0.000000000000000000 ) ) ;
#1455 = CONICAL_SURFACE ( 'NONE', #1618, 3.299999999999997158, 0.7853981633974447263 ) ;
#1456 = CARTESIAN_POINT ( 'NONE',  ( 70.00000000000000000, 5.000000000000000000, 80.00000000000000000 ) ) ;
#1457 = ORIENTED_EDGE ( 'NONE', *, *, #3832, .F. ) ;
#1458 = AXIS2_PLACEMENT_3D ( 'NONE', #3925, #5161, #3126 ) ;
#1459 = DIRECTION ( 'NONE',  ( 8.659560562354931626E-17, 0.7071067811865477948, -0.7071067811865473507 ) ) ;
#1460 = LINE ( 'NONE', #1491, #5137 ) ;
#1461 = ORIENTED_EDGE ( 'NONE', *, *, #58, .F. ) ;
#1462 = VERTEX_POINT ( 'NONE', #2694 ) ;
#1463 = CARTESIAN_POINT ( 'NONE',  ( -132.7207793864151881, 5.000000000000000000, -217.5735931288129734 ) ) ;
#1464 = EDGE_CURVE ( 'NONE', #3097, #4336, #1460, .T. ) ;
#1465 = DIRECTION ( 'NONE',  ( -0.000000000000000000, 1.000000000000000000, -0.000000000000000000 ) ) ;
#1466 = ADVANCED_FACE ( 'NONE', ( #3956 ), #709, .F. ) ;
#1467 = VECTOR ( 'NONE', #335, 1000.000000000000000 ) ;
#1468 = CARTESIAN_POINT ( 'NONE',  ( 83.00000000000001421, 0.000000000000000000, 34.00000000000000000 ) ) ;
#1469 = ORIENTED_EDGE ( 'NONE', *, *, #2481, .T. ) ;
#1470 = ORIENTED_EDGE ( 'NONE', *, *, #5093, .F. ) ;
#1471 = LINE ( 'NONE', #3487, #1604 ) ;
#1472 = VECTOR ( 'NONE', #3147, 1000.000000000000000 ) ;
#1473 = CARTESIAN_POINT ( 'NONE',  ( -83.00000000000001421, 0.000000000000000000, 36.10000000000000853 ) ) ;
#1474 = DIRECTION ( 'NONE',  ( 0.000000000000000000, 0.000000000000000000, 1.000000000000000000 ) ) ;
#1475 = CIRCLE ( 'NONE', #2243, 2.100000000000004530 ) ;
#1476 = DIRECTION ( 'NONE',  ( -0.000000000000000000, 1.000000000000000000, -0.000000000000000000 ) ) ;
#1477 = DIRECTION ( 'NONE',  ( 1.000000000000000000, 0.000000000000000000, 0.000000000000000000 ) ) ;
#1478 = EDGE_LOOP ( 'NONE', ( #4142, #1791 ) ) ;
#1479 = EDGE_LOOP ( 'NONE', ( #2709, #2062, #4598, #2367 ) ) ;
#1480 = AXIS2_PLACEMENT_3D ( 'NONE', #4502, #5284, #3669 ) ;
#1481 = DIRECTION ( 'NONE',  ( -0.000000000000000000, 1.000000000000000000, -0.000000000000000000 ) ) ;
#1482 = DIRECTION ( 'NONE',  ( 0.000000000000000000, 0.7071067811865500152, 0.7071067811865450192 ) ) ;
#1483 = AXIS2_PLACEMENT_3D ( 'NONE', #1184, #4452, #775 ) ;
#1484 = CIRCLE ( 'NONE', #2851, 2.100000000000004530 ) ;
#1485 = DIRECTION ( 'NONE',  ( 0.000000000000000000, 0.000000000000000000, 1.000000000000000000 ) ) ;
#1486 = ORIENTED_EDGE ( 'NONE', *, *, #4473, .T. ) ;
#1487 = EDGE_CURVE ( 'NONE', #94, #4662, #3985, .T. ) ;
#1488 = LOCAL_TIME ( 20, 3, 9.000000000000000000, #3767 ) ;
#1489 = CARTESIAN_POINT ( 'NONE',  ( 217.5735931288179756, 5.000000000000000000, -126.1207793864105042 ) ) ;
#1490 = EDGE_CURVE ( 'NONE', #20, #3229, #935, .T. ) ;
#1491 = CARTESIAN_POINT ( 'NONE',  ( -69.99999999999998579, -9.999999999999998224, 65.00000000000000000 ) ) ;
#1492 = ORIENTED_EDGE ( 'NONE', *, *, #1957, .T. ) ;
#1493 = CIRCLE ( 'NONE', #4144, 15.00000000000000000 ) ;
#1494 = ORIENTED_EDGE ( 'NONE', *, *, #4126, .T. ) ;
#1495 = FACE_OUTER_BOUND ( 'NONE', #197, .T. ) ;
#1496 = AXIS2_PLACEMENT_3D ( 'NONE', #462, #1680, #3748 ) ;
#1497 = CARTESIAN_POINT ( 'NONE',  ( 10.20000000000004370, 5.000000000000000000, 86.10000000000002274 ) ) ;
#1498 = ORIENTED_EDGE ( 'NONE', *, *, #2018, .F. ) ;
#1499 = EDGE_LOOP ( 'NONE', ( #1317, #4155, #3665, #288 ) ) ;
#1500 = CARTESIAN_POINT ( 'NONE',  ( -197.7746032555863565, 8.673617379884035472E-16, 199.4746032555820818 ) ) ;
#1501 = CARTESIAN_POINT ( 'NONE',  ( -20.85965004500278752, 5.000000000000000000, -232.4596500450027179 ) ) ;
#1502 = DIRECTION ( 'NONE',  ( 0.000000000000000000, 0.000000000000000000, 1.000000000000000000 ) ) ;
#1503 = EDGE_LOOP ( 'NONE', ( #3763, #2805, #868, #945 ) ) ;
#1504 = VERTEX_POINT ( 'NONE', #2635 ) ;
#1505 = CARTESIAN_POINT ( 'NONE',  ( -260.0000000000001705, 5.000000000000000000, 146.8629150101523635 ) ) ;
#1506 = CARTESIAN_POINT ( 'NONE',  ( 132.7207793864120333, 8.673617379884035472E-16, 217.5735931288195957 ) ) ;
#1507 = DIRECTION ( 'NONE',  ( -0.000000000000000000, 1.000000000000000000, -0.000000000000000000 ) ) ;
#1508 = ORIENTED_EDGE ( 'NONE', *, *, #1357, .T. ) ;
#1509 = CARTESIAN_POINT ( 'NONE',  ( -226.0588745030480027, 5.000000000000000000, 172.7903320081199467 ) ) ;
#1510 = CARTESIAN_POINT ( 'NONE',  ( 169.4903320081207880, 8.673617379884035472E-16, 224.3588745030474172 ) ) ;
#1511 = DIRECTION ( 'NONE',  ( 0.000000000000000000, 0.7071067811865500152, 0.7071067811865450192 ) ) ;
#1512 = EDGE_LOOP ( 'NONE', ( #5147, #3333, #724, #698 ) ) ;
#1513 = ORIENTED_EDGE ( 'NONE', *, *, #1404, .F. ) ;
#1514 = EDGE_CURVE ( 'NONE', #2937, #4329, #171, .T. ) ;
#1515 = CIRCLE ( 'NONE', #4517, 1.649999999999998579 ) ;
#1516 = CARTESIAN_POINT ( 'NONE',  ( -100.0000000000002274, 5.000000000000000000, 58.34999999999977405 ) ) ;
#1517 = CYLINDRICAL_SURFACE ( 'NONE', #4863, 2.100000000000004530 ) ;
#1518 = VERTEX_POINT ( 'NONE', #4278 ) ;
#1519 = ORIENTED_EDGE ( 'NONE', *, *, #2340, .F. ) ;
#1520 = ADVANCED_FACE ( 'NONE', ( #606 ), #2236, .F. ) ;
#1521 = CIRCLE ( 'NONE', #2206, 1.649999999999998579 ) ;
#1522 = LINE ( 'NONE', #3991, #3499 ) ;
#1523 = CARTESIAN_POINT ( 'NONE',  ( -132.7207793864129712, 5.000000000000000000, 214.2735931288193285 ) ) ;
#1524 = CARTESIAN_POINT ( 'NONE',  ( -69.99999999999998579, -9.999999999999998224, 80.00000000000000000 ) ) ;
#1525 = CIRCLE ( 'NONE', #1866, 2.999999999999995559 ) ;
#1526 = ADVANCED_FACE ( 'NONE', ( #3532 ), #3479, .F. ) ;
#1527 = ORIENTED_EDGE ( 'NONE', *, *, #3359, .T. ) ;
#1528 = VERTEX_POINT ( 'NONE', #635 ) ;
#1529 = CARTESIAN_POINT ( 'NONE',  ( 70.00000000000000000, 0.000000000000000000, 65.00000000000000000 ) ) ;
#1530 = EDGE_CURVE ( 'NONE', #3464, #3605, #2266, .T. ) ;
#1531 = DIRECTION ( 'NONE',  ( -0.000000000000000000, 1.000000000000000000, -0.000000000000000000 ) ) ;
#1532 = ADVANCED_FACE ( 'NONE', ( #4335 ), #4448, .F. ) ;
#1533 = LINE ( 'NONE', #1084, #71 ) ;
#1534 = AXIS2_PLACEMENT_3D ( 'NONE', #4979, #3851, #4626 ) ;
#1535 = ORIENTED_EDGE ( 'NONE', *, *, #4776, .T. ) ;
#1536 = CARTESIAN_POINT ( 'NONE',  ( -226.0588745030460132, 3.399999999999998579, -167.7903320081223910 ) ) ;
#1537 = DIRECTION ( 'NONE',  ( -0.000000000000000000, 1.000000000000000000, -0.000000000000000000 ) ) ;
#1538 = AXIS2_PLACEMENT_3D ( 'NONE', #5111, #1433, #4308 ) ;
#1539 = DIRECTION ( 'NONE',  ( -0.000000000000000000, 1.000000000000000000, 0.000000000000000000 ) ) ;
#1540 = ORIENTED_EDGE ( 'NONE', *, *, #4678, .T. ) ;
#1541 = AXIS2_PLACEMENT_3D ( 'NONE', #2440, #2038, #748 ) ;
#1542 = DIRECTION ( 'NONE',  ( 0.000000000000000000, 0.000000000000000000, 1.000000000000000000 ) ) ;
#1543 = FACE_OUTER_BOUND ( 'NONE', #921, .T. ) ;
#1544 = CC_DESIGN_PERSON_AND_ORGANIZATION_ASSIGNMENT ( #1155, #4832, ( #797 ) ) ;
#1545 = AXIS2_PLACEMENT_3D ( 'NONE', #4610, #940, #83 ) ;
#1546 = EDGE_LOOP ( 'NONE', ( #4941, #3228 ) ) ;
#1547 = EDGE_LOOP ( 'NONE', ( #4173, #5229, #487, #1336 ) ) ;
#1548 = DIRECTION ( 'NONE',  ( 0.000000000000000000, 0.000000000000000000, 1.000000000000000000 ) ) ;
#1549 = CIRCLE ( 'NONE', #4380, 3.299999999999997158 ) ;
#1550 = DIRECTION ( 'NONE',  ( -0.000000000000000000, 1.000000000000000000, -0.000000000000000000 ) ) ;
#1551 = DIRECTION ( 'NONE',  ( -0.000000000000000000, 1.000000000000000000, -0.000000000000000000 ) ) ;
#1552 = EDGE_CURVE ( 'NONE', #4205, #5292, #337, .T. ) ;
#1553 = PERSON_AND_ORGANIZATION_ROLE ( 'creator' ) ;
#1554 = CIRCLE ( 'NONE', #1217, 3.299999999999997158 ) ;
#1555 = ORIENTED_EDGE ( 'NONE', *, *, #3065, .F. ) ;
#1556 = DIRECTION ( 'NONE',  ( -0.000000000000000000, 1.000000000000000000, -0.000000000000000000 ) ) ;
#1557 = VECTOR ( 'NONE', #439, 1000.000000000000000 ) ;
#1558 = DIRECTION ( 'NONE',  ( 0.000000000000000000, 0.000000000000000000, 1.000000000000000000 ) ) ;
#1559 = FACE_OUTER_BOUND ( 'NONE', #2471, .T. ) ;
#1560 = CARTESIAN_POINT ( 'NONE',  ( 10.20000000000004370, 0.000000000000000000, 84.00000000000001421 ) ) ;
#1561 = AXIS2_PLACEMENT_3D ( 'NONE', #1953, #5233, #2404 ) ;
#1562 = ORIENTED_EDGE ( 'NONE', *, *, #340, .T. ) ;
#1563 = EDGE_CURVE ( 'NONE', #2513, #2468, #2912, .T. ) ;
#1564 = CARTESIAN_POINT ( 'NONE',  ( -30.19999999999994955, 5.000000000000000000, 111.9999999999999858 ) ) ;
#1565 = FACE_OUTER_BOUND ( 'NONE', #5107, .T. ) ;
#1566 = DIRECTION ( 'NONE',  ( 0.000000000000000000, 0.000000000000000000, 1.000000000000000000 ) ) ;
#1567 = ORIENTED_EDGE ( 'NONE', *, *, #4964, .T. ) ;
#1568 = AXIS2_PLACEMENT_3D ( 'NONE', #1423, #3061, #2334 ) ;
#1569 = CONICAL_SURFACE ( 'NONE', #3715, 6.599999999999994316, 0.7853981633974480570 ) ;
#1570 = FACE_BOUND ( 'NONE', #3744, .T. ) ;
#1571 = CARTESIAN_POINT ( 'NONE',  ( -197.7746032555837985, 8.673617379884035472E-16, -197.7746032555839122 ) ) ;
#1572 = LINE ( 'NONE', #1795, #2921 ) ;
#1573 = AXIS2_PLACEMENT_3D ( 'NONE', #55, #4445, #1657 ) ;
#1574 = ORIENTED_EDGE ( 'NONE', *, *, #1392, .F. ) ;
#1575 = ORIENTED_EDGE ( 'NONE', *, *, #968, .T. ) ;
#1576 = CARTESIAN_POINT ( 'NONE',  ( 60.00000000000013500, 5.000000000000000000, 3.300000000001607425 ) ) ;
#1577 = CIRCLE ( 'NONE', #131, 2.100000000000004530 ) ;
#1578 = FACE_OUTER_BOUND ( 'NONE', #979, .T. ) ;
#1579 = DIRECTION ( 'NONE',  ( 0.000000000000000000, 0.000000000000000000, 1.000000000000000000 ) ) ;
#1580 = ORIENTED_EDGE ( 'NONE', *, *, #3818, .F. ) ;
#1581 = ADVANCED_FACE ( 'NONE', ( #4111 ), #3428, .F. ) ;
#1582 = CYLINDRICAL_SURFACE ( 'NONE', #455, 3.299999999999997158 ) ;
#1583 = CYLINDRICAL_SURFACE ( 'NONE', #4624, 1.649999999999998579 ) ;
#1584 = DIRECTION ( 'NONE',  ( -0.000000000000000000, 1.000000000000000000, -0.000000000000000000 ) ) ;
#1585 = DIRECTION ( 'NONE',  ( -0.000000000000000000, 1.000000000000000000, -0.000000000000000000 ) ) ;
#1586 = ORIENTED_EDGE ( 'NONE', *, *, #5203, .T. ) ;
#1587 = FACE_OUTER_BOUND ( 'NONE', #4441, .T. ) ;
#1588 = CARTESIAN_POINT ( 'NONE',  ( -226.0588745030480027, 3.399999999999998579, 171.1903320081199524 ) ) ;
#1589 = FACE_OUTER_BOUND ( 'NONE', #4761, .T. ) ;
#1590 = EDGE_CURVE ( 'NONE', #3618, #1809, #421, .T. ) ;
#1591 = EDGE_LOOP ( 'NONE', ( #367, #251 ) ) ;
#1592 = FACE_BOUND ( 'NONE', #5231, .T. ) ;
#1593 = CYLINDRICAL_SURFACE ( 'NONE', #4781, 1.700000000000007061 ) ;
#1594 = DIRECTION ( 'NONE',  ( -0.000000000000000000, 1.000000000000000000, -0.000000000000000000 ) ) ;
#1595 = ORIENTED_EDGE ( 'NONE', *, *, #177, .T. ) ;
#1596 = ORIENTED_EDGE ( 'NONE', *, *, #1240, .T. ) ;
#1597 = CARTESIAN_POINT ( 'NONE',  ( -20.85965004500278752, -19.00000000000000000, -229.2596500450027293 ) ) ;
#1598 = EDGE_CURVE ( 'NONE', #4343, #5292, #3085, .T. ) ;
#1599 = CARTESIAN_POINT ( 'NONE',  ( -10.19999999999995310, 0.000000000000000000, 114.1000000000000085 ) ) ;
#1600 = DIRECTION ( 'NONE',  ( 0.000000000000000000, 0.000000000000000000, -1.000000000000000000 ) ) ;
#1601 = VECTOR ( 'NONE', #3137, 1000.000000000000000 ) ;
#1602 = AXIS2_PLACEMENT_3D ( 'NONE', #3501, #2344, #1058 ) ;
#1603 = EDGE_LOOP ( 'NONE', ( #568, #2335 ) ) ;
#1604 = VECTOR ( 'NONE', #1045, 1000.000000000000000 ) ;
#1605 = DIRECTION ( 'NONE',  ( 0.000000000000000000, 0.000000000000000000, 1.000000000000000000 ) ) ;
#1606 = DIRECTION ( 'NONE',  ( 0.000000000000000000, 0.000000000000000000, 1.000000000000000000 ) ) ;
#1607 = DIRECTION ( 'NONE',  ( 0.000000000000000000, 0.000000000000000000, 1.000000000000000000 ) ) ;
#1608 = ADVANCED_FACE ( 'NONE', ( #5275 ), #4460, .F. ) ;
#1609 = ORIENTED_EDGE ( 'NONE', *, *, #812, .F. ) ;
#1610 = CARTESIAN_POINT ( 'NONE',  ( 99.99999999999978684, 5.000000000000000000, 59.99999999999977263 ) ) ;
#1611 = VERTEX_POINT ( 'NONE', #2774 ) ;
#1612 = DIRECTION ( 'NONE',  ( 0.000000000000000000, 0.000000000000000000, 1.000000000000000000 ) ) ;
#1613 = CYLINDRICAL_SURFACE ( 'NONE', #633, 1.700000000000007061 ) ;
#1614 = CARTESIAN_POINT ( 'NONE',  ( -226.0588745030480027, 5.000000000000000000, 169.4903320081199354 ) ) ;
#1615 = ADVANCED_FACE ( 'NONE', ( #1220 ), #3340, .F. ) ;
#1616 = VERTEX_POINT ( 'NONE', #1166 ) ;
#1617 = ORIENTED_EDGE ( 'NONE', *, *, #1274, .F. ) ;
#1618 = AXIS2_PLACEMENT_3D ( 'NONE', #1614, #4895, #3712 ) ;
#1619 = FACE_BOUND ( 'NONE', #1110, .T. ) ;
#1620 = DIRECTION ( 'NONE',  ( 0.000000000000000000, 0.000000000000000000, 1.000000000000000000 ) ) ;
#1621 = DIRECTION ( 'NONE',  ( 0.000000000000000000, 0.000000000000000000, 1.000000000000000000 ) ) ;
#1622 = ORIENTED_EDGE ( 'NONE', *, *, #1842, .T. ) ;
#1623 = ORIENTED_EDGE ( 'NONE', *, *, #1530, .F. ) ;
#1624 = CIRCLE ( 'NONE', #2310, 1.649999999999998579 ) ;
#1625 = DIRECTION ( 'NONE',  ( 0.000000000000000000, 0.7071067811865500152, 0.7071067811865450192 ) ) ;
#1626 = ADVANCED_FACE ( 'NONE', ( #2020 ), #2881, .F. ) ;
#1627 = DIRECTION ( 'NONE',  ( -0.000000000000000000, 1.000000000000000000, -0.000000000000000000 ) ) ;
#1628 = AXIS2_PLACEMENT_3D ( 'NONE', #2053, #789, #2428 ) ;
#1629 = CARTESIAN_POINT ( 'NONE',  ( 83.00000000000001421, 0.000000000000000000, 31.89999999999999858 ) ) ;
#1630 = APPROVAL_ROLE ( '' ) ;
#1631 = ORIENTED_EDGE ( 'NONE', *, *, #4704, .T. ) ;
#1632 = CARTESIAN_POINT ( 'NONE',  ( 60.00000000000013500, 5.000000000000000000, 6.600000000001604583 ) ) ;
#1633 = CIRCLE ( 'NONE', #4127, 3.299999999999997158 ) ;
#1634 = CARTESIAN_POINT ( 'NONE',  ( -226.0588745030480027, 3.399999999999998579, 169.4903320081199354 ) ) ;
#1635 = CYLINDRICAL_SURFACE ( 'NONE', #5189, 3.299999999999997158 ) ;
#1636 = EDGE_LOOP ( 'NONE', ( #3933, #5171, #3366, #1833 ) ) ;
#1637 = CARTESIAN_POINT ( 'NONE',  ( 30.20000000000004547, 0.000000000000000000, 111.9999999999999716 ) ) ;
#1638 = EDGE_LOOP ( 'NONE', ( #4251, #1411 ) ) ;
#1639 = CONICAL_SURFACE ( 'NONE', #5066, 3.299999999999997158, 0.7853981633974447263 ) ;
#1640 = FACE_OUTER_BOUND ( 'NONE', #3638, .T. ) ;
#1641 = DIRECTION ( 'NONE',  ( -0.000000000000000000, 1.000000000000000000, -0.000000000000000000 ) ) ;
#1642 = LINE ( 'NONE', #2393, #3593 ) ;
#1643 = AXIS2_PLACEMENT_3D ( 'NONE', #81, #564, #164 ) ;
#1644 = ORIENTED_EDGE ( 'NONE', *, *, #3587, .F. ) ;
#1645 = ORIENTED_EDGE ( 'NONE', *, *, #3391, .T. ) ;
#1646 = CIRCLE ( 'NONE', #1480, 2.099999999999990763 ) ;
#1647 = EDGE_CURVE ( 'NONE', #4362, #4692, #5313, .T. ) ;
#1648 = PLANE ( 'NONE',  #1395 ) ;
#1649 = CARTESIAN_POINT ( 'NONE',  ( 169.4903320081207880, 3.399999999999998579, 226.0588745030474342 ) ) ;
#1650 = CARTESIAN_POINT ( 'NONE',  ( 169.4903320081231470, 5.000000000000000000, -226.0588745030453879 ) ) ;
#1651 = ORIENTED_EDGE ( 'NONE', *, *, #1372, .F. ) ;
#1652 = LOCAL_TIME ( 20, 3, 9.000000000000000000, #2253 ) ;
#1653 = ORIENTED_EDGE ( 'NONE', *, *, #3979, .T. ) ;
#1654 = CARTESIAN_POINT ( 'NONE',  ( 132.7207793864142786, 5.000000000000000000, -217.5735931288150766 ) ) ;
#1655 = CARTESIAN_POINT ( 'NONE',  ( -23.49999999999970157, 5.000000000000000000, -23.50000000000038014 ) ) ;
#1656 = VECTOR ( 'NONE', #3930, 1000.000000000000000 ) ;
#1657 = DIRECTION ( 'NONE',  ( 0.000000000000000000, 0.000000000000000000, 1.000000000000000000 ) ) ;
#1658 = EDGE_CURVE ( 'NONE', #4149, #5007, #1642, .T. ) ;
#1659 = EDGE_LOOP ( 'NONE', ( #1631, #1329 ) ) ;
#1660 = AXIS2_PLACEMENT_3D ( 'NONE', #2382, #3545, #1579 ) ;
#1661 = DIRECTION ( 'NONE',  ( 0.000000000000000000, 0.000000000000000000, 1.000000000000000000 ) ) ;
#1662 = CARTESIAN_POINT ( 'NONE',  ( -83.00000000000001421, 0.000000000000000000, 34.00000000000000000 ) ) ;
#1663 = DIRECTION ( 'NONE',  ( -0.000000000000000000, 1.000000000000000000, -0.000000000000000000 ) ) ;
#1664 = ORIENTED_EDGE ( 'NONE', *, *, #5150, .F. ) ;
#1665 = DIRECTION ( 'NONE',  ( 0.7071067811865513475, 0.000000000000000000, -0.7071067811865436870 ) ) ;
#1666 = ORIENTED_EDGE ( 'NONE', *, *, #3743, .F. ) ;
#1667 = ADVANCED_FACE ( 'NONE', ( #1589 ), #841, .F. ) ;
#1668 = FACE_OUTER_BOUND ( 'NONE', #4800, .T. ) ;
#1669 = DIRECTION ( 'NONE',  ( 0.000000000000000000, 0.000000000000000000, 1.000000000000000000 ) ) ;
#1670 = VERTEX_POINT ( 'NONE', #782 ) ;
#1671 = EDGE_LOOP ( 'NONE', ( #607, #3201 ) ) ;
#1672 = DIRECTION ( 'NONE',  ( -0.000000000000000000, 1.000000000000000000, 0.000000000000000000 ) ) ;
#1673 = CARTESIAN_POINT ( 'NONE',  ( -100.0000000000002274, 5.000000000000000000, 59.99999999999977263 ) ) ;
#1674 = LINE ( 'NONE', #2887, #183 ) ;
#1675 = EDGE_LOOP ( 'NONE', ( #2963, #1003, #1198, #3776 ) ) ;
#1676 = EDGE_CURVE ( 'NONE', #1790, #4876, #2474, .T. ) ;
#1677 = ORIENTED_EDGE ( 'NONE', *, *, #3253, .T. ) ;
#1678 = CARTESIAN_POINT ( 'NONE',  ( 99.99999999999978684, 0.000000000000000000, 59.99999999999977263 ) ) ;
#1679 = CARTESIAN_POINT ( 'NONE',  ( -260.0000000000001705, 5.000000000000000000, 146.8629150101523635 ) ) ;
#1680 = DIRECTION ( 'NONE',  ( 0.000000000000000000, 1.000000000000000000, 0.000000000000000000 ) ) ;
#1681 = ADVANCED_FACE ( 'NONE', ( #1140 ), #4062, .F. ) ;
#1682 = EDGE_LOOP ( 'NONE', ( #4637, #1052, #3679, #5286 ) ) ;
#1683 = AXIS2_PLACEMENT_3D ( 'NONE', #1678, #904, #4982 ) ;
#1684 = LINE ( 'NONE', #2840, #1901 ) ;
#1685 = AXIS2_PLACEMENT_3D ( 'NONE', #761, #2453, #1620 ) ;
#1686 = CARTESIAN_POINT ( 'NONE',  ( -100.0000000000000000, 5.000000000000000000, -192.5999999999999943 ) ) ;
#1687 = DIRECTION ( 'NONE',  ( 0.000000000000000000, 0.000000000000000000, 1.000000000000000000 ) ) ;
#1688 = EDGE_LOOP ( 'NONE', ( #1889, #4377, #2883, #1355 ) ) ;
#1689 = DIRECTION ( 'NONE',  ( 0.000000000000000000, 0.000000000000000000, 1.000000000000000000 ) ) ;
#1690 = AXIS2_PLACEMENT_3D ( 'NONE', #5000, #3365, #1325 ) ;
#1691 = ORIENTED_EDGE ( 'NONE', *, *, #665, .T. ) ;
#1692 = CARTESIAN_POINT ( 'NONE',  ( 226.0588745030468374, 5.000000000000000000, -169.4903320081214702 ) ) ;
#1693 = ADVANCED_FACE ( 'NONE', ( #5299 ), #1455, .F. ) ;
#1694 = DIRECTION ( 'NONE',  ( 0.000000000000000000, 0.000000000000000000, 1.000000000000000000 ) ) ;
#1695 = VECTOR ( 'NONE', #1174, 1000.000000000000000 ) ;
#1696 = EDGE_LOOP ( 'NONE', ( #2105, #3550 ) ) ;
#1697 = ORIENTED_EDGE ( 'NONE', *, *, #109, .T. ) ;
#1698 = CARTESIAN_POINT ( 'NONE',  ( 169.4903320081231470, 3.399999999999998579, -226.0588745030453879 ) ) ;
#1699 = CARTESIAN_POINT ( 'NONE',  ( -226.0588745030460132, 8.673617379884035472E-16, -169.4903320081223796 ) ) ;
#1700 = EDGE_LOOP ( 'NONE', ( #2478, #5119 ) ) ;
#1701 = EDGE_LOOP ( 'NONE', ( #586, #3869 ) ) ;
#1702 = CARTESIAN_POINT ( 'NONE',  ( -30.19999999999995310, 5.000000000000000000, 84.00000000000001421 ) ) ;
#1703 = AXIS2_PLACEMENT_3D ( 'NONE', #1699, #97, #2211 ) ;
#1705 = EDGE_CURVE ( 'NONE', #2282, #685, #2996, .T. ) ;
#1704 = CARTESIAN_POINT ( 'NONE',  ( 217.5735931288179756, 5.000000000000000000, -132.7207793864104985 ) ) ;
#1706 = DIRECTION ( 'NONE',  ( 0.000000000000000000, 0.000000000000000000, 1.000000000000000000 ) ) ;
#1707 = VECTOR ( 'NONE', #550, 1000.000000000000000 ) ;
#1708 = EDGE_LOOP ( 'NONE', ( #3561, #3039, #1745, #3825 ) ) ;
#1709 = EDGE_CURVE ( 'NONE', #685, #2282, #4022, .T. ) ;
#1710 = CARTESIAN_POINT ( 'NONE',  ( -100.0000000000002274, 5.000000000000000000, 119.9999999999997726 ) ) ;
#1711 = EDGE_CURVE ( 'NONE', #3236, #2980, #4141, .T. ) ;
#1712 = LINE ( 'NONE', #2093, #524 ) ;
#1713 = CARTESIAN_POINT ( 'NONE',  ( 10.20000000000004370, 0.000000000000000000, 112.0000000000000000 ) ) ;
#1714 = VECTOR ( 'NONE', #847, 1000.000000000000000 ) ;
#1715 = EDGE_LOOP ( 'NONE', ( #2844, #1519, #1036, #4456 ) ) ;
#1716 = DIRECTION ( 'NONE',  ( -0.000000000000000000, 1.000000000000000000, -0.000000000000000000 ) ) ;
#1717 = ORIENTED_EDGE ( 'NONE', *, *, #1877, .F. ) ;
#1718 = DIRECTION ( 'NONE',  ( -0.000000000000000000, 1.000000000000000000, -0.000000000000000000 ) ) ;
#1719 = CIRCLE ( 'NONE', #1124, 3.299999999999997158 ) ;
#1720 = DIRECTION ( 'NONE',  ( 0.000000000000000000, 0.000000000000000000, 1.000000000000000000 ) ) ;
#1721 = ADVANCED_FACE ( 'NONE', ( #1296 ), #854, .F. ) ;
#1722 = ORIENTED_EDGE ( 'NONE', *, *, #5304, .T. ) ;
#1723 = VECTOR ( 'NONE', #747, 1000.000000000000000 ) ;
#1724 = ORIENTED_EDGE ( 'NONE', *, *, #2452, .T. ) ;
#1725 = CARTESIAN_POINT ( 'NONE',  ( 197.7746032555828322, 3.399999999999998579, 199.4746032555856914 ) ) ;
#1726 = VECTOR ( 'NONE', #3863, 999.9999999999998863 ) ;
#1727 = CARTESIAN_POINT ( 'NONE',  ( -20.85965004500278752, -19.00000000000000000, -230.8596500450027236 ) ) ;
#1728 = ORIENTED_EDGE ( 'NONE', *, *, #3847, .F. ) ;
#1729 = ORIENTED_EDGE ( 'NONE', *, *, #1324, .T. ) ;
#1730 = DIRECTION ( 'NONE',  ( 0.000000000000000000, 0.000000000000000000, 1.000000000000000000 ) ) ;
#1731 = VECTOR ( 'NONE', #3568, 999.9999999999998863 ) ;
#1732 = ADVANCED_FACE ( 'NONE', ( #1375 ), #895, .F. ) ;
#1733 = CARTESIAN_POINT ( 'NONE',  ( -169.4903320081222944, 8.673617379884035472E-16, -227.7588745030462860 ) ) ;
#1734 = FACE_BOUND ( 'NONE', #3303, .T. ) ;
#1735 = CIRCLE ( 'NONE', #791, 3.299999999999997158 ) ;
#1736 = VECTOR ( 'NONE', #4657, 999.9999999999998863 ) ;
#1737 = EDGE_LOOP ( 'NONE', ( #2549, #1442, #4668, #808 ) ) ;
#1738 = ORIENTED_EDGE ( 'NONE', *, *, #4945, .T. ) ;
#1739 = VECTOR ( 'NONE', #4306, 1000.000000000000000 ) ;
#1740 = CARTESIAN_POINT ( 'NONE',  ( -217.5735931288175493, 5.000000000000000000, -132.7207793864115217 ) ) ;
#1741 = FACE_OUTER_BOUND ( 'NONE', #5148, .T. ) ;
#1742 = CARTESIAN_POINT ( 'NONE',  ( -169.4903320081246818, 5.000000000000000000, 226.0588745030442510 ) ) ;
#1743 = CARTESIAN_POINT ( 'NONE',  ( 226.0588745030448763, 5.000000000000000000, 166.1903320081239031 ) ) ;
#1744 = CIRCLE ( 'NONE', #1496, 1.599999999999962563 ) ;
#1745 = ORIENTED_EDGE ( 'NONE', *, *, #5265, .T. ) ;
#1746 = DIRECTION ( 'NONE',  ( 0.000000000000000000, 0.000000000000000000, 1.000000000000000000 ) ) ;
#1747 = ADVANCED_FACE ( 'NONE', ( #2183 ), #2099, .F. ) ;
#1748 = ORIENTED_EDGE ( 'NONE', *, *, #4040, .F. ) ;
#1749 = FACE_OUTER_BOUND ( 'NONE', #1267, .T. ) ;
#1750 = CIRCLE ( 'NONE', #4312, 1.649999999999998579 ) ;
#1751 = DIRECTION ( 'NONE',  ( -0.000000000000000000, 1.000000000000000000, -0.000000000000000000 ) ) ;
#1752 = ADVANCED_FACE ( 'NONE', ( #92 ), #2935, .F. ) ;
#1753 = LINE ( 'NONE', #3394, #4266 ) ;
#1754 = VERTEX_POINT ( 'NONE', #5024 ) ;
#1755 = FACE_OUTER_BOUND ( 'NONE', #3757, .T. ) ;
#1756 = EDGE_CURVE ( 'NONE', #293, #80, #3516, .T. ) ;
#1757 = DIRECTION ( 'NONE',  ( 0.000000000000000000, 0.000000000000000000, 1.000000000000000000 ) ) ;
#1758 = ORIENTED_EDGE ( 'NONE', *, *, #2764, .T. ) ;
#1759 = ORIENTED_EDGE ( 'NONE', *, *, #4255, .F. ) ;
#1760 = DIRECTION ( 'NONE',  ( 0.000000000000000000, 0.000000000000000000, 1.000000000000000000 ) ) ;
#1761 = DIRECTION ( 'NONE',  ( -0.000000000000000000, 1.000000000000000000, -0.000000000000000000 ) ) ;
#1762 = ADVANCED_FACE ( 'NONE', ( #2605 ), #124, .F. ) ;
#1763 = FACE_BOUND ( 'NONE', #1591, .T. ) ;
#1764 = EDGE_CURVE ( 'NONE', #972, #176, #4539, .T. ) ;
#1765 = ORIENTED_EDGE ( 'NONE', *, *, #2897, .F. ) ;
#1766 = ADVANCED_FACE ( 'NONE', ( #3760 ), #1323, .F. ) ;
#1767 = VERTEX_POINT ( 'NONE', #2961 ) ;
#1768 = DIRECTION ( 'NONE',  ( -0.000000000000000000, 1.000000000000000000, -0.000000000000000000 ) ) ;
#1769 = CARTESIAN_POINT ( 'NONE',  ( 30.20000000000004192, 5.000000000000000000, 84.00000000000000000 ) ) ;
#1770 = DIRECTION ( 'NONE',  ( 0.000000000000000000, 1.000000000000000000, 0.000000000000000000 ) ) ;
#1771 = DIRECTION ( 'NONE',  ( -0.000000000000000000, 1.000000000000000000, -0.000000000000000000 ) ) ;
#1772 = ORIENTED_EDGE ( 'NONE', *, *, #1930, .F. ) ;
#1773 = ORIENTED_EDGE ( 'NONE', *, *, #4223, .T. ) ;
#1774 = CARTESIAN_POINT ( 'NONE',  ( -226.0588745030460132, 5.000000000000000000, -167.7903320081223910 ) ) ;
#1775 = ADVANCED_FACE ( 'NONE', ( #3392 ), #4590, .F. ) ;
#1776 = DIRECTION ( 'NONE',  ( 0.000000000000000000, 0.000000000000000000, 1.000000000000000000 ) ) ;
#1777 = AXIS2_PLACEMENT_3D ( 'NONE', #236, #2375, #4340 ) ;
#1778 = CIRCLE ( 'NONE', #2461, 3.299999999999997158 ) ;
#1779 = ORIENTED_EDGE ( 'NONE', *, *, #3613, .T. ) ;
#1780 = ORIENTED_EDGE ( 'NONE', *, *, #2135, .T. ) ;
#1781 = CYLINDRICAL_SURFACE ( 'NONE', #4048, 3.299999999999997158 ) ;
#1782 = CIRCLE ( 'NONE', #4526, 1.700000000000007061 ) ;
#1783 = ADVANCED_FACE ( 'NONE', ( #1346 ), #918, .F. ) ;
#1784 = CARTESIAN_POINT ( 'NONE',  ( 132.7207793864120333, 1.700000000000001066, 217.5735931288195957 ) ) ;
#1785 = EDGE_LOOP ( 'NONE', ( #1759, #1555, #3389, #1354 ) ) ;
#1786 = EDGE_LOOP ( 'NONE', ( #2951, #2383, #3786, #861 ) ) ;
#1787 = DIRECTION ( 'NONE',  ( 0.000000000000000000, 0.000000000000000000, 1.000000000000000000 ) ) ;
#1788 = CARTESIAN_POINT ( 'NONE',  ( 30.20000000000004547, 0.000000000000000000, 109.8999999999999631 ) ) ;
#1789 = FACE_BOUND ( 'NONE', #2238, .T. ) ;
#1790 = VERTEX_POINT ( 'NONE', #173 ) ;
#1791 = ORIENTED_EDGE ( 'NONE', *, *, #1898, .F. ) ;
#1792 = EDGE_CURVE ( 'NONE', #2511, #4454, #978, .T. ) ;
#1793 = CARTESIAN_POINT ( 'NONE',  ( -30.19999999999994955, 5.000000000000000000, 111.9999999999999858 ) ) ;
#1794 = LINE ( 'NONE', #3836, #977 ) ;
#1795 = CARTESIAN_POINT ( 'NONE',  ( -197.7746032555837985, 5.000000000000000000, -194.4746032555839008 ) ) ;
#1796 = DIRECTION ( 'NONE',  ( 0.000000000000000000, 0.000000000000000000, 1.000000000000000000 ) ) ;
#1797 = ORIENTED_EDGE ( 'NONE', *, *, #756, .T. ) ;
#1798 = AXIS2_PLACEMENT_3D ( 'NONE', #1241, #2411, #3646 ) ;
#1799 = ORIENTED_EDGE ( 'NONE', *, *, #2900, .T. ) ;
#1800 = CARTESIAN_POINT ( 'NONE',  ( 226.0588745030468374, 8.673617379884035472E-16, -169.4903320081214702 ) ) ;
#1801 = AXIS2_PLACEMENT_3D ( 'NONE', #1662, #3306, #3385 ) ;
#1802 = DIRECTION ( 'NONE',  ( 1.889896820699097294E-16, 0.000000000000000000, 1.000000000000000000 ) ) ;
#1803 = EDGE_LOOP ( 'NONE', ( #1393, #4824, #2792, #4008 ) ) ;
#1804 = ORIENTED_EDGE ( 'NONE', *, *, #3582, .F. ) ;
#1805 = FACE_OUTER_BOUND ( 'NONE', #2972, .T. ) ;
#1806 = CARTESIAN_POINT ( 'NONE',  ( 70.00000000000000000, -9.999999999999998224, 95.00000000000000000 ) ) ;
#1807 = VECTOR ( 'NONE', #5021, 1000.000000000000000 ) ;
#1808 = VERTEX_POINT ( 'NONE', #4946 ) ;
#1809 = VERTEX_POINT ( 'NONE', #1270 ) ;
#1810 = CARTESIAN_POINT ( 'NONE',  ( 83.00000000000001421, 5.000000000000000000, 36.10000000000000853 ) ) ;
#1811 = EDGE_CURVE ( 'NONE', #413, #5012, #3736, .T. ) ;
#1812 = CARTESIAN_POINT ( 'NONE',  ( -226.0588745030480027, 8.673617379884035472E-16, 169.4903320081199354 ) ) ;
#1813 = CIRCLE ( 'NONE', #4733, 1.649999999999998579 ) ;
#1814 = CARTESIAN_POINT ( 'NONE',  ( -226.0588745030480027, 8.673617379884035472E-16, 169.4903320081199354 ) ) ;
#1815 = FACE_BOUND ( 'NONE', #383, .T. ) ;
#1816 = EDGE_LOOP ( 'NONE', ( #2095, #228, #1494, #3784 ) ) ;
#1817 = AXIS2_PLACEMENT_3D ( 'NONE', #2537, #2948, #4580 ) ;
#1818 = ORIENTED_EDGE ( 'NONE', *, *, #829, .F. ) ;
#1819 = LINE ( 'NONE', #4264, #4556 ) ;
#1820 = AXIS2_PLACEMENT_3D ( 'NONE', #3562, #2324, #4797 ) ;
#1821 = DIRECTION ( 'NONE',  ( -0.000000000000000000, 1.000000000000000000, -0.000000000000000000 ) ) ;
#1822 = EDGE_CURVE ( 'NONE', #2937, #4367, #2149, .T. ) ;
#1823 = FACE_OUTER_BOUND ( 'NONE', #1425, .T. ) ;
#1824 = ORIENTED_EDGE ( 'NONE', *, *, #2407, .T. ) ;
#1825 = APPROVAL_PERSON_ORGANIZATION ( #3493, #1939, #4725 ) ;
#1826 = AXIS2_PLACEMENT_3D ( 'NONE', #336, #3252, #811 ) ;
#1827 = VERTEX_POINT ( 'NONE', #4543 ) ;
#1828 = CARTESIAN_POINT ( 'NONE',  ( 99.99999999999978684, 5.000000000000000000, 61.64999999999977121 ) ) ;
#1829 = AXIS2_PLACEMENT_3D ( 'NONE', #5235, #1551, #3191 ) ;
#1830 = CARTESIAN_POINT ( 'NONE',  ( 60.00000000000013500, 5.000000000000000000, -6.599999999998384936 ) ) ;
#1831 = EDGE_CURVE ( 'NONE', #2373, #1885, #2392, .T. ) ;
#1832 = CARTESIAN_POINT ( 'NONE',  ( 99.99999999999978684, 0.000000000000000000, 61.64999999999977121 ) ) ;
#1833 = ORIENTED_EDGE ( 'NONE', *, *, #1975, .T. ) ;
#1834 = CIRCLE ( 'NONE', #3470, 3.000000000000002665 ) ;
#1835 = CARTESIAN_POINT ( 'NONE',  ( -226.0588745030460132, 5.000000000000000000, -166.1903320081223967 ) ) ;
#1836 = CARTESIAN_POINT ( 'NONE',  ( 197.7746032555807858, 3.399999999999998579, -197.7746032555809848 ) ) ;
#1837 = ORIENTED_EDGE ( 'NONE', *, *, #3688, .F. ) ;
#1838 = EDGE_LOOP ( 'NONE', ( #4841, #4172, #346, #2255 ) ) ;
#1839 = DIRECTION ( 'NONE',  ( -0.000000000000000000, 1.000000000000000000, -0.000000000000000000 ) ) ;
#1840 = DIRECTION ( 'NONE',  ( -0.000000000000000000, 1.000000000000000000, -0.000000000000000000 ) ) ;
#1841 = DIRECTION ( 'NONE',  ( 0.000000000000000000, 0.000000000000000000, 1.000000000000000000 ) ) ;
#1842 = EDGE_CURVE ( 'NONE', #1448, #3639, #3978, .T. ) ;
#1843 = EDGE_LOOP ( 'NONE', ( #144, #595, #2823, #518 ) ) ;
#1844 = VERTEX_POINT ( 'NONE', #2657 ) ;
#1845 = CARTESIAN_POINT ( 'NONE',  ( -217.5735931288175493, 1.700000000000001066, -132.7207793864115217 ) ) ;
#1846 = CARTESIAN_POINT ( 'NONE',  ( -217.5735931288143661, 5.000000000000000000, 139.3207793864129087 ) ) ;
#1847 = ADVANCED_FACE ( 'NONE', ( #1406 ), #598, .F. ) ;
#1848 = DIRECTION ( 'NONE',  ( -0.000000000000000000, 1.000000000000000000, -0.000000000000000000 ) ) ;
#1849 = LINE ( 'NONE', #623, #2656 ) ;
#1850 = DATE_TIME_ROLE ( 'creation_date' ) ;
#1851 = ORIENTED_EDGE ( 'NONE', *, *, #2135, .F. ) ;
#1852 = ORIENTED_EDGE ( 'NONE', *, *, #3489, .T. ) ;
#1853 = DIRECTION ( 'NONE',  ( 0.000000000000000000, 1.000000000000000000, 0.000000000000000000 ) ) ;
#1854 = DIRECTION ( 'NONE',  ( -0.000000000000000000, 1.000000000000000000, -0.000000000000000000 ) ) ;
#1855 = ADVANCED_FACE ( 'NONE', ( #3526 ), #2740, .F. ) ;
#1856 = CARTESIAN_POINT ( 'NONE',  ( -10.19999999999995310, 0.000000000000000000, 84.00000000000001421 ) ) ;
#1857 = AXIS2_PLACEMENT_3D ( 'NONE', #1305, #1331, #483 ) ;
#1858 = VERTEX_POINT ( 'NONE', #2230 ) ;
#1859 = EDGE_CURVE ( 'NONE', #4545, #601, #4677, .T. ) ;
#1860 = DIRECTION ( 'NONE',  ( 0.000000000000000000, 0.000000000000000000, 1.000000000000000000 ) ) ;
#1861 = CARTESIAN_POINT ( 'NONE',  ( -169.4903320081222944, 5.000000000000000000, -224.3588745030462803 ) ) ;
#1862 = CIRCLE ( 'NONE', #1179, 3.299999999999997158 ) ;
#1863 = ORIENTED_EDGE ( 'NONE', *, *, #2171, .T. ) ;
#1864 = ORIENTED_EDGE ( 'NONE', *, *, #3259, .T. ) ;
#1865 = DIRECTION ( 'NONE',  ( 0.000000000000000000, 0.000000000000000000, 1.000000000000000000 ) ) ;
#1866 = AXIS2_PLACEMENT_3D ( 'NONE', #3238, #4773, #3542 ) ;
#1867 = CYLINDRICAL_SURFACE ( 'NONE', #5255, 1.649999999999998579 ) ;
#1868 = LINE ( 'NONE', #2272, #668 ) ;
#1869 = ORIENTED_EDGE ( 'NONE', *, *, #1563, .F. ) ;
#1870 = AXIS2_PLACEMENT_3D ( 'NONE', #156, #184, #3907 ) ;
#1871 = ORIENTED_EDGE ( 'NONE', *, *, #3818, .T. ) ;
#1872 = FACE_OUTER_BOUND ( 'NONE', #1838, .T. ) ;
#1873 = DIRECTION ( 'NONE',  ( 0.000000000000000000, 0.000000000000000000, 1.000000000000000000 ) ) ;
#1874 = CARTESIAN_POINT ( 'NONE',  ( 132.7207793864120333, 5.000000000000000000, 217.5735931288195957 ) ) ;
#1875 = VECTOR ( 'NONE', #1114, 1000.000000000000000 ) ;
#1876 = CARTESIAN_POINT ( 'NONE',  ( 23.50000000000036948, 0.000000000000000000, 23.49999999999964473 ) ) ;
#1877 = EDGE_CURVE ( 'NONE', #94, #396, #1370, .T. ) ;
#1878 = ORIENTED_EDGE ( 'NONE', *, *, #4378, .T. ) ;
#1879 = ORIENTED_EDGE ( 'NONE', *, *, #3948, .F. ) ;
#1880 = EDGE_CURVE ( 'NONE', #1827, #4064, #1204, .T. ) ;
#1881 = AXIS2_PLACEMENT_3D ( 'NONE', #733, #43, #1669 ) ;
#1882 = DIRECTION ( 'NONE',  ( -0.000000000000000000, 1.000000000000000000, -0.000000000000000000 ) ) ;
#1883 = DIRECTION ( 'NONE',  ( 1.000000000000000000, 0.000000000000000000, 0.000000000000000000 ) ) ;
#1884 = CARTESIAN_POINT ( 'NONE',  ( 132.7207793864120333, 5.000000000000000000, 210.9735931288196014 ) ) ;
#1885 = VERTEX_POINT ( 'NONE', #4703 ) ;
#1886 = CARTESIAN_POINT ( 'NONE',  ( 132.7207793864120333, 5.000000000000000000, 217.5735931288195957 ) ) ;
#1887 = CARTESIAN_POINT ( 'NONE',  ( -132.7207793864151881, 5.000000000000000000, -217.5735931288129734 ) ) ;
#1888 = EDGE_CURVE ( 'NONE', #2337, #3229, #4785, .T. ) ;
#1889 = ORIENTED_EDGE ( 'NONE', *, *, #569, .F. ) ;
#1890 = VERTEX_POINT ( 'NONE', #4381 ) ;
#1891 = CIRCLE ( 'NONE', #2229, 1.700000000000007061 ) ;
#1892 = CARTESIAN_POINT ( 'NONE',  ( -197.7746032555863565, 5.000000000000000000, 199.4746032555820818 ) ) ;
#1893 = AXIS2_PLACEMENT_3D ( 'NONE', #3662, #4903, #1621 ) ;
#1894 = LINE ( 'NONE', #3538, #1601 ) ;
#1895 = VERTEX_POINT ( 'NONE', #702 ) ;
#1896 = ORIENTED_EDGE ( 'NONE', *, *, #3144, .F. ) ;
#1897 = CARTESIAN_POINT ( 'NONE',  ( 60.00000000000013500, 8.673617379884035472E-16, -3.299999999998387779 ) ) ;
#1898 = EDGE_CURVE ( 'NONE', #2736, #4054, #178, .T. ) ;
#1899 = DIRECTION ( 'NONE',  ( -0.000000000000000000, 1.000000000000000000, -0.000000000000000000 ) ) ;
#1900 = DIRECTION ( 'NONE',  ( 8.659560562354902043E-17, 0.7071067811865500152, -0.7071067811865450192 ) ) ;
#1901 = VECTOR ( 'NONE', #3673, 1000.000000000000000 ) ;
#1902 = DIRECTION ( 'NONE',  ( 0.000000000000000000, 0.000000000000000000, 1.000000000000000000 ) ) ;
#1903 = CARTESIAN_POINT ( 'NONE',  ( 20.85965004500326003, -19.00000000000000000, -230.8596500450028941 ) ) ;
#1904 = VERTEX_POINT ( 'NONE', #3041 ) ;
#1905 = ORIENTED_EDGE ( 'NONE', *, *, #323, .F. ) ;
#1906 = AXIS2_PLACEMENT_3D ( 'NONE', #2058, #2192, #2562 ) ;
#1907 = FACE_OUTER_BOUND ( 'NONE', #558, .T. ) ;
#1908 = CARTESIAN_POINT ( 'NONE',  ( -2.220446049250313081E-13, 5.000000000000000000, 2.220446049250313081E-13 ) ) ;
#1909 = CC_DESIGN_APPROVAL ( #339, ( #3969 ) ) ;
#1910 = AXIS2_PLACEMENT_3D ( 'NONE', #5061, #2590, #931 ) ;
#1911 = EDGE_CURVE ( 'NONE', #2839, #4925, #2918, .T. ) ;
#1912 = CARTESIAN_POINT ( 'NONE',  ( -30.19999999999995310, 5.000000000000000000, 84.00000000000001421 ) ) ;
#1913 = ORIENTED_EDGE ( 'NONE', *, *, #3929, .T. ) ;
#1914 = LINE ( 'NONE', #1509, #2321 ) ;
#1915 = AXIS2_PLACEMENT_3D ( 'NONE', #2418, #2391, #3178 ) ;
#1916 = LINE ( 'NONE', #4387, #4661 ) ;
#1917 = EDGE_CURVE ( 'NONE', #2450, #2966, #5234, .T. ) ;
#1918 = LINE ( 'NONE', #1087, #3337 ) ;
#1919 = ORIENTED_EDGE ( 'NONE', *, *, #4073, .F. ) ;
#1920 = CIRCLE ( 'NONE', #2517, 12.59999999999999964 ) ;
#1921 = ORIENTED_EDGE ( 'NONE', *, *, #1705, .F. ) ;
#1922 = ADVANCED_FACE ( 'NONE', ( #2628 ), #1083, .F. ) ;
#1923 = CARTESIAN_POINT ( 'NONE',  ( 146.8629150101519940, 5.000000000000000000, -259.9999999999998295 ) ) ;
#1924 = CARTESIAN_POINT ( 'NONE',  ( -169.4903320081222944, 5.000000000000000000, -226.0588745030462974 ) ) ;
#1925 = VERTEX_POINT ( 'NONE', #2261 ) ;
#1926 = ORIENTED_EDGE ( 'NONE', *, *, #287, .F. ) ;
#1927 = CARTESIAN_POINT ( 'NONE',  ( -217.5735931288143661, 5.000000000000000000, 132.7207793864129144 ) ) ;
#1928 = EDGE_CURVE ( 'NONE', #504, #4937, #4272, .T. ) ;
#1929 = CARTESIAN_POINT ( 'NONE',  ( -30.19999999999995310, 0.000000000000000000, 84.00000000000001421 ) ) ;
#1930 = EDGE_CURVE ( 'NONE', #3769, #874, #677, .T. ) ;
#1931 = DIRECTION ( 'NONE',  ( 0.000000000000000000, 0.000000000000000000, 1.000000000000000000 ) ) ;
#1932 = EDGE_CURVE ( 'NONE', #4524, #4679, #3598, .T. ) ;
#1933 = EDGE_LOOP ( 'NONE', ( #1457, #2016 ) ) ;
#1934 = EDGE_LOOP ( 'NONE', ( #1852, #4766 ) ) ;
#1935 = DIRECTION ( 'NONE',  ( 0.000000000000000000, 0.000000000000000000, 1.000000000000000000 ) ) ;
#1936 = CARTESIAN_POINT ( 'NONE',  ( -132.7207793864151881, 5.000000000000000000, -214.2735931288129620 ) ) ;
#1937 = FACE_OUTER_BOUND ( 'NONE', #4613, .T. ) ;
#1938 = ORIENTED_EDGE ( 'NONE', *, *, #1420, .T. ) ;
#1939 = APPROVAL ( #3088, '未' ) ;
#1940 = DIRECTION ( 'NONE',  ( -0.000000000000000000, 1.000000000000000000, -0.000000000000000000 ) ) ;
#1941 = CYLINDRICAL_SURFACE ( 'NONE', #2170, 2.100000000000004530 ) ;
#1942 = DIRECTION ( 'NONE',  ( -0.000000000000000000, 1.000000000000000000, -0.000000000000000000 ) ) ;
#1943 = EDGE_CURVE ( 'NONE', #4329, #2937, #3090, .T. ) ;
#1944 = ORIENTED_EDGE ( 'NONE', *, *, #1383, .F. ) ;
#1945 = EDGE_CURVE ( 'NONE', #321, #1754, #1624, .T. ) ;
#1946 = AXIS2_PLACEMENT_3D ( 'NONE', #1924, #663, #642 ) ;
#1947 = CARTESIAN_POINT ( 'NONE',  ( 10.20000000000004370, 5.000000000000000000, 81.90000000000001990 ) ) ;
#1948 = CARTESIAN_POINT ( 'NONE',  ( 20.85965004500353714, 5.000000000000000000, -189.1403499549965090 ) ) ;
#1949 = ORIENTED_EDGE ( 'NONE', *, *, #758, .T. ) ;
#1950 = ORIENTED_EDGE ( 'NONE', *, *, #1000, .T. ) ;
#1951 = CIRCLE ( 'NONE', #1348, 3.299999999999997158 ) ;
#1952 = CARTESIAN_POINT ( 'NONE',  ( 23.50000000000036948, 5.000000000000000000, 20.49999999999964473 ) ) ;
#1953 = CARTESIAN_POINT ( 'NONE',  ( 20.85965004500326003, 0.000000000000000000, -230.8596500450028941 ) ) ;
#1954 = FACE_OUTER_BOUND ( 'NONE', #1636, .T. ) ;
#1955 = VECTOR ( 'NONE', #5121, 1000.000000000000000 ) ;
#1956 = CALENDAR_DATE ( 2026, 30, 7 ) ;
#1957 = EDGE_CURVE ( 'NONE', #4746, #4447, #4331, .T. ) ;
#1958 = EDGE_LOOP ( 'NONE', ( #2121, #4660 ) ) ;
#1959 = CARTESIAN_POINT ( 'NONE',  ( -226.0588745030480027, 5.000000000000000000, 169.4903320081199354 ) ) ;
#1960 = DIRECTION ( 'NONE',  ( -0.000000000000000000, 1.000000000000000000, -0.000000000000000000 ) ) ;
#1961 = CARTESIAN_POINT ( 'NONE',  ( 132.7207793864142786, 8.673617379884035472E-16, -217.5735931288150766 ) ) ;
#1962 = CARTESIAN_POINT ( 'NONE',  ( -226.0588745030460132, 8.673617379884035472E-16, -171.1903320081223967 ) ) ;
#1963 = CIRCLE ( 'NONE', #4965, 1.649999999999998579 ) ;
#1964 = ORIENTED_EDGE ( 'NONE', *, *, #909, .F. ) ;
#1965 = CARTESIAN_POINT ( 'NONE',  ( -20.85965004500283015, 5.000000000000000000, -189.1403499549963669 ) ) ;
#1966 = CARTESIAN_POINT ( 'NONE',  ( 20.85965004500326003, 5.000000000000000000, -232.4596500450028884 ) ) ;
#1967 = DESIGN_CONTEXT ( 'detailed design', #3121, 'design' ) ;
#1968 = DIRECTION ( 'NONE',  ( -0.000000000000000000, 1.000000000000000000, -0.000000000000000000 ) ) ;
#1969 = ORIENTED_EDGE ( 'NONE', *, *, #1000, .F. ) ;
#1970 = CIRCLE ( 'NONE', #1541, 3.299999999999997158 ) ;
#1971 = DIRECTION ( 'NONE',  ( 0.000000000000000000, 0.000000000000000000, 1.000000000000000000 ) ) ;
#1972 = DIRECTION ( 'NONE',  ( 0.000000000000000000, 0.000000000000000000, 1.000000000000000000 ) ) ;
#1973 = VECTOR ( 'NONE', #3059, 1000.000000000000000 ) ;
#1974 = VERTEX_POINT ( 'NONE', #1159 ) ;
#1975 = EDGE_CURVE ( 'NONE', #4806, #4488, #2999, .T. ) ;
#1976 = ORIENTED_EDGE ( 'NONE', *, *, #1983, .T. ) ;
#1977 = CARTESIAN_POINT ( 'NONE',  ( -20.85965004500278752, 0.000000000000000000, -230.8596500450027236 ) ) ;
#1978 = VECTOR ( 'NONE', #4299, 1000.000000000000000 ) ;
#1979 = DIRECTION ( 'NONE',  ( 0.000000000000000000, 0.000000000000000000, 1.000000000000000000 ) ) ;
#1980 = DIRECTION ( 'NONE',  ( 0.000000000000000000, 0.000000000000000000, 1.000000000000000000 ) ) ;
#1981 = ORIENTED_EDGE ( 'NONE', *, *, #2606, .T. ) ;
#1982 = DIRECTION ( 'NONE',  ( -0.000000000000000000, -1.000000000000000000, -0.000000000000000000 ) ) ;
#1983 = EDGE_CURVE ( 'NONE', #637, #2700, #4425, .T. ) ;
#1984 = AXIS2_PLACEMENT_3D ( 'NONE', #5183, #4400, #4420 ) ;
#1985 = DIRECTION ( 'NONE',  ( 0.000000000000000000, 0.000000000000000000, 1.000000000000000000 ) ) ;
#1986 = PLANE ( 'NONE',  #2182 ) ;
#1987 = CARTESIAN_POINT ( 'NONE',  ( -146.8629150101519940, 5.000000000000000000, -259.9999999999997726 ) ) ;
#1988 = CIRCLE ( 'NONE', #3964, 2.999999999999995559 ) ;
#1989 = ORIENTED_EDGE ( 'NONE', *, *, #1357, .F. ) ;
#1990 = DIRECTION ( 'NONE',  ( 0.000000000000000000, 1.000000000000000000, 0.000000000000000000 ) ) ;
#1991 = CARTESIAN_POINT ( 'NONE',  ( -10.19999999999995310, 5.000000000000000000, 84.00000000000001421 ) ) ;
#1992 = VECTOR ( 'NONE', #4102, 999.9999999999998863 ) ;
#1993 = CIRCLE ( 'NONE', #4994, 3.299999999999997158 ) ;
#1994 = DIRECTION ( 'NONE',  ( 0.000000000000000000, 0.000000000000000000, 1.000000000000000000 ) ) ;
#1995 = EDGE_LOOP ( 'NONE', ( #3213, #317, #1283, #1799 ) ) ;
#1996 = AXIS2_PLACEMENT_3D ( 'NONE', #4295, #3943, #4349 ) ;
#1997 = VECTOR ( 'NONE', #394, 999.9999999999998863 ) ;
#1998 = FACE_BOUND ( 'NONE', #1186, .T. ) ;
#1999 = CYLINDRICAL_SURFACE ( 'NONE', #2032, 1.700000000000007061 ) ;
#2000 = LINE ( 'NONE', #4468, #4893 ) ;
#2001 = CIRCLE ( 'NONE', #4573, 6.599999999999994316 ) ;
#2002 = ORIENTED_EDGE ( 'NONE', *, *, #2250, .F. ) ;
#2003 = EDGE_LOOP ( 'NONE', ( #1879, #1738, #3424, #1019 ) ) ;
#2004 = CARTESIAN_POINT ( 'NONE',  ( 23.49999999999987210, 5.000000000000000000, -26.49999999999990763 ) ) ;
#2005 = CARTESIAN_POINT ( 'NONE',  ( 23.49999999999987210, 0.000000000000000000, -23.49999999999991118 ) ) ;
#2006 = EDGE_CURVE ( 'NONE', #3310, #2586, #2226, .T. ) ;
#2007 = DIRECTION ( 'NONE',  ( 0.000000000000000000, 0.000000000000000000, 1.000000000000000000 ) ) ;
#2008 = SHAPE_DEFINITION_REPRESENTATION ( #241, #3401 ) ;
#2009 = VERTEX_POINT ( 'NONE', #3574 ) ;
#2010 = EDGE_CURVE ( 'NONE', #838, #527, #3859, .T. ) ;
#2011 = DIRECTION ( 'NONE',  ( -0.000000000000000000, 1.000000000000000000, -0.000000000000000000 ) ) ;
#2012 = DIRECTION ( 'NONE',  ( 0.000000000000000000, 0.000000000000000000, 1.000000000000000000 ) ) ;
#2013 = CYLINDRICAL_SURFACE ( 'NONE', #212, 3.000000000000002665 ) ;
#2014 = ORIENTED_EDGE ( 'NONE', *, *, #4224, .T. ) ;
#2015 = FACE_OUTER_BOUND ( 'NONE', #718, .T. ) ;
#2016 = ORIENTED_EDGE ( 'NONE', *, *, #5004, .F. ) ;
#2017 = DIRECTION ( 'NONE',  ( -0.000000000000000000, 1.000000000000000000, -0.000000000000000000 ) ) ;
#2018 = EDGE_CURVE ( 'NONE', #4488, #4806, #1970, .T. ) ;
#2019 = DIRECTION ( 'NONE',  ( -0.000000000000000000, 1.000000000000000000, -0.000000000000000000 ) ) ;
#2020 = FACE_OUTER_BOUND ( 'NONE', #1995, .T. ) ;
#2021 = ADVANCED_FACE ( 'NONE', ( #2766 ), #4078, .F. ) ;
#2022 = ORIENTED_EDGE ( 'NONE', *, *, #5139, .F. ) ;
#2023 = VERTEX_POINT ( 'NONE', #726 ) ;
#2024 = FACE_BOUND ( 'NONE', #3959, .T. ) ;
#2025 = DIRECTION ( 'NONE',  ( 0.000000000000000000, 0.000000000000000000, 1.000000000000000000 ) ) ;
#2026 = CYLINDRICAL_SURFACE ( 'NONE', #3946, 1.700000000000007061 ) ;
#2027 = ORIENTED_EDGE ( 'NONE', *, *, #3900, .F. ) ;
#2028 = ORIENTED_EDGE ( 'NONE', *, *, #4354, .T. ) ;
#2029 = DIRECTION ( 'NONE',  ( -0.000000000000000000, 1.000000000000000000, -0.000000000000000000 ) ) ;
#2030 = CARTESIAN_POINT ( 'NONE',  ( -132.7207793864129712, 1.700000000000001066, 217.5735931288193399 ) ) ;
#2031 = DIRECTION ( 'NONE',  ( -0.000000000000000000, 1.000000000000000000, -0.000000000000000000 ) ) ;
#2032 = AXIS2_PLACEMENT_3D ( 'NONE', #343, #3693, #4091 ) ;
#2033 = AXIS2_PLACEMENT_3D ( 'NONE', #1560, #4537, #414 ) ;
#2034 = ORIENTED_EDGE ( 'NONE', *, *, #894, .T. ) ;
#2035 = AXIS2_PLACEMENT_3D ( 'NONE', #914, #2248, #2547 ) ;
#2036 = DIRECTION ( 'NONE',  ( -0.000000000000000000, 1.000000000000000000, -0.000000000000000000 ) ) ;
#2037 = EDGE_CURVE ( 'NONE', #4855, #3548, #351, .T. ) ;
#2038 = DIRECTION ( 'NONE',  ( -0.000000000000000000, 1.000000000000000000, -0.000000000000000000 ) ) ;
#2039 = DIRECTION ( 'NONE',  ( -0.000000000000000000, 1.000000000000000000, -0.000000000000000000 ) ) ;
#2040 = EDGE_LOOP ( 'NONE', ( #5308, #998 ) ) ;
#2041 = CARTESIAN_POINT ( 'NONE',  ( -100.0000000000002274, 5.000000000000000000, 118.3499999999997812 ) ) ;
#2042 = EDGE_CURVE ( 'NONE', #1297, #4166, #3596, .T. ) ;
#2043 = VERTEX_POINT ( 'NONE', #3675 ) ;
#2044 = DIRECTION ( 'NONE',  ( -0.000000000000000000, 1.000000000000000000, -0.000000000000000000 ) ) ;
#2045 = CARTESIAN_POINT ( 'NONE',  ( 226.0588745030468374, 8.673617379884035472E-16, -169.4903320081214702 ) ) ;
#2046 = CARTESIAN_POINT ( 'NONE',  ( -2.220446049250313081E-13, -1.000000000000000000, 2.220446049250313081E-13 ) ) ;
#2047 = AXIS2_PLACEMENT_3D ( 'NONE', #3131, #1539, #3179 ) ;
#2048 = EDGE_LOOP ( 'NONE', ( #2653, #4956, #4877, #4926 ) ) ;
#2049 = ORIENTED_EDGE ( 'NONE', *, *, #3613, .F. ) ;
#2050 = FACE_BOUND ( 'NONE', #4544, .T. ) ;
#2051 = ADVANCED_FACE ( 'NONE', ( #5218 ), #4199, .F. ) ;
#2052 = CARTESIAN_POINT ( 'NONE',  ( 30.20000000000004547, 5.000000000000000000, 111.9999999999999716 ) ) ;
#2053 = CARTESIAN_POINT ( 'NONE',  ( 60.00000000000013500, 5.000000000000000000, 1.609823385706476580E-12 ) ) ;
#2054 = ORIENTED_EDGE ( 'NONE', *, *, #5203, .F. ) ;
#2055 = ORIENTED_EDGE ( 'NONE', *, *, #1069, .T. ) ;
#2056 = VECTOR ( 'NONE', #1427, 1000.000000000000000 ) ;
#2057 = CYLINDRICAL_SURFACE ( 'NONE', #3918, 2.100000000000004530 ) ;
#2058 = CARTESIAN_POINT ( 'NONE',  ( -197.7746032555863565, 3.399999999999998579, 197.7746032555820648 ) ) ;
#2059 = AXIS2_PLACEMENT_3D ( 'NONE', #3811, #4584, #1366 ) ;
#2060 = CARTESIAN_POINT ( 'NONE',  ( -132.7207793864151881, 1.700000000000001066, -214.2735931288129620 ) ) ;
#2061 = EDGE_CURVE ( 'NONE', #4414, #163, #4372, .T. ) ;
#2062 = ORIENTED_EDGE ( 'NONE', *, *, #3218, .T. ) ;
#2063 = CIRCLE ( 'NONE', #4550, 1.700000000000007061 ) ;
#2064 = DIRECTION ( 'NONE',  ( 0.000000000000000000, 0.000000000000000000, 1.000000000000000000 ) ) ;
#2065 = CIRCLE ( 'NONE', #1128, 1.649999999999998579 ) ;
#2066 = DIRECTION ( 'NONE',  ( 0.000000000000000000, 0.000000000000000000, 1.000000000000000000 ) ) ;
#2067 = FACE_OUTER_BOUND ( 'NONE', #1499, .T. ) ;
#2068 = ORIENTED_EDGE ( 'NONE', *, *, #3444, .T. ) ;
#2069 = DIRECTION ( 'NONE',  ( -0.000000000000000000, 1.000000000000000000, -0.000000000000000000 ) ) ;
#2070 = ORIENTED_EDGE ( 'NONE', *, *, #1039, .F. ) ;
#2071 = CIRCLE ( 'NONE', #5070, 2.100000000000004530 ) ;
#2072 = FACE_OUTER_BOUND ( 'NONE', #5237, .T. ) ;
#2073 = DIRECTION ( 'NONE',  ( 0.000000000000000000, 0.7071067811865500152, 0.7071067811865450192 ) ) ;
#2074 = ADVANCED_FACE ( 'NONE', ( #3277 ), #4451, .F. ) ;
#2075 = DIRECTION ( 'NONE',  ( -0.000000000000000000, 1.000000000000000000, -0.000000000000000000 ) ) ;
#2076 = AXIS2_PLACEMENT_3D ( 'NONE', #2217, #5010, #1415 ) ;
#2077 = ORIENTED_EDGE ( 'NONE', *, *, #315, .F. ) ;
#2078 = ORIENTED_EDGE ( 'NONE', *, *, #3979, .F. ) ;
#2079 = EDGE_CURVE ( 'NONE', #1115, #2106, #2652, .T. ) ;
#2080 = FACE_BOUND ( 'NONE', #1933, .T. ) ;
#2081 = DIRECTION ( 'NONE',  ( 0.000000000000000000, 0.000000000000000000, 1.000000000000000000 ) ) ;
#2082 = DIRECTION ( 'NONE',  ( 0.000000000000000000, 0.000000000000000000, 1.000000000000000000 ) ) ;
#2083 = ORIENTED_EDGE ( 'NONE', *, *, #1842, .F. ) ;
#2084 = CIRCLE ( 'NONE', #300, 6.599999999999994316 ) ;
#2085 = VERTEX_POINT ( 'NONE', #833 ) ;
#2086 = DIRECTION ( 'NONE',  ( 0.000000000000000000, 0.000000000000000000, 1.000000000000000000 ) ) ;
#2087 = FACE_OUTER_BOUND ( 'NONE', #3405, .T. ) ;
#2088 = DIRECTION ( 'NONE',  ( 0.000000000000000000, 0.000000000000000000, 1.000000000000000000 ) ) ;
#2089 = ORIENTED_EDGE ( 'NONE', *, *, #1647, .F. ) ;
#2090 = EDGE_CURVE ( 'NONE', #2362, #4806, #3197, .T. ) ;
#2091 = FACE_OUTER_BOUND ( 'NONE', #3586, .T. ) ;
#2092 = EDGE_CURVE ( 'NONE', #4692, #4362, #4026, .T. ) ;
#2093 = CARTESIAN_POINT ( 'NONE',  ( 146.8629150101523919, 5.000000000000000000, 260.0000000000002274 ) ) ;
#2094 = DIRECTION ( 'NONE',  ( -0.000000000000000000, 1.000000000000000000, -0.000000000000000000 ) ) ;
#2095 = ORIENTED_EDGE ( 'NONE', *, *, #981, .F. ) ;
#2096 = DIRECTION ( 'NONE',  ( 0.000000000000000000, 0.000000000000000000, 1.000000000000000000 ) ) ;
#2097 = VERTEX_POINT ( 'NONE', #4887 ) ;
#2098 = DIRECTION ( 'NONE',  ( -0.000000000000000000, 1.000000000000000000, -0.000000000000000000 ) ) ;
#2099 = CYLINDRICAL_SURFACE ( 'NONE', #2222, 3.299999999999997158 ) ;
#2100 = ORIENTED_EDGE ( 'NONE', *, *, #1383, .T. ) ;
#2101 = ADVANCED_FACE ( 'NONE', ( #4811 ), #2788, .F. ) ;
#2102 = ORIENTED_EDGE ( 'NONE', *, *, #3352, .F. ) ;
#2103 = DIRECTION ( 'NONE',  ( 0.000000000000000000, 0.000000000000000000, 1.000000000000000000 ) ) ;
#2104 = CARTESIAN_POINT ( 'NONE',  ( 30.20000000000004547, 5.000000000000000000, 111.9999999999999716 ) ) ;
#2105 = ORIENTED_EDGE ( 'NONE', *, *, #2539, .F. ) ;
#2106 = VERTEX_POINT ( 'NONE', #5268 ) ;
#2107 = DIRECTION ( 'NONE',  ( 0.000000000000000000, 0.000000000000000000, 1.000000000000000000 ) ) ;
#2108 = ADVANCED_FACE ( 'NONE', ( #2842 ), #1583, .F. ) ;
#2109 = CARTESIAN_POINT ( 'NONE',  ( 146.8629150101523919, 5.000000000000000000, 260.0000000000002274 ) ) ;
#2110 = CARTESIAN_POINT ( 'NONE',  ( -169.4903320081246818, 5.000000000000000000, 222.7588745030442396 ) ) ;
#2111 = ORIENTED_EDGE ( 'NONE', *, *, #30, .T. ) ;
#2112 = CIRCLE ( 'NONE', #740, 6.599999999999994316 ) ;
#2113 = FACE_OUTER_BOUND ( 'NONE', #2831, .T. ) ;
#2114 = AXIS2_PLACEMENT_3D ( 'NONE', #3261, #426, #2828 ) ;
#2115 = EDGE_CURVE ( 'NONE', #4054, #2736, #768, .T. ) ;
#2116 = LINE ( 'NONE', #1339, #4290 ) ;
#2117 = DIRECTION ( 'NONE',  ( 0.000000000000000000, 0.000000000000000000, 1.000000000000000000 ) ) ;
#2118 = ORIENTED_EDGE ( 'NONE', *, *, #4145, .F. ) ;
#2119 = DIRECTION ( 'NONE',  ( 0.000000000000000000, 0.000000000000000000, 1.000000000000000000 ) ) ;
#2120 = CIRCLE ( 'NONE', #4434, 3.299999999999997158 ) ;
#2121 = ORIENTED_EDGE ( 'NONE', *, *, #4229, .T. ) ;
#2122 = DIRECTION ( 'NONE',  ( 0.000000000000000000, 0.000000000000000000, 1.000000000000000000 ) ) ;
#2123 = DIRECTION ( 'NONE',  ( -0.000000000000000000, 1.000000000000000000, -0.000000000000000000 ) ) ;
#2124 = CIRCLE ( 'NONE', #4700, 3.299999999999997158 ) ;
#2125 = ORIENTED_EDGE ( 'NONE', *, *, #1658, .F. ) ;
#2126 = ORIENTED_EDGE ( 'NONE', *, *, #3162, .T. ) ;
#2127 = CARTESIAN_POINT ( 'NONE',  ( 146.8629150101519940, 5.000000000000000000, -259.9999999999998295 ) ) ;
#2128 = CARTESIAN_POINT ( 'NONE',  ( -20.85965004500278752, -19.00000000000000000, -230.8596500450027236 ) ) ;
#2129 = VERTEX_POINT ( 'NONE', #3355 ) ;
#2130 = EDGE_LOOP ( 'NONE', ( #1498, #4741, #4996, #196 ) ) ;
#2131 = LINE ( 'NONE', #4174, #4086 ) ;
#2132 = AXIS2_PLACEMENT_3D ( 'NONE', #3559, #1942, #3073 ) ;
#2133 = LINE ( 'NONE', #3347, #3616 ) ;
#2134 = FACE_BOUND ( 'NONE', #4698, .T. ) ;
#2135 = EDGE_CURVE ( 'NONE', #4003, #2722, #4534, .T. ) ;
#2136 = ORIENTED_EDGE ( 'NONE', *, *, #2861, .F. ) ;
#2137 = ORIENTED_EDGE ( 'NONE', *, *, #5196, .F. ) ;
#2138 = AXIS2_PLACEMENT_3D ( 'NONE', #1908, #4301, #5077 ) ;
#2139 = DIRECTION ( 'NONE',  ( -0.000000000000000000, 1.000000000000000000, -0.000000000000000000 ) ) ;
#2140 = CARTESIAN_POINT ( 'NONE',  ( 20.85965004500353714, -19.00000000000000000, -187.5403499549965431 ) ) ;
#2141 = DIRECTION ( 'NONE',  ( -0.000000000000000000, 1.000000000000000000, -0.000000000000000000 ) ) ;
#2142 = AXIS2_PLACEMENT_3D ( 'NONE', #3438, #2649, #167 ) ;
#2143 = ORIENTED_EDGE ( 'NONE', *, *, #1911, .T. ) ;
#2144 = DIRECTION ( 'NONE',  ( -0.000000000000000000, 1.000000000000000000, -0.000000000000000000 ) ) ;
#2145 = VERTEX_POINT ( 'NONE', #4990 ) ;
#2146 = EDGE_CURVE ( 'NONE', #3157, #4545, #1712, .T. ) ;
#2147 = DIRECTION ( 'NONE',  ( -0.000000000000000000, 1.000000000000000000, -0.000000000000000000 ) ) ;
#2148 = AXIS2_PLACEMENT_3D ( 'NONE', #3629, #4687, #5089 ) ;
#2149 = LINE ( 'NONE', #2907, #1707 ) ;
#2150 = VERTEX_POINT ( 'NONE', #2174 ) ;
#2151 = VECTOR ( 'NONE', #2899, 1000.000000000000000 ) ;
#2152 = ORIENTED_EDGE ( 'NONE', *, *, #2010, .F. ) ;
#2153 = EDGE_CURVE ( 'NONE', #838, #334, #2495, .T. ) ;
#2154 = DIRECTION ( 'NONE',  ( -0.000000000000000000, 1.000000000000000000, -0.000000000000000000 ) ) ;
#2155 = ADVANCED_FACE ( 'NONE', ( #59 ), #2571, .F. ) ;
#2156 = CIRCLE ( 'NONE', #2757, 1.599999999999990319 ) ;
#2157 = DIRECTION ( 'NONE',  ( 8.659560562354902043E-17, 0.7071067811865500152, -0.7071067811865450192 ) ) ;
#2158 = ORIENTED_EDGE ( 'NONE', *, *, #4105, .T. ) ;
#2159 = VERTEX_POINT ( 'NONE', #4131 ) ;
#2160 = DIRECTION ( 'NONE',  ( 0.000000000000000000, 0.000000000000000000, 1.000000000000000000 ) ) ;
#2161 = AXIS2_PLACEMENT_3D ( 'NONE', #4124, #2920, #1979 ) ;
#2162 = CARTESIAN_POINT ( 'NONE',  ( -169.4903320081246818, 8.673617379884035472E-16, 226.0588745030442510 ) ) ;
#2163 = CARTESIAN_POINT ( 'NONE',  ( -100.0000000000000000, 0.000000000000000000, -192.5999999999999943 ) ) ;
#2164 = VECTOR ( 'NONE', #490, 1000.000000000000000 ) ;
#2165 = CIRCLE ( 'NONE', #3882, 1.649999999999998579 ) ;
#2166 = ORIENTED_EDGE ( 'NONE', *, *, #254, .F. ) ;
#2167 = ORIENTED_EDGE ( 'NONE', *, *, #4010, .T. ) ;
#2168 = EDGE_CURVE ( 'NONE', #1441, #3454, #4885, .T. ) ;
#2169 = CC_DESIGN_APPROVAL ( #3910, ( #4860 ) ) ;
#2170 = AXIS2_PLACEMENT_3D ( 'NONE', #1991, #1537, #1138 ) ;
#2171 = EDGE_CURVE ( 'NONE', #3443, #3256, #2572, .T. ) ;
#2172 = DIRECTION ( 'NONE',  ( 0.000000000000000000, 0.000000000000000000, 1.000000000000000000 ) ) ;
#2173 = CARTESIAN_POINT ( 'NONE',  ( -59.99999999999985789, 5.000000000000000000, -2.165618536905904653E-14 ) ) ;
#2174 = CARTESIAN_POINT ( 'NONE',  ( -23.49999999999970157, 5.000000000000000000, -26.50000000000038369 ) ) ;
#2175 = FACE_OUTER_BOUND ( 'NONE', #1010, .T. ) ;
#2176 = ADVANCED_FACE ( 'NONE', ( #2954 ), #2315, .F. ) ;
#2177 = AXIS2_PLACEMENT_3D ( 'NONE', #5210, #4752, #2302 ) ;
#2178 = ORIENTED_EDGE ( 'NONE', *, *, #266, .F. ) ;
#2179 = EDGE_LOOP ( 'NONE', ( #1412, #3853, #3801, #472 ) ) ;
#2180 = EDGE_CURVE ( 'NONE', #2150, #2535, #3093, .T. ) ;
#2181 = DIRECTION ( 'NONE',  ( -0.000000000000000000, 1.000000000000000000, -0.000000000000000000 ) ) ;
#2182 = AXIS2_PLACEMENT_3D ( 'NONE', #2386, #5291, #4483 ) ;
#2183 = FACE_OUTER_BOUND ( 'NONE', #61, .T. ) ;
#2184 = VERTEX_POINT ( 'NONE', #911 ) ;
#2185 = EDGE_LOOP ( 'NONE', ( #3996, #942, #4654, #4582 ) ) ;
#2186 = DIRECTION ( 'NONE',  ( -0.000000000000000000, 1.000000000000000000, -0.000000000000000000 ) ) ;
#2187 = DIRECTION ( 'NONE',  ( -0.000000000000000000, 1.000000000000000000, -0.000000000000000000 ) ) ;
#2188 = EDGE_CURVE ( 'NONE', #835, #3103, #4185, .T. ) ;
#2189 = ORIENTED_EDGE ( 'NONE', *, *, #800, .F. ) ;
#2190 = ORIENTED_EDGE ( 'NONE', *, *, #298, .T. ) ;
#2191 = DIRECTION ( 'NONE',  ( 0.000000000000000000, 0.000000000000000000, 1.000000000000000000 ) ) ;
#2192 = DIRECTION ( 'NONE',  ( -0.000000000000000000, 1.000000000000000000, -0.000000000000000000 ) ) ;
#2193 = FACE_BOUND ( 'NONE', #3840, .T. ) ;
#2194 = ORIENTED_EDGE ( 'NONE', *, *, #5028, .F. ) ;
#2195 = ORIENTED_EDGE ( 'NONE', *, *, #681, .T. ) ;
#2196 = CARTESIAN_POINT ( 'NONE',  ( 132.7207793864120333, 5.000000000000000000, 224.1735931288195900 ) ) ;
#2197 = CARTESIAN_POINT ( 'NONE',  ( 217.5735931288179756, 1.700000000000001066, -132.7207793864104985 ) ) ;
#2198 = DIRECTION ( 'NONE',  ( 8.659560562354931626E-17, 0.7071067811865477948, -0.7071067811865473507 ) ) ;
#2199 = DIRECTION ( 'NONE',  ( 0.000000000000000000, 0.000000000000000000, 1.000000000000000000 ) ) ;
#2200 = VERTEX_POINT ( 'NONE', #1686 ) ;
#2201 = VERTEX_POINT ( 'NONE', #3782 ) ;
#2202 = CIRCLE ( 'NONE', #5211, 1.700000000000007061 ) ;
#2203 = FACE_OUTER_BOUND ( 'NONE', #3180, .T. ) ;
#2204 = CARTESIAN_POINT ( 'NONE',  ( -260.0000000000002274, 0.000000000000000000, -146.8629150101527898 ) ) ;
#2205 = ADVANCED_FACE ( 'NONE', ( #3329 ), #440, .F. ) ;
#2206 = AXIS2_PLACEMENT_3D ( 'NONE', #4001, #3599, #3980 ) ;
#2207 = DIRECTION ( 'NONE',  ( -0.000000000000000000, 1.000000000000000000, -0.000000000000000000 ) ) ;
#2208 = EDGE_LOOP ( 'NONE', ( #4112, #3842, #464, #2824 ) ) ;
#2209 = DIRECTION ( 'NONE',  ( 0.000000000000000000, 0.000000000000000000, 1.000000000000000000 ) ) ;
#2210 = VECTOR ( 'NONE', #2782, 1000.000000000000000 ) ;
#2211 = DIRECTION ( 'NONE',  ( 0.000000000000000000, 0.000000000000000000, 1.000000000000000000 ) ) ;
#2212 = ORIENTED_EDGE ( 'NONE', *, *, #340, .F. ) ;
#2213 = ORIENTED_EDGE ( 'NONE', *, *, #930, .T. ) ;
#2214 = DIRECTION ( 'NONE',  ( 0.000000000000000000, 0.000000000000000000, 1.000000000000000000 ) ) ;
#2215 = EDGE_CURVE ( 'NONE', #2200, #4876, #4977, .T. ) ;
#2216 = DIRECTION ( 'NONE',  ( -0.000000000000000000, 1.000000000000000000, -0.000000000000000000 ) ) ;
#2217 = CARTESIAN_POINT ( 'NONE',  ( 169.4903320081231470, 8.673617379884035472E-16, -226.0588745030453879 ) ) ;
#2218 = FACE_BOUND ( 'NONE', #4519, .T. ) ;
#2219 = ORIENTED_EDGE ( 'NONE', *, *, #4145, .T. ) ;
#2220 = EDGE_LOOP ( 'NONE', ( #3318, #3494, #4719, #3380 ) ) ;
#2221 = DIRECTION ( 'NONE',  ( 0.000000000000000000, 0.000000000000000000, 1.000000000000000000 ) ) ;
#2222 = AXIS2_PLACEMENT_3D ( 'NONE', #3363, #867, #2528 ) ;
#2223 = CARTESIAN_POINT ( 'NONE',  ( -83.00000000000001421, 0.000000000000000000, 31.89999999999999858 ) ) ;
#2224 = CARTESIAN_POINT ( 'NONE',  ( 169.4903320081207880, 5.000000000000000000, 222.7588745030474229 ) ) ;
#2225 = ORIENTED_EDGE ( 'NONE', *, *, #3324, .T. ) ;
#2226 = CIRCLE ( 'NONE', #5146, 3.299999999999997158 ) ;
#2227 = ORIENTED_EDGE ( 'NONE', *, *, #3528, .F. ) ;
#2228 = DIRECTION ( 'NONE',  ( 0.000000000000000000, 0.000000000000000000, 1.000000000000000000 ) ) ;
#2229 = AXIS2_PLACEMENT_3D ( 'NONE', #4038, #371, #5280 ) ;
#2230 = CARTESIAN_POINT ( 'NONE',  ( -217.5735931288143661, 1.700000000000001066, 129.4207793864129030 ) ) ;
#2231 = ORIENTED_EDGE ( 'NONE', *, *, #79, .T. ) ;
#2232 = VERTEX_POINT ( 'NONE', #3705 ) ;
#2233 = VECTOR ( 'NONE', #2417, 1000.000000000000000 ) ;
#2234 = ADVANCED_FACE ( 'NONE', ( #886 ), #5238, .F. ) ;
#2235 = LINE ( 'NONE', #3099, #203 ) ;
#2236 = CYLINDRICAL_SURFACE ( 'NONE', #2476, 1.649999999999998579 ) ;
#2237 = CIRCLE ( 'NONE', #3183, 1.700000000000007061 ) ;
#2238 = EDGE_LOOP ( 'NONE', ( #3091, #2190 ) ) ;
#2239 = EDGE_CURVE ( 'NONE', #3480, #4597, #3773, .T. ) ;
#2240 = ORIENTED_EDGE ( 'NONE', *, *, #2463, .T. ) ;
#2241 = DIRECTION ( 'NONE',  ( 0.000000000000000000, 1.000000000000000000, 0.000000000000000000 ) ) ;
#2242 = EDGE_CURVE ( 'NONE', #2293, #2736, #2116, .T. ) ;
#2243 = AXIS2_PLACEMENT_3D ( 'NONE', #2975, #4608, #3033 ) ;
#2244 = CARTESIAN_POINT ( 'NONE',  ( 99.99999999999978684, 5.000000000000000000, 119.9999999999997726 ) ) ;
#2245 = FACE_BOUND ( 'NONE', #202, .T. ) ;
#2246 = ORIENTED_EDGE ( 'NONE', *, *, #3830, .F. ) ;
#2247 = ORIENTED_EDGE ( 'NONE', *, *, #1930, .T. ) ;
#2248 = DIRECTION ( 'NONE',  ( -0.000000000000000000, 1.000000000000000000, -0.000000000000000000 ) ) ;
#2249 = DIRECTION ( 'NONE',  ( -0.000000000000000000, 1.000000000000000000, -0.000000000000000000 ) ) ;
#2250 = EDGE_CURVE ( 'NONE', #4181, #2357, #3525, .T. ) ;
#2251 = DIRECTION ( 'NONE',  ( -0.000000000000000000, 1.000000000000000000, -0.000000000000000000 ) ) ;
#2252 = LINE ( 'NONE', #3118, #3348 ) ;
#2253 = COORDINATED_UNIVERSAL_TIME_OFFSET ( 8, 0, .AHEAD. ) ;
#2254 = ADVANCED_FACE ( 'NONE', ( #3036 ), #1171, .F. ) ;
#2255 = ORIENTED_EDGE ( 'NONE', *, *, #4784, .T. ) ;
#2256 = AXIS2_PLACEMENT_3D ( 'NONE', #2545, #5017, #84 ) ;
#2257 = AXIS2_PLACEMENT_3D ( 'NONE', #731, #4059, #3603 ) ;
#2258 = VERTEX_POINT ( 'NONE', #1077 ) ;
#2259 = CARTESIAN_POINT ( 'NONE',  ( 23.50000000000036948, -1.000000000000000000, 26.49999999999964828 ) ) ;
#2260 = AXIS2_PLACEMENT_3D ( 'NONE', #647, #3517, #1502 ) ;
#2261 = CARTESIAN_POINT ( 'NONE',  ( -197.7746032555863565, 5.000000000000000000, 194.4746032555820818 ) ) ;
#2262 = DIRECTION ( 'NONE',  ( -0.000000000000000000, 1.000000000000000000, -0.000000000000000000 ) ) ;
#2263 = EDGE_LOOP ( 'NONE', ( #5113, #3806, #1017, #182 ) ) ;
#2264 = VECTOR ( 'NONE', #4854, 1000.000000000000000 ) ;
#2265 = DIRECTION ( 'NONE',  ( 0.000000000000000000, 0.000000000000000000, 1.000000000000000000 ) ) ;
#2266 = LINE ( 'NONE', #1861, #4713 ) ;
#2267 = ORIENTED_EDGE ( 'NONE', *, *, #3734, .T. ) ;
#2268 = EDGE_LOOP ( 'NONE', ( #4727, #5214, #5254, #2313 ) ) ;
#2269 = LINE ( 'NONE', #610, #3492 ) ;
#2270 = DIRECTION ( 'NONE',  ( 0.000000000000000000, 0.000000000000000000, 1.000000000000000000 ) ) ;
#2271 = EDGE_CURVE ( 'NONE', #1885, #5135, #1572, .T. ) ;
#2272 = CARTESIAN_POINT ( 'NONE',  ( -197.7746032555837985, 5.000000000000000000, -199.4746032555839292 ) ) ;
#2273 = ORIENTED_EDGE ( 'NONE', *, *, #3463, .F. ) ;
#2274 = EDGE_CURVE ( 'NONE', #3055, #2362, #3, .T. ) ;
#2275 = ORIENTED_EDGE ( 'NONE', *, *, #3440, .F. ) ;
#2276 = DIRECTION ( 'NONE',  ( -0.000000000000000000, 1.000000000000000000, -0.000000000000000000 ) ) ;
#2277 = CARTESIAN_POINT ( 'NONE',  ( -146.8629150101519940, 5.000000000000000000, -259.9999999999997726 ) ) ;
#2278 = DIRECTION ( 'NONE',  ( 0.000000000000000000, 0.000000000000000000, 1.000000000000000000 ) ) ;
#2279 = DIRECTION ( 'NONE',  ( 0.000000000000000000, 0.000000000000000000, 1.000000000000000000 ) ) ;
#2280 = PERSON_AND_ORGANIZATION_ROLE ( 'creator' ) ;
#2281 = ORIENTED_EDGE ( 'NONE', *, *, #1449, .T. ) ;
#2282 = VERTEX_POINT ( 'NONE', #1397 ) ;
#2283 = CARTESIAN_POINT ( 'NONE',  ( -100.0000000000002274, 0.000000000000000000, 59.99999999999977263 ) ) ;
#2284 = EDGE_CURVE ( 'NONE', #2085, #2695, #4458, .T. ) ;
#2285 = DIRECTION ( 'NONE',  ( 0.000000000000000000, 0.000000000000000000, 1.000000000000000000 ) ) ;
#2286 = CARTESIAN_POINT ( 'NONE',  ( 99.99999999999978684, 0.000000000000000000, 59.99999999999977263 ) ) ;
#2287 = VECTOR ( 'NONE', #52, 1000.000000000000000 ) ;
#2288 = ORIENTED_EDGE ( 'NONE', *, *, #356, .F. ) ;
#2289 = CARTESIAN_POINT ( 'NONE',  ( 83.00000000000001421, 5.000000000000000000, 34.00000000000000000 ) ) ;
#2290 = CARTESIAN_POINT ( 'NONE',  ( 217.5735931288146219, 5.000000000000000000, 132.7207793864150460 ) ) ;
#2291 = AXIS2_PLACEMENT_3D ( 'NONE', #4438, #2399, #1227 ) ;
#2292 = VECTOR ( 'NONE', #2469, 1000.000000000000114 ) ;
#2293 = VERTEX_POINT ( 'NONE', #996 ) ;
#2294 = ORIENTED_EDGE ( 'NONE', *, *, #3162, .F. ) ;
#2295 = DIRECTION ( 'NONE',  ( 0.000000000000000000, 0.000000000000000000, 1.000000000000000000 ) ) ;
#2296 = LINE ( 'NONE', #715, #2626 ) ;
#2297 = EDGE_LOOP ( 'NONE', ( #2862, #3880, #3076, #3928 ) ) ;
#2298 = VERTEX_POINT ( 'NONE', #2224 ) ;
#2299 = DIRECTION ( 'NONE',  ( 0.000000000000000000, 0.000000000000000000, 1.000000000000000000 ) ) ;
#2300 = CARTESIAN_POINT ( 'NONE',  ( 169.4903320081207880, 8.673617379884035472E-16, 227.7588745030474229 ) ) ;
#2301 = ADVANCED_FACE ( 'NONE', ( #4347 ), #275, .F. ) ;
#2302 = DIRECTION ( 'NONE',  ( 0.000000000000000000, 0.000000000000000000, 1.000000000000000000 ) ) ;
#2303 = AXIS2_PLACEMENT_3D ( 'NONE', #2104, #2187, #1757 ) ;
#2304 = DIRECTION ( 'NONE',  ( -0.000000000000000000, 1.000000000000000000, -0.000000000000000000 ) ) ;
#2305 = DIRECTION ( 'NONE',  ( -0.000000000000000000, 1.000000000000000000, -0.000000000000000000 ) ) ;
#2306 = EDGE_LOOP ( 'NONE', ( #3000, #3373, #869, #4591 ) ) ;
#2307 = ORIENTED_EDGE ( 'NONE', *, *, #2006, .T. ) ;
#2308 = FACE_OUTER_BOUND ( 'NONE', #3592, .T. ) ;
#2309 = CARTESIAN_POINT ( 'NONE',  ( 99.99999999999978684, 5.000000000000000000, 59.99999999999977263 ) ) ;
#2310 = AXIS2_PLACEMENT_3D ( 'NONE', #4731, #1056, #2689 ) ;
#2311 = EDGE_CURVE ( 'NONE', #1670, #1885, #4267, .T. ) ;
#2312 = DIRECTION ( 'NONE',  ( 0.000000000000000000, 0.000000000000000000, 1.000000000000000000 ) ) ;
#2313 = ORIENTED_EDGE ( 'NONE', *, *, #2675, .F. ) ;
#2314 = DIRECTION ( 'NONE',  ( -0.000000000000000000, 1.000000000000000000, -0.000000000000000000 ) ) ;
#2315 = CONICAL_SURFACE ( 'NONE', #2059, 6.599999999999994316, 0.7853981633974480570 ) ;
#2316 = DIRECTION ( 'NONE',  ( 0.000000000000000000, 0.000000000000000000, 1.000000000000000000 ) ) ;
#2317 = CARTESIAN_POINT ( 'NONE',  ( -226.0588745030460132, 5.000000000000000000, -166.1903320081223967 ) ) ;
#2318 = ORIENTED_EDGE ( 'NONE', *, *, #814, .T. ) ;
#2319 = EDGE_CURVE ( 'NONE', #4488, #1974, #1849, .T. ) ;
#2320 = ORIENTED_EDGE ( 'NONE', *, *, #1792, .F. ) ;
#2321 = VECTOR ( 'NONE', #3152, 1000.000000000000000 ) ;
#2322 = EDGE_CURVE ( 'NONE', #3548, #4855, #4114, .T. ) ;
#2323 = EDGE_CURVE ( 'NONE', #3256, #3443, #690, .T. ) ;
#2324 = DIRECTION ( 'NONE',  ( -0.000000000000000000, 1.000000000000000000, -0.000000000000000000 ) ) ;
#2325 = AXIS2_PLACEMENT_3D ( 'NONE', #355, #3621, #3092 ) ;
#2326 = DIRECTION ( 'NONE',  ( 0.000000000000000000, 0.000000000000000000, 1.000000000000000000 ) ) ;
#2327 = EDGE_LOOP ( 'NONE', ( #1869, #2729, #987, #5256 ) ) ;
#2328 = ORIENTED_EDGE ( 'NONE', *, *, #968, .F. ) ;
#2329 = PLANE ( 'NONE',  #502 ) ;
#2330 = CIRCLE ( 'NONE', #4648, 2.100000000000004530 ) ;
#2331 = CARTESIAN_POINT ( 'NONE',  ( -226.0588745030460132, 5.000000000000000000, -172.7903320081223910 ) ) ;
#2332 = LINE ( 'NONE', #4775, #469 ) ;
#2333 = CONICAL_SURFACE ( 'NONE', #3276, 3.299999999999997158, 0.7853981633974447263 ) ;
#2334 = DIRECTION ( 'NONE',  ( 0.000000000000000000, 0.000000000000000000, 1.000000000000000000 ) ) ;
#2335 = ORIENTED_EDGE ( 'NONE', *, *, #4617, .F. ) ;
#2336 = ADVANCED_FACE ( 'NONE', ( #1823 ), #3087, .F. ) ;
#2337 = VERTEX_POINT ( 'NONE', #649 ) ;
#2338 = CIRCLE ( 'NONE', #111, 3.000000000000002665 ) ;
#2339 = CARTESIAN_POINT ( 'NONE',  ( 197.7746032555807858, 5.000000000000000000, -196.0746032555809961 ) ) ;
#2340 = EDGE_CURVE ( 'NONE', #2847, #3049, #4807, .T. ) ;
#2341 = DIRECTION ( 'NONE',  ( 0.000000000000000000, 0.000000000000000000, 1.000000000000000000 ) ) ;
#2342 = AXIS2_PLACEMENT_3D ( 'NONE', #3783, #2141, #468 ) ;
#2343 = VECTOR ( 'NONE', #960, 1000.000000000000000 ) ;
#2344 = DIRECTION ( 'NONE',  ( 0.000000000000000000, 1.000000000000000000, 0.000000000000000000 ) ) ;
#2345 = EDGE_CURVE ( 'NONE', #3921, #4674, #4696, .T. ) ;
#2346 = EDGE_LOOP ( 'NONE', ( #1238, #1326, #3875, #4586 ) ) ;
#2347 = DIRECTION ( 'NONE',  ( -0.000000000000000000, 1.000000000000000000, -0.000000000000000000 ) ) ;
#2348 = CIRCLE ( 'NONE', #1826, 1.649999999999998579 ) ;
#2349 = DIRECTION ( 'NONE',  ( -0.000000000000000000, 1.000000000000000000, -0.000000000000000000 ) ) ;
#2350 = DIRECTION ( 'NONE',  ( 0.000000000000000000, 0.000000000000000000, 1.000000000000000000 ) ) ;
#2351 = AXIS2_PLACEMENT_3D ( 'NONE', #1524, #2759, #722 ) ;
#2352 = ORIENTED_EDGE ( 'NONE', *, *, #2663, .F. ) ;
#2353 = CARTESIAN_POINT ( 'NONE',  ( 217.5735931288179756, 1.700000000000001066, -129.4207793864104872 ) ) ;
#2354 = ADVANCED_FACE ( 'NONE', ( #5100 ), #1446, .F. ) ;
#2355 = CARTESIAN_POINT ( 'NONE',  ( 30.20000000000004547, 0.000000000000000000, 114.0999999999999801 ) ) ;
#2356 = ORIENTED_EDGE ( 'NONE', *, *, #2900, .F. ) ;
#2357 = VERTEX_POINT ( 'NONE', #4244 ) ;
#2358 = DIRECTION ( 'NONE',  ( 0.000000000000000000, 0.7071067811865500152, 0.7071067811865450192 ) ) ;
#2359 = LINE ( 'NONE', #2331, #2841 ) ;
#2360 = CARTESIAN_POINT ( 'NONE',  ( 169.4903320081231470, 5.000000000000000000, -229.3588745030453708 ) ) ;
#2361 = PERSON_AND_ORGANIZATION ( #3021, #4226 ) ;
#2362 = VERTEX_POINT ( 'NONE', #1422 ) ;
#2363 = CYLINDRICAL_SURFACE ( 'NONE', #3012, 1.700000000000007061 ) ;
#2364 = DIRECTION ( 'NONE',  ( -0.000000000000000000, 1.000000000000000000, 0.000000000000000000 ) ) ;
#2365 = DIRECTION ( 'NONE',  ( 0.7071067811865486830, 0.000000000000000000, 0.7071067811865464625 ) ) ;
#2366 = DIRECTION ( 'NONE',  ( 0.000000000000000000, 0.000000000000000000, 1.000000000000000000 ) ) ;
#2367 = ORIENTED_EDGE ( 'NONE', *, *, #842, .F. ) ;
#2368 = CARTESIAN_POINT ( 'NONE',  ( -197.7746032555863565, 5.000000000000000000, 197.7746032555820648 ) ) ;
#2369 = DIRECTION ( 'NONE',  ( 0.000000000000000000, 0.000000000000000000, 1.000000000000000000 ) ) ;
#2370 = EDGE_CURVE ( 'NONE', #4064, #4949, #2252, .T. ) ;
#2371 = DIRECTION ( 'NONE',  ( -0.000000000000000000, 1.000000000000000000, -0.000000000000000000 ) ) ;
#2372 = CIRCLE ( 'NONE', #4857, 3.299999999999997158 ) ;
#2373 = VERTEX_POINT ( 'NONE', #220 ) ;
#2374 = FACE_BOUND ( 'NONE', #1603, .T. ) ;
#2375 = DIRECTION ( 'NONE',  ( -0.000000000000000000, 1.000000000000000000, -0.000000000000000000 ) ) ;
#2376 = ORIENTED_EDGE ( 'NONE', *, *, #2566, .T. ) ;
#2377 = ORIENTED_EDGE ( 'NONE', *, *, #4371, .T. ) ;
#2378 = CONICAL_SURFACE ( 'NONE', #3231, 6.599999999999994316, 0.7853981633974480570 ) ;
#2380 = EDGE_CURVE ( 'NONE', #1808, #2700, #1037, .T. ) ;
#2379 = DIRECTION ( 'NONE',  ( -0.000000000000000000, 1.000000000000000000, -0.000000000000000000 ) ) ;
#2381 = DIRECTION ( 'NONE',  ( 0.000000000000000000, 0.000000000000000000, 1.000000000000000000 ) ) ;
#2382 = CARTESIAN_POINT ( 'NONE',  ( -217.5735931288175493, 5.000000000000000000, -132.7207793864115217 ) ) ;
#2383 = ORIENTED_EDGE ( 'NONE', *, *, #926, .F. ) ;
#2384 = CARTESIAN_POINT ( 'NONE',  ( -10.19999999999995310, 5.000000000000000000, 81.90000000000001990 ) ) ;
#2385 = CARTESIAN_POINT ( 'NONE',  ( 10.20000000000004370, 5.000000000000000000, 112.0000000000000000 ) ) ;
#2386 = CARTESIAN_POINT ( 'NONE',  ( 0.000000000000000000, 0.000000000000000000, 0.000000000000000000 ) ) ;
#2387 = DIRECTION ( 'NONE',  ( 0.000000000000000000, 0.000000000000000000, 1.000000000000000000 ) ) ;
#2388 = CIRCLE ( 'NONE', #679, 1.649999999999998579 ) ;
#2389 = VERTEX_POINT ( 'NONE', #5071 ) ;
#2390 = DIRECTION ( 'NONE',  ( 0.000000000000000000, 0.000000000000000000, 1.000000000000000000 ) ) ;
#2391 = DIRECTION ( 'NONE',  ( -0.000000000000000000, 1.000000000000000000, -0.000000000000000000 ) ) ;
#2392 = CIRCLE ( 'NONE', #87, 1.700000000000007061 ) ;
#2393 = CARTESIAN_POINT ( 'NONE',  ( -217.5735931288143661, 5.000000000000000000, 136.0207793864128973 ) ) ;
#2394 = EDGE_LOOP ( 'NONE', ( #4891, #2102 ) ) ;
#2395 = EDGE_CURVE ( 'NONE', #4646, #361, #773, .T. ) ;
#2396 = EDGE_CURVE ( 'NONE', #3480, #1616, #1197, .T. ) ;
#2397 = AXIS2_PLACEMENT_3D ( 'NONE', #141, #1770, #2927 ) ;
#2398 = FACE_BOUND ( 'NONE', #3775, .T. ) ;
#2399 = DIRECTION ( 'NONE',  ( -0.000000000000000000, 1.000000000000000000, -0.000000000000000000 ) ) ;
#2400 = DIRECTION ( 'NONE',  ( 0.000000000000000000, 0.7071067811865477948, 0.7071067811865473507 ) ) ;
#2401 = VERTEX_POINT ( 'NONE', #2482 ) ;
#2402 = ORIENTED_EDGE ( 'NONE', *, *, #664, .F. ) ;
#2403 = CARTESIAN_POINT ( 'NONE',  ( -132.7207793864129712, 5.000000000000000000, 217.5735931288193399 ) ) ;
#2404 = DIRECTION ( 'NONE',  ( 0.000000000000000000, 0.000000000000000000, 1.000000000000000000 ) ) ;
#2405 = DIRECTION ( 'NONE',  ( 0.000000000000000000, 0.000000000000000000, 1.000000000000000000 ) ) ;
#2406 = ORIENTED_EDGE ( 'NONE', *, *, #3661, .T. ) ;
#2407 = EDGE_CURVE ( 'NONE', #3308, #4925, #762, .T. ) ;
#2408 = FACE_OUTER_BOUND ( 'NONE', #1362, .T. ) ;
#2409 = CIRCLE ( 'NONE', #2933, 1.649999999999998579 ) ;
#2410 = EDGE_CURVE ( 'NONE', #660, #1504, #1674, .T. ) ;
#2411 = DIRECTION ( 'NONE',  ( -0.000000000000000000, 1.000000000000000000, -0.000000000000000000 ) ) ;
#2412 = PLANE ( 'NONE',  #5267 ) ;
#2413 = ORIENTED_EDGE ( 'NONE', *, *, #2909, .T. ) ;
#2414 = CARTESIAN_POINT ( 'NONE',  ( 217.5735931288179756, 5.000000000000000000, -132.7207793864104985 ) ) ;
#2415 = AXIS2_PLACEMENT_3D ( 'NONE', #3589, #1444, #1125 ) ;
#2416 = ORIENTED_EDGE ( 'NONE', *, *, #5109, .T. ) ;
#2417 = DIRECTION ( 'NONE',  ( -0.000000000000000000, 1.000000000000000000, -0.000000000000000000 ) ) ;
#2418 = CARTESIAN_POINT ( 'NONE',  ( 226.0588745030468374, 5.000000000000000000, -169.4903320081214702 ) ) ;
#2419 = AXIS2_PLACEMENT_3D ( 'NONE', #4909, #1205, #2007 ) ;
#2420 = VECTOR ( 'NONE', #3987, 1000.000000000000000 ) ;
#2421 = CARTESIAN_POINT ( 'NONE',  ( -100.0000000000000000, 0.000000000000000000, -167.4000000000000057 ) ) ;
#2422 = ORIENTED_EDGE ( 'NONE', *, *, #1831, .F. ) ;
#2423 = ORIENTED_EDGE ( 'NONE', *, *, #2215, .F. ) ;
#2424 = LOCAL_TIME ( 20, 3, 9.000000000000000000, #2868 ) ;
#2425 = CIRCLE ( 'NONE', #2257, 2.100000000000004530 ) ;
#2426 = FACE_BOUND ( 'NONE', #2602, .T. ) ;
#2427 = CARTESIAN_POINT ( 'NONE',  ( -197.7746032555837985, 5.000000000000000000, -197.7746032555839122 ) ) ;
#2428 = DIRECTION ( 'NONE',  ( 0.000000000000000000, 0.000000000000000000, 1.000000000000000000 ) ) ;
#2429 = AXIS2_PLACEMENT_3D ( 'NONE', #4694, #1338, #448 ) ;
#2430 = ORIENTED_EDGE ( 'NONE', *, *, #639, .T. ) ;
#2431 = ORIENTED_EDGE ( 'NONE', *, *, #1372, .T. ) ;
#2432 = CARTESIAN_POINT ( 'NONE',  ( 217.5735931288179756, 5.000000000000000000, -132.7207793864104985 ) ) ;
#2433 = EDGE_CURVE ( 'NONE', #5001, #507, #1207, .T. ) ;
#2434 = CIRCLE ( 'NONE', #1483, 1.700000000000007061 ) ;
#2435 = DIRECTION ( 'NONE',  ( -0.000000000000000000, 1.000000000000000000, -0.000000000000000000 ) ) ;
#2436 = DIRECTION ( 'NONE',  ( -0.000000000000000000, 1.000000000000000000, -0.000000000000000000 ) ) ;
#2437 = ADVANCED_FACE ( 'NONE', ( #3637 ), #2830, .F. ) ;
#2438 = ORIENTED_EDGE ( 'NONE', *, *, #1530, .T. ) ;
#2439 = CARTESIAN_POINT ( 'NONE',  ( -20.85965004500278752, 5.000000000000000000, -230.8596500450027236 ) ) ;
#2440 = CARTESIAN_POINT ( 'NONE',  ( -132.7207793864151881, 1.700000000000001066, -217.5735931288129734 ) ) ;
#2441 = CARTESIAN_POINT ( 'NONE',  ( 146.8629150101519940, 5.000000000000000000, -259.9999999999998295 ) ) ;
#2442 = ORIENTED_EDGE ( 'NONE', *, *, #89, .T. ) ;
#2443 = CARTESIAN_POINT ( 'NONE',  ( -217.5735931288175493, 1.700000000000001066, -132.7207793864115217 ) ) ;
#2444 = ORIENTED_EDGE ( 'NONE', *, *, #4204, .T. ) ;
#2445 = EDGE_CURVE ( 'NONE', #3250, #6, #4954, .T. ) ;
#2446 = DIRECTION ( 'NONE',  ( -0.000000000000000000, 1.000000000000000000, -0.000000000000000000 ) ) ;
#2447 = FACE_OUTER_BOUND ( 'NONE', #1260, .T. ) ;
#2448 = DIRECTION ( 'NONE',  ( -0.000000000000000000, 1.000000000000000000, -0.000000000000000000 ) ) ;
#2449 = VERTEX_POINT ( 'NONE', #4523 ) ;
#2450 = VERTEX_POINT ( 'NONE', #428 ) ;
#2451 = FACE_BOUND ( 'NONE', #5225, .T. ) ;
#2452 = EDGE_CURVE ( 'NONE', #4552, #1858, #1276, .T. ) ;
#2453 = DIRECTION ( 'NONE',  ( -0.000000000000000000, 1.000000000000000000, -0.000000000000000000 ) ) ;
#2454 = DIRECTION ( 'NONE',  ( 0.000000000000000000, 0.000000000000000000, 1.000000000000000000 ) ) ;
#2455 = EDGE_LOOP ( 'NONE', ( #143, #1765 ) ) ;
#2456 = VERTEX_POINT ( 'NONE', #2802 ) ;
#2457 = DIRECTION ( 'NONE',  ( 0.000000000000000000, 0.000000000000000000, 1.000000000000000000 ) ) ;
#2458 = AXIS2_PLACEMENT_3D ( 'NONE', #2638, #3508, #3881 ) ;
#2459 = CARTESIAN_POINT ( 'NONE',  ( 10.20000000000004370, 5.000000000000000000, 114.1000000000000085 ) ) ;
#2460 = CARTESIAN_POINT ( 'NONE',  ( 99.99999999999978684, 5.000000000000000000, 58.34999999999977405 ) ) ;
#2461 = AXIS2_PLACEMENT_3D ( 'NONE', #5, #4840, #4455 ) ;
#2462 = ORIENTED_EDGE ( 'NONE', *, *, #3005, .F. ) ;
#2463 = EDGE_CURVE ( 'NONE', #4806, #3247, #2000, .T. ) ;
#2464 = CIRCLE ( 'NONE', #4180, 1.599999999999962563 ) ;
#2465 = DIRECTION ( 'NONE',  ( -0.000000000000000000, 1.000000000000000000, -0.000000000000000000 ) ) ;
#2466 = CARTESIAN_POINT ( 'NONE',  ( -146.8629150101519940, 5.000000000000000000, -259.9999999999997726 ) ) ;
#2467 = DIRECTION ( 'NONE',  ( 0.000000000000000000, 0.000000000000000000, 1.000000000000000000 ) ) ;
#2468 = VERTEX_POINT ( 'NONE', #4092 ) ;
#2469 = DIRECTION ( 'NONE',  ( 0.7071067811865459074, 0.000000000000000000, 0.7071067811865491270 ) ) ;
#2470 = EDGE_CURVE ( 'NONE', #2923, #4003, #1891, .T. ) ;
#2471 = EDGE_LOOP ( 'NONE', ( #3833, #4525, #2608, #4607 ) ) ;
#2472 = CARTESIAN_POINT ( 'NONE',  ( -23.50000000000019895, -1.000000000000000000, 23.50000000000020961 ) ) ;
#2473 = CYLINDRICAL_SURFACE ( 'NONE', #2429, 1.599999999999990319 ) ;
#2474 = LINE ( 'NONE', #2421, #937 ) ;
#2475 = ADVANCED_FACE ( 'NONE', ( #2858 ), #2026, .F. ) ;
#2476 = AXIS2_PLACEMENT_3D ( 'NONE', #260, #3878, #3100 ) ;
#2477 = ORIENTED_EDGE ( 'NONE', *, *, #3402, .F. ) ;
#2478 = ORIENTED_EDGE ( 'NONE', *, *, #1756, .F. ) ;
#2479 = FACE_BOUND ( 'NONE', #667, .T. ) ;
#2480 = FACE_OUTER_BOUND ( 'NONE', #3434, .T. ) ;
#2481 = EDGE_CURVE ( 'NONE', #4937, #3339, #947, .T. ) ;
#2482 = CARTESIAN_POINT ( 'NONE',  ( -146.8629150101519940, 0.000000000000000000, -259.9999999999997726 ) ) ;
#2483 = VERTEX_POINT ( 'NONE', #5306 ) ;
#2484 = VERTEX_POINT ( 'NONE', #4068 ) ;
#2485 = AXIS2_PLACEMENT_3D ( 'NONE', #2309, #3553, #628 ) ;
#2486 = CARTESIAN_POINT ( 'NONE',  ( 60.00000000000013500, 0.000000000000000000, -16.64999999999999858 ) ) ;
#2487 = EDGE_CURVE ( 'NONE', #232, #5012, #277, .T. ) ;
#2488 = CARTESIAN_POINT ( 'NONE',  ( 146.8629150101523919, 0.000000000000000000, 260.0000000000002274 ) ) ;
#2489 = AXIS2_PLACEMENT_3D ( 'NONE', #5044, #467, #4212 ) ;
#2490 = PLANE ( 'NONE',  #4327 ) ;
#2491 = ORIENTED_EDGE ( 'NONE', *, *, #4175, .F. ) ;
#2492 = AXIS2_PLACEMENT_3D ( 'NONE', #4971, #3362, #3251 ) ;
#2493 = CARTESIAN_POINT ( 'NONE',  ( -226.0588745030460132, 5.000000000000000000, -169.4903320081223796 ) ) ;
#2494 = CIRCLE ( 'NONE', #1381, 15.00000000000001421 ) ;
#2495 = LINE ( 'NONE', #3729, #3522 ) ;
#2496 = DIRECTION ( 'NONE',  ( 0.000000000000000000, 0.000000000000000000, 1.000000000000000000 ) ) ;
#2497 = ORIENTED_EDGE ( 'NONE', *, *, #831, .T. ) ;
#2498 = DIRECTION ( 'NONE',  ( -0.000000000000000000, 1.000000000000000000, -0.000000000000000000 ) ) ;
#2499 = ORIENTED_EDGE ( 'NONE', *, *, #2061, .F. ) ;
#2500 = CIRCLE ( 'NONE', #1984, 3.299999999999997158 ) ;
#2501 = FACE_OUTER_BOUND ( 'NONE', #581, .T. ) ;
#2502 = ADVANCED_FACE ( 'NONE', ( #4498 ), #3694, .F. ) ;
#2503 = DIRECTION ( 'NONE',  ( -0.000000000000000000, 1.000000000000000000, -0.000000000000000000 ) ) ;
#2504 = CIRCLE ( 'NONE', #1391, 1.700000000000007061 ) ;
#2505 = EDGE_CURVE ( 'NONE', #2673, #2009, #1378, .T. ) ;
#2506 = EDGE_LOOP ( 'NONE', ( #4961, #206, #2553, #1429 ) ) ;
#2507 = ORIENTED_EDGE ( 'NONE', *, *, #4912, .F. ) ;
#2508 = CIRCLE ( 'NONE', #1820, 6.599999999999994316 ) ;
#2509 = DIRECTION ( 'NONE',  ( -0.000000000000000000, 1.000000000000000000, -0.000000000000000000 ) ) ;
#2510 = DIRECTION ( 'NONE',  ( -0.000000000000000000, 1.000000000000000000, -0.000000000000000000 ) ) ;
#2511 = VERTEX_POINT ( 'NONE', #4791 ) ;
#2512 = CONICAL_SURFACE ( 'NONE', #3199, 6.599999999999994316, 0.7853981633974480570 ) ;
#2513 = VERTEX_POINT ( 'NONE', #1414 ) ;
#2514 = CARTESIAN_POINT ( 'NONE',  ( 132.7207793864142786, 1.700000000000001066, -217.5735931288150766 ) ) ;
#2515 = ADVANCED_FACE ( 'NONE', ( #1587 ), #313, .F. ) ;
#2516 = DIRECTION ( 'NONE',  ( 0.000000000000000000, 0.000000000000000000, 1.000000000000000000 ) ) ;
#2517 = AXIS2_PLACEMENT_3D ( 'NONE', #4074, #4098, #4153 ) ;
#2518 = CARTESIAN_POINT ( 'NONE',  ( 217.5735931288146219, 5.000000000000000000, 126.1207793864150517 ) ) ;
#2519 = ORIENTED_EDGE ( 'NONE', *, *, #4229, .F. ) ;
#2520 = AXIS2_PLACEMENT_3D ( 'NONE', #412, #2039, #3676 ) ;
#2521 = DIRECTION ( 'NONE',  ( 0.000000000000000000, 0.7071067811865477948, 0.7071067811865473507 ) ) ;
#2522 = DIRECTION ( 'NONE',  ( -0.000000000000000000, 1.000000000000000000, -0.000000000000000000 ) ) ;
#2523 = DIRECTION ( 'NONE',  ( -0.7071067811865486830, -0.000000000000000000, -0.7071067811865464625 ) ) ;
#2524 = ORIENTED_EDGE ( 'NONE', *, *, #3190, .F. ) ;
#2525 = DIRECTION ( 'NONE',  ( 0.000000000000000000, 0.000000000000000000, 1.000000000000000000 ) ) ;
#2526 = ORIENTED_EDGE ( 'NONE', *, *, #3893, .F. ) ;
#2527 = CARTESIAN_POINT ( 'NONE',  ( -59.99999999999985789, 5.000000000000000000, -2.165618536905904653E-14 ) ) ;
#2528 = DIRECTION ( 'NONE',  ( 0.000000000000000000, 0.000000000000000000, 1.000000000000000000 ) ) ;
#2529 = VERTEX_POINT ( 'NONE', #3202 ) ;
#2530 = VERTEX_POINT ( 'NONE', #1111 ) ;
#2531 = ADVANCED_FACE ( 'NONE', ( #3556 ), #4411, .F. ) ;
#2532 = CARTESIAN_POINT ( 'NONE',  ( 99.99999999999978684, 5.000000000000000000, 61.64999999999977121 ) ) ;
#2533 = DIRECTION ( 'NONE',  ( 0.000000000000000000, 0.000000000000000000, 1.000000000000000000 ) ) ;
#2534 = ORIENTED_EDGE ( 'NONE', *, *, #3567, .F. ) ;
#2535 = VERTEX_POINT ( 'NONE', #753 ) ;
#2536 = CYLINDRICAL_SURFACE ( 'NONE', #1857, 2.999999999999995559 ) ;
#2537 = CARTESIAN_POINT ( 'NONE',  ( 169.4903320081207880, 5.000000000000000000, 226.0588745030474342 ) ) ;
#2538 = CARTESIAN_POINT ( 'NONE',  ( 132.7207793864120333, 1.700000000000001066, 220.8735931288196070 ) ) ;
#2539 = EDGE_CURVE ( 'NONE', #2980, #1925, #613, .T. ) ;
#2540 = ORIENTED_EDGE ( 'NONE', *, *, #4570, .T. ) ;
#2541 = VECTOR ( 'NONE', #3104, 1000.000000000000000 ) ;
#2542 = CARTESIAN_POINT ( 'NONE',  ( 10.20000000000004370, 5.000000000000000000, 84.00000000000001421 ) ) ;
#2543 = AXIS2_PLACEMENT_3D ( 'NONE', #5228, #2699, #2326 ) ;
#2544 = CARTESIAN_POINT ( 'NONE',  ( -23.49999999999970157, 5.000000000000000000, -23.50000000000038014 ) ) ;
#2545 = CARTESIAN_POINT ( 'NONE',  ( -10.19999999999995310, 0.000000000000000000, 84.00000000000001421 ) ) ;
#2546 = ORIENTED_EDGE ( 'NONE', *, *, #315, .T. ) ;
#2547 = DIRECTION ( 'NONE',  ( 0.000000000000000000, 0.000000000000000000, 1.000000000000000000 ) ) ;
#2548 = CIRCLE ( 'NONE', #3237, 1.599999999999990319 ) ;
#2549 = ORIENTED_EDGE ( 'NONE', *, *, #5289, .F. ) ;
#2550 = DIRECTION ( 'NONE',  ( 0.000000000000000000, 0.000000000000000000, 1.000000000000000000 ) ) ;
#2551 = CARTESIAN_POINT ( 'NONE',  ( 132.7207793864120333, 5.000000000000000000, 217.5735931288195957 ) ) ;
#2552 = CIRCLE ( 'NONE', #5288, 1.599999999999990319 ) ;
#2553 = ORIENTED_EDGE ( 'NONE', *, *, #3716, .T. ) ;
#2554 = ORIENTED_EDGE ( 'NONE', *, *, #280, .T. ) ;
#2555 = LINE ( 'NONE', #4228, #3620 ) ;
#2556 = AXIS2_PLACEMENT_3D ( 'NONE', #4848, #4497, #18 ) ;
#2557 = DIRECTION ( 'NONE',  ( -0.000000000000000000, 1.000000000000000000, -0.000000000000000000 ) ) ;
#2558 = EDGE_LOOP ( 'NONE', ( #3958, #4417, #686, #875 ) ) ;
#2559 = EDGE_CURVE ( 'NONE', #527, #838, #3530, .T. ) ;
#2560 = EDGE_LOOP ( 'NONE', ( #88, #4557, #3793, #2593 ) ) ;
#2561 = DIRECTION ( 'NONE',  ( 0.000000000000000000, 0.000000000000000000, 1.000000000000000000 ) ) ;
#2562 = DIRECTION ( 'NONE',  ( 0.000000000000000000, 0.000000000000000000, 1.000000000000000000 ) ) ;
#2563 = FACE_BOUND ( 'NONE', #2932, .T. ) ;
#2564 = AXIS2_PLACEMENT_3D ( 'NONE', #970, #3411, #1314 ) ;
#2565 = ORIENTED_EDGE ( 'NONE', *, *, #3655, .T. ) ;
#2566 = EDGE_CURVE ( 'NONE', #4447, #2159, #4462, .T. ) ;
#2567 = ORIENTED_EDGE ( 'NONE', *, *, #3427, .T. ) ;
#2568 = VECTOR ( 'NONE', #2400, 999.9999999999998863 ) ;
#2569 = CARTESIAN_POINT ( 'NONE',  ( -217.5735931288175493, 8.673617379884035472E-16, -136.0207793864115331 ) ) ;
#2570 = DIRECTION ( 'NONE',  ( -0.000000000000000000, 1.000000000000000000, -0.000000000000000000 ) ) ;
#2571 = CYLINDRICAL_SURFACE ( 'NONE', #2564, 1.649999999999998579 ) ;
#2572 = CIRCLE ( 'NONE', #2489, 3.299999999999997158 ) ;
#2573 = ORIENTED_EDGE ( 'NONE', *, *, #4814, .F. ) ;
#2574 = CARTESIAN_POINT ( 'NONE',  ( 217.5735931288146219, 8.673617379884035472E-16, 129.4207793864150631 ) ) ;
#2575 = ORIENTED_EDGE ( 'NONE', *, *, #3734, .F. ) ;
#2576 = DIRECTION ( 'NONE',  ( -0.000000000000000000, 1.000000000000000000, 0.000000000000000000 ) ) ;
#2577 = ADVANCED_FACE ( 'NONE', ( #3177 ), #3181, .F. ) ;
#2578 = AXIS2_PLACEMENT_3D ( 'NONE', #3982, #2314, #2793 ) ;
#2579 = DIRECTION ( 'NONE',  ( -0.000000000000000000, 1.000000000000000000, -0.000000000000000000 ) ) ;
#2580 = CARTESIAN_POINT ( 'NONE',  ( -20.85965004500283015, 5.000000000000000000, -189.1403499549963669 ) ) ;
#2581 = CIRCLE ( 'NONE', #4730, 1.599999999999990319 ) ;
#2582 = ORIENTED_EDGE ( 'NONE', *, *, #1822, .T. ) ;
#2583 = LINE ( 'NONE', #4707, #1739 ) ;
#2584 = CIRCLE ( 'NONE', #1133, 2.100000000000004530 ) ;
#2585 = DIRECTION ( 'NONE',  ( 0.000000000000000000, 0.000000000000000000, 1.000000000000000000 ) ) ;
#2586 = VERTEX_POINT ( 'NONE', #730 ) ;
#2587 = VERTEX_POINT ( 'NONE', #706 ) ;
#2588 = LINE ( 'NONE', #1810, #494 ) ;
#2589 = CIRCLE ( 'NONE', #3019, 3.299999999999997158 ) ;
#2590 = DIRECTION ( 'NONE',  ( -0.000000000000000000, 1.000000000000000000, -0.000000000000000000 ) ) ;
#2591 = FACE_BOUND ( 'NONE', #5158, .T. ) ;
#2592 = CONICAL_SURFACE ( 'NONE', #4656, 3.299999999999997158, 0.7853981633974447263 ) ;
#2593 = ORIENTED_EDGE ( 'NONE', *, *, #605, .F. ) ;
#2594 = ORIENTED_EDGE ( 'NONE', *, *, #4443, .T. ) ;
#2595 = CIRCLE ( 'NONE', #884, 1.649999999999998579 ) ;
#2596 = DIRECTION ( 'NONE',  ( 0.000000000000000000, 0.000000000000000000, 1.000000000000000000 ) ) ;
#2597 = EDGE_CURVE ( 'NONE', #3600, #2023, #3098, .T. ) ;
#2598 = CARTESIAN_POINT ( 'NONE',  ( -169.4903320081246818, 5.000000000000000000, 226.0588745030442510 ) ) ;
#2599 = CARTESIAN_POINT ( 'NONE',  ( 10.20000000000004370, 5.000000000000000000, 112.0000000000000000 ) ) ;
#2600 = LINE ( 'NONE', #3412, #2692 ) ;
#2601 = AXIS2_PLACEMENT_3D ( 'NONE', #274, #3569, #4402 ) ;
#2602 = EDGE_LOOP ( 'NONE', ( #5053, #3860 ) ) ;
#2603 = ORIENTED_EDGE ( 'NONE', *, *, #34, .F. ) ;
#2604 = DIRECTION ( 'NONE',  ( -0.000000000000000000, 1.000000000000000000, -0.000000000000000000 ) ) ;
#2605 = FACE_OUTER_BOUND ( 'NONE', #4350, .T. ) ;
#2606 = EDGE_CURVE ( 'NONE', #2671, #4865, #530, .T. ) ;
#2607 = ORIENTED_EDGE ( 'NONE', *, *, #4105, .F. ) ;
#2608 = ORIENTED_EDGE ( 'NONE', *, *, #4947, .F. ) ;
#2609 = CARTESIAN_POINT ( 'NONE',  ( 60.00000000000013500, 1.700000000000001066, 1.609823385706476580E-12 ) ) ;
#2610 = DIRECTION ( 'NONE',  ( 0.000000000000000000, 0.000000000000000000, 1.000000000000000000 ) ) ;
#2611 = ORIENTED_EDGE ( 'NONE', *, *, #4154, .F. ) ;
#2612 = EDGE_LOOP ( 'NONE', ( #2054, #2803 ) ) ;
#2613 = DIRECTION ( 'NONE',  ( 0.000000000000000000, 0.000000000000000000, 1.000000000000000000 ) ) ;
#2614 = ADVANCED_FACE ( 'NONE', ( #1187 ), #611, .F. ) ;
#2615 = CARTESIAN_POINT ( 'NONE',  ( -226.0588745030480027, 5.000000000000000000, 167.7903320081199467 ) ) ;
#2616 = FACE_BOUND ( 'NONE', #3495, .T. ) ;
#2617 = ORIENTED_EDGE ( 'NONE', *, *, #450, .F. ) ;
#2618 = VERTEX_POINT ( 'NONE', #3954 ) ;
#2619 = LINE ( 'NONE', #514, #3612 ) ;
#2620 = CARTESIAN_POINT ( 'NONE',  ( -69.99999999999998579, -9.999999999999998224, 95.00000000000000000 ) ) ;
#2621 = DIRECTION ( 'NONE',  ( 0.000000000000000000, 0.000000000000000000, 1.000000000000000000 ) ) ;
#2622 = DATE_AND_TIME ( #997, #1652 ) ;
#2623 = EDGE_LOOP ( 'NONE', ( #418, #4770 ) ) ;
#2624 = EDGE_CURVE ( 'NONE', #4414, #3846, #1914, .T. ) ;
#2625 = ORIENTED_EDGE ( 'NONE', *, *, #4382, .T. ) ;
#2626 = VECTOR ( 'NONE', #4716, 1000.000000000000000 ) ;
#2627 = DIRECTION ( 'NONE',  ( -0.000000000000000000, 1.000000000000000000, -0.000000000000000000 ) ) ;
#2628 = FACE_OUTER_BOUND ( 'NONE', #5307, .T. ) ;
#2629 = EDGE_CURVE ( 'NONE', #3413, #2401, #186, .T. ) ;
#2630 = VECTOR ( 'NONE', #3680, 1000.000000000000000 ) ;
#2631 = VERTEX_POINT ( 'NONE', #5222 ) ;
#2632 = VERTEX_POINT ( 'NONE', #1536 ) ;
#2633 = DIRECTION ( 'NONE',  ( 8.659560562354902043E-17, 0.7071067811865500152, -0.7071067811865450192 ) ) ;
#2634 = VECTOR ( 'NONE', #2730, 1000.000000000000000 ) ;
#2635 = CARTESIAN_POINT ( 'NONE',  ( 60.00000000000013500, 5.000000000000000000, -16.64999999999999858 ) ) ;
#2636 = VERTEX_POINT ( 'NONE', #4004 ) ;
#2637 = ORIENTED_EDGE ( 'NONE', *, *, #4531, .F. ) ;
#2638 = CARTESIAN_POINT ( 'NONE',  ( 132.7207793864142786, 1.700000000000001066, -217.5735931288150766 ) ) ;
#2639 = EDGE_CURVE ( 'NONE', #4932, #685, #4816, .T. ) ;
#2640 = CARTESIAN_POINT ( 'NONE',  ( -169.4903320081246818, 5.000000000000000000, 226.0588745030442510 ) ) ;
#2641 = DIRECTION ( 'NONE',  ( -0.000000000000000000, 1.000000000000000000, -0.000000000000000000 ) ) ;
#2642 = EDGE_CURVE ( 'NONE', #3185, #3610, #3224, .T. ) ;
#2643 = FACE_BOUND ( 'NONE', #4197, .T. ) ;
#2644 = ORIENTED_EDGE ( 'NONE', *, *, #3393, .F. ) ;
#2645 = ORIENTED_EDGE ( 'NONE', *, *, #287, .T. ) ;
#2646 = CONICAL_SURFACE ( 'NONE', #4277, 3.299999999999997158, 0.7853981633974447263 ) ;
#2647 = CARTESIAN_POINT ( 'NONE',  ( 217.5735931288146219, 5.000000000000000000, 126.1207793864150517 ) ) ;
#2648 = CARTESIAN_POINT ( 'NONE',  ( 30.20000000000004192, 5.000000000000000000, 84.00000000000000000 ) ) ;
#2649 = DIRECTION ( 'NONE',  ( 0.000000000000000000, 1.000000000000000000, 0.000000000000000000 ) ) ;
#2650 = COORDINATED_UNIVERSAL_TIME_OFFSET ( 8, 0, .AHEAD. ) ;
#2651 = VERTEX_POINT ( 'NONE', #4457 ) ;
#2652 = CIRCLE ( 'NONE', #2741, 2.100000000000004530 ) ;
#2653 = ORIENTED_EDGE ( 'NONE', *, *, #3044, .F. ) ;
#2654 = LINE ( 'NONE', #4619, #452 ) ;
#2655 = EDGE_CURVE ( 'NONE', #2129, #4162, #8, .T. ) ;
#2656 = VECTOR ( 'NONE', #2198, 999.9999999999998863 ) ;
#2657 = CARTESIAN_POINT ( 'NONE',  ( 146.8629150101519940, 0.000000000000000000, -259.9999999999998295 ) ) ;
#2658 = CARTESIAN_POINT ( 'NONE',  ( -226.0588745030460132, 3.399999999999998579, -169.4903320081223796 ) ) ;
#2659 = ORIENTED_EDGE ( 'NONE', *, *, #3537, .T. ) ;
#2660 = ADVANCED_FACE ( 'NONE', ( #3456 ), #4892, .F. ) ;
#2661 = VECTOR ( 'NONE', #3683, 1000.000000000000000 ) ;
#2662 = DIRECTION ( 'NONE',  ( -0.000000000000000000, 1.000000000000000000, 0.000000000000000000 ) ) ;
#2663 = EDGE_CURVE ( 'NONE', #4239, #3481, #4296, .T. ) ;
#2664 = DIRECTION ( 'NONE',  ( 0.000000000000000000, 0.000000000000000000, 1.000000000000000000 ) ) ;
#2665 = AXIS2_PLACEMENT_3D ( 'NONE', #2493, #3728, #488 ) ;
#2666 = ORIENTED_EDGE ( 'NONE', *, *, #121, .F. ) ;
#2667 = ORIENTED_EDGE ( 'NONE', *, *, #23, .T. ) ;
#2668 = CARTESIAN_POINT ( 'NONE',  ( -100.0000000000002274, 5.000000000000000000, 58.34999999999977405 ) ) ;
#2669 = CYLINDRICAL_SURFACE ( 'NONE', #3970, 2.100000000000004530 ) ;
#2670 = FACE_OUTER_BOUND ( 'NONE', #1245, .T. ) ;
#2671 = VERTEX_POINT ( 'NONE', #1218 ) ;
#2672 = CIRCLE ( 'NONE', #3110, 2.100000000000004530 ) ;
#2673 = VERTEX_POINT ( 'NONE', #4108 ) ;
#2675 = EDGE_CURVE ( 'NONE', #361, #2337, #2848, .T. ) ;
#2674 = DIRECTION ( 'NONE',  ( 0.000000000000000000, 0.000000000000000000, 1.000000000000000000 ) ) ;
#2676 = DIRECTION ( 'NONE',  ( -0.000000000000000000, 1.000000000000000000, -0.000000000000000000 ) ) ;
#2677 = VECTOR ( 'NONE', #3839, 1000.000000000000000 ) ;
#2678 = CIRCLE ( 'NONE', #374, 1.700000000000007061 ) ;
#2679 = DIRECTION ( 'NONE',  ( 0.000000000000000000, 0.000000000000000000, 1.000000000000000000 ) ) ;
#2680 = DIRECTION ( 'NONE',  ( 0.000000000000000000, 0.000000000000000000, 1.000000000000000000 ) ) ;
#2681 = CARTESIAN_POINT ( 'NONE',  ( -30.19999999999995310, 5.000000000000000000, 81.90000000000001990 ) ) ;
#2682 = VERTEX_POINT ( 'NONE', #7 ) ;
#2683 =( GEOMETRIC_REPRESENTATION_CONTEXT ( 3 ) GLOBAL_UNCERTAINTY_ASSIGNED_CONTEXT ( ( #4060 ) ) GLOBAL_UNIT_ASSIGNED_CONTEXT ( ( #3519, #276, #4325 ) ) REPRESENTATION_CONTEXT ( 'NONE', 'WORKASPACE' ) );
#2684 = VECTOR ( 'NONE', #4276, 999.9999999999998863 ) ;
#2685 = ORIENTED_EDGE ( 'NONE', *, *, #2642, .T. ) ;
#2686 = CYLINDRICAL_SURFACE ( 'NONE', #2325, 2.100000000000004530 ) ;
#2687 = ADVANCED_FACE ( 'NONE', ( #2501 ), #4635, .F. ) ;
#2688 = AXIS2_PLACEMENT_3D ( 'NONE', #3642, #4960, #2088 ) ;
#2689 = DIRECTION ( 'NONE',  ( 0.000000000000000000, 0.000000000000000000, 1.000000000000000000 ) ) ;
#2690 = CARTESIAN_POINT ( 'NONE',  ( 60.00000000000013500, 5.000000000000000000, -13.35000000000000142 ) ) ;
#2691 = EDGE_LOOP ( 'NONE', ( #4275, #4518, #2567, #2227 ) ) ;
#2692 = VECTOR ( 'NONE', #3037, 1000.000000000000000 ) ;
#2693 = CARTESIAN_POINT ( 'NONE',  ( -169.4903320081222944, 8.673617379884035472E-16, -226.0588745030462974 ) ) ;
#2694 = CARTESIAN_POINT ( 'NONE',  ( 10.20000000000004370, 0.000000000000000000, 86.10000000000002274 ) ) ;
#2695 = VERTEX_POINT ( 'NONE', #41 ) ;
#2696 = ORIENTED_EDGE ( 'NONE', *, *, #4464, .T. ) ;
#2697 = EDGE_CURVE ( 'NONE', #4494, #3157, #3283, .T. ) ;
#2698 = CARTESIAN_POINT ( 'NONE',  ( 197.7746032555807858, 3.399999999999998579, -199.4746032555810018 ) ) ;
#2699 = DIRECTION ( 'NONE',  ( -0.000000000000000000, 1.000000000000000000, -0.000000000000000000 ) ) ;
#2700 = VERTEX_POINT ( 'NONE', #495 ) ;
#2701 = EDGE_LOOP ( 'NONE', ( #4561, #1969, #2219, #2781 ) ) ;
#2702 = ADVANCED_FACE ( 'NONE', ( #4997 ), #357, .F. ) ;
#2703 = DIRECTION ( 'NONE',  ( -0.7071067811865513475, 0.000000000000000000, 0.7071067811865436870 ) ) ;
#2704 = DIRECTION ( 'NONE',  ( -0.000000000000000000, 1.000000000000000000, -0.000000000000000000 ) ) ;
#2705 = CARTESIAN_POINT ( 'NONE',  ( -100.0000000000002274, 0.000000000000000000, 121.6499999999997783 ) ) ;
#2706 = EDGE_CURVE ( 'NONE', #413, #3889, #1719, .T. ) ;
#2707 = DIRECTION ( 'NONE',  ( -0.000000000000000000, 1.000000000000000000, -0.000000000000000000 ) ) ;
#2708 = APPLICATION_PROTOCOL_DEFINITION ( 'international standard', 'config_control_design', 1994, #3121 ) ;
#2709 = ORIENTED_EDGE ( 'NONE', *, *, #2323, .F. ) ;
#2710 = EDGE_LOOP ( 'NONE', ( #848, #5057 ) ) ;
#2711 = DIRECTION ( 'NONE',  ( 0.000000000000000000, 0.000000000000000000, 1.000000000000000000 ) ) ;
#2712 = EDGE_CURVE ( 'NONE', #249, #4336, #952, .T. ) ;
#2713 = DIRECTION ( 'NONE',  ( -0.000000000000000000, -0.000000000000000000, -1.000000000000000000 ) ) ;
#2714 = ADVANCED_FACE ( 'NONE', ( #1668 ), #3335, .F. ) ;
#2715 = EDGE_CURVE ( 'NONE', #3605, #4826, #3950, .T. ) ;
#2716 = LINE ( 'NONE', #3175, #417 ) ;
#2717 = CIRCLE ( 'NONE', #3150, 15.00000000000000000 ) ;
#2718 = EDGE_LOOP ( 'NONE', ( #51, #3852 ) ) ;
#2719 = DIRECTION ( 'NONE',  ( -0.000000000000000000, 1.000000000000000000, -0.000000000000000000 ) ) ;
#2720 = CARTESIAN_POINT ( 'NONE',  ( -100.0000000000002274, 0.000000000000000000, 59.99999999999977263 ) ) ;
#2721 = CIRCLE ( 'NONE', #920, 2.100000000000004530 ) ;
#2722 = VERTEX_POINT ( 'NONE', #419 ) ;
#2723 = VERTEX_POINT ( 'NONE', #4565 ) ;
#2724 = AXIS2_PLACEMENT_3D ( 'NONE', #1342, #3566, #3140 ) ;
#2725 = DIRECTION ( 'NONE',  ( -0.000000000000000000, 1.000000000000000000, -0.000000000000000000 ) ) ;
#2726 = DIRECTION ( 'NONE',  ( 8.659560562354931626E-17, 0.7071067811865477948, -0.7071067811865473507 ) ) ;
#2727 = ADVANCED_FACE ( 'NONE', ( #1640 ), #3695, .F. ) ;
#2728 = ORIENTED_EDGE ( 'NONE', *, *, #2340, .T. ) ;
#2729 = ORIENTED_EDGE ( 'NONE', *, *, #5181, .T. ) ;
#2730 = DIRECTION ( 'NONE',  ( -0.000000000000000000, 1.000000000000000000, -0.000000000000000000 ) ) ;
#2731 = ADVANCED_FACE ( 'NONE', ( #2072 ), #4514, .F. ) ;
#2732 = CARTESIAN_POINT ( 'NONE',  ( -30.19999999999994955, 5.000000000000000000, 114.0999999999999943 ) ) ;
#2733 = FACE_OUTER_BOUND ( 'NONE', #2910, .T. ) ;
#2734 = EDGE_CURVE ( 'NONE', #2869, #85, #1549, .T. ) ;
#2735 = VECTOR ( 'NONE', #3452, 1000.000000000000000 ) ;
#2736 = VERTEX_POINT ( 'NONE', #3758 ) ;
#2737 = ORIENTED_EDGE ( 'NONE', *, *, #3014, .F. ) ;
#2738 = AXIS2_PLACEMENT_3D ( 'NONE', #1887, #3604, #4032 ) ;
#2739 = LINE ( 'NONE', #4379, #4466 ) ;
#2740 = PLANE ( 'NONE',  #1458 ) ;
#2741 = AXIS2_PLACEMENT_3D ( 'NONE', #774, #2872, #1558 ) ;
#2742 = CARTESIAN_POINT ( 'NONE',  ( -83.00000000000001421, 5.000000000000000000, 34.00000000000000000 ) ) ;
#2743 = ORIENTED_EDGE ( 'NONE', *, *, #5294, .F. ) ;
#2744 = EDGE_CURVE ( 'NONE', #2632, #4662, #2063, .T. ) ;
#2745 = CARTESIAN_POINT ( 'NONE',  ( 23.49999999999987210, -1.000000000000000000, -23.49999999999991118 ) ) ;
#2746 = CARTESIAN_POINT ( 'NONE',  ( -59.99999999999985789, 5.000000000000000000, -13.35000000000000142 ) ) ;
#2747 = DIRECTION ( 'NONE',  ( -0.000000000000000000, 1.000000000000000000, -0.000000000000000000 ) ) ;
#2748 = EDGE_LOOP ( 'NONE', ( #3861, #922 ) ) ;
#2749 = EDGE_LOOP ( 'NONE', ( #4683, #521, #570, #4160 ) ) ;
#2750 = AXIS2_PLACEMENT_3D ( 'NONE', #2745, #1014, #1164 ) ;
#2751 = CARTESIAN_POINT ( 'NONE',  ( -217.5735931288143661, 8.673617379884035472E-16, 132.7207793864129144 ) ) ;
#2752 = VECTOR ( 'NONE', #3067, 1000.000000000000000 ) ;
#2753 = DIRECTION ( 'NONE',  ( -0.000000000000000000, 1.000000000000000000, -0.000000000000000000 ) ) ;
#2754 = ORIENTED_EDGE ( 'NONE', *, *, #3427, .F. ) ;
#2755 = ORIENTED_EDGE ( 'NONE', *, *, #377, .F. ) ;
#2756 = LINE ( 'NONE', #1597, #2210 ) ;
#2757 = AXIS2_PLACEMENT_3D ( 'NONE', #2439, #857, #4157 ) ;
#2758 = CARTESIAN_POINT ( 'NONE',  ( 226.0588745030448763, 5.000000000000000000, 166.1903320081239031 ) ) ;
#2759 = DIRECTION ( 'NONE',  ( -0.000000000000000000, 1.000000000000000000, -0.000000000000000000 ) ) ;
#2760 = VECTOR ( 'NONE', #878, 1000.000000000000000 ) ;
#2761 = APPROVAL_STATUS ( 'not_yet_approved' ) ;
#2762 = EDGE_LOOP ( 'NONE', ( #820, #4701, #600, #849 ) ) ;
#2763 = AXIS2_PLACEMENT_3D ( 'NONE', #5227, #2725, #612 ) ;
#2764 = EDGE_CURVE ( 'NONE', #2450, #4692, #2959, .T. ) ;
#2765 = CARTESIAN_POINT ( 'NONE',  ( 259.9999999999997726, 5.000000000000000000, -146.8629150101523919 ) ) ;
#2766 = FACE_OUTER_BOUND ( 'NONE', #1503, .T. ) ;
#2767 = CIRCLE ( 'NONE', #1230, 2.100000000000004530 ) ;
#2768 = CIRCLE ( 'NONE', #4834, 3.299999999999997158 ) ;
#2769 = DIRECTION ( 'NONE',  ( 0.000000000000000000, 0.000000000000000000, 1.000000000000000000 ) ) ;
#2770 = ORIENTED_EDGE ( 'NONE', *, *, #2153, .T. ) ;
#2771 = CARTESIAN_POINT ( 'NONE',  ( -100.0000000000002274, 5.000000000000000000, 119.9999999999997726 ) ) ;
#2772 = AXIS2_PLACEMENT_3D ( 'NONE', #4323, #5185, #2278 ) ;
#2773 = CARTESIAN_POINT ( 'NONE',  ( -20.85965004500278752, 0.000000000000000000, -230.8596500450027236 ) ) ;
#2774 = CARTESIAN_POINT ( 'NONE',  ( 20.85965004500326003, 0.000000000000000000, -232.4596500450028884 ) ) ;
#2775 = EDGE_CURVE ( 'NONE', #3477, #3921, #4057, .T. ) ;
#2776 = AXIS2_PLACEMENT_3D ( 'NONE', #2894, #2436, #2405 ) ;
#2777 = ORIENTED_EDGE ( 'NONE', *, *, #899, .T. ) ;
#2778 = FACE_BOUND ( 'NONE', #1278, .T. ) ;
#2779 = CYLINDRICAL_SURFACE ( 'NONE', #1777, 12.59999999999999964 ) ;
#2780 = ORIENTED_EDGE ( 'NONE', *, *, #2712, .F. ) ;
#2781 = ORIENTED_EDGE ( 'NONE', *, *, #812, .T. ) ;
#2782 = DIRECTION ( 'NONE',  ( -0.000000000000000000, 1.000000000000000000, -0.000000000000000000 ) ) ;
#2783 = EDGE_CURVE ( 'NONE', #2847, #3727, #1426, .T. ) ;
#2784 = CARTESIAN_POINT ( 'NONE',  ( 226.0588745030468374, 5.000000000000000000, -169.4903320081214702 ) ) ;
#2785 = LINE ( 'NONE', #3994, #4236 ) ;
#2786 = VERTEX_POINT ( 'NONE', #3898 ) ;
#2787 = DIRECTION ( 'NONE',  ( 0.000000000000000000, 0.000000000000000000, 1.000000000000000000 ) ) ;
#2788 = CYLINDRICAL_SURFACE ( 'NONE', #91, 2.100000000000004530 ) ;
#2789 = CARTESIAN_POINT ( 'NONE',  ( -23.49999999999970157, -1.000000000000000000, -23.50000000000038014 ) ) ;
#2790 = ADVANCED_FACE ( 'NONE', ( #2203 ), #1026, .F. ) ;
#2791 = CARTESIAN_POINT ( 'NONE',  ( -30.19999999999994955, 0.000000000000000000, 111.9999999999999858 ) ) ;
#2792 = ORIENTED_EDGE ( 'NONE', *, *, #1647, .T. ) ;
#2793 = DIRECTION ( 'NONE',  ( 0.000000000000000000, 0.000000000000000000, 1.000000000000000000 ) ) ;
#2794 = CARTESIAN_POINT ( 'NONE',  ( 197.7746032555828322, 5.000000000000000000, 197.7746032555856743 ) ) ;
#2795 = EDGE_CURVE ( 'NONE', #396, #2632, #145, .T. ) ;
#2796 = DIRECTION ( 'NONE',  ( -0.000000000000000000, 1.000000000000000000, -0.000000000000000000 ) ) ;
#2797 = AXIS2_PLACEMENT_3D ( 'NONE', #929, #4281, #3050 ) ;
#2798 = ORIENTED_EDGE ( 'NONE', *, *, #2380, .F. ) ;
#2799 = AXIS2_PLACEMENT_3D ( 'NONE', #4874, #3608, #1972 ) ;
#2800 = FACE_BOUND ( 'NONE', #563, .T. ) ;
#2801 = FACE_OUTER_BOUND ( 'NONE', #1311, .T. ) ;
#2802 = CARTESIAN_POINT ( 'NONE',  ( -10.19999999999995310, 0.000000000000000000, 109.8999999999999915 ) ) ;
#2803 = ORIENTED_EDGE ( 'NONE', *, *, #4964, .F. ) ;
#2804 = EDGE_CURVE ( 'NONE', #3413, #3185, #946, .T. ) ;
#2805 = ORIENTED_EDGE ( 'NONE', *, *, #2629, .F. ) ;
#2806 = AXIS2_PLACEMENT_3D ( 'NONE', #2580, #4221, #552 ) ;
#2807 = DIRECTION ( 'NONE',  ( 0.000000000000000000, 0.000000000000000000, 1.000000000000000000 ) ) ;
#2808 = EDGE_CURVE ( 'NONE', #4746, #3265, #2581, .T. ) ;
#2809 = DIRECTION ( 'NONE',  ( 0.000000000000000000, 0.000000000000000000, 1.000000000000000000 ) ) ;
#2810 = CYLINDRICAL_SURFACE ( 'NONE', #1309, 3.299999999999997158 ) ;
#2811 = AXIS2_PLACEMENT_3D ( 'NONE', #4748, #4215, #1689 ) ;
#2812 = ORIENTED_EDGE ( 'NONE', *, *, #881, .F. ) ;
#2813 = CYLINDRICAL_SURFACE ( 'NONE', #3535, 3.000000000000002665 ) ;
#2814 = CARTESIAN_POINT ( 'NONE',  ( 226.0588745030468374, 5.000000000000000000, -167.7903320081214531 ) ) ;
#2815 = DIRECTION ( 'NONE',  ( 0.000000000000000000, 0.000000000000000000, 1.000000000000000000 ) ) ;
#2816 = CYLINDRICAL_SURFACE ( 'NONE', #4782, 1.649999999999998579 ) ;
#2817 = AXIS2_PLACEMENT_3D ( 'NONE', #2290, #4709, #5138 ) ;
#2818 = EDGE_LOOP ( 'NONE', ( #692, #2423 ) ) ;
#2819 = DIRECTION ( 'NONE',  ( 1.889896820699097294E-16, 0.000000000000000000, 1.000000000000000000 ) ) ;
#2820 = DIRECTION ( 'NONE',  ( -0.000000000000000000, 1.000000000000000000, -0.000000000000000000 ) ) ;
#2821 = DIRECTION ( 'NONE',  ( -0.000000000000000000, 1.000000000000000000, -0.000000000000000000 ) ) ;
#2822 = EDGE_CURVE ( 'NONE', #4121, #3413, #3788, .T. ) ;
#2823 = ORIENTED_EDGE ( 'NONE', *, *, #3893, .T. ) ;
#2824 = ORIENTED_EDGE ( 'NONE', *, *, #3967, .T. ) ;
#2825 = AXIS2_PLACEMENT_3D ( 'NONE', #5133, #1454, #3094 ) ;
#2826 = EDGE_CURVE ( 'NONE', #2097, #902, #2654, .T. ) ;
#2827 = DIRECTION ( 'NONE',  ( 0.000000000000000000, 0.000000000000000000, 1.000000000000000000 ) ) ;
#2828 = DIRECTION ( 'NONE',  ( 0.000000000000000000, 0.000000000000000000, 1.000000000000000000 ) ) ;
#2829 = CARTESIAN_POINT ( 'NONE',  ( 226.0588745030448763, 5.000000000000000000, 169.4903320081239144 ) ) ;
#2830 = CONICAL_SURFACE ( 'NONE', #4376, 3.299999999999997158, 0.7853981633974447263 ) ;
#2831 = EDGE_LOOP ( 'NONE', ( #4756, #1780, #2430, #4056 ) ) ;
#2832 = ORIENTED_EDGE ( 'NONE', *, *, #2323, .T. ) ;
#2833 = DIRECTION ( 'NONE',  ( 0.000000000000000000, 0.000000000000000000, 1.000000000000000000 ) ) ;
#2834 = AXIS2_PLACEMENT_3D ( 'NONE', #891, #65, #4083 ) ;
#2835 = DIRECTION ( 'NONE',  ( 0.000000000000000000, 0.000000000000000000, 1.000000000000000000 ) ) ;
#2836 = FACE_OUTER_BOUND ( 'NONE', #4039, .T. ) ;
#2837 = ADVANCED_FACE ( 'NONE', ( #4702 ), #3040, .F. ) ;
#2838 = AXIS2_PLACEMENT_3D ( 'NONE', #1286, #2011, #2870 ) ;
#2839 = VERTEX_POINT ( 'NONE', #1828 ) ;
#2840 = CARTESIAN_POINT ( 'NONE',  ( -217.5735931288175493, 5.000000000000000000, -136.0207793864115331 ) ) ;
#2841 = VECTOR ( 'NONE', #670, 1000.000000000000000 ) ;
#2842 = FACE_OUTER_BOUND ( 'NONE', #3290, .T. ) ;
#2843 = DIRECTION ( 'NONE',  ( -0.000000000000000000, 1.000000000000000000, -0.000000000000000000 ) ) ;
#2844 = ORIENTED_EDGE ( 'NONE', *, *, #4880, .F. ) ;
#2845 = CYLINDRICAL_SURFACE ( 'NONE', #4787, 1.700000000000007061 ) ;
#2846 = AXIS2_PLACEMENT_3D ( 'NONE', #1929, #3891, #3993 ) ;
#2847 = VERTEX_POINT ( 'NONE', #3416 ) ;
#2848 = LINE ( 'NONE', #1294, #2661 ) ;
#2849 = DIRECTION ( 'NONE',  ( 0.000000000000000000, 0.000000000000000000, 1.000000000000000000 ) ) ;
#2850 = CIRCLE ( 'NONE', #3368, 2.100000000000004530 ) ;
#2851 = AXIS2_PLACEMENT_3D ( 'NONE', #900, #2154, #96 ) ;
#2852 = DIRECTION ( 'NONE',  ( -0.000000000000000000, 1.000000000000000000, -0.000000000000000000 ) ) ;
#2853 = ORIENTED_EDGE ( 'NONE', *, *, #1888, .F. ) ;
#2854 = ORIENTED_EDGE ( 'NONE', *, *, #3005, .T. ) ;
#2855 = AXIS2_PLACEMENT_3D ( 'NONE', #2693, #3071, #1033 ) ;
#2856 = FACE_BOUND ( 'NONE', #4623, .T. ) ;
#2857 = FACE_OUTER_BOUND ( 'NONE', #608, .T. ) ;
#2858 = FACE_OUTER_BOUND ( 'NONE', #1254, .T. ) ;
#2859 = VECTOR ( 'NONE', #4642, 999.9999999999998863 ) ;
#2860 = ORIENTED_EDGE ( 'NONE', *, *, #1831, .T. ) ;
#2861 = EDGE_CURVE ( 'NONE', #2651, #451, #3816, .T. ) ;
#2862 = ORIENTED_EDGE ( 'NONE', *, *, #1131, .F. ) ;
#2863 = DIRECTION ( 'NONE',  ( 0.000000000000000000, 0.000000000000000000, 1.000000000000000000 ) ) ;
#2864 = AXIS2_PLACEMENT_3D ( 'NONE', #4000, #4535, #1607 ) ;
#2865 = CARTESIAN_POINT ( 'NONE',  ( 197.7746032555828322, 5.000000000000000000, 197.7746032555856743 ) ) ;
#2866 = LINE ( 'NONE', #1258, #384 ) ;
#2867 = EDGE_CURVE ( 'NONE', #170, #4099, #4123, .T. ) ;
#2868 = COORDINATED_UNIVERSAL_TIME_OFFSET ( 8, 0, .AHEAD. ) ;
#2869 = VERTEX_POINT ( 'NONE', #5076 ) ;
#2870 = DIRECTION ( 'NONE',  ( 0.000000000000000000, 0.000000000000000000, 1.000000000000000000 ) ) ;
#2871 = ADVANCED_FACE ( 'NONE', ( #1749 ), #4190, .F. ) ;
#2872 = DIRECTION ( 'NONE',  ( -0.000000000000000000, 1.000000000000000000, -0.000000000000000000 ) ) ;
#2873 = DIRECTION ( 'NONE',  ( -0.000000000000000000, 1.000000000000000000, -0.000000000000000000 ) ) ;
#2874 = ORIENTED_EDGE ( 'NONE', *, *, #244, .T. ) ;
#2875 = DIRECTION ( 'NONE',  ( 0.000000000000000000, 0.000000000000000000, 1.000000000000000000 ) ) ;
#2876 = VERTEX_POINT ( 'NONE', #5049 ) ;
#2877 = CARTESIAN_POINT ( 'NONE',  ( 10.20000000000004370, 5.000000000000000000, 112.0000000000000000 ) ) ;
#2878 = ADVANCED_FACE ( 'NONE', ( #1403 ), #5160, .F. ) ;
#2879 = FACE_OUTER_BOUND ( 'NONE', #1005, .T. ) ;
#2880 = EDGE_CURVE ( 'NONE', #169, #270, #3446, .T. ) ;
#2881 = CYLINDRICAL_SURFACE ( 'NONE', #3249, 1.649999999999998579 ) ;
#2882 = EDGE_CURVE ( 'NONE', #2484, #1297, #2237, .T. ) ;
#2883 = ORIENTED_EDGE ( 'NONE', *, *, #2675, .T. ) ;
#2884 = ORIENTED_EDGE ( 'NONE', *, *, #3828, .T. ) ;
#2885 = FACE_BOUND ( 'NONE', #5080, .T. ) ;
#2886 = DIRECTION ( 'NONE',  ( 0.000000000000000000, 0.000000000000000000, 1.000000000000000000 ) ) ;
#2887 = CARTESIAN_POINT ( 'NONE',  ( 60.00000000000013500, 5.000000000000000000, -16.64999999999999858 ) ) ;
#2888 = VERTEX_POINT ( 'NONE', #5104 ) ;
#2889 = ORIENTED_EDGE ( 'NONE', *, *, #1351, .T. ) ;
#2890 = FACE_OUTER_BOUND ( 'NONE', #1547, .T. ) ;
#2891 = CIRCLE ( 'NONE', #2973, 2.100000000000004530 ) ;
#2893 = DIRECTION ( 'NONE',  ( 8.659560562354902043E-17, 0.7071067811865500152, -0.7071067811865450192 ) ) ;
#2892 = CC_DESIGN_DATE_AND_TIME_ASSIGNMENT ( #2622, #1850, ( #4860 ) ) ;
#2894 = CARTESIAN_POINT ( 'NONE',  ( -197.7746032555863565, 5.000000000000000000, 197.7746032555820648 ) ) ;
#2895 = VECTOR ( 'NONE', #5270, 999.9999999999998863 ) ;
#2896 = ORIENTED_EDGE ( 'NONE', *, *, #3044, .T. ) ;
#2897 = EDGE_CURVE ( 'NONE', #4398, #2529, #2494, .T. ) ;
#2898 = AXIS2_PLACEMENT_3D ( 'NONE', #1927, #4042, #2833 ) ;
#2899 = DIRECTION ( 'NONE',  ( 0.000000000000000000, 0.7071067811865470176, 0.7071067811865481278 ) ) ;
#2900 = EDGE_CURVE ( 'NONE', #270, #169, #2065, .T. ) ;
#2901 = DIRECTION ( 'NONE',  ( -0.000000000000000000, 1.000000000000000000, -0.000000000000000000 ) ) ;
#2902 = DIRECTION ( 'NONE',  ( 0.000000000000000000, 0.000000000000000000, 1.000000000000000000 ) ) ;
#2903 = EDGE_LOOP ( 'NONE', ( #2273, #1399 ) ) ;
#2904 = LINE ( 'NONE', #4919, #2292 ) ;
#2905 = EDGE_LOOP ( 'NONE', ( #1921, #1142, #1149, #536 ) ) ;
#2906 = DIRECTION ( 'NONE',  ( 0.000000000000000000, 0.000000000000000000, 1.000000000000000000 ) ) ;
#2907 = CARTESIAN_POINT ( 'NONE',  ( 70.00000000000000000, -9.999999999999998224, 65.00000000000000000 ) ) ;
#2908 = CIRCLE ( 'NONE', #4708, 1.599999999999990319 ) ;
#2909 = EDGE_CURVE ( 'NONE', #4918, #974, #571, .T. ) ;
#2910 = EDGE_LOOP ( 'NONE', ( #697, #2594, #437, #1350 ) ) ;
#2911 = ORIENTED_EDGE ( 'NONE', *, *, #2808, .T. ) ;
#2912 = CIRCLE ( 'NONE', #5143, 1.700000000000007061 ) ;
#2913 = CARTESIAN_POINT ( 'NONE',  ( -226.0588745030480027, 8.673617379884035472E-16, 167.7903320081199467 ) ) ;
#2914 = CYLINDRICAL_SURFACE ( 'NONE', #5310, 1.649999999999998579 ) ;
#2915 = DIRECTION ( 'NONE',  ( -0.000000000000000000, 1.000000000000000000, -0.000000000000000000 ) ) ;
#2916 = ORIENTED_EDGE ( 'NONE', *, *, #1079, .T. ) ;
#2917 = ORIENTED_EDGE ( 'NONE', *, *, #3521, .T. ) ;
#2918 = CIRCLE ( 'NONE', #2485, 1.649999999999998579 ) ;
#2919 = DIRECTION ( 'NONE',  ( -0.000000000000000000, 1.000000000000000000, -0.000000000000000000 ) ) ;
#2920 = DIRECTION ( 'NONE',  ( -0.000000000000000000, 1.000000000000000000, -0.000000000000000000 ) ) ;
#2921 = VECTOR ( 'NONE', #3942, 1000.000000000000000 ) ;
#2922 = CARTESIAN_POINT ( 'NONE',  ( -146.8629150101528467, 5.000000000000000000, 260.0000000000002274 ) ) ;
#2923 = VERTEX_POINT ( 'NONE', #653 ) ;
#2924 = VECTOR ( 'NONE', #2017, 1000.000000000000000 ) ;
#2925 = CARTESIAN_POINT ( 'NONE',  ( -59.99999999999985789, 5.000000000000000000, 6.599999999999980105 ) ) ;
#2926 = VECTOR ( 'NONE', #676, 1000.000000000000000 ) ;
#2927 = DIRECTION ( 'NONE',  ( 0.000000000000000000, 0.000000000000000000, 1.000000000000000000 ) ) ;
#2928 = DIRECTION ( 'NONE',  ( -0.000000000000000000, 1.000000000000000000, -0.000000000000000000 ) ) ;
#2929 = EDGE_LOOP ( 'NONE', ( #5263, #2575, #155, #4706 ) ) ;
#2930 = CARTESIAN_POINT ( 'NONE',  ( 197.7746032555807858, 5.000000000000000000, -194.4746032555810018 ) ) ;
#2931 = EDGE_CURVE ( 'NONE', #1023, #2923, #252, .T. ) ;
#2932 = EDGE_LOOP ( 'NONE', ( #3449, #2318 ) ) ;
#2933 = AXIS2_PLACEMENT_3D ( 'NONE', #1075, #4722, #3968 ) ;
#2934 = DIRECTION ( 'NONE',  ( 0.000000000000000000, 0.000000000000000000, 1.000000000000000000 ) ) ;
#2935 = CYLINDRICAL_SURFACE ( 'NONE', #520, 1.700000000000007061 ) ;
#2936 = CONICAL_SURFACE ( 'NONE', #5075, 6.599999999999994316, 0.7853981633974480570 ) ;
#2937 = VERTEX_POINT ( 'NONE', #1529 ) ;
#2938 = EDGE_LOOP ( 'NONE', ( #3609, #5315 ) ) ;
#2939 = AXIS2_PLACEMENT_3D ( 'NONE', #3315, #1379, #479 ) ;
#2940 = LINE ( 'NONE', #1327, #1139 ) ;
#2941 = ADVANCED_FACE ( 'NONE', ( #5217 ), #1639, .F. ) ;
#2942 = LINE ( 'NONE', #925, #851 ) ;
#2943 = EDGE_LOOP ( 'NONE', ( #4794, #74 ) ) ;
#2944 = CIRCLE ( 'NONE', #4138, 1.599999999999990319 ) ;
#2945 = AXIS2_PLACEMENT_3D ( 'NONE', #2045, #4412, #3631 ) ;
#2946 = ORIENTED_EDGE ( 'NONE', *, *, #2734, .F. ) ;
#2947 = LINE ( 'NONE', #4906, #250 ) ;
#2948 = DIRECTION ( 'NONE',  ( -0.000000000000000000, 1.000000000000000000, -0.000000000000000000 ) ) ;
#2949 = CIRCLE ( 'NONE', #1573, 1.599999999999962563 ) ;
#2950 = FACE_BOUND ( 'NONE', #3989, .T. ) ;
#2951 = ORIENTED_EDGE ( 'NONE', *, *, #185, .F. ) ;
#2952 = CIRCLE ( 'NONE', #386, 2.100000000000004530 ) ;
#2953 = DIRECTION ( 'NONE',  ( 0.000000000000000000, 0.000000000000000000, 1.000000000000000000 ) ) ;
#2954 = FACE_OUTER_BOUND ( 'NONE', #3462, .T. ) ;
#2955 = DIRECTION ( 'NONE',  ( 0.000000000000000000, 1.000000000000000000, 0.000000000000000000 ) ) ;
#2956 = ORIENTED_EDGE ( 'NONE', *, *, #4628, .F. ) ;
#2957 = CARTESIAN_POINT ( 'NONE',  ( -2.220446049250313081E-13, 0.000000000000000000, 20.00000000000022382 ) ) ;
#2958 = ORIENTED_EDGE ( 'NONE', *, *, #1302, .F. ) ;
#2959 = LINE ( 'NONE', #780, #2233 ) ;
#2960 = EDGE_CURVE ( 'NONE', #601, #4576, #3997, .T. ) ;
#2961 = CARTESIAN_POINT ( 'NONE',  ( 20.85965004500353714, 0.000000000000000000, -190.7403499549964749 ) ) ;
#2962 = EDGE_LOOP ( 'NONE', ( #2534, #2896, #4082, #3722 ) ) ;
#2963 = ORIENTED_EDGE ( 'NONE', *, *, #1811, .F. ) ;
#2964 = CARTESIAN_POINT ( 'NONE',  ( -132.7207793864129712, 5.000000000000000000, 217.5735931288193399 ) ) ;
#2965 = FACE_OUTER_BOUND ( 'NONE', #3042, .T. ) ;
#2966 = VERTEX_POINT ( 'NONE', #309 ) ;
#2967 = ORIENTED_EDGE ( 'NONE', *, *, #4962, .T. ) ;
#2968 = DIRECTION ( 'NONE',  ( -0.000000000000000000, 1.000000000000000000, -0.000000000000000000 ) ) ;
#2969 = CARTESIAN_POINT ( 'NONE',  ( 217.5735931288179756, 5.000000000000000000, -126.1207793864105042 ) ) ;
#2970 = FACE_BOUND ( 'NONE', #4870, .T. ) ;
#2971 = EDGE_LOOP ( 'NONE', ( #2111, #132 ) ) ;
#2972 = EDGE_LOOP ( 'NONE', ( #4128, #1871, #4198, #2737 ) ) ;
#2973 = AXIS2_PLACEMENT_3D ( 'NONE', #958, #3426, #1865 ) ;
#2974 = EDGE_CURVE ( 'NONE', #2145, #806, #4815, .T. ) ;
#2975 = CARTESIAN_POINT ( 'NONE',  ( 30.20000000000004192, 5.000000000000000000, 84.00000000000000000 ) ) ;
#2976 = CARTESIAN_POINT ( 'NONE',  ( 146.8629150101523919, 0.000000000000000000, 260.0000000000002274 ) ) ;
#2977 = CIRCLE ( 'NONE', #4352, 20.00000000000000000 ) ;
#2978 = DIRECTION ( 'NONE',  ( -0.000000000000000000, 1.000000000000000000, -0.000000000000000000 ) ) ;
#2979 = CARTESIAN_POINT ( 'NONE',  ( -197.7746032555863565, 3.399999999999998579, 197.7746032555820648 ) ) ;
#2980 = VERTEX_POINT ( 'NONE', #3976 ) ;
#2981 = CARTESIAN_POINT ( 'NONE',  ( 10.20000000000004370, 5.000000000000000000, 112.0000000000000000 ) ) ;
#2982 = CIRCLE ( 'NONE', #924, 2.100000000000004530 ) ;
#2983 = ORIENTED_EDGE ( 'NONE', *, *, #2639, .F. ) ;
#2984 = CARTESIAN_POINT ( 'NONE',  ( -146.8629150101519940, 5.000000000000000000, -259.9999999999997726 ) ) ;
#2985 = DIRECTION ( 'NONE',  ( -0.000000000000000000, 1.000000000000000000, -0.000000000000000000 ) ) ;
#2986 = ORIENTED_EDGE ( 'NONE', *, *, #665, .F. ) ;
#2987 = ORIENTED_EDGE ( 'NONE', *, *, #432, .T. ) ;
#2988 = CARTESIAN_POINT ( 'NONE',  ( -10.19999999999995310, 5.000000000000000000, 81.90000000000001990 ) ) ;
#2989 = AXIS2_PLACEMENT_3D ( 'NONE', #1571, #1196, #5305 ) ;
#2990 = CARTESIAN_POINT ( 'NONE',  ( -59.99999999999985789, 0.000000000000000000, -16.64999999999999858 ) ) ;
#2991 = EDGE_CURVE ( 'NONE', #691, #3425, #103, .T. ) ;
#2992 = ORIENTED_EDGE ( 'NONE', *, *, #881, .T. ) ;
#2993 = ORIENTED_EDGE ( 'NONE', *, *, #2505, .F. ) ;
#2994 = CARTESIAN_POINT ( 'NONE',  ( -23.49999999999970157, 0.000000000000000000, -20.50000000000038014 ) ) ;
#2995 = EDGE_CURVE ( 'NONE', #1890, #3415, #4405, .T. ) ;
#2996 = CIRCLE ( 'NONE', #1881, 1.700000000000007061 ) ;
#2997 = CYLINDRICAL_SURFACE ( 'NONE', #877, 15.00000000000001421 ) ;
#2998 = CARTESIAN_POINT ( 'NONE',  ( -59.99999999999985789, 5.000000000000000000, -15.00000000000000000 ) ) ;
#2999 = CIRCLE ( 'NONE', #4542, 3.299999999999997158 ) ;
#3000 = ORIENTED_EDGE ( 'NONE', *, *, #4735, .F. ) ;
#3001 = ORIENTED_EDGE ( 'NONE', *, *, #3334, .T. ) ;
#3002 = AXIS2_PLACEMENT_3D ( 'NONE', #4753, #2304, #2082 ) ;
#3003 = DIRECTION ( 'NONE',  ( 0.000000000000000000, 0.000000000000000000, 1.000000000000000000 ) ) ;
#3004 = DIRECTION ( 'NONE',  ( 0.000000000000000000, 0.000000000000000000, 1.000000000000000000 ) ) ;
#3005 = EDGE_CURVE ( 'NONE', #5135, #2888, #1554, .T. ) ;
#3006 = DIRECTION ( 'NONE',  ( 8.659560562354902043E-17, 0.7071067811865500152, -0.7071067811865450192 ) ) ;
#3007 = DIRECTION ( 'NONE',  ( -0.000000000000000000, 1.000000000000000000, -0.000000000000000000 ) ) ;
#3008 = AXIS2_PLACEMENT_3D ( 'NONE', #4137, #809, #2934 ) ;
#3009 = ORIENTED_EDGE ( 'NONE', *, *, #1428, .T. ) ;
#3010 = EDGE_LOOP ( 'NONE', ( #3581, #4734, #4943, #4975 ) ) ;
#3011 = DIRECTION ( 'NONE',  ( -0.7071067811865513475, 0.000000000000000000, 0.7071067811865436870 ) ) ;
#3012 = AXIS2_PLACEMENT_3D ( 'NONE', #1959, #1882, #3594 ) ;
#3013 = DIRECTION ( 'NONE',  ( 0.000000000000000000, 0.000000000000000000, 1.000000000000000000 ) ) ;
#3014 = EDGE_CURVE ( 'NONE', #2129, #4414, #1105, .T. ) ;
#3015 = ORIENTED_EDGE ( 'NONE', *, *, #4087, .T. ) ;
#3016 = CIRCLE ( 'NONE', #701, 1.649999999999998579 ) ;
#3017 = EDGE_LOOP ( 'NONE', ( #3138, #100, #2034, #1371 ) ) ;
#3018 = LINE ( 'NONE', #1299, #1736 ) ;
#3019 = AXIS2_PLACEMENT_3D ( 'NONE', #1358, #3377, #484 ) ;
#3020 = CARTESIAN_POINT ( 'NONE',  ( 226.0588745030468374, 8.673617379884035472E-16, -167.7903320081214531 ) ) ;
#3021 = PERSON ( '未', '未', '未', ('未'), ('未'), ('未') ) ;
#3022 = EDGE_LOOP ( 'NONE', ( #1644, #4318 ) ) ;
#3023 = VERTEX_POINT ( 'NONE', #329 ) ;
#3024 = CARTESIAN_POINT ( 'NONE',  ( 226.0588745030448763, 3.399999999999998579, 169.4903320081239144 ) ) ;
#3025 = AXIS2_PLACEMENT_3D ( 'NONE', #2865, #2435, #3614 ) ;
#3026 = FACE_OUTER_BOUND ( 'NONE', #908, .T. ) ;
#3027 = FACE_BOUND ( 'NONE', #2938, .T. ) ;
#3028 = CIRCLE ( 'NONE', #1568, 2.100000000000004530 ) ;
#3029 = CIRCLE ( 'NONE', #713, 3.299999999999997158 ) ;
#3030 = ADVANCED_FACE ( 'NONE', ( #1907 ), #2363, .F. ) ;
#3031 = ORIENTED_EDGE ( 'NONE', *, *, #4241, .F. ) ;
#3032 = EDGE_LOOP ( 'NONE', ( #106, #4980, #659, #3541 ) ) ;
#3033 = DIRECTION ( 'NONE',  ( 0.000000000000000000, 0.000000000000000000, 1.000000000000000000 ) ) ;
#3034 = ADVANCED_FACE ( 'NONE', ( #4758 ), #3524, .F. ) ;
#3035 = DIRECTION ( 'NONE',  ( 0.000000000000000000, 0.000000000000000000, 1.000000000000000000 ) ) ;
#3036 = FACE_OUTER_BOUND ( 'NONE', #499, .T. ) ;
#3037 = DIRECTION ( 'NONE',  ( -0.000000000000000000, 1.000000000000000000, -0.000000000000000000 ) ) ;
#3038 = ORIENTED_EDGE ( 'NONE', *, *, #2345, .F. ) ;
#3039 = ORIENTED_EDGE ( 'NONE', *, *, #5314, .T. ) ;
#3040 = CYLINDRICAL_SURFACE ( 'NONE', #4640, 2.100000000000004530 ) ;
#3041 = CARTESIAN_POINT ( 'NONE',  ( 132.7207793864142786, 1.700000000000001066, -220.8735931288150880 ) ) ;
#3042 = EDGE_LOOP ( 'NONE', ( #3089, #538, #2126, #3486 ) ) ;
#3043 = EDGE_LOOP ( 'NONE', ( #1651, #2137, #3572, #3419 ) ) ;
#3044 = EDGE_CURVE ( 'NONE', #1611, #4343, #5159, .T. ) ;
#3045 = CARTESIAN_POINT ( 'NONE',  ( 226.0588745030448763, 5.000000000000000000, 172.7903320081238974 ) ) ;
#3046 = EDGE_CURVE ( 'NONE', #2258, #4099, #4423, .T. ) ;
#3047 = CARTESIAN_POINT ( 'NONE',  ( -100.0000000000002274, 5.000000000000000000, 59.99999999999977263 ) ) ;
#3048 = ORIENTED_EDGE ( 'NONE', *, *, #1975, .F. ) ;
#3049 = VERTEX_POINT ( 'NONE', #4023 ) ;
#3050 = DIRECTION ( 'NONE',  ( 0.000000000000000000, 0.000000000000000000, 1.000000000000000000 ) ) ;
#3051 = DIRECTION ( 'NONE',  ( 0.000000000000000000, 0.000000000000000000, 1.000000000000000000 ) ) ;
#3052 = CARTESIAN_POINT ( 'NONE',  ( 23.50000000000036948, 5.000000000000000000, 26.49999999999964828 ) ) ;
#3053 = FACE_BOUND ( 'NONE', #1659, .T. ) ;
#3054 = EDGE_LOOP ( 'NONE', ( #3710, #459 ) ) ;
#3055 = VERTEX_POINT ( 'NONE', #282 ) ;
#3056 = ADVANCED_FACE ( 'NONE', ( #2308 ), #2686, .F. ) ;
#3057 = CARTESIAN_POINT ( 'NONE',  ( -217.5735931288175493, 1.700000000000001066, -129.4207793864115388 ) ) ;
#3058 = CARTESIAN_POINT ( 'NONE',  ( -30.19999999999995310, 0.000000000000000000, 81.90000000000001990 ) ) ;
#3059 = DIRECTION ( 'NONE',  ( -0.000000000000000000, 1.000000000000000000, -0.000000000000000000 ) ) ;
#3060 = VECTOR ( 'NONE', #508, 1000.000000000000000 ) ;
#3061 = DIRECTION ( 'NONE',  ( -0.000000000000000000, 1.000000000000000000, -0.000000000000000000 ) ) ;
#3062 = EDGE_CURVE ( 'NONE', #1885, #2373, #3101, .T. ) ;
#3063 = ORIENTED_EDGE ( 'NONE', *, *, #2042, .F. ) ;
#3064 = ORIENTED_EDGE ( 'NONE', *, *, #225, .T. ) ;
#3065 = EDGE_CURVE ( 'NONE', #5007, #1858, #4300, .T. ) ;
#3066 = CIRCLE ( 'NONE', #4176, 1.599999999999962563 ) ;
#3067 = DIRECTION ( 'NONE',  ( -1.000000000000000000, -0.000000000000000000, 1.889896820699104937E-16 ) ) ;
#3068 = CARTESIAN_POINT ( 'NONE',  ( 259.9999999999997726, 5.000000000000000000, -146.8629150101523919 ) ) ;
#3069 = CARTESIAN_POINT ( 'NONE',  ( 226.0588745030448763, 5.000000000000000000, 169.4903320081239144 ) ) ;
#3070 = ORIENTED_EDGE ( 'NONE', *, *, #1049, .F. ) ;
#3071 = DIRECTION ( 'NONE',  ( -0.000000000000000000, 1.000000000000000000, -0.000000000000000000 ) ) ;
#3072 = AXIS2_PLACEMENT_3D ( 'NONE', #2414, #4511, #836 ) ;
#3073 = DIRECTION ( 'NONE',  ( 0.000000000000000000, 0.000000000000000000, 1.000000000000000000 ) ) ;
#3074 = EDGE_CURVE ( 'NONE', #3610, #4454, #5192, .T. ) ;
#3075 = ORIENTED_EDGE ( 'NONE', *, *, #829, .T. ) ;
#3076 = ORIENTED_EDGE ( 'NONE', *, *, #4154, .T. ) ;
#3077 = DIRECTION ( 'NONE',  ( -0.000000000000000000, 1.000000000000000000, -0.000000000000000000 ) ) ;
#3078 = CARTESIAN_POINT ( 'NONE',  ( 217.5735931288146219, 8.673617379884035472E-16, 136.0207793864150574 ) ) ;
#3079 = CYLINDRICAL_SURFACE ( 'NONE', #4428, 3.000000000000002665 ) ;
#3080 = EDGE_LOOP ( 'NONE', ( #1384, #757, #1450, #1223 ) ) ;
#3081 = EDGE_LOOP ( 'NONE', ( #3912, #3672 ) ) ;
#3082 = AXIS2_PLACEMENT_3D ( 'NONE', #1784, #2557, #1328 ) ;
#3083 = FACE_OUTER_BOUND ( 'NONE', #2263, .T. ) ;
#3084 = CARTESIAN_POINT ( 'NONE',  ( 0.000000000000000000, 5.000000000000000000, -139.9999999999998579 ) ) ;
#3085 = CIRCLE ( 'NONE', #765, 1.599999999999990319 ) ;
#3086 = CARTESIAN_POINT ( 'NONE',  ( -217.5735931288143661, 8.673617379884035472E-16, 129.4207793864129030 ) ) ;
#3087 = CYLINDRICAL_SURFACE ( 'NONE', #95, 2.100000000000004530 ) ;
#3088 = APPROVAL_STATUS ( 'not_yet_approved' ) ;
#3089 = ORIENTED_EDGE ( 'NONE', *, *, #4392, .F. ) ;
#3090 = CIRCLE ( 'NONE', #2825, 15.00000000000000000 ) ;
#3091 = ORIENTED_EDGE ( 'NONE', *, *, #10, .T. ) ;
#3092 = DIRECTION ( 'NONE',  ( 0.000000000000000000, 0.000000000000000000, 1.000000000000000000 ) ) ;
#3093 = CIRCLE ( 'NONE', #609, 3.000000000000002665 ) ;
#3094 = DIRECTION ( 'NONE',  ( 0.000000000000000000, 0.000000000000000000, 1.000000000000000000 ) ) ;
#3095 = EDGE_CURVE ( 'NONE', #1754, #270, #2739, .T. ) ;
#3096 = CARTESIAN_POINT ( 'NONE',  ( 132.7207793864142786, 8.673617379884035472E-16, -217.5735931288150766 ) ) ;
#3097 = VERTEX_POINT ( 'NONE', #4100 ) ;
#3098 = CIRCLE ( 'NONE', #3268, 1.649999999999998579 ) ;
#3099 = CARTESIAN_POINT ( 'NONE',  ( 226.0588745030468374, 5.000000000000000000, -172.7903320081214531 ) ) ;
#3100 = DIRECTION ( 'NONE',  ( 0.000000000000000000, 0.000000000000000000, 1.000000000000000000 ) ) ;
#3101 = CIRCLE ( 'NONE', #3354, 1.700000000000007061 ) ;
#3102 = EDGE_LOOP ( 'NONE', ( #3682, #5250 ) ) ;
#3103 = VERTEX_POINT ( 'NONE', #4963 ) ;
#3104 = DIRECTION ( 'NONE',  ( 8.659560562354902043E-17, 0.7071067811865500152, -0.7071067811865450192 ) ) ;
#3105 = ADVANCED_FACE ( 'NONE', ( #3328 ), #4983, .F. ) ;
#3106 = CIRCLE ( 'NONE', #5164, 6.599999999999994316 ) ;
#3107 = DIRECTION ( 'NONE',  ( 0.000000000000000000, 0.000000000000000000, 1.000000000000000000 ) ) ;
#3108 = DIRECTION ( 'NONE',  ( 0.000000000000000000, 0.000000000000000000, 1.000000000000000000 ) ) ;
#3109 = ORIENTED_EDGE ( 'NONE', *, *, #166, .F. ) ;
#3110 = AXIS2_PLACEMENT_3D ( 'NONE', #25, #461, #2809 ) ;
#3111 = EDGE_LOOP ( 'NONE', ( #4238, #1031, #4930, #512 ) ) ;
#3112 = DIRECTION ( 'NONE',  ( -0.000000000000000000, 1.000000000000000000, -0.000000000000000000 ) ) ;
#3113 = DIRECTION ( 'NONE',  ( 0.000000000000000000, 0.000000000000000000, 1.000000000000000000 ) ) ;
#3114 = ADVANCED_FACE ( 'NONE', ( #3703 ), #4532, .F. ) ;
#3115 = VECTOR ( 'NONE', #1070, 1000.000000000000000 ) ;
#3116 = FACE_OUTER_BOUND ( 'NONE', #4046, .T. ) ;
#3117 = EDGE_CURVE ( 'NONE', #2700, #2085, #4886, .T. ) ;
#3118 = CARTESIAN_POINT ( 'NONE',  ( 132.7207793864120333, 5.000000000000000000, 220.8735931288196070 ) ) ;
#3119 = DIRECTION ( 'NONE',  ( -0.000000000000000000, 1.000000000000000000, -0.000000000000000000 ) ) ;
#3120 = ORIENTED_EDGE ( 'NONE', *, *, #3558, .T. ) ;
#3121 = APPLICATION_CONTEXT ( 'configuration controlled 3d designs of mechanical parts and assemblies' ) ;
#3122 = VECTOR ( 'NONE', #2094, 1000.000000000000000 ) ;
#3123 = AXIS2_PLACEMENT_3D ( 'NONE', #4763, #2349, #1860 ) ;
#3124 = ORIENTED_EDGE ( 'NONE', *, *, #4010, .F. ) ;
#3125 = DIRECTION ( 'NONE',  ( 0.000000000000000000, 0.000000000000000000, 1.000000000000000000 ) ) ;
#3126 = DIRECTION ( 'NONE',  ( -0.7071067811865462405, 0.000000000000000000, 0.7071067811865489050 ) ) ;
#3127 = CARTESIAN_POINT ( 'NONE',  ( 30.20000000000004547, 5.000000000000000000, 114.0999999999999801 ) ) ;
#3128 = ORIENTED_EDGE ( 'NONE', *, *, #3292, .F. ) ;
#3129 = ADVANCED_FACE ( 'NONE', ( #2113 ), #4211, .F. ) ;
#3130 = DIRECTION ( 'NONE',  ( 0.000000000000000000, 0.000000000000000000, 1.000000000000000000 ) ) ;
#3131 = CARTESIAN_POINT ( 'NONE',  ( 70.00000000000000000, 0.000000000000000000, 80.00000000000000000 ) ) ;
#3132 = ORIENTED_EDGE ( 'NONE', *, *, #2168, .T. ) ;
#3133 = ADVANCED_FACE ( 'NONE', ( #5317 ), #2813, .F. ) ;
#3134 = EDGE_LOOP ( 'NONE', ( #3768, #149, #2540, #2246 ) ) ;
#3135 = EDGE_CURVE ( 'NONE', #2586, #3310, #1633, .T. ) ;
#3136 = FACE_OUTER_BOUND ( 'NONE', #3565, .T. ) ;
#3137 = DIRECTION ( 'NONE',  ( -0.000000000000000000, 1.000000000000000000, -0.000000000000000000 ) ) ;
#3138 = ORIENTED_EDGE ( 'NONE', *, *, #4007, .F. ) ;
#3139 = ORIENTED_EDGE ( 'NONE', *, *, #4126, .F. ) ;
#3140 = DIRECTION ( 'NONE',  ( 0.000000000000000000, 0.000000000000000000, 1.000000000000000000 ) ) ;
#3141 = DIRECTION ( 'NONE',  ( -0.000000000000000000, 1.000000000000000000, -0.000000000000000000 ) ) ;
#3142 = CARTESIAN_POINT ( 'NONE',  ( -20.85965004500283015, 0.000000000000000000, -187.5403499549963726 ) ) ;
#3143 = APPROVAL_ROLE ( '' ) ;
#3144 = EDGE_CURVE ( 'NONE', #3023, #3339, #57, .T. ) ;
#3145 = ORIENTED_EDGE ( 'NONE', *, *, #262, .F. ) ;
#3146 = VERTEX_POINT ( 'NONE', #409 ) ;
#3147 = DIRECTION ( 'NONE',  ( -0.000000000000000000, -1.000000000000000000, -0.000000000000000000 ) ) ;
#3148 = CARTESIAN_POINT ( 'NONE',  ( 100.0000000000000000, 0.000000000000000000, -180.0000000000000000 ) ) ;
#3149 = DIRECTION ( 'NONE',  ( -0.000000000000000000, 1.000000000000000000, -0.000000000000000000 ) ) ;
#3150 = AXIS2_PLACEMENT_3D ( 'NONE', #1038, #2241, #2613 ) ;
#3151 = ORIENTED_EDGE ( 'NONE', *, *, #1859, .T. ) ;
#3152 = DIRECTION ( 'NONE',  ( 0.000000000000000000, 0.7071067811865500152, 0.7071067811865450192 ) ) ;
#3153 = CARTESIAN_POINT ( 'NONE',  ( -217.5735931288143661, 5.000000000000000000, 126.1207793864129201 ) ) ;
#3154 = LINE ( 'NONE', #2317, #3761 ) ;
#3155 = CLOSED_SHELL ( 'NONE', ( #1158, #1762, #279, #3944, #1466, #2614, #447, #3195, #3232, #4650, #2702, #5106, #825, #2205, #3777, #3664, #5261, #1747, #4305, #2790, #115, #1438, #3458, #523, #542, #4077, #4116, #5174, #4481, #4788, #1126, #4579, #2837, #1152, #2515, #2101, #2354, #1141, #3822, #3617, #1028, #1259, #1189, #4409, #3114, #975, #3034, #3105, #2074, #3267, #1667, #4686, #4432, #2437, #1144, #4050, #330, #1332, #2660, #1693, #4273, #2234, #1775, #4896, #983, #2941, #3172, #3129, #4767, #672, #1009, #392, #4549, #1608, #3992, #4861, #1855, #588, #5079, #2021, #215, #3305, #4061, #4974, #2301, #2531, #5022, #3133, #2731, #577, #3862, #4390, #3668, #1681, #2051, #5098, #4629, #3030, #5186, #2475, #1615, #3779, #2577, #4638, #478, #2254, #732, #1162, #810, #1752, #1581, #2502, #2727, #5274, #3684, #4566, #1361, #1732, #382, #1526, #3849, #1783, #2714, #1922, #2336, #803, #985, #5230, #4406, #3056, #3650, #4670, #1847, #4063, #5041, #4184, #4140, #1721, #1766, #4995, #422, #2878, #4899, #2176, #146, #5168, #4593, #1095, #486, #2687, #4715, #1532, #2871, #2155, #1626, #1169, #2108, #1520 ) ) ;
#3156 = EDGE_LOOP ( 'NONE', ( #4851, #1163, #175, #2028 ) ) ;
#3157 = VERTEX_POINT ( 'NONE', #3274 ) ;
#3158 = CIRCLE ( 'NONE', #3072, 6.599999999999994316 ) ;
#3159 = DIRECTION ( 'NONE',  ( 0.000000000000000000, 0.000000000000000000, 1.000000000000000000 ) ) ;
#3160 = CARTESIAN_POINT ( 'NONE',  ( 23.49999999999987210, 0.000000000000000000, -20.49999999999991473 ) ) ;
#3161 = ORIENTED_EDGE ( 'NONE', *, *, #3074, .T. ) ;
#3162 = EDGE_CURVE ( 'NONE', #3415, #407, #2156, .T. ) ;
#3163 = ORIENTED_EDGE ( 'NONE', *, *, #3699, .F. ) ;
#3164 = FACE_OUTER_BOUND ( 'NONE', #5141, .T. ) ;
#3165 = CARTESIAN_POINT ( 'NONE',  ( -226.0588745030480027, 5.000000000000000000, 166.1903320081199524 ) ) ;
#3166 = CARTESIAN_POINT ( 'NONE',  ( 217.5735931288179756, 5.000000000000000000, -139.3207793864104929 ) ) ;
#3167 = AXIS2_PLACEMENT_3D ( 'NONE', #5029, #4254, #3423 ) ;
#3168 = DATE_TIME_ROLE ( 'classification_date' ) ;
#3169 = ORIENTED_EDGE ( 'NONE', *, *, #2882, .F. ) ;
#3170 = EDGE_LOOP ( 'NONE', ( #1390, #5087, #988, #1586 ) ) ;
#3171 = DIRECTION ( 'NONE',  ( -0.000000000000000000, 1.000000000000000000, -0.000000000000000000 ) ) ;
#3172 = ADVANCED_FACE ( 'NONE', ( #2408 ), #4938, .F. ) ;
#3173 = CARTESIAN_POINT ( 'NONE',  ( -20.85965004500283015, -19.00000000000000000, -187.5403499549963726 ) ) ;
#3174 = AXIS2_PLACEMENT_3D ( 'NONE', #226, #1854, #3498 ) ;
#3175 = CARTESIAN_POINT ( 'NONE',  ( 10.20000000000004370, 5.000000000000000000, 86.10000000000002274 ) ) ;
#3176 = ORIENTED_EDGE ( 'NONE', *, *, #2171, .F. ) ;
#3177 = FACE_OUTER_BOUND ( 'NONE', #5020, .T. ) ;
#3178 = DIRECTION ( 'NONE',  ( 0.000000000000000000, 0.000000000000000000, 1.000000000000000000 ) ) ;
#3179 = DIRECTION ( 'NONE',  ( 0.000000000000000000, 0.000000000000000000, 1.000000000000000000 ) ) ;
#3180 = EDGE_LOOP ( 'NONE', ( #3512, #3945, #5081, #4820 ) ) ;
#3181 = CONICAL_SURFACE ( 'NONE', #1295, 3.299999999999997158, 0.7853981633974447263 ) ;
#3182 = FACE_BOUND ( 'NONE', #1073, .T. ) ;
#3183 = AXIS2_PLACEMENT_3D ( 'NONE', #1800, #2604, #3870 ) ;
#3184 = FACE_OUTER_BOUND ( 'NONE', #2506, .T. ) ;
#3185 = VERTEX_POINT ( 'NONE', #5287 ) ;
#3186 = ORIENTED_EDGE ( 'NONE', *, *, #2783, .F. ) ;
#3187 = CARTESIAN_POINT ( 'NONE',  ( 60.00000000000013500, 1.700000000000001066, -3.299999999998387779 ) ) ;
#3188 = AXIS2_PLACEMENT_3D ( 'NONE', #1047, #2704, #324 ) ;
#3189 = CARTESIAN_POINT ( 'NONE',  ( -23.50000000000019895, 5.000000000000000000, 23.50000000000020961 ) ) ;
#3190 = EDGE_CURVE ( 'NONE', #4099, #170, #2330, .T. ) ;
#3191 = DIRECTION ( 'NONE',  ( 0.000000000000000000, 0.000000000000000000, 1.000000000000000000 ) ) ;
#3192 = CIRCLE ( 'NONE', #3877, 1.700000000000007061 ) ;
#3193 = VERTEX_POINT ( 'NONE', #1261 ) ;
#3194 = AXIS2_PLACEMENT_3D ( 'NONE', #787, #4822, #1971 ) ;
#3195 = ADVANCED_FACE ( 'NONE', ( #4076 ), #1582, .F. ) ;
#3196 = CARTESIAN_POINT ( 'NONE',  ( -169.4903320081222944, 5.000000000000000000, -226.0588745030462974 ) ) ;
#3197 = LINE ( 'NONE', #1936, #1032 ) ;
#3198 = CYLINDRICAL_SURFACE ( 'NONE', #2520, 1.700000000000007061 ) ;
#3199 = AXIS2_PLACEMENT_3D ( 'NONE', #1886, #4792, #1112 ) ;
#3200 = DIRECTION ( 'NONE',  ( -0.000000000000000000, 1.000000000000000000, -0.000000000000000000 ) ) ;
#3201 = ORIENTED_EDGE ( 'NONE', *, *, #4392, .T. ) ;
#3202 = CARTESIAN_POINT ( 'NONE',  ( 0.000000000000000000, 5.000000000000000000, -124.9999999999998295 ) ) ;
#3203 = CIRCLE ( 'NONE', #4321, 1.700000000000007061 ) ;
#3204 = DIRECTION ( 'NONE',  ( 0.000000000000000000, 0.000000000000000000, 1.000000000000000000 ) ) ;
#3205 = DIRECTION ( 'NONE',  ( 0.000000000000000000, 1.000000000000000000, 0.000000000000000000 ) ) ;
#3206 = EDGE_CURVE ( 'NONE', #548, #562, #1209, .T. ) ;
#3207 = AXIS2_PLACEMENT_3D ( 'NONE', #5242, #332, #2467 ) ;
#3208 = ORIENTED_EDGE ( 'NONE', *, *, #5096, .T. ) ;
#3209 = FACE_BOUND ( 'NONE', #4813, .T. ) ;
#3210 = FACE_OUTER_BOUND ( 'NONE', #2268, .T. ) ;
#3211 = CARTESIAN_POINT ( 'NONE',  ( -2.220446049250313081E-13, -1.000000000000000000, 2.220446049250313081E-13 ) ) ;
#3212 = ORIENTED_EDGE ( 'NONE', *, *, #842, .T. ) ;
#3213 = ORIENTED_EDGE ( 'NONE', *, *, #1092, .F. ) ;
#3214 = CYLINDRICAL_SURFACE ( 'NONE', #2898, 3.299999999999997158 ) ;
#3215 = CARTESIAN_POINT ( 'NONE',  ( 20.85965004500353714, -19.00000000000000000, -189.1403499549965090 ) ) ;
#3216 = DIRECTION ( 'NONE',  ( -0.000000000000000000, 1.000000000000000000, -0.000000000000000000 ) ) ;
#3217 = ORIENTED_EDGE ( 'NONE', *, *, #2180, .T. ) ;
#3218 = EDGE_CURVE ( 'NONE', #3256, #2449, #1684, .T. ) ;
#3219 = CARTESIAN_POINT ( 'NONE',  ( -100.0000000000002274, 5.000000000000000000, 119.9999999999997726 ) ) ;
#3220 = LINE ( 'NONE', #3278, #1992 ) ;
#3221 = CARTESIAN_POINT ( 'NONE',  ( 99.99999999999978684, 0.000000000000000000, 118.3499999999997812 ) ) ;
#3222 = EDGE_CURVE ( 'NONE', #3185, #2511, #4914, .T. ) ;
#3223 = ORIENTED_EDGE ( 'NONE', *, *, #1240, .F. ) ;
#3224 = LINE ( 'NONE', #5246, #3441 ) ;
#3225 = CARTESIAN_POINT ( 'NONE',  ( 20.85965004500353714, -19.00000000000000000, -189.1403499549965090 ) ) ;
#3226 = DIRECTION ( 'NONE',  ( 0.000000000000000000, 0.000000000000000000, 1.000000000000000000 ) ) ;
#3227 = AXIS2_PLACEMENT_3D ( 'NONE', #2432, #850, #822 ) ;
#3228 = ORIENTED_EDGE ( 'NONE', *, *, #2663, .T. ) ;
#3229 = VERTEX_POINT ( 'NONE', #830 ) ;
#3230 = FACE_BOUND ( 'NONE', #616, .T. ) ;
#3231 = AXIS2_PLACEMENT_3D ( 'NONE', #703, #5163, #285 ) ;
#3232 = ADVANCED_FACE ( 'NONE', ( #2091 ), #4907, .F. ) ;
#3233 = CARTESIAN_POINT ( 'NONE',  ( -100.0000000000002274, 0.000000000000000000, 119.9999999999997726 ) ) ;
#3234 = DIRECTION ( 'NONE',  ( 0.000000000000000000, 0.000000000000000000, 1.000000000000000000 ) ) ;
#3235 = ORIENTED_EDGE ( 'NONE', *, *, #2271, .T. ) ;
#3236 = VERTEX_POINT ( 'NONE', #910 ) ;
#3237 = AXIS2_PLACEMENT_3D ( 'NONE', #1977, #349, #5257 ) ;
#3238 = CARTESIAN_POINT ( 'NONE',  ( -23.50000000000019895, 5.000000000000000000, 23.50000000000020961 ) ) ;
#3239 = DIRECTION ( 'NONE',  ( 0.000000000000000000, 0.000000000000000000, 1.000000000000000000 ) ) ;
#3240 = LINE ( 'NONE', #4935, #2264 ) ;
#3241 = CIRCLE ( 'NONE', #153, 12.59999999999999964 ) ;
#3242 = VERTEX_POINT ( 'NONE', #5067 ) ;
#3243 = DIRECTION ( 'NONE',  ( -0.000000000000000000, 1.000000000000000000, -0.000000000000000000 ) ) ;
#3244 = VECTOR ( 'NONE', #3397, 1000.000000000000000 ) ;
#3245 = CARTESIAN_POINT ( 'NONE',  ( -132.7207793864151881, 1.700000000000001066, -217.5735931288129734 ) ) ;
#3246 = FACE_OUTER_BOUND ( 'NONE', #2929, .T. ) ;
#3247 = VERTEX_POINT ( 'NONE', #966 ) ;
#3248 = DIRECTION ( 'NONE',  ( -0.000000000000000000, 1.000000000000000000, -0.000000000000000000 ) ) ;
#3249 = AXIS2_PLACEMENT_3D ( 'NONE', #4844, #2796, #449 ) ;
#3250 = VERTEX_POINT ( 'NONE', #3057 ) ;
#3251 = DIRECTION ( 'NONE',  ( 0.000000000000000000, 0.000000000000000000, 1.000000000000000000 ) ) ;
#3252 = DIRECTION ( 'NONE',  ( -0.000000000000000000, 1.000000000000000000, -0.000000000000000000 ) ) ;
#3253 = EDGE_CURVE ( 'NONE', #3902, #1080, #2584, .T. ) ;
#3254 = AXIS2_PLACEMENT_3D ( 'NONE', #2599, #489, #113 ) ;
#3255 = DIRECTION ( 'NONE',  ( 0.000000000000000000, 0.000000000000000000, 1.000000000000000000 ) ) ;
#3256 = VERTEX_POINT ( 'NONE', #2569 ) ;
#3257 = ORIENTED_EDGE ( 'NONE', *, *, #2239, .T. ) ;
#3258 = AXIS2_PLACEMENT_3D ( 'NONE', #566, #1476, #3838 ) ;
#3259 = EDGE_CURVE ( 'NONE', #4181, #423, #2619, .T. ) ;
#3260 = FACE_BOUND ( 'NONE', #1044, .T. ) ;
#3261 = CARTESIAN_POINT ( 'NONE',  ( -100.0000000000000000, 0.000000000000000000, -180.0000000000000000 ) ) ;
#3262 = DIRECTION ( 'NONE',  ( -0.000000000000000000, 1.000000000000000000, -0.000000000000000000 ) ) ;
#3263 = AXIS2_PLACEMENT_3D ( 'NONE', #1812, #2216, #3856 ) ;
#3264 = ORIENTED_EDGE ( 'NONE', *, *, #58, .T. ) ;
#3265 = VERTEX_POINT ( 'NONE', #3809 ) ;
#3267 = ADVANCED_FACE ( 'NONE', ( #1313 ), #2333, .F. ) ;
#3266 = LINE ( 'NONE', #5009, #3060 ) ;
#3268 = AXIS2_PLACEMENT_3D ( 'NONE', #2771, #2347, #5197 ) ;
#3269 = DIRECTION ( 'NONE',  ( 0.000000000000000000, 0.000000000000000000, 1.000000000000000000 ) ) ;
#3270 = FACE_OUTER_BOUND ( 'NONE', #401, .T. ) ;
#3271 = AXIS2_PLACEMENT_3D ( 'NONE', #3473, #1373, #597 ) ;
#3272 = ORIENTED_EDGE ( 'NONE', *, *, #4513, .F. ) ;
#3273 = EDGE_CURVE ( 'NONE', #3731, #170, #1819, .T. ) ;
#3274 = CARTESIAN_POINT ( 'NONE',  ( 146.8629150101523919, 5.000000000000000000, 260.0000000000002274 ) ) ;
#3275 = EDGE_CURVE ( 'NONE', #548, #993, #3874, .T. ) ;
#3276 = AXIS2_PLACEMENT_3D ( 'NONE', #4208, #5042, #3778 ) ;
#3277 = FACE_OUTER_BOUND ( 'NONE', #3990, .T. ) ;
#3278 = CARTESIAN_POINT ( 'NONE',  ( 217.5735931288146219, 5.000000000000000000, 139.3207793864150403 ) ) ;
#3279 = VERTEX_POINT ( 'NONE', #620 ) ;
#3280 = CARTESIAN_POINT ( 'NONE',  ( 217.5735931288179756, 8.673617379884035472E-16, -132.7207793864104985 ) ) ;
#3281 = CIRCLE ( 'NONE', #1561, 1.599999999999990319 ) ;
#3282 = ORIENTED_EDGE ( 'NONE', *, *, #2092, .T. ) ;
#3283 = LINE ( 'NONE', #4163, #955 ) ;
#3284 = DIRECTION ( 'NONE',  ( -0.000000000000000000, 1.000000000000000000, -0.000000000000000000 ) ) ;
#3285 = AXIS2_PLACEMENT_3D ( 'NONE', #5072, #1288, #168 ) ;
#3286 = AXIS2_PLACEMENT_3D ( 'NONE', #1040, #4314, #3536 ) ;
#3287 = DIRECTION ( 'NONE',  ( 0.000000000000000000, 0.000000000000000000, 1.000000000000000000 ) ) ;
#3288 = ORIENTED_EDGE ( 'NONE', *, *, #4962, .F. ) ;
#3289 = CC_DESIGN_PERSON_AND_ORGANIZATION_ASSIGNMENT ( #4911, #406, ( #3969 ) ) ;
#3290 = EDGE_LOOP ( 'NONE', ( #2166, #4846, #3879, #4976 ) ) ;
#3291 = CIRCLE ( 'NONE', #37, 3.299999999999997158 ) ;
#3292 = EDGE_CURVE ( 'NONE', #4949, #293, #5097, .T. ) ;
#3293 = FACE_OUTER_BOUND ( 'NONE', #2306, .T. ) ;
#3294 = DIRECTION ( 'NONE',  ( -0.000000000000000000, 1.000000000000000000, -0.000000000000000000 ) ) ;
#3295 = DIRECTION ( 'NONE',  ( -0.000000000000000000, 1.000000000000000000, -0.000000000000000000 ) ) ;
#3296 = AXIS2_PLACEMENT_3D ( 'NONE', #3302, #2031, #3725 ) ;
#3297 = EDGE_LOOP ( 'NONE', ( #4396, #882, #5201, #903 ) ) ;
#3298 = ORIENTED_EDGE ( 'NONE', *, *, #4020, .T. ) ;
#3299 = CARTESIAN_POINT ( 'NONE',  ( -169.4903320081246818, 3.399999999999998579, 227.7588745030442396 ) ) ;
#3300 = EDGE_CURVE ( 'NONE', #2682, #6, #286, .T. ) ;
#3301 = DIRECTION ( 'NONE',  ( -0.000000000000000000, 1.000000000000000000, -0.000000000000000000 ) ) ;
#3302 = CARTESIAN_POINT ( 'NONE',  ( -10.19999999999995310, 5.000000000000000000, 112.0000000000000000 ) ) ;
#3303 = EDGE_LOOP ( 'NONE', ( #2911, #5025 ) ) ;
#3304 = CARTESIAN_POINT ( 'NONE',  ( 23.50000000000036948, -1.000000000000000000, 23.49999999999964473 ) ) ;
#3305 = ADVANCED_FACE ( 'NONE', ( #4242 ), #3383, .F. ) ;
#3306 = DIRECTION ( 'NONE',  ( -0.000000000000000000, 1.000000000000000000, -0.000000000000000000 ) ) ;
#3307 = CARTESIAN_POINT ( 'NONE',  ( -30.19999999999995310, 0.000000000000000000, 86.10000000000002274 ) ) ;
#3308 = VERTEX_POINT ( 'NONE', #540 ) ;
#3309 = DIRECTION ( 'NONE',  ( -0.000000000000000000, -1.000000000000000000, -0.000000000000000000 ) ) ;
#3310 = VERTEX_POINT ( 'NONE', #3835 ) ;
#3311 = DIRECTION ( 'NONE',  ( -0.000000000000000000, 1.000000000000000000, -0.000000000000000000 ) ) ;
#3312 = CARTESIAN_POINT ( 'NONE',  ( 226.0588745030448763, 5.000000000000000000, 169.4903320081239144 ) ) ;
#3313 = VERTEX_POINT ( 'NONE', #2647 ) ;
#3314 = ORIENTED_EDGE ( 'NONE', *, *, #4020, .F. ) ;
#3315 = CARTESIAN_POINT ( 'NONE',  ( -69.99999999999998579, -9.999999999999998224, 80.00000000000000000 ) ) ;
#3316 = CYLINDRICAL_SURFACE ( 'NONE', #497, 2.100000000000004530 ) ;
#3317 = CARTESIAN_POINT ( 'NONE',  ( 60.00000000000013500, 8.673617379884035472E-16, 1.609823385706476580E-12 ) ) ;
#3318 = ORIENTED_EDGE ( 'NONE', *, *, #5240, .F. ) ;
#3319 = EDGE_LOOP ( 'NONE', ( #3298, #4981, #3947, #3151, #3975, #4262, #4366, #2685 ) ) ;
#3320 = CARTESIAN_POINT ( 'NONE',  ( 20.85965004500326003, 0.000000000000000000, -230.8596500450028941 ) ) ;
#3321 = CIRCLE ( 'NONE', #326, 2.100000000000004530 ) ;
#3322 = CARTESIAN_POINT ( 'NONE',  ( 60.00000000000013500, 5.000000000000000000, -13.35000000000000142 ) ) ;
#3323 = CARTESIAN_POINT ( 'NONE',  ( -100.0000000000000000, 5.000000000000000000, -167.4000000000000057 ) ) ;
#3324 = EDGE_CURVE ( 'NONE', #2184, #5302, #17, .T. ) ;
#3325 = VECTOR ( 'NONE', #4134, 1000.000000000000000 ) ;
#3326 = ORIENTED_EDGE ( 'NONE', *, *, #53, .F. ) ;
#3327 = AXIS2_PLACEMENT_3D ( 'NONE', #5232, #2379, #1548 ) ;
#3328 = FACE_OUTER_BOUND ( 'NONE', #5064, .T. ) ;
#3329 = FACE_OUTER_BOUND ( 'NONE', #2297, .T. ) ;
#3330 = LINE ( 'NONE', #1398, #2164 ) ;
#3331 = ORIENTED_EDGE ( 'NONE', *, *, #771, .T. ) ;
#3332 = FACE_OUTER_BOUND ( 'NONE', #5190, .T. ) ;
#3333 = ORIENTED_EDGE ( 'NONE', *, *, #930, .F. ) ;
#3334 = EDGE_CURVE ( 'NONE', #660, #737, #1813, .T. ) ;
#3335 = CYLINDRICAL_SURFACE ( 'NONE', #3351, 2.100000000000004530 ) ;
#3336 = CARTESIAN_POINT ( 'NONE',  ( -226.0588745030460132, 5.000000000000000000, -169.4903320081223796 ) ) ;
#3337 = VECTOR ( 'NONE', #2747, 1000.000000000000000 ) ;
#3338 = ORIENTED_EDGE ( 'NONE', *, *, #2744, .T. ) ;
#3339 = VERTEX_POINT ( 'NONE', #4291 ) ;
#3340 = CONICAL_SURFACE ( 'NONE', #436, 3.299999999999997158, 0.7853981633974447263 ) ;
#3341 = DIRECTION ( 'NONE',  ( 0.000000000000000000, 0.000000000000000000, 1.000000000000000000 ) ) ;
#3342 = LINE ( 'NONE', #1806, #2735 ) ;
#3343 = VERTEX_POINT ( 'NONE', #4641 ) ;
#3344 = ORIENTED_EDGE ( 'NONE', *, *, #1487, .F. ) ;
#3345 = VECTOR ( 'NONE', #1482, 1000.000000000000000 ) ;
#3346 = CARTESIAN_POINT ( 'NONE',  ( -132.7207793864151881, 5.000000000000000000, -220.8735931288129564 ) ) ;
#3347 = CARTESIAN_POINT ( 'NONE',  ( -100.0000000000002274, 5.000000000000000000, 121.6499999999997783 ) ) ;
#3348 = VECTOR ( 'NONE', #3894, 1000.000000000000000 ) ;
#3349 = FACE_BOUND ( 'NONE', #3896, .T. ) ;
#3350 = VERTEX_POINT ( 'NONE', #994 ) ;
#3351 = AXIS2_PLACEMENT_3D ( 'NONE', #2877, #3311, #4489 ) ;
#3352 = EDGE_CURVE ( 'NONE', #2298, #675, #4819, .T. ) ;
#3353 = DIRECTION ( 'NONE',  ( -0.000000000000000000, 1.000000000000000000, -0.000000000000000000 ) ) ;
#3354 = AXIS2_PLACEMENT_3D ( 'NONE', #4729, #1055, #4783 ) ;
#3355 = CARTESIAN_POINT ( 'NONE',  ( -226.0588745030480027, 8.673617379884035472E-16, 171.1903320081199524 ) ) ;
#3356 = FACE_OUTER_BOUND ( 'NONE', #4192, .T. ) ;
#3357 = EDGE_LOOP ( 'NONE', ( #5165, #1596, #1116, #729 ) ) ;
#3358 = FACE_OUTER_BOUND ( 'NONE', #125, .T. ) ;
#3359 = EDGE_CURVE ( 'NONE', #2023, #3600, #3016, .T. ) ;
#3360 = ORIENTED_EDGE ( 'NONE', *, *, #4464, .F. ) ;
#3361 = AXIS2_PLACEMENT_3D ( 'NONE', #3189, #694, #1873 ) ;
#3362 = DIRECTION ( 'NONE',  ( -0.000000000000000000, 1.000000000000000000, -0.000000000000000000 ) ) ;
#3363 = CARTESIAN_POINT ( 'NONE',  ( 132.7207793864142786, 5.000000000000000000, -217.5735931288150766 ) ) ;
#3364 = AXIS2_PLACEMENT_3D ( 'NONE', #350, #4959, #3269 ) ;
#3365 = DIRECTION ( 'NONE',  ( -0.000000000000000000, 1.000000000000000000, -0.000000000000000000 ) ) ;
#3366 = ORIENTED_EDGE ( 'NONE', *, *, #2090, .T. ) ;
#3367 = EDGE_CURVE ( 'NONE', #2106, #1115, #1386, .T. ) ;
#3368 = AXIS2_PLACEMENT_3D ( 'NONE', #4585, #1315, #2496 ) ;
#3369 = AXIS2_PLACEMENT_3D ( 'NONE', #2964, #2186, #2209 ) ;
#3370 = CARTESIAN_POINT ( 'NONE',  ( 197.7746032555828322, 5.000000000000000000, 197.7746032555856743 ) ) ;
#3371 = DIRECTION ( 'NONE',  ( -0.000000000000000000, 1.000000000000000000, -0.000000000000000000 ) ) ;
#3372 = EDGE_CURVE ( 'NONE', #3897, #451, #1475, .T. ) ;
#3373 = ORIENTED_EDGE ( 'NONE', *, *, #871, .T. ) ;
#3374 = VECTOR ( 'NONE', #5083, 1000.000000000000000 ) ;
#3375 = ORIENTED_EDGE ( 'NONE', *, *, #1880, .T. ) ;
#3376 = CARTESIAN_POINT ( 'NONE',  ( -132.7207793864129712, 5.000000000000000000, 210.9735931288193171 ) ) ;
#3377 = DIRECTION ( 'NONE',  ( -0.000000000000000000, 1.000000000000000000, -0.000000000000000000 ) ) ;
#3378 = CIRCLE ( 'NONE', #5264, 3.299999999999997158 ) ;
#3379 = FACE_BOUND ( 'NONE', #2040, .T. ) ;
#3380 = ORIENTED_EDGE ( 'NONE', *, *, #1709, .T. ) ;
#3381 = ORIENTED_EDGE ( 'NONE', *, *, #2395, .T. ) ;
#3382 = CONICAL_SURFACE ( 'NONE', #474, 6.599999999999994316, 0.7853981633974480570 ) ;
#3383 = PLANE ( 'NONE',  #964 ) ;
#3384 = DIRECTION ( 'NONE',  ( -0.000000000000000000, 1.000000000000000000, 0.000000000000000000 ) ) ;
#3385 = DIRECTION ( 'NONE',  ( 0.000000000000000000, 0.000000000000000000, 1.000000000000000000 ) ) ;
#3386 = CARTESIAN_POINT ( 'NONE',  ( -226.0588745030480027, 5.000000000000000000, 169.4903320081199354 ) ) ;
#3387 = ORIENTED_EDGE ( 'NONE', *, *, #1224, .T. ) ;
#3388 = FACE_OUTER_BOUND ( 'NONE', #4833, .T. ) ;
#3389 = ORIENTED_EDGE ( 'NONE', *, *, #3528, .T. ) ;
#3390 = DIRECTION ( 'NONE',  ( 0.000000000000000000, 0.000000000000000000, 1.000000000000000000 ) ) ;
#3391 = EDGE_CURVE ( 'NONE', #4289, #1051, #872, .T. ) ;
#3392 = FACE_OUTER_BOUND ( 'NONE', #4577, .T. ) ;
#3393 = EDGE_CURVE ( 'NONE', #3564, #2201, #2500, .T. ) ;
#3394 = CARTESIAN_POINT ( 'NONE',  ( 23.49999999999987210, -1.000000000000000000, -20.49999999999991473 ) ) ;
#3395 = ORIENTED_EDGE ( 'NONE', *, *, #130, .F. ) ;
#3396 = DIRECTION ( 'NONE',  ( 0.000000000000000000, 0.7071067811865477948, 0.7071067811865473507 ) ) ;
#3397 = DIRECTION ( 'NONE',  ( -0.000000000000000000, 1.000000000000000000, -0.000000000000000000 ) ) ;
#3398 = EDGE_LOOP ( 'NONE', ( #1622, #1035, #3713, #5094 ) ) ;
#3399 = VERTEX_POINT ( 'NONE', #1100 ) ;
#3400 = DIRECTION ( 'NONE',  ( 0.000000000000000000, 0.000000000000000000, 1.000000000000000000 ) ) ;
#3401 = ADVANCED_BREP_SHAPE_REPRESENTATION ( 'part_dipan_1', ( #3689, #4316 ), #2683 ) ;
#3402 = EDGE_CURVE ( 'NONE', #63, #1504, #2409, .T. ) ;
#3403 = CARTESIAN_POINT ( 'NONE',  ( 10.20000000000004370, 0.000000000000000000, 81.90000000000001990 ) ) ;
#3404 = FACE_BOUND ( 'NONE', #2710, .T. ) ;
#3405 = EDGE_LOOP ( 'NONE', ( #2402, #2002, #1864, #2554 ) ) ;
#3406 = ORIENTED_EDGE ( 'NONE', *, *, #3948, .T. ) ;
#3407 = AXIS2_PLACEMENT_3D ( 'NONE', #4527, #4122, #2086 ) ;
#3408 = CARTESIAN_POINT ( 'NONE',  ( -260.0000000000002274, 5.000000000000000000, -146.8629150101527898 ) ) ;
#3409 = CARTESIAN_POINT ( 'NONE',  ( -132.7207793864151881, 1.700000000000001066, -220.8735931288129564 ) ) ;
#3410 = AXIS2_PLACEMENT_3D ( 'NONE', #2443, #3708, #2096 ) ;
#3411 = DIRECTION ( 'NONE',  ( -0.000000000000000000, 1.000000000000000000, -0.000000000000000000 ) ) ;
#3412 = CARTESIAN_POINT ( 'NONE',  ( -59.99999999999985789, 5.000000000000000000, -16.64999999999999858 ) ) ;
#3413 = VERTEX_POINT ( 'NONE', #2277 ) ;
#3414 = AXIS2_PLACEMENT_3D ( 'NONE', #2403, #1150, #2807 ) ;
#3415 = VERTEX_POINT ( 'NONE', #1501 ) ;
#3416 = CARTESIAN_POINT ( 'NONE',  ( 23.50000000000036948, 0.000000000000000000, 26.49999999999964828 ) ) ;
#3417 = CARTESIAN_POINT ( 'NONE',  ( -100.0000000000002274, 5.000000000000000000, 119.9999999999997726 ) ) ;
#3418 = ORIENTED_EDGE ( 'NONE', *, *, #5023, .T. ) ;
#3419 = ORIENTED_EDGE ( 'NONE', *, *, #2539, .T. ) ;
#3420 = EDGE_CURVE ( 'NONE', #4597, #3480, #2071, .T. ) ;
#3421 = DIRECTION ( 'NONE',  ( -0.000000000000000000, 1.000000000000000000, -0.000000000000000000 ) ) ;
#3422 = AXIS2_PLACEMENT_3D ( 'NONE', #1836, #3580, #684 ) ;
#3423 = DIRECTION ( 'NONE',  ( 0.000000000000000000, 0.000000000000000000, 1.000000000000000000 ) ) ;
#3424 = ORIENTED_EDGE ( 'NONE', *, *, #2215, .T. ) ;
#3425 = VERTEX_POINT ( 'NONE', #721 ) ;
#3426 = DIRECTION ( 'NONE',  ( -0.000000000000000000, 1.000000000000000000, -0.000000000000000000 ) ) ;
#3427 = EDGE_CURVE ( 'NONE', #4679, #4524, #4303, .T. ) ;
#3428 = CONICAL_SURFACE ( 'NONE', #4194, 3.299999999999997158, 0.7853981633974447263 ) ;
#3429 = DIRECTION ( 'NONE',  ( -0.000000000000000000, 1.000000000000000000, -0.000000000000000000 ) ) ;
#3430 = FACE_BOUND ( 'NONE', #2623, .T. ) ;
#3431 = VECTOR ( 'NONE', #3899, 999.9999999999998863 ) ;
#3432 = EDGE_LOOP ( 'NONE', ( #1417, #1156, #4728, #4 ) ) ;
#3433 = EDGE_CURVE ( 'NONE', #3889, #413, #193, .T. ) ;
#3434 = EDGE_LOOP ( 'NONE', ( #4747, #4500, #5031, #631 ) ) ;
#3435 = AXIS2_PLACEMENT_3D ( 'NONE', #3211, #592, #2621 ) ;
#3436 = CARTESIAN_POINT ( 'NONE',  ( -132.7207793864129712, 8.673617379884035472E-16, 217.5735931288193399 ) ) ;
#3437 = CARTESIAN_POINT ( 'NONE',  ( -169.4903320081246818, 5.000000000000000000, 226.0588745030442510 ) ) ;
#3438 = CARTESIAN_POINT ( 'NONE',  ( 0.000000000000000000, 0.000000000000000000, -139.9999999999998579 ) ) ;
#3439 = CARTESIAN_POINT ( 'NONE',  ( 60.00000000000013500, 5.000000000000000000, 1.609823385706476580E-12 ) ) ;
#3440 = EDGE_CURVE ( 'NONE', #85, #2869, #622, .T. ) ;
#3441 = VECTOR ( 'NONE', #2819, 1000.000000000000000 ) ;
#3442 = ORIENTED_EDGE ( 'NONE', *, *, #2505, .T. ) ;
#3443 = VERTEX_POINT ( 'NONE', #4751 ) ;
#3444 = EDGE_CURVE ( 'NONE', #334, #4384, #366, .T. ) ;
#3445 = CARTESIAN_POINT ( 'NONE',  ( 132.7207793864120333, 5.000000000000000000, 217.5735931288195957 ) ) ;
#3446 = CIRCLE ( 'NONE', #3871, 1.649999999999998579 ) ;
#3447 = DIRECTION ( 'NONE',  ( 0.000000000000000000, 0.000000000000000000, 1.000000000000000000 ) ) ;
#3448 = EDGE_LOOP ( 'NONE', ( #2356, #4680 ) ) ;
#3449 = ORIENTED_EDGE ( 'NONE', *, *, #4040, .T. ) ;
#3450 = LINE ( 'NONE', #2746, #1656 ) ;
#3451 = CIRCLE ( 'NONE', #4652, 3.299999999999997158 ) ;
#3452 = DIRECTION ( 'NONE',  ( -0.000000000000000000, 1.000000000000000000, -0.000000000000000000 ) ) ;
#3453 = ORIENTED_EDGE ( 'NONE', *, *, #5162, .T. ) ;
#3454 = VERTEX_POINT ( 'NONE', #3515 ) ;
#3455 = CARTESIAN_POINT ( 'NONE',  ( -23.50000000000019895, 0.000000000000000000, 26.50000000000020250 ) ) ;
#3456 = FACE_OUTER_BOUND ( 'NONE', #2560, .T. ) ;
#3457 = CYLINDRICAL_SURFACE ( 'NONE', #1817, 1.700000000000007061 ) ;
#3458 = ADVANCED_FACE ( 'NONE', ( #4774 ), #3787, .F. ) ;
#3459 = FACE_BOUND ( 'NONE', #2718, .T. ) ;
#3460 = AXIS2_PLACEMENT_3D ( 'NONE', #1903, #5155, #221 ) ;
#3461 = AXIS2_PLACEMENT_3D ( 'NONE', #3983, #1641, #2369 ) ;
#3462 = EDGE_LOOP ( 'NONE', ( #3038, #1129, #312, #763 ) ) ;
#3463 = EDGE_CURVE ( 'NONE', #6, #2682, #3106, .T. ) ;
#3464 = VERTEX_POINT ( 'NONE', #1153 ) ;
#3465 = CIRCLE ( 'NONE', #2601, 1.700000000000007061 ) ;
#3466 = DIRECTION ( 'NONE',  ( 0.000000000000000000, 0.000000000000000000, 1.000000000000000000 ) ) ;
#3467 = CYLINDRICAL_SURFACE ( 'NONE', #4490, 3.299999999999997158 ) ;
#3468 = CARTESIAN_POINT ( 'NONE',  ( 217.5735931288179756, 5.000000000000000000, -139.3207793864104929 ) ) ;
#3469 = MECHANICAL_CONTEXT ( 'NONE', #4762, 'mechanical' ) ;
#3470 = AXIS2_PLACEMENT_3D ( 'NONE', #4645, #567, #2199 ) ;
#3471 = ORIENTED_EDGE ( 'NONE', *, *, #5240, .T. ) ;
#3472 = EDGE_LOOP ( 'NONE', ( #1024, #2754 ) ) ;
#3473 = CARTESIAN_POINT ( 'NONE',  ( 132.7207793864142786, 5.000000000000000000, -217.5735931288150766 ) ) ;
#3474 = EDGE_CURVE ( 'NONE', #4662, #4987, #2359, .T. ) ;
#3475 = CARTESIAN_POINT ( 'NONE',  ( -30.19999999999994955, 5.000000000000000000, 111.9999999999999858 ) ) ;
#3476 = CARTESIAN_POINT ( 'NONE',  ( 226.0588745030468374, 5.000000000000000000, -171.1903320081214872 ) ) ;
#3477 = VERTEX_POINT ( 'NONE', #5152 ) ;
#3478 = LINE ( 'NONE', #3045, #3974 ) ;
#3479 = CYLINDRICAL_SURFACE ( 'NONE', #1538, 15.00000000000001421 ) ;
#3480 = VERTEX_POINT ( 'NONE', #1473 ) ;
#3481 = VERTEX_POINT ( 'NONE', #2300 ) ;
#3482 = CARTESIAN_POINT ( 'NONE',  ( 132.7207793864142786, 1.700000000000001066, -214.2735931288150937 ) ) ;
#3483 = CARTESIAN_POINT ( 'NONE',  ( -23.49999999999970157, -1.000000000000000000, -20.50000000000038014 ) ) ;
#3484 = CARTESIAN_POINT ( 'NONE',  ( -197.7746032555863565, 5.000000000000000000, 197.7746032555820648 ) ) ;
#3485 = ORIENTED_EDGE ( 'NONE', *, *, #4073, .T. ) ;
#3486 = ORIENTED_EDGE ( 'NONE', *, *, #506, .F. ) ;
#3487 = CARTESIAN_POINT ( 'NONE',  ( -59.99999999999985789, 5.000000000000000000, -3.300000000000018918 ) ) ;
#3488 = CARTESIAN_POINT ( 'NONE',  ( -217.5735931288175493, 5.000000000000000000, -132.7207793864115217 ) ) ;
#3489 = EDGE_CURVE ( 'NONE', #5074, #4540, #4910, .T. ) ;
#3490 = FACE_OUTER_BOUND ( 'NONE', #3032, .T. ) ;
#3491 = DIRECTION ( 'NONE',  ( 8.659560562354931626E-17, 0.7071067811865477948, -0.7071067811865473507 ) ) ;
#3492 = VECTOR ( 'NONE', #1839, 1000.000000000000000 ) ;
#3493 = PERSON_AND_ORGANIZATION ( #3021, #4226 ) ;
#3494 = ORIENTED_EDGE ( 'NONE', *, *, #3747, .F. ) ;
#3495 = EDGE_LOOP ( 'NONE', ( #3981, #5281 ) ) ;
#3496 = CIRCLE ( 'NONE', #157, 1.700000000000007061 ) ;
#3497 = CARTESIAN_POINT ( 'NONE',  ( -10.19999999999995310, 5.000000000000000000, 84.00000000000001421 ) ) ;
#3498 = DIRECTION ( 'NONE',  ( 0.000000000000000000, 0.000000000000000000, 1.000000000000000000 ) ) ;
#3499 = VECTOR ( 'NONE', #322, 1000.000000000000000 ) ;
#3500 = EDGE_CURVE ( 'NONE', #2529, #4398, #4220, .T. ) ;
#3501 = CARTESIAN_POINT ( 'NONE',  ( -69.99999999999998579, 5.000000000000000000, 80.00000000000000000 ) ) ;
#3502 = EDGE_LOOP ( 'NONE', ( #4093, #2637 ) ) ;
#3503 = CARTESIAN_POINT ( 'NONE',  ( 132.7207793864120333, 8.673617379884035472E-16, 217.5735931288195957 ) ) ;
#3504 = AXIS2_PLACEMENT_3D ( 'NONE', #519, #2144, #1746 ) ;
#3505 = CYLINDRICAL_SURFACE ( 'NONE', #2817, 3.299999999999997158 ) ;
#3506 = EDGE_LOOP ( 'NONE', ( #161, #4884, #2667, #1653 ) ) ;
#3507 = ORIENTED_EDGE ( 'NONE', *, *, #3699, .T. ) ;
#3508 = DIRECTION ( 'NONE',  ( -0.000000000000000000, 1.000000000000000000, -0.000000000000000000 ) ) ;
#3509 = CIRCLE ( 'NONE', #5226, 1.649999999999998579 ) ;
#3510 = PLANE ( 'NONE',  #3286 ) ;
#3511 = LINE ( 'NONE', #5145, #919 ) ;
#3512 = ORIENTED_EDGE ( 'NONE', *, *, #1880, .F. ) ;
#3513 = ORIENTED_EDGE ( 'NONE', *, *, #1917, .F. ) ;
#3514 = LINE ( 'NONE', #118, #75 ) ;
#3515 = CARTESIAN_POINT ( 'NONE',  ( 10.20000000000004370, 5.000000000000000000, 114.1000000000000085 ) ) ;
#3516 = CIRCLE ( 'NONE', #3681, 6.599999999999994316 ) ;
#3517 = DIRECTION ( 'NONE',  ( -0.000000000000000000, 1.000000000000000000, -0.000000000000000000 ) ) ;
#3518 = DIRECTION ( 'NONE',  ( 0.000000000000000000, 0.000000000000000000, 1.000000000000000000 ) ) ;
#3519 =( LENGTH_UNIT ( ) NAMED_UNIT ( * ) SI_UNIT ( .MILLI., .METRE. ) );
#3520 = EDGE_LOOP ( 'NONE', ( #2225, #3208 ) ) ;
#3521 = EDGE_CURVE ( 'NONE', #3350, #2106, #273, .T. ) ;
#3522 = VECTOR ( 'NONE', #544, 1000.000000000000000 ) ;
#3523 = EDGE_LOOP ( 'NONE', ( #1081, #2617, #2438, #888 ) ) ;
#3524 = CYLINDRICAL_SURFACE ( 'NONE', #619, 1.700000000000007061 ) ;
#3525 = CIRCLE ( 'NONE', #1545, 1.700000000000007061 ) ;
#3526 = FACE_OUTER_BOUND ( 'NONE', #2179, .T. ) ;
#3527 = DIRECTION ( 'NONE',  ( -0.000000000000000000, 1.000000000000000000, -0.000000000000000000 ) ) ;
#3528 = EDGE_CURVE ( 'NONE', #5007, #4524, #4370, .T. ) ;
#3529 = ORIENTED_EDGE ( 'NONE', *, *, #2037, .T. ) ;
#3530 = CIRCLE ( 'NONE', #2148, 2.999999999999995559 ) ;
#3531 = DIRECTION ( 'NONE',  ( 0.000000000000000000, 0.000000000000000000, 1.000000000000000000 ) ) ;
#3532 = FACE_OUTER_BOUND ( 'NONE', #5040, .T. ) ;
#3533 = ORIENTED_EDGE ( 'NONE', *, *, #3334, .F. ) ;
#3534 = EDGE_LOOP ( 'NONE', ( #3223, #2499, #3577, #3009 ) ) ;
#3535 = AXIS2_PLACEMENT_3D ( 'NONE', #3304, #4480, #4449 ) ;
#3536 = DIRECTION ( 'NONE',  ( -0.7071067811865459074, 0.000000000000000000, -0.7071067811865491270 ) ) ;
#3537 = EDGE_CURVE ( 'NONE', #4289, #45, #5209, .T. ) ;
#3538 = CARTESIAN_POINT ( 'NONE',  ( 99.99999999999978684, 5.000000000000000000, 118.3499999999997812 ) ) ;
#3539 = VERTEX_POINT ( 'NONE', #3165 ) ;
#3540 = VECTOR ( 'NONE', #1235, 1000.000000000000000 ) ;
#3541 = ORIENTED_EDGE ( 'NONE', *, *, #23, .F. ) ;
#3542 = DIRECTION ( 'NONE',  ( 0.000000000000000000, 0.000000000000000000, 1.000000000000000000 ) ) ;
#3543 = CARTESIAN_POINT ( 'NONE',  ( -217.5735931288143661, 5.000000000000000000, 132.7207793864129144 ) ) ;
#3544 = CIRCLE ( 'NONE', #973, 3.299999999999997158 ) ;
#3545 = DIRECTION ( 'NONE',  ( -0.000000000000000000, 1.000000000000000000, -0.000000000000000000 ) ) ;
#3546 = DIRECTION ( 'NONE',  ( -0.000000000000000000, 1.000000000000000000, 0.000000000000000000 ) ) ;
#3547 = CARTESIAN_POINT ( 'NONE',  ( -83.00000000000001421, 5.000000000000000000, 31.89999999999999858 ) ) ;
#3548 = VERTEX_POINT ( 'NONE', #4802 ) ;
#3549 = CIRCLE ( 'NONE', #2945, 1.700000000000007061 ) ;
#3550 = ORIENTED_EDGE ( 'NONE', *, *, #831, .F. ) ;
#3551 = DIRECTION ( 'NONE',  ( 0.000000000000000000, 0.000000000000000000, 1.000000000000000000 ) ) ;
#3552 = CIRCLE ( 'NONE', #5091, 2.100000000000004530 ) ;
#3553 = DIRECTION ( 'NONE',  ( -0.000000000000000000, 1.000000000000000000, -0.000000000000000000 ) ) ;
#3554 = FACE_OUTER_BOUND ( 'NONE', #4592, .T. ) ;
#3555 = EDGE_LOOP ( 'NONE', ( #1926, #2247, #2987, #1818 ) ) ;
#3556 = FACE_OUTER_BOUND ( 'NONE', #3506, .T. ) ;
#3557 = DIRECTION ( 'NONE',  ( 0.000000000000000000, 0.7071067811865500152, 0.7071067811865450192 ) ) ;
#3558 = EDGE_CURVE ( 'NONE', #407, #3415, #3790, .T. ) ;
#3559 = CARTESIAN_POINT ( 'NONE',  ( -226.0588745030480027, 5.000000000000000000, 169.4903320081199354 ) ) ;
#3560 = ORIENTED_EDGE ( 'NONE', *, *, #4738, .T. ) ;
#3561 = ORIENTED_EDGE ( 'NONE', *, *, #1210, .F. ) ;
#3562 = CARTESIAN_POINT ( 'NONE',  ( 217.5735931288146219, 5.000000000000000000, 132.7207793864150460 ) ) ;
#3563 = CARTESIAN_POINT ( 'NONE',  ( -132.7207793864129712, 8.673617379884035472E-16, 217.5735931288193399 ) ) ;
#3564 = VERTEX_POINT ( 'NONE', #2758 ) ;
#3565 = EDGE_LOOP ( 'NONE', ( #1851, #4261, #1173, #4435 ) ) ;
#3567 = EDGE_CURVE ( 'NONE', #1611, #4205, #3281, .T. ) ;
#3566 = DIRECTION ( 'NONE',  ( -0.000000000000000000, 1.000000000000000000, -0.000000000000000000 ) ) ;
#3568 = DIRECTION ( 'NONE',  ( 0.000000000000000000, 0.7071067811865477948, 0.7071067811865473507 ) ) ;
#3569 = DIRECTION ( 'NONE',  ( -0.000000000000000000, 1.000000000000000000, -0.000000000000000000 ) ) ;
#3570 = PERSON_AND_ORGANIZATION ( #3021, #4226 ) ;
#3571 = ORIENTED_EDGE ( 'NONE', *, *, #1428, .F. ) ;
#3572 = ORIENTED_EDGE ( 'NONE', *, *, #1711, .T. ) ;
#3573 = DIRECTION ( 'NONE',  ( -0.000000000000000000, 1.000000000000000000, -0.000000000000000000 ) ) ;
#3574 = CARTESIAN_POINT ( 'NONE',  ( 197.7746032555828322, 8.673617379884035472E-16, 196.0746032555856857 ) ) ;
#3575 = CYLINDRICAL_SURFACE ( 'NONE', #4864, 3.299999999999997158 ) ;
#3576 = AXIS2_PLACEMENT_3D ( 'NONE', #3024, #4663, #1760 ) ;
#3577 = ORIENTED_EDGE ( 'NONE', *, *, #2624, .T. ) ;
#3578 = DIRECTION ( 'NONE',  ( -0.000000000000000000, 1.000000000000000000, -0.000000000000000000 ) ) ;
#3579 = CARTESIAN_POINT ( 'NONE',  ( -23.49999999999970157, 0.000000000000000000, -26.50000000000038369 ) ) ;
#3580 = DIRECTION ( 'NONE',  ( -0.000000000000000000, 1.000000000000000000, -0.000000000000000000 ) ) ;
#3581 = ORIENTED_EDGE ( 'NONE', *, *, #1268, .F. ) ;
#3582 = EDGE_CURVE ( 'NONE', #3727, #626, #27, .T. ) ;
#3583 = CARTESIAN_POINT ( 'NONE',  ( 217.5735931288179756, 1.700000000000001066, -136.0207793864104815 ) ) ;
#3584 = CARTESIAN_POINT ( 'NONE',  ( 30.20000000000004192, 5.000000000000000000, 84.00000000000000000 ) ) ;
#3585 = ORIENTED_EDGE ( 'NONE', *, *, #1289, .F. ) ;
#3586 = EDGE_LOOP ( 'NONE', ( #531, #4667, #4187, #4968 ) ) ;
#3587 = EDGE_CURVE ( 'NONE', #2535, #2150, #2338, .T. ) ;
#3588 = CARTESIAN_POINT ( 'NONE',  ( -59.99999999999985789, 8.673617379884035472E-16, 3.299999999999975842 ) ) ;
#3589 = CARTESIAN_POINT ( 'NONE',  ( -20.85965004500278752, 5.000000000000000000, -230.8596500450027236 ) ) ;
#3590 = CYLINDRICAL_SURFACE ( 'NONE', #1829, 1.700000000000007061 ) ;
#3591 = VECTOR ( 'NONE', #480, 1000.000000000000000 ) ;
#3592 = EDGE_LOOP ( 'NONE', ( #4233, #3109, #738, #307 ) ) ;
#3593 = VECTOR ( 'NONE', #4516, 1000.000000000000000 ) ;
#3594 = DIRECTION ( 'NONE',  ( 0.000000000000000000, 0.000000000000000000, 1.000000000000000000 ) ) ;
#3595 = EDGE_CURVE ( 'NONE', #3762, #1462, #2672, .T. ) ;
#3596 = LINE ( 'NONE', #2814, #3686 ) ;
#3597 = DIRECTION ( 'NONE',  ( -0.000000000000000000, 1.000000000000000000, -0.000000000000000000 ) ) ;
#3598 = CIRCLE ( 'NONE', #3174, 6.599999999999994316 ) ;
#3599 = DIRECTION ( 'NONE',  ( -0.000000000000000000, 1.000000000000000000, -0.000000000000000000 ) ) ;
#3600 = VERTEX_POINT ( 'NONE', #852 ) ;
#3601 = DIRECTION ( 'NONE',  ( -0.000000000000000000, 1.000000000000000000, -0.000000000000000000 ) ) ;
#3602 = AXIS2_PLACEMENT_3D ( 'NONE', #3865, #194, #1902 ) ;
#3603 = DIRECTION ( 'NONE',  ( 0.000000000000000000, 0.000000000000000000, 1.000000000000000000 ) ) ;
#3604 = DIRECTION ( 'NONE',  ( -0.000000000000000000, 1.000000000000000000, -0.000000000000000000 ) ) ;
#3605 = VERTEX_POINT ( 'NONE', #4444 ) ;
#3606 = FACE_BOUND ( 'NONE', #3472, .T. ) ;
#3607 = VECTOR ( 'NONE', #3011, 1000.000000000000114 ) ;
#3608 = DIRECTION ( 'NONE',  ( -0.000000000000000000, 1.000000000000000000, -0.000000000000000000 ) ) ;
#3609 = ORIENTED_EDGE ( 'NONE', *, *, #3747, .T. ) ;
#3610 = VERTEX_POINT ( 'NONE', #1679 ) ;
#3611 = LINE ( 'NONE', #4369, #4009 ) ;
#3612 = VECTOR ( 'NONE', #1394, 1000.000000000000000 ) ;
#3613 = EDGE_CURVE ( 'NONE', #737, #63, #4044, .T. ) ;
#3614 = DIRECTION ( 'NONE',  ( 0.000000000000000000, 0.000000000000000000, 1.000000000000000000 ) ) ;
#3615 = DIRECTION ( 'NONE',  ( -0.000000000000000000, 1.000000000000000000, -0.000000000000000000 ) ) ;
#3616 = VECTOR ( 'NONE', #3857, 1000.000000000000000 ) ;
#3617 = ADVANCED_FACE ( 'NONE', ( #378 ), #4528, .F. ) ;
#3618 = VERTEX_POINT ( 'NONE', #1599 ) ;
#3619 = AXIS2_PLACEMENT_3D ( 'NONE', #4916, #3597, #805 ) ;
#3620 = VECTOR ( 'NONE', #3396, 999.9999999999998863 ) ;
#3621 = DIRECTION ( 'NONE',  ( -0.000000000000000000, 1.000000000000000000, -0.000000000000000000 ) ) ;
#3622 = DIRECTION ( 'NONE',  ( -0.000000000000000000, 1.000000000000000000, -0.000000000000000000 ) ) ;
#3623 = CARTESIAN_POINT ( 'NONE',  ( -217.5735931288143661, 5.000000000000000000, 132.7207793864129144 ) ) ;
#3624 = CIRCLE ( 'NONE', #1996, 3.299999999999997158 ) ;
#3625 = AXIS2_PLACEMENT_3D ( 'NONE', #2773, #4084, #4491 ) ;
#3626 = CARTESIAN_POINT ( 'NONE',  ( 60.00000000000013500, 5.000000000000000000, -3.299999999998387779 ) ) ;
#3627 = EDGE_LOOP ( 'NONE', ( #4510, #3145, #3314, #3161 ) ) ;
#3628 = EDGE_CURVE ( 'NONE', #993, #548, #1988, .T. ) ;
#3629 = CARTESIAN_POINT ( 'NONE',  ( -23.50000000000019895, 0.000000000000000000, 23.50000000000020961 ) ) ;
#3630 = CIRCLE ( 'NONE', #1067, 3.299999999999997158 ) ;
#3631 = DIRECTION ( 'NONE',  ( 0.000000000000000000, 0.000000000000000000, 1.000000000000000000 ) ) ;
#3632 = CARTESIAN_POINT ( 'NONE',  ( -10.19999999999995310, 5.000000000000000000, 114.1000000000000085 ) ) ;
#3633 = AXIS2_PLACEMENT_3D ( 'NONE', #826, #435, #3701 ) ;
#3634 = EDGE_LOOP ( 'NONE', ( #896, #2281 ) ) ;
#3635 = FACE_BOUND ( 'NONE', #3651, .T. ) ;
#3636 = DIRECTION ( 'NONE',  ( -0.000000000000000000, 1.000000000000000000, -0.000000000000000000 ) ) ;
#3637 = FACE_OUTER_BOUND ( 'NONE', #4604, .T. ) ;
#3638 = EDGE_LOOP ( 'NONE', ( #3288, #4572, #4246, #816 ) ) ;
#3639 = VERTEX_POINT ( 'NONE', #2488 ) ;
#3640 = CARTESIAN_POINT ( 'NONE',  ( 169.4903320081231470, 5.000000000000000000, -227.7588745030453765 ) ) ;
#3641 = DIRECTION ( 'NONE',  ( -0.000000000000000000, 1.000000000000000000, 0.000000000000000000 ) ) ;
#3642 = CARTESIAN_POINT ( 'NONE',  ( -132.7207793864151881, 8.673617379884035472E-16, -217.5735931288129734 ) ) ;
#3643 = ORIENTED_EDGE ( 'NONE', *, *, #2991, .T. ) ;
#3644 = EDGE_CURVE ( 'NONE', #3350, #3193, #1646, .T. ) ;
#3645 = CARTESIAN_POINT ( 'NONE',  ( 197.7746032555807858, 5.000000000000000000, -197.7746032555809848 ) ) ;
#3646 = DIRECTION ( 'NONE',  ( 0.000000000000000000, 0.000000000000000000, 1.000000000000000000 ) ) ;
#3647 = CARTESIAN_POINT ( 'NONE',  ( -10.19999999999995310, 5.000000000000000000, 112.0000000000000000 ) ) ;
#3648 = ORIENTED_EDGE ( 'NONE', *, *, #3655, .F. ) ;
#3649 = LINE ( 'NONE', #3626, #3325 ) ;
#3650 = ADVANCED_FACE ( 'NONE', ( #404 ), #434, .F. ) ;
#3651 = EDGE_LOOP ( 'NONE', ( #2780, #402 ) ) ;
#3652 = DIRECTION ( 'NONE',  ( -0.000000000000000000, 1.000000000000000000, -0.000000000000000000 ) ) ;
#3653 = CARTESIAN_POINT ( 'NONE',  ( 70.00000000000000000, 5.000000000000000000, 65.00000000000000000 ) ) ;
#3654 = CARTESIAN_POINT ( 'NONE',  ( -197.7746032555863565, 5.000000000000000000, 197.7746032555820648 ) ) ;
#3655 = EDGE_CURVE ( 'NONE', #45, #3279, #3451, .T. ) ;
#3656 = ORIENTED_EDGE ( 'NONE', *, *, #2655, .F. ) ;
#3657 = ORIENTED_EDGE ( 'NONE', *, *, #4614, .F. ) ;
#3658 = FACE_BOUND ( 'NONE', #1696, .T. ) ;
#3659 = AXIS2_PLACEMENT_3D ( 'NONE', #1856, #3527, #2769 ) ;
#3660 = FACE_OUTER_BOUND ( 'NONE', #4189, .T. ) ;
#3661 = EDGE_CURVE ( 'NONE', #2456, #2389, #4016, .T. ) ;
#3662 = CARTESIAN_POINT ( 'NONE',  ( 217.5735931288146219, 1.700000000000001066, 132.7207793864150460 ) ) ;
#3663 = ORIENTED_EDGE ( 'NONE', *, *, #3372, .T. ) ;
#3664 = ADVANCED_FACE ( 'NONE', ( #4474 ), #796, .F. ) ;
#3665 = ORIENTED_EDGE ( 'NONE', *, *, #3292, .T. ) ;
#3666 = AXIS2_PLACEMENT_3D ( 'NONE', #4993, #3112, #3756 ) ;
#3667 = DIRECTION ( 'NONE',  ( -0.000000000000000000, 1.000000000000000000, 0.000000000000000000 ) ) ;
#3668 = ADVANCED_FACE ( 'NONE', ( #2087 ), #541, .F. ) ;
#3669 = DIRECTION ( 'NONE',  ( 0.000000000000000000, 0.000000000000000000, 1.000000000000000000 ) ) ;
#3670 = CARTESIAN_POINT ( 'NONE',  ( -226.0588745030460132, 5.000000000000000000, -169.4903320081223796 ) ) ;
#3671 = COORDINATED_UNIVERSAL_TIME_OFFSET ( 8, 0, .AHEAD. ) ;
#3672 = ORIENTED_EDGE ( 'NONE', *, *, #907, .T. ) ;
#3673 = DIRECTION ( 'NONE',  ( -0.000000000000000000, 1.000000000000000000, -0.000000000000000000 ) ) ;
#3674 = CIRCLE ( 'NONE', #433, 1.649999999999998579 ) ;
#3675 = CARTESIAN_POINT ( 'NONE',  ( 132.7207793864142786, 5.000000000000000000, -210.9735931288150823 ) ) ;
#3676 = DIRECTION ( 'NONE',  ( 0.000000000000000000, 0.000000000000000000, 1.000000000000000000 ) ) ;
#3677 = PRODUCT_RELATED_PRODUCT_CATEGORY ( 'detail', '', ( #1054 ) ) ;
#3678 = EDGE_CURVE ( 'NONE', #2282, #4865, #1176, .T. ) ;
#3679 = ORIENTED_EDGE ( 'NONE', *, *, #2804, .F. ) ;
#3680 = DIRECTION ( 'NONE',  ( 8.659560562354902043E-17, 0.7071067811865500152, -0.7071067811865450192 ) ) ;
#3681 = AXIS2_PLACEMENT_3D ( 'NONE', #2551, #4973, #4569 ) ;
#3682 = ORIENTED_EDGE ( 'NONE', *, *, #1351, .F. ) ;
#3683 = DIRECTION ( 'NONE',  ( -0.000000000000000000, 1.000000000000000000, -0.000000000000000000 ) ) ;
#3684 = ADVANCED_FACE ( 'NONE', ( #1578 ), #3724, .F. ) ;
#3685 = LINE ( 'NONE', #1188, #1997 ) ;
#3686 = VECTOR ( 'NONE', #5241, 1000.000000000000000 ) ;
#3687 = CARTESIAN_POINT ( 'NONE',  ( -197.7746032555837985, 5.000000000000000000, -197.7746032555839122 ) ) ;
#3688 = EDGE_CURVE ( 'NONE', #3193, #1115, #4853, .T. ) ;
#3689 = MANIFOLD_SOLID_BREP ( 'M4 \X2\87ba7eb95b54\X0\1', #3155 ) ;
#3690 = ORIENTED_EDGE ( 'NONE', *, *, #871, .F. ) ;
#3691 = VECTOR ( 'NONE', #3491, 999.9999999999998863 ) ;
#3692 = FACE_OUTER_BOUND ( 'NONE', #3319, .T. ) ;
#3693 = DIRECTION ( 'NONE',  ( -0.000000000000000000, 1.000000000000000000, -0.000000000000000000 ) ) ;
#3694 = CYLINDRICAL_SURFACE ( 'NONE', #98, 1.700000000000007061 ) ;
#3695 = CONICAL_SURFACE ( 'NONE', #4034, 3.299999999999997158, 0.7853981633974447263 ) ;
#3696 = ORIENTED_EDGE ( 'NONE', *, *, #1368, .F. ) ;
#3697 = ORIENTED_EDGE ( 'NONE', *, *, #3135, .F. ) ;
#3698 = DIRECTION ( 'NONE',  ( -0.000000000000000000, 1.000000000000000000, -0.000000000000000000 ) ) ;
#3699 = EDGE_CURVE ( 'NONE', #972, #3454, #823, .T. ) ;
#3700 = DIRECTION ( 'NONE',  ( 0.000000000000000000, 0.000000000000000000, 1.000000000000000000 ) ) ;
#3701 = DIRECTION ( 'NONE',  ( 0.000000000000000000, 0.000000000000000000, 1.000000000000000000 ) ) ;
#3702 = ORIENTED_EDGE ( 'NONE', *, *, #244, .F. ) ;
#3703 = FACE_OUTER_BOUND ( 'NONE', #2962, .T. ) ;
#3704 = VECTOR ( 'NONE', #5122, 1000.000000000000000 ) ;
#3705 = CARTESIAN_POINT ( 'NONE',  ( -69.99999999999998579, 0.000000000000000000, 95.00000000000000000 ) ) ;
#3706 = FACE_OUTER_BOUND ( 'NONE', #2749, .T. ) ;
#3707 = EDGE_LOOP ( 'NONE', ( #3819, #2320, #4711, #1728, #3965, #4691, #2956, #2083 ) ) ;
#3708 = DIRECTION ( 'NONE',  ( -0.000000000000000000, 1.000000000000000000, -0.000000000000000000 ) ) ;
#3709 = AXIS2_PLACEMENT_3D ( 'NONE', #46, #4035, #2827 ) ;
#3710 = ORIENTED_EDGE ( 'NONE', *, *, #4606, .F. ) ;
#3711 = DIRECTION ( 'NONE',  ( 0.000000000000000000, 1.000000000000000000, 0.000000000000000000 ) ) ;
#3712 = DIRECTION ( 'NONE',  ( 0.000000000000000000, 0.000000000000000000, 1.000000000000000000 ) ) ;
#3713 = ORIENTED_EDGE ( 'NONE', *, *, #2697, .F. ) ;
#3714 = ORIENTED_EDGE ( 'NONE', *, *, #3726, .F. ) ;
#3715 = AXIS2_PLACEMENT_3D ( 'NONE', #5003, #1352, #4625 ) ;
#3716 = EDGE_CURVE ( 'NONE', #491, #3236, #4989, .T. ) ;
#3717 = FACE_BOUND ( 'NONE', #3448, .T. ) ;
#3718 = CYLINDRICAL_SURFACE ( 'NONE', #2291, 2.100000000000004530 ) ;
#3719 = DIRECTION ( 'NONE',  ( -0.000000000000000000, 1.000000000000000000, -0.000000000000000000 ) ) ;
#3720 = CIRCLE ( 'NONE', #4922, 6.599999999999994316 ) ;
#3721 = VERTEX_POINT ( 'NONE', #3803 ) ;
#3722 = ORIENTED_EDGE ( 'NONE', *, *, #1552, .F. ) ;
#3723 = CARTESIAN_POINT ( 'NONE',  ( -10.19999999999995310, 0.000000000000000000, 112.0000000000000000 ) ) ;
#3724 = CYLINDRICAL_SURFACE ( 'NONE', #704, 1.599999999999962563 ) ;
#3725 = DIRECTION ( 'NONE',  ( 0.000000000000000000, 0.000000000000000000, 1.000000000000000000 ) ) ;
#3726 = EDGE_CURVE ( 'NONE', #4826, #3605, #4307, .T. ) ;
#3727 = VERTEX_POINT ( 'NONE', #3052 ) ;
#3728 = DIRECTION ( 'NONE',  ( -0.000000000000000000, 1.000000000000000000, -0.000000000000000000 ) ) ;
#3729 = CARTESIAN_POINT ( 'NONE',  ( -23.50000000000019895, -1.000000000000000000, 26.50000000000020250 ) ) ;
#3730 = DIRECTION ( 'NONE',  ( 0.000000000000000000, 0.000000000000000000, 1.000000000000000000 ) ) ;
#3731 = VERTEX_POINT ( 'NONE', #4152 ) ;
#3732 = LINE ( 'NONE', #2041, #1098 ) ;
#3733 = ORIENTED_EDGE ( 'NONE', *, *, #2079, .T. ) ;
#3734 = EDGE_CURVE ( 'NONE', #4149, #4552, #2589, .T. ) ;
#3735 = DIRECTION ( 'NONE',  ( 0.000000000000000000, 0.000000000000000000, 1.000000000000000000 ) ) ;
#3736 = LINE ( 'NONE', #525, #348 ) ;
#3737 = ORIENTED_EDGE ( 'NONE', *, *, #2481, .F. ) ;
#3738 = VERTEX_POINT ( 'NONE', #1733 ) ;
#3739 = DIRECTION ( 'NONE',  ( 0.000000000000000000, 0.000000000000000000, 1.000000000000000000 ) ) ;
#3740 = DIRECTION ( 'NONE',  ( -0.000000000000000000, 1.000000000000000000, -0.000000000000000000 ) ) ;
#3741 = CIRCLE ( 'NONE', #1683, 1.649999999999998579 ) ;
#3742 = ORIENTED_EDGE ( 'NONE', *, *, #758, .F. ) ;
#3743 = EDGE_CURVE ( 'NONE', #1369, #2337, #5251, .T. ) ;
#3744 = EDGE_LOOP ( 'NONE', ( #93, #2294 ) ) ;
#3745 = CARTESIAN_POINT ( 'NONE',  ( 60.00000000000013500, 0.000000000000000000, -13.35000000000000142 ) ) ;
#3746 = DIRECTION ( 'NONE',  ( -0.000000000000000000, 1.000000000000000000, -0.000000000000000000 ) ) ;
#3747 = EDGE_CURVE ( 'NONE', #4932, #2786, #2504, .T. ) ;
#3748 = DIRECTION ( 'NONE',  ( 0.000000000000000000, 0.000000000000000000, 1.000000000000000000 ) ) ;
#3749 = CIRCLE ( 'NONE', #1690, 3.299999999999997158 ) ;
#3750 = CIRCLE ( 'NONE', #2035, 1.700000000000007061 ) ;
#3751 = CARTESIAN_POINT ( 'NONE',  ( -10.19999999999995310, 5.000000000000000000, 84.00000000000001421 ) ) ;
#3752 = DIRECTION ( 'NONE',  ( -0.000000000000000000, 1.000000000000000000, -0.000000000000000000 ) ) ;
#3753 = DIRECTION ( 'NONE',  ( 0.000000000000000000, 0.000000000000000000, 1.000000000000000000 ) ) ;
#3754 = ORIENTED_EDGE ( 'NONE', *, *, #4313, .T. ) ;
#3755 = EDGE_CURVE ( 'NONE', #361, #4646, #4393, .T. ) ;
#3756 = DIRECTION ( 'NONE',  ( 0.000000000000000000, 0.000000000000000000, 1.000000000000000000 ) ) ;
#3757 = EDGE_LOOP ( 'NONE', ( #3657, #589, #4904, #5128 ) ) ;
#3758 = CARTESIAN_POINT ( 'NONE',  ( -2.195953113267366051E-13, 5.000000000000000000, -19.99999999999977973 ) ) ;
#3759 = EDGE_CURVE ( 'NONE', #3157, #3639, #509, .T. ) ;
#3760 = FACE_OUTER_BOUND ( 'NONE', #1408, .T. ) ;
#3761 = VECTOR ( 'NONE', #1511, 1000.000000000000000 ) ;
#3762 = VERTEX_POINT ( 'NONE', #3403 ) ;
#3763 = ORIENTED_EDGE ( 'NONE', *, *, #3847, .T. ) ;
#3764 = AXIS2_PLACEMENT_3D ( 'NONE', #3654, #2852, #4492 ) ;
#3765 = CYLINDRICAL_SURFACE ( 'NONE', #629, 3.299999999999997158 ) ;
#3766 = CARTESIAN_POINT ( 'NONE',  ( 226.0588745030448763, 5.000000000000000000, 169.4903320081239144 ) ) ;
#3767 = COORDINATED_UNIVERSAL_TIME_OFFSET ( 8, 0, .AHEAD. ) ;
#3768 = ORIENTED_EDGE ( 'NONE', *, *, #298, .F. ) ;
#3769 = VERTEX_POINT ( 'NONE', #1788 ) ;
#3770 = AXIS2_PLACEMENT_3D ( 'NONE', #4355, #284, #4759 ) ;
#3771 = DIRECTION ( 'NONE',  ( -0.000000000000000000, 1.000000000000000000, -0.000000000000000000 ) ) ;
#3772 = DIRECTION ( 'NONE',  ( -0.000000000000000000, 1.000000000000000000, -0.000000000000000000 ) ) ;
#3773 = CIRCLE ( 'NONE', #1801, 2.100000000000004530 ) ;
#3774 = CARTESIAN_POINT ( 'NONE',  ( 146.8629150101519940, 5.000000000000000000, -259.9999999999998295 ) ) ;
#3775 = EDGE_LOOP ( 'NONE', ( #711, #1964 ) ) ;
#3776 = ORIENTED_EDGE ( 'NONE', *, *, #2487, .T. ) ;
#3777 = ADVANCED_FACE ( 'NONE', ( #583 ), #2936, .F. ) ;
#3778 = DIRECTION ( 'NONE',  ( 0.000000000000000000, 0.000000000000000000, 1.000000000000000000 ) ) ;
#3779 = ADVANCED_FACE ( 'NONE', ( #4602 ), #3457, .F. ) ;
#3780 = LINE ( 'NONE', #2976, #2859 ) ;
#3781 = VECTOR ( 'NONE', #1982, 1000.000000000000000 ) ;
#3782 = CARTESIAN_POINT ( 'NONE',  ( 226.0588745030448763, 5.000000000000000000, 172.7903320081238974 ) ) ;
#3783 = CARTESIAN_POINT ( 'NONE',  ( 10.20000000000004370, 5.000000000000000000, 84.00000000000001421 ) ) ;
#3784 = ORIENTED_EDGE ( 'NONE', *, *, #4699, .T. ) ;
#3785 = CARTESIAN_POINT ( 'NONE',  ( -226.0588745030460132, 8.673617379884035472E-16, -167.7903320081223910 ) ) ;
#3786 = ORIENTED_EDGE ( 'NONE', *, *, #3883, .T. ) ;
#3787 = CONICAL_SURFACE ( 'NONE', #4472, 6.599999999999994316, 0.7853981633974480570 ) ;
#3788 = LINE ( 'NONE', #224, #2752 ) ;
#3789 = CARTESIAN_POINT ( 'NONE',  ( -197.7746032555837985, 3.399999999999998579, -197.7746032555839122 ) ) ;
#3790 = CIRCLE ( 'NONE', #2415, 1.599999999999990319 ) ;
#3791 = EDGE_CURVE ( 'NONE', #1827, #1232, #77, .T. ) ;
#3792 = CARTESIAN_POINT ( 'NONE',  ( 169.4903320081231470, 5.000000000000000000, -229.3588745030453708 ) ) ;
#3793 = ORIENTED_EDGE ( 'NONE', *, *, #1563, .T. ) ;
#3794 = AXIS2_PLACEMENT_3D ( 'NONE', #749, #4025, #2815 ) ;
#3795 = AXIS2_PLACEMENT_3D ( 'NONE', #1698, #4978, #528 ) ;
#3796 = CARTESIAN_POINT ( 'NONE',  ( -132.7207793864129712, 5.000000000000000000, 217.5735931288193399 ) ) ;
#3797 = DIRECTION ( 'NONE',  ( 0.000000000000000000, 0.000000000000000000, 1.000000000000000000 ) ) ;
#3798 = ORIENTED_EDGE ( 'NONE', *, *, #3420, .T. ) ;
#3799 = CC_DESIGN_APPROVAL ( #1939, ( #797 ) ) ;
#3800 = CIRCLE ( 'NONE', #3625, 1.599999999999990319 ) ;
#3801 = ORIENTED_EDGE ( 'NONE', *, *, #2146, .F. ) ;
#3802 = DIRECTION ( 'NONE',  ( 0.000000000000000000, 1.000000000000000000, 0.000000000000000000 ) ) ;
#3803 = CARTESIAN_POINT ( 'NONE',  ( 20.85965004500353714, 5.000000000000000000, -190.7403499549964749 ) ) ;
#3804 = AXIS2_PLACEMENT_3D ( 'NONE', #2598, #4243, #1474 ) ;
#3805 = CARTESIAN_POINT ( 'NONE',  ( -169.4903320081222944, 5.000000000000000000, -229.3588745030462803 ) ) ;
#3806 = ORIENTED_EDGE ( 'NONE', *, *, #4171, .F. ) ;
#3807 = EDGE_LOOP ( 'NONE', ( #4143, #1103 ) ) ;
#3808 = VECTOR ( 'NONE', #1264, 1000.000000000000000 ) ;
#3809 = CARTESIAN_POINT ( 'NONE',  ( -20.85965004500283015, 0.000000000000000000, -190.7403499549963612 ) ) ;
#3810 = DIRECTION ( 'NONE',  ( 0.000000000000000000, 0.000000000000000000, 1.000000000000000000 ) ) ;
#3811 = CARTESIAN_POINT ( 'NONE',  ( 217.5735931288179756, 5.000000000000000000, -132.7207793864104985 ) ) ;
#3812 = CARTESIAN_POINT ( 'NONE',  ( 132.7207793864142786, 5.000000000000000000, -217.5735931288150766 ) ) ;
#3813 = ORIENTED_EDGE ( 'NONE', *, *, #949, .F. ) ;
#3814 = EDGE_CURVE ( 'NONE', #4639, #3600, #2133, .T. ) ;
#3815 = EDGE_LOOP ( 'NONE', ( #3418, #257 ) ) ;
#3816 = LINE ( 'NONE', #122, #283 ) ;
#3817 = DIRECTION ( 'NONE',  ( 0.000000000000000000, 0.000000000000000000, 1.000000000000000000 ) ) ;
#3818 = EDGE_CURVE ( 'NONE', #4162, #163, #534, .T. ) ;
#3819 = ORIENTED_EDGE ( 'NONE', *, *, #195, .F. ) ;
#3820 = ORIENTED_EDGE ( 'NONE', *, *, #909, .T. ) ;
#3821 = DIRECTION ( 'NONE',  ( -0.000000000000000000, 1.000000000000000000, -0.000000000000000000 ) ) ;
#3822 = ADVANCED_FACE ( 'NONE', ( #3026 ), #2997, .F. ) ;
#3823 = DIRECTION ( 'NONE',  ( -0.000000000000000000, 1.000000000000000000, 0.000000000000000000 ) ) ;
#3824 = ORIENTED_EDGE ( 'NONE', *, *, #539, .T. ) ;
#3825 = ORIENTED_EDGE ( 'NONE', *, *, #1321, .F. ) ;
#3826 = DIRECTION ( 'NONE',  ( -0.000000000000000000, 1.000000000000000000, -0.000000000000000000 ) ) ;
#3827 = DIRECTION ( 'NONE',  ( -0.000000000000000000, 1.000000000000000000, -0.000000000000000000 ) ) ;
#3828 = EDGE_CURVE ( 'NONE', #4162, #2129, #3192, .T. ) ;
#3829 = DIRECTION ( 'NONE',  ( -0.000000000000000000, 1.000000000000000000, -0.000000000000000000 ) ) ;
#3830 = EDGE_CURVE ( 'NONE', #2587, #3953, #104, .T. ) ;
#3831 = VERTEX_POINT ( 'NONE', #2969 ) ;
#3832 = EDGE_CURVE ( 'NONE', #1809, #2389, #4479, .T. ) ;
#3833 = ORIENTED_EDGE ( 'NONE', *, *, #5127, .T. ) ;
#3834 = AXIS2_PLACEMENT_3D ( 'NONE', #4685, #533, #2561 ) ;
#3835 = CARTESIAN_POINT ( 'NONE',  ( -169.4903320081222944, 5.000000000000000000, -229.3588745030462803 ) ) ;
#3836 = CARTESIAN_POINT ( 'NONE',  ( 226.0588745030468374, 5.000000000000000000, -166.1903320081214588 ) ) ;
#3837 = AXIS2_PLACEMENT_3D ( 'NONE', #1912, #333, #3952 ) ;
#3838 = DIRECTION ( 'NONE',  ( 0.000000000000000000, 0.000000000000000000, 1.000000000000000000 ) ) ;
#3839 = DIRECTION ( 'NONE',  ( 8.659560562354902043E-17, 0.7071067811865500152, -0.7071067811865450192 ) ) ;
#3840 = EDGE_LOOP ( 'NONE', ( #4913, #44 ) ) ;
#3841 = AXIS2_PLACEMENT_3D ( 'NONE', #4562, #889, #2525 ) ;
#3842 = ORIENTED_EDGE ( 'NONE', *, *, #2487, .F. ) ;
#3843 = DIRECTION ( 'NONE',  ( 0.000000000000000000, 0.000000000000000000, 1.000000000000000000 ) ) ;
#3844 = DIRECTION ( 'NONE',  ( 0.000000000000000000, 0.7071067811865500152, 0.7071067811865450192 ) ) ;
#3845 = ORIENTED_EDGE ( 'NONE', *, *, #4617, .T. ) ;
#3846 = VERTEX_POINT ( 'NONE', #1387 ) ;
#3847 = EDGE_CURVE ( 'NONE', #1844, #2401, #4201, .T. ) ;
#3848 = DIRECTION ( 'NONE',  ( -0.000000000000000000, 1.000000000000000000, 0.000000000000000000 ) ) ;
#3849 = ADVANCED_FACE ( 'NONE', ( #4664 ), #2669, .F. ) ;
#3850 = AXIS2_PLACEMENT_3D ( 'NONE', #1649, #4928, #2886 ) ;
#3851 = DIRECTION ( 'NONE',  ( -0.000000000000000000, 1.000000000000000000, -0.000000000000000000 ) ) ;
#3852 = ORIENTED_EDGE ( 'NONE', *, *, #5198, .T. ) ;
#3853 = ORIENTED_EDGE ( 'NONE', *, *, #720, .F. ) ;
#3854 = CARTESIAN_POINT ( 'NONE',  ( 99.99999999999978684, 5.000000000000000000, 59.99999999999977263 ) ) ;
#3855 = AXIS2_PLACEMENT_3D ( 'NONE', #3687, #365, #1994 ) ;
#3856 = DIRECTION ( 'NONE',  ( 0.000000000000000000, 0.000000000000000000, 1.000000000000000000 ) ) ;
#3857 = DIRECTION ( 'NONE',  ( -0.000000000000000000, 1.000000000000000000, -0.000000000000000000 ) ) ;
#3858 = FACE_BOUND ( 'NONE', #3932, .T. ) ;
#3859 = CIRCLE ( 'NONE', #4287, 2.999999999999995559 ) ;
#3860 = ORIENTED_EDGE ( 'NONE', *, *, #1598, .F. ) ;
#3861 = ORIENTED_EDGE ( 'NONE', *, *, #3444, .F. ) ;
#3862 = ADVANCED_FACE ( 'NONE', ( #3136 ), #2592, .F. ) ;
#3863 = DIRECTION ( 'NONE',  ( 0.000000000000000000, 0.7071067811865477948, 0.7071067811865473507 ) ) ;
#3864 = CARTESIAN_POINT ( 'NONE',  ( 132.7207793864120333, 1.700000000000001066, 217.5735931288195957 ) ) ;
#3865 = CARTESIAN_POINT ( 'NONE',  ( -217.5735931288175493, 8.673617379884035472E-16, -132.7207793864115217 ) ) ;
#3866 = CARTESIAN_POINT ( 'NONE',  ( 226.0588745030448763, 8.673617379884035472E-16, 167.7903320081238974 ) ) ;
#3867 = AXIS2_PLACEMENT_3D ( 'NONE', #839, #2098, #4541 ) ;
#3868 = ORIENTED_EDGE ( 'NONE', *, *, #4786, .T. ) ;
#3869 = ORIENTED_EDGE ( 'NONE', *, *, #1877, .T. ) ;
#3870 = DIRECTION ( 'NONE',  ( 0.000000000000000000, 0.000000000000000000, 1.000000000000000000 ) ) ;
#3871 = AXIS2_PLACEMENT_3D ( 'NONE', #4649, #976, #3390 ) ;
#3872 = CARTESIAN_POINT ( 'NONE',  ( -146.8629150101528467, 0.000000000000000000, 260.0000000000002274 ) ) ;
#3873 = ORIENTED_EDGE ( 'NONE', *, *, #771, .F. ) ;
#3874 = CIRCLE ( 'NONE', #4643, 2.999999999999995559 ) ;
#3875 = ORIENTED_EDGE ( 'NONE', *, *, #2018, .T. ) ;
#3876 = DIRECTION ( 'NONE',  ( 0.000000000000000000, 0.000000000000000000, 1.000000000000000000 ) ) ;
#3877 = AXIS2_PLACEMENT_3D ( 'NONE', #1814, #4633, #2516 ) ;
#3878 = DIRECTION ( 'NONE',  ( -0.000000000000000000, 1.000000000000000000, -0.000000000000000000 ) ) ;
#3879 = ORIENTED_EDGE ( 'NONE', *, *, #3814, .T. ) ;
#3880 = ORIENTED_EDGE ( 'NONE', *, *, #266, .T. ) ;
#3881 = DIRECTION ( 'NONE',  ( 0.000000000000000000, 0.000000000000000000, 1.000000000000000000 ) ) ;
#3882 = AXIS2_PLACEMENT_3D ( 'NONE', #4285, #1840, #5144 ) ;
#3883 = EDGE_CURVE ( 'NONE', #532, #3236, #3961, .T. ) ;
#3884 = LINE ( 'NONE', #3483, #708 ) ;
#3885 = FACE_BOUND ( 'NONE', #1068, .T. ) ;
#3886 = AXIS2_PLACEMENT_3D ( 'NONE', #1078, #3895, #5188 ) ;
#3887 = CIRCLE ( 'NONE', #3461, 3.299999999999997158 ) ;
#3888 = ORIENTED_EDGE ( 'NONE', *, *, #2319, .F. ) ;
#3889 = VERTEX_POINT ( 'NONE', #3078 ) ;
#3890 = CARTESIAN_POINT ( 'NONE',  ( -132.7207793864129712, 5.000000000000000000, 210.9735931288193171 ) ) ;
#3891 = DIRECTION ( 'NONE',  ( -0.000000000000000000, 1.000000000000000000, -0.000000000000000000 ) ) ;
#3892 = DIRECTION ( 'NONE',  ( -0.000000000000000000, 1.000000000000000000, -0.000000000000000000 ) ) ;
#3893 = EDGE_CURVE ( 'NONE', #844, #2535, #3884, .T. ) ;
#3894 = DIRECTION ( 'NONE',  ( -0.000000000000000000, 1.000000000000000000, -0.000000000000000000 ) ) ;
#3895 = DIRECTION ( 'NONE',  ( 0.000000000000000000, 1.000000000000000000, 0.000000000000000000 ) ) ;
#3896 = EDGE_LOOP ( 'NONE', ( #4391, #3381 ) ) ;
#3897 = VERTEX_POINT ( 'NONE', #267 ) ;
#3898 = CARTESIAN_POINT ( 'NONE',  ( -169.4903320081246818, 8.673617379884035472E-16, 224.3588745030442340 ) ) ;
#3899 = DIRECTION ( 'NONE',  ( 8.659560562354931626E-17, 0.7071067811865477948, -0.7071067811865473507 ) ) ;
#3900 = EDGE_CURVE ( 'NONE', #737, #660, #2165, .T. ) ;
#3901 = DIRECTION ( 'NONE',  ( -0.000000000000000000, 1.000000000000000000, -0.000000000000000000 ) ) ;
#3902 = VERTEX_POINT ( 'NONE', #1947 ) ;
#3903 = LINE ( 'NONE', #1489, #2684 ) ;
#3904 = FACE_OUTER_BOUND ( 'NONE', #575, .T. ) ;
#3905 = ORIENTED_EDGE ( 'NONE', *, *, #3500, .T. ) ;
#3906 = ORIENTED_EDGE ( 'NONE', *, *, #4936, .T. ) ;
#3907 = DIRECTION ( 'NONE',  ( 0.000000000000000000, 0.000000000000000000, 1.000000000000000000 ) ) ;
#3908 = CARTESIAN_POINT ( 'NONE',  ( 23.49999999999987210, 5.000000000000000000, -23.49999999999991118 ) ) ;
#3909 = DIRECTION ( 'NONE',  ( 0.000000000000000000, 0.000000000000000000, 1.000000000000000000 ) ) ;
#3910 = APPROVAL ( #650, '未' ) ;
#3911 = EDGE_CURVE ( 'NONE', #4552, #4149, #3544, .T. ) ;
#3912 = ORIENTED_EDGE ( 'NONE', *, *, #1917, .T. ) ;
#3913 = ORIENTED_EDGE ( 'NONE', *, *, #2597, .F. ) ;
#3914 = DIRECTION ( 'NONE',  ( -0.000000000000000000, 1.000000000000000000, -0.000000000000000000 ) ) ;
#3915 = CARTESIAN_POINT ( 'NONE',  ( -83.00000000000001421, 0.000000000000000000, 34.00000000000000000 ) ) ;
#3916 = FACE_OUTER_BOUND ( 'NONE', #1688, .T. ) ;
#3917 = DIRECTION ( 'NONE',  ( -0.000000000000000000, 1.000000000000000000, -0.000000000000000000 ) ) ;
#3918 = AXIS2_PLACEMENT_3D ( 'NONE', #1702, #3698, #4933 ) ;
#3919 = DIRECTION ( 'NONE',  ( 0.000000000000000000, 0.000000000000000000, 1.000000000000000000 ) ) ;
#3920 = ORIENTED_EDGE ( 'NONE', *, *, #4225, .T. ) ;
#3921 = VERTEX_POINT ( 'NONE', #3583 ) ;
#3922 = CIRCLE ( 'NONE', #744, 3.299999999999997158 ) ;
#3923 = AXIS2_PLACEMENT_3D ( 'NONE', #2286, #2262, #1485 ) ;
#3924 = DIRECTION ( 'NONE',  ( -0.000000000000000000, 1.000000000000000000, -0.000000000000000000 ) ) ;
#3925 = CARTESIAN_POINT ( 'NONE',  ( 146.8629150101523919, 5.000000000000000000, 260.0000000000002274 ) ) ;
#3926 = CIRCLE ( 'NONE', #4605, 3.299999999999997158 ) ;
#3927 = LINE ( 'NONE', #311, #328 ) ;
#3928 = ORIENTED_EDGE ( 'NONE', *, *, #539, .F. ) ;
#3929 = EDGE_CURVE ( 'NONE', #1023, #3343, #119, .T. ) ;
#3930 = DIRECTION ( 'NONE',  ( -0.000000000000000000, 1.000000000000000000, -0.000000000000000000 ) ) ;
#3931 = DIRECTION ( 'NONE',  ( -0.000000000000000000, 1.000000000000000000, -0.000000000000000000 ) ) ;
#3932 = EDGE_LOOP ( 'NONE', ( #2267, #4463 ) ) ;
#3933 = ORIENTED_EDGE ( 'NONE', *, *, #727, .F. ) ;
#3934 = LINE ( 'NONE', #1923, #4563 ) ;
#3935 = DIRECTION ( 'NONE',  ( -0.000000000000000000, 1.000000000000000000, -0.000000000000000000 ) ) ;
#3936 = ORIENTED_EDGE ( 'NONE', *, *, #4240, .T. ) ;
#3937 = VERTEX_POINT ( 'NONE', #4768 ) ;
#3938 = AXIS2_PLACEMENT_3D ( 'NONE', #755, #11, #3255 ) ;
#3939 = CARTESIAN_POINT ( 'NONE',  ( -197.7746032555863565, 3.399999999999998579, 196.0746032555820761 ) ) ;
#3940 = DIRECTION ( 'NONE',  ( 0.000000000000000000, 1.000000000000000000, 0.000000000000000000 ) ) ;
#3941 = CARTESIAN_POINT ( 'NONE',  ( 30.20000000000004192, 0.000000000000000000, 84.00000000000000000 ) ) ;
#3942 = DIRECTION ( 'NONE',  ( 0.000000000000000000, 0.7071067811865500152, 0.7071067811865450192 ) ) ;
#3943 = DIRECTION ( 'NONE',  ( -0.000000000000000000, 1.000000000000000000, -0.000000000000000000 ) ) ;
#3944 = ADVANCED_FACE ( 'NONE', ( #1495 ), #1867, .F. ) ;
#3945 = ORIENTED_EDGE ( 'NONE', *, *, #3791, .T. ) ;
#3946 = AXIS2_PLACEMENT_3D ( 'NONE', #2829, #1594, #3234 ) ;
#3947 = ORIENTED_EDGE ( 'NONE', *, *, #2146, .T. ) ;
#3948 = EDGE_CURVE ( 'NONE', #5221, #1790, #1310, .T. ) ;
#3949 = DIRECTION ( 'NONE',  ( -0.000000000000000000, 1.000000000000000000, -0.000000000000000000 ) ) ;
#3950 = CIRCLE ( 'NONE', #3867, 1.700000000000007061 ) ;
#3951 = CARTESIAN_POINT ( 'NONE',  ( 30.20000000000004547, 5.000000000000000000, 109.8999999999999631 ) ) ;
#3952 = DIRECTION ( 'NONE',  ( 0.000000000000000000, 0.000000000000000000, 1.000000000000000000 ) ) ;
#3953 = VERTEX_POINT ( 'NONE', #2353 ) ;
#3954 = CARTESIAN_POINT ( 'NONE',  ( 132.7207793864142786, 8.673617379884035472E-16, -220.8735931288150880 ) ) ;
#3955 = DIRECTION ( 'NONE',  ( -0.000000000000000000, 1.000000000000000000, -0.000000000000000000 ) ) ;
#3956 = FACE_OUTER_BOUND ( 'NONE', #5013, .T. ) ;
#3957 = VECTOR ( 'NONE', #1452, 1000.000000000000000 ) ;
#3958 = ORIENTED_EDGE ( 'NONE', *, *, #4772, .F. ) ;
#3959 = EDGE_LOOP ( 'NONE', ( #2666, #2644 ) ) ;
#3960 = AXIS2_PLACEMENT_3D ( 'NONE', #139, #4693, #2172 ) ;
#3961 = LINE ( 'NONE', #1892, #32 ) ;
#3962 = DIRECTION ( 'NONE',  ( 0.000000000000000000, 0.000000000000000000, 1.000000000000000000 ) ) ;
#3963 = ORIENTED_EDGE ( 'NONE', *, *, #3995, .T. ) ;
#3964 = AXIS2_PLACEMENT_3D ( 'NONE', #2005, #3641, #2835 ) ;
#3965 = ORIENTED_EDGE ( 'NONE', *, *, #5127, .F. ) ;
#3966 = DIRECTION ( 'NONE',  ( -0.000000000000000000, 1.000000000000000000, -0.000000000000000000 ) ) ;
#3967 = EDGE_CURVE ( 'NONE', #1528, #3313, #2508, .T. ) ;
#3968 = DIRECTION ( 'NONE',  ( 0.000000000000000000, 0.000000000000000000, 1.000000000000000000 ) ) ;
#3969 = SECURITY_CLASSIFICATION ( '', '', #4476 ) ;
#3970 = AXIS2_PLACEMENT_3D ( 'NONE', #1439, #688, #3107 ) ;
#3971 = CYLINDRICAL_SURFACE ( 'NONE', #4665, 1.700000000000007061 ) ;
#3972 = LINE ( 'NONE', #2681, #379 ) ;
#3973 = ORIENTED_EDGE ( 'NONE', *, *, #824, .F. ) ;
#3974 = VECTOR ( 'NONE', #4681, 1000.000000000000000 ) ;
#3975 = ORIENTED_EDGE ( 'NONE', *, *, #4947, .T. ) ;
#3976 = CARTESIAN_POINT ( 'NONE',  ( -197.7746032555863565, 5.000000000000000000, 201.0746032555820761 ) ) ;
#3977 = AXIS2_PLACEMENT_3D ( 'NONE', #4292, #621, #3004 ) ;
#3978 = LINE ( 'NONE', #3872, #4106 ) ;
#3979 = EDGE_CURVE ( 'NONE', #4647, #562, #4227, .T. ) ;
#3980 = DIRECTION ( 'NONE',  ( 0.000000000000000000, 0.000000000000000000, 1.000000000000000000 ) ) ;
#3981 = ORIENTED_EDGE ( 'NONE', *, *, #130, .T. ) ;
#3982 = CARTESIAN_POINT ( 'NONE',  ( 60.00000000000013500, 5.000000000000000000, -15.00000000000000000 ) ) ;
#3983 = CARTESIAN_POINT ( 'NONE',  ( 217.5735931288179756, 1.700000000000001066, -132.7207793864104985 ) ) ;
#3984 = EDGE_CURVE ( 'NONE', #4121, #1844, #3934, .T. ) ;
#3985 = LINE ( 'NONE', #230, #256 ) ;
#3986 = ORIENTED_EDGE ( 'NONE', *, *, #2995, .F. ) ;
#3987 = DIRECTION ( 'NONE',  ( -0.000000000000000000, 1.000000000000000000, -0.000000000000000000 ) ) ;
#3988 = DIRECTION ( 'NONE',  ( -0.000000000000000000, 1.000000000000000000, -0.000000000000000000 ) ) ;
#3989 = EDGE_LOOP ( 'NONE', ( #705, #3406 ) ) ;
#3990 = EDGE_LOOP ( 'NONE', ( #1717, #4461, #1697, #5215 ) ) ;
#3991 = CARTESIAN_POINT ( 'NONE',  ( 217.5735931288146219, 5.000000000000000000, 136.0207793864150574 ) ) ;
#3992 = ADVANCED_FACE ( 'NONE', ( #5204 ), #3510, .F. ) ;
#3993 = DIRECTION ( 'NONE',  ( 0.000000000000000000, 0.000000000000000000, 1.000000000000000000 ) ) ;
#3994 = CARTESIAN_POINT ( 'NONE',  ( 100.0000000000000000, 0.000000000000000000, -192.5999999999999943 ) ) ;
#3995 = EDGE_CURVE ( 'NONE', #4987, #4270, #3029, .T. ) ;
#3996 = ORIENTED_EDGE ( 'NONE', *, *, #1928, .F. ) ;
#3997 = LINE ( 'NONE', #2765, #3781 ) ;
#3998 = CIRCLE ( 'NONE', #4688, 2.100000000000004530 ) ;
#3999 = DIRECTION ( 'NONE',  ( 0.000000000000000000, 0.000000000000000000, 1.000000000000000000 ) ) ;
#4000 = CARTESIAN_POINT ( 'NONE',  ( 132.7207793864120333, 5.000000000000000000, 217.5735931288195957 ) ) ;
#4001 = CARTESIAN_POINT ( 'NONE',  ( -100.0000000000002274, 5.000000000000000000, 59.99999999999977263 ) ) ;
#4002 = CIRCLE ( 'NONE', #2114, 12.59999999999999964 ) ;
#4003 = VERTEX_POINT ( 'NONE', #2698 ) ;
#4004 = CARTESIAN_POINT ( 'NONE',  ( -197.7746032555837985, 8.673617379884035472E-16, -199.4746032555839292 ) ) ;
#4005 = CARTESIAN_POINT ( 'NONE',  ( -10.19999999999995310, 5.000000000000000000, 112.0000000000000000 ) ) ;
#4006 = DIRECTION ( 'NONE',  ( 0.000000000000000000, 0.000000000000000000, 1.000000000000000000 ) ) ;
#4007 = EDGE_CURVE ( 'NONE', #806, #933, #640, .T. ) ;
#4008 = ORIENTED_EDGE ( 'NONE', *, *, #2764, .F. ) ;
#4009 = VECTOR ( 'NONE', #3966, 1000.000000000000000 ) ;
#4010 = EDGE_CURVE ( 'NONE', #176, #1441, #1118, .T. ) ;
#4011 = CARTESIAN_POINT ( 'NONE',  ( -260.0000000000001705, 5.000000000000000000, 146.8629150101523635 ) ) ;
#4012 = CARTESIAN_POINT ( 'NONE',  ( -226.0588745030480027, 5.000000000000000000, 169.4903320081199354 ) ) ;
#4013 = VERTEX_POINT ( 'NONE', #4338 ) ;
#4014 = VERTEX_POINT ( 'NONE', #662 ) ;
#4015 = CARTESIAN_POINT ( 'NONE',  ( -23.50000000000019895, 0.000000000000000000, 20.50000000000020961 ) ) ;
#4016 = LINE ( 'NONE', #4881, #368 ) ;
#4017 = DIRECTION ( 'NONE',  ( -0.000000000000000000, 1.000000000000000000, -0.000000000000000000 ) ) ;
#4018 = CIRCLE ( 'NONE', #2556, 2.100000000000004530 ) ;
#4019 = DATE_AND_TIME ( #4505, #2424 ) ;
#4020 = EDGE_CURVE ( 'NONE', #3610, #4494, #318, .T. ) ;
#4021 = ORIENTED_EDGE ( 'NONE', *, *, #981, .T. ) ;
#4022 = CIRCLE ( 'NONE', #1029, 1.700000000000007061 ) ;
#4023 = CARTESIAN_POINT ( 'NONE',  ( 23.50000000000036948, 0.000000000000000000, 20.49999999999964473 ) ) ;
#4024 = DIRECTION ( 'NONE',  ( 0.000000000000000000, 0.000000000000000000, 1.000000000000000000 ) ) ;
#4025 = DIRECTION ( 'NONE',  ( -0.000000000000000000, 1.000000000000000000, -0.000000000000000000 ) ) ;
#4026 = CIRCLE ( 'NONE', #438, 12.59999999999999964 ) ;
#4027 = CARTESIAN_POINT ( 'NONE',  ( -23.50000000000019895, 5.000000000000000000, 26.50000000000020250 ) ) ;
#4028 = ORIENTED_EDGE ( 'NONE', *, *, #4845, .T. ) ;
#4029 = DIRECTION ( 'NONE',  ( 0.000000000000000000, 0.000000000000000000, 1.000000000000000000 ) ) ;
#4030 = AXIS2_PLACEMENT_3D ( 'NONE', #1742, #2522, #4158 ) ;
#4031 = CARTESIAN_POINT ( 'NONE',  ( -260.0000000000001705, 0.000000000000000000, 146.8629150101523635 ) ) ;
#4032 = DIRECTION ( 'NONE',  ( 0.000000000000000000, 0.000000000000000000, 1.000000000000000000 ) ) ;
#4033 = ORIENTED_EDGE ( 'NONE', *, *, #1514, .T. ) ;
#4034 = AXIS2_PLACEMENT_3D ( 'NONE', #1269, #2044, #2906 ) ;
#4035 = DIRECTION ( 'NONE',  ( -0.000000000000000000, 1.000000000000000000, -0.000000000000000000 ) ) ;
#4036 = VECTOR ( 'NONE', #1132, 1000.000000000000000 ) ;
#4037 = FACE_OUTER_BOUND ( 'NONE', #3555, .T. ) ;
#4038 = CARTESIAN_POINT ( 'NONE',  ( 197.7746032555807858, 3.399999999999998579, -197.7746032555809848 ) ) ;
#4039 = EDGE_LOOP ( 'NONE', ( #3742, #2406, #652, #4512 ) ) ;
#4040 = EDGE_CURVE ( 'NONE', #637, #3937, #200, .T. ) ;
#4041 = ORIENTED_EDGE ( 'NONE', *, *, #2168, .F. ) ;
#4042 = DIRECTION ( 'NONE',  ( -0.000000000000000000, 1.000000000000000000, -0.000000000000000000 ) ) ;
#4043 = AXIS2_PLACEMENT_3D ( 'NONE', #4583, #936, #1020 ) ;
#4044 = LINE ( 'NONE', #3322, #786 ) ;
#4045 = DIRECTION ( 'NONE',  ( -0.000000000000000000, 1.000000000000000000, -0.000000000000000000 ) ) ;
#4046 = EDGE_LOOP ( 'NONE', ( #1435, #2519, #5038, #526 ) ) ;
#4047 = CIRCLE ( 'NONE', #123, 1.700000000000007061 ) ;
#4048 = AXIS2_PLACEMENT_3D ( 'NONE', #3796, #3421, #3341 ) ;
#4049 = CARTESIAN_POINT ( 'NONE',  ( 197.7746032555828322, 5.000000000000000000, 197.7746032555856743 ) ) ;
#4050 = ADVANCED_FACE ( 'NONE', ( #3293 ), #4397, .F. ) ;
#4051 = DIRECTION ( 'NONE',  ( 0.000000000000000000, 0.000000000000000000, 1.000000000000000000 ) ) ;
#4052 = CARTESIAN_POINT ( 'NONE',  ( 60.00000000000013500, 8.673617379884035472E-16, 3.300000000001607425 ) ) ;
#4053 = CIRCLE ( 'NONE', #3285, 1.649999999999998579 ) ;
#4054 = VERTEX_POINT ( 'NONE', #369 ) ;
#4055 = CARTESIAN_POINT ( 'NONE',  ( 217.5735931288146219, 1.700000000000001066, 136.0207793864150574 ) ) ;
#4056 = ORIENTED_EDGE ( 'NONE', *, *, #584, .F. ) ;
#4057 = LINE ( 'NONE', #393, #2924 ) ;
#4058 = CIRCLE ( 'NONE', #1147, 1.700000000000007061 ) ;
#4059 = DIRECTION ( 'NONE',  ( -0.000000000000000000, 1.000000000000000000, -0.000000000000000000 ) ) ;
#4060 = UNCERTAINTY_MEASURE_WITH_UNIT (LENGTH_MEASURE( 1.000000000000000082E-05 ), #3519, 'distance_accuracy_value', 'NONE');
#4061 = ADVANCED_FACE ( 'NONE', ( #1251, #2856, #2398, #3717, #4847, #3182, #425, #5252, #2050, #5278, #2885, #1592, #4437, #2374, #3606, #845, #3635, #454, #398, #2080, #3260, #4465, #2479, #4927, #16, #4900, #4520, #1998, #1145, #760, #1619, #1570, #2800, #1168, #2426, #3209, #1195, #3230, #735, #4066, #4873, #2024, #2778, #4115, #3658, #4415, #5303, #1226, #4496, #817, #2451, #4090, #3692 ), #1648, .T. ) ;
#4062 = CYLINDRICAL_SURFACE ( 'NONE', #3764, 1.700000000000007061 ) ;
#4063 = ADVANCED_FACE ( 'NONE', ( #501 ), #4825, .F. ) ;
#4064 = VERTEX_POINT ( 'NONE', #555 ) ;
#4065 = ORIENTED_EDGE ( 'NONE', *, *, #1420, .F. ) ;
#4066 = FACE_BOUND ( 'NONE', #3807, .T. ) ;
#4067 = DIRECTION ( 'NONE',  ( -0.000000000000000000, 1.000000000000000000, -0.000000000000000000 ) ) ;
#4068 = CARTESIAN_POINT ( 'NONE',  ( 226.0588745030468374, 8.673617379884035472E-16, -171.1903320081214872 ) ) ;
#4069 = ORIENTED_EDGE ( 'NONE', *, *, #1066, .T. ) ;
#4070 = EDGE_LOOP ( 'NONE', ( #2611, #430, #1469, #1896 ) ) ;
#4071 = DIRECTION ( 'NONE',  ( 0.000000000000000000, 0.000000000000000000, 1.000000000000000000 ) ) ;
#4072 = DIRECTION ( 'NONE',  ( 0.000000000000000000, 0.000000000000000000, 1.000000000000000000 ) ) ;
#4073 = EDGE_CURVE ( 'NONE', #14, #2839, #4574, .T. ) ;
#4074 = CARTESIAN_POINT ( 'NONE',  ( -100.0000000000000000, 5.000000000000000000, -180.0000000000000000 ) ) ;
#4075 = EDGE_LOOP ( 'NONE', ( #1804, #4214 ) ) ;
#4076 = FACE_OUTER_BOUND ( 'NONE', #2346, .T. ) ;
#4077 = ADVANCED_FACE ( 'NONE', ( #953 ), #1781, .F. ) ;
#4078 = PLANE ( 'NONE',  #1117 ) ;
#4079 = FACE_OUTER_BOUND ( 'NONE', #2220, .T. ) ;
#4080 = ORIENTED_EDGE ( 'NONE', *, *, #2882, .T. ) ;
#4081 = DIRECTION ( 'NONE',  ( 0.000000000000000000, 0.000000000000000000, 1.000000000000000000 ) ) ;
#4082 = ORIENTED_EDGE ( 'NONE', *, *, #1598, .T. ) ;
#4083 = DIRECTION ( 'NONE',  ( 0.000000000000000000, 0.000000000000000000, 1.000000000000000000 ) ) ;
#4084 = DIRECTION ( 'NONE',  ( -0.000000000000000000, 1.000000000000000000, 0.000000000000000000 ) ) ;
#4085 = CARTESIAN_POINT ( 'NONE',  ( -169.4903320081246818, 3.399999999999998579, 226.0588745030442510 ) ) ;
#4086 = VECTOR ( 'NONE', #1625, 1000.000000000000000 ) ;
#4087 = EDGE_CURVE ( 'NONE', #2618, #1904, #2940, .T. ) ;
#4088 = ORIENTED_EDGE ( 'NONE', *, *, #1079, .F. ) ;
#4089 = EDGE_LOOP ( 'NONE', ( #397, #3813 ) ) ;
#4090 = FACE_BOUND ( 'NONE', #1478, .T. ) ;
#4091 = DIRECTION ( 'NONE',  ( 0.000000000000000000, 0.000000000000000000, 1.000000000000000000 ) ) ;
#4092 = CARTESIAN_POINT ( 'NONE',  ( 226.0588745030448763, 3.399999999999998579, 171.1903320081239315 ) ) ;
#4093 = ORIENTED_EDGE ( 'NONE', *, *, #2606, .F. ) ;
#4094 = EDGE_LOOP ( 'NONE', ( #2946, #2275 ) ) ;
#4095 = VECTOR ( 'NONE', #4801, 1000.000000000000000 ) ;
#4096 = DIRECTION ( 'NONE',  ( -0.000000000000000000, 1.000000000000000000, -0.000000000000000000 ) ) ;
#4097 = DIRECTION ( 'NONE',  ( -0.000000000000000000, 1.000000000000000000, -0.000000000000000000 ) ) ;
#4098 = DIRECTION ( 'NONE',  ( 0.000000000000000000, 1.000000000000000000, 0.000000000000000000 ) ) ;
#4099 = VERTEX_POINT ( 'NONE', #2988 ) ;
#4100 = CARTESIAN_POINT ( 'NONE',  ( -69.99999999999998579, 0.000000000000000000, 65.00000000000000000 ) ) ;
#4101 = DIRECTION ( 'NONE',  ( -0.000000000000000000, 1.000000000000000000, -0.000000000000000000 ) ) ;
#4102 = DIRECTION ( 'NONE',  ( 0.000000000000000000, 0.7071067811865477948, 0.7071067811865473507 ) ) ;
#4103 = ORIENTED_EDGE ( 'NONE', *, *, #5069, .F. ) ;
#4104 = CARTESIAN_POINT ( 'NONE',  ( -2.220446049250313081E-13, 0.000000000000000000, 2.220446049250313081E-13 ) ) ;
#4105 = EDGE_CURVE ( 'NONE', #3049, #2847, #1057, .T. ) ;
#4106 = VECTOR ( 'NONE', #1883, 1000.000000000000000 ) ;
#4107 = ORIENTED_EDGE ( 'NONE', *, *, #15, .F. ) ;
#4108 = CARTESIAN_POINT ( 'NONE',  ( 197.7746032555828322, 8.673617379884035472E-16, 199.4746032555856914 ) ) ;
#4109 = DIRECTION ( 'NONE',  ( -0.000000000000000000, 1.000000000000000000, -0.000000000000000000 ) ) ;
#4110 = AXIS2_PLACEMENT_3D ( 'NONE', #1634, #4508, #3999 ) ;
#4111 = FACE_OUTER_BOUND ( 'NONE', #5271, .T. ) ;
#4112 = ORIENTED_EDGE ( 'NONE', *, *, #4776, .F. ) ;
#4113 = ORIENTED_EDGE ( 'NONE', *, *, #639, .F. ) ;
#4114 = CIRCLE ( 'NONE', #2142, 15.00000000000001421 ) ;
#4115 = FACE_BOUND ( 'NONE', #3502, .T. ) ;
#4116 = ADVANCED_FACE ( 'NONE', ( #1755 ), #128, .F. ) ;
#4117 = CYLINDRICAL_SURFACE ( 'NONE', #1685, 2.100000000000004530 ) ;
#4118 = CARTESIAN_POINT ( 'NONE',  ( -83.00000000000001421, 5.000000000000000000, 36.10000000000000853 ) ) ;
#4119 = AXIS2_PLACEMENT_3D ( 'NONE', #2527, #2446, #1612 ) ;
#4120 = ORIENTED_EDGE ( 'NONE', *, *, #3367, .F. ) ;
#4121 = VERTEX_POINT ( 'NONE', #2127 ) ;
#4122 = DIRECTION ( 'NONE',  ( -0.000000000000000000, 1.000000000000000000, -0.000000000000000000 ) ) ;
#4123 = CIRCLE ( 'NONE', #696, 2.100000000000004530 ) ;
#4124 = CARTESIAN_POINT ( 'NONE',  ( 217.5735931288179756, 5.000000000000000000, -132.7207793864104985 ) ) ;
#4125 = DIRECTION ( 'NONE',  ( 8.659560562354931626E-17, 0.7071067811865477948, -0.7071067811865473507 ) ) ;
#4126 = EDGE_CURVE ( 'NONE', #902, #2043, #3018, .T. ) ;
#4127 = AXIS2_PLACEMENT_3D ( 'NONE', #4558, #885, #2064 ) ;
#4128 = ORIENTED_EDGE ( 'NONE', *, *, #3828, .F. ) ;
#4129 = CARTESIAN_POINT ( 'NONE',  ( -132.7207793864151881, 5.000000000000000000, -217.5735931288129734 ) ) ;
#4130 = VECTOR ( 'NONE', #1899, 1000.000000000000000 ) ;
#4131 = CARTESIAN_POINT ( 'NONE',  ( -20.85965004500283015, 5.000000000000000000, -190.7403499549963612 ) ) ;
#4132 = CARTESIAN_POINT ( 'NONE',  ( -100.0000000000000000, 0.000000000000000000, -192.5999999999999943 ) ) ;
#4133 = ORIENTED_EDGE ( 'NONE', *, *, #2410, .F. ) ;
#4134 = DIRECTION ( 'NONE',  ( -0.000000000000000000, 1.000000000000000000, -0.000000000000000000 ) ) ;
#4135 = AXIS2_PLACEMENT_3D ( 'NONE', #4594, #1672, #870 ) ;
#4136 = ORIENTED_EDGE ( 'NONE', *, *, #602, .T. ) ;
#4137 = CARTESIAN_POINT ( 'NONE',  ( -217.5735931288175493, 5.000000000000000000, -132.7207793864115217 ) ) ;
#4138 = AXIS2_PLACEMENT_3D ( 'NONE', #1367, #2955, #1796 ) ;
#4139 = AXIS2_PLACEMENT_3D ( 'NONE', #604, #2662, #3876 ) ;
#4140 = ADVANCED_FACE ( 'NONE', ( #984 ), #3765, .F. ) ;
#4141 = LINE ( 'NONE', #475, #4621 ) ;
#4142 = ORIENTED_EDGE ( 'NONE', *, *, #2115, .F. ) ;
#4143 = ORIENTED_EDGE ( 'NONE', *, *, #4634, .F. ) ;
#4144 = AXIS2_PLACEMENT_3D ( 'NONE', #1365, #3384, #1021 ) ;
#4145 = EDGE_CURVE ( 'NONE', #3279, #3425, #2555, .T. ) ;
#4146 = DIRECTION ( 'NONE',  ( -0.000000000000000000, 1.000000000000000000, -0.000000000000000000 ) ) ;
#4147 = DIRECTION ( 'NONE',  ( 0.000000000000000000, 0.000000000000000000, 1.000000000000000000 ) ) ;
#4148 = AXIS2_PLACEMENT_3D ( 'NONE', #1961, #2843, #441 ) ;
#4149 = VERTEX_POINT ( 'NONE', #1273 ) ;
#4150 = ORIENTED_EDGE ( 'NONE', *, *, #4378, .F. ) ;
#4151 = FACE_OUTER_BOUND ( 'NONE', #4970, .T. ) ;
#4152 = CARTESIAN_POINT ( 'NONE',  ( -10.19999999999995310, 0.000000000000000000, 86.10000000000002274 ) ) ;
#4153 = DIRECTION ( 'NONE',  ( 0.000000000000000000, 0.000000000000000000, 1.000000000000000000 ) ) ;
#4154 = EDGE_CURVE ( 'NONE', #504, #3023, #1993, .T. ) ;
#4155 = ORIENTED_EDGE ( 'NONE', *, *, #4538, .F. ) ;
#4156 = EDGE_CURVE ( 'NONE', #163, #4414, #2678, .T. ) ;
#4157 = DIRECTION ( 'NONE',  ( 0.000000000000000000, 0.000000000000000000, 1.000000000000000000 ) ) ;
#4158 = DIRECTION ( 'NONE',  ( 0.000000000000000000, 0.000000000000000000, 1.000000000000000000 ) ) ;
#4159 = CARTESIAN_POINT ( 'NONE',  ( 146.8629150101519940, 0.000000000000000000, -259.9999999999998295 ) ) ;
#4160 = ORIENTED_EDGE ( 'NONE', *, *, #1983, .F. ) ;
#4161 = DIRECTION ( 'NONE',  ( -0.000000000000000000, 1.000000000000000000, -0.000000000000000000 ) ) ;
#4162 = VERTEX_POINT ( 'NONE', #2913 ) ;
#4163 = CARTESIAN_POINT ( 'NONE',  ( -146.8629150101528467, 5.000000000000000000, 260.0000000000002274 ) ) ;
#4164 = EDGE_CURVE ( 'NONE', #231, #423, #4743, .T. ) ;
#4165 = CARTESIAN_POINT ( 'NONE',  ( 10.20000000000004370, 0.000000000000000000, 112.0000000000000000 ) ) ;
#4166 = VERTEX_POINT ( 'NONE', #70 ) ;
#4167 = EDGE_LOOP ( 'NONE', ( #1249, #1011 ) ) ;
#4168 = CARTESIAN_POINT ( 'NONE',  ( -226.0588745030480027, 3.399999999999998579, 169.4903320081199354 ) ) ;
#4169 = CARTESIAN_POINT ( 'NONE',  ( -226.0588745030480027, 5.000000000000000000, 166.1903320081199524 ) ) ;
#4170 = AXIS2_PLACEMENT_3D ( 'NONE', #5059, #5033, #5114 ) ;
#4171 = EDGE_CURVE ( 'NONE', #2337, #1369, #5173, .T. ) ;
#4172 = ORIENTED_EDGE ( 'NONE', *, *, #1106, .F. ) ;
#4173 = ORIENTED_EDGE ( 'NONE', *, *, #5314, .F. ) ;
#4174 = CARTESIAN_POINT ( 'NONE',  ( 169.4903320081207880, 5.000000000000000000, 229.3588745030474172 ) ) ;
#4175 = EDGE_CURVE ( 'NONE', #3146, #974, #1484, .T. ) ;
#4176 = AXIS2_PLACEMENT_3D ( 'NONE', #1948, #268, #3909 ) ;
#4177 = VECTOR ( 'NONE', #2207, 1000.000000000000000 ) ;
#4178 = DIRECTION ( 'NONE',  ( -0.000000000000000000, 1.000000000000000000, -0.000000000000000000 ) ) ;
#4179 = FACE_BOUND ( 'NONE', #855, .T. ) ;
#4180 = AXIS2_PLACEMENT_3D ( 'NONE', #4615, #217, #62 ) ;
#4181 = VERTEX_POINT ( 'NONE', #1725 ) ;
#4182 = CONICAL_SURFACE ( 'NONE', #3407, 3.299999999999997158, 0.7853981633974447263 ) ;
#4183 = DIRECTION ( 'NONE',  ( -0.000000000000000000, 1.000000000000000000, -0.000000000000000000 ) ) ;
#4184 = ADVANCED_FACE ( 'NONE', ( #5027 ), #1569, .F. ) ;
#4185 = LINE ( 'NONE', #2140, #1120 ) ;
#4186 = CYLINDRICAL_SURFACE ( 'NONE', #373, 15.00000000000000000 ) ;
#4187 = ORIENTED_EDGE ( 'NONE', *, *, #3300, .T. ) ;
#4188 = CARTESIAN_POINT ( 'NONE',  ( 30.20000000000004192, 5.000000000000000000, 86.10000000000000853 ) ) ;
#4189 = EDGE_LOOP ( 'NONE', ( #1206, #815, #3264, #5103 ) ) ;
#4190 = CYLINDRICAL_SURFACE ( 'NONE', #4901, 1.649999999999998579 ) ;
#4191 = CARTESIAN_POINT ( 'NONE',  ( -83.00000000000001421, 5.000000000000000000, 34.00000000000000000 ) ) ;
#4192 = EDGE_LOOP ( 'NONE', ( #453, #2582, #4630, #1989 ) ) ;
#4193 = ORIENTED_EDGE ( 'NONE', *, *, #1709, .F. ) ;
#4194 = AXIS2_PLACEMENT_3D ( 'NONE', #395, #1968, #4006 ) ;
#4195 = DIRECTION ( 'NONE',  ( -0.000000000000000000, 1.000000000000000000, -0.000000000000000000 ) ) ;
#4196 = LINE ( 'NONE', #4230, #515 ) ;
#4197 = EDGE_LOOP ( 'NONE', ( #4319, #302 ) ) ;
#4198 = ORIENTED_EDGE ( 'NONE', *, *, #4156, .T. ) ;
#4199 = CONICAL_SURFACE ( 'NONE', #4972, 3.299999999999997158, 0.7853981633974447263 ) ;
#4200 = CARTESIAN_POINT ( 'NONE',  ( 100.0000000000000000, 0.000000000000000000, -180.0000000000000000 ) ) ;
#4201 = LINE ( 'NONE', #4235, #880 ) ;
#4202 = AXIS2_PLACEMENT_3D ( 'NONE', #5125, #2707, #4849 ) ;
#4203 = FACE_BOUND ( 'NONE', #1934, .T. ) ;
#4204 = EDGE_CURVE ( 'NONE', #3762, #3902, #2583, .T. ) ;
#4205 = VERTEX_POINT ( 'NONE', #5110 ) ;
#4206 = ORIENTED_EDGE ( 'NONE', *, *, #793, .F. ) ;
#4207 = AXIS2_PLACEMENT_3D ( 'NONE', #1965, #1990, #4866 ) ;
#4208 = CARTESIAN_POINT ( 'NONE',  ( -197.7746032555837985, 5.000000000000000000, -197.7746032555839122 ) ) ;
#4209 = EDGE_CURVE ( 'NONE', #2468, #2201, #3478, .T. ) ;
#4210 = FACE_OUTER_BOUND ( 'NONE', #1343, .T. ) ;
#4211 = CONICAL_SURFACE ( 'NONE', #13, 3.299999999999997158, 0.7853981633974447263 ) ;
#4212 = DIRECTION ( 'NONE',  ( 0.000000000000000000, 0.000000000000000000, 1.000000000000000000 ) ) ;
#4213 = LINE ( 'NONE', #1743, #2677 ) ;
#4214 = ORIENTED_EDGE ( 'NONE', *, *, #5304, .F. ) ;
#4215 = DIRECTION ( 'NONE',  ( -0.000000000000000000, 1.000000000000000000, -0.000000000000000000 ) ) ;
#4216 = EDGE_LOOP ( 'NONE', ( #5018, #980, #1335, #5032 ) ) ;
#4217 = EDGE_CURVE ( 'NONE', #4288, #85, #2235, .T. ) ;
#4218 = DIRECTION ( 'NONE',  ( -0.000000000000000000, 1.000000000000000000, -0.000000000000000000 ) ) ;
#4219 = CARTESIAN_POINT ( 'NONE',  ( -169.4903320081246818, 5.000000000000000000, 226.0588745030442510 ) ) ;
#4220 = CIRCLE ( 'NONE', #4737, 15.00000000000001421 ) ;
#4221 = DIRECTION ( 'NONE',  ( 0.000000000000000000, 1.000000000000000000, 0.000000000000000000 ) ) ;
#4222 = ORIENTED_EDGE ( 'NONE', *, *, #720, .T. ) ;
#4223 = EDGE_CURVE ( 'NONE', #2695, #2085, #1405, .T. ) ;
#4224 = EDGE_CURVE ( 'NONE', #2888, #5135, #1143, .T. ) ;
#4225 = EDGE_CURVE ( 'NONE', #4855, #2529, #1432, .T. ) ;
#4226 = ORGANIZATION ( '未', '未', '' ) ;
#4227 = CIRCLE ( 'NONE', #296, 2.999999999999995559 ) ;
#4228 = CARTESIAN_POINT ( 'NONE',  ( -132.7207793864129712, 5.000000000000000000, 224.1735931288193342 ) ) ;
#4229 = EDGE_CURVE ( 'NONE', #2232, #3097, #1061, .T. ) ;
#4230 = CARTESIAN_POINT ( 'NONE',  ( -30.19999999999995310, 5.000000000000000000, 86.10000000000002274 ) ) ;
#4231 = ORIENTED_EDGE ( 'NONE', *, *, #1066, .F. ) ;
#4232 = VECTOR ( 'NONE', #219, 1000.000000000000000 ) ;
#4233 = ORIENTED_EDGE ( 'NONE', *, *, #3046, .F. ) ;
#4234 = CARTESIAN_POINT ( 'NONE',  ( -217.5735931288175493, 5.000000000000000000, -129.4207793864115388 ) ) ;
#4235 = CARTESIAN_POINT ( 'NONE',  ( -146.8629150101519940, 0.000000000000000000, -259.9999999999997726 ) ) ;
#4236 = VECTOR ( 'NONE', #1101, 1000.000000000000000 ) ;
#4237 = FACE_BOUND ( 'NONE', #1546, .T. ) ;
#4238 = ORIENTED_EDGE ( 'NONE', *, *, #4443, .F. ) ;
#4239 = VERTEX_POINT ( 'NONE', #1510 ) ;
#4240 = EDGE_CURVE ( 'NONE', #4064, #1827, #4404, .T. ) ;
#4241 = EDGE_CURVE ( 'NONE', #974, #3146, #4830, .T. ) ;
#4242 = FACE_OUTER_BOUND ( 'NONE', #3080, .T. ) ;
#4243 = DIRECTION ( 'NONE',  ( -0.000000000000000000, 1.000000000000000000, -0.000000000000000000 ) ) ;
#4244 = CARTESIAN_POINT ( 'NONE',  ( 197.7746032555828322, 3.399999999999998579, 196.0746032555856857 ) ) ;
#4245 = DIRECTION ( 'NONE',  ( -0.000000000000000000, 1.000000000000000000, -0.000000000000000000 ) ) ;
#4246 = ORIENTED_EDGE ( 'NONE', *, *, #1289, .T. ) ;
#4247 = ORIENTED_EDGE ( 'NONE', *, *, #2433, .F. ) ;
#4248 = EDGE_CURVE ( 'NONE', #3953, #3831, #3903, .T. ) ;
#4249 = CARTESIAN_POINT ( 'NONE',  ( 99.99999999999978684, 5.000000000000000000, 119.9999999999997726 ) ) ;
#4250 = DIRECTION ( 'NONE',  ( -0.000000000000000000, 1.000000000000000000, -0.000000000000000000 ) ) ;
#4251 = ORIENTED_EDGE ( 'NONE', *, *, #962, .F. ) ;
#4252 = ORIENTED_EDGE ( 'NONE', *, *, #1049, .T. ) ;
#4253 = DIRECTION ( 'NONE',  ( 0.000000000000000000, 0.000000000000000000, 1.000000000000000000 ) ) ;
#4254 = DIRECTION ( 'NONE',  ( -0.000000000000000000, 1.000000000000000000, -0.000000000000000000 ) ) ;
#4255 = EDGE_CURVE ( 'NONE', #1858, #4679, #179, .T. ) ;
#4256 = EDGE_LOOP ( 'NONE', ( #3648, #821, #3643, #2118 ) ) ;
#4257 = EDGE_LOOP ( 'NONE', ( #2212, #4041 ) ) ;
#4258 = DIRECTION ( 'NONE',  ( 0.000000000000000000, 0.000000000000000000, 1.000000000000000000 ) ) ;
#4259 = DIRECTION ( 'NONE',  ( 0.000000000000000000, 0.000000000000000000, 1.000000000000000000 ) ) ;
#4260 = DIRECTION ( 'NONE',  ( 8.659560562354902043E-17, 0.7071067811865500152, -0.7071067811865450192 ) ) ;
#4261 = ORIENTED_EDGE ( 'NONE', *, *, #2470, .F. ) ;
#4262 = ORIENTED_EDGE ( 'NONE', *, *, #2822, .T. ) ;
#4263 = CIRCLE ( 'NONE', #4948, 6.599999999999994316 ) ;
#4264 = CARTESIAN_POINT ( 'NONE',  ( -10.19999999999995310, 5.000000000000000000, 86.10000000000002274 ) ) ;
#4265 = DIRECTION ( 'NONE',  ( 0.000000000000000000, 0.000000000000000000, 1.000000000000000000 ) ) ;
#4266 = VECTOR ( 'NONE', #950, 1000.000000000000000 ) ;
#4267 = LINE ( 'NONE', #673, #1973 ) ;
#4268 = ORIENTED_EDGE ( 'NONE', *, *, #264, .T. ) ;
#4269 = VECTOR ( 'NONE', #2358, 1000.000000000000000 ) ;
#4270 = VERTEX_POINT ( 'NONE', #1835 ) ;
#4271 = DIRECTION ( 'NONE',  ( -0.000000000000000000, 1.000000000000000000, -0.000000000000000000 ) ) ;
#4272 = LINE ( 'NONE', #1830, #3431 ) ;
#4273 = ADVANCED_FACE ( 'NONE', ( #1805 ), #5166, .F. ) ;
#4274 = CARTESIAN_POINT ( 'NONE',  ( -217.5735931288175493, 5.000000000000000000, -126.1207793864115274 ) ) ;
#4275 = ORIENTED_EDGE ( 'NONE', *, *, #898, .F. ) ;
#4276 = DIRECTION ( 'NONE',  ( 0.000000000000000000, 0.7071067811865477948, 0.7071067811865473507 ) ) ;
#4277 = AXIS2_PLACEMENT_3D ( 'NONE', #3766, #180, #4147 ) ;
#4278 = CARTESIAN_POINT ( 'NONE',  ( -30.19999999999995310, 5.000000000000000000, 81.90000000000001990 ) ) ;
#4279 = EDGE_LOOP ( 'NONE', ( #1863, #2832 ) ) ;
#4280 = ORIENTED_EDGE ( 'NONE', *, *, #2867, .F. ) ;
#4281 = DIRECTION ( 'NONE',  ( -0.000000000000000000, 1.000000000000000000, -0.000000000000000000 ) ) ;
#4282 = AXIS2_PLACEMENT_3D ( 'NONE', #2046, #4433, #1248 ) ;
#4283 = EDGE_CURVE ( 'NONE', #3738, #3464, #380, .T. ) ;
#4284 = DIRECTION ( 'NONE',  ( 0.000000000000000000, 0.000000000000000000, 1.000000000000000000 ) ) ;
#4285 = CARTESIAN_POINT ( 'NONE',  ( 60.00000000000013500, 0.000000000000000000, -15.00000000000000000 ) ) ;
#4286 = FACE_BOUND ( 'NONE', #1431, .T. ) ;
#4287 = AXIS2_PLACEMENT_3D ( 'NONE', #411, #2364, #4051 ) ;
#4288 = VERTEX_POINT ( 'NONE', #657 ) ;
#4289 = VERTEX_POINT ( 'NONE', #229 ) ;
#4290 = VECTOR ( 'NONE', #2978, 1000.000000000000000 ) ;
#4291 = CARTESIAN_POINT ( 'NONE',  ( 60.00000000000013500, 5.000000000000000000, 6.600000000001604583 ) ) ;
#4292 = CARTESIAN_POINT ( 'NONE',  ( 217.5735931288146219, 5.000000000000000000, 132.7207793864150460 ) ) ;
#4293 = EDGE_CURVE ( 'NONE', #5170, #3399, #3450, .T. ) ;
#4294 = CARTESIAN_POINT ( 'NONE',  ( 226.0588745030468374, 5.000000000000000000, -169.4903320081214702 ) ) ;
#4295 = CARTESIAN_POINT ( 'NONE',  ( 169.4903320081207880, 5.000000000000000000, 226.0588745030474342 ) ) ;
#4296 = CIRCLE ( 'NONE', #2834, 1.700000000000007061 ) ;
#4297 = VERTEX_POINT ( 'NONE', #258 ) ;
#4298 = ORIENTED_EDGE ( 'NONE', *, *, #254, .T. ) ;
#4299 = DIRECTION ( 'NONE',  ( -0.000000000000000000, 1.000000000000000000, -0.000000000000000000 ) ) ;
#4300 = CIRCLE ( 'NONE', #779, 3.299999999999997158 ) ;
#4301 = DIRECTION ( 'NONE',  ( 0.000000000000000000, 1.000000000000000000, 0.000000000000000000 ) ) ;
#4302 = DIRECTION ( 'NONE',  ( 0.000000000000000000, 0.000000000000000000, 1.000000000000000000 ) ) ;
#4303 = CIRCLE ( 'NONE', #783, 6.599999999999994316 ) ;
#4304 = ORIENTED_EDGE ( 'NONE', *, *, #3391, .F. ) ;
#4305 = ADVANCED_FACE ( 'NONE', ( #707 ), #2512, .F. ) ;
#4306 = DIRECTION ( 'NONE',  ( -0.000000000000000000, 1.000000000000000000, -0.000000000000000000 ) ) ;
#4307 = CIRCLE ( 'NONE', #1225, 1.700000000000007061 ) ;
#4308 = DIRECTION ( 'NONE',  ( 0.000000000000000000, 0.000000000000000000, 1.000000000000000000 ) ) ;
#4309 = ORIENTED_EDGE ( 'NONE', *, *, #4223, .F. ) ;
#4310 = ORIENTED_EDGE ( 'NONE', *, *, #5198, .F. ) ;
#4311 = FACE_OUTER_BOUND ( 'NONE', #4070, .T. ) ;
#4312 = AXIS2_PLACEMENT_3D ( 'NONE', #2998, #105, #5011 ) ;
#4313 = EDGE_CURVE ( 'NONE', #2700, #1808, #465, .T. ) ;
#4314 = DIRECTION ( 'NONE',  ( 0.7071067811865491270, 0.000000000000000000, -0.7071067811865459074 ) ) ;
#4315 = DIRECTION ( 'NONE',  ( -0.000000000000000000, 1.000000000000000000, -0.000000000000000000 ) ) ;
#4316 = AXIS2_PLACEMENT_3D ( 'NONE', #4697, #3919, #1477 ) ;
#4317 = AXIS2_PLACEMENT_3D ( 'NONE', #3225, #3284, #4459 ) ;
#4318 = ORIENTED_EDGE ( 'NONE', *, *, #2180, .F. ) ;
#4319 = ORIENTED_EDGE ( 'NONE', *, *, #2010, .T. ) ;
#4320 = CYLINDRICAL_SURFACE ( 'NONE', #246, 3.299999999999997158 ) ;
#4321 = AXIS2_PLACEMENT_3D ( 'NONE', #565, #1421, #3810 ) ;
#4322 = DIRECTION ( 'NONE',  ( 0.000000000000000000, 0.000000000000000000, 1.000000000000000000 ) ) ;
#4323 = CARTESIAN_POINT ( 'NONE',  ( -132.7207793864151881, 5.000000000000000000, -217.5735931288129734 ) ) ;
#4324 = DIRECTION ( 'NONE',  ( 0.000000000000000000, 0.000000000000000000, 1.000000000000000000 ) ) ;
#4325 =( NAMED_UNIT ( * ) SI_UNIT ( $, .STERADIAN. ) SOLID_ANGLE_UNIT ( ) );
#4326 = EDGE_CURVE ( 'NONE', #1754, #321, #2595, .T. ) ;
#4327 = AXIS2_PLACEMENT_3D ( 'NONE', #2922, #1600, #4503 ) ;
#4328 = ORIENTED_EDGE ( 'NONE', *, *, #4606, .T. ) ;
#4329 = VERTEX_POINT ( 'NONE', #290 ) ;
#4330 = CARTESIAN_POINT ( 'NONE',  ( -217.5735931288143661, 1.700000000000001066, 132.7207793864129144 ) ) ;
#4331 = LINE ( 'NONE', #3173, #856 ) ;
#4332 = CARTESIAN_POINT ( 'NONE',  ( -10.19999999999995310, 5.000000000000000000, 86.10000000000002274 ) ) ;
#4333 = ORIENTED_EDGE ( 'NONE', *, *, #1490, .T. ) ;
#4334 = DIRECTION ( 'NONE',  ( -0.000000000000000000, 1.000000000000000000, -0.000000000000000000 ) ) ;
#4335 = FACE_OUTER_BOUND ( 'NONE', #223, .T. ) ;
#4336 = VERTEX_POINT ( 'NONE', #4359 ) ;
#4337 = ORIENTED_EDGE ( 'NONE', *, *, #4450, .T. ) ;
#4338 = CARTESIAN_POINT ( 'NONE',  ( -83.00000000000001421, 5.000000000000000000, 31.89999999999999858 ) ) ;
#4339 = EDGE_CURVE ( 'NONE', #685, #2671, #1916, .T. ) ;
#4340 = DIRECTION ( 'NONE',  ( 0.000000000000000000, 0.000000000000000000, 1.000000000000000000 ) ) ;
#4341 = VERTEX_POINT ( 'NONE', #3579 ) ;
#4342 = EDGE_CURVE ( 'NONE', #5170, #1277, #2348, .T. ) ;
#4343 = VERTEX_POINT ( 'NONE', #1966 ) ;
#4344 = DIRECTION ( 'NONE',  ( -0.000000000000000000, 1.000000000000000000, -0.000000000000000000 ) ) ;
#4345 = DIRECTION ( 'NONE',  ( 0.000000000000000000, 0.000000000000000000, 1.000000000000000000 ) ) ;
#4346 = CARTESIAN_POINT ( 'NONE',  ( 83.00000000000001421, 0.000000000000000000, 36.10000000000000853 ) ) ;
#4347 = FACE_OUTER_BOUND ( 'NONE', #1271, .T. ) ;
#4348 = CIRCLE ( 'NONE', #1870, 6.599999999999994316 ) ;
#4349 = DIRECTION ( 'NONE',  ( 0.000000000000000000, 0.000000000000000000, 1.000000000000000000 ) ) ;
#4350 = EDGE_LOOP ( 'NONE', ( #2194, #4298, #1527, #644 ) ) ;
#4351 = ORIENTED_EDGE ( 'NONE', *, *, #1764, .F. ) ;
#4352 = AXIS2_PLACEMENT_3D ( 'NONE', #4104, #444, #1244 ) ;
#4353 = CARTESIAN_POINT ( 'NONE',  ( 20.85965004500326003, -19.00000000000000000, -232.4596500450028884 ) ) ;
#4354 = EDGE_CURVE ( 'NONE', #3953, #3921, #3887, .T. ) ;
#4355 = CARTESIAN_POINT ( 'NONE',  ( -226.0588745030460132, 8.673617379884035472E-16, -169.4903320081223796 ) ) ;
#4356 = CONICAL_SURFACE ( 'NONE', #750, 6.599999999999994316, 0.7853981633974480570 ) ;
#4357 = DIRECTION ( 'NONE',  ( -0.000000000000000000, 1.000000000000000000, -0.000000000000000000 ) ) ;
#4358 = ORIENTED_EDGE ( 'NONE', *, *, #4248, .F. ) ;
#4359 = CARTESIAN_POINT ( 'NONE',  ( -69.99999999999998579, 5.000000000000000000, 65.00000000000000000 ) ) ;
#4360 = DIRECTION ( 'NONE',  ( -0.000000000000000000, 1.000000000000000000, -0.000000000000000000 ) ) ;
#4361 = EDGE_LOOP ( 'NONE', ( #3453, #4403, #445, #4222 ) ) ;
#4362 = VERTEX_POINT ( 'NONE', #5223 ) ;
#4363 = CIRCLE ( 'NONE', #3422, 1.700000000000007061 ) ;
#4364 = DIRECTION ( 'NONE',  ( -0.000000000000000000, 1.000000000000000000, -0.000000000000000000 ) ) ;
#4365 = DIRECTION ( 'NONE',  ( 0.000000000000000000, 0.000000000000000000, 1.000000000000000000 ) ) ;
#4366 = ORIENTED_EDGE ( 'NONE', *, *, #2804, .T. ) ;
#4367 = VERTEX_POINT ( 'NONE', #3653 ) ;
#4368 = VECTOR ( 'NONE', #1190, 1000.000000000000000 ) ;
#4369 = CARTESIAN_POINT ( 'NONE',  ( 226.0588745030448763, 5.000000000000000000, 171.1903320081239315 ) ) ;
#4370 = LINE ( 'NONE', #1846, #1731 ) ;
#4371 = EDGE_CURVE ( 'NONE', #3023, #504, #3291, .T. ) ;
#4372 = CIRCLE ( 'NONE', #4110, 1.700000000000007061 ) ;
#4373 = CARTESIAN_POINT ( 'NONE',  ( 23.49999999999987210, 5.000000000000000000, -20.49999999999991473 ) ) ;
#4374 = PERSON_AND_ORGANIZATION ( #3021, #4226 ) ;
#4375 = ORIENTED_EDGE ( 'NONE', *, *, #4342, .T. ) ;
#4376 = AXIS2_PLACEMENT_3D ( 'NONE', #1650, #400, #819 ) ;
#4377 = ORIENTED_EDGE ( 'NONE', *, *, #3755, .F. ) ;
#4378 = EDGE_CURVE ( 'NONE', #1297, #2484, #3549, .T. ) ;
#4379 = CARTESIAN_POINT ( 'NONE',  ( 99.99999999999978684, 5.000000000000000000, 121.6499999999997783 ) ) ;
#4380 = AXIS2_PLACEMENT_3D ( 'NONE', #1692, #3652, #2122 ) ;
#4381 = CARTESIAN_POINT ( 'NONE',  ( -20.85965004500278752, 0.000000000000000000, -232.4596500450027179 ) ) ;
#4382 = EDGE_CURVE ( 'NONE', #1080, #3902, #2425, .T. ) ;
#4383 = DIRECTION ( 'NONE',  ( -0.000000000000000000, 1.000000000000000000, -0.000000000000000000 ) ) ;
#4384 = VERTEX_POINT ( 'NONE', #4515 ) ;
#4385 = AXIS2_PLACEMENT_3D ( 'NONE', #1157, #3171, #5266 ) ;
#4386 = DIRECTION ( 'NONE',  ( -0.000000000000000000, 1.000000000000000000, -0.000000000000000000 ) ) ;
#4387 = CARTESIAN_POINT ( 'NONE',  ( -169.4903320081246818, 5.000000000000000000, 229.3588745030442340 ) ) ;
#4388 = DIRECTION ( 'NONE',  ( 0.000000000000000000, 0.000000000000000000, 1.000000000000000000 ) ) ;
#4389 = AXIS2_PLACEMENT_3D ( 'NONE', #1793, #4183, #2953 ) ;
#4390 = ADVANCED_FACE ( 'NONE', ( #4894 ), #1613, .F. ) ;
#4391 = ORIENTED_EDGE ( 'NONE', *, *, #3755, .T. ) ;
#4392 = EDGE_CURVE ( 'NONE', #1890, #2530, #3800, .T. ) ;
#4393 = CIRCLE ( 'NONE', #2076, 1.700000000000007061 ) ;
#4394 = CARTESIAN_POINT ( 'NONE',  ( 10.20000000000004370, 5.000000000000000000, 109.8999999999999915 ) ) ;
#4395 = CARTESIAN_POINT ( 'NONE',  ( -132.7207793864129712, 8.673617379884035472E-16, 220.8735931288193228 ) ) ;
#4396 = ORIENTED_EDGE ( 'NONE', *, *, #4805, .F. ) ;
#4397 = CONICAL_SURFACE ( 'NONE', #3194, 3.299999999999997158, 0.7853981633974447263 ) ;
#4398 = VERTEX_POINT ( 'NONE', #5247 ) ;
#4399 = LINE ( 'NONE', #4878, #4269 ) ;
#4400 = DIRECTION ( 'NONE',  ( -0.000000000000000000, 1.000000000000000000, -0.000000000000000000 ) ) ;
#4401 = CIRCLE ( 'NONE', #4998, 2.100000000000004530 ) ;
#4402 = DIRECTION ( 'NONE',  ( 0.000000000000000000, 0.000000000000000000, 1.000000000000000000 ) ) ;
#4403 = ORIENTED_EDGE ( 'NONE', *, *, #2960, .F. ) ;
#4404 = CIRCLE ( 'NONE', #5082, 3.299999999999997158 ) ;
#4405 = LINE ( 'NONE', #4809, #4036 ) ;
#4406 = ADVANCED_FACE ( 'NONE', ( #1565 ), #5273, .F. ) ;
#4407 = DIRECTION ( 'NONE',  ( 0.000000000000000000, 1.000000000000000000, 0.000000000000000000 ) ) ;
#4408 = DIRECTION ( 'NONE',  ( 0.000000000000000000, 0.000000000000000000, 1.000000000000000000 ) ) ;
#4409 = ADVANCED_FACE ( 'NONE', ( #4431 ), #754, .F. ) ;
#4410 = EDGE_LOOP ( 'NONE', ( #794, #2884 ) ) ;
#4411 = CYLINDRICAL_SURFACE ( 'NONE', #2750, 2.999999999999995559 ) ;
#4412 = DIRECTION ( 'NONE',  ( -0.000000000000000000, 1.000000000000000000, -0.000000000000000000 ) ) ;
#4413 = DIRECTION ( 'NONE',  ( -0.000000000000000000, 1.000000000000000000, -0.000000000000000000 ) ) ;
#4414 = VERTEX_POINT ( 'NONE', #1588 ) ;
#4415 = FACE_BOUND ( 'NONE', #216, .T. ) ;
#4416 = DIRECTION ( 'NONE',  ( 0.000000000000000000, 0.000000000000000000, 1.000000000000000000 ) ) ;
#4417 = ORIENTED_EDGE ( 'NONE', *, *, #4217, .T. ) ;
#4418 = ORIENTED_EDGE ( 'NONE', *, *, #4538, .T. ) ;
#4419 = CYLINDRICAL_SURFACE ( 'NONE', #4957, 1.700000000000007061 ) ;
#4420 = DIRECTION ( 'NONE',  ( 0.000000000000000000, 0.000000000000000000, 1.000000000000000000 ) ) ;
#4421 = DIRECTION ( 'NONE',  ( 0.000000000000000000, 0.000000000000000000, 1.000000000000000000 ) ) ;
#4422 = ORIENTED_EDGE ( 'NONE', *, *, #79, .F. ) ;
#4423 = LINE ( 'NONE', #2384, #2926 ) ;
#4424 = CIRCLE ( 'NONE', #579, 2.100000000000004530 ) ;
#4425 = LINE ( 'NONE', #1, #4453 ) ;
#4426 = DIRECTION ( 'NONE',  ( 0.000000000000000000, 0.000000000000000000, 1.000000000000000000 ) ) ;
#4427 = DIRECTION ( 'NONE',  ( -0.000000000000000000, 1.000000000000000000, -0.000000000000000000 ) ) ;
#4428 = AXIS2_PLACEMENT_3D ( 'NONE', #5176, #1119, #1146 ) ;
#4429 = ORIENTED_EDGE ( 'NONE', *, *, #4473, .F. ) ;
#4430 = CARTESIAN_POINT ( 'NONE',  ( -169.4903320081246818, 5.000000000000000000, 227.7588745030442396 ) ) ;
#4431 = FACE_OUTER_BOUND ( 'NONE', #3297, .T. ) ;
#4432 = ADVANCED_FACE ( 'NONE', ( #2447 ), #1247, .F. ) ;
#4433 = DIRECTION ( 'NONE',  ( -0.000000000000000000, 1.000000000000000000, -0.000000000000000000 ) ) ;
#4434 = AXIS2_PLACEMENT_3D ( 'NONE', #1108, #1030, #2366 ) ;
#4435 = ORIENTED_EDGE ( 'NONE', *, *, #377, .T. ) ;
#4436 = AXIS2_PLACEMENT_3D ( 'NONE', #3280, #2498, #2875 ) ;
#4437 = FACE_BOUND ( 'NONE', #1700, .T. ) ;
#4438 = CARTESIAN_POINT ( 'NONE',  ( 83.00000000000001421, 5.000000000000000000, 34.00000000000000000 ) ) ;
#4439 = DIRECTION ( 'NONE',  ( 0.000000000000000000, 0.7071067811865477948, 0.7071067811865473507 ) ) ;
#4440 = ORIENTED_EDGE ( 'NONE', *, *, #1822, .F. ) ;
#4441 = EDGE_LOOP ( 'NONE', ( #2077, #50, #3733, #1243 ) ) ;
#4443 = EDGE_CURVE ( 'NONE', #3343, #4003, #4867, .T. ) ;
#4442 = DIRECTION ( 'NONE',  ( 0.000000000000000000, 0.000000000000000000, 1.000000000000000000 ) ) ;
#4444 = CARTESIAN_POINT ( 'NONE',  ( -169.4903320081222944, 3.399999999999998579, -224.3588745030462803 ) ) ;
#4445 = DIRECTION ( 'NONE',  ( -0.000000000000000000, 1.000000000000000000, 0.000000000000000000 ) ) ;
#4446 = AXIS2_PLACEMENT_3D ( 'NONE', #2128, #3740, #2610 ) ;
#4447 = VERTEX_POINT ( 'NONE', #840 ) ;
#4448 = CONICAL_SURFACE ( 'NONE', #2738, 6.599999999999994316, 0.7853981633974480570 ) ;
#4449 = DIRECTION ( 'NONE',  ( 0.000000000000000000, 0.000000000000000000, 1.000000000000000000 ) ) ;
#4450 = EDGE_CURVE ( 'NONE', #1232, #80, #3685, .T. ) ;
#4451 = CYLINDRICAL_SURFACE ( 'NONE', #1798, 1.700000000000007061 ) ;
#4452 = DIRECTION ( 'NONE',  ( -0.000000000000000000, 1.000000000000000000, -0.000000000000000000 ) ) ;
#4453 = VECTOR ( 'NONE', #1134, 1000.000000000000000 ) ;
#4454 = VERTEX_POINT ( 'NONE', #4031 ) ;
#4455 = DIRECTION ( 'NONE',  ( 0.000000000000000000, 0.000000000000000000, 1.000000000000000000 ) ) ;
#4456 = ORIENTED_EDGE ( 'NONE', *, *, #3582, .T. ) ;
#4457 = CARTESIAN_POINT ( 'NONE',  ( 30.20000000000004192, 0.000000000000000000, 86.10000000000000853 ) ) ;
#4458 = CIRCLE ( 'NONE', #272, 6.600000000000001421 ) ;
#4459 = DIRECTION ( 'NONE',  ( 0.000000000000000000, 0.000000000000000000, 1.000000000000000000 ) ) ;
#4460 = CYLINDRICAL_SURFACE ( 'NONE', #4282, 20.00000000000000000 ) ;
#4461 = ORIENTED_EDGE ( 'NONE', *, *, #1487, .T. ) ;
#4462 = CIRCLE ( 'NONE', #4207, 1.599999999999990319 ) ;
#4463 = ORIENTED_EDGE ( 'NONE', *, *, #3911, .T. ) ;
#4464 = EDGE_CURVE ( 'NONE', #1065, #3769, #4401, .T. ) ;
#4465 = FACE_BOUND ( 'NONE', #3054, .T. ) ;
#4466 = VECTOR ( 'NONE', #3243, 1000.000000000000000 ) ;
#4467 = FACE_OUTER_BOUND ( 'NONE', #752, .T. ) ;
#4468 = CARTESIAN_POINT ( 'NONE',  ( -132.7207793864151881, 5.000000000000000000, -210.9735931288129791 ) ) ;
#4469 = ORIENTED_EDGE ( 'NONE', *, *, #4931, .F. ) ;
#4470 = ORIENTED_EDGE ( 'NONE', *, *, #3253, .F. ) ;
#4471 = DIRECTION ( 'NONE',  ( -1.000000000000000000, 0.000000000000000000, 0.000000000000000000 ) ) ;
#4472 = AXIS2_PLACEMENT_3D ( 'NONE', #742, #3141, #218 ) ;
#4473 = EDGE_CURVE ( 'NONE', #2357, #4181, #4485, .T. ) ;
#4474 = FACE_OUTER_BOUND ( 'NONE', #3134, .T. ) ;
#4475 = DIRECTION ( 'NONE',  ( -0.000000000000000000, 1.000000000000000000, -0.000000000000000000 ) ) ;
#4476 = SECURITY_CLASSIFICATION_LEVEL ( 'unclassified' ) ;
#4477 = ORIENTED_EDGE ( 'NONE', *, *, #2445, .T. ) ;
#4478 = AXIS2_PLACEMENT_3D ( 'NONE', #2, #1663, #4839 ) ;
#4479 = CIRCLE ( 'NONE', #1910, 2.100000000000004530 ) ;
#4480 = DIRECTION ( 'NONE',  ( -0.000000000000000000, 1.000000000000000000, -0.000000000000000000 ) ) ;
#4481 = ADVANCED_FACE ( 'NONE', ( #2879 ), #1941, .F. ) ;
#4482 = DIRECTION ( 'NONE',  ( -0.000000000000000000, 1.000000000000000000, -0.000000000000000000 ) ) ;
#4483 = DIRECTION ( 'NONE',  ( 0.000000000000000000, -0.000000000000000000, 1.000000000000000000 ) ) ;
#4484 = CONICAL_SURFACE ( 'NONE', #883, 3.299999999999997158, 0.7853981633974447263 ) ;
#4485 = CIRCLE ( 'NONE', #4917, 1.700000000000007061 ) ;
#4486 = ORIENTED_EDGE ( 'NONE', *, *, #1208, .F. ) ;
#4487 = FACE_OUTER_BOUND ( 'NONE', #1682, .T. ) ;
#4488 = VERTEX_POINT ( 'NONE', #3409 ) ;
#4489 = DIRECTION ( 'NONE',  ( 0.000000000000000000, 0.000000000000000000, 1.000000000000000000 ) ) ;
#4490 = AXIS2_PLACEMENT_3D ( 'NONE', #2173, #2570, #1396 ) ;
#4491 = DIRECTION ( 'NONE',  ( 0.000000000000000000, 0.000000000000000000, 1.000000000000000000 ) ) ;
#4492 = DIRECTION ( 'NONE',  ( 0.000000000000000000, 0.000000000000000000, 1.000000000000000000 ) ) ;
#4493 = VECTOR ( 'NONE', #4260, 1000.000000000000000 ) ;
#4494 = VERTEX_POINT ( 'NONE', #4671 ) ;
#4495 = ORIENTED_EDGE ( 'NONE', *, *, #1285, .F. ) ;
#4496 = FACE_BOUND ( 'NONE', #4075, .T. ) ;
#4497 = DIRECTION ( 'NONE',  ( -0.000000000000000000, 1.000000000000000000, -0.000000000000000000 ) ) ;
#4498 = FACE_OUTER_BOUND ( 'NONE', #3523, .T. ) ;
#4499 = ORIENTED_EDGE ( 'NONE', *, *, #3095, .F. ) ;
#4500 = ORIENTED_EDGE ( 'NONE', *, *, #4313, .F. ) ;
#4501 = LINE ( 'NONE', #3346, #1090 ) ;
#4502 = CARTESIAN_POINT ( 'NONE',  ( -30.19999999999994955, 0.000000000000000000, 111.9999999999999858 ) ) ;
#4503 = DIRECTION ( 'NONE',  ( -1.000000000000000000, 0.000000000000000000, -0.000000000000000000 ) ) ;
#4504 = EDGE_CURVE ( 'NONE', #2232, #249, #938, .T. ) ;
#4505 = CALENDAR_DATE ( 2026, 30, 7 ) ;
#4506 = ORIENTED_EDGE ( 'NONE', *, *, #1943, .F. ) ;
#4507 = DIRECTION ( 'NONE',  ( -0.000000000000000000, 1.000000000000000000, -0.000000000000000000 ) ) ;
#4508 = DIRECTION ( 'NONE',  ( -0.000000000000000000, 1.000000000000000000, -0.000000000000000000 ) ) ;
#4509 = CARTESIAN_POINT ( 'NONE',  ( -217.5735931288143661, 1.700000000000001066, 136.0207793864128973 ) ) ;
#4510 = ORIENTED_EDGE ( 'NONE', *, *, #195, .T. ) ;
#4511 = DIRECTION ( 'NONE',  ( -0.000000000000000000, 1.000000000000000000, -0.000000000000000000 ) ) ;
#4512 = ORIENTED_EDGE ( 'NONE', *, *, #1590, .F. ) ;
#4513 = EDGE_CURVE ( 'NONE', #3339, #4937, #2084, .T. ) ;
#4514 = CYLINDRICAL_SURFACE ( 'NONE', #5062, 2.999999999999995559 ) ;
#4515 = CARTESIAN_POINT ( 'NONE',  ( -23.50000000000019895, 5.000000000000000000, 20.50000000000020961 ) ) ;
#4516 = DIRECTION ( 'NONE',  ( -0.000000000000000000, 1.000000000000000000, -0.000000000000000000 ) ) ;
#4517 = AXIS2_PLACEMENT_3D ( 'NONE', #3854, #134, #4258 ) ;
#4518 = ORIENTED_EDGE ( 'NONE', *, *, #4255, .T. ) ;
#4519 = EDGE_LOOP ( 'NONE', ( #1691, #2442 ) ) ;
#4520 = FACE_BOUND ( 'NONE', #1330, .T. ) ;
#4521 = EDGE_CURVE ( 'NONE', #4166, #2869, #1794, .T. ) ;
#4522 = FACE_OUTER_BOUND ( 'NONE', #3010, .T. ) ;
#4523 = CARTESIAN_POINT ( 'NONE',  ( -217.5735931288175493, 1.700000000000001066, -136.0207793864115331 ) ) ;
#4524 = VERTEX_POINT ( 'NONE', #192 ) ;
#4525 = ORIENTED_EDGE ( 'NONE', *, *, #3984, .F. ) ;
#4526 = AXIS2_PLACEMENT_3D ( 'NONE', #4827, #303, #4442 ) ;
#4527 = CARTESIAN_POINT ( 'NONE',  ( -197.7746032555837985, 5.000000000000000000, -197.7746032555839122 ) ) ;
#4528 = CYLINDRICAL_SURFACE ( 'NONE', #5167, 12.59999999999999964 ) ;
#4529 = CYLINDRICAL_SURFACE ( 'NONE', #3296, 2.100000000000004530 ) ;
#4530 = ORIENTED_EDGE ( 'NONE', *, *, #648, .F. ) ;
#4531 = EDGE_CURVE ( 'NONE', #4865, #2671, #2768, .T. ) ;
#4532 = CYLINDRICAL_SURFACE ( 'NONE', #2838, 1.599999999999990319 ) ;
#4533 = CIRCLE ( 'NONE', #2303, 2.100000000000004530 ) ;
#4534 = LINE ( 'NONE', #4559, #4803 ) ;
#4535 = DIRECTION ( 'NONE',  ( -0.000000000000000000, 1.000000000000000000, -0.000000000000000000 ) ) ;
#4536 = ORIENTED_EDGE ( 'NONE', *, *, #2042, .T. ) ;
#4537 = DIRECTION ( 'NONE',  ( -0.000000000000000000, 1.000000000000000000, -0.000000000000000000 ) ) ;
#4538 = EDGE_CURVE ( 'NONE', #4949, #1232, #3630, .T. ) ;
#4539 = CIRCLE ( 'NONE', #4883, 2.100000000000004530 ) ;
#4540 = VERTEX_POINT ( 'NONE', #3058 ) ;
#4541 = DIRECTION ( 'NONE',  ( 0.000000000000000000, 0.000000000000000000, 1.000000000000000000 ) ) ;
#4542 = AXIS2_PLACEMENT_3D ( 'NONE', #3245, #358, #1183 ) ;
#4543 = CARTESIAN_POINT ( 'NONE',  ( 132.7207793864120333, 8.673617379884035472E-16, 214.2735931288196127 ) ) ;
#4544 = EDGE_LOOP ( 'NONE', ( #4710, #4309 ) ) ;
#4545 = VERTEX_POINT ( 'NONE', #5043 ) ;
#4546 = AXIS2_PLACEMENT_3D ( 'NONE', #1876, #3546, #2279 ) ;
#4547 = DIRECTION ( 'NONE',  ( 0.000000000000000000, 0.000000000000000000, 1.000000000000000000 ) ) ;
#4548 = CARTESIAN_POINT ( 'NONE',  ( -30.19999999999994955, 5.000000000000000000, 109.8999999999999773 ) ) ;
#4549 = ADVANCED_FACE ( 'NONE', ( #3490 ), #140, .F. ) ;
#4550 = AXIS2_PLACEMENT_3D ( 'NONE', #90, #1718, #1320 ) ;
#4551 = EDGE_LOOP ( 'NONE', ( #2022, #2167, #3132, #3163 ) ) ;
#4552 = VERTEX_POINT ( 'NONE', #3086 ) ;
#4553 = CARTESIAN_POINT ( 'NONE',  ( -100.0000000000002274, 0.000000000000000000, 58.34999999999977405 ) ) ;
#4554 = DIRECTION ( 'NONE',  ( 0.000000000000000000, 1.000000000000000000, 0.000000000000000000 ) ) ;
#4555 = DIRECTION ( 'NONE',  ( -0.000000000000000000, 1.000000000000000000, -0.000000000000000000 ) ) ;
#4556 = VECTOR ( 'NONE', #2249, 1000.000000000000000 ) ;
#4557 = ORIENTED_EDGE ( 'NONE', *, *, #4912, .T. ) ;
#4558 = CARTESIAN_POINT ( 'NONE',  ( -169.4903320081222944, 5.000000000000000000, -226.0588745030462974 ) ) ;
#4559 = CARTESIAN_POINT ( 'NONE',  ( 197.7746032555807858, 5.000000000000000000, -201.0746032555809961 ) ) ;
#4560 = LINE ( 'NONE', #545, #3122 ) ;
#4561 = ORIENTED_EDGE ( 'NONE', *, *, #344, .F. ) ;
#4562 = CARTESIAN_POINT ( 'NONE',  ( 30.20000000000004547, 5.000000000000000000, 111.9999999999999716 ) ) ;
#4563 = VECTOR ( 'NONE', #4714, 1000.000000000000000 ) ;
#4564 = ORIENTED_EDGE ( 'NONE', *, *, #5131, .T. ) ;
#4565 = CARTESIAN_POINT ( 'NONE',  ( -100.0000000000002274, 0.000000000000000000, 118.3499999999997812 ) ) ;
#4566 = ADVANCED_FACE ( 'NONE', ( #4723 ), #2473, .F. ) ;
#4567 = CC_DESIGN_SECURITY_CLASSIFICATION ( #3969, ( #797 ) ) ;
#4568 = AXIS2_PLACEMENT_3D ( 'NONE', #634, #4334, #3130 ) ;
#4569 = DIRECTION ( 'NONE',  ( 0.000000000000000000, 0.000000000000000000, 1.000000000000000000 ) ) ;
#4570 = EDGE_CURVE ( 'NONE', #3921, #3953, #3378, .T. ) ;
#4571 = ORIENTED_EDGE ( 'NONE', *, *, #3218, .F. ) ;
#4572 = ORIENTED_EDGE ( 'NONE', *, *, #2715, .F. ) ;
#4573 = AXIS2_PLACEMENT_3D ( 'NONE', #1874, #4017, #2679 ) ;
#4574 = LINE ( 'NONE', #2532, #463 ) ;
#4575 = DIRECTION ( 'NONE',  ( -0.000000000000000000, 1.000000000000000000, -0.000000000000000000 ) ) ;
#4576 = VERTEX_POINT ( 'NONE', #4609 ) ;
#4577 = EDGE_LOOP ( 'NONE', ( #4103, #3471, #5046, #2983 ) ) ;
#4578 = CARTESIAN_POINT ( 'NONE',  ( 60.00000000000013500, 5.000000000000000000, -15.00000000000000000 ) ) ;
#4579 = ADVANCED_FACE ( 'NONE', ( #4210 ), #5068, .F. ) ;
#4580 = DIRECTION ( 'NONE',  ( 0.000000000000000000, 0.000000000000000000, 1.000000000000000000 ) ) ;
#4581 = FACE_BOUND ( 'NONE', #2971, .T. ) ;
#4582 = ORIENTED_EDGE ( 'NONE', *, *, #4513, .T. ) ;
#4583 = CARTESIAN_POINT ( 'NONE',  ( -217.5735931288175493, 5.000000000000000000, -132.7207793864115217 ) ) ;
#4584 = DIRECTION ( 'NONE',  ( -0.000000000000000000, 1.000000000000000000, -0.000000000000000000 ) ) ;
#4585 = CARTESIAN_POINT ( 'NONE',  ( 30.20000000000004192, 0.000000000000000000, 84.00000000000000000 ) ) ;
#4586 = ORIENTED_EDGE ( 'NONE', *, *, #2090, .F. ) ;
#4587 = FACE_OUTER_BOUND ( 'NONE', #2130, .T. ) ;
#4588 = ORIENTED_EDGE ( 'NONE', *, *, #2861, .T. ) ;
#4589 = CARTESIAN_POINT ( 'NONE',  ( -30.19999999999995310, 5.000000000000000000, 84.00000000000001421 ) ) ;
#4590 = CYLINDRICAL_SURFACE ( 'NONE', #259, 1.700000000000007061 ) ;
#4591 = ORIENTED_EDGE ( 'NONE', *, *, #710, .F. ) ;
#4592 = EDGE_LOOP ( 'NONE', ( #3326, #1535, #3845, #625 ) ) ;
#4593 = ADVANCED_FACE ( 'NONE', ( #1741 ), #3467, .F. ) ;
#4594 = CARTESIAN_POINT ( 'NONE',  ( 23.50000000000036948, 0.000000000000000000, 23.49999999999964473 ) ) ;
#4595 = CARTESIAN_POINT ( 'NONE',  ( 30.20000000000004192, 0.000000000000000000, 81.90000000000000568 ) ) ;
#4596 = CIRCLE ( 'NONE', #64, 1.649999999999998579 ) ;
#4597 = VERTEX_POINT ( 'NONE', #2223 ) ;
#4598 = ORIENTED_EDGE ( 'NONE', *, *, #408, .T. ) ;
#4599 = FACE_OUTER_BOUND ( 'NONE', #2762, .T. ) ;
#4600 = CONICAL_SURFACE ( 'NONE', #1946, 3.299999999999997158, 0.7853981633974447263 ) ;
#4601 = CIRCLE ( 'NONE', #3659, 2.100000000000004530 ) ;
#4602 = FACE_OUTER_BOUND ( 'NONE', #294, .T. ) ;
#4603 = LINE ( 'NONE', #3805, #4493 ) ;
#4604 = EDGE_LOOP ( 'NONE', ( #1666, #3560, #4333, #2853 ) ) ;
#4605 = AXIS2_PLACEMENT_3D ( 'NONE', #1845, #1716, #2299 ) ;
#4606 = EDGE_CURVE ( 'NONE', #451, #3897, #5182, .T. ) ;
#4607 = ORIENTED_EDGE ( 'NONE', *, *, #2960, .T. ) ;
#4608 = DIRECTION ( 'NONE',  ( -0.000000000000000000, 1.000000000000000000, -0.000000000000000000 ) ) ;
#4609 = CARTESIAN_POINT ( 'NONE',  ( 259.9999999999997726, 0.000000000000000000, -146.8629150101523919 ) ) ;
#4610 = CARTESIAN_POINT ( 'NONE',  ( 197.7746032555828322, 3.399999999999998579, 197.7746032555856743 ) ) ;
#4611 = FACE_OUTER_BOUND ( 'NONE', #4627, .T. ) ;
#4612 = EDGE_CURVE ( 'NONE', #4166, #4288, #3203, .T. ) ;
#4613 = EDGE_LOOP ( 'NONE', ( #2178, #4247, #3824, #2377 ) ) ;
#4614 = EDGE_CURVE ( 'NONE', #3097, #2232, #1493, .T. ) ;
#4615 = CARTESIAN_POINT ( 'NONE',  ( 20.85965004500353714, 0.000000000000000000, -189.1403499549965090 ) ) ;
#4616 = ORIENTED_EDGE ( 'NONE', *, *, #30, .F. ) ;
#4617 = EDGE_CURVE ( 'NONE', #3313, #1528, #4750, .T. ) ;
#4618 = AXIS2_PLACEMENT_3D ( 'NONE', #5224, #292, #5200 ) ;
#4619 = CARTESIAN_POINT ( 'NONE',  ( 132.7207793864142786, 5.000000000000000000, -214.2735931288150937 ) ) ;
#4620 = DIRECTION ( 'NONE',  ( 0.000000000000000000, 0.000000000000000000, 1.000000000000000000 ) ) ;
#4621 = VECTOR ( 'NONE', #3844, 1000.000000000000000 ) ;
#4622 = LINE ( 'NONE', #3476, #4177 ) ;
#4623 = EDGE_LOOP ( 'NONE', ( #3913, #1304 ) ) ;
#4624 = AXIS2_PLACEMENT_3D ( 'NONE', #3219, #3752, #5016 ) ;
#4625 = DIRECTION ( 'NONE',  ( 0.000000000000000000, 0.000000000000000000, 1.000000000000000000 ) ) ;
#4626 = DIRECTION ( 'NONE',  ( 0.000000000000000000, 0.000000000000000000, 1.000000000000000000 ) ) ;
#4627 = EDGE_LOOP ( 'NONE', ( #511, #5296, #2231, #2625 ) ) ;
#4628 = EDGE_CURVE ( 'NONE', #3639, #3242, #3780, .T. ) ;
#4629 = ADVANCED_FACE ( 'NONE', ( #969 ), #127, .F. ) ;
#4630 = ORIENTED_EDGE ( 'NONE', *, *, #34, .T. ) ;
#4631 = AXIS2_PLACEMENT_3D ( 'NONE', #1263, #4939, #2066 ) ;
#4632 = DIRECTION ( 'NONE',  ( -0.000000000000000000, 1.000000000000000000, -0.000000000000000000 ) ) ;
#4633 = DIRECTION ( 'NONE',  ( -0.000000000000000000, 1.000000000000000000, -0.000000000000000000 ) ) ;
#4634 = EDGE_CURVE ( 'NONE', #3229, #20, #554, .T. ) ;
#4635 = CONICAL_SURFACE ( 'NONE', #3008, 6.599999999999994316, 0.7853981633974480570 ) ;
#4636 = FACE_BOUND ( 'NONE', #1298, .T. ) ;
#4637 = ORIENTED_EDGE ( 'NONE', *, *, #415, .T. ) ;
#4638 = ADVANCED_FACE ( 'NONE', ( #3916 ), #3971, .F. ) ;
#4639 = VERTEX_POINT ( 'NONE', #2705 ) ;
#4640 = AXIS2_PLACEMENT_3D ( 'NONE', #4589, #2181, #5132 ) ;
#4641 = CARTESIAN_POINT ( 'NONE',  ( 197.7746032555807858, 8.673617379884035472E-16, -199.4746032555810018 ) ) ;
#4642 = DIRECTION ( 'NONE',  ( 0.7071067811865462405, 0.000000000000000000, -0.7071067811865489050 ) ) ;
#4643 = AXIS2_PLACEMENT_3D ( 'NONE', #1419, #110, #3466 ) ;
#4644 = DIRECTION ( 'NONE',  ( 0.000000000000000000, 1.000000000000000000, 0.000000000000000000 ) ) ;
#4645 = CARTESIAN_POINT ( 'NONE',  ( -23.49999999999970157, 0.000000000000000000, -23.50000000000038014 ) ) ;
#4646 = VERTEX_POINT ( 'NONE', #5153 ) ;
#4647 = VERTEX_POINT ( 'NONE', #4373 ) ;
#4648 = AXIS2_PLACEMENT_3D ( 'NONE', #3751, #4507, #4856 ) ;
#4649 = CARTESIAN_POINT ( 'NONE',  ( 99.99999999999978684, 5.000000000000000000, 119.9999999999997726 ) ) ;
#4650 = ADVANCED_FACE ( 'NONE', ( #325 ), #743, .F. ) ;
#4651 = DIRECTION ( 'NONE',  ( -0.000000000000000000, 1.000000000000000000, -0.000000000000000000 ) ) ;
#4652 = AXIS2_PLACEMENT_3D ( 'NONE', #2030, #1257, #3239 ) ;
#4653 = VERTEX_POINT ( 'NONE', #4346 ) ;
#4654 = ORIENTED_EDGE ( 'NONE', *, *, #3144, .T. ) ;
#4655 = APPROVAL_PERSON_ORGANIZATION ( #3570, #3910, #3143 ) ;
#4656 = AXIS2_PLACEMENT_3D ( 'NONE', #235, #1015, #1542 ) ;
#4657 = DIRECTION ( 'NONE',  ( 0.000000000000000000, 0.7071067811865477948, 0.7071067811865473507 ) ) ;
#4658 = DIRECTION ( 'NONE',  ( -0.000000000000000000, 1.000000000000000000, -0.000000000000000000 ) ) ;
#4659 = EDGE_CURVE ( 'NONE', #80, #293, #2001, .T. ) ;
#4660 = ORIENTED_EDGE ( 'NONE', *, *, #4614, .T. ) ;
#4661 = VECTOR ( 'NONE', #3557, 1000.000000000000000 ) ;
#4662 = VERTEX_POINT ( 'NONE', #671 ) ;
#4663 = DIRECTION ( 'NONE',  ( -0.000000000000000000, 1.000000000000000000, -0.000000000000000000 ) ) ;
#4664 = FACE_OUTER_BOUND ( 'NONE', #1250, .T. ) ;
#4665 = AXIS2_PLACEMENT_3D ( 'NONE', #245, #3615, #4421 ) ;
#4666 = FACE_BOUND ( 'NONE', #3634, .T. ) ;
#4667 = ORIENTED_EDGE ( 'NONE', *, *, #207, .T. ) ;
#4668 = ORIENTED_EDGE ( 'NONE', *, *, #2396, .T. ) ;
#4669 = DIRECTION ( 'NONE',  ( 1.000000000000000000, 0.000000000000000000, -1.889896820699097294E-16 ) ) ;
#4670 = ADVANCED_FACE ( 'NONE', ( #3116 ), #352, .F. ) ;
#4671 = CARTESIAN_POINT ( 'NONE',  ( -146.8629150101528467, 5.000000000000000000, 260.0000000000002274 ) ) ;
#4672 = CARTESIAN_POINT ( 'NONE',  ( -59.99999999999985789, 5.000000000000000000, -2.165618536905904653E-14 ) ) ;
#4673 = PERSON_AND_ORGANIZATION ( #3021, #4226 ) ;
#4674 = VERTEX_POINT ( 'NONE', #3166 ) ;
#4675 = ORIENTED_EDGE ( 'NONE', *, *, #2079, .F. ) ;
#4676 = CARTESIAN_POINT ( 'NONE',  ( 0.000000000000000000, 5.000000000000000000, -139.9999999999998579 ) ) ;
#4677 = LINE ( 'NONE', #3068, #4717 ) ;
#4678 = EDGE_CURVE ( 'NONE', #1051, #3279, #2332, .T. ) ;
#4679 = VERTEX_POINT ( 'NONE', #4804 ) ;
#4680 = ORIENTED_EDGE ( 'NONE', *, *, #2880, .F. ) ;
#4681 = DIRECTION ( 'NONE',  ( 0.000000000000000000, 0.7071067811865500152, 0.7071067811865450192 ) ) ;
#4682 = CARTESIAN_POINT ( 'NONE',  ( -20.85965004500283015, 0.000000000000000000, -189.1403499549963669 ) ) ;
#4683 = ORIENTED_EDGE ( 'NONE', *, *, #814, .F. ) ;
#4684 = EDGE_LOOP ( 'NONE', ( #3344, #1617, #278, #3338 ) ) ;
#4685 = CARTESIAN_POINT ( 'NONE',  ( 60.00000000000013500, 5.000000000000000000, 1.609823385706476580E-12 ) ) ;
#4686 = ADVANCED_FACE ( 'NONE', ( #306 ), #42, .F. ) ;
#4687 = DIRECTION ( 'NONE',  ( -0.000000000000000000, 1.000000000000000000, 0.000000000000000000 ) ) ;
#4688 = AXIS2_PLACEMENT_3D ( 'NONE', #22, #5309, #4071 ) ;
#4689 = DIRECTION ( 'NONE',  ( -0.000000000000000000, 1.000000000000000000, -0.000000000000000000 ) ) ;
#4690 = FACE_BOUND ( 'NONE', #3081, .T. ) ;
#4691 = ORIENTED_EDGE ( 'NONE', *, *, #5162, .F. ) ;
#4692 = VERTEX_POINT ( 'NONE', #1127 ) ;
#4693 = DIRECTION ( 'NONE',  ( -0.000000000000000000, 1.000000000000000000, -0.000000000000000000 ) ) ;
#4694 = CARTESIAN_POINT ( 'NONE',  ( -20.85965004500283015, -19.00000000000000000, -189.1403499549963669 ) ) ;
#4695 = CIRCLE ( 'NONE', #3837, 2.100000000000004530 ) ;
#4696 = LINE ( 'NONE', #3468, #3691 ) ;
#4697 = CARTESIAN_POINT ( 'NONE',  ( 0.000000000000000000, 0.000000000000000000, 0.000000000000000000 ) ) ;
#4698 = EDGE_LOOP ( 'NONE', ( #3064, #890 ) ) ;
#4699 = EDGE_CURVE ( 'NONE', #2043, #1895, #3720, .T. ) ;
#4700 = AXIS2_PLACEMENT_3D ( 'NONE', #492, #4161, #2119 ) ;
#4701 = ORIENTED_EDGE ( 'NONE', *, *, #4612, .F. ) ;
#4702 = FACE_OUTER_BOUND ( 'NONE', #1708, .T. ) ;
#4703 = CARTESIAN_POINT ( 'NONE',  ( -197.7746032555837985, 3.399999999999998579, -196.0746032555838951 ) ) ;
#4704 = EDGE_CURVE ( 'NONE', #2651, #1272, #3552, .T. ) ;
#4705 = DIRECTION ( 'NONE',  ( 0.000000000000000000, 0.000000000000000000, 1.000000000000000000 ) ) ;
#4706 = ORIENTED_EDGE ( 'NONE', *, *, #3065, .T. ) ;
#4707 = CARTESIAN_POINT ( 'NONE',  ( 10.20000000000004370, 5.000000000000000000, 81.90000000000001990 ) ) ;
#4708 = AXIS2_PLACEMENT_3D ( 'NONE', #4682, #3823, #2585 ) ;
#4709 = DIRECTION ( 'NONE',  ( -0.000000000000000000, 1.000000000000000000, -0.000000000000000000 ) ) ;
#4710 = ORIENTED_EDGE ( 'NONE', *, *, #2284, .F. ) ;
#4711 = ORIENTED_EDGE ( 'NONE', *, *, #415, .F. ) ;
#4712 = CARTESIAN_POINT ( 'NONE',  ( -100.0000000000002274, 5.000000000000000000, 61.64999999999977121 ) ) ;
#4713 = VECTOR ( 'NONE', #4739, 1000.000000000000000 ) ;
#4714 = DIRECTION ( 'NONE',  ( -0.000000000000000000, -1.000000000000000000, -0.000000000000000000 ) ) ;
#4715 = ADVANCED_FACE ( 'NONE', ( #1954 ), #1048, .F. ) ;
#4716 = DIRECTION ( 'NONE',  ( -0.000000000000000000, 1.000000000000000000, -0.000000000000000000 ) ) ;
#4717 = VECTOR ( 'NONE', #2713, 1000.000000000000000 ) ;
#4718 = ORIENTED_EDGE ( 'NONE', *, *, #756, .F. ) ;
#4719 = ORIENTED_EDGE ( 'NONE', *, *, #2639, .T. ) ;
#4720 = LINE ( 'NONE', #3890, #5219 ) ;
#4721 = AXIS2_PLACEMENT_3D ( 'NONE', #1022, #5187, #3518 ) ;
#4722 = DIRECTION ( 'NONE',  ( -0.000000000000000000, 1.000000000000000000, -0.000000000000000000 ) ) ;
#4723 = FACE_OUTER_BOUND ( 'NONE', #391, .T. ) ;
#4724 = DIRECTION ( 'NONE',  ( 0.000000000000000000, 0.000000000000000000, 1.000000000000000000 ) ) ;
#4725 = APPROVAL_ROLE ( '' ) ;
#4726 = AXIS2_PLACEMENT_3D ( 'NONE', #2368, #4386, #3051 ) ;
#4727 = ORIENTED_EDGE ( 'NONE', *, *, #2395, .F. ) ;
#4728 = ORIENTED_EDGE ( 'NONE', *, *, #148, .T. ) ;
#4729 = CARTESIAN_POINT ( 'NONE',  ( -197.7746032555837985, 3.399999999999998579, -197.7746032555839122 ) ) ;
#4730 = AXIS2_PLACEMENT_3D ( 'NONE', #172, #2576, #3843 ) ;
#4731 = CARTESIAN_POINT ( 'NONE',  ( 99.99999999999978684, 0.000000000000000000, 119.9999999999997726 ) ) ;
#4732 = DIRECTION ( 'NONE',  ( 0.000000000000000000, 0.000000000000000000, 1.000000000000000000 ) ) ;
#4733 = AXIS2_PLACEMENT_3D ( 'NONE', #1337, #1768, #3003 ) ;
#4734 = ORIENTED_EDGE ( 'NONE', *, *, #1392, .T. ) ;
#4735 = EDGE_CURVE ( 'NONE', #2631, #4297, #3465, .T. ) ;
#4736 = DIRECTION ( 'NONE',  ( -0.000000000000000000, 1.000000000000000000, -0.000000000000000000 ) ) ;
#4737 = AXIS2_PLACEMENT_3D ( 'NONE', #3084, #3940, #4828 ) ;
#4738 = EDGE_CURVE ( 'NONE', #1369, #20, #1154, .T. ) ;
#4739 = DIRECTION ( 'NONE',  ( -0.000000000000000000, 1.000000000000000000, -0.000000000000000000 ) ) ;
#4740 = EDGE_LOOP ( 'NONE', ( #2755, #4113 ) ) ;
#4741 = ORIENTED_EDGE ( 'NONE', *, *, #2319, .T. ) ;
#4742 = CIRCLE ( 'NONE', #2419, 2.999999999999995559 ) ;
#4743 = CIRCLE ( 'NONE', #792, 3.299999999999997158 ) ;
#4744 = DIRECTION ( 'NONE',  ( -0.000000000000000000, 1.000000000000000000, -0.000000000000000000 ) ) ;
#4745 = LINE ( 'NONE', #1071, #1008 ) ;
#4746 = VERTEX_POINT ( 'NONE', #3142 ) ;
#4747 = ORIENTED_EDGE ( 'NONE', *, *, #177, .F. ) ;
#4749 = EDGE_CURVE ( 'NONE', #2966, #4362, #2785, .T. ) ;
#4748 = CARTESIAN_POINT ( 'NONE',  ( -23.49999999999970157, -1.000000000000000000, -23.50000000000038014 ) ) ;
#4750 = CIRCLE ( 'NONE', #3977, 6.599999999999994316 ) ;
#4751 = CARTESIAN_POINT ( 'NONE',  ( -217.5735931288175493, 8.673617379884035472E-16, -129.4207793864115388 ) ) ;
#4752 = DIRECTION ( 'NONE',  ( -0.000000000000000000, 1.000000000000000000, -0.000000000000000000 ) ) ;
#4753 = CARTESIAN_POINT ( 'NONE',  ( 169.4903320081231470, 8.673617379884035472E-16, -226.0588745030453879 ) ) ;
#4754 = APPLICATION_PROTOCOL_DEFINITION ( 'international standard', 'config_control_design', 1994, #4762 ) ;
#4755 = CIRCLE ( 'NONE', #3794, 1.649999999999998579 ) ;
#4756 = ORIENTED_EDGE ( 'NONE', *, *, #1453, .F. ) ;
#4757 = ORIENTED_EDGE ( 'NONE', *, *, #741, .F. ) ;
#4758 = FACE_OUTER_BOUND ( 'NONE', #208, .T. ) ;
#4759 = DIRECTION ( 'NONE',  ( 0.000000000000000000, 0.000000000000000000, 1.000000000000000000 ) ) ;
#4760 = DIRECTION ( 'NONE',  ( 8.659560562354940254E-17, 0.7071067811865470176, -0.7071067811865481278 ) ) ;
#4761 = EDGE_LOOP ( 'NONE', ( #4808, #594, #2860, #101 ) ) ;
#4762 = APPLICATION_CONTEXT ( 'configuration controlled 3d designs of mechanical parts and assemblies' ) ;
#4763 = CARTESIAN_POINT ( 'NONE',  ( -59.99999999999985789, 5.000000000000000000, -2.165618536905904653E-14 ) ) ;
#4764 = DIRECTION ( 'NONE',  ( -0.000000000000000000, 1.000000000000000000, -0.000000000000000000 ) ) ;
#4765 = ORIENTED_EDGE ( 'NONE', *, *, #2880, .T. ) ;
#4766 = ORIENTED_EDGE ( 'NONE', *, *, #1210, .T. ) ;
#4767 = ADVANCED_FACE ( 'NONE', ( #2733 ), #3590, .F. ) ;
#4768 = CARTESIAN_POINT ( 'NONE',  ( -59.99999999999985789, 8.673617379884035472E-16, -3.300000000000018918 ) ) ;
#4769 = DIRECTION ( 'NONE',  ( -0.000000000000000000, 1.000000000000000000, -0.000000000000000000 ) ) ;
#4770 = ORIENTED_EDGE ( 'NONE', *, *, #5139, .T. ) ;
#4771 = ORIENTED_EDGE ( 'NONE', *, *, #2322, .T. ) ;
#4772 = EDGE_CURVE ( 'NONE', #4288, #4166, #4058, .T. ) ;
#4773 = DIRECTION ( 'NONE',  ( 0.000000000000000000, 1.000000000000000000, 0.000000000000000000 ) ) ;
#4774 = FACE_OUTER_BOUND ( 'NONE', #2691, .T. ) ;
#4775 = CARTESIAN_POINT ( 'NONE',  ( -132.7207793864129712, 5.000000000000000000, 220.8735931288193228 ) ) ;
#4776 = EDGE_CURVE ( 'NONE', #5012, #3313, #5285, .T. ) ;
#4777 = CIRCLE ( 'NONE', #4872, 3.299999999999997158 ) ;
#4778 = CALENDAR_DATE ( 2026, 30, 7 ) ;
#4779 = EDGE_LOOP ( 'NONE', ( #3696, #4337, #69, #3128 ) ) ;
#4780 = ORIENTED_EDGE ( 'NONE', *, *, #863, .T. ) ;
#4781 = AXIS2_PLACEMENT_3D ( 'NONE', #2427, #4067, #1170 ) ;
#4782 = AXIS2_PLACEMENT_3D ( 'NONE', #1610, #2069, #5293 ) ;
#4783 = DIRECTION ( 'NONE',  ( 0.000000000000000000, 0.000000000000000000, 1.000000000000000000 ) ) ;
#4784 = EDGE_CURVE ( 'NONE', #4876, #2200, #1920, .T. ) ;
#4785 = LINE ( 'NONE', #199, #3345 ) ;
#4786 = EDGE_CURVE ( 'NONE', #2362, #3055, #304, .T. ) ;
#4787 = AXIS2_PLACEMENT_3D ( 'NONE', #1161, #4427, #2387 ) ;
#4788 = ADVANCED_FACE ( 'NONE', ( #2836 ), #4529, .F. ) ;
#4789 = CARTESIAN_POINT ( 'NONE',  ( 60.00000000000013500, 5.000000000000000000, 1.609823385706476580E-12 ) ) ;
#4790 = ORIENTED_EDGE ( 'NONE', *, *, #3644, .T. ) ;
#4791 = CARTESIAN_POINT ( 'NONE',  ( -260.0000000000002274, 0.000000000000000000, -146.8629150101527898 ) ) ;
#4792 = DIRECTION ( 'NONE',  ( -0.000000000000000000, 1.000000000000000000, -0.000000000000000000 ) ) ;
#4793 = DIRECTION ( 'NONE',  ( -0.000000000000000000, 1.000000000000000000, -0.000000000000000000 ) ) ;
#4794 = ORIENTED_EDGE ( 'NONE', *, *, #1208, .T. ) ;
#4795 = ORIENTED_EDGE ( 'NONE', *, *, #2188, .T. ) ;
#4796 = CIRCLE ( 'NONE', #2132, 3.299999999999997158 ) ;
#4797 = DIRECTION ( 'NONE',  ( 0.000000000000000000, 0.000000000000000000, 1.000000000000000000 ) ) ;
#4798 = FACE_OUTER_BOUND ( 'NONE', #1803, .T. ) ;
#4799 = ORIENTED_EDGE ( 'NONE', *, *, #1234, .F. ) ;
#4800 = EDGE_LOOP ( 'NONE', ( #3124, #4351, #3507, #1562 ) ) ;
#4801 = DIRECTION ( 'NONE',  ( -0.000000000000000000, 1.000000000000000000, -0.000000000000000000 ) ) ;
#4802 = CARTESIAN_POINT ( 'NONE',  ( 1.836970198721030772E-15, 0.000000000000000000, -154.9999999999998579 ) ) ;
#4803 = VECTOR ( 'NONE', #3006, 1000.000000000000000 ) ;
#4804 = CARTESIAN_POINT ( 'NONE',  ( -217.5735931288143661, 5.000000000000000000, 126.1207793864129201 ) ) ;
#4805 = EDGE_CURVE ( 'NONE', #1767, #835, #2949, .T. ) ;
#4806 = VERTEX_POINT ( 'NONE', #2060 ) ;
#4807 = CIRCLE ( 'NONE', #4546, 3.000000000000002665 ) ;
#4808 = ORIENTED_EDGE ( 'NONE', *, *, #573, .F. ) ;
#4809 = CARTESIAN_POINT ( 'NONE',  ( -20.85965004500278752, -19.00000000000000000, -232.4596500450027179 ) ) ;
#4810 = AXIS2_PLACEMENT_3D ( 'NONE', #1253, #1940, #4284 ) ;
#4811 = FACE_OUTER_BOUND ( 'NONE', #4551, .T. ) ;
#4812 = DIRECTION ( 'NONE',  ( 0.000000000000000000, 0.000000000000000000, 1.000000000000000000 ) ) ;
#4813 = EDGE_LOOP ( 'NONE', ( #3697, #1136 ) ) ;
#4814 = EDGE_CURVE ( 'NONE', #4239, #2631, #2866, .T. ) ;
#4815 = CIRCLE ( 'NONE', #5245, 1.649999999999998579 ) ;
#4816 = LINE ( 'NONE', #4430, #1467 ) ;
#4817 = DIRECTION ( 'NONE',  ( 0.000000000000000000, 0.000000000000000000, 1.000000000000000000 ) ) ;
#4818 = CARTESIAN_POINT ( 'NONE',  ( -197.7746032555863565, 8.673617379884035472E-16, 197.7746032555820648 ) ) ;
#4819 = CIRCLE ( 'NONE', #1643, 3.299999999999997158 ) ;
#4820 = ORIENTED_EDGE ( 'NONE', *, *, #2370, .F. ) ;
#4821 = VECTOR ( 'NONE', #4984, 1000.000000000000000 ) ;
#4822 = DIRECTION ( 'NONE',  ( -0.000000000000000000, 1.000000000000000000, -0.000000000000000000 ) ) ;
#4823 = CARTESIAN_POINT ( 'NONE',  ( 197.7746032555807858, 8.673617379884035472E-16, -196.0746032555809961 ) ) ;
#4824 = ORIENTED_EDGE ( 'NONE', *, *, #4749, .T. ) ;
#4825 = CONICAL_SURFACE ( 'NONE', #3369, 6.599999999999994316, 0.7853981633974480570 ) ;
#4826 = VERTEX_POINT ( 'NONE', #485 ) ;
#4827 = CARTESIAN_POINT ( 'NONE',  ( -197.7746032555837985, 8.673617379884035472E-16, -197.7746032555839122 ) ) ;
#4828 = DIRECTION ( 'NONE',  ( 0.000000000000000000, 0.000000000000000000, 1.000000000000000000 ) ) ;
#4829 = APPROVAL_PERSON_ORGANIZATION ( #99, #339, #1630 ) ;
#4830 = CIRCLE ( 'NONE', #5177, 2.100000000000004530 ) ;
#4831 = CARTESIAN_POINT ( 'NONE',  ( 226.0588745030468374, 3.399999999999998579, -169.4903320081214702 ) ) ;
#4832 = PERSON_AND_ORGANIZATION_ROLE ( 'design_supplier' ) ;
#4833 = EDGE_LOOP ( 'NONE', ( #4571, #3176, #3212, #2874 ) ) ;
#4834 = AXIS2_PLACEMENT_3D ( 'NONE', #3437, #1848, #3035 ) ;
#4835 = EDGE_CURVE ( 'NONE', #3721, #3103, #1744, .T. ) ;
#4836 = DIRECTION ( 'NONE',  ( -0.000000000000000000, 1.000000000000000000, -0.000000000000000000 ) ) ;
#4837 = CIRCLE ( 'NONE', #3207, 3.000000000000002665 ) ;
#4838 = DIRECTION ( 'NONE',  ( 0.000000000000000000, 1.000000000000000000, 0.000000000000000000 ) ) ;
#4839 = DIRECTION ( 'NONE',  ( 0.000000000000000000, 0.000000000000000000, 1.000000000000000000 ) ) ;
#4840 = DIRECTION ( 'NONE',  ( -0.000000000000000000, 1.000000000000000000, -0.000000000000000000 ) ) ;
#4841 = ORIENTED_EDGE ( 'NONE', *, *, #4945, .F. ) ;
#4842 = DIRECTION ( 'NONE',  ( 0.000000000000000000, 0.000000000000000000, 1.000000000000000000 ) ) ;
#4843 = DIRECTION ( 'NONE',  ( -0.000000000000000000, 1.000000000000000000, -0.000000000000000000 ) ) ;
#4844 = CARTESIAN_POINT ( 'NONE',  ( 99.99999999999978684, 5.000000000000000000, 119.9999999999997726 ) ) ;
#4845 = EDGE_CURVE ( 'NONE', #4270, #4987, #1735, .T. ) ;
#4846 = ORIENTED_EDGE ( 'NONE', *, *, #1202, .F. ) ;
#4847 = FACE_BOUND ( 'NONE', #2612, .T. ) ;
#4848 = CARTESIAN_POINT ( 'NONE',  ( -30.19999999999995310, 0.000000000000000000, 84.00000000000001421 ) ) ;
#4849 = DIRECTION ( 'NONE',  ( 0.000000000000000000, 0.000000000000000000, 1.000000000000000000 ) ) ;
#4850 = ORIENTED_EDGE ( 'NONE', *, *, #3832, .T. ) ;
#4851 = ORIENTED_EDGE ( 'NONE', *, *, #2775, .F. ) ;
#4852 = LINE ( 'NONE', #1576, #1695 ) ;
#4853 = LINE ( 'NONE', #4908, #3540 ) ;
#4854 = DIRECTION ( 'NONE',  ( -0.000000000000000000, 1.000000000000000000, -0.000000000000000000 ) ) ;
#4855 = VERTEX_POINT ( 'NONE', #799 ) ;
#4856 = DIRECTION ( 'NONE',  ( 0.000000000000000000, 0.000000000000000000, 1.000000000000000000 ) ) ;
#4857 = AXIS2_PLACEMENT_3D ( 'NONE', #2514, #4096, #2107 ) ;
#4858 = DIRECTION ( 'NONE',  ( 1.000000000000000000, 0.000000000000000000, -1.889896820699105183E-16 ) ) ;
#4859 = DIRECTION ( 'NONE',  ( -0.000000000000000000, 1.000000000000000000, -0.000000000000000000 ) ) ;
#4860 = PRODUCT_DEFINITION ( '�', '', #797, #1967 ) ;
#4861 = ADVANCED_FACE ( 'NONE', ( #78 ), #2490, .F. ) ;
#4862 = CARTESIAN_POINT ( 'NONE',  ( 197.7746032555828322, 5.000000000000000000, 194.4746032555856914 ) ) ;
#4863 = AXIS2_PLACEMENT_3D ( 'NONE', #3584, #689, #4416 ) ;
#4864 = AXIS2_PLACEMENT_3D ( 'NONE', #4789, #630, #4812 ) ;
#4865 = VERTEX_POINT ( 'NONE', #2110 ) ;
#4866 = DIRECTION ( 'NONE',  ( 0.000000000000000000, 0.000000000000000000, 1.000000000000000000 ) ) ;
#4867 = LINE ( 'NONE', #781, #1236 ) ;
#4868 = CARTESIAN_POINT ( 'NONE',  ( 20.85965004500326003, 5.000000000000000000, -230.8596500450028941 ) ) ;
#4869 = CONICAL_SURFACE ( 'NONE', #3414, 6.599999999999994316, 0.7853981633974480570 ) ;
#4870 = EDGE_LOOP ( 'NONE', ( #1575, #1645 ) ) ;
#4871 = ORIENTED_EDGE ( 'NONE', *, *, #4164, .F. ) ;
#4872 = AXIS2_PLACEMENT_3D ( 'NONE', #1012, #1385, #2191 ) ;
#4873 = FACE_BOUND ( 'NONE', #2394, .T. ) ;
#4874 = CARTESIAN_POINT ( 'NONE',  ( -59.99999999999985789, 5.000000000000000000, -2.165618536905904653E-14 ) ) ;
#4875 = CARTESIAN_POINT ( 'NONE',  ( -217.5735931288143661, 5.000000000000000000, 129.4207793864129030 ) ) ;
#4876 = VERTEX_POINT ( 'NONE', #3323 ) ;
#4877 = ORIENTED_EDGE ( 'NONE', *, *, #1552, .T. ) ;
#4878 = CARTESIAN_POINT ( 'NONE',  ( 197.7746032555807858, 5.000000000000000000, -194.4746032555810018 ) ) ;
#4879 = AXIS2_PLACEMENT_3D ( 'NONE', #1034, #3931, #2350 ) ;
#4880 = EDGE_CURVE ( 'NONE', #3049, #626, #3240, .T. ) ;
#4881 = CARTESIAN_POINT ( 'NONE',  ( -10.19999999999995310, 5.000000000000000000, 109.8999999999999915 ) ) ;
#4882 = CARTESIAN_POINT ( 'NONE',  ( 226.0588745030448763, 5.000000000000000000, 167.7903320081238974 ) ) ;
#4883 = AXIS2_PLACEMENT_3D ( 'NONE', #4165, #496, #1776 ) ;
#4884 = ORIENTED_EDGE ( 'NONE', *, *, #3628, .F. ) ;
#4885 = CIRCLE ( 'NONE', #3254, 2.100000000000004530 ) ;
#4886 = LINE ( 'NONE', #2925, #2151 ) ;
#4887 = CARTESIAN_POINT ( 'NONE',  ( 132.7207793864142786, 8.673617379884035472E-16, -214.2735931288150937 ) ) ;
#4888 = DIRECTION ( 'NONE',  ( 0.000000000000000000, 0.000000000000000000, 1.000000000000000000 ) ) ;
#4889 = ORIENTED_EDGE ( 'NONE', *, *, #4283, .F. ) ;
#4890 = FACE_OUTER_BOUND ( 'NONE', #21, .T. ) ;
#4891 = ORIENTED_EDGE ( 'NONE', *, *, #5276, .F. ) ;
#4892 = CYLINDRICAL_SURFACE ( 'NONE', #2492, 1.700000000000007061 ) ;
#4893 = VECTOR ( 'NONE', #4439, 999.9999999999998863 ) ;
#4894 = FACE_OUTER_BOUND ( 'NONE', #965, .T. ) ;
#4895 = DIRECTION ( 'NONE',  ( -0.000000000000000000, 1.000000000000000000, -0.000000000000000000 ) ) ;
#4896 = ADVANCED_FACE ( 'NONE', ( #3270 ), #1151, .F. ) ;
#4897 = ORIENTED_EDGE ( 'NONE', *, *, #506, .T. ) ;
#4898 = ORIENTED_EDGE ( 'NONE', *, *, #863, .F. ) ;
#4899 = ADVANCED_FACE ( 'NONE', ( #381 ), #2810, .F. ) ;
#4900 = FACE_BOUND ( 'NONE', #4257, .T. ) ;
#4901 = AXIS2_PLACEMENT_3D ( 'NONE', #627, #917, #522 ) ;
#4902 = DIRECTION ( 'NONE',  ( 0.000000000000000000, 0.000000000000000000, 1.000000000000000000 ) ) ;
#4903 = DIRECTION ( 'NONE',  ( -0.000000000000000000, 1.000000000000000000, -0.000000000000000000 ) ) ;
#4904 = ORIENTED_EDGE ( 'NONE', *, *, #158, .T. ) ;
#4905 = ORIENTED_EDGE ( 'NONE', *, *, #427, .T. ) ;
#4906 = CARTESIAN_POINT ( 'NONE',  ( 197.7746032555828322, 5.000000000000000000, 196.0746032555856857 ) ) ;
#4907 = CONICAL_SURFACE ( 'NONE', #4043, 6.599999999999994316, 0.7853981633974480570 ) ;
#4908 = CARTESIAN_POINT ( 'NONE',  ( -30.19999999999994955, 5.000000000000000000, 109.8999999999999773 ) ) ;
#4909 = CARTESIAN_POINT ( 'NONE',  ( 23.49999999999987210, 5.000000000000000000, -23.49999999999991118 ) ) ;
#4910 = CIRCLE ( 'NONE', #2846, 2.100000000000004530 ) ;
#4911 = PERSON_AND_ORGANIZATION ( #3021, #4226 ) ;
#4912 = EDGE_CURVE ( 'NONE', #5302, #2513, #853, .T. ) ;
#4913 = ORIENTED_EDGE ( 'NONE', *, *, #2433, .T. ) ;
#4914 = LINE ( 'NONE', #466, #1557 ) ;
#4915 = DIRECTION ( 'NONE',  ( 1.889896820699105183E-16, -0.000000000000000000, 1.000000000000000000 ) ) ;
#4916 = CARTESIAN_POINT ( 'NONE',  ( 226.0588745030448763, 8.673617379884035472E-16, 169.4903320081239144 ) ) ;
#4917 = AXIS2_PLACEMENT_3D ( 'NONE', #4923, #314, #4817 ) ;
#4918 = VERTEX_POINT ( 'NONE', #1629 ) ;
#4919 = CARTESIAN_POINT ( 'NONE',  ( -260.0000000000001705, 0.000000000000000000, 146.8629150101523635 ) ) ;
#4920 = ORIENTED_EDGE ( 'NONE', *, *, #2274, .T. ) ;
#4921 = CARTESIAN_POINT ( 'NONE',  ( 217.5735931288146219, 8.673617379884035472E-16, 132.7207793864150460 ) ) ;
#4922 = AXIS2_PLACEMENT_3D ( 'NONE', #1076, #695, #1931 ) ;
#4923 = CARTESIAN_POINT ( 'NONE',  ( 197.7746032555828322, 3.399999999999998579, 197.7746032555856743 ) ) ;
#4924 = CARTESIAN_POINT ( 'NONE',  ( 226.0588745030448763, 3.399999999999998579, 169.4903320081239144 ) ) ;
#4925 = VERTEX_POINT ( 'NONE', #2460 ) ;
#4926 = ORIENTED_EDGE ( 'NONE', *, *, #5213, .T. ) ;
#4927 = FACE_BOUND ( 'NONE', #3102, .T. ) ;
#4928 = DIRECTION ( 'NONE',  ( -0.000000000000000000, 1.000000000000000000, -0.000000000000000000 ) ) ;
#4929 = DIRECTION ( 'NONE',  ( 0.000000000000000000, 0.000000000000000000, 1.000000000000000000 ) ) ;
#4930 = ORIENTED_EDGE ( 'NONE', *, *, #2931, .T. ) ;
#4931 = EDGE_CURVE ( 'NONE', #562, #4647, #4742, .T. ) ;
#4932 = VERTEX_POINT ( 'NONE', #1237 ) ;
#4933 = DIRECTION ( 'NONE',  ( 0.000000000000000000, 0.000000000000000000, 1.000000000000000000 ) ) ;
#4934 = DIRECTION ( 'NONE',  ( -0.000000000000000000, 1.000000000000000000, -0.000000000000000000 ) ) ;
#4935 = CARTESIAN_POINT ( 'NONE',  ( 23.50000000000036948, -1.000000000000000000, 20.49999999999964473 ) ) ;
#4936 = EDGE_CURVE ( 'NONE', #3343, #1023, #892, .T. ) ;
#4937 = VERTEX_POINT ( 'NONE', #769 ) ;
#4938 = CYLINDRICAL_SURFACE ( 'NONE', #1300, 1.700000000000007061 ) ;
#4939 = DIRECTION ( 'NONE',  ( -0.000000000000000000, 1.000000000000000000, -0.000000000000000000 ) ) ;
#4940 = LINE ( 'NONE', #1160, #3808 ) ;
#4941 = ORIENTED_EDGE ( 'NONE', *, *, #1234, .T. ) ;
#4942 = PLANE ( 'NONE',  #1013 ) ;
#4943 = ORIENTED_EDGE ( 'NONE', *, *, #29, .T. ) ;
#4944 = DIRECTION ( 'NONE',  ( -0.000000000000000000, 1.000000000000000000, -0.000000000000000000 ) ) ;
#4945 = EDGE_CURVE ( 'NONE', #5221, #2200, #26, .T. ) ;
#4946 = CARTESIAN_POINT ( 'NONE',  ( -59.99999999999985789, 1.700000000000001066, -3.300000000000018918 ) ) ;
#4947 = EDGE_CURVE ( 'NONE', #601, #4121, #510, .T. ) ;
#4948 = AXIS2_PLACEMENT_3D ( 'NONE', #989, #582, #2214 ) ;
#4949 = VERTEX_POINT ( 'NONE', #2538 ) ;
#4950 = ORIENTED_EDGE ( 'NONE', *, *, #3726, .T. ) ;
#4951 = DIRECTION ( 'NONE',  ( 0.000000000000000000, -0.000000000000000000, 1.000000000000000000 ) ) ;
#4952 = VECTOR ( 'NONE', #3309, 1000.000000000000000 ) ;
#4953 = DIRECTION ( 'NONE',  ( -0.000000000000000000, 1.000000000000000000, -0.000000000000000000 ) ) ;
#4954 = LINE ( 'NONE', #457, #2568 ) ;
#4955 = ORIENTED_EDGE ( 'NONE', *, *, #4570, .F. ) ;
#4956 = ORIENTED_EDGE ( 'NONE', *, *, #699, .F. ) ;
#4957 = AXIS2_PLACEMENT_3D ( 'NONE', #1201, #5283, #5208 ) ;
#4958 = CARTESIAN_POINT ( 'NONE',  ( 197.7746032555828322, 5.000000000000000000, 194.4746032555856914 ) ) ;
#4959 = DIRECTION ( 'NONE',  ( -0.000000000000000000, 1.000000000000000000, -0.000000000000000000 ) ) ;
#4960 = DIRECTION ( 'NONE',  ( -0.000000000000000000, 1.000000000000000000, -0.000000000000000000 ) ) ;
#4961 = ORIENTED_EDGE ( 'NONE', *, *, #1449, .F. ) ;
#4962 = EDGE_CURVE ( 'NONE', #4826, #3310, #4603, .T. ) ;
#4963 = CARTESIAN_POINT ( 'NONE',  ( 20.85965004500353714, 5.000000000000000000, -187.5403499549965431 ) ) ;
#4964 = EDGE_CURVE ( 'NONE', #4014, #3399, #1750, .T. ) ;
#4965 = AXIS2_PLACEMENT_3D ( 'NONE', #129, #4658, #3797 ) ;
#4966 = DIRECTION ( 'NONE',  ( 0.000000000000000000, 1.000000000000000000, 0.000000000000000000 ) ) ;
#4967 = FACE_OUTER_BOUND ( 'NONE', #3534, .T. ) ;
#4968 = ORIENTED_EDGE ( 'NONE', *, *, #2445, .F. ) ;
#4969 = CARTESIAN_POINT ( 'NONE',  ( 197.7746032555828322, 5.000000000000000000, 201.0746032555856857 ) ) ;
#4970 = EDGE_LOOP ( 'NONE', ( #557, #4069, #372, #5095 ) ) ;
#4971 = CARTESIAN_POINT ( 'NONE',  ( 226.0588745030448763, 5.000000000000000000, 169.4903320081239144 ) ) ;
#4972 = AXIS2_PLACEMENT_3D ( 'NONE', #1212, #4101, #1985 ) ;
#4973 = DIRECTION ( 'NONE',  ( -0.000000000000000000, 1.000000000000000000, -0.000000000000000000 ) ) ;
#4974 = ADVANCED_FACE ( 'NONE', ( #160, #1334, #2218, #3404, #213, #1308, #1815, #4985, #2563, #2193, #1789, #2616, #585, #3885, #3858, #2970, #932, #188, #3459, #4636, #2134, #3053, #4203, #5092, #4179, #3430, #5063, #535, #1416, #2950, #4690, #136, #1734, #1763, #3379, #5037, #1359, #961, #2591, #3349, #4237, #1389, #561, #3027, #4666, #991, #1016, #2643, #4286, #614, #2245, #4581, #359 ), #1986, .F. ) ;
#4975 = ORIENTED_EDGE ( 'NONE', *, *, #1957, .F. ) ;
#4976 = ORIENTED_EDGE ( 'NONE', *, *, #2597, .T. ) ;
#4977 = CIRCLE ( 'NONE', #5058, 12.59999999999999964 ) ;
#4978 = DIRECTION ( 'NONE',  ( -0.000000000000000000, 1.000000000000000000, -0.000000000000000000 ) ) ;
#4979 = CARTESIAN_POINT ( 'NONE',  ( 197.7746032555828322, 8.673617379884035472E-16, 197.7746032555856743 ) ) ;
#4980 = ORIENTED_EDGE ( 'NONE', *, *, #3206, .T. ) ;
#4981 = ORIENTED_EDGE ( 'NONE', *, *, #2697, .T. ) ;
#4982 = DIRECTION ( 'NONE',  ( 0.000000000000000000, 0.000000000000000000, 1.000000000000000000 ) ) ;
#4983 = CONICAL_SURFACE ( 'NONE', #2665, 3.299999999999997158, 0.7853981633974447263 ) ;
#4984 = DIRECTION ( 'NONE',  ( -0.000000000000000000, 1.000000000000000000, -0.000000000000000000 ) ) ;
#4985 = FACE_BOUND ( 'NONE', #4279, .T. ) ;
#4986 = AXIS2_PLACEMENT_3D ( 'NONE', #2784, #1550, #4322 ) ;
#4987 = VERTEX_POINT ( 'NONE', #834 ) ;
#4988 = DIRECTION ( 'NONE',  ( 0.000000000000000000, 0.000000000000000000, 1.000000000000000000 ) ) ;
#4989 = CIRCLE ( 'NONE', #1906, 1.700000000000007061 ) ;
#4990 = CARTESIAN_POINT ( 'NONE',  ( -100.0000000000002274, 0.000000000000000000, 61.64999999999977121 ) ) ;
#4991 = DIRECTION ( 'NONE',  ( 0.000000000000000000, 0.000000000000000000, 1.000000000000000000 ) ) ;
#4992 = VECTOR ( 'NONE', #2523, 999.9999999999998863 ) ;
#4993 = CARTESIAN_POINT ( 'NONE',  ( -100.0000000000000000, 0.000000000000000000, -180.0000000000000000 ) ) ;
#4994 = AXIS2_PLACEMENT_3D ( 'NONE', #2609, #4146, #4253 ) ;
#4995 = ADVANCED_FACE ( 'NONE', ( #2067 ), #1322, .F. ) ;
#4996 = ORIENTED_EDGE ( 'NONE', *, *, #949, .T. ) ;
#4997 = FACE_OUTER_BOUND ( 'NONE', #1148, .T. ) ;
#4998 = AXIS2_PLACEMENT_3D ( 'NONE', #9, #2019, #364 ) ;
#4999 = DIRECTION ( 'NONE',  ( 0.000000000000000000, 0.000000000000000000, 1.000000000000000000 ) ) ;
#5000 = CARTESIAN_POINT ( 'NONE',  ( 217.5735931288179756, 8.673617379884035472E-16, -132.7207793864104985 ) ) ;
#5001 = VERTEX_POINT ( 'NONE', #4052 ) ;
#5002 = VECTOR ( 'NONE', #1900, 1000.000000000000000 ) ;
#5003 = CARTESIAN_POINT ( 'NONE',  ( -217.5735931288143661, 5.000000000000000000, 132.7207793864129144 ) ) ;
#5004 = EDGE_CURVE ( 'NONE', #2389, #1809, #1577, .T. ) ;
#5005 = DIRECTION ( 'NONE',  ( 0.000000000000000000, 0.000000000000000000, 1.000000000000000000 ) ) ;
#5006 = VECTOR ( 'NONE', #906, 999.9999999999998863 ) ;
#5007 = VERTEX_POINT ( 'NONE', #4509 ) ;
#5008 = ORIENTED_EDGE ( 'NONE', *, *, #5265, .F. ) ;
#5009 = CARTESIAN_POINT ( 'NONE',  ( 259.9999999999997726, 5.000000000000000000, 146.8629150101524203 ) ) ;
#5010 = DIRECTION ( 'NONE',  ( -0.000000000000000000, 1.000000000000000000, -0.000000000000000000 ) ) ;
#5011 = DIRECTION ( 'NONE',  ( 0.000000000000000000, 0.000000000000000000, 1.000000000000000000 ) ) ;
#5012 = VERTEX_POINT ( 'NONE', #388 ) ;
#5013 = EDGE_LOOP ( 'NONE', ( #1944, #4564, #1567, #424 ) ) ;
#5014 = DIRECTION ( 'NONE',  ( -1.889896820699097294E-16, 0.000000000000000000, -1.000000000000000000 ) ) ;
#5015 = DIRECTION ( 'NONE',  ( 0.000000000000000000, 0.000000000000000000, 1.000000000000000000 ) ) ;
#5016 = DIRECTION ( 'NONE',  ( 0.000000000000000000, 0.000000000000000000, 1.000000000000000000 ) ) ;
#5017 = DIRECTION ( 'NONE',  ( -0.000000000000000000, 1.000000000000000000, -0.000000000000000000 ) ) ;
#5018 = ORIENTED_EDGE ( 'NONE', *, *, #211, .F. ) ;
#5019 = CYLINDRICAL_SURFACE ( 'NONE', #2724, 3.299999999999997158 ) ;
#5020 = EDGE_LOOP ( 'NONE', ( #3690, #1192, #1180, #1293 ) ) ;
#5021 = DIRECTION ( 'NONE',  ( -0.000000000000000000, 1.000000000000000000, -0.000000000000000000 ) ) ;
#5022 = ADVANCED_FACE ( 'NONE', ( #5269 ), #2013, .F. ) ;
#5023 = EDGE_CURVE ( 'NONE', #844, #4341, #4837, .T. ) ;
#5024 = CARTESIAN_POINT ( 'NONE',  ( 99.99999999999978684, 0.000000000000000000, 121.6499999999997783 ) ) ;
#5025 = ORIENTED_EDGE ( 'NONE', *, *, #1268, .T. ) ;
#5026 = ORIENTED_EDGE ( 'NONE', *, *, #2250, .T. ) ;
#5027 = FACE_OUTER_BOUND ( 'NONE', #1785, .T. ) ;
#5028 = EDGE_CURVE ( 'NONE', #2723, #4639, #4755, .T. ) ;
#5029 = CARTESIAN_POINT ( 'NONE',  ( 169.4903320081207880, 8.673617379884035472E-16, 226.0588745030474342 ) ) ;
#5030 = CONICAL_SURFACE ( 'NONE', #661, 3.299999999999997158, 0.7853981633974447263 ) ;
#5031 = ORIENTED_EDGE ( 'NONE', *, *, #3117, .T. ) ;
#5032 = ORIENTED_EDGE ( 'NONE', *, *, #5109, .F. ) ;
#5033 = DIRECTION ( 'NONE',  ( -0.000000000000000000, 1.000000000000000000, -0.000000000000000000 ) ) ;
#5034 = CIRCLE ( 'NONE', #1347, 3.299999999999997158 ) ;
#5035 = CIRCLE ( 'NONE', #3410, 3.299999999999997158 ) ;
#5036 = DIRECTION ( 'NONE',  ( 0.000000000000000000, 0.000000000000000000, 1.000000000000000000 ) ) ;
#5037 = FACE_BOUND ( 'NONE', #261, .T. ) ;
#5038 = ORIENTED_EDGE ( 'NONE', *, *, #4504, .T. ) ;
#5039 = CONICAL_SURFACE ( 'NONE', #3504, 3.299999999999997158, 0.7853981633974447263 ) ;
#5040 = EDGE_LOOP ( 'NONE', ( #785, #68, #3920, #3905 ) ) ;
#5041 = ADVANCED_FACE ( 'NONE', ( #3246 ), #1635, .F. ) ;
#5042 = DIRECTION ( 'NONE',  ( -0.000000000000000000, 1.000000000000000000, -0.000000000000000000 ) ) ;
#5043 = CARTESIAN_POINT ( 'NONE',  ( 259.9999999999997726, 5.000000000000000000, 146.8629150101524203 ) ) ;
#5044 = CARTESIAN_POINT ( 'NONE',  ( -217.5735931288175493, 8.673617379884035472E-16, -132.7207793864115217 ) ) ;
#5045 = DIRECTION ( 'NONE',  ( -0.000000000000000000, 1.000000000000000000, -0.000000000000000000 ) ) ;
#5046 = ORIENTED_EDGE ( 'NONE', *, *, #1705, .T. ) ;
#5047 = EDGE_LOOP ( 'NONE', ( #3986, #4530, #4897, #3120 ) ) ;
#5048 = CIRCLE ( 'NONE', #1534, 1.700000000000007061 ) ;
#5049 = CARTESIAN_POINT ( 'NONE',  ( -30.19999999999995310, 5.000000000000000000, 86.10000000000002274 ) ) ;
#5050 = CARTESIAN_POINT ( 'NONE',  ( 132.7207793864120333, 5.000000000000000000, 217.5735931288195957 ) ) ;
#5051 = AXIS2_PLACEMENT_3D ( 'NONE', #4191, #4250, #572 ) ;
#5052 = ORIENTED_EDGE ( 'NONE', *, *, #3661, .F. ) ;
#5053 = ORIENTED_EDGE ( 'NONE', *, *, #5213, .F. ) ;
#5054 = DIRECTION ( 'NONE',  ( -0.000000000000000000, 1.000000000000000000, -0.000000000000000000 ) ) ;
#5055 = CARTESIAN_POINT ( 'NONE',  ( 169.4903320081231470, 3.399999999999998579, -227.7588745030453765 ) ) ;
#5056 = ORIENTED_EDGE ( 'NONE', *, *, #2271, .F. ) ;
#5057 = ORIENTED_EDGE ( 'NONE', *, *, #1945, .T. ) ;
#5058 = AXIS2_PLACEMENT_3D ( 'NONE', #516, #4966, #1287 ) ;
#5059 = CARTESIAN_POINT ( 'NONE',  ( -197.7746032555863565, 5.000000000000000000, 197.7746032555820648 ) ) ;
#5060 = EDGE_CURVE ( 'NONE', #232, #1528, #3220, .T. ) ;
#5061 = CARTESIAN_POINT ( 'NONE',  ( -10.19999999999995310, 5.000000000000000000, 112.0000000000000000 ) ) ;
#5062 = AXIS2_PLACEMENT_3D ( 'NONE', #2472, #446, #865 ) ;
#5063 = FACE_BOUND ( 'NONE', #500, .T. ) ;
#5064 = EDGE_LOOP ( 'NONE', ( #1085, #680, #3963, #4065 ) ) ;
#5065 = EDGE_LOOP ( 'NONE', ( #3936, #3375 ) ) ;
#5066 = AXIS2_PLACEMENT_3D ( 'NONE', #700, #1481, #3125 ) ;
#5067 = CARTESIAN_POINT ( 'NONE',  ( 259.9999999999997726, 0.000000000000000000, 146.8629150101524203 ) ) ;
#5068 = CYLINDRICAL_SURFACE ( 'NONE', #982, 2.100000000000004530 ) ;
#5069 = EDGE_CURVE ( 'NONE', #2786, #4932, #2434, .T. ) ;
#5070 = AXIS2_PLACEMENT_3D ( 'NONE', #3915, #305, #3113 ) ;
#5071 = CARTESIAN_POINT ( 'NONE',  ( -10.19999999999995310, 5.000000000000000000, 109.8999999999999915 ) ) ;
#5072 = CARTESIAN_POINT ( 'NONE',  ( -59.99999999999985789, 5.000000000000000000, -15.00000000000000000 ) ) ;
#5073 = EDGE_LOOP ( 'NONE', ( #4304, #2659, #2565, #1360 ) ) ;
#5074 = VERTEX_POINT ( 'NONE', #3307 ) ;
#5075 = AXIS2_PLACEMENT_3D ( 'NONE', #1704, #3746, #5036 ) ;
#5076 = CARTESIAN_POINT ( 'NONE',  ( 226.0588745030468374, 5.000000000000000000, -166.1903320081214588 ) ) ;
#5077 = DIRECTION ( 'NONE',  ( 0.000000000000000000, 0.000000000000000000, 1.000000000000000000 ) ) ;
#5078 = VECTOR ( 'NONE', #342, 1000.000000000000114 ) ;
#5079 = ADVANCED_FACE ( 'NONE', ( #1559 ), #2412, .F. ) ;
#5080 = EDGE_LOOP ( 'NONE', ( #1905, #4757 ) ) ;
#5081 = ORIENTED_EDGE ( 'NONE', *, *, #1368, .T. ) ;
#5082 = AXIS2_PLACEMENT_3D ( 'NONE', #3503, #5136, #5199 ) ;
#5083 = DIRECTION ( 'NONE',  ( -0.000000000000000000, 1.000000000000000000, -0.000000000000000000 ) ) ;
#5084 = DIRECTION ( 'NONE',  ( -0.000000000000000000, 1.000000000000000000, -0.000000000000000000 ) ) ;
#5085 = ORIENTED_EDGE ( 'NONE', *, *, #148, .F. ) ;
#5086 = AXIS2_PLACEMENT_3D ( 'NONE', #1769, #5099, #1445 ) ;
#5087 = ORIENTED_EDGE ( 'NONE', *, *, #4342, .F. ) ;
#5088 = LINE ( 'NONE', #4712, #410 ) ;
#5089 = DIRECTION ( 'NONE',  ( 0.000000000000000000, 0.000000000000000000, 1.000000000000000000 ) ) ;
#5090 = CARTESIAN_POINT ( 'NONE',  ( 132.7207793864120333, 5.000000000000000000, 214.2735931288196127 ) ) ;
#5091 = AXIS2_PLACEMENT_3D ( 'NONE', #3941, #5262, #1980 ) ;
#5092 = FACE_BOUND ( 'NONE', #5191, .T. ) ;
#5093 = EDGE_CURVE ( 'NONE', #2618, #2097, #547, .T. ) ;
#5094 = ORIENTED_EDGE ( 'NONE', *, *, #262, .T. ) ;
#5095 = ORIENTED_EDGE ( 'NONE', *, *, #2153, .F. ) ;
#5096 = EDGE_CURVE ( 'NONE', #5302, #2184, #5172, .T. ) ;
#5097 = LINE ( 'NONE', #2196, #1726 ) ;
#5098 = ADVANCED_FACE ( 'NONE', ( #4079 ), #3198, .F. ) ;
#5099 = DIRECTION ( 'NONE',  ( -0.000000000000000000, 1.000000000000000000, -0.000000000000000000 ) ) ;
#5100 = FACE_OUTER_BOUND ( 'NONE', #3432, .T. ) ;
#5101 = PERSON_AND_ORGANIZATION_ROLE ( 'design_owner' ) ;
#5102 = ORIENTED_EDGE ( 'NONE', *, *, #1388, .T. ) ;
#5103 = ORIENTED_EDGE ( 'NONE', *, *, #894, .F. ) ;
#5104 = CARTESIAN_POINT ( 'NONE',  ( -197.7746032555837985, 5.000000000000000000, -201.0746032555838951 ) ) ;
#5105 = DIRECTION ( 'NONE',  ( -0.000000000000000000, 1.000000000000000000, -0.000000000000000000 ) ) ;
#5106 = ADVANCED_FACE ( 'NONE', ( #3706 ), #36, .F. ) ;
#5107 = EDGE_LOOP ( 'NONE', ( #5052, #4718, #1303, #4850 ) ) ;
#5108 = EDGE_LOOP ( 'NONE', ( #481, #4486, #1122, #5140 ) ) ;
#5109 = EDGE_CURVE ( 'NONE', #443, #4054, #4940, .T. ) ;
#5110 = CARTESIAN_POINT ( 'NONE',  ( 20.85965004500326003, 0.000000000000000000, -229.2596500450028998 ) ) ;
#5111 = CARTESIAN_POINT ( 'NONE',  ( 0.000000000000000000, 0.000000000000000000, -139.9999999999998579 ) ) ;
#5112 = EDGE_LOOP ( 'NONE', ( #4780, #2055 ) ) ;
#5113 = ORIENTED_EDGE ( 'NONE', *, *, #4738, .F. ) ;
#5114 = DIRECTION ( 'NONE',  ( 0.000000000000000000, 0.000000000000000000, 1.000000000000000000 ) ) ;
#5115 = CIRCLE ( 'NONE', #2797, 3.299999999999997158 ) ;
#5116 = DIRECTION ( 'NONE',  ( 0.000000000000000000, 0.000000000000000000, 1.000000000000000000 ) ) ;
#5117 = FACE_OUTER_BOUND ( 'NONE', #1121, .T. ) ;
#5118 = ORIENTED_EDGE ( 'NONE', *, *, #1811, .T. ) ;
#5119 = ORIENTED_EDGE ( 'NONE', *, *, #4659, .F. ) ;
#5120 = CONICAL_SURFACE ( 'NONE', #2799, 6.600000000000001421, 0.7853981633974490562 ) ;
#5121 = DIRECTION ( 'NONE',  ( -0.000000000000000000, 1.000000000000000000, -0.000000000000000000 ) ) ;
#5122 = DIRECTION ( 'NONE',  ( -0.000000000000000000, 1.000000000000000000, -0.000000000000000000 ) ) ;
#5123 = DIRECTION ( 'NONE',  ( -0.000000000000000000, 1.000000000000000000, -0.000000000000000000 ) ) ;
#5124 = AXIS2_PLACEMENT_3D ( 'NONE', #5243, #678, #4705 ) ;
#5125 = CARTESIAN_POINT ( 'NONE',  ( -132.7207793864151881, 8.673617379884035472E-16, -217.5735931288129734 ) ) ;
#5126 = LINE ( 'NONE', #3547, #1312 ) ;
#5127 = EDGE_CURVE ( 'NONE', #4576, #1844, #1242, .T. ) ;
#5128 = ORIENTED_EDGE ( 'NONE', *, *, #4504, .F. ) ;
#5129 = AXIS2_PLACEMENT_3D ( 'NONE', #1637, #1585, #4081 ) ;
#5130 = EDGE_LOOP ( 'NONE', ( #4955, #574, #28, #4358 ) ) ;
#5131 = EDGE_CURVE ( 'NONE', #1277, #4014, #2600, .T. ) ;
#5132 = DIRECTION ( 'NONE',  ( 0.000000000000000000, 0.000000000000000000, 1.000000000000000000 ) ) ;
#5133 = CARTESIAN_POINT ( 'NONE',  ( 70.00000000000000000, 0.000000000000000000, 80.00000000000000000 ) ) ;
#5134 = CARTESIAN_POINT ( 'NONE',  ( 99.99999999999978684, 5.000000000000000000, 118.3499999999997812 ) ) ;
#5135 = VERTEX_POINT ( 'NONE', #1340 ) ;
#5136 = DIRECTION ( 'NONE',  ( -0.000000000000000000, 1.000000000000000000, -0.000000000000000000 ) ) ;
#5137 = VECTOR ( 'NONE', #4764, 1000.000000000000000 ) ;
#5138 = DIRECTION ( 'NONE',  ( 0.000000000000000000, 0.000000000000000000, 1.000000000000000000 ) ) ;
#5139 = EDGE_CURVE ( 'NONE', #176, #972, #2952, .T. ) ;
#5140 = ORIENTED_EDGE ( 'NONE', *, *, #3062, .T. ) ;
#5141 = EDGE_LOOP ( 'NONE', ( #897, #1724, #784, #2125 ) ) ;
#5142 = LINE ( 'NONE', #1413, #2541 ) ;
#5143 = AXIS2_PLACEMENT_3D ( 'NONE', #4924, #2448, #3226 ) ;
#5144 = DIRECTION ( 'NONE',  ( 0.000000000000000000, 0.000000000000000000, 1.000000000000000000 ) ) ;
#5145 = CARTESIAN_POINT ( 'NONE',  ( -23.50000000000019895, -1.000000000000000000, 20.50000000000021316 ) ) ;
#5146 = AXIS2_PLACEMENT_3D ( 'NONE', #331, #1960, #804 ) ;
#5147 = ORIENTED_EDGE ( 'NONE', *, *, #5181, .F. ) ;
#5148 = EDGE_LOOP ( 'NONE', ( #992, #1748, #1976, #3754 ) ) ;
#5149 = DIRECTION ( 'NONE',  ( 0.000000000000000000, 0.000000000000000000, 1.000000000000000000 ) ) ;
#5150 = EDGE_CURVE ( 'NONE', #4341, #844, #1834, .T. ) ;
#5151 = VECTOR ( 'NONE', #1228, 1000.000000000000000 ) ;
#5152 = CARTESIAN_POINT ( 'NONE',  ( 217.5735931288179756, 8.673617379884035472E-16, -136.0207793864104815 ) ) ;
#5153 = CARTESIAN_POINT ( 'NONE',  ( 169.4903320081231470, 8.673617379884035472E-16, -227.7588745030453765 ) ) ;
#5154 = DIRECTION ( 'NONE',  ( -0.000000000000000000, 1.000000000000000000, -0.000000000000000000 ) ) ;
#5155 = DIRECTION ( 'NONE',  ( -0.000000000000000000, 1.000000000000000000, -0.000000000000000000 ) ) ;
#5156 = AXIS2_PLACEMENT_3D ( 'NONE', #2640, #3578, #4029 ) ;
#5157 = ORIENTED_EDGE ( 'NONE', *, *, #2322, .F. ) ;
#5158 = EDGE_LOOP ( 'NONE', ( #1878, #4080 ) ) ;
#5159 = LINE ( 'NONE', #4353, #1723 ) ;
#5160 = CONICAL_SURFACE ( 'NONE', #3271, 6.599999999999994316, 0.7853981633974480570 ) ;
#5161 = DIRECTION ( 'NONE',  ( -0.7071067811865489050, 0.000000000000000000, -0.7071067811865462405 ) ) ;
#5162 = EDGE_CURVE ( 'NONE', #3242, #4576, #3330, .T. ) ;
#5163 = DIRECTION ( 'NONE',  ( -0.000000000000000000, 1.000000000000000000, -0.000000000000000000 ) ) ;
#5164 = AXIS2_PLACEMENT_3D ( 'NONE', #3488, #2676, #4345 ) ;
#5165 = ORIENTED_EDGE ( 'NONE', *, *, #4156, .F. ) ;
#5166 = CYLINDRICAL_SURFACE ( 'NONE', #4568, 1.700000000000007061 ) ;
#5167 = AXIS2_PLACEMENT_3D ( 'NONE', #1281, #4934, #2381 ) ;
#5168 = ADVANCED_FACE ( 'NONE', ( #114 ), #3382, .F. ) ;
#5169 = LINE ( 'NONE', #1064, #1875 ) ;
#5170 = VERTEX_POINT ( 'NONE', #859 ) ;
#5171 = ORIENTED_EDGE ( 'NONE', *, *, #4786, .F. ) ;
#5172 = CIRCLE ( 'NONE', #3619, 1.700000000000007061 ) ;
#5173 = CIRCLE ( 'NONE', #3795, 1.700000000000007061 ) ;
#5174 = ADVANCED_FACE ( 'NONE', ( #3356 ), #4186, .F. ) ;
#5175 = CARTESIAN_POINT ( 'NONE',  ( -226.0588745030460132, 5.000000000000000000, -169.4903320081223796 ) ) ;
#5176 = CARTESIAN_POINT ( 'NONE',  ( 23.50000000000036948, -1.000000000000000000, 23.49999999999964473 ) ) ;
#5177 = AXIS2_PLACEMENT_3D ( 'NONE', #2289, #204, #682 ) ;
#5178 = ORIENTED_EDGE ( 'NONE', *, *, #2909, .F. ) ;
#5179 = ORIENTED_EDGE ( 'NONE', *, *, #1324, .F. ) ;
#5180 = FACE_OUTER_BOUND ( 'NONE', #4256, .T. ) ;
#5181 = EDGE_CURVE ( 'NONE', #2513, #3564, #4213, .T. ) ;
#5182 = CIRCLE ( 'NONE', #5086, 2.100000000000004530 ) ;
#5183 = CARTESIAN_POINT ( 'NONE',  ( 226.0588745030448763, 5.000000000000000000, 169.4903320081239144 ) ) ;
#5184 = EDGE_CURVE ( 'NONE', #1272, #2651, #2850, .T. ) ;
#5185 = DIRECTION ( 'NONE',  ( -0.000000000000000000, 1.000000000000000000, -0.000000000000000000 ) ) ;
#5186 = ADVANCED_FACE ( 'NONE', ( #4967 ), #4484, .F. ) ;
#5187 = DIRECTION ( 'NONE',  ( -0.000000000000000000, 1.000000000000000000, -0.000000000000000000 ) ) ;
#5188 = DIRECTION ( 'NONE',  ( 0.000000000000000000, 0.000000000000000000, 1.000000000000000000 ) ) ;
#5189 = AXIS2_PLACEMENT_3D ( 'NONE', #3623, #1584, #4888 ) ;
#5190 = EDGE_LOOP ( 'NONE', ( #1407, #3395, #429, #2777 ) ) ;
#5191 = EDGE_LOOP ( 'NONE', ( #2696, #2645 ) ) ;
#5192 = LINE ( 'NONE', #1505, #1472 ) ;
#5193 = DIRECTION ( 'NONE',  ( -0.000000000000000000, 1.000000000000000000, -0.000000000000000000 ) ) ;
#5194 = DIRECTION ( 'NONE',  ( -0.000000000000000000, 1.000000000000000000, -0.000000000000000000 ) ) ;
#5195 = ORIENTED_EDGE ( 'NONE', *, *, #939, .T. ) ;
#5196 = EDGE_CURVE ( 'NONE', #3236, #491, #4047, .T. ) ;
#5197 = DIRECTION ( 'NONE',  ( 0.000000000000000000, 0.000000000000000000, 1.000000000000000000 ) ) ;
#5198 = EDGE_CURVE ( 'NONE', #2258, #3731, #5259, .T. ) ;
#5199 = DIRECTION ( 'NONE',  ( 0.000000000000000000, 0.000000000000000000, 1.000000000000000000 ) ) ;
#5200 = DIRECTION ( 'NONE',  ( 0.000000000000000000, 0.000000000000000000, 1.000000000000000000 ) ) ;
#5201 = ORIENTED_EDGE ( 'NONE', *, *, #4835, .T. ) ;
#5202 = ORIENTED_EDGE ( 'NONE', *, *, #824, .T. ) ;
#5203 = EDGE_CURVE ( 'NONE', #3399, #4014, #4053, .T. ) ;
#5204 = FACE_OUTER_BOUND ( 'NONE', #3627, .T. ) ;
#5205 = DIRECTION ( 'NONE',  ( -0.000000000000000000, 1.000000000000000000, -0.000000000000000000 ) ) ;
#5206 = ORIENTED_EDGE ( 'NONE', *, *, #4735, .T. ) ;
#5207 = EDGE_LOOP ( 'NONE', ( #3533, #482, #2195, #2049 ) ) ;
#5208 = DIRECTION ( 'NONE',  ( 0.000000000000000000, 0.000000000000000000, 1.000000000000000000 ) ) ;
#5209 = LINE ( 'NONE', #1523, #3704 ) ;
#5210 = CARTESIAN_POINT ( 'NONE',  ( 226.0588745030468374, 5.000000000000000000, -169.4903320081214702 ) ) ;
#5211 = AXIS2_PLACEMENT_3D ( 'NONE', #1436, #3826, #1787 ) ;
#5212 = DATE_AND_TIME ( #4778, #1400 ) ;
#5213 = EDGE_CURVE ( 'NONE', #5292, #4343, #2944, .T. ) ;
#5214 = ORIENTED_EDGE ( 'NONE', *, *, #569, .T. ) ;
#5215 = ORIENTED_EDGE ( 'NONE', *, *, #2795, .F. ) ;
#5216 = CIRCLE ( 'NONE', #3923, 1.649999999999998579 ) ;
#5217 = FACE_OUTER_BOUND ( 'NONE', #1341, .T. ) ;
#5218 = FACE_OUTER_BOUND ( 'NONE', #3043, .T. ) ;
#5219 = VECTOR ( 'NONE', #242, 999.9999999999998863 ) ;
#5220 = CARTESIAN_POINT ( 'NONE',  ( 226.0588745030468374, 5.000000000000000000, -172.7903320081214531 ) ) ;
#5221 = VERTEX_POINT ( 'NONE', #4132 ) ;
#5222 = CARTESIAN_POINT ( 'NONE',  ( 169.4903320081207880, 3.399999999999998579, 224.3588745030474172 ) ) ;
#5223 = CARTESIAN_POINT ( 'NONE',  ( 100.0000000000000000, 5.000000000000000000, -192.5999999999999943 ) ) ;
#5224 = CARTESIAN_POINT ( 'NONE',  ( 169.4903320081231470, 5.000000000000000000, -226.0588745030453879 ) ) ;
#5225 = EDGE_LOOP ( 'NONE', ( #2078, #4469 ) ) ;
#5226 = AXIS2_PLACEMENT_3D ( 'NONE', #3233, #399, #2025 ) ;
#5227 = CARTESIAN_POINT ( 'NONE',  ( 197.7746032555807858, 8.673617379884035472E-16, -197.7746032555809848 ) ) ;
#5228 = CARTESIAN_POINT ( 'NONE',  ( -132.7207793864129712, 1.700000000000001066, 217.5735931288193399 ) ) ;
#5229 = ORIENTED_EDGE ( 'NONE', *, *, #3489, .F. ) ;
#5230 = ADVANCED_FACE ( 'NONE', ( #4611 ), #912, .F. ) ;
#5231 = EDGE_LOOP ( 'NONE', ( #1222, #4206 ) ) ;
#5232 = CARTESIAN_POINT ( 'NONE',  ( 197.7746032555807858, 5.000000000000000000, -197.7746032555809848 ) ) ;
#5233 = DIRECTION ( 'NONE',  ( -0.000000000000000000, 1.000000000000000000, 0.000000000000000000 ) ) ;
#5234 = CIRCLE ( 'NONE', #687, 12.59999999999999964 ) ;
#5235 = CARTESIAN_POINT ( 'NONE',  ( 197.7746032555807858, 5.000000000000000000, -197.7746032555809848 ) ) ;
#5236 = DATE_AND_TIME ( #827, #1488 ) ;
#5237 = EDGE_LOOP ( 'NONE', ( #4231, #2152, #2770, #2068 ) ) ;
#5238 = CONICAL_SURFACE ( 'NONE', #4030, 3.299999999999997158, 0.7853981633974447263 ) ;
#5239 = CARTESIAN_POINT ( 'NONE',  ( -197.7746032555837985, 5.000000000000000000, -197.7746032555839122 ) ) ;
#5240 = EDGE_CURVE ( 'NONE', #2786, #2282, #4560, .T. ) ;
#5241 = DIRECTION ( 'NONE',  ( -0.000000000000000000, 1.000000000000000000, -0.000000000000000000 ) ) ;
#5242 = CARTESIAN_POINT ( 'NONE',  ( -23.49999999999970157, 0.000000000000000000, -23.50000000000038014 ) ) ;
#5243 = CARTESIAN_POINT ( 'NONE',  ( -2.220446049250313081E-13, 0.000000000000000000, 2.220446049250313081E-13 ) ) ;
#5244 = ORIENTED_EDGE ( 'NONE', *, *, #2991, .F. ) ;
#5245 = AXIS2_PLACEMENT_3D ( 'NONE', #2283, #1556, #1935 ) ;
#5246 = CARTESIAN_POINT ( 'NONE',  ( -260.0000000000002274, 5.000000000000000000, -146.8629150101527898 ) ) ;
#5247 = CARTESIAN_POINT ( 'NONE',  ( 1.836970198721030772E-15, 5.000000000000000000, -154.9999999999998579 ) ) ;
#5248 = CARTESIAN_POINT ( 'NONE',  ( 20.85965004500326003, -19.00000000000000000, -229.2596500450028998 ) ) ;
#5249 = AXIS2_PLACEMENT_3D ( 'NONE', #3436, #590, #2221 ) ;
#5250 = ORIENTED_EDGE ( 'NONE', *, *, #432, .F. ) ;
#5251 = CIRCLE ( 'NONE', #291, 1.700000000000007061 ) ;
#5252 = FACE_BOUND ( 'NONE', #2903, .T. ) ;
#5253 = DIRECTION ( 'NONE',  ( 0.000000000000000000, 0.000000000000000000, 1.000000000000000000 ) ) ;
#5254 = ORIENTED_EDGE ( 'NONE', *, *, #3743, .T. ) ;
#5255 = AXIS2_PLACEMENT_3D ( 'NONE', #2244, #4689, #2295 ) ;
#5256 = ORIENTED_EDGE ( 'NONE', *, *, #4209, .F. ) ;
#5257 = DIRECTION ( 'NONE',  ( 0.000000000000000000, 0.000000000000000000, 1.000000000000000000 ) ) ;
#5258 = CARTESIAN_POINT ( 'NONE',  ( -169.4903320081246818, 5.000000000000000000, 222.7588745030442396 ) ) ;
#5259 = CIRCLE ( 'NONE', #2256, 2.100000000000004530 ) ;
#5260 = AXIS2_PLACEMENT_3D ( 'NONE', #4005, #1165, #3204 ) ;
#5261 = ADVANCED_FACE ( 'NONE', ( #2175 ), #632, .F. ) ;
#5262 = DIRECTION ( 'NONE',  ( -0.000000000000000000, 1.000000000000000000, -0.000000000000000000 ) ) ;
#5263 = ORIENTED_EDGE ( 'NONE', *, *, #2452, .F. ) ;
#5264 = AXIS2_PLACEMENT_3D ( 'NONE', #2197, #2251, #591 ) ;
#5265 = EDGE_CURVE ( 'NONE', #1518, #2876, #2767, .T. ) ;
#5266 = DIRECTION ( 'NONE',  ( 0.000000000000000000, 0.000000000000000000, 1.000000000000000000 ) ) ;
#5267 = AXIS2_PLACEMENT_3D ( 'NONE', #2441, #1213, #2365 ) ;
#5268 = CARTESIAN_POINT ( 'NONE',  ( -30.19999999999994955, 5.000000000000000000, 114.0999999999999943 ) ) ;
#5269 = FACE_OUTER_BOUND ( 'NONE', #1843, .T. ) ;
#5270 = DIRECTION ( 'NONE',  ( 8.659560562354931626E-17, 0.7071067811865477948, -0.7071067811865473507 ) ) ;
#5271 = EDGE_LOOP ( 'NONE', ( #308, #553, #1938, #4028 ) ) ;
#5272 = DIRECTION ( 'NONE',  ( -0.000000000000000000, -1.000000000000000000, -0.000000000000000000 ) ) ;
#5273 = CYLINDRICAL_SURFACE ( 'NONE', #5260, 2.100000000000004530 ) ;
#5274 = ADVANCED_FACE ( 'NONE', ( #593 ), #1447, .F. ) ;
#5275 = FACE_OUTER_BOUND ( 'NONE', #4216, .T. ) ;
#5276 = EDGE_CURVE ( 'NONE', #675, #2298, #3624, .T. ) ;
#5277 = ORIENTED_EDGE ( 'NONE', *, *, #1092, .T. ) ;
#5278 = FACE_BOUND ( 'NONE', #133, .T. ) ;
#5279 = DIRECTION ( 'NONE',  ( -0.000000000000000000, 1.000000000000000000, -0.000000000000000000 ) ) ;
#5280 = DIRECTION ( 'NONE',  ( 0.000000000000000000, 0.000000000000000000, 1.000000000000000000 ) ) ;
#5281 = ORIENTED_EDGE ( 'NONE', *, *, #5093, .T. ) ;
#5282 = ORIENTED_EDGE ( 'NONE', *, *, #4382, .F. ) ;
#5283 = DIRECTION ( 'NONE',  ( -0.000000000000000000, 1.000000000000000000, -0.000000000000000000 ) ) ;
#5284 = DIRECTION ( 'NONE',  ( -0.000000000000000000, 1.000000000000000000, -0.000000000000000000 ) ) ;
#5285 = LINE ( 'NONE', #2518, #1239 ) ;
#5286 = ORIENTED_EDGE ( 'NONE', *, *, #2629, .T. ) ;
#5287 = CARTESIAN_POINT ( 'NONE',  ( -260.0000000000002274, 5.000000000000000000, -146.8629150101527898 ) ) ;
#5288 = AXIS2_PLACEMENT_3D ( 'NONE', #3320, #3667, #460 ) ;
#5289 = EDGE_CURVE ( 'NONE', #4597, #4013, #5126, .T. ) ;
#5290 = CARTESIAN_POINT ( 'NONE',  ( 100.0000000000000000, 5.000000000000000000, -180.0000000000000000 ) ) ;
#5291 = DIRECTION ( 'NONE',  ( -0.000000000000000000, 1.000000000000000000, 0.000000000000000000 ) ) ;
#5292 = VERTEX_POINT ( 'NONE', #248 ) ;
#5293 = DIRECTION ( 'NONE',  ( 0.000000000000000000, 0.000000000000000000, 1.000000000000000000 ) ) ;
#5294 = EDGE_CURVE ( 'NONE', #1616, #4013, #3028, .T. ) ;
#5295 = VECTOR ( 'NONE', #2726, 999.9999999999998863 ) ;
#5296 = ORIENTED_EDGE ( 'NONE', *, *, #225, .F. ) ;
#5297 = DIRECTION ( 'NONE',  ( 1.000000000000000000, 0.000000000000000000, 0.000000000000000000 ) ) ;
#5298 = DIRECTION ( 'NONE',  ( 0.000000000000000000, 0.000000000000000000, 1.000000000000000000 ) ) ;
#5299 = FACE_OUTER_BOUND ( 'NONE', #3357, .T. ) ;
#5300 = CIRCLE ( 'NONE', #4436, 3.299999999999997158 ) ;
#5301 = ORIENTED_EDGE ( 'NONE', *, *, #15, .T. ) ;
#5302 = VERTEX_POINT ( 'NONE', #3866 ) ;
#5303 = FACE_BOUND ( 'NONE', #4740, .T. ) ;
#5304 = EDGE_CURVE ( 'NONE', #626, #3727, #31, .T. ) ;
#5305 = DIRECTION ( 'NONE',  ( 0.000000000000000000, 0.000000000000000000, 1.000000000000000000 ) ) ;
#5306 = CARTESIAN_POINT ( 'NONE',  ( -100.0000000000002274, 5.000000000000000000, 61.64999999999977121 ) ) ;
#5307 = EDGE_LOOP ( 'NONE', ( #1837, #138, #2917, #389 ) ) ;
#5308 = ORIENTED_EDGE ( 'NONE', *, *, #699, .T. ) ;
#5309 = DIRECTION ( 'NONE',  ( -0.000000000000000000, 1.000000000000000000, -0.000000000000000000 ) ) ;
#5310 = AXIS2_PLACEMENT_3D ( 'NONE', #873, #2510, #818 ) ;
#5311 = DIRECTION ( 'NONE',  ( 0.000000000000000000, 1.000000000000000000, 0.000000000000000000 ) ) ;
#5312 = DIRECTION ( 'NONE',  ( -0.000000000000000000, 1.000000000000000000, -0.000000000000000000 ) ) ;
#5313 = CIRCLE ( 'NONE', #3938, 12.59999999999999964 ) ;
#5314 = EDGE_CURVE ( 'NONE', #4540, #1518, #3972, .T. ) ;
#5315 = ORIENTED_EDGE ( 'NONE', *, *, #5069, .T. ) ;
#5316 = AXIS2_PLACEMENT_3D ( 'NONE', #1027, #1002, #1107 ) ;
#5317 = FACE_OUTER_BOUND ( 'NONE', #1715, .T. ) ;
ENDSEC;
END-ISO-10303-21;
